solid OpenSCAD_Model
  facet normal 0.99863 0.0523329 0
    outer loop
      vertex 18 0 3
      vertex 17.9014 1.88151 0
      vertex 17.9014 1.88151 3
    endloop
  endfacet
  facet normal 0.99863 0.0523329 0
    outer loop
      vertex 17.9014 1.88151 0
      vertex 18 0 3
      vertex 18 0 0
    endloop
  endfacet
  facet normal -0.99863 0.0523329 0
    outer loop
      vertex -18 0 0
      vertex -17.9014 1.88151 3
      vertex -17.9014 1.88151 0
    endloop
  endfacet
  facet normal -0.99863 0.0523329 0
    outer loop
      vertex -17.9014 1.88151 3
      vertex -18 0 0
      vertex -18 0 3
    endloop
  endfacet
  facet normal 0.0523329 0.99863 -0
    outer loop
      vertex 1.88151 17.9014 0
      vertex 0 18 3
      vertex 1.88151 17.9014 3
    endloop
  endfacet
  facet normal 0.0523329 0.99863 0
    outer loop
      vertex 0 18 3
      vertex 1.88151 17.9014 0
      vertex 0 18 0
    endloop
  endfacet
  facet normal 0.707107 0.707107 0
    outer loop
      vertex 13.3766 12.0444 3
      vertex 12.0444 13.3766 0
      vertex 12.0444 13.3766 3
    endloop
  endfacet
  facet normal 0.707107 0.707107 0
    outer loop
      vertex 12.0444 13.3766 0
      vertex 13.3766 12.0444 3
      vertex 13.3766 12.0444 0
    endloop
  endfacet
  facet normal -0.629299 0.777163 0
    outer loop
      vertex -10.5801 14.5623 0
      vertex -12.0444 13.3766 3
      vertex -10.5801 14.5623 3
    endloop
  endfacet
  facet normal -0.629299 0.777163 0
    outer loop
      vertex -12.0444 13.3766 3
      vertex -10.5801 14.5623 0
      vertex -12.0444 13.3766 0
    endloop
  endfacet
  facet normal -0.358369 0.93358 0
    outer loop
      vertex -5.56231 17.119 0
      vertex -7.32126 16.4438 3
      vertex -5.56231 17.119 3
    endloop
  endfacet
  facet normal -0.358369 0.93358 0
    outer loop
      vertex -7.32126 16.4438 3
      vertex -5.56231 17.119 0
      vertex -7.32126 16.4438 0
    endloop
  endfacet
  facet normal -0.93358 -0.358369 0
    outer loop
      vertex -16.4438 -7.32126 0
      vertex -17.119 -5.56231 3
      vertex -17.119 -5.56231 0
    endloop
  endfacet
  facet normal -0.93358 -0.358369 0
    outer loop
      vertex -17.119 -5.56231 3
      vertex -16.4438 -7.32126 0
      vertex -16.4438 -7.32126 3
    endloop
  endfacet
  facet normal 0.89102 0.453965 0
    outer loop
      vertex 16.4438 7.32126 3
      vertex 15.5885 9 0
      vertex 15.5885 9 3
    endloop
  endfacet
  facet normal 0.89102 0.453965 0
    outer loop
      vertex 15.5885 9 0
      vertex 16.4438 7.32126 3
      vertex 16.4438 7.32126 0
    endloop
  endfacet
  facet normal 0.838653 0.544666 0
    outer loop
      vertex 15.5885 9 3
      vertex 14.5623 10.5801 0
      vertex 14.5623 10.5801 3
    endloop
  endfacet
  facet normal 0.838653 0.544666 0
    outer loop
      vertex 14.5623 10.5801 0
      vertex 15.5885 9 3
      vertex 15.5885 9 0
    endloop
  endfacet
  facet normal 0.453965 0.89102 -0
    outer loop
      vertex 9 15.5885 0
      vertex 7.32126 16.4438 3
      vertex 9 15.5885 3
    endloop
  endfacet
  facet normal 0.453965 0.89102 0
    outer loop
      vertex 7.32126 16.4438 3
      vertex 9 15.5885 0
      vertex 7.32126 16.4438 0
    endloop
  endfacet
  facet normal 0.544666 0.838653 -0
    outer loop
      vertex 10.5801 14.5623 0
      vertex 9 15.5885 3
      vertex 10.5801 14.5623 3
    endloop
  endfacet
  facet normal 0.544666 0.838653 0
    outer loop
      vertex 9 15.5885 3
      vertex 10.5801 14.5623 0
      vertex 9 15.5885 0
    endloop
  endfacet
  facet normal -0.89102 0.453965 0
    outer loop
      vertex -16.4438 7.32126 0
      vertex -15.5885 9 3
      vertex -15.5885 9 0
    endloop
  endfacet
  facet normal -0.89102 0.453965 0
    outer loop
      vertex -15.5885 9 3
      vertex -16.4438 7.32126 0
      vertex -16.4438 7.32126 3
    endloop
  endfacet
  facet normal -0.453965 0.89102 0
    outer loop
      vertex -7.32126 16.4438 0
      vertex -9 15.5885 3
      vertex -7.32126 16.4438 3
    endloop
  endfacet
  facet normal -0.453965 0.89102 0
    outer loop
      vertex -9 15.5885 3
      vertex -7.32126 16.4438 0
      vertex -9 15.5885 0
    endloop
  endfacet
  facet normal -0.156415 0.987691 0
    outer loop
      vertex -1.88151 17.9014 0
      vertex -3.74241 17.6067 3
      vertex -1.88151 17.9014 3
    endloop
  endfacet
  facet normal -0.156415 0.987691 0
    outer loop
      vertex -3.74241 17.6067 3
      vertex -1.88151 17.9014 0
      vertex -3.74241 17.6067 0
    endloop
  endfacet
  facet normal 0.93358 -0.358369 0
    outer loop
      vertex 16.4438 -7.32126 3
      vertex 17.119 -5.56231 0
      vertex 17.119 -5.56231 3
    endloop
  endfacet
  facet normal 0.93358 -0.358369 0
    outer loop
      vertex 17.119 -5.56231 0
      vertex 16.4438 -7.32126 3
      vertex 16.4438 -7.32126 0
    endloop
  endfacet
  facet normal -0.89102 -0.453965 0
    outer loop
      vertex -15.5885 -9 0
      vertex -16.4438 -7.32126 3
      vertex -16.4438 -7.32126 0
    endloop
  endfacet
  facet normal -0.89102 -0.453965 0
    outer loop
      vertex -16.4438 -7.32126 3
      vertex -15.5885 -9 0
      vertex -15.5885 -9 3
    endloop
  endfacet
  facet normal 0 0 -1
    outer loop
      vertex 1.3 0 0
      vertex 18 0 0
      vertex 17.9014 -1.88151 0
    endloop
  endfacet
  facet normal 0 0 -1
    outer loop
      vertex 1.29288 -0.135886 0
      vertex 17.9014 -1.88151 0
      vertex 17.6067 -3.74241 0
    endloop
  endfacet
  facet normal 0 0 -1
    outer loop
      vertex 18 0 0
      vertex 1.3 0 0
      vertex 17.9014 1.88151 0
    endloop
  endfacet
  facet normal 0 0 -1
    outer loop
      vertex 1.27159 -0.270285 0
      vertex 17.6067 -3.74241 0
      vertex 17.119 -5.56231 0
    endloop
  endfacet
  facet normal 0 0 -1
    outer loop
      vertex 1.29288 0.135886 0
      vertex 17.9014 1.88151 0
      vertex 1.3 0 0
    endloop
  endfacet
  facet normal 0 0 -1
    outer loop
      vertex 1.23637 -0.401722 0
      vertex 17.119 -5.56231 0
      vertex 16.4438 -7.32126 0
    endloop
  endfacet
  facet normal -0 0 -1
    outer loop
      vertex 17.9014 1.88151 0
      vertex 1.29288 0.135886 0
      vertex 17.6067 3.74241 0
    endloop
  endfacet
  facet normal 0 0 -1
    outer loop
      vertex 1.18761 -0.528757 0
      vertex 16.4438 -7.32126 0
      vertex 15.5885 -9 0
    endloop
  endfacet
  facet normal 0 0 -1
    outer loop
      vertex 1.27159 0.270285 0
      vertex 17.6067 3.74241 0
      vertex 1.29288 0.135886 0
    endloop
  endfacet
  facet normal 0 0 -1
    outer loop
      vertex 1.12583 -0.65 0
      vertex 15.5885 -9 0
      vertex 14.5623 -10.5801 0
    endloop
  endfacet
  facet normal -0 0 -1
    outer loop
      vertex 17.6067 3.74241 0
      vertex 1.27159 0.270285 0
      vertex 17.119 5.56231 0
    endloop
  endfacet
  facet normal 0 0 -1
    outer loop
      vertex 1.05172 -0.76412 0
      vertex 14.5623 -10.5801 0
      vertex 13.3766 -12.0444 0
    endloop
  endfacet
  facet normal 0 0 -1
    outer loop
      vertex 1.23637 0.401722 0
      vertex 17.119 5.56231 0
      vertex 1.27159 0.270285 0
    endloop
  endfacet
  facet normal 0 0 -1
    outer loop
      vertex 0.966087 -0.869869 0
      vertex 13.3766 -12.0444 0
      vertex 12.0444 -13.3766 0
    endloop
  endfacet
  facet normal -0 0 -1
    outer loop
      vertex 17.119 5.56231 0
      vertex 1.23637 0.401722 0
      vertex 16.4438 7.32126 0
    endloop
  endfacet
  facet normal 0 0 -1
    outer loop
      vertex 0.869869 -0.966087 0
      vertex 12.0444 -13.3766 0
      vertex 10.5801 -14.5623 0
    endloop
  endfacet
  facet normal 0 0 -1
    outer loop
      vertex 1.18761 0.528757 0
      vertex 16.4438 7.32126 0
      vertex 1.23637 0.401722 0
    endloop
  endfacet
  facet normal 0 0 -1
    outer loop
      vertex 0.76412 -1.05172 0
      vertex 10.5801 -14.5623 0
      vertex 9 -15.5885 0
    endloop
  endfacet
  facet normal -0 0 -1
    outer loop
      vertex 16.4438 7.32126 0
      vertex 1.18761 0.528757 0
      vertex 15.5885 9 0
    endloop
  endfacet
  facet normal 0 0 -1
    outer loop
      vertex 0.65 -1.12583 0
      vertex 9 -15.5885 0
      vertex 7.32126 -16.4438 0
    endloop
  endfacet
  facet normal 0 0 -1
    outer loop
      vertex 1.12583 0.65 0
      vertex 15.5885 9 0
      vertex 1.18761 0.528757 0
    endloop
  endfacet
  facet normal 0 0 -1
    outer loop
      vertex 0.528757 -1.18761 0
      vertex 7.32126 -16.4438 0
      vertex 5.56231 -17.119 0
    endloop
  endfacet
  facet normal -0 0 -1
    outer loop
      vertex 15.5885 9 0
      vertex 1.12583 0.65 0
      vertex 14.5623 10.5801 0
    endloop
  endfacet
  facet normal 0 0 -1
    outer loop
      vertex 0.401722 -1.23637 0
      vertex 5.56231 -17.119 0
      vertex 3.74241 -17.6067 0
    endloop
  endfacet
  facet normal 0 0 -1
    outer loop
      vertex 1.05172 0.76412 0
      vertex 14.5623 10.5801 0
      vertex 1.12583 0.65 0
    endloop
  endfacet
  facet normal 0 0 -1
    outer loop
      vertex 0.270285 -1.27159 0
      vertex 3.74241 -17.6067 0
      vertex 1.88151 -17.9014 0
    endloop
  endfacet
  facet normal -0 0 -1
    outer loop
      vertex 14.5623 10.5801 0
      vertex 1.05172 0.76412 0
      vertex 13.3766 12.0444 0
    endloop
  endfacet
  facet normal 0 0 -1
    outer loop
      vertex 0.966087 0.869869 0
      vertex 13.3766 12.0444 0
      vertex 1.05172 0.76412 0
    endloop
  endfacet
  facet normal 0 0 -1
    outer loop
      vertex 17.9014 -1.88151 0
      vertex 1.29288 -0.135886 0
      vertex 1.3 0 0
    endloop
  endfacet
  facet normal 0 0 -1
    outer loop
      vertex 17.6067 -3.74241 0
      vertex 1.27159 -0.270285 0
      vertex 1.29288 -0.135886 0
    endloop
  endfacet
  facet normal 0 0 -1
    outer loop
      vertex 17.119 -5.56231 0
      vertex 1.23637 -0.401722 0
      vertex 1.27159 -0.270285 0
    endloop
  endfacet
  facet normal 0 0 -1
    outer loop
      vertex 16.4438 -7.32126 0
      vertex 1.18761 -0.528757 0
      vertex 1.23637 -0.401722 0
    endloop
  endfacet
  facet normal 0 0 -1
    outer loop
      vertex 15.5885 -9 0
      vertex 1.12583 -0.65 0
      vertex 1.18761 -0.528757 0
    endloop
  endfacet
  facet normal 0 0 -1
    outer loop
      vertex 14.5623 -10.5801 0
      vertex 1.05172 -0.76412 0
      vertex 1.12583 -0.65 0
    endloop
  endfacet
  facet normal 0 0 -1
    outer loop
      vertex 13.3766 -12.0444 0
      vertex 0.966087 -0.869869 0
      vertex 1.05172 -0.76412 0
    endloop
  endfacet
  facet normal 0 0 -1
    outer loop
      vertex 12.0444 -13.3766 0
      vertex 0.869869 -0.966087 0
      vertex 0.966087 -0.869869 0
    endloop
  endfacet
  facet normal 0 0 -1
    outer loop
      vertex 10.5801 -14.5623 0
      vertex 0.76412 -1.05172 0
      vertex 0.869869 -0.966087 0
    endloop
  endfacet
  facet normal 0 0 -1
    outer loop
      vertex 9 -15.5885 0
      vertex 0.65 -1.12583 0
      vertex 0.76412 -1.05172 0
    endloop
  endfacet
  facet normal 0 0 -1
    outer loop
      vertex 7.32126 -16.4438 0
      vertex 0.528757 -1.18761 0
      vertex 0.65 -1.12583 0
    endloop
  endfacet
  facet normal 0 0 -1
    outer loop
      vertex 5.56231 -17.119 0
      vertex 0.401722 -1.23637 0
      vertex 0.528757 -1.18761 0
    endloop
  endfacet
  facet normal 0 0 -1
    outer loop
      vertex 3.74241 -17.6067 0
      vertex 0.270285 -1.27159 0
      vertex 0.401722 -1.23637 0
    endloop
  endfacet
  facet normal 0 0 -1
    outer loop
      vertex 1.88151 -17.9014 0
      vertex 0.135886 -1.29288 0
      vertex 0.270285 -1.27159 0
    endloop
  endfacet
  facet normal 0 0 -1
    outer loop
      vertex 0 -18 0
      vertex 0.135886 -1.29288 0
      vertex 1.88151 -17.9014 0
    endloop
  endfacet
  facet normal 0 0 -1
    outer loop
      vertex 0 -18 0
      vertex 0 -1.3 0
      vertex 0.135886 -1.29288 0
    endloop
  endfacet
  facet normal 0 0 -1
    outer loop
      vertex 0 -18 0
      vertex -0.135886 -1.29288 0
      vertex 0 -1.3 0
    endloop
  endfacet
  facet normal 0 0 -1
    outer loop
      vertex -1.88151 -17.9014 0
      vertex -0.135886 -1.29288 0
      vertex 0 -18 0
    endloop
  endfacet
  facet normal -0 0 -1
    outer loop
      vertex -0.135886 -1.29288 0
      vertex -1.88151 -17.9014 0
      vertex -0.270285 -1.27159 0
    endloop
  endfacet
  facet normal 0 0 -1
    outer loop
      vertex -3.74241 -17.6067 0
      vertex -0.270285 -1.27159 0
      vertex -1.88151 -17.9014 0
    endloop
  endfacet
  facet normal -0 0 -1
    outer loop
      vertex -0.270285 -1.27159 0
      vertex -3.74241 -17.6067 0
      vertex -0.401722 -1.23637 0
    endloop
  endfacet
  facet normal 0 0 -1
    outer loop
      vertex -5.56231 -17.119 0
      vertex -0.401722 -1.23637 0
      vertex -3.74241 -17.6067 0
    endloop
  endfacet
  facet normal -0 0 -1
    outer loop
      vertex -0.401722 -1.23637 0
      vertex -5.56231 -17.119 0
      vertex -0.528757 -1.18761 0
    endloop
  endfacet
  facet normal 0 0 -1
    outer loop
      vertex -7.32126 -16.4438 0
      vertex -0.528757 -1.18761 0
      vertex -5.56231 -17.119 0
    endloop
  endfacet
  facet normal -0 0 -1
    outer loop
      vertex -0.528757 -1.18761 0
      vertex -7.32126 -16.4438 0
      vertex -0.65 -1.12583 0
    endloop
  endfacet
  facet normal 0 0 -1
    outer loop
      vertex -9 -15.5885 0
      vertex -0.65 -1.12583 0
      vertex -7.32126 -16.4438 0
    endloop
  endfacet
  facet normal -0 0 -1
    outer loop
      vertex -0.65 -1.12583 0
      vertex -9 -15.5885 0
      vertex -0.76412 -1.05172 0
    endloop
  endfacet
  facet normal 0 0 -1
    outer loop
      vertex -10.5801 -14.5623 0
      vertex -0.76412 -1.05172 0
      vertex -9 -15.5885 0
    endloop
  endfacet
  facet normal -0 0 -1
    outer loop
      vertex -0.76412 -1.05172 0
      vertex -10.5801 -14.5623 0
      vertex -0.869869 -0.966087 0
    endloop
  endfacet
  facet normal 0 0 -1
    outer loop
      vertex -12.0444 -13.3766 0
      vertex -0.869869 -0.966087 0
      vertex -10.5801 -14.5623 0
    endloop
  endfacet
  facet normal 0 0 -1
    outer loop
      vertex -13.3766 -12.0444 0
      vertex -0.966087 -0.869869 0
      vertex -12.0444 -13.3766 0
    endloop
  endfacet
  facet normal -0 0 -1
    outer loop
      vertex -0.869869 -0.966087 0
      vertex -12.0444 -13.3766 0
      vertex -0.966087 -0.869869 0
    endloop
  endfacet
  facet normal -0 0 -1
    outer loop
      vertex 13.3766 12.0444 0
      vertex 0.966087 0.869869 0
      vertex 12.0444 13.3766 0
    endloop
  endfacet
  facet normal 0 0 -1
    outer loop
      vertex 0.869869 0.966087 0
      vertex 12.0444 13.3766 0
      vertex 0.966087 0.869869 0
    endloop
  endfacet
  facet normal -0 0 -1
    outer loop
      vertex 12.0444 13.3766 0
      vertex 0.869869 0.966087 0
      vertex 10.5801 14.5623 0
    endloop
  endfacet
  facet normal 0 0 -1
    outer loop
      vertex 0.76412 1.05172 0
      vertex 10.5801 14.5623 0
      vertex 0.869869 0.966087 0
    endloop
  endfacet
  facet normal -0 0 -1
    outer loop
      vertex 10.5801 14.5623 0
      vertex 0.76412 1.05172 0
      vertex 9 15.5885 0
    endloop
  endfacet
  facet normal 0 0 -1
    outer loop
      vertex 0.65 1.12583 0
      vertex 9 15.5885 0
      vertex 0.76412 1.05172 0
    endloop
  endfacet
  facet normal -0 0 -1
    outer loop
      vertex 9 15.5885 0
      vertex 0.65 1.12583 0
      vertex 7.32126 16.4438 0
    endloop
  endfacet
  facet normal 0 0 -1
    outer loop
      vertex 0.528757 1.18761 0
      vertex 7.32126 16.4438 0
      vertex 0.65 1.12583 0
    endloop
  endfacet
  facet normal -0 0 -1
    outer loop
      vertex 7.32126 16.4438 0
      vertex 0.528757 1.18761 0
      vertex 5.56231 17.119 0
    endloop
  endfacet
  facet normal 0 0 -1
    outer loop
      vertex 0.401722 1.23637 0
      vertex 5.56231 17.119 0
      vertex 0.528757 1.18761 0
    endloop
  endfacet
  facet normal -0 0 -1
    outer loop
      vertex 5.56231 17.119 0
      vertex 0.401722 1.23637 0
      vertex 3.74241 17.6067 0
    endloop
  endfacet
  facet normal 0 0 -1
    outer loop
      vertex 0.270285 1.27159 0
      vertex 3.74241 17.6067 0
      vertex 0.401722 1.23637 0
    endloop
  endfacet
  facet normal -0 0 -1
    outer loop
      vertex 3.74241 17.6067 0
      vertex 0.270285 1.27159 0
      vertex 1.88151 17.9014 0
    endloop
  endfacet
  facet normal 0 0 -1
    outer loop
      vertex 0.135886 1.29288 0
      vertex 1.88151 17.9014 0
      vertex 0.270285 1.27159 0
    endloop
  endfacet
  facet normal 0 0 -1
    outer loop
      vertex 0 1.3 0
      vertex 1.88151 17.9014 0
      vertex 0.135886 1.29288 0
    endloop
  endfacet
  facet normal 0 0 -1
    outer loop
      vertex 0 1.3 0
      vertex 0 18 0
      vertex 1.88151 17.9014 0
    endloop
  endfacet
  facet normal 0 0 -1
    outer loop
      vertex -0.135886 1.29288 0
      vertex 0 18 0
      vertex 0 1.3 0
    endloop
  endfacet
  facet normal 0 0 -1
    outer loop
      vertex -1.88151 17.9014 0
      vertex -0.135886 1.29288 0
      vertex -0.270285 1.27159 0
    endloop
  endfacet
  facet normal 0 0 -1
    outer loop
      vertex -3.74241 17.6067 0
      vertex -0.270285 1.27159 0
      vertex -0.401722 1.23637 0
    endloop
  endfacet
  facet normal 0 0 -1
    outer loop
      vertex -5.56231 17.119 0
      vertex -0.401722 1.23637 0
      vertex -0.528757 1.18761 0
    endloop
  endfacet
  facet normal 0 0 -1
    outer loop
      vertex -7.32126 16.4438 0
      vertex -0.528757 1.18761 0
      vertex -0.65 1.12583 0
    endloop
  endfacet
  facet normal 0 0 -1
    outer loop
      vertex -9 15.5885 0
      vertex -0.65 1.12583 0
      vertex -0.76412 1.05172 0
    endloop
  endfacet
  facet normal 0 0 -1
    outer loop
      vertex -10.5801 14.5623 0
      vertex -0.76412 1.05172 0
      vertex -0.869869 0.966087 0
    endloop
  endfacet
  facet normal 0 0 -1
    outer loop
      vertex -12.0444 13.3766 0
      vertex -0.869869 0.966087 0
      vertex -0.966087 0.869869 0
    endloop
  endfacet
  facet normal 0 0 -1
    outer loop
      vertex -13.3766 12.0444 0
      vertex -0.966087 0.869869 0
      vertex -1.05172 0.76412 0
    endloop
  endfacet
  facet normal 0 0 -1
    outer loop
      vertex -14.5623 10.5801 0
      vertex -1.05172 0.76412 0
      vertex -1.12583 0.65 0
    endloop
  endfacet
  facet normal 0 0 -1
    outer loop
      vertex -15.5885 9 0
      vertex -1.12583 0.65 0
      vertex -1.18761 0.528757 0
    endloop
  endfacet
  facet normal 0 0 -1
    outer loop
      vertex -16.4438 7.32126 0
      vertex -1.18761 0.528757 0
      vertex -1.23637 0.401722 0
    endloop
  endfacet
  facet normal 0 0 -1
    outer loop
      vertex -17.119 5.56231 0
      vertex -1.23637 0.401722 0
      vertex -1.27159 0.270285 0
    endloop
  endfacet
  facet normal 0 0 -1
    outer loop
      vertex -17.6067 3.74241 0
      vertex -1.27159 0.270285 0
      vertex -1.29288 0.135886 0
    endloop
  endfacet
  facet normal 0 0 -1
    outer loop
      vertex -0.135886 1.29288 0
      vertex -1.88151 17.9014 0
      vertex 0 18 0
    endloop
  endfacet
  facet normal 0 0 -1
    outer loop
      vertex -17.9014 1.88151 0
      vertex -1.29288 0.135886 0
      vertex -1.3 0 0
    endloop
  endfacet
  facet normal -0 0 -1
    outer loop
      vertex -0.966087 -0.869869 0
      vertex -13.3766 -12.0444 0
      vertex -1.05172 -0.76412 0
    endloop
  endfacet
  facet normal 0 0 -1
    outer loop
      vertex -14.5623 -10.5801 0
      vertex -1.05172 -0.76412 0
      vertex -13.3766 -12.0444 0
    endloop
  endfacet
  facet normal 0 0 -1
    outer loop
      vertex -0.270285 1.27159 0
      vertex -3.74241 17.6067 0
      vertex -1.88151 17.9014 0
    endloop
  endfacet
  facet normal -0 0 -1
    outer loop
      vertex -1.05172 -0.76412 0
      vertex -14.5623 -10.5801 0
      vertex -1.12583 -0.65 0
    endloop
  endfacet
  facet normal 0 0 -1
    outer loop
      vertex -0.401722 1.23637 0
      vertex -5.56231 17.119 0
      vertex -3.74241 17.6067 0
    endloop
  endfacet
  facet normal 0 0 -1
    outer loop
      vertex -15.5885 -9 0
      vertex -1.12583 -0.65 0
      vertex -14.5623 -10.5801 0
    endloop
  endfacet
  facet normal 0 0 -1
    outer loop
      vertex -0.528757 1.18761 0
      vertex -7.32126 16.4438 0
      vertex -5.56231 17.119 0
    endloop
  endfacet
  facet normal -0 0 -1
    outer loop
      vertex -1.12583 -0.65 0
      vertex -15.5885 -9 0
      vertex -1.18761 -0.528757 0
    endloop
  endfacet
  facet normal 0 0 -1
    outer loop
      vertex -0.65 1.12583 0
      vertex -9 15.5885 0
      vertex -7.32126 16.4438 0
    endloop
  endfacet
  facet normal 0 0 -1
    outer loop
      vertex -16.4438 -7.32126 0
      vertex -1.18761 -0.528757 0
      vertex -15.5885 -9 0
    endloop
  endfacet
  facet normal 0 0 -1
    outer loop
      vertex -0.76412 1.05172 0
      vertex -10.5801 14.5623 0
      vertex -9 15.5885 0
    endloop
  endfacet
  facet normal -0 0 -1
    outer loop
      vertex -1.18761 -0.528757 0
      vertex -16.4438 -7.32126 0
      vertex -1.23637 -0.401722 0
    endloop
  endfacet
  facet normal 0 0 -1
    outer loop
      vertex -0.869869 0.966087 0
      vertex -12.0444 13.3766 0
      vertex -10.5801 14.5623 0
    endloop
  endfacet
  facet normal 0 0 -1
    outer loop
      vertex -17.119 -5.56231 0
      vertex -1.23637 -0.401722 0
      vertex -16.4438 -7.32126 0
    endloop
  endfacet
  facet normal 0 0 -1
    outer loop
      vertex -0.966087 0.869869 0
      vertex -13.3766 12.0444 0
      vertex -12.0444 13.3766 0
    endloop
  endfacet
  facet normal -0 0 -1
    outer loop
      vertex -1.23637 -0.401722 0
      vertex -17.119 -5.56231 0
      vertex -1.27159 -0.270285 0
    endloop
  endfacet
  facet normal 0 0 -1
    outer loop
      vertex -1.05172 0.76412 0
      vertex -14.5623 10.5801 0
      vertex -13.3766 12.0444 0
    endloop
  endfacet
  facet normal 0 0 -1
    outer loop
      vertex -17.6067 -3.74241 0
      vertex -1.27159 -0.270285 0
      vertex -17.119 -5.56231 0
    endloop
  endfacet
  facet normal 0 0 -1
    outer loop
      vertex -1.12583 0.65 0
      vertex -15.5885 9 0
      vertex -14.5623 10.5801 0
    endloop
  endfacet
  facet normal -0 0 -1
    outer loop
      vertex -1.27159 -0.270285 0
      vertex -17.6067 -3.74241 0
      vertex -1.29288 -0.135886 0
    endloop
  endfacet
  facet normal 0 0 -1
    outer loop
      vertex -1.18761 0.528757 0
      vertex -16.4438 7.32126 0
      vertex -15.5885 9 0
    endloop
  endfacet
  facet normal 0 0 -1
    outer loop
      vertex -17.9014 -1.88151 0
      vertex -1.29288 -0.135886 0
      vertex -17.6067 -3.74241 0
    endloop
  endfacet
  facet normal 0 0 -1
    outer loop
      vertex -1.23637 0.401722 0
      vertex -17.119 5.56231 0
      vertex -16.4438 7.32126 0
    endloop
  endfacet
  facet normal -0 0 -1
    outer loop
      vertex -1.29288 -0.135886 0
      vertex -17.9014 -1.88151 0
      vertex -1.3 0 0
    endloop
  endfacet
  facet normal 0 0 -1
    outer loop
      vertex -1.27159 0.270285 0
      vertex -17.6067 3.74241 0
      vertex -17.119 5.56231 0
    endloop
  endfacet
  facet normal 0 0 -1
    outer loop
      vertex -18 0 0
      vertex -1.3 0 0
      vertex -17.9014 -1.88151 0
    endloop
  endfacet
  facet normal 0 0 -1
    outer loop
      vertex -1.29288 0.135886 0
      vertex -17.9014 1.88151 0
      vertex -17.6067 3.74241 0
    endloop
  endfacet
  facet normal 0 0 -1
    outer loop
      vertex -1.3 0 0
      vertex -18 0 0
      vertex -17.9014 1.88151 0
    endloop
  endfacet
  facet normal 0.965918 0.258848 0
    outer loop
      vertex 17.6067 3.74241 3
      vertex 17.119 5.56231 0
      vertex 17.119 5.56231 3
    endloop
  endfacet
  facet normal 0.965918 0.258848 0
    outer loop
      vertex 17.119 5.56231 0
      vertex 17.6067 3.74241 3
      vertex 17.6067 3.74241 0
    endloop
  endfacet
  facet normal 0.987691 0.156415 0
    outer loop
      vertex 17.9014 1.88151 3
      vertex 17.6067 3.74241 0
      vertex 17.6067 3.74241 3
    endloop
  endfacet
  facet normal 0.987691 0.156415 0
    outer loop
      vertex 17.6067 3.74241 0
      vertex 17.9014 1.88151 3
      vertex 17.9014 1.88151 0
    endloop
  endfacet
  facet normal 0.93358 0.358369 0
    outer loop
      vertex 17.119 5.56231 3
      vertex 16.4438 7.32126 0
      vertex 16.4438 7.32126 3
    endloop
  endfacet
  facet normal 0.93358 0.358369 0
    outer loop
      vertex 16.4438 7.32126 0
      vertex 17.119 5.56231 3
      vertex 17.119 5.56231 0
    endloop
  endfacet
  facet normal 0.777163 0.629299 0
    outer loop
      vertex 14.5623 10.5801 3
      vertex 13.3766 12.0444 0
      vertex 13.3766 12.0444 3
    endloop
  endfacet
  facet normal 0.777163 0.629299 0
    outer loop
      vertex 13.3766 12.0444 0
      vertex 14.5623 10.5801 3
      vertex 14.5623 10.5801 0
    endloop
  endfacet
  facet normal 0.258848 0.965918 -0
    outer loop
      vertex 5.56231 17.119 0
      vertex 3.74241 17.6067 3
      vertex 5.56231 17.119 3
    endloop
  endfacet
  facet normal 0.258848 0.965918 0
    outer loop
      vertex 3.74241 17.6067 3
      vertex 5.56231 17.119 0
      vertex 3.74241 17.6067 0
    endloop
  endfacet
  facet normal 0.358369 0.93358 -0
    outer loop
      vertex 7.32126 16.4438 0
      vertex 5.56231 17.119 3
      vertex 7.32126 16.4438 3
    endloop
  endfacet
  facet normal 0.358369 0.93358 0
    outer loop
      vertex 5.56231 17.119 3
      vertex 7.32126 16.4438 0
      vertex 5.56231 17.119 0
    endloop
  endfacet
  facet normal 0.156415 0.987691 -0
    outer loop
      vertex 3.74241 17.6067 0
      vertex 1.88151 17.9014 3
      vertex 3.74241 17.6067 3
    endloop
  endfacet
  facet normal 0.156415 0.987691 0
    outer loop
      vertex 1.88151 17.9014 3
      vertex 3.74241 17.6067 0
      vertex 1.88151 17.9014 0
    endloop
  endfacet
  facet normal 0.629299 0.777163 -0
    outer loop
      vertex 12.0444 13.3766 0
      vertex 10.5801 14.5623 3
      vertex 12.0444 13.3766 3
    endloop
  endfacet
  facet normal 0.629299 0.777163 0
    outer loop
      vertex 10.5801 14.5623 3
      vertex 12.0444 13.3766 0
      vertex 10.5801 14.5623 0
    endloop
  endfacet
  facet normal -0.965918 0.258848 0
    outer loop
      vertex -17.6067 3.74241 0
      vertex -17.119 5.56231 3
      vertex -17.119 5.56231 0
    endloop
  endfacet
  facet normal -0.965918 0.258848 0
    outer loop
      vertex -17.119 5.56231 3
      vertex -17.6067 3.74241 0
      vertex -17.6067 3.74241 3
    endloop
  endfacet
  facet normal -0.777163 0.629299 0
    outer loop
      vertex -14.5623 10.5801 0
      vertex -13.3766 12.0444 3
      vertex -13.3766 12.0444 0
    endloop
  endfacet
  facet normal -0.777163 0.629299 0
    outer loop
      vertex -13.3766 12.0444 3
      vertex -14.5623 10.5801 0
      vertex -14.5623 10.5801 3
    endloop
  endfacet
  facet normal -0.707107 0.707107 0
    outer loop
      vertex -13.3766 12.0444 0
      vertex -12.0444 13.3766 3
      vertex -12.0444 13.3766 0
    endloop
  endfacet
  facet normal -0.707107 0.707107 0
    outer loop
      vertex -12.0444 13.3766 3
      vertex -13.3766 12.0444 0
      vertex -13.3766 12.0444 3
    endloop
  endfacet
  facet normal -0.838653 0.544666 0
    outer loop
      vertex -15.5885 9 0
      vertex -14.5623 10.5801 3
      vertex -14.5623 10.5801 0
    endloop
  endfacet
  facet normal -0.838653 0.544666 0
    outer loop
      vertex -14.5623 10.5801 3
      vertex -15.5885 9 0
      vertex -15.5885 9 3
    endloop
  endfacet
  facet normal -0.93358 0.358369 0
    outer loop
      vertex -17.119 5.56231 0
      vertex -16.4438 7.32126 3
      vertex -16.4438 7.32126 0
    endloop
  endfacet
  facet normal -0.93358 0.358369 0
    outer loop
      vertex -16.4438 7.32126 3
      vertex -17.119 5.56231 0
      vertex -17.119 5.56231 3
    endloop
  endfacet
  facet normal -0.987691 0.156415 0
    outer loop
      vertex -17.9014 1.88151 0
      vertex -17.6067 3.74241 3
      vertex -17.6067 3.74241 0
    endloop
  endfacet
  facet normal -0.987691 0.156415 0
    outer loop
      vertex -17.6067 3.74241 3
      vertex -17.9014 1.88151 0
      vertex -17.9014 1.88151 3
    endloop
  endfacet
  facet normal -0.544666 0.838653 0
    outer loop
      vertex -9 15.5885 0
      vertex -10.5801 14.5623 3
      vertex -9 15.5885 3
    endloop
  endfacet
  facet normal -0.544666 0.838653 0
    outer loop
      vertex -10.5801 14.5623 3
      vertex -9 15.5885 0
      vertex -10.5801 14.5623 0
    endloop
  endfacet
  facet normal -0.258848 0.965918 0
    outer loop
      vertex -3.74241 17.6067 0
      vertex -5.56231 17.119 3
      vertex -3.74241 17.6067 3
    endloop
  endfacet
  facet normal -0.258848 0.965918 0
    outer loop
      vertex -5.56231 17.119 3
      vertex -3.74241 17.6067 0
      vertex -5.56231 17.119 0
    endloop
  endfacet
  facet normal -0.0523329 0.99863 0
    outer loop
      vertex 0 18 0
      vertex -1.88151 17.9014 3
      vertex 0 18 3
    endloop
  endfacet
  facet normal -0.0523329 0.99863 0
    outer loop
      vertex -1.88151 17.9014 3
      vertex 0 18 0
      vertex -1.88151 17.9014 0
    endloop
  endfacet
  facet normal 0.0523329 -0.99863 0
    outer loop
      vertex 0 -18 0
      vertex 1.88151 -17.9014 3
      vertex 0 -18 3
    endloop
  endfacet
  facet normal 0.0523329 -0.99863 0
    outer loop
      vertex 1.88151 -17.9014 3
      vertex 0 -18 0
      vertex 1.88151 -17.9014 0
    endloop
  endfacet
  facet normal 0.258848 -0.965918 0
    outer loop
      vertex 3.74241 -17.6067 0
      vertex 5.56231 -17.119 3
      vertex 3.74241 -17.6067 3
    endloop
  endfacet
  facet normal 0.258848 -0.965918 0
    outer loop
      vertex 5.56231 -17.119 3
      vertex 3.74241 -17.6067 0
      vertex 5.56231 -17.119 0
    endloop
  endfacet
  facet normal 0.629299 -0.777163 0
    outer loop
      vertex 10.5801 -14.5623 0
      vertex 12.0444 -13.3766 3
      vertex 10.5801 -14.5623 3
    endloop
  endfacet
  facet normal 0.629299 -0.777163 0
    outer loop
      vertex 12.0444 -13.3766 3
      vertex 10.5801 -14.5623 0
      vertex 12.0444 -13.3766 0
    endloop
  endfacet
  facet normal 0.453965 -0.89102 0
    outer loop
      vertex 7.32126 -16.4438 0
      vertex 9 -15.5885 3
      vertex 7.32126 -16.4438 3
    endloop
  endfacet
  facet normal 0.453965 -0.89102 0
    outer loop
      vertex 9 -15.5885 3
      vertex 7.32126 -16.4438 0
      vertex 9 -15.5885 0
    endloop
  endfacet
  facet normal 0.777163 -0.629299 0
    outer loop
      vertex 13.3766 -12.0444 3
      vertex 14.5623 -10.5801 0
      vertex 14.5623 -10.5801 3
    endloop
  endfacet
  facet normal 0.777163 -0.629299 0
    outer loop
      vertex 14.5623 -10.5801 0
      vertex 13.3766 -12.0444 3
      vertex 13.3766 -12.0444 0
    endloop
  endfacet
  facet normal 0.89102 -0.453965 0
    outer loop
      vertex 15.5885 -9 3
      vertex 16.4438 -7.32126 0
      vertex 16.4438 -7.32126 3
    endloop
  endfacet
  facet normal 0.89102 -0.453965 0
    outer loop
      vertex 16.4438 -7.32126 0
      vertex 15.5885 -9 3
      vertex 15.5885 -9 0
    endloop
  endfacet
  facet normal -0.707107 -0.707107 0
    outer loop
      vertex -12.0444 -13.3766 0
      vertex -13.3766 -12.0444 3
      vertex -13.3766 -12.0444 0
    endloop
  endfacet
  facet normal -0.707107 -0.707107 0
    outer loop
      vertex -13.3766 -12.0444 3
      vertex -12.0444 -13.3766 0
      vertex -12.0444 -13.3766 3
    endloop
  endfacet
  facet normal -0.544666 -0.838653 0
    outer loop
      vertex -10.5801 -14.5623 0
      vertex -9 -15.5885 3
      vertex -10.5801 -14.5623 3
    endloop
  endfacet
  facet normal -0.544666 -0.838653 -0
    outer loop
      vertex -9 -15.5885 3
      vertex -10.5801 -14.5623 0
      vertex -9 -15.5885 0
    endloop
  endfacet
  facet normal -0.358369 -0.93358 0
    outer loop
      vertex -7.32126 -16.4438 0
      vertex -5.56231 -17.119 3
      vertex -7.32126 -16.4438 3
    endloop
  endfacet
  facet normal -0.358369 -0.93358 -0
    outer loop
      vertex -5.56231 -17.119 3
      vertex -7.32126 -16.4438 0
      vertex -5.56231 -17.119 0
    endloop
  endfacet
  facet normal -0.156415 -0.987691 0
    outer loop
      vertex -3.74241 -17.6067 0
      vertex -1.88151 -17.9014 3
      vertex -3.74241 -17.6067 3
    endloop
  endfacet
  facet normal -0.156415 -0.987691 -0
    outer loop
      vertex -1.88151 -17.9014 3
      vertex -3.74241 -17.6067 0
      vertex -1.88151 -17.9014 0
    endloop
  endfacet
  facet normal -0.838653 -0.544666 0
    outer loop
      vertex -14.5623 -10.5801 0
      vertex -15.5885 -9 3
      vertex -15.5885 -9 0
    endloop
  endfacet
  facet normal -0.838653 -0.544666 0
    outer loop
      vertex -15.5885 -9 3
      vertex -14.5623 -10.5801 0
      vertex -14.5623 -10.5801 3
    endloop
  endfacet
  facet normal -0.965918 -0.258848 0
    outer loop
      vertex -17.119 -5.56231 0
      vertex -17.6067 -3.74241 3
      vertex -17.6067 -3.74241 0
    endloop
  endfacet
  facet normal -0.965918 -0.258848 0
    outer loop
      vertex -17.6067 -3.74241 3
      vertex -17.119 -5.56231 0
      vertex -17.119 -5.56231 3
    endloop
  endfacet
  facet normal -0.99863 -0.0523329 0
    outer loop
      vertex -17.9014 -1.88151 0
      vertex -18 0 3
      vertex -18 0 0
    endloop
  endfacet
  facet normal -0.99863 -0.0523329 0
    outer loop
      vertex -18 0 3
      vertex -17.9014 -1.88151 0
      vertex -17.9014 -1.88151 3
    endloop
  endfacet
  facet normal 0.156415 -0.987691 0
    outer loop
      vertex 1.88151 -17.9014 0
      vertex 3.74241 -17.6067 3
      vertex 1.88151 -17.9014 3
    endloop
  endfacet
  facet normal 0.156415 -0.987691 0
    outer loop
      vertex 3.74241 -17.6067 3
      vertex 1.88151 -17.9014 0
      vertex 3.74241 -17.6067 0
    endloop
  endfacet
  facet normal 0.358369 -0.93358 0
    outer loop
      vertex 5.56231 -17.119 0
      vertex 7.32126 -16.4438 3
      vertex 5.56231 -17.119 3
    endloop
  endfacet
  facet normal 0.358369 -0.93358 0
    outer loop
      vertex 7.32126 -16.4438 3
      vertex 5.56231 -17.119 0
      vertex 7.32126 -16.4438 0
    endloop
  endfacet
  facet normal 0.707107 -0.707107 0
    outer loop
      vertex 12.0444 -13.3766 3
      vertex 13.3766 -12.0444 0
      vertex 13.3766 -12.0444 3
    endloop
  endfacet
  facet normal 0.707107 -0.707107 0
    outer loop
      vertex 13.3766 -12.0444 0
      vertex 12.0444 -13.3766 3
      vertex 12.0444 -13.3766 0
    endloop
  endfacet
  facet normal 0.544666 -0.838653 0
    outer loop
      vertex 9 -15.5885 0
      vertex 10.5801 -14.5623 3
      vertex 9 -15.5885 3
    endloop
  endfacet
  facet normal 0.544666 -0.838653 0
    outer loop
      vertex 10.5801 -14.5623 3
      vertex 9 -15.5885 0
      vertex 10.5801 -14.5623 0
    endloop
  endfacet
  facet normal 0.838653 -0.544666 0
    outer loop
      vertex 14.5623 -10.5801 3
      vertex 15.5885 -9 0
      vertex 15.5885 -9 3
    endloop
  endfacet
  facet normal 0.838653 -0.544666 0
    outer loop
      vertex 15.5885 -9 0
      vertex 14.5623 -10.5801 3
      vertex 14.5623 -10.5801 0
    endloop
  endfacet
  facet normal 0.987691 -0.156415 0
    outer loop
      vertex 17.6067 -3.74241 3
      vertex 17.9014 -1.88151 0
      vertex 17.9014 -1.88151 3
    endloop
  endfacet
  facet normal 0.987691 -0.156415 0
    outer loop
      vertex 17.9014 -1.88151 0
      vertex 17.6067 -3.74241 3
      vertex 17.6067 -3.74241 0
    endloop
  endfacet
  facet normal 0.965918 -0.258848 0
    outer loop
      vertex 17.119 -5.56231 3
      vertex 17.6067 -3.74241 0
      vertex 17.6067 -3.74241 3
    endloop
  endfacet
  facet normal 0.965918 -0.258848 0
    outer loop
      vertex 17.6067 -3.74241 0
      vertex 17.119 -5.56231 3
      vertex 17.119 -5.56231 0
    endloop
  endfacet
  facet normal 0.99863 -0.0523329 0
    outer loop
      vertex 17.9014 -1.88151 3
      vertex 18 0 0
      vertex 18 0 3
    endloop
  endfacet
  facet normal 0.99863 -0.0523329 0
    outer loop
      vertex 18 0 0
      vertex 17.9014 -1.88151 3
      vertex 17.9014 -1.88151 0
    endloop
  endfacet
  facet normal -0.629299 -0.777163 0
    outer loop
      vertex -12.0444 -13.3766 0
      vertex -10.5801 -14.5623 3
      vertex -12.0444 -13.3766 3
    endloop
  endfacet
  facet normal -0.629299 -0.777163 -0
    outer loop
      vertex -10.5801 -14.5623 3
      vertex -12.0444 -13.3766 0
      vertex -10.5801 -14.5623 0
    endloop
  endfacet
  facet normal -0.453965 -0.89102 0
    outer loop
      vertex -9 -15.5885 0
      vertex -7.32126 -16.4438 3
      vertex -9 -15.5885 3
    endloop
  endfacet
  facet normal -0.453965 -0.89102 -0
    outer loop
      vertex -7.32126 -16.4438 3
      vertex -9 -15.5885 0
      vertex -7.32126 -16.4438 0
    endloop
  endfacet
  facet normal -0.258848 -0.965918 0
    outer loop
      vertex -5.56231 -17.119 0
      vertex -3.74241 -17.6067 3
      vertex -5.56231 -17.119 3
    endloop
  endfacet
  facet normal -0.258848 -0.965918 -0
    outer loop
      vertex -3.74241 -17.6067 3
      vertex -5.56231 -17.119 0
      vertex -3.74241 -17.6067 0
    endloop
  endfacet
  facet normal -0.0523329 -0.99863 0
    outer loop
      vertex -1.88151 -17.9014 0
      vertex 0 -18 3
      vertex -1.88151 -17.9014 3
    endloop
  endfacet
  facet normal -0.0523329 -0.99863 -0
    outer loop
      vertex 0 -18 3
      vertex -1.88151 -17.9014 0
      vertex 0 -18 0
    endloop
  endfacet
  facet normal -0.777163 -0.629299 0
    outer loop
      vertex -13.3766 -12.0444 0
      vertex -14.5623 -10.5801 3
      vertex -14.5623 -10.5801 0
    endloop
  endfacet
  facet normal -0.777163 -0.629299 0
    outer loop
      vertex -14.5623 -10.5801 3
      vertex -13.3766 -12.0444 0
      vertex -13.3766 -12.0444 3
    endloop
  endfacet
  facet normal -0.987691 -0.156415 0
    outer loop
      vertex -17.6067 -3.74241 0
      vertex -17.9014 -1.88151 3
      vertex -17.9014 -1.88151 0
    endloop
  endfacet
  facet normal -0.987691 -0.156415 0
    outer loop
      vertex -17.9014 -1.88151 3
      vertex -17.6067 -3.74241 0
      vertex -17.6067 -3.74241 3
    endloop
  endfacet
  facet normal 0.706622 0.0370303 0.706622
    outer loop
      vertex 17.9014 1.88151 3
      vertex 6 0 15
      vertex 18 0 3
    endloop
  endfacet
  facet normal 0.0370303 -0.706622 0.706622
    outer loop
      vertex 0 -6 15
      vertex 0 -18 3
      vertex 1.88151 -17.9014 3
    endloop
  endfacet
  facet normal 0.549914 -0.445287 0.706622
    outer loop
      vertex 14.5623 -10.5801 3
      vertex 4.8541 -3.52671 15
      vertex 13.3766 -12.0444 3
    endloop
  endfacet
  facet normal -0.500342 0.500342 0.706623
    outer loop
      vertex -12.0444 13.3766 3
      vertex -4.45887 4.01478 15
      vertex -4.01478 4.45887 15
    endloop
  endfacet
  facet normal -0.500342 0.500342 0.706623
    outer loop
      vertex -4.45887 4.01478 15
      vertex -12.0444 13.3766 3
      vertex -13.3766 12.0444 3
    endloop
  endfacet
  facet normal -0.706622 0.0370303 0.706622
    outer loop
      vertex -17.9014 1.88151 3
      vertex -18 0 3
      vertex -6 0 15
    endloop
  endfacet
  facet normal -0.0370303 0.706622 0.706622
    outer loop
      vertex 0 18 3
      vertex -1.88151 17.9014 3
      vertex 0 6 15
    endloop
  endfacet
  facet normal 0.630478 0.321222 0.706622
    outer loop
      vertex 15.5885 9 3
      vertex 5.48127 2.44042 15
      vertex 16.4438 7.32126 3
    endloop
  endfacet
  facet normal 0.683475 -0.183159 0.706622
    outer loop
      vertex 17.6067 -3.74241 3
      vertex 5.70634 -1.8541 15
      vertex 17.119 -5.56231 3
    endloop
  endfacet
  facet normal -0.593436 0.385383 0.706621
    outer loop
      vertex -14.5623 10.5801 3
      vertex -5.19615 3 15
      vertex -4.8541 3.52671 15
    endloop
  endfacet
  facet normal -0.593424 0.3854 0.706622
    outer loop
      vertex -5.19615 3 15
      vertex -14.5623 10.5801 3
      vertex -15.5885 9 3
    endloop
  endfacet
  facet normal -0.706621 0.037034 0.706622
    outer loop
      vertex -5.96713 0.627171 15
      vertex -17.9014 1.88151 3
      vertex -6 0 15
    endloop
  endfacet
  facet normal -0.500342 -0.500342 0.706623
    outer loop
      vertex -4.45887 -4.01478 15
      vertex -12.0444 -13.3766 3
      vertex -4.01478 -4.45887 15
    endloop
  endfacet
  facet normal -0.500342 -0.500342 0.706623
    outer loop
      vertex -12.0444 -13.3766 3
      vertex -4.45887 -4.01478 15
      vertex -13.3766 -12.0444 3
    endloop
  endfacet
  facet normal 0.321222 0.630478 0.706622
    outer loop
      vertex 7.32126 16.4438 3
      vertex 2.44042 5.48127 15
      vertex 9 15.5885 3
    endloop
  endfacet
  facet normal -0.183142 0.683479 0.706623
    outer loop
      vertex -1.24747 5.86889 15
      vertex -3.74241 17.6067 3
      vertex -1.8541 5.70634 15
    endloop
  endfacet
  facet normal 0.253579 0.660594 0.706621
    outer loop
      vertex 5.56231 17.119 3
      vertex 2.44042 5.48127 15
      vertex 7.32126 16.4438 3
    endloop
  endfacet
  facet normal 0.253581 0.660593 0.706621
    outer loop
      vertex 2.44042 5.48127 15
      vertex 5.56231 17.119 3
      vertex 1.8541 5.70634 15
    endloop
  endfacet
  facet normal 0.0370303 0.706622 0.706622
    outer loop
      vertex 0 18 3
      vertex 0 6 15
      vertex 1.88151 17.9014 3
    endloop
  endfacet
  facet normal 0.593424 0.3854 0.706622
    outer loop
      vertex 14.5623 10.5801 3
      vertex 5.19615 3 15
      vertex 15.5885 9 3
    endloop
  endfacet
  facet normal 0.593436 0.385383 0.706621
    outer loop
      vertex 5.19615 3 15
      vertex 14.5623 10.5801 3
      vertex 4.8541 3.52671 15
    endloop
  endfacet
  facet normal 0.4453 0.549902 0.706623
    outer loop
      vertex 12.0444 13.3766 3
      vertex 3.52671 4.8541 15
      vertex 4.01478 4.45887 15
    endloop
  endfacet
  facet normal 0.683479 0.183142 0.706623
    outer loop
      vertex 17.6067 3.74241 3
      vertex 5.70634 1.8541 15
      vertex 5.86889 1.24747 15
    endloop
  endfacet
  facet normal 0.321222 -0.630478 0.706622
    outer loop
      vertex 9 -15.5885 3
      vertex 2.44042 -5.48127 15
      vertex 7.32126 -16.4438 3
    endloop
  endfacet
  facet normal 0.630478 -0.321222 0.706622
    outer loop
      vertex 16.4438 -7.32126 3
      vertex 5.48127 -2.44042 15
      vertex 15.5885 -9 3
    endloop
  endfacet
  facet normal 0.706622 -0.0370303 0.706622
    outer loop
      vertex 18 0 3
      vertex 6 0 15
      vertex 17.9014 -1.88151 3
    endloop
  endfacet
  facet normal -0.549914 0.445287 0.706622
    outer loop
      vertex -13.3766 12.0444 3
      vertex -14.5623 10.5801 3
      vertex -4.8541 3.52671 15
    endloop
  endfacet
  facet normal -0.321222 0.630478 0.706622
    outer loop
      vertex -7.32126 16.4438 3
      vertex -9 15.5885 3
      vertex -2.44042 5.48127 15
    endloop
  endfacet
  facet normal -0.321239 0.630468 0.706623
    outer loop
      vertex -2.44042 5.48127 15
      vertex -9 15.5885 3
      vertex -3 5.19615 15
    endloop
  endfacet
  facet normal -0.385382 0.593435 0.706623
    outer loop
      vertex -9 15.5885 3
      vertex -3.52671 4.8541 15
      vertex -3 5.19615 15
    endloop
  endfacet
  facet normal -0.385401 0.593424 0.706622
    outer loop
      vertex -3.52671 4.8541 15
      vertex -9 15.5885 3
      vertex -10.5801 14.5623 3
    endloop
  endfacet
  facet normal -0.630478 0.321222 0.706622
    outer loop
      vertex -15.5885 9 3
      vertex -16.4438 7.32126 3
      vertex -5.48127 2.44042 15
    endloop
  endfacet
  facet normal -0.660593 0.253581 0.706621
    outer loop
      vertex -16.4438 7.32126 3
      vertex -5.70634 1.8541 15
      vertex -5.48127 2.44042 15
    endloop
  endfacet
  facet normal -0.660594 0.253579 0.706621
    outer loop
      vertex -5.70634 1.8541 15
      vertex -16.4438 7.32126 3
      vertex -17.119 5.56231 3
    endloop
  endfacet
  facet normal -0.698881 0.110678 0.706623
    outer loop
      vertex -17.6067 3.74241 3
      vertex -17.9014 1.88151 3
      vertex -5.86889 1.24747 15
    endloop
  endfacet
  facet normal -0.445287 -0.549914 0.706622
    outer loop
      vertex -3.52671 -4.8541 15
      vertex -12.0444 -13.3766 3
      vertex -10.5801 -14.5623 3
    endloop
  endfacet
  facet normal -0.630478 -0.321222 0.706622
    outer loop
      vertex -5.48127 -2.44042 15
      vertex -16.4438 -7.32126 3
      vertex -15.5885 -9 3
    endloop
  endfacet
  facet normal -0.683475 -0.183159 0.706622
    outer loop
      vertex -5.70634 -1.8541 15
      vertex -17.6067 -3.74241 3
      vertex -17.119 -5.56231 3
    endloop
  endfacet
  facet normal 0.183159 0.683475 0.706622
    outer loop
      vertex 3.74241 17.6067 3
      vertex 1.8541 5.70634 15
      vertex 5.56231 17.119 3
    endloop
  endfacet
  facet normal -0.110678 0.698881 0.706623
    outer loop
      vertex -1.88151 17.9014 3
      vertex -3.74241 17.6067 3
      vertex -1.24747 5.86889 15
    endloop
  endfacet
  facet normal -0.110685 0.69888 0.706622
    outer loop
      vertex -0.627171 5.96713 15
      vertex -1.88151 17.9014 3
      vertex -1.24747 5.86889 15
    endloop
  endfacet
  facet normal 0.037034 0.706621 0.706622
    outer loop
      vertex 1.88151 17.9014 3
      vertex 0 6 15
      vertex 0.627171 5.96713 15
    endloop
  endfacet
  facet normal 0.183142 0.683479 0.706623
    outer loop
      vertex 3.74241 17.6067 3
      vertex 1.24747 5.86889 15
      vertex 1.8541 5.70634 15
    endloop
  endfacet
  facet normal 0.110678 0.698881 0.706623
    outer loop
      vertex 1.88151 17.9014 3
      vertex 1.24747 5.86889 15
      vertex 3.74241 17.6067 3
    endloop
  endfacet
  facet normal 0.549914 0.445287 0.706622
    outer loop
      vertex 13.3766 12.0444 3
      vertex 4.8541 3.52671 15
      vertex 14.5623 10.5801 3
    endloop
  endfacet
  facet normal 0.445287 0.549914 0.706622
    outer loop
      vertex 10.5801 14.5623 3
      vertex 3.52671 4.8541 15
      vertex 12.0444 13.3766 3
    endloop
  endfacet
  facet normal 0.385401 0.593424 0.706622
    outer loop
      vertex 9 15.5885 3
      vertex 3.52671 4.8541 15
      vertex 10.5801 14.5623 3
    endloop
  endfacet
  facet normal 0.385382 0.593435 0.706623
    outer loop
      vertex 3.52671 4.8541 15
      vertex 9 15.5885 3
      vertex 3 5.19615 15
    endloop
  endfacet
  facet normal 0.321239 0.630468 0.706623
    outer loop
      vertex 9 15.5885 3
      vertex 2.44042 5.48127 15
      vertex 3 5.19615 15
    endloop
  endfacet
  facet normal 0.549902 0.4453 0.706623
    outer loop
      vertex 13.3766 12.0444 3
      vertex 4.45887 4.01478 15
      vertex 4.8541 3.52671 15
    endloop
  endfacet
  facet normal 0.69888 0.110685 0.706622
    outer loop
      vertex 17.9014 1.88151 3
      vertex 5.86889 1.24747 15
      vertex 5.96713 0.627171 15
    endloop
  endfacet
  facet normal 0.660594 0.253579 0.706621
    outer loop
      vertex 16.4438 7.32126 3
      vertex 5.70634 1.8541 15
      vertex 17.119 5.56231 3
    endloop
  endfacet
  facet normal 0.660593 0.253581 0.706621
    outer loop
      vertex 5.70634 1.8541 15
      vertex 16.4438 7.32126 3
      vertex 5.48127 2.44042 15
    endloop
  endfacet
  facet normal 0.630468 0.321239 0.706623
    outer loop
      vertex 15.5885 9 3
      vertex 5.19615 3 15
      vertex 5.48127 2.44042 15
    endloop
  endfacet
  facet normal 0.183142 -0.683479 0.706623
    outer loop
      vertex 1.8541 -5.70634 15
      vertex 1.24747 -5.86889 15
      vertex 3.74241 -17.6067 3
    endloop
  endfacet
  facet normal 0.110678 -0.698881 0.706623
    outer loop
      vertex 3.74241 -17.6067 3
      vertex 1.24747 -5.86889 15
      vertex 1.88151 -17.9014 3
    endloop
  endfacet
  facet normal 0.183159 -0.683475 0.706622
    outer loop
      vertex 5.56231 -17.119 3
      vertex 1.8541 -5.70634 15
      vertex 3.74241 -17.6067 3
    endloop
  endfacet
  facet normal 0.445287 -0.549914 0.706622
    outer loop
      vertex 12.0444 -13.3766 3
      vertex 3.52671 -4.8541 15
      vertex 10.5801 -14.5623 3
    endloop
  endfacet
  facet normal 0.683479 -0.183142 0.706623
    outer loop
      vertex 5.86889 -1.24747 15
      vertex 5.70634 -1.8541 15
      vertex 17.6067 -3.74241 3
    endloop
  endfacet
  facet normal -0.253581 0.660593 0.706621
    outer loop
      vertex -5.56231 17.119 3
      vertex -2.44042 5.48127 15
      vertex -1.8541 5.70634 15
    endloop
  endfacet
  facet normal -0.253579 0.660594 0.706621
    outer loop
      vertex -2.44042 5.48127 15
      vertex -5.56231 17.119 3
      vertex -7.32126 16.4438 3
    endloop
  endfacet
  facet normal -0.445287 0.549914 0.706622
    outer loop
      vertex -10.5801 14.5623 3
      vertex -12.0444 13.3766 3
      vertex -3.52671 4.8541 15
    endloop
  endfacet
  facet normal -0.4453 0.549902 0.706623
    outer loop
      vertex -3.52671 4.8541 15
      vertex -12.0444 13.3766 3
      vertex -4.01478 4.45887 15
    endloop
  endfacet
  facet normal -0.549902 0.4453 0.706623
    outer loop
      vertex -4.45887 4.01478 15
      vertex -13.3766 12.0444 3
      vertex -4.8541 3.52671 15
    endloop
  endfacet
  facet normal -0.630468 0.321239 0.706623
    outer loop
      vertex -5.19615 3 15
      vertex -15.5885 9 3
      vertex -5.48127 2.44042 15
    endloop
  endfacet
  facet normal 0 0 1
    outer loop
      vertex 4 0 15
      vertex 6 0 15
      vertex 5.96713 0.627171 15
    endloop
  endfacet
  facet normal 0 0 1
    outer loop
      vertex 3.97809 0.418114 15
      vertex 5.96713 0.627171 15
      vertex 5.86889 1.24747 15
    endloop
  endfacet
  facet normal 0 0 1
    outer loop
      vertex 6 0 15
      vertex 4 0 15
      vertex 5.96713 -0.627171 15
    endloop
  endfacet
  facet normal 0 0 1
    outer loop
      vertex 3.91259 0.831646 15
      vertex 5.86889 1.24747 15
      vertex 5.70634 1.8541 15
    endloop
  endfacet
  facet normal -0 0 1
    outer loop
      vertex 3.97809 -0.418114 15
      vertex 5.96713 -0.627171 15
      vertex 4 0 15
    endloop
  endfacet
  facet normal 0 0 1
    outer loop
      vertex 3.80423 1.23607 15
      vertex 5.70634 1.8541 15
      vertex 5.48127 2.44042 15
    endloop
  endfacet
  facet normal 0 0 1
    outer loop
      vertex 5.96713 -0.627171 15
      vertex 3.97809 -0.418114 15
      vertex 5.86889 -1.24747 15
    endloop
  endfacet
  facet normal 0 0 1
    outer loop
      vertex 3.65418 1.62695 15
      vertex 5.48127 2.44042 15
      vertex 5.19615 3 15
    endloop
  endfacet
  facet normal -0 0 1
    outer loop
      vertex 3.91259 -0.831646 15
      vertex 5.86889 -1.24747 15
      vertex 3.97809 -0.418114 15
    endloop
  endfacet
  facet normal 0 0 1
    outer loop
      vertex 3.4641 2 15
      vertex 5.19615 3 15
      vertex 4.8541 3.52671 15
    endloop
  endfacet
  facet normal 0 0 1
    outer loop
      vertex 5.86889 -1.24747 15
      vertex 3.91259 -0.831646 15
      vertex 5.70634 -1.8541 15
    endloop
  endfacet
  facet normal 0 0 1
    outer loop
      vertex 3.23607 2.35114 15
      vertex 4.8541 3.52671 15
      vertex 4.45887 4.01478 15
    endloop
  endfacet
  facet normal -0 0 1
    outer loop
      vertex 3.80423 -1.23607 15
      vertex 5.70634 -1.8541 15
      vertex 3.91259 -0.831646 15
    endloop
  endfacet
  facet normal 0 0 1
    outer loop
      vertex 2.97258 2.67652 15
      vertex 4.45887 4.01478 15
      vertex 4.01478 4.45887 15
    endloop
  endfacet
  facet normal 0 0 1
    outer loop
      vertex 5.70634 -1.8541 15
      vertex 3.80423 -1.23607 15
      vertex 5.48127 -2.44042 15
    endloop
  endfacet
  facet normal -0 0 1
    outer loop
      vertex 3.65418 -1.62695 15
      vertex 5.48127 -2.44042 15
      vertex 3.80423 -1.23607 15
    endloop
  endfacet
  facet normal 0 0 1
    outer loop
      vertex 5.96713 0.627171 15
      vertex 3.97809 0.418114 15
      vertex 4 0 15
    endloop
  endfacet
  facet normal 0 0 1
    outer loop
      vertex 5.86889 1.24747 15
      vertex 3.91259 0.831646 15
      vertex 3.97809 0.418114 15
    endloop
  endfacet
  facet normal 0 0 1
    outer loop
      vertex 5.70634 1.8541 15
      vertex 3.80423 1.23607 15
      vertex 3.91259 0.831646 15
    endloop
  endfacet
  facet normal 0 0 1
    outer loop
      vertex 5.48127 2.44042 15
      vertex 3.65418 1.62695 15
      vertex 3.80423 1.23607 15
    endloop
  endfacet
  facet normal 0 0 1
    outer loop
      vertex 2.67652 2.97258 15
      vertex 4.01478 4.45887 15
      vertex 3.52671 4.8541 15
    endloop
  endfacet
  facet normal 0 0 1
    outer loop
      vertex 5.19615 3 15
      vertex 3.4641 2 15
      vertex 3.65418 1.62695 15
    endloop
  endfacet
  facet normal 0 0 1
    outer loop
      vertex 4.8541 3.52671 15
      vertex 3.23607 2.35114 15
      vertex 3.4641 2 15
    endloop
  endfacet
  facet normal 0 0 1
    outer loop
      vertex 2.35114 3.23607 15
      vertex 3.52671 4.8541 15
      vertex 3 5.19615 15
    endloop
  endfacet
  facet normal 0 0 1
    outer loop
      vertex 4.45887 4.01478 15
      vertex 2.97258 2.67652 15
      vertex 3.23607 2.35114 15
    endloop
  endfacet
  facet normal 0 0 1
    outer loop
      vertex 4.01478 4.45887 15
      vertex 2.67652 2.97258 15
      vertex 2.97258 2.67652 15
    endloop
  endfacet
  facet normal 0 0 1
    outer loop
      vertex 2 3.4641 15
      vertex 3 5.19615 15
      vertex 2.44042 5.48127 15
    endloop
  endfacet
  facet normal 0 0 1
    outer loop
      vertex 3.52671 4.8541 15
      vertex 2.35114 3.23607 15
      vertex 2.67652 2.97258 15
    endloop
  endfacet
  facet normal 0 0 1
    outer loop
      vertex 3 5.19615 15
      vertex 2 3.4641 15
      vertex 2.35114 3.23607 15
    endloop
  endfacet
  facet normal 0 0 1
    outer loop
      vertex 1.62695 3.65418 15
      vertex 2.44042 5.48127 15
      vertex 1.8541 5.70634 15
    endloop
  endfacet
  facet normal 0 0 1
    outer loop
      vertex 2.44042 5.48127 15
      vertex 1.62695 3.65418 15
      vertex 2 3.4641 15
    endloop
  endfacet
  facet normal 0 0 1
    outer loop
      vertex 1.23607 3.80423 15
      vertex 1.8541 5.70634 15
      vertex 1.24747 5.86889 15
    endloop
  endfacet
  facet normal 0 0 1
    outer loop
      vertex 1.8541 5.70634 15
      vertex 1.23607 3.80423 15
      vertex 1.62695 3.65418 15
    endloop
  endfacet
  facet normal 0 0 1
    outer loop
      vertex 1.24747 5.86889 15
      vertex 0.831646 3.91259 15
      vertex 1.23607 3.80423 15
    endloop
  endfacet
  facet normal 0 0 1
    outer loop
      vertex 0.627171 5.96713 15
      vertex 0.831646 3.91259 15
      vertex 1.24747 5.86889 15
    endloop
  endfacet
  facet normal 0 0 1
    outer loop
      vertex 0.627171 5.96713 15
      vertex 0.418114 3.97809 15
      vertex 0.831646 3.91259 15
    endloop
  endfacet
  facet normal 0 0 1
    outer loop
      vertex 0 6 15
      vertex 0.418114 3.97809 15
      vertex 0.627171 5.96713 15
    endloop
  endfacet
  facet normal 0 0 1
    outer loop
      vertex 0 6 15
      vertex 0 4 15
      vertex 0.418114 3.97809 15
    endloop
  endfacet
  facet normal 0 0 1
    outer loop
      vertex 0 6 15
      vertex -0.418114 3.97809 15
      vertex 0 4 15
    endloop
  endfacet
  facet normal -0 0 1
    outer loop
      vertex -0.627171 5.96713 15
      vertex -0.418114 3.97809 15
      vertex 0 6 15
    endloop
  endfacet
  facet normal 0 0 1
    outer loop
      vertex -0.627171 5.96713 15
      vertex -0.831646 3.91259 15
      vertex -0.418114 3.97809 15
    endloop
  endfacet
  facet normal -0 0 1
    outer loop
      vertex -1.24747 5.86889 15
      vertex -0.831646 3.91259 15
      vertex -0.627171 5.96713 15
    endloop
  endfacet
  facet normal 0 0 1
    outer loop
      vertex -0.831646 3.91259 15
      vertex -1.24747 5.86889 15
      vertex -1.23607 3.80423 15
    endloop
  endfacet
  facet normal -0 0 1
    outer loop
      vertex -1.8541 5.70634 15
      vertex -1.23607 3.80423 15
      vertex -1.24747 5.86889 15
    endloop
  endfacet
  facet normal 0 0 1
    outer loop
      vertex -1.23607 3.80423 15
      vertex -1.8541 5.70634 15
      vertex -1.62695 3.65418 15
    endloop
  endfacet
  facet normal -0 0 1
    outer loop
      vertex -2.44042 5.48127 15
      vertex -1.62695 3.65418 15
      vertex -1.8541 5.70634 15
    endloop
  endfacet
  facet normal 0 0 1
    outer loop
      vertex -1.62695 3.65418 15
      vertex -2.44042 5.48127 15
      vertex -2 3.4641 15
    endloop
  endfacet
  facet normal -0 0 1
    outer loop
      vertex -3 5.19615 15
      vertex -2 3.4641 15
      vertex -2.44042 5.48127 15
    endloop
  endfacet
  facet normal 0 0 1
    outer loop
      vertex -2 3.4641 15
      vertex -3 5.19615 15
      vertex -2.35114 3.23607 15
    endloop
  endfacet
  facet normal -0 0 1
    outer loop
      vertex -3.52671 4.8541 15
      vertex -2.35114 3.23607 15
      vertex -3 5.19615 15
    endloop
  endfacet
  facet normal 0 0 1
    outer loop
      vertex -2.35114 3.23607 15
      vertex -3.52671 4.8541 15
      vertex -2.67652 2.97258 15
    endloop
  endfacet
  facet normal -0 0 1
    outer loop
      vertex -4.01478 4.45887 15
      vertex -2.67652 2.97258 15
      vertex -3.52671 4.8541 15
    endloop
  endfacet
  facet normal 0 0 1
    outer loop
      vertex -2.67652 2.97258 15
      vertex -4.01478 4.45887 15
      vertex -2.97258 2.67652 15
    endloop
  endfacet
  facet normal -0 0 1
    outer loop
      vertex -4.45887 4.01478 15
      vertex -2.97258 2.67652 15
      vertex -4.01478 4.45887 15
    endloop
  endfacet
  facet normal 0 0 1
    outer loop
      vertex -2.97258 2.67652 15
      vertex -4.45887 4.01478 15
      vertex -3.23607 2.35114 15
    endloop
  endfacet
  facet normal -0 0 1
    outer loop
      vertex -4.8541 3.52671 15
      vertex -3.23607 2.35114 15
      vertex -4.45887 4.01478 15
    endloop
  endfacet
  facet normal 0 0 1
    outer loop
      vertex -3.23607 2.35114 15
      vertex -4.8541 3.52671 15
      vertex -3.4641 2 15
    endloop
  endfacet
  facet normal -0 0 1
    outer loop
      vertex -5.19615 3 15
      vertex -3.4641 2 15
      vertex -4.8541 3.52671 15
    endloop
  endfacet
  facet normal -0 0 1
    outer loop
      vertex -5.48127 2.44042 15
      vertex -3.65418 1.62695 15
      vertex -5.19615 3 15
    endloop
  endfacet
  facet normal 0 0 1
    outer loop
      vertex -3.4641 2 15
      vertex -5.19615 3 15
      vertex -3.65418 1.62695 15
    endloop
  endfacet
  facet normal 0 0 1
    outer loop
      vertex 5.48127 -2.44042 15
      vertex 3.65418 -1.62695 15
      vertex 5.19615 -3 15
    endloop
  endfacet
  facet normal -0 0 1
    outer loop
      vertex 3.4641 -2 15
      vertex 5.19615 -3 15
      vertex 3.65418 -1.62695 15
    endloop
  endfacet
  facet normal 0 0 1
    outer loop
      vertex 5.19615 -3 15
      vertex 3.4641 -2 15
      vertex 4.8541 -3.52671 15
    endloop
  endfacet
  facet normal -0 0 1
    outer loop
      vertex 3.23607 -2.35114 15
      vertex 4.8541 -3.52671 15
      vertex 3.4641 -2 15
    endloop
  endfacet
  facet normal 0 0 1
    outer loop
      vertex 4.8541 -3.52671 15
      vertex 3.23607 -2.35114 15
      vertex 4.45887 -4.01478 15
    endloop
  endfacet
  facet normal -0 0 1
    outer loop
      vertex 2.97258 -2.67652 15
      vertex 4.45887 -4.01478 15
      vertex 3.23607 -2.35114 15
    endloop
  endfacet
  facet normal 0 0 1
    outer loop
      vertex 4.45887 -4.01478 15
      vertex 2.97258 -2.67652 15
      vertex 4.01478 -4.45887 15
    endloop
  endfacet
  facet normal -0 0 1
    outer loop
      vertex 2.67652 -2.97258 15
      vertex 4.01478 -4.45887 15
      vertex 2.97258 -2.67652 15
    endloop
  endfacet
  facet normal 0 0 1
    outer loop
      vertex 4.01478 -4.45887 15
      vertex 2.67652 -2.97258 15
      vertex 3.52671 -4.8541 15
    endloop
  endfacet
  facet normal -0 0 1
    outer loop
      vertex 2.35114 -3.23607 15
      vertex 3.52671 -4.8541 15
      vertex 2.67652 -2.97258 15
    endloop
  endfacet
  facet normal 0 0 1
    outer loop
      vertex 3.52671 -4.8541 15
      vertex 2.35114 -3.23607 15
      vertex 3 -5.19615 15
    endloop
  endfacet
  facet normal -0 0 1
    outer loop
      vertex 2 -3.4641 15
      vertex 3 -5.19615 15
      vertex 2.35114 -3.23607 15
    endloop
  endfacet
  facet normal 0 0 1
    outer loop
      vertex 3 -5.19615 15
      vertex 2 -3.4641 15
      vertex 2.44042 -5.48127 15
    endloop
  endfacet
  facet normal -0 0 1
    outer loop
      vertex 1.62695 -3.65418 15
      vertex 2.44042 -5.48127 15
      vertex 2 -3.4641 15
    endloop
  endfacet
  facet normal 0 0 1
    outer loop
      vertex 2.44042 -5.48127 15
      vertex 1.62695 -3.65418 15
      vertex 1.8541 -5.70634 15
    endloop
  endfacet
  facet normal -0 0 1
    outer loop
      vertex 1.23607 -3.80423 15
      vertex 1.8541 -5.70634 15
      vertex 1.62695 -3.65418 15
    endloop
  endfacet
  facet normal 0 0 1
    outer loop
      vertex 1.8541 -5.70634 15
      vertex 1.23607 -3.80423 15
      vertex 1.24747 -5.86889 15
    endloop
  endfacet
  facet normal -0 0 1
    outer loop
      vertex 0.831646 -3.91259 15
      vertex 1.24747 -5.86889 15
      vertex 1.23607 -3.80423 15
    endloop
  endfacet
  facet normal 0 0 1
    outer loop
      vertex 0.831646 -3.91259 15
      vertex 0.627171 -5.96713 15
      vertex 1.24747 -5.86889 15
    endloop
  endfacet
  facet normal -0 0 1
    outer loop
      vertex 0.418114 -3.97809 15
      vertex 0.627171 -5.96713 15
      vertex 0.831646 -3.91259 15
    endloop
  endfacet
  facet normal -0 0 1
    outer loop
      vertex 0 -4 15
      vertex 0.627171 -5.96713 15
      vertex 0.418114 -3.97809 15
    endloop
  endfacet
  facet normal 0 0 1
    outer loop
      vertex 0 -4 15
      vertex 0 -6 15
      vertex 0.627171 -5.96713 15
    endloop
  endfacet
  facet normal 0 0 1
    outer loop
      vertex -0.418114 -3.97809 15
      vertex 0 -6 15
      vertex 0 -4 15
    endloop
  endfacet
  facet normal 0 0 1
    outer loop
      vertex -0.418114 -3.97809 15
      vertex -0.627171 -5.96713 15
      vertex 0 -6 15
    endloop
  endfacet
  facet normal 0 0 1
    outer loop
      vertex -0.831646 -3.91259 15
      vertex -0.627171 -5.96713 15
      vertex -0.418114 -3.97809 15
    endloop
  endfacet
  facet normal 0 0 1
    outer loop
      vertex -1.24747 -5.86889 15
      vertex -0.831646 -3.91259 15
      vertex -1.23607 -3.80423 15
    endloop
  endfacet
  facet normal 0 0 1
    outer loop
      vertex -0.831646 -3.91259 15
      vertex -1.24747 -5.86889 15
      vertex -0.627171 -5.96713 15
    endloop
  endfacet
  facet normal 0 0 1
    outer loop
      vertex -1.8541 -5.70634 15
      vertex -1.23607 -3.80423 15
      vertex -1.62695 -3.65418 15
    endloop
  endfacet
  facet normal 0 0 1
    outer loop
      vertex -1.23607 -3.80423 15
      vertex -1.8541 -5.70634 15
      vertex -1.24747 -5.86889 15
    endloop
  endfacet
  facet normal 0 0 1
    outer loop
      vertex -2.44042 -5.48127 15
      vertex -1.62695 -3.65418 15
      vertex -2 -3.4641 15
    endloop
  endfacet
  facet normal 0 0 1
    outer loop
      vertex -3 -5.19615 15
      vertex -2 -3.4641 15
      vertex -2.35114 -3.23607 15
    endloop
  endfacet
  facet normal 0 0 1
    outer loop
      vertex -1.62695 -3.65418 15
      vertex -2.44042 -5.48127 15
      vertex -1.8541 -5.70634 15
    endloop
  endfacet
  facet normal 0 0 1
    outer loop
      vertex -3.52671 -4.8541 15
      vertex -2.35114 -3.23607 15
      vertex -2.67652 -2.97258 15
    endloop
  endfacet
  facet normal 0 0 1
    outer loop
      vertex -4.01478 -4.45887 15
      vertex -2.67652 -2.97258 15
      vertex -2.97258 -2.67652 15
    endloop
  endfacet
  facet normal 0 0 1
    outer loop
      vertex -2 -3.4641 15
      vertex -3 -5.19615 15
      vertex -2.44042 -5.48127 15
    endloop
  endfacet
  facet normal 0 0 1
    outer loop
      vertex -4.45887 -4.01478 15
      vertex -2.97258 -2.67652 15
      vertex -3.23607 -2.35114 15
    endloop
  endfacet
  facet normal 0 0 1
    outer loop
      vertex -4.8541 -3.52671 15
      vertex -3.23607 -2.35114 15
      vertex -3.4641 -2 15
    endloop
  endfacet
  facet normal 0 0 1
    outer loop
      vertex -2.35114 -3.23607 15
      vertex -3.52671 -4.8541 15
      vertex -3 -5.19615 15
    endloop
  endfacet
  facet normal 0 0 1
    outer loop
      vertex -5.19615 -3 15
      vertex -3.4641 -2 15
      vertex -3.65418 -1.62695 15
    endloop
  endfacet
  facet normal 0 0 1
    outer loop
      vertex -5.48127 -2.44042 15
      vertex -3.65418 -1.62695 15
      vertex -3.80423 -1.23607 15
    endloop
  endfacet
  facet normal 0 0 1
    outer loop
      vertex -5.70634 -1.8541 15
      vertex -3.80423 -1.23607 15
      vertex -3.91259 -0.831646 15
    endloop
  endfacet
  facet normal 0 0 1
    outer loop
      vertex -5.86889 -1.24747 15
      vertex -3.91259 -0.831646 15
      vertex -3.97809 -0.418114 15
    endloop
  endfacet
  facet normal 0 0 1
    outer loop
      vertex -2.67652 -2.97258 15
      vertex -4.01478 -4.45887 15
      vertex -3.52671 -4.8541 15
    endloop
  endfacet
  facet normal 0 0 1
    outer loop
      vertex -5.96713 -0.627171 15
      vertex -3.97809 -0.418114 15
      vertex -4 0 15
    endloop
  endfacet
  facet normal 0 0 1
    outer loop
      vertex -3.65418 1.62695 15
      vertex -5.48127 2.44042 15
      vertex -3.80423 1.23607 15
    endloop
  endfacet
  facet normal -0 0 1
    outer loop
      vertex -5.70634 1.8541 15
      vertex -3.80423 1.23607 15
      vertex -5.48127 2.44042 15
    endloop
  endfacet
  facet normal 0 0 1
    outer loop
      vertex -2.97258 -2.67652 15
      vertex -4.45887 -4.01478 15
      vertex -4.01478 -4.45887 15
    endloop
  endfacet
  facet normal 0 0 1
    outer loop
      vertex -3.80423 1.23607 15
      vertex -5.70634 1.8541 15
      vertex -3.91259 0.831646 15
    endloop
  endfacet
  facet normal 0 0 1
    outer loop
      vertex -3.23607 -2.35114 15
      vertex -4.8541 -3.52671 15
      vertex -4.45887 -4.01478 15
    endloop
  endfacet
  facet normal -0 0 1
    outer loop
      vertex -5.86889 1.24747 15
      vertex -3.91259 0.831646 15
      vertex -5.70634 1.8541 15
    endloop
  endfacet
  facet normal 0 0 1
    outer loop
      vertex -3.4641 -2 15
      vertex -5.19615 -3 15
      vertex -4.8541 -3.52671 15
    endloop
  endfacet
  facet normal 0 0 1
    outer loop
      vertex -3.91259 0.831646 15
      vertex -5.86889 1.24747 15
      vertex -3.97809 0.418114 15
    endloop
  endfacet
  facet normal 0 0 1
    outer loop
      vertex -3.65418 -1.62695 15
      vertex -5.48127 -2.44042 15
      vertex -5.19615 -3 15
    endloop
  endfacet
  facet normal -0 0 1
    outer loop
      vertex -5.96713 0.627171 15
      vertex -3.97809 0.418114 15
      vertex -5.86889 1.24747 15
    endloop
  endfacet
  facet normal 0 0 1
    outer loop
      vertex -3.80423 -1.23607 15
      vertex -5.70634 -1.8541 15
      vertex -5.48127 -2.44042 15
    endloop
  endfacet
  facet normal 0 0 1
    outer loop
      vertex -3.97809 0.418114 15
      vertex -5.96713 0.627171 15
      vertex -4 0 15
    endloop
  endfacet
  facet normal 0 0 1
    outer loop
      vertex -3.91259 -0.831646 15
      vertex -5.86889 -1.24747 15
      vertex -5.70634 -1.8541 15
    endloop
  endfacet
  facet normal 0 0 1
    outer loop
      vertex -6 0 15
      vertex -4 0 15
      vertex -5.96713 0.627171 15
    endloop
  endfacet
  facet normal 0 0 1
    outer loop
      vertex -3.97809 -0.418114 15
      vertex -5.96713 -0.627171 15
      vertex -5.86889 -1.24747 15
    endloop
  endfacet
  facet normal 0 0 1
    outer loop
      vertex -4 0 15
      vertex -6 0 15
      vertex -5.96713 -0.627171 15
    endloop
  endfacet
  facet normal -0.69888 0.110685 0.706622
    outer loop
      vertex -5.86889 1.24747 15
      vertex -17.9014 1.88151 3
      vertex -5.96713 0.627171 15
    endloop
  endfacet
  facet normal -0.683475 0.183159 0.706622
    outer loop
      vertex -17.119 5.56231 3
      vertex -17.6067 3.74241 3
      vertex -5.70634 1.8541 15
    endloop
  endfacet
  facet normal -0.683479 0.183142 0.706623
    outer loop
      vertex -5.70634 1.8541 15
      vertex -17.6067 3.74241 3
      vertex -5.86889 1.24747 15
    endloop
  endfacet
  facet normal -0.321239 -0.630468 0.706623
    outer loop
      vertex -3 -5.19615 15
      vertex -9 -15.5885 3
      vertex -2.44042 -5.48127 15
    endloop
  endfacet
  facet normal -0.183159 -0.683475 0.706622
    outer loop
      vertex -1.8541 -5.70634 15
      vertex -5.56231 -17.119 3
      vertex -3.74241 -17.6067 3
    endloop
  endfacet
  facet normal -0.698881 -0.110678 0.706623
    outer loop
      vertex -5.86889 -1.24747 15
      vertex -17.9014 -1.88151 3
      vertex -17.6067 -3.74241 3
    endloop
  endfacet
  facet normal -0.630468 -0.321239 0.706623
    outer loop
      vertex -5.48127 -2.44042 15
      vertex -15.5885 -9 3
      vertex -5.19615 -3 15
    endloop
  endfacet
  facet normal -0.037034 0.706621 0.706622
    outer loop
      vertex 0 6 15
      vertex -1.88151 17.9014 3
      vertex -0.627171 5.96713 15
    endloop
  endfacet
  facet normal 0.110685 0.69888 0.706622
    outer loop
      vertex 1.88151 17.9014 3
      vertex 0.627171 5.96713 15
      vertex 1.24747 5.86889 15
    endloop
  endfacet
  facet normal 0.500342 0.500342 0.706623
    outer loop
      vertex 12.0444 13.3766 3
      vertex 4.45887 4.01478 15
      vertex 13.3766 12.0444 3
    endloop
  endfacet
  facet normal 0.500342 0.500342 0.706623
    outer loop
      vertex 4.45887 4.01478 15
      vertex 12.0444 13.3766 3
      vertex 4.01478 4.45887 15
    endloop
  endfacet
  facet normal 0.683475 0.183159 0.706622
    outer loop
      vertex 17.119 5.56231 3
      vertex 5.70634 1.8541 15
      vertex 17.6067 3.74241 3
    endloop
  endfacet
  facet normal 0.698881 0.110678 0.706623
    outer loop
      vertex 17.6067 3.74241 3
      vertex 5.86889 1.24747 15
      vertex 17.9014 1.88151 3
    endloop
  endfacet
  facet normal 0.706621 0.037034 0.706622
    outer loop
      vertex 17.9014 1.88151 3
      vertex 5.96713 0.627171 15
      vertex 6 0 15
    endloop
  endfacet
  facet normal 0.4453 -0.549902 0.706623
    outer loop
      vertex 4.01478 -4.45887 15
      vertex 3.52671 -4.8541 15
      vertex 12.0444 -13.3766 3
    endloop
  endfacet
  facet normal 0.321239 -0.630468 0.706623
    outer loop
      vertex 3 -5.19615 15
      vertex 2.44042 -5.48127 15
      vertex 9 -15.5885 3
    endloop
  endfacet
  facet normal 0.385401 -0.593424 0.706622
    outer loop
      vertex 3.52671 -4.8541 15
      vertex 9 -15.5885 3
      vertex 10.5801 -14.5623 3
    endloop
  endfacet
  facet normal 0.385382 -0.593435 0.706623
    outer loop
      vertex 9 -15.5885 3
      vertex 3.52671 -4.8541 15
      vertex 3 -5.19615 15
    endloop
  endfacet
  facet normal 0.660594 -0.253579 0.706621
    outer loop
      vertex 5.70634 -1.8541 15
      vertex 16.4438 -7.32126 3
      vertex 17.119 -5.56231 3
    endloop
  endfacet
  facet normal 0.660593 -0.253581 0.706621
    outer loop
      vertex 16.4438 -7.32126 3
      vertex 5.70634 -1.8541 15
      vertex 5.48127 -2.44042 15
    endloop
  endfacet
  facet normal 0.500342 -0.500342 0.706623
    outer loop
      vertex 4.45887 -4.01478 15
      vertex 12.0444 -13.3766 3
      vertex 13.3766 -12.0444 3
    endloop
  endfacet
  facet normal 0.500342 -0.500342 0.706623
    outer loop
      vertex 12.0444 -13.3766 3
      vertex 4.45887 -4.01478 15
      vertex 4.01478 -4.45887 15
    endloop
  endfacet
  facet normal 0.698881 -0.110678 0.706623
    outer loop
      vertex 17.9014 -1.88151 3
      vertex 5.86889 -1.24747 15
      vertex 17.6067 -3.74241 3
    endloop
  endfacet
  facet normal -0.183159 0.683475 0.706622
    outer loop
      vertex -3.74241 17.6067 3
      vertex -5.56231 17.119 3
      vertex -1.8541 5.70634 15
    endloop
  endfacet
  facet normal -0.110678 -0.698881 0.706623
    outer loop
      vertex -1.24747 -5.86889 15
      vertex -3.74241 -17.6067 3
      vertex -1.88151 -17.9014 3
    endloop
  endfacet
  facet normal -0.183142 -0.683479 0.706623
    outer loop
      vertex -1.8541 -5.70634 15
      vertex -3.74241 -17.6067 3
      vertex -1.24747 -5.86889 15
    endloop
  endfacet
  facet normal -0.385382 -0.593435 0.706623
    outer loop
      vertex -3.52671 -4.8541 15
      vertex -9 -15.5885 3
      vertex -3 -5.19615 15
    endloop
  endfacet
  facet normal -0.385401 -0.593424 0.706622
    outer loop
      vertex -9 -15.5885 3
      vertex -3.52671 -4.8541 15
      vertex -10.5801 -14.5623 3
    endloop
  endfacet
  facet normal -0.321222 -0.630478 0.706622
    outer loop
      vertex -2.44042 -5.48127 15
      vertex -9 -15.5885 3
      vertex -7.32126 -16.4438 3
    endloop
  endfacet
  facet normal -0.253581 -0.660593 0.706621
    outer loop
      vertex -2.44042 -5.48127 15
      vertex -5.56231 -17.119 3
      vertex -1.8541 -5.70634 15
    endloop
  endfacet
  facet normal -0.253579 -0.660594 0.706621
    outer loop
      vertex -5.56231 -17.119 3
      vertex -2.44042 -5.48127 15
      vertex -7.32126 -16.4438 3
    endloop
  endfacet
  facet normal -0.660593 -0.253581 0.706621
    outer loop
      vertex -5.70634 -1.8541 15
      vertex -16.4438 -7.32126 3
      vertex -5.48127 -2.44042 15
    endloop
  endfacet
  facet normal -0.660594 -0.253579 0.706621
    outer loop
      vertex -16.4438 -7.32126 3
      vertex -5.70634 -1.8541 15
      vertex -17.119 -5.56231 3
    endloop
  endfacet
  facet normal -0.683479 -0.183142 0.706623
    outer loop
      vertex -5.86889 -1.24747 15
      vertex -17.6067 -3.74241 3
      vertex -5.70634 -1.8541 15
    endloop
  endfacet
  facet normal -0.593436 -0.385383 0.706621
    outer loop
      vertex -5.19615 -3 15
      vertex -14.5623 -10.5801 3
      vertex -4.8541 -3.52671 15
    endloop
  endfacet
  facet normal -0.593424 -0.3854 0.706622
    outer loop
      vertex -14.5623 -10.5801 3
      vertex -5.19615 -3 15
      vertex -15.5885 -9 3
    endloop
  endfacet
  facet normal -0.037034 -0.706621 0.706622
    outer loop
      vertex -0.627171 -5.96713 15
      vertex -1.88151 -17.9014 3
      vertex 0 -6 15
    endloop
  endfacet
  facet normal -0.0370303 -0.706622 0.706622
    outer loop
      vertex 0 -6 15
      vertex -1.88151 -17.9014 3
      vertex 0 -18 3
    endloop
  endfacet
  facet normal 0.253579 -0.660594 0.706621
    outer loop
      vertex 2.44042 -5.48127 15
      vertex 5.56231 -17.119 3
      vertex 7.32126 -16.4438 3
    endloop
  endfacet
  facet normal 0.253581 -0.660593 0.706621
    outer loop
      vertex 5.56231 -17.119 3
      vertex 2.44042 -5.48127 15
      vertex 1.8541 -5.70634 15
    endloop
  endfacet
  facet normal 0.630468 -0.321239 0.706623
    outer loop
      vertex 5.48127 -2.44042 15
      vertex 5.19615 -3 15
      vertex 15.5885 -9 3
    endloop
  endfacet
  facet normal 0.549902 -0.4453 0.706623
    outer loop
      vertex 4.8541 -3.52671 15
      vertex 4.45887 -4.01478 15
      vertex 13.3766 -12.0444 3
    endloop
  endfacet
  facet normal 0.69888 -0.110685 0.706622
    outer loop
      vertex 5.96713 -0.627171 15
      vertex 5.86889 -1.24747 15
      vertex 17.9014 -1.88151 3
    endloop
  endfacet
  facet normal 0.706621 -0.037034 0.706622
    outer loop
      vertex 6 0 15
      vertex 5.96713 -0.627171 15
      vertex 17.9014 -1.88151 3
    endloop
  endfacet
  facet normal -0.4453 -0.549902 0.706623
    outer loop
      vertex -4.01478 -4.45887 15
      vertex -12.0444 -13.3766 3
      vertex -3.52671 -4.8541 15
    endloop
  endfacet
  facet normal -0.706622 -0.0370303 0.706622
    outer loop
      vertex -6 0 15
      vertex -18 0 3
      vertex -17.9014 -1.88151 3
    endloop
  endfacet
  facet normal -0.549914 -0.445287 0.706622
    outer loop
      vertex -4.8541 -3.52671 15
      vertex -14.5623 -10.5801 3
      vertex -13.3766 -12.0444 3
    endloop
  endfacet
  facet normal -0.549902 -0.4453 0.706623
    outer loop
      vertex -4.8541 -3.52671 15
      vertex -13.3766 -12.0444 3
      vertex -4.45887 -4.01478 15
    endloop
  endfacet
  facet normal 0.037034 -0.706621 0.706622
    outer loop
      vertex 0.627171 -5.96713 15
      vertex 0 -6 15
      vertex 1.88151 -17.9014 3
    endloop
  endfacet
  facet normal 0.110685 -0.69888 0.706622
    outer loop
      vertex 1.24747 -5.86889 15
      vertex 0.627171 -5.96713 15
      vertex 1.88151 -17.9014 3
    endloop
  endfacet
  facet normal -0.110685 -0.69888 0.706622
    outer loop
      vertex -1.24747 -5.86889 15
      vertex -1.88151 -17.9014 3
      vertex -0.627171 -5.96713 15
    endloop
  endfacet
  facet normal 0.593424 -0.3854 0.706622
    outer loop
      vertex 5.19615 -3 15
      vertex 14.5623 -10.5801 3
      vertex 15.5885 -9 3
    endloop
  endfacet
  facet normal 0.593436 -0.385383 0.706621
    outer loop
      vertex 14.5623 -10.5801 3
      vertex 5.19615 -3 15
      vertex 4.8541 -3.52671 15
    endloop
  endfacet
  facet normal -0.706621 -0.037034 0.706622
    outer loop
      vertex -6 0 15
      vertex -17.9014 -1.88151 3
      vertex -5.96713 -0.627171 15
    endloop
  endfacet
  facet normal -0.69888 -0.110685 0.706622
    outer loop
      vertex -5.96713 -0.627171 15
      vertex -17.9014 -1.88151 3
      vertex -5.86889 -1.24747 15
    endloop
  endfacet
  facet normal 0.99863 0.0523302 0
    outer loop
      vertex 4 0 23
      vertex 3.97809 0.418114 15
      vertex 3.97809 0.418114 23
    endloop
  endfacet
  facet normal 0.99863 0.0523302 0
    outer loop
      vertex 3.97809 0.418114 15
      vertex 4 0 23
      vertex 4 0 15
    endloop
  endfacet
  facet normal -0.99863 0.0523302 0
    outer loop
      vertex -4 0 15
      vertex -3.97809 0.418114 23
      vertex -3.97809 0.418114 15
    endloop
  endfacet
  facet normal -0.99863 0.0523302 0
    outer loop
      vertex -3.97809 0.418114 23
      vertex -4 0 15
      vertex -4 0 23
    endloop
  endfacet
  facet normal 0.0523302 0.99863 -0
    outer loop
      vertex 0.418114 3.97809 15
      vertex 0 4 23
      vertex 0.418114 3.97809 23
    endloop
  endfacet
  facet normal 0.0523302 0.99863 0
    outer loop
      vertex 0 4 23
      vertex 0.418114 3.97809 15
      vertex 0 4 15
    endloop
  endfacet
  facet normal 0.707107 0.707107 0
    outer loop
      vertex 2.97258 2.67652 23
      vertex 2.67652 2.97258 15
      vertex 2.67652 2.97258 23
    endloop
  endfacet
  facet normal 0.707107 0.707107 0
    outer loop
      vertex 2.67652 2.97258 15
      vertex 2.97258 2.67652 23
      vertex 2.97258 2.67652 15
    endloop
  endfacet
  facet normal -0.629324 0.777143 0
    outer loop
      vertex -2.35114 3.23607 15
      vertex -2.67652 2.97258 23
      vertex -2.35114 3.23607 23
    endloop
  endfacet
  facet normal -0.629324 0.777143 0
    outer loop
      vertex -2.67652 2.97258 23
      vertex -2.35114 3.23607 15
      vertex -2.67652 2.97258 15
    endloop
  endfacet
  facet normal -0.258808 0.965929 0
    outer loop
      vertex -0.831646 3.91259 15
      vertex -1.23607 3.80423 23
      vertex -0.831646 3.91259 23
    endloop
  endfacet
  facet normal -0.258808 0.965929 0
    outer loop
      vertex -1.23607 3.80423 23
      vertex -0.831646 3.91259 15
      vertex -1.23607 3.80423 15
    endloop
  endfacet
  facet normal 0.933576 0.358379 0
    outer loop
      vertex 3.80423 1.23607 23
      vertex 3.65418 1.62695 15
      vertex 3.65418 1.62695 23
    endloop
  endfacet
  facet normal 0.933576 0.358379 0
    outer loop
      vertex 3.65418 1.62695 15
      vertex 3.80423 1.23607 23
      vertex 3.80423 1.23607 15
    endloop
  endfacet
  facet normal 0.358379 0.933576 -0
    outer loop
      vertex 1.62695 3.65418 15
      vertex 1.23607 3.80423 23
      vertex 1.62695 3.65418 23
    endloop
  endfacet
  facet normal 0.358379 0.933576 0
    outer loop
      vertex 1.23607 3.80423 23
      vertex 1.62695 3.65418 15
      vertex 1.23607 3.80423 15
    endloop
  endfacet
  facet normal 0.544634 0.838674 -0
    outer loop
      vertex 2.35114 3.23607 15
      vertex 2 3.4641 23
      vertex 2.35114 3.23607 23
    endloop
  endfacet
  facet normal 0.544634 0.838674 0
    outer loop
      vertex 2 3.4641 23
      vertex 2.35114 3.23607 15
      vertex 2 3.4641 15
    endloop
  endfacet
  facet normal -0.891005 0.453993 0
    outer loop
      vertex -3.65418 1.62695 15
      vertex -3.4641 2 23
      vertex -3.4641 2 15
    endloop
  endfacet
  facet normal -0.891005 0.453993 0
    outer loop
      vertex -3.4641 2 23
      vertex -3.65418 1.62695 15
      vertex -3.65418 1.62695 23
    endloop
  endfacet
  facet normal -0.0523302 0.99863 0
    outer loop
      vertex 0 4 15
      vertex -0.418114 3.97809 23
      vertex 0 4 23
    endloop
  endfacet
  facet normal -0.0523302 0.99863 0
    outer loop
      vertex -0.418114 3.97809 23
      vertex 0 4 15
      vertex -0.418114 3.97809 15
    endloop
  endfacet
  facet normal 0.933576 -0.358379 0
    outer loop
      vertex 3.65418 -1.62695 23
      vertex 3.80423 -1.23607 15
      vertex 3.80423 -1.23607 23
    endloop
  endfacet
  facet normal 0.933576 -0.358379 0
    outer loop
      vertex 3.80423 -1.23607 15
      vertex 3.65418 -1.62695 23
      vertex 3.65418 -1.62695 15
    endloop
  endfacet
  facet normal -0.99863 -0.0523302 0
    outer loop
      vertex -3.97809 -0.418114 15
      vertex -4 0 23
      vertex -4 0 15
    endloop
  endfacet
  facet normal -0.99863 -0.0523302 0
    outer loop
      vertex -4 0 23
      vertex -3.97809 -0.418114 15
      vertex -3.97809 -0.418114 23
    endloop
  endfacet
  facet normal 0.965929 0.258808 0
    outer loop
      vertex 3.91259 0.831646 23
      vertex 3.80423 1.23607 15
      vertex 3.80423 1.23607 23
    endloop
  endfacet
  facet normal 0.965929 0.258808 0
    outer loop
      vertex 3.80423 1.23607 15
      vertex 3.91259 0.831646 23
      vertex 3.91259 0.831646 15
    endloop
  endfacet
  facet normal 0.987687 0.156441 0
    outer loop
      vertex 3.97809 0.418114 23
      vertex 3.91259 0.831646 15
      vertex 3.91259 0.831646 23
    endloop
  endfacet
  facet normal 0.987687 0.156441 0
    outer loop
      vertex 3.91259 0.831646 15
      vertex 3.97809 0.418114 23
      vertex 3.97809 0.418114 15
    endloop
  endfacet
  facet normal 0.838674 0.544634 0
    outer loop
      vertex 3.4641 2 23
      vertex 3.23607 2.35114 15
      vertex 3.23607 2.35114 23
    endloop
  endfacet
  facet normal 0.838674 0.544634 0
    outer loop
      vertex 3.23607 2.35114 15
      vertex 3.4641 2 23
      vertex 3.4641 2 15
    endloop
  endfacet
  facet normal 0.777143 0.629324 0
    outer loop
      vertex 3.23607 2.35114 23
      vertex 2.97258 2.67652 15
      vertex 2.97258 2.67652 23
    endloop
  endfacet
  facet normal 0.777143 0.629324 0
    outer loop
      vertex 2.97258 2.67652 15
      vertex 3.23607 2.35114 23
      vertex 3.23607 2.35114 15
    endloop
  endfacet
  facet normal 0.891005 0.453993 0
    outer loop
      vertex 3.65418 1.62695 23
      vertex 3.4641 2 15
      vertex 3.4641 2 23
    endloop
  endfacet
  facet normal 0.891005 0.453993 0
    outer loop
      vertex 3.4641 2 15
      vertex 3.65418 1.62695 23
      vertex 3.65418 1.62695 15
    endloop
  endfacet
  facet normal 0.258808 0.965929 -0
    outer loop
      vertex 1.23607 3.80423 15
      vertex 0.831646 3.91259 23
      vertex 1.23607 3.80423 23
    endloop
  endfacet
  facet normal 0.258808 0.965929 0
    outer loop
      vertex 0.831646 3.91259 23
      vertex 1.23607 3.80423 15
      vertex 0.831646 3.91259 15
    endloop
  endfacet
  facet normal 0.156441 0.987687 -0
    outer loop
      vertex 0.831646 3.91259 15
      vertex 0.418114 3.97809 23
      vertex 0.831646 3.91259 23
    endloop
  endfacet
  facet normal 0.156441 0.987687 0
    outer loop
      vertex 0.418114 3.97809 23
      vertex 0.831646 3.91259 15
      vertex 0.418114 3.97809 15
    endloop
  endfacet
  facet normal 0.453993 0.891005 -0
    outer loop
      vertex 2 3.4641 15
      vertex 1.62695 3.65418 23
      vertex 2 3.4641 23
    endloop
  endfacet
  facet normal 0.453993 0.891005 0
    outer loop
      vertex 1.62695 3.65418 23
      vertex 2 3.4641 15
      vertex 1.62695 3.65418 15
    endloop
  endfacet
  facet normal 0.629324 0.777143 -0
    outer loop
      vertex 2.67652 2.97258 15
      vertex 2.35114 3.23607 23
      vertex 2.67652 2.97258 23
    endloop
  endfacet
  facet normal 0.629324 0.777143 0
    outer loop
      vertex 2.35114 3.23607 23
      vertex 2.67652 2.97258 15
      vertex 2.35114 3.23607 15
    endloop
  endfacet
  facet normal -0.965929 0.258808 0
    outer loop
      vertex -3.91259 0.831646 15
      vertex -3.80423 1.23607 23
      vertex -3.80423 1.23607 15
    endloop
  endfacet
  facet normal -0.965929 0.258808 0
    outer loop
      vertex -3.80423 1.23607 23
      vertex -3.91259 0.831646 15
      vertex -3.91259 0.831646 23
    endloop
  endfacet
  facet normal -0.777143 0.629324 0
    outer loop
      vertex -3.23607 2.35114 15
      vertex -2.97258 2.67652 23
      vertex -2.97258 2.67652 15
    endloop
  endfacet
  facet normal -0.777143 0.629324 0
    outer loop
      vertex -2.97258 2.67652 23
      vertex -3.23607 2.35114 15
      vertex -3.23607 2.35114 23
    endloop
  endfacet
  facet normal -0.707107 0.707107 0
    outer loop
      vertex -2.97258 2.67652 15
      vertex -2.67652 2.97258 23
      vertex -2.67652 2.97258 15
    endloop
  endfacet
  facet normal -0.707107 0.707107 0
    outer loop
      vertex -2.67652 2.97258 23
      vertex -2.97258 2.67652 15
      vertex -2.97258 2.67652 23
    endloop
  endfacet
  facet normal -0.838674 0.544634 0
    outer loop
      vertex -3.4641 2 15
      vertex -3.23607 2.35114 23
      vertex -3.23607 2.35114 15
    endloop
  endfacet
  facet normal -0.838674 0.544634 0
    outer loop
      vertex -3.23607 2.35114 23
      vertex -3.4641 2 15
      vertex -3.4641 2 23
    endloop
  endfacet
  facet normal -0.933576 0.358379 0
    outer loop
      vertex -3.80423 1.23607 15
      vertex -3.65418 1.62695 23
      vertex -3.65418 1.62695 15
    endloop
  endfacet
  facet normal -0.933576 0.358379 0
    outer loop
      vertex -3.65418 1.62695 23
      vertex -3.80423 1.23607 15
      vertex -3.80423 1.23607 23
    endloop
  endfacet
  facet normal -0.987687 0.156441 0
    outer loop
      vertex -3.97809 0.418114 15
      vertex -3.91259 0.831646 23
      vertex -3.91259 0.831646 15
    endloop
  endfacet
  facet normal -0.987687 0.156441 0
    outer loop
      vertex -3.91259 0.831646 23
      vertex -3.97809 0.418114 15
      vertex -3.97809 0.418114 23
    endloop
  endfacet
  facet normal 0 0 1
    outer loop
      vertex 1.3 0 23
      vertex 4 0 23
      vertex 3.97809 0.418114 23
    endloop
  endfacet
  facet normal 0 0 1
    outer loop
      vertex 1.29288 0.135886 23
      vertex 3.97809 0.418114 23
      vertex 3.91259 0.831646 23
    endloop
  endfacet
  facet normal 0 0 1
    outer loop
      vertex 4 0 23
      vertex 1.3 0 23
      vertex 3.97809 -0.418114 23
    endloop
  endfacet
  facet normal 0 0 1
    outer loop
      vertex 1.27159 0.270285 23
      vertex 3.91259 0.831646 23
      vertex 3.80423 1.23607 23
    endloop
  endfacet
  facet normal -0 0 1
    outer loop
      vertex 1.29288 -0.135886 23
      vertex 3.97809 -0.418114 23
      vertex 1.3 0 23
    endloop
  endfacet
  facet normal 0 0 1
    outer loop
      vertex 1.23637 0.401722 23
      vertex 3.80423 1.23607 23
      vertex 3.65418 1.62695 23
    endloop
  endfacet
  facet normal 0 0 1
    outer loop
      vertex 3.97809 -0.418114 23
      vertex 1.29288 -0.135886 23
      vertex 3.91259 -0.831646 23
    endloop
  endfacet
  facet normal 0 0 1
    outer loop
      vertex 1.18761 0.528757 23
      vertex 3.65418 1.62695 23
      vertex 3.4641 2 23
    endloop
  endfacet
  facet normal -0 0 1
    outer loop
      vertex 1.27159 -0.270285 23
      vertex 3.91259 -0.831646 23
      vertex 1.29288 -0.135886 23
    endloop
  endfacet
  facet normal 0 0 1
    outer loop
      vertex 1.12583 0.65 23
      vertex 3.4641 2 23
      vertex 3.23607 2.35114 23
    endloop
  endfacet
  facet normal 0 0 1
    outer loop
      vertex 3.91259 -0.831646 23
      vertex 1.27159 -0.270285 23
      vertex 3.80423 -1.23607 23
    endloop
  endfacet
  facet normal 0 0 1
    outer loop
      vertex 1.05172 0.76412 23
      vertex 3.23607 2.35114 23
      vertex 2.97258 2.67652 23
    endloop
  endfacet
  facet normal -0 0 1
    outer loop
      vertex 1.23637 -0.401722 23
      vertex 3.80423 -1.23607 23
      vertex 1.27159 -0.270285 23
    endloop
  endfacet
  facet normal 0 0 1
    outer loop
      vertex 0.966087 0.869869 23
      vertex 2.97258 2.67652 23
      vertex 2.67652 2.97258 23
    endloop
  endfacet
  facet normal 0 0 1
    outer loop
      vertex 3.80423 -1.23607 23
      vertex 1.23637 -0.401722 23
      vertex 3.65418 -1.62695 23
    endloop
  endfacet
  facet normal 0 0 1
    outer loop
      vertex 0.869869 0.966087 23
      vertex 2.67652 2.97258 23
      vertex 2.35114 3.23607 23
    endloop
  endfacet
  facet normal -0 0 1
    outer loop
      vertex 1.18761 -0.528757 23
      vertex 3.65418 -1.62695 23
      vertex 1.23637 -0.401722 23
    endloop
  endfacet
  facet normal 0 0 1
    outer loop
      vertex 0.76412 1.05172 23
      vertex 2.35114 3.23607 23
      vertex 2 3.4641 23
    endloop
  endfacet
  facet normal 0 0 1
    outer loop
      vertex 3.65418 -1.62695 23
      vertex 1.18761 -0.528757 23
      vertex 3.4641 -2 23
    endloop
  endfacet
  facet normal 0 0 1
    outer loop
      vertex 0.65 1.12583 23
      vertex 2 3.4641 23
      vertex 1.62695 3.65418 23
    endloop
  endfacet
  facet normal -0 0 1
    outer loop
      vertex 1.12583 -0.65 23
      vertex 3.4641 -2 23
      vertex 1.18761 -0.528757 23
    endloop
  endfacet
  facet normal 0 0 1
    outer loop
      vertex 3.4641 -2 23
      vertex 1.12583 -0.65 23
      vertex 3.23607 -2.35114 23
    endloop
  endfacet
  facet normal 0 0 1
    outer loop
      vertex 3.97809 0.418114 23
      vertex 1.29288 0.135886 23
      vertex 1.3 0 23
    endloop
  endfacet
  facet normal 0 0 1
    outer loop
      vertex 3.91259 0.831646 23
      vertex 1.27159 0.270285 23
      vertex 1.29288 0.135886 23
    endloop
  endfacet
  facet normal 0 0 1
    outer loop
      vertex 3.80423 1.23607 23
      vertex 1.23637 0.401722 23
      vertex 1.27159 0.270285 23
    endloop
  endfacet
  facet normal 0 0 1
    outer loop
      vertex 0.528757 1.18761 23
      vertex 1.62695 3.65418 23
      vertex 1.23607 3.80423 23
    endloop
  endfacet
  facet normal 0 0 1
    outer loop
      vertex 3.65418 1.62695 23
      vertex 1.18761 0.528757 23
      vertex 1.23637 0.401722 23
    endloop
  endfacet
  facet normal 0 0 1
    outer loop
      vertex 3.4641 2 23
      vertex 1.12583 0.65 23
      vertex 1.18761 0.528757 23
    endloop
  endfacet
  facet normal 0 0 1
    outer loop
      vertex 3.23607 2.35114 23
      vertex 1.05172 0.76412 23
      vertex 1.12583 0.65 23
    endloop
  endfacet
  facet normal 0 0 1
    outer loop
      vertex 2.97258 2.67652 23
      vertex 0.966087 0.869869 23
      vertex 1.05172 0.76412 23
    endloop
  endfacet
  facet normal 0 0 1
    outer loop
      vertex 2.67652 2.97258 23
      vertex 0.869869 0.966087 23
      vertex 0.966087 0.869869 23
    endloop
  endfacet
  facet normal 0 0 1
    outer loop
      vertex 0.401722 1.23637 23
      vertex 1.23607 3.80423 23
      vertex 0.831646 3.91259 23
    endloop
  endfacet
  facet normal 0 0 1
    outer loop
      vertex 2.35114 3.23607 23
      vertex 0.76412 1.05172 23
      vertex 0.869869 0.966087 23
    endloop
  endfacet
  facet normal 0 0 1
    outer loop
      vertex 2 3.4641 23
      vertex 0.65 1.12583 23
      vertex 0.76412 1.05172 23
    endloop
  endfacet
  facet normal 0 0 1
    outer loop
      vertex 1.62695 3.65418 23
      vertex 0.528757 1.18761 23
      vertex 0.65 1.12583 23
    endloop
  endfacet
  facet normal 0 0 1
    outer loop
      vertex 0.270285 1.27159 23
      vertex 0.831646 3.91259 23
      vertex 0.418114 3.97809 23
    endloop
  endfacet
  facet normal 0 0 1
    outer loop
      vertex 1.23607 3.80423 23
      vertex 0.401722 1.23637 23
      vertex 0.528757 1.18761 23
    endloop
  endfacet
  facet normal 0 0 1
    outer loop
      vertex 0.831646 3.91259 23
      vertex 0.270285 1.27159 23
      vertex 0.401722 1.23637 23
    endloop
  endfacet
  facet normal 0 0 1
    outer loop
      vertex 0.418114 3.97809 23
      vertex 0.135886 1.29288 23
      vertex 0.270285 1.27159 23
    endloop
  endfacet
  facet normal 0 0 1
    outer loop
      vertex 0 4 23
      vertex 0.135886 1.29288 23
      vertex 0.418114 3.97809 23
    endloop
  endfacet
  facet normal 0 0 1
    outer loop
      vertex 0 4 23
      vertex 0 1.3 23
      vertex 0.135886 1.29288 23
    endloop
  endfacet
  facet normal 0 0 1
    outer loop
      vertex 0 4 23
      vertex -0.135886 1.29288 23
      vertex 0 1.3 23
    endloop
  endfacet
  facet normal -0 0 1
    outer loop
      vertex -0.418114 3.97809 23
      vertex -0.135886 1.29288 23
      vertex 0 4 23
    endloop
  endfacet
  facet normal 0 0 1
    outer loop
      vertex -0.135886 1.29288 23
      vertex -0.418114 3.97809 23
      vertex -0.270285 1.27159 23
    endloop
  endfacet
  facet normal -0 0 1
    outer loop
      vertex -0.831646 3.91259 23
      vertex -0.270285 1.27159 23
      vertex -0.418114 3.97809 23
    endloop
  endfacet
  facet normal 0 0 1
    outer loop
      vertex -0.270285 1.27159 23
      vertex -0.831646 3.91259 23
      vertex -0.401722 1.23637 23
    endloop
  endfacet
  facet normal -0 0 1
    outer loop
      vertex -1.23607 3.80423 23
      vertex -0.401722 1.23637 23
      vertex -0.831646 3.91259 23
    endloop
  endfacet
  facet normal 0 0 1
    outer loop
      vertex -0.401722 1.23637 23
      vertex -1.23607 3.80423 23
      vertex -0.528757 1.18761 23
    endloop
  endfacet
  facet normal -0 0 1
    outer loop
      vertex -1.62695 3.65418 23
      vertex -0.528757 1.18761 23
      vertex -1.23607 3.80423 23
    endloop
  endfacet
  facet normal 0 0 1
    outer loop
      vertex -0.528757 1.18761 23
      vertex -1.62695 3.65418 23
      vertex -0.65 1.12583 23
    endloop
  endfacet
  facet normal -0 0 1
    outer loop
      vertex -2 3.4641 23
      vertex -0.65 1.12583 23
      vertex -1.62695 3.65418 23
    endloop
  endfacet
  facet normal 0 0 1
    outer loop
      vertex -0.65 1.12583 23
      vertex -2 3.4641 23
      vertex -0.76412 1.05172 23
    endloop
  endfacet
  facet normal -0 0 1
    outer loop
      vertex -2.35114 3.23607 23
      vertex -0.76412 1.05172 23
      vertex -2 3.4641 23
    endloop
  endfacet
  facet normal 0 0 1
    outer loop
      vertex -0.76412 1.05172 23
      vertex -2.35114 3.23607 23
      vertex -0.869869 0.966087 23
    endloop
  endfacet
  facet normal -0 0 1
    outer loop
      vertex -2.67652 2.97258 23
      vertex -0.869869 0.966087 23
      vertex -2.35114 3.23607 23
    endloop
  endfacet
  facet normal 0 0 1
    outer loop
      vertex -0.869869 0.966087 23
      vertex -2.67652 2.97258 23
      vertex -0.966087 0.869869 23
    endloop
  endfacet
  facet normal -0 0 1
    outer loop
      vertex -2.97258 2.67652 23
      vertex -0.966087 0.869869 23
      vertex -2.67652 2.97258 23
    endloop
  endfacet
  facet normal 0 0 1
    outer loop
      vertex -0.966087 0.869869 23
      vertex -2.97258 2.67652 23
      vertex -1.05172 0.76412 23
    endloop
  endfacet
  facet normal -0 0 1
    outer loop
      vertex -3.23607 2.35114 23
      vertex -1.05172 0.76412 23
      vertex -2.97258 2.67652 23
    endloop
  endfacet
  facet normal 0 0 1
    outer loop
      vertex -1.05172 0.76412 23
      vertex -3.23607 2.35114 23
      vertex -1.12583 0.65 23
    endloop
  endfacet
  facet normal -0 0 1
    outer loop
      vertex 1.05172 -0.76412 23
      vertex 3.23607 -2.35114 23
      vertex 1.12583 -0.65 23
    endloop
  endfacet
  facet normal 0 0 1
    outer loop
      vertex 3.23607 -2.35114 23
      vertex 1.05172 -0.76412 23
      vertex 2.97258 -2.67652 23
    endloop
  endfacet
  facet normal -0 0 1
    outer loop
      vertex 0.966087 -0.869869 23
      vertex 2.97258 -2.67652 23
      vertex 1.05172 -0.76412 23
    endloop
  endfacet
  facet normal 0 0 1
    outer loop
      vertex 2.97258 -2.67652 23
      vertex 0.966087 -0.869869 23
      vertex 2.67652 -2.97258 23
    endloop
  endfacet
  facet normal -0 0 1
    outer loop
      vertex 0.869869 -0.966087 23
      vertex 2.67652 -2.97258 23
      vertex 0.966087 -0.869869 23
    endloop
  endfacet
  facet normal 0 0 1
    outer loop
      vertex 2.67652 -2.97258 23
      vertex 0.869869 -0.966087 23
      vertex 2.35114 -3.23607 23
    endloop
  endfacet
  facet normal -0 0 1
    outer loop
      vertex 0.76412 -1.05172 23
      vertex 2.35114 -3.23607 23
      vertex 0.869869 -0.966087 23
    endloop
  endfacet
  facet normal 0 0 1
    outer loop
      vertex 2.35114 -3.23607 23
      vertex 0.76412 -1.05172 23
      vertex 2 -3.4641 23
    endloop
  endfacet
  facet normal -0 0 1
    outer loop
      vertex 0.65 -1.12583 23
      vertex 2 -3.4641 23
      vertex 0.76412 -1.05172 23
    endloop
  endfacet
  facet normal 0 0 1
    outer loop
      vertex 2 -3.4641 23
      vertex 0.65 -1.12583 23
      vertex 1.62695 -3.65418 23
    endloop
  endfacet
  facet normal -0 0 1
    outer loop
      vertex 0.528757 -1.18761 23
      vertex 1.62695 -3.65418 23
      vertex 0.65 -1.12583 23
    endloop
  endfacet
  facet normal 0 0 1
    outer loop
      vertex 1.62695 -3.65418 23
      vertex 0.528757 -1.18761 23
      vertex 1.23607 -3.80423 23
    endloop
  endfacet
  facet normal -0 0 1
    outer loop
      vertex 0.401722 -1.23637 23
      vertex 1.23607 -3.80423 23
      vertex 0.528757 -1.18761 23
    endloop
  endfacet
  facet normal 0 0 1
    outer loop
      vertex 1.23607 -3.80423 23
      vertex 0.401722 -1.23637 23
      vertex 0.831646 -3.91259 23
    endloop
  endfacet
  facet normal -0 0 1
    outer loop
      vertex 0.270285 -1.27159 23
      vertex 0.831646 -3.91259 23
      vertex 0.401722 -1.23637 23
    endloop
  endfacet
  facet normal 0 0 1
    outer loop
      vertex 0.831646 -3.91259 23
      vertex 0.270285 -1.27159 23
      vertex 0.418114 -3.97809 23
    endloop
  endfacet
  facet normal -0 0 1
    outer loop
      vertex 0.135886 -1.29288 23
      vertex 0.418114 -3.97809 23
      vertex 0.270285 -1.27159 23
    endloop
  endfacet
  facet normal -0 0 1
    outer loop
      vertex 0 -1.3 23
      vertex 0.418114 -3.97809 23
      vertex 0.135886 -1.29288 23
    endloop
  endfacet
  facet normal 0 0 1
    outer loop
      vertex 0 -1.3 23
      vertex 0 -4 23
      vertex 0.418114 -3.97809 23
    endloop
  endfacet
  facet normal 0 0 1
    outer loop
      vertex -0.135886 -1.29288 23
      vertex 0 -4 23
      vertex 0 -1.3 23
    endloop
  endfacet
  facet normal 0 0 1
    outer loop
      vertex -0.418114 -3.97809 23
      vertex -0.135886 -1.29288 23
      vertex -0.270285 -1.27159 23
    endloop
  endfacet
  facet normal 0 0 1
    outer loop
      vertex -0.831646 -3.91259 23
      vertex -0.270285 -1.27159 23
      vertex -0.401722 -1.23637 23
    endloop
  endfacet
  facet normal 0 0 1
    outer loop
      vertex -0.135886 -1.29288 23
      vertex -0.418114 -3.97809 23
      vertex 0 -4 23
    endloop
  endfacet
  facet normal 0 0 1
    outer loop
      vertex -1.23607 -3.80423 23
      vertex -0.401722 -1.23637 23
      vertex -0.528757 -1.18761 23
    endloop
  endfacet
  facet normal 0 0 1
    outer loop
      vertex -1.62695 -3.65418 23
      vertex -0.528757 -1.18761 23
      vertex -0.65 -1.12583 23
    endloop
  endfacet
  facet normal 0 0 1
    outer loop
      vertex -2 -3.4641 23
      vertex -0.65 -1.12583 23
      vertex -0.76412 -1.05172 23
    endloop
  endfacet
  facet normal 0 0 1
    outer loop
      vertex -0.270285 -1.27159 23
      vertex -0.831646 -3.91259 23
      vertex -0.418114 -3.97809 23
    endloop
  endfacet
  facet normal 0 0 1
    outer loop
      vertex -2.35114 -3.23607 23
      vertex -0.76412 -1.05172 23
      vertex -0.869869 -0.966087 23
    endloop
  endfacet
  facet normal 0 0 1
    outer loop
      vertex -2.67652 -2.97258 23
      vertex -0.869869 -0.966087 23
      vertex -0.966087 -0.869869 23
    endloop
  endfacet
  facet normal 0 0 1
    outer loop
      vertex -2.97258 -2.67652 23
      vertex -0.966087 -0.869869 23
      vertex -1.05172 -0.76412 23
    endloop
  endfacet
  facet normal 0 0 1
    outer loop
      vertex -3.23607 -2.35114 23
      vertex -1.05172 -0.76412 23
      vertex -1.12583 -0.65 23
    endloop
  endfacet
  facet normal 0 0 1
    outer loop
      vertex -3.4641 -2 23
      vertex -1.12583 -0.65 23
      vertex -1.18761 -0.528757 23
    endloop
  endfacet
  facet normal 0 0 1
    outer loop
      vertex -0.401722 -1.23637 23
      vertex -1.23607 -3.80423 23
      vertex -0.831646 -3.91259 23
    endloop
  endfacet
  facet normal 0 0 1
    outer loop
      vertex -3.65418 -1.62695 23
      vertex -1.18761 -0.528757 23
      vertex -1.23637 -0.401722 23
    endloop
  endfacet
  facet normal 0 0 1
    outer loop
      vertex -3.80423 -1.23607 23
      vertex -1.23637 -0.401722 23
      vertex -1.27159 -0.270285 23
    endloop
  endfacet
  facet normal 0 0 1
    outer loop
      vertex -3.91259 -0.831646 23
      vertex -1.27159 -0.270285 23
      vertex -1.29288 -0.135886 23
    endloop
  endfacet
  facet normal 0 0 1
    outer loop
      vertex -3.97809 -0.418114 23
      vertex -1.29288 -0.135886 23
      vertex -1.3 0 23
    endloop
  endfacet
  facet normal -0 0 1
    outer loop
      vertex -3.4641 2 23
      vertex -1.12583 0.65 23
      vertex -3.23607 2.35114 23
    endloop
  endfacet
  facet normal 0 0 1
    outer loop
      vertex -0.528757 -1.18761 23
      vertex -1.62695 -3.65418 23
      vertex -1.23607 -3.80423 23
    endloop
  endfacet
  facet normal 0 0 1
    outer loop
      vertex -1.12583 0.65 23
      vertex -3.4641 2 23
      vertex -1.18761 0.528757 23
    endloop
  endfacet
  facet normal 0 0 1
    outer loop
      vertex -0.65 -1.12583 23
      vertex -2 -3.4641 23
      vertex -1.62695 -3.65418 23
    endloop
  endfacet
  facet normal -0 0 1
    outer loop
      vertex -3.65418 1.62695 23
      vertex -1.18761 0.528757 23
      vertex -3.4641 2 23
    endloop
  endfacet
  facet normal 0 0 1
    outer loop
      vertex -0.76412 -1.05172 23
      vertex -2.35114 -3.23607 23
      vertex -2 -3.4641 23
    endloop
  endfacet
  facet normal 0 0 1
    outer loop
      vertex -1.18761 0.528757 23
      vertex -3.65418 1.62695 23
      vertex -1.23637 0.401722 23
    endloop
  endfacet
  facet normal 0 0 1
    outer loop
      vertex -0.869869 -0.966087 23
      vertex -2.67652 -2.97258 23
      vertex -2.35114 -3.23607 23
    endloop
  endfacet
  facet normal -0 0 1
    outer loop
      vertex -3.80423 1.23607 23
      vertex -1.23637 0.401722 23
      vertex -3.65418 1.62695 23
    endloop
  endfacet
  facet normal 0 0 1
    outer loop
      vertex -0.966087 -0.869869 23
      vertex -2.97258 -2.67652 23
      vertex -2.67652 -2.97258 23
    endloop
  endfacet
  facet normal 0 0 1
    outer loop
      vertex -1.23637 0.401722 23
      vertex -3.80423 1.23607 23
      vertex -1.27159 0.270285 23
    endloop
  endfacet
  facet normal 0 0 1
    outer loop
      vertex -1.05172 -0.76412 23
      vertex -3.23607 -2.35114 23
      vertex -2.97258 -2.67652 23
    endloop
  endfacet
  facet normal -0 0 1
    outer loop
      vertex -3.91259 0.831646 23
      vertex -1.27159 0.270285 23
      vertex -3.80423 1.23607 23
    endloop
  endfacet
  facet normal 0 0 1
    outer loop
      vertex -1.12583 -0.65 23
      vertex -3.4641 -2 23
      vertex -3.23607 -2.35114 23
    endloop
  endfacet
  facet normal 0 0 1
    outer loop
      vertex -1.27159 0.270285 23
      vertex -3.91259 0.831646 23
      vertex -1.29288 0.135886 23
    endloop
  endfacet
  facet normal 0 0 1
    outer loop
      vertex -1.18761 -0.528757 23
      vertex -3.65418 -1.62695 23
      vertex -3.4641 -2 23
    endloop
  endfacet
  facet normal -0 0 1
    outer loop
      vertex -3.97809 0.418114 23
      vertex -1.29288 0.135886 23
      vertex -3.91259 0.831646 23
    endloop
  endfacet
  facet normal 0 0 1
    outer loop
      vertex -1.23637 -0.401722 23
      vertex -3.80423 -1.23607 23
      vertex -3.65418 -1.62695 23
    endloop
  endfacet
  facet normal 0 0 1
    outer loop
      vertex -1.29288 0.135886 23
      vertex -3.97809 0.418114 23
      vertex -1.3 0 23
    endloop
  endfacet
  facet normal 0 0 1
    outer loop
      vertex -1.27159 -0.270285 23
      vertex -3.91259 -0.831646 23
      vertex -3.80423 -1.23607 23
    endloop
  endfacet
  facet normal 0 0 1
    outer loop
      vertex -4 0 23
      vertex -1.3 0 23
      vertex -3.97809 0.418114 23
    endloop
  endfacet
  facet normal 0 0 1
    outer loop
      vertex -1.29288 -0.135886 23
      vertex -3.97809 -0.418114 23
      vertex -3.91259 -0.831646 23
    endloop
  endfacet
  facet normal 0 0 1
    outer loop
      vertex -1.3 0 23
      vertex -4 0 23
      vertex -3.97809 -0.418114 23
    endloop
  endfacet
  facet normal -0.453993 0.891005 0
    outer loop
      vertex -1.62695 3.65418 15
      vertex -2 3.4641 23
      vertex -1.62695 3.65418 23
    endloop
  endfacet
  facet normal -0.453993 0.891005 0
    outer loop
      vertex -2 3.4641 23
      vertex -1.62695 3.65418 15
      vertex -2 3.4641 15
    endloop
  endfacet
  facet normal -0.358379 0.933576 0
    outer loop
      vertex -1.23607 3.80423 15
      vertex -1.62695 3.65418 23
      vertex -1.23607 3.80423 23
    endloop
  endfacet
  facet normal -0.358379 0.933576 0
    outer loop
      vertex -1.62695 3.65418 23
      vertex -1.23607 3.80423 15
      vertex -1.62695 3.65418 15
    endloop
  endfacet
  facet normal -0.544634 0.838674 0
    outer loop
      vertex -2 3.4641 15
      vertex -2.35114 3.23607 23
      vertex -2 3.4641 23
    endloop
  endfacet
  facet normal -0.544634 0.838674 0
    outer loop
      vertex -2.35114 3.23607 23
      vertex -2 3.4641 15
      vertex -2.35114 3.23607 15
    endloop
  endfacet
  facet normal -0.156441 0.987687 0
    outer loop
      vertex -0.418114 3.97809 15
      vertex -0.831646 3.91259 23
      vertex -0.418114 3.97809 23
    endloop
  endfacet
  facet normal -0.156441 0.987687 0
    outer loop
      vertex -0.831646 3.91259 23
      vertex -0.418114 3.97809 15
      vertex -0.831646 3.91259 15
    endloop
  endfacet
  facet normal 0.99863 -0.0523302 0
    outer loop
      vertex 3.97809 -0.418114 23
      vertex 4 0 15
      vertex 4 0 23
    endloop
  endfacet
  facet normal 0.99863 -0.0523302 0
    outer loop
      vertex 4 0 15
      vertex 3.97809 -0.418114 23
      vertex 3.97809 -0.418114 15
    endloop
  endfacet
  facet normal 0.0523302 -0.99863 0
    outer loop
      vertex 0 -4 15
      vertex 0.418114 -3.97809 23
      vertex 0 -4 23
    endloop
  endfacet
  facet normal 0.0523302 -0.99863 0
    outer loop
      vertex 0.418114 -3.97809 23
      vertex 0 -4 15
      vertex 0.418114 -3.97809 15
    endloop
  endfacet
  facet normal 0.258808 -0.965929 0
    outer loop
      vertex 0.831646 -3.91259 15
      vertex 1.23607 -3.80423 23
      vertex 0.831646 -3.91259 23
    endloop
  endfacet
  facet normal 0.258808 -0.965929 0
    outer loop
      vertex 1.23607 -3.80423 23
      vertex 0.831646 -3.91259 15
      vertex 1.23607 -3.80423 15
    endloop
  endfacet
  facet normal 0.629324 -0.777143 0
    outer loop
      vertex 2.35114 -3.23607 15
      vertex 2.67652 -2.97258 23
      vertex 2.35114 -3.23607 23
    endloop
  endfacet
  facet normal 0.629324 -0.777143 0
    outer loop
      vertex 2.67652 -2.97258 23
      vertex 2.35114 -3.23607 15
      vertex 2.67652 -2.97258 15
    endloop
  endfacet
  facet normal 0.453993 -0.891005 0
    outer loop
      vertex 1.62695 -3.65418 15
      vertex 2 -3.4641 23
      vertex 1.62695 -3.65418 23
    endloop
  endfacet
  facet normal 0.453993 -0.891005 0
    outer loop
      vertex 2 -3.4641 23
      vertex 1.62695 -3.65418 15
      vertex 2 -3.4641 15
    endloop
  endfacet
  facet normal 0.777143 -0.629324 0
    outer loop
      vertex 2.97258 -2.67652 23
      vertex 3.23607 -2.35114 15
      vertex 3.23607 -2.35114 23
    endloop
  endfacet
  facet normal 0.777143 -0.629324 0
    outer loop
      vertex 3.23607 -2.35114 15
      vertex 2.97258 -2.67652 23
      vertex 2.97258 -2.67652 15
    endloop
  endfacet
  facet normal 0.891005 -0.453993 0
    outer loop
      vertex 3.4641 -2 23
      vertex 3.65418 -1.62695 15
      vertex 3.65418 -1.62695 23
    endloop
  endfacet
  facet normal 0.891005 -0.453993 0
    outer loop
      vertex 3.65418 -1.62695 15
      vertex 3.4641 -2 23
      vertex 3.4641 -2 15
    endloop
  endfacet
  facet normal -0.707107 -0.707107 0
    outer loop
      vertex -2.67652 -2.97258 15
      vertex -2.97258 -2.67652 23
      vertex -2.97258 -2.67652 15
    endloop
  endfacet
  facet normal -0.707107 -0.707107 0
    outer loop
      vertex -2.97258 -2.67652 23
      vertex -2.67652 -2.97258 15
      vertex -2.67652 -2.97258 23
    endloop
  endfacet
  facet normal -0.544634 -0.838674 0
    outer loop
      vertex -2.35114 -3.23607 15
      vertex -2 -3.4641 23
      vertex -2.35114 -3.23607 23
    endloop
  endfacet
  facet normal -0.544634 -0.838674 -0
    outer loop
      vertex -2 -3.4641 23
      vertex -2.35114 -3.23607 15
      vertex -2 -3.4641 15
    endloop
  endfacet
  facet normal -0.358379 -0.933576 0
    outer loop
      vertex -1.62695 -3.65418 15
      vertex -1.23607 -3.80423 23
      vertex -1.62695 -3.65418 23
    endloop
  endfacet
  facet normal -0.358379 -0.933576 -0
    outer loop
      vertex -1.23607 -3.80423 23
      vertex -1.62695 -3.65418 15
      vertex -1.23607 -3.80423 15
    endloop
  endfacet
  facet normal -0.156441 -0.987687 0
    outer loop
      vertex -0.831646 -3.91259 15
      vertex -0.418114 -3.97809 23
      vertex -0.831646 -3.91259 23
    endloop
  endfacet
  facet normal -0.156441 -0.987687 -0
    outer loop
      vertex -0.418114 -3.97809 23
      vertex -0.831646 -3.91259 15
      vertex -0.418114 -3.97809 15
    endloop
  endfacet
  facet normal -0.933576 -0.358379 0
    outer loop
      vertex -3.65418 -1.62695 15
      vertex -3.80423 -1.23607 23
      vertex -3.80423 -1.23607 15
    endloop
  endfacet
  facet normal -0.933576 -0.358379 0
    outer loop
      vertex -3.80423 -1.23607 23
      vertex -3.65418 -1.62695 15
      vertex -3.65418 -1.62695 23
    endloop
  endfacet
  facet normal -0.838674 -0.544634 0
    outer loop
      vertex -3.23607 -2.35114 15
      vertex -3.4641 -2 23
      vertex -3.4641 -2 15
    endloop
  endfacet
  facet normal -0.838674 -0.544634 0
    outer loop
      vertex -3.4641 -2 23
      vertex -3.23607 -2.35114 15
      vertex -3.23607 -2.35114 23
    endloop
  endfacet
  facet normal -0.987687 -0.156441 0
    outer loop
      vertex -3.91259 -0.831646 15
      vertex -3.97809 -0.418114 23
      vertex -3.97809 -0.418114 15
    endloop
  endfacet
  facet normal -0.987687 -0.156441 0
    outer loop
      vertex -3.97809 -0.418114 23
      vertex -3.91259 -0.831646 15
      vertex -3.91259 -0.831646 23
    endloop
  endfacet
  facet normal -0.965929 -0.258808 0
    outer loop
      vertex -3.80423 -1.23607 15
      vertex -3.91259 -0.831646 23
      vertex -3.91259 -0.831646 15
    endloop
  endfacet
  facet normal -0.965929 -0.258808 0
    outer loop
      vertex -3.91259 -0.831646 23
      vertex -3.80423 -1.23607 15
      vertex -3.80423 -1.23607 23
    endloop
  endfacet
  facet normal 0.156441 -0.987687 0
    outer loop
      vertex 0.418114 -3.97809 15
      vertex 0.831646 -3.91259 23
      vertex 0.418114 -3.97809 23
    endloop
  endfacet
  facet normal 0.156441 -0.987687 0
    outer loop
      vertex 0.831646 -3.91259 23
      vertex 0.418114 -3.97809 15
      vertex 0.831646 -3.91259 15
    endloop
  endfacet
  facet normal 0.358379 -0.933576 0
    outer loop
      vertex 1.23607 -3.80423 15
      vertex 1.62695 -3.65418 23
      vertex 1.23607 -3.80423 23
    endloop
  endfacet
  facet normal 0.358379 -0.933576 0
    outer loop
      vertex 1.62695 -3.65418 23
      vertex 1.23607 -3.80423 15
      vertex 1.62695 -3.65418 15
    endloop
  endfacet
  facet normal 0.707107 -0.707107 0
    outer loop
      vertex 2.67652 -2.97258 23
      vertex 2.97258 -2.67652 15
      vertex 2.97258 -2.67652 23
    endloop
  endfacet
  facet normal 0.707107 -0.707107 0
    outer loop
      vertex 2.97258 -2.67652 15
      vertex 2.67652 -2.97258 23
      vertex 2.67652 -2.97258 15
    endloop
  endfacet
  facet normal 0.544634 -0.838674 0
    outer loop
      vertex 2 -3.4641 15
      vertex 2.35114 -3.23607 23
      vertex 2 -3.4641 23
    endloop
  endfacet
  facet normal 0.544634 -0.838674 0
    outer loop
      vertex 2.35114 -3.23607 23
      vertex 2 -3.4641 15
      vertex 2.35114 -3.23607 15
    endloop
  endfacet
  facet normal 0.838674 -0.544634 0
    outer loop
      vertex 3.23607 -2.35114 23
      vertex 3.4641 -2 15
      vertex 3.4641 -2 23
    endloop
  endfacet
  facet normal 0.838674 -0.544634 0
    outer loop
      vertex 3.4641 -2 15
      vertex 3.23607 -2.35114 23
      vertex 3.23607 -2.35114 15
    endloop
  endfacet
  facet normal 0.987687 -0.156441 0
    outer loop
      vertex 3.91259 -0.831646 23
      vertex 3.97809 -0.418114 15
      vertex 3.97809 -0.418114 23
    endloop
  endfacet
  facet normal 0.987687 -0.156441 0
    outer loop
      vertex 3.97809 -0.418114 15
      vertex 3.91259 -0.831646 23
      vertex 3.91259 -0.831646 15
    endloop
  endfacet
  facet normal 0.965929 -0.258808 0
    outer loop
      vertex 3.80423 -1.23607 23
      vertex 3.91259 -0.831646 15
      vertex 3.91259 -0.831646 23
    endloop
  endfacet
  facet normal 0.965929 -0.258808 0
    outer loop
      vertex 3.91259 -0.831646 15
      vertex 3.80423 -1.23607 23
      vertex 3.80423 -1.23607 15
    endloop
  endfacet
  facet normal -0.629324 -0.777143 0
    outer loop
      vertex -2.67652 -2.97258 15
      vertex -2.35114 -3.23607 23
      vertex -2.67652 -2.97258 23
    endloop
  endfacet
  facet normal -0.629324 -0.777143 -0
    outer loop
      vertex -2.35114 -3.23607 23
      vertex -2.67652 -2.97258 15
      vertex -2.35114 -3.23607 15
    endloop
  endfacet
  facet normal -0.453993 -0.891005 0
    outer loop
      vertex -2 -3.4641 15
      vertex -1.62695 -3.65418 23
      vertex -2 -3.4641 23
    endloop
  endfacet
  facet normal -0.453993 -0.891005 -0
    outer loop
      vertex -1.62695 -3.65418 23
      vertex -2 -3.4641 15
      vertex -1.62695 -3.65418 15
    endloop
  endfacet
  facet normal -0.258808 -0.965929 0
    outer loop
      vertex -1.23607 -3.80423 15
      vertex -0.831646 -3.91259 23
      vertex -1.23607 -3.80423 23
    endloop
  endfacet
  facet normal -0.258808 -0.965929 -0
    outer loop
      vertex -0.831646 -3.91259 23
      vertex -1.23607 -3.80423 15
      vertex -0.831646 -3.91259 15
    endloop
  endfacet
  facet normal -0.0523302 -0.99863 0
    outer loop
      vertex -0.418114 -3.97809 15
      vertex 0 -4 23
      vertex -0.418114 -3.97809 23
    endloop
  endfacet
  facet normal -0.0523302 -0.99863 -0
    outer loop
      vertex 0 -4 23
      vertex -0.418114 -3.97809 15
      vertex 0 -4 15
    endloop
  endfacet
  facet normal -0.891005 -0.453993 0
    outer loop
      vertex -3.4641 -2 15
      vertex -3.65418 -1.62695 23
      vertex -3.65418 -1.62695 15
    endloop
  endfacet
  facet normal -0.891005 -0.453993 0
    outer loop
      vertex -3.65418 -1.62695 23
      vertex -3.4641 -2 15
      vertex -3.4641 -2 23
    endloop
  endfacet
  facet normal -0.777143 -0.629324 0
    outer loop
      vertex -2.97258 -2.67652 15
      vertex -3.23607 -2.35114 23
      vertex -3.23607 -2.35114 15
    endloop
  endfacet
  facet normal -0.777143 -0.629324 0
    outer loop
      vertex -3.23607 -2.35114 23
      vertex -2.97258 -2.67652 15
      vertex -2.97258 -2.67652 23
    endloop
  endfacet
  facet normal -0.99863 -0.0523251 0
    outer loop
      vertex 1.3 0 0
      vertex 1.29288 0.135886 23
      vertex 1.29288 0.135886 0
    endloop
  endfacet
  facet normal -0.99863 -0.0523251 0
    outer loop
      vertex 1.29288 0.135886 23
      vertex 1.3 0 0
      vertex 1.3 0 23
    endloop
  endfacet
  facet normal 0.99863 -0.0523251 0
    outer loop
      vertex -1.3 0 23
      vertex -1.29288 0.135886 0
      vertex -1.29288 0.135886 23
    endloop
  endfacet
  facet normal 0.99863 -0.0523251 0
    outer loop
      vertex -1.29288 0.135886 0
      vertex -1.3 0 23
      vertex -1.3 0 0
    endloop
  endfacet
  facet normal 0.0523251 -0.99863 0
    outer loop
      vertex -0.135886 1.29288 0
      vertex 0 1.3 23
      vertex -0.135886 1.29288 23
    endloop
  endfacet
  facet normal 0.0523251 -0.99863 0
    outer loop
      vertex 0 1.3 23
      vertex -0.135886 1.29288 0
      vertex 0 1.3 0
    endloop
  endfacet
  facet normal -0.0523251 0.99863 0
    outer loop
      vertex 0.135886 -1.29288 0
      vertex 0 -1.3 23
      vertex 0.135886 -1.29288 23
    endloop
  endfacet
  facet normal -0.0523251 0.99863 0
    outer loop
      vertex 0 -1.3 23
      vertex 0.135886 -1.29288 0
      vertex 0 -1.3 0
    endloop
  endfacet
  facet normal -0.629317 -0.777149 0
    outer loop
      vertex 0.76412 1.05172 0
      vertex 0.869869 0.966087 23
      vertex 0.76412 1.05172 23
    endloop
  endfacet
  facet normal -0.629317 -0.777149 -0
    outer loop
      vertex 0.869869 0.966087 23
      vertex 0.76412 1.05172 0
      vertex 0.869869 0.966087 0
    endloop
  endfacet
  facet normal 0.707107 -0.707107 0
    outer loop
      vertex -0.966087 0.869869 23
      vertex -0.869869 0.966087 0
      vertex -0.869869 0.966087 23
    endloop
  endfacet
  facet normal 0.707107 -0.707107 0
    outer loop
      vertex -0.869869 0.966087 0
      vertex -0.966087 0.869869 23
      vertex -0.966087 0.869869 0
    endloop
  endfacet
  facet normal 0.454012 -0.890996 0
    outer loop
      vertex -0.65 1.12583 0
      vertex -0.528757 1.18761 23
      vertex -0.65 1.12583 23
    endloop
  endfacet
  facet normal 0.454012 -0.890996 0
    outer loop
      vertex -0.528757 1.18761 23
      vertex -0.65 1.12583 0
      vertex -0.528757 1.18761 0
    endloop
  endfacet
  facet normal -0.838672 0.544637 0
    outer loop
      vertex 1.05172 -0.76412 0
      vertex 1.12583 -0.65 23
      vertex 1.12583 -0.65 0
    endloop
  endfacet
  facet normal -0.838672 0.544637 0
    outer loop
      vertex 1.12583 -0.65 23
      vertex 1.05172 -0.76412 0
      vertex 1.05172 -0.76412 23
    endloop
  endfacet
  facet normal -0.890996 -0.454012 0
    outer loop
      vertex 1.18761 0.528757 0
      vertex 1.12583 0.65 23
      vertex 1.12583 0.65 0
    endloop
  endfacet
  facet normal -0.890996 -0.454012 0
    outer loop
      vertex 1.12583 0.65 23
      vertex 1.18761 0.528757 0
      vertex 1.18761 0.528757 23
    endloop
  endfacet
  facet normal -0.358341 -0.933591 0
    outer loop
      vertex 0.401722 1.23637 0
      vertex 0.528757 1.18761 23
      vertex 0.401722 1.23637 23
    endloop
  endfacet
  facet normal -0.358341 -0.933591 -0
    outer loop
      vertex 0.528757 1.18761 23
      vertex 0.401722 1.23637 0
      vertex 0.528757 1.18761 0
    endloop
  endfacet
  facet normal -0.544637 -0.838672 0
    outer loop
      vertex 0.65 1.12583 0
      vertex 0.76412 1.05172 23
      vertex 0.65 1.12583 23
    endloop
  endfacet
  facet normal -0.544637 -0.838672 -0
    outer loop
      vertex 0.76412 1.05172 23
      vertex 0.65 1.12583 0
      vertex 0.76412 1.05172 0
    endloop
  endfacet
  facet normal 0.890996 -0.454012 0
    outer loop
      vertex -1.18761 0.528757 23
      vertex -1.12583 0.65 0
      vertex -1.12583 0.65 23
    endloop
  endfacet
  facet normal 0.890996 -0.454012 0
    outer loop
      vertex -1.12583 0.65 0
      vertex -1.18761 0.528757 23
      vertex -1.18761 0.528757 0
    endloop
  endfacet
  facet normal 0.544637 -0.838672 0
    outer loop
      vertex -0.76412 1.05172 0
      vertex -0.65 1.12583 23
      vertex -0.76412 1.05172 23
    endloop
  endfacet
  facet normal 0.544637 -0.838672 0
    outer loop
      vertex -0.65 1.12583 23
      vertex -0.76412 1.05172 0
      vertex -0.65 1.12583 0
    endloop
  endfacet
  facet normal 0.25883 -0.965923 0
    outer loop
      vertex -0.401722 1.23637 0
      vertex -0.270285 1.27159 23
      vertex -0.401722 1.23637 23
    endloop
  endfacet
  facet normal 0.25883 -0.965923 0
    outer loop
      vertex -0.270285 1.27159 23
      vertex -0.401722 1.23637 0
      vertex -0.270285 1.27159 0
    endloop
  endfacet
  facet normal -0.965923 0.25883 0
    outer loop
      vertex 1.23637 -0.401722 0
      vertex 1.27159 -0.270285 23
      vertex 1.27159 -0.270285 0
    endloop
  endfacet
  facet normal -0.965923 0.25883 0
    outer loop
      vertex 1.27159 -0.270285 23
      vertex 1.23637 -0.401722 0
      vertex 1.23637 -0.401722 23
    endloop
  endfacet
  facet normal 0.777149 0.629317 0
    outer loop
      vertex -0.966087 -0.869869 23
      vertex -1.05172 -0.76412 0
      vertex -1.05172 -0.76412 23
    endloop
  endfacet
  facet normal 0.777149 0.629317 0
    outer loop
      vertex -1.05172 -0.76412 0
      vertex -0.966087 -0.869869 23
      vertex -0.966087 -0.869869 0
    endloop
  endfacet
  facet normal -0.358341 0.933591 0
    outer loop
      vertex 0.528757 -1.18761 0
      vertex 0.401722 -1.23637 23
      vertex 0.528757 -1.18761 23
    endloop
  endfacet
  facet normal -0.358341 0.933591 0
    outer loop
      vertex 0.401722 -1.23637 23
      vertex 0.528757 -1.18761 0
      vertex 0.401722 -1.23637 0
    endloop
  endfacet
  facet normal -0.965923 -0.25883 0
    outer loop
      vertex 1.27159 0.270285 0
      vertex 1.23637 0.401722 23
      vertex 1.23637 0.401722 0
    endloop
  endfacet
  facet normal -0.965923 -0.25883 0
    outer loop
      vertex 1.23637 0.401722 23
      vertex 1.27159 0.270285 0
      vertex 1.27159 0.270285 23
    endloop
  endfacet
  facet normal -0.987685 -0.156458 0
    outer loop
      vertex 1.29288 0.135886 0
      vertex 1.27159 0.270285 23
      vertex 1.27159 0.270285 0
    endloop
  endfacet
  facet normal -0.987685 -0.156458 0
    outer loop
      vertex 1.27159 0.270285 23
      vertex 1.29288 0.135886 0
      vertex 1.29288 0.135886 23
    endloop
  endfacet
  facet normal -0.933591 -0.358341 0
    outer loop
      vertex 1.23637 0.401722 0
      vertex 1.18761 0.528757 23
      vertex 1.18761 0.528757 0
    endloop
  endfacet
  facet normal -0.933591 -0.358341 0
    outer loop
      vertex 1.18761 0.528757 23
      vertex 1.23637 0.401722 0
      vertex 1.23637 0.401722 23
    endloop
  endfacet
  facet normal -0.777149 -0.629317 0
    outer loop
      vertex 1.05172 0.76412 0
      vertex 0.966087 0.869869 23
      vertex 0.966087 0.869869 0
    endloop
  endfacet
  facet normal -0.777149 -0.629317 0
    outer loop
      vertex 0.966087 0.869869 23
      vertex 1.05172 0.76412 0
      vertex 1.05172 0.76412 23
    endloop
  endfacet
  facet normal -0.707107 -0.707107 0
    outer loop
      vertex 0.966087 0.869869 0
      vertex 0.869869 0.966087 23
      vertex 0.869869 0.966087 0
    endloop
  endfacet
  facet normal -0.707107 -0.707107 0
    outer loop
      vertex 0.869869 0.966087 23
      vertex 0.966087 0.869869 0
      vertex 0.966087 0.869869 23
    endloop
  endfacet
  facet normal -0.838672 -0.544637 0
    outer loop
      vertex 1.12583 0.65 0
      vertex 1.05172 0.76412 23
      vertex 1.05172 0.76412 0
    endloop
  endfacet
  facet normal -0.838672 -0.544637 0
    outer loop
      vertex 1.05172 0.76412 23
      vertex 1.12583 0.65 0
      vertex 1.12583 0.65 23
    endloop
  endfacet
  facet normal -0.156458 -0.987685 0
    outer loop
      vertex 0.135886 1.29288 0
      vertex 0.270285 1.27159 23
      vertex 0.135886 1.29288 23
    endloop
  endfacet
  facet normal -0.156458 -0.987685 -0
    outer loop
      vertex 0.270285 1.27159 23
      vertex 0.135886 1.29288 0
      vertex 0.270285 1.27159 0
    endloop
  endfacet
  facet normal -0.25883 -0.965923 0
    outer loop
      vertex 0.270285 1.27159 0
      vertex 0.401722 1.23637 23
      vertex 0.270285 1.27159 23
    endloop
  endfacet
  facet normal -0.25883 -0.965923 -0
    outer loop
      vertex 0.401722 1.23637 23
      vertex 0.270285 1.27159 0
      vertex 0.401722 1.23637 0
    endloop
  endfacet
  facet normal -0.0523251 -0.99863 0
    outer loop
      vertex 0 1.3 0
      vertex 0.135886 1.29288 23
      vertex 0 1.3 23
    endloop
  endfacet
  facet normal -0.0523251 -0.99863 -0
    outer loop
      vertex 0.135886 1.29288 23
      vertex 0 1.3 0
      vertex 0.135886 1.29288 0
    endloop
  endfacet
  facet normal -0.454012 -0.890996 0
    outer loop
      vertex 0.528757 1.18761 0
      vertex 0.65 1.12583 23
      vertex 0.528757 1.18761 23
    endloop
  endfacet
  facet normal -0.454012 -0.890996 -0
    outer loop
      vertex 0.65 1.12583 23
      vertex 0.528757 1.18761 0
      vertex 0.65 1.12583 0
    endloop
  endfacet
  facet normal 0.965923 -0.25883 0
    outer loop
      vertex -1.27159 0.270285 23
      vertex -1.23637 0.401722 0
      vertex -1.23637 0.401722 23
    endloop
  endfacet
  facet normal 0.965923 -0.25883 0
    outer loop
      vertex -1.23637 0.401722 0
      vertex -1.27159 0.270285 23
      vertex -1.27159 0.270285 0
    endloop
  endfacet
  facet normal 0.838672 -0.544637 0
    outer loop
      vertex -1.12583 0.65 23
      vertex -1.05172 0.76412 0
      vertex -1.05172 0.76412 23
    endloop
  endfacet
  facet normal 0.838672 -0.544637 0
    outer loop
      vertex -1.05172 0.76412 0
      vertex -1.12583 0.65 23
      vertex -1.12583 0.65 0
    endloop
  endfacet
  facet normal 0.777149 -0.629317 0
    outer loop
      vertex -1.05172 0.76412 23
      vertex -0.966087 0.869869 0
      vertex -0.966087 0.869869 23
    endloop
  endfacet
  facet normal 0.777149 -0.629317 0
    outer loop
      vertex -0.966087 0.869869 0
      vertex -1.05172 0.76412 23
      vertex -1.05172 0.76412 0
    endloop
  endfacet
  facet normal 0.933591 -0.358341 0
    outer loop
      vertex -1.23637 0.401722 23
      vertex -1.18761 0.528757 0
      vertex -1.18761 0.528757 23
    endloop
  endfacet
  facet normal 0.933591 -0.358341 0
    outer loop
      vertex -1.18761 0.528757 0
      vertex -1.23637 0.401722 23
      vertex -1.23637 0.401722 0
    endloop
  endfacet
  facet normal 0.987685 -0.156458 0
    outer loop
      vertex -1.29288 0.135886 23
      vertex -1.27159 0.270285 0
      vertex -1.27159 0.270285 23
    endloop
  endfacet
  facet normal 0.987685 -0.156458 0
    outer loop
      vertex -1.27159 0.270285 0
      vertex -1.29288 0.135886 23
      vertex -1.29288 0.135886 0
    endloop
  endfacet
  facet normal 0.629317 -0.777149 0
    outer loop
      vertex -0.869869 0.966087 0
      vertex -0.76412 1.05172 23
      vertex -0.869869 0.966087 23
    endloop
  endfacet
  facet normal 0.629317 -0.777149 0
    outer loop
      vertex -0.76412 1.05172 23
      vertex -0.869869 0.966087 0
      vertex -0.76412 1.05172 0
    endloop
  endfacet
  facet normal 0.358341 -0.933591 0
    outer loop
      vertex -0.528757 1.18761 0
      vertex -0.401722 1.23637 23
      vertex -0.528757 1.18761 23
    endloop
  endfacet
  facet normal 0.358341 -0.933591 0
    outer loop
      vertex -0.401722 1.23637 23
      vertex -0.528757 1.18761 0
      vertex -0.401722 1.23637 0
    endloop
  endfacet
  facet normal 0.156458 -0.987685 0
    outer loop
      vertex -0.270285 1.27159 0
      vertex -0.135886 1.29288 23
      vertex -0.270285 1.27159 23
    endloop
  endfacet
  facet normal 0.156458 -0.987685 0
    outer loop
      vertex -0.135886 1.29288 23
      vertex -0.270285 1.27159 0
      vertex -0.135886 1.29288 0
    endloop
  endfacet
  facet normal -0.987685 0.156458 0
    outer loop
      vertex 1.27159 -0.270285 0
      vertex 1.29288 -0.135886 23
      vertex 1.29288 -0.135886 0
    endloop
  endfacet
  facet normal -0.987685 0.156458 0
    outer loop
      vertex 1.29288 -0.135886 23
      vertex 1.27159 -0.270285 0
      vertex 1.27159 -0.270285 23
    endloop
  endfacet
  facet normal -0.99863 0.0523251 0
    outer loop
      vertex 1.29288 -0.135886 0
      vertex 1.3 0 23
      vertex 1.3 0 0
    endloop
  endfacet
  facet normal -0.99863 0.0523251 0
    outer loop
      vertex 1.3 0 23
      vertex 1.29288 -0.135886 0
      vertex 1.29288 -0.135886 23
    endloop
  endfacet
  facet normal -0.890996 0.454012 0
    outer loop
      vertex 1.12583 -0.65 0
      vertex 1.18761 -0.528757 23
      vertex 1.18761 -0.528757 0
    endloop
  endfacet
  facet normal -0.890996 0.454012 0
    outer loop
      vertex 1.18761 -0.528757 23
      vertex 1.12583 -0.65 0
      vertex 1.12583 -0.65 23
    endloop
  endfacet
  facet normal 0.965923 0.25883 0
    outer loop
      vertex -1.23637 -0.401722 23
      vertex -1.27159 -0.270285 0
      vertex -1.27159 -0.270285 23
    endloop
  endfacet
  facet normal 0.965923 0.25883 0
    outer loop
      vertex -1.27159 -0.270285 0
      vertex -1.23637 -0.401722 23
      vertex -1.23637 -0.401722 0
    endloop
  endfacet
  facet normal 0.99863 0.0523251 0
    outer loop
      vertex -1.29288 -0.135886 23
      vertex -1.3 0 0
      vertex -1.3 0 23
    endloop
  endfacet
  facet normal 0.99863 0.0523251 0
    outer loop
      vertex -1.3 0 0
      vertex -1.29288 -0.135886 23
      vertex -1.29288 -0.135886 0
    endloop
  endfacet
  facet normal -0.156458 0.987685 0
    outer loop
      vertex 0.270285 -1.27159 0
      vertex 0.135886 -1.29288 23
      vertex 0.270285 -1.27159 23
    endloop
  endfacet
  facet normal -0.156458 0.987685 0
    outer loop
      vertex 0.135886 -1.29288 23
      vertex 0.270285 -1.27159 0
      vertex 0.135886 -1.29288 0
    endloop
  endfacet
  facet normal -0.454012 0.890996 0
    outer loop
      vertex 0.65 -1.12583 0
      vertex 0.528757 -1.18761 23
      vertex 0.65 -1.12583 23
    endloop
  endfacet
  facet normal -0.454012 0.890996 0
    outer loop
      vertex 0.528757 -1.18761 23
      vertex 0.65 -1.12583 0
      vertex 0.528757 -1.18761 0
    endloop
  endfacet
  facet normal -0.707107 0.707107 0
    outer loop
      vertex 0.869869 -0.966087 0
      vertex 0.966087 -0.869869 23
      vertex 0.966087 -0.869869 0
    endloop
  endfacet
  facet normal -0.707107 0.707107 0
    outer loop
      vertex 0.966087 -0.869869 23
      vertex 0.869869 -0.966087 0
      vertex 0.869869 -0.966087 23
    endloop
  endfacet
  facet normal -0.777149 0.629317 0
    outer loop
      vertex 0.966087 -0.869869 0
      vertex 1.05172 -0.76412 23
      vertex 1.05172 -0.76412 0
    endloop
  endfacet
  facet normal -0.777149 0.629317 0
    outer loop
      vertex 1.05172 -0.76412 23
      vertex 0.966087 -0.869869 0
      vertex 0.966087 -0.869869 23
    endloop
  endfacet
  facet normal -0.629317 0.777149 0
    outer loop
      vertex 0.869869 -0.966087 0
      vertex 0.76412 -1.05172 23
      vertex 0.869869 -0.966087 23
    endloop
  endfacet
  facet normal -0.629317 0.777149 0
    outer loop
      vertex 0.76412 -1.05172 23
      vertex 0.869869 -0.966087 0
      vertex 0.76412 -1.05172 0
    endloop
  endfacet
  facet normal -0.544637 0.838672 0
    outer loop
      vertex 0.76412 -1.05172 0
      vertex 0.65 -1.12583 23
      vertex 0.76412 -1.05172 23
    endloop
  endfacet
  facet normal -0.544637 0.838672 0
    outer loop
      vertex 0.65 -1.12583 23
      vertex 0.76412 -1.05172 0
      vertex 0.65 -1.12583 0
    endloop
  endfacet
  facet normal -0.933591 0.358341 0
    outer loop
      vertex 1.18761 -0.528757 0
      vertex 1.23637 -0.401722 23
      vertex 1.23637 -0.401722 0
    endloop
  endfacet
  facet normal -0.933591 0.358341 0
    outer loop
      vertex 1.23637 -0.401722 23
      vertex 1.18761 -0.528757 0
      vertex 1.18761 -0.528757 23
    endloop
  endfacet
  facet normal 0.890996 0.454012 0
    outer loop
      vertex -1.12583 -0.65 23
      vertex -1.18761 -0.528757 0
      vertex -1.18761 -0.528757 23
    endloop
  endfacet
  facet normal 0.890996 0.454012 0
    outer loop
      vertex -1.18761 -0.528757 0
      vertex -1.12583 -0.65 23
      vertex -1.12583 -0.65 0
    endloop
  endfacet
  facet normal 0.838672 0.544637 0
    outer loop
      vertex -1.05172 -0.76412 23
      vertex -1.12583 -0.65 0
      vertex -1.12583 -0.65 23
    endloop
  endfacet
  facet normal 0.838672 0.544637 0
    outer loop
      vertex -1.12583 -0.65 0
      vertex -1.05172 -0.76412 23
      vertex -1.05172 -0.76412 0
    endloop
  endfacet
  facet normal 0.707107 0.707107 0
    outer loop
      vertex -0.869869 -0.966087 23
      vertex -0.966087 -0.869869 0
      vertex -0.966087 -0.869869 23
    endloop
  endfacet
  facet normal 0.707107 0.707107 0
    outer loop
      vertex -0.966087 -0.869869 0
      vertex -0.869869 -0.966087 23
      vertex -0.869869 -0.966087 0
    endloop
  endfacet
  facet normal 0.933591 0.358341 0
    outer loop
      vertex -1.18761 -0.528757 23
      vertex -1.23637 -0.401722 0
      vertex -1.23637 -0.401722 23
    endloop
  endfacet
  facet normal 0.933591 0.358341 0
    outer loop
      vertex -1.23637 -0.401722 0
      vertex -1.18761 -0.528757 23
      vertex -1.18761 -0.528757 0
    endloop
  endfacet
  facet normal 0.987685 0.156458 0
    outer loop
      vertex -1.27159 -0.270285 23
      vertex -1.29288 -0.135886 0
      vertex -1.29288 -0.135886 23
    endloop
  endfacet
  facet normal 0.987685 0.156458 0
    outer loop
      vertex -1.29288 -0.135886 0
      vertex -1.27159 -0.270285 23
      vertex -1.27159 -0.270285 0
    endloop
  endfacet
  facet normal -0.25883 0.965923 0
    outer loop
      vertex 0.401722 -1.23637 0
      vertex 0.270285 -1.27159 23
      vertex 0.401722 -1.23637 23
    endloop
  endfacet
  facet normal -0.25883 0.965923 0
    outer loop
      vertex 0.270285 -1.27159 23
      vertex 0.401722 -1.23637 0
      vertex 0.270285 -1.27159 0
    endloop
  endfacet
  facet normal 0.629317 0.777149 -0
    outer loop
      vertex -0.76412 -1.05172 0
      vertex -0.869869 -0.966087 23
      vertex -0.76412 -1.05172 23
    endloop
  endfacet
  facet normal 0.629317 0.777149 0
    outer loop
      vertex -0.869869 -0.966087 23
      vertex -0.76412 -1.05172 0
      vertex -0.869869 -0.966087 0
    endloop
  endfacet
  facet normal 0.25883 0.965923 -0
    outer loop
      vertex -0.270285 -1.27159 0
      vertex -0.401722 -1.23637 23
      vertex -0.270285 -1.27159 23
    endloop
  endfacet
  facet normal 0.25883 0.965923 0
    outer loop
      vertex -0.401722 -1.23637 23
      vertex -0.270285 -1.27159 0
      vertex -0.401722 -1.23637 0
    endloop
  endfacet
  facet normal 0.156458 0.987685 -0
    outer loop
      vertex -0.135886 -1.29288 0
      vertex -0.270285 -1.27159 23
      vertex -0.135886 -1.29288 23
    endloop
  endfacet
  facet normal 0.156458 0.987685 0
    outer loop
      vertex -0.270285 -1.27159 23
      vertex -0.135886 -1.29288 0
      vertex -0.270285 -1.27159 0
    endloop
  endfacet
  facet normal 0.0523251 0.99863 -0
    outer loop
      vertex 0 -1.3 0
      vertex -0.135886 -1.29288 23
      vertex 0 -1.3 23
    endloop
  endfacet
  facet normal 0.0523251 0.99863 0
    outer loop
      vertex -0.135886 -1.29288 23
      vertex 0 -1.3 0
      vertex -0.135886 -1.29288 0
    endloop
  endfacet
  facet normal 0.454012 0.890996 -0
    outer loop
      vertex -0.528757 -1.18761 0
      vertex -0.65 -1.12583 23
      vertex -0.528757 -1.18761 23
    endloop
  endfacet
  facet normal 0.454012 0.890996 0
    outer loop
      vertex -0.65 -1.12583 23
      vertex -0.528757 -1.18761 0
      vertex -0.65 -1.12583 0
    endloop
  endfacet
  facet normal 0.544637 0.838672 -0
    outer loop
      vertex -0.65 -1.12583 0
      vertex -0.76412 -1.05172 23
      vertex -0.65 -1.12583 23
    endloop
  endfacet
  facet normal 0.544637 0.838672 0
    outer loop
      vertex -0.76412 -1.05172 23
      vertex -0.65 -1.12583 0
      vertex -0.76412 -1.05172 0
    endloop
  endfacet
  facet normal 0.358341 0.933591 -0
    outer loop
      vertex -0.401722 -1.23637 0
      vertex -0.528757 -1.18761 23
      vertex -0.401722 -1.23637 23
    endloop
  endfacet
  facet normal 0.358341 0.933591 0
    outer loop
      vertex -0.528757 -1.18761 23
      vertex -0.401722 -1.23637 0
      vertex -0.528757 -1.18761 0
    endloop
  endfacet
endsolid OpenSCAD_Model
