solid OpenSCAD_Model
  facet normal -1 0 0
    outer loop
      vertex 21 177.6 6
      vertex 21 180.6 14
      vertex 21 180.6 6
    endloop
  endfacet
  facet normal -1 -0 0
    outer loop
      vertex 21 180.6 14
      vertex 21 177.6 6
      vertex 21 177.6 14
    endloop
  endfacet
  facet normal -0 0 1
    outer loop
      vertex 7 166.6 14
      vertex 10 0 14
      vertex 10 166.6 14
    endloop
  endfacet
  facet normal 0 0 1
    outer loop
      vertex 10 0 14
      vertex 7 166.6 14
      vertex 7 0 14
    endloop
  endfacet
  facet normal -0 0 1
    outer loop
      vertex 21 180.6 14
      vertex 174.9 177.6 14
      vertex 174.9 180.6 14
    endloop
  endfacet
  facet normal 0 0 1
    outer loop
      vertex 174.9 177.6 14
      vertex 21 180.6 14
      vertex 21 177.6 14
    endloop
  endfacet
  facet normal 0 1 -0
    outer loop
      vertex 174.9 180.6 6
      vertex 21 180.6 14
      vertex 174.9 180.6 14
    endloop
  endfacet
  facet normal 0 1 0
    outer loop
      vertex 21 180.6 14
      vertex 174.9 180.6 6
      vertex 21 180.6 6
    endloop
  endfacet
  facet normal 0 0 0
    outer loop
      vertex 174.9 180.6 5.99
      vertex 174.9 180.6 6
      vertex 174.9 180.6 14
    endloop
  endfacet
  facet normal 0 -1 0
    outer loop
      vertex 21 177.6 6
      vertex 174.9 177.6 14
      vertex 21 177.6 14
    endloop
  endfacet
  facet normal 0 -1 -0
    outer loop
      vertex 174.9 177.6 14
      vertex 21 177.6 6
      vertex 174.9 177.6 6
    endloop
  endfacet
  facet normal 0 0 0
    outer loop
      vertex 174.9 177.6 14
      vertex 174.9 177.6 6
      vertex 174.9 177.6 5.99
    endloop
  endfacet
  facet normal -1 0 0
    outer loop
      vertex 7 0 6
      vertex 7 166.6 14
      vertex 7 166.6 6
    endloop
  endfacet
  facet normal -1 -0 0
    outer loop
      vertex 7 166.6 14
      vertex 7 0 6
      vertex 7 0 14
    endloop
  endfacet
  facet normal 1 -0 0
    outer loop
      vertex 10 0 14
      vertex 10 166.6 6
      vertex 10 166.6 14
    endloop
  endfacet
  facet normal 1 0 0
    outer loop
      vertex 10 166.6 6
      vertex 10 0 14
      vertex 10 0 6
    endloop
  endfacet
  facet normal 0 1 -0
    outer loop
      vertex 10 166.6 6
      vertex 7 166.6 14
      vertex 10 166.6 14
    endloop
  endfacet
  facet normal 0 1 0
    outer loop
      vertex 7 166.6 14
      vertex 10 166.6 6
      vertex 7 166.6 6
    endloop
  endfacet
  facet normal 1 -0 0
    outer loop
      vertex 174.9 177.6 14
      vertex 174.9 180.6 5.99
      vertex 174.9 180.6 14
    endloop
  endfacet
  facet normal 1 0 0
    outer loop
      vertex 174.9 180.6 5.99
      vertex 174.9 177.6 14
      vertex 174.9 177.6 5.99
    endloop
  endfacet
  facet normal 0 -1 0
    outer loop
      vertex 0 0 0
      vertex 7 0 6
      vertex 0 0 6
    endloop
  endfacet
  facet normal 0 -1 -0
    outer loop
      vertex 7 0 6
      vertex 0 0 0
      vertex 10 0 6
    endloop
  endfacet
  facet normal 0 -1 0
    outer loop
      vertex 10 0 6
      vertex 40.225 0 2
      vertex 40.225 0 6
    endloop
  endfacet
  facet normal 0 -1 0
    outer loop
      vertex 0 0 0
      vertex 47.225 0 2
      vertex 40.225 0 2
    endloop
  endfacet
  facet normal 0 -1 -0
    outer loop
      vertex 47.225 0 2
      vertex 0 0 0
      vertex 83.95 0 2
    endloop
  endfacet
  facet normal 0 -1 -0
    outer loop
      vertex 83.95 0 2
      vertex 0 0 0
      vertex 90.95 0 2
    endloop
  endfacet
  facet normal 0 -1 0
    outer loop
      vertex 174.9 0 0
      vertex 90.95 0 2
      vertex 0 0 0
    endloop
  endfacet
  facet normal 0 -1 0
    outer loop
      vertex 90.95 0 2
      vertex 174.9 0 0
      vertex 127.675 0 2
    endloop
  endfacet
  facet normal 0 -1 -0
    outer loop
      vertex 10 0 6
      vertex 0 0 0
      vertex 40.225 0 2
    endloop
  endfacet
  facet normal 0 -1 0
    outer loop
      vertex 7 0 6
      vertex 10 0 14
      vertex 7 0 14
    endloop
  endfacet
  facet normal 0 -1 -0
    outer loop
      vertex 10 0 14
      vertex 7 0 6
      vertex 10 0 6
    endloop
  endfacet
  facet normal 0 -1 0
    outer loop
      vertex 47.225 0 2
      vertex 83.95 0 6
      vertex 47.225 0 6
    endloop
  endfacet
  facet normal 0 -1 -0
    outer loop
      vertex 83.95 0 6
      vertex 47.225 0 2
      vertex 83.95 0 2
    endloop
  endfacet
  facet normal 0 -1 0
    outer loop
      vertex 90.95 0 2
      vertex 127.675 0 6
      vertex 90.95 0 6
    endloop
  endfacet
  facet normal 0 -1 -0
    outer loop
      vertex 127.675 0 6
      vertex 90.95 0 2
      vertex 127.675 0 2
    endloop
  endfacet
  facet normal 0 -1 0
    outer loop
      vertex 134.675 0 2
      vertex 174.9 0 6
      vertex 134.675 0 6
    endloop
  endfacet
  facet normal 0 -1 0
    outer loop
      vertex 134.675 0 2
      vertex 174.9 0 0
      vertex 174.9 0 6
    endloop
  endfacet
  facet normal 0 -1 0
    outer loop
      vertex 127.675 0 2
      vertex 174.9 0 0
      vertex 134.675 0 2
    endloop
  endfacet
  facet normal 0 0 -1
    outer loop
      vertex 33.75 25.4027 0
      vertex 31.25 25.4027 0
      vertex 32.5 27.5677 0
    endloop
  endfacet
  facet normal 0 0 -1
    outer loop
      vertex 31.25 25.4027 0
      vertex 28.5 29.8771 0
      vertex 32.5 27.5677 0
    endloop
  endfacet
  facet normal -0 0 -1
    outer loop
      vertex 28.5 29.8771 0
      vertex 27.25 27.7121 0
      vertex 28.5 34.4959 0
    endloop
  endfacet
  facet normal 0 0 -1
    outer loop
      vertex 27.25 27.7121 0
      vertex 28.5 29.8771 0
      vertex 31.25 25.4027 0
    endloop
  endfacet
  facet normal 0 0 -1
    outer loop
      vertex 33.75 43.5892 0
      vertex 31.25 43.5892 0
      vertex 32.5 45.7543 0
    endloop
  endfacet
  facet normal 0 0 -1
    outer loop
      vertex 31.25 43.5892 0
      vertex 28.5 48.0637 0
      vertex 32.5 45.7543 0
    endloop
  endfacet
  facet normal -0 0 -1
    outer loop
      vertex 28.5 48.0637 0
      vertex 27.25 45.8986 0
      vertex 28.5 52.6825 0
    endloop
  endfacet
  facet normal 0 0 -1
    outer loop
      vertex 27.25 45.8986 0
      vertex 28.5 48.0637 0
      vertex 31.25 43.5892 0
    endloop
  endfacet
  facet normal 0 0 -1
    outer loop
      vertex 33.75 61.7757 0
      vertex 31.25 61.7757 0
      vertex 32.5 63.9408 0
    endloop
  endfacet
  facet normal 0 0 -1
    outer loop
      vertex 31.25 61.7757 0
      vertex 28.5 66.2502 0
      vertex 32.5 63.9408 0
    endloop
  endfacet
  facet normal -0 0 -1
    outer loop
      vertex 28.5 66.2502 0
      vertex 27.25 64.0851 0
      vertex 28.5 70.869 0
    endloop
  endfacet
  facet normal 0 0 -1
    outer loop
      vertex 27.25 64.0851 0
      vertex 28.5 66.2502 0
      vertex 31.25 61.7757 0
    endloop
  endfacet
  facet normal 0 0 -1
    outer loop
      vertex 33.75 79.9623 0
      vertex 31.25 79.9623 0
      vertex 32.5 82.1273 0
    endloop
  endfacet
  facet normal 0 0 -1
    outer loop
      vertex 31.25 79.9623 0
      vertex 28.5 84.4367 0
      vertex 32.5 82.1273 0
    endloop
  endfacet
  facet normal -0 0 -1
    outer loop
      vertex 28.5 84.4367 0
      vertex 27.25 82.2717 0
      vertex 28.5 89.0555 0
    endloop
  endfacet
  facet normal 0 0 -1
    outer loop
      vertex 27.25 82.2717 0
      vertex 28.5 84.4367 0
      vertex 31.25 79.9623 0
    endloop
  endfacet
  facet normal 0 0 -1
    outer loop
      vertex 33.75 98.1488 0
      vertex 31.25 98.1488 0
      vertex 32.5 100.314 0
    endloop
  endfacet
  facet normal 0 0 -1
    outer loop
      vertex 31.25 98.1488 0
      vertex 28.5 102.623 0
      vertex 32.5 100.314 0
    endloop
  endfacet
  facet normal -0 0 -1
    outer loop
      vertex 28.5 102.623 0
      vertex 27.25 100.458 0
      vertex 28.5 107.242 0
    endloop
  endfacet
  facet normal 0 0 -1
    outer loop
      vertex 27.25 100.458 0
      vertex 28.5 102.623 0
      vertex 31.25 98.1488 0
    endloop
  endfacet
  facet normal 0 0 -1
    outer loop
      vertex 33.75 116.335 0
      vertex 31.25 116.335 0
      vertex 32.5 118.5 0
    endloop
  endfacet
  facet normal 0 0 -1
    outer loop
      vertex 31.25 116.335 0
      vertex 28.5 120.81 0
      vertex 32.5 118.5 0
    endloop
  endfacet
  facet normal -0 0 -1
    outer loop
      vertex 28.5 120.81 0
      vertex 27.25 118.645 0
      vertex 28.5 125.429 0
    endloop
  endfacet
  facet normal 0 0 -1
    outer loop
      vertex 27.25 118.645 0
      vertex 28.5 120.81 0
      vertex 31.25 116.335 0
    endloop
  endfacet
  facet normal 0 0 -1
    outer loop
      vertex 33.75 134.522 0
      vertex 31.25 134.522 0
      vertex 32.5 136.687 0
    endloop
  endfacet
  facet normal 0 0 -1
    outer loop
      vertex 31.25 134.522 0
      vertex 28.5 138.996 0
      vertex 32.5 136.687 0
    endloop
  endfacet
  facet normal -0 0 -1
    outer loop
      vertex 28.5 138.996 0
      vertex 27.25 136.831 0
      vertex 28.5 143.615 0
    endloop
  endfacet
  facet normal 0 0 -1
    outer loop
      vertex 27.25 136.831 0
      vertex 28.5 138.996 0
      vertex 31.25 134.522 0
    endloop
  endfacet
  facet normal 0 0 -1
    outer loop
      vertex 33.75 152.708 0
      vertex 31.25 152.708 0
      vertex 32.5 154.873 0
    endloop
  endfacet
  facet normal 0 0 -1
    outer loop
      vertex 31.25 152.708 0
      vertex 28.5 157.183 0
      vertex 32.5 154.873 0
    endloop
  endfacet
  facet normal -0 0 -1
    outer loop
      vertex 28.5 157.183 0
      vertex 27.25 155.018 0
      vertex 28.5 161.802 0
    endloop
  endfacet
  facet normal 0 0 -1
    outer loop
      vertex 27.25 155.018 0
      vertex 28.5 157.183 0
      vertex 31.25 152.708 0
    endloop
  endfacet
  facet normal 0 0 -1
    outer loop
      vertex 33.75 152.708 0
      vertex 36.5 157.183 0
      vertex 37.75 155.018 0
    endloop
  endfacet
  facet normal 0 0 -1
    outer loop
      vertex 33.75 152.708 0
      vertex 32.5 154.873 0
      vertex 36.5 157.183 0
    endloop
  endfacet
  facet normal 0 0 -1
    outer loop
      vertex 33.75 148.09 0
      vertex 31.25 148.09 0
      vertex 33.75 152.708 0
    endloop
  endfacet
  facet normal 0 0 -1
    outer loop
      vertex 31.25 152.708 0
      vertex 33.75 152.708 0
      vertex 31.25 148.09 0
    endloop
  endfacet
  facet normal 0 0 -1
    outer loop
      vertex 28.5 143.615 0
      vertex 31.25 148.09 0
      vertex 32.5 145.925 0
    endloop
  endfacet
  facet normal 0 0 -1
    outer loop
      vertex 28.5 143.615 0
      vertex 27.25 145.78 0
      vertex 31.25 148.09 0
    endloop
  endfacet
  facet normal 0 0 -1
    outer loop
      vertex 27.25 136.831 0
      vertex 27.25 145.78 0
      vertex 28.5 143.615 0
    endloop
  endfacet
  facet normal 0 0 -1
    outer loop
      vertex 23.25 134.522 0
      vertex 27.25 145.78 0
      vertex 27.25 136.831 0
    endloop
  endfacet
  facet normal -0 0 -1
    outer loop
      vertex 27.25 145.78 0
      vertex 23.25 134.522 0
      vertex 23.25 148.09 0
    endloop
  endfacet
  facet normal 0 0 -1
    outer loop
      vertex 39 34.4959 0
      vertex 36.5 34.4959 0
      vertex 37.75 36.661 0
    endloop
  endfacet
  facet normal 0 0 -1
    outer loop
      vertex 36.5 34.4959 0
      vertex 33.75 38.9704 0
      vertex 37.75 36.661 0
    endloop
  endfacet
  facet normal 0 0 -1
    outer loop
      vertex 31.25 38.9704 0
      vertex 33.75 38.9704 0
      vertex 32.5 36.8053 0
    endloop
  endfacet
  facet normal 0 0 -1
    outer loop
      vertex 32.5 36.8053 0
      vertex 33.75 38.9704 0
      vertex 36.5 34.4959 0
    endloop
  endfacet
  facet normal 0 0 -1
    outer loop
      vertex 39 52.6825 0
      vertex 36.5 52.6825 0
      vertex 37.75 54.8475 0
    endloop
  endfacet
  facet normal 0 0 -1
    outer loop
      vertex 36.5 52.6825 0
      vertex 33.75 57.1569 0
      vertex 37.75 54.8475 0
    endloop
  endfacet
  facet normal 0 0 -1
    outer loop
      vertex 31.25 57.1569 0
      vertex 33.75 57.1569 0
      vertex 32.5 54.9919 0
    endloop
  endfacet
  facet normal 0 0 -1
    outer loop
      vertex 32.5 54.9919 0
      vertex 33.75 57.1569 0
      vertex 36.5 52.6825 0
    endloop
  endfacet
  facet normal 0 0 -1
    outer loop
      vertex 39 70.869 0
      vertex 36.5 70.869 0
      vertex 37.75 73.0341 0
    endloop
  endfacet
  facet normal 0 0 -1
    outer loop
      vertex 36.5 70.869 0
      vertex 33.75 75.3435 0
      vertex 37.75 73.0341 0
    endloop
  endfacet
  facet normal 0 0 -1
    outer loop
      vertex 31.25 75.3435 0
      vertex 33.75 75.3435 0
      vertex 32.5 73.1784 0
    endloop
  endfacet
  facet normal 0 0 -1
    outer loop
      vertex 32.5 73.1784 0
      vertex 33.75 75.3435 0
      vertex 36.5 70.869 0
    endloop
  endfacet
  facet normal 0 0 -1
    outer loop
      vertex 39 89.0555 0
      vertex 36.5 89.0555 0
      vertex 37.75 91.2206 0
    endloop
  endfacet
  facet normal 0 0 -1
    outer loop
      vertex 36.5 89.0555 0
      vertex 33.75 93.53 0
      vertex 37.75 91.2206 0
    endloop
  endfacet
  facet normal 0 0 -1
    outer loop
      vertex 31.25 93.53 0
      vertex 33.75 93.53 0
      vertex 32.5 91.3649 0
    endloop
  endfacet
  facet normal 0 0 -1
    outer loop
      vertex 32.5 91.3649 0
      vertex 33.75 93.53 0
      vertex 36.5 89.0555 0
    endloop
  endfacet
  facet normal 0 0 -1
    outer loop
      vertex 39 107.242 0
      vertex 36.5 107.242 0
      vertex 37.75 109.407 0
    endloop
  endfacet
  facet normal 0 0 -1
    outer loop
      vertex 36.5 107.242 0
      vertex 33.75 111.717 0
      vertex 37.75 109.407 0
    endloop
  endfacet
  facet normal 0 0 -1
    outer loop
      vertex 31.25 111.717 0
      vertex 33.75 111.717 0
      vertex 32.5 109.551 0
    endloop
  endfacet
  facet normal 0 0 -1
    outer loop
      vertex 32.5 109.551 0
      vertex 33.75 111.717 0
      vertex 36.5 107.242 0
    endloop
  endfacet
  facet normal 0 0 -1
    outer loop
      vertex 39 125.429 0
      vertex 36.5 125.429 0
      vertex 37.75 127.594 0
    endloop
  endfacet
  facet normal 0 0 -1
    outer loop
      vertex 36.5 125.429 0
      vertex 33.75 129.903 0
      vertex 37.75 127.594 0
    endloop
  endfacet
  facet normal 0 0 -1
    outer loop
      vertex 31.25 129.903 0
      vertex 33.75 129.903 0
      vertex 32.5 127.738 0
    endloop
  endfacet
  facet normal 0 0 -1
    outer loop
      vertex 32.5 127.738 0
      vertex 33.75 129.903 0
      vertex 36.5 125.429 0
    endloop
  endfacet
  facet normal 0 0 -1
    outer loop
      vertex 39 143.615 0
      vertex 36.5 143.615 0
      vertex 37.75 145.78 0
    endloop
  endfacet
  facet normal 0 0 -1
    outer loop
      vertex 36.5 143.615 0
      vertex 33.75 148.09 0
      vertex 37.75 145.78 0
    endloop
  endfacet
  facet normal 0 0 -1
    outer loop
      vertex 31.25 148.09 0
      vertex 33.75 148.09 0
      vertex 32.5 145.925 0
    endloop
  endfacet
  facet normal 0 0 -1
    outer loop
      vertex 32.5 145.925 0
      vertex 33.75 148.09 0
      vertex 36.5 143.615 0
    endloop
  endfacet
  facet normal 0 0 -1
    outer loop
      vertex 44.25 25.4027 0
      vertex 41.75 25.4027 0
      vertex 43 27.5677 0
    endloop
  endfacet
  facet normal 0 0 -1
    outer loop
      vertex 41.75 25.4027 0
      vertex 39 29.8771 0
      vertex 43 27.5677 0
    endloop
  endfacet
  facet normal 0 0 -1
    outer loop
      vertex 36.5 29.8771 0
      vertex 39 29.8771 0
      vertex 37.75 27.7121 0
    endloop
  endfacet
  facet normal 0 0 -1
    outer loop
      vertex 37.75 27.7121 0
      vertex 39 29.8771 0
      vertex 41.75 25.4027 0
    endloop
  endfacet
  facet normal 0 0 -1
    outer loop
      vertex 44.25 43.5892 0
      vertex 41.75 43.5892 0
      vertex 43 45.7543 0
    endloop
  endfacet
  facet normal 0 0 -1
    outer loop
      vertex 41.75 43.5892 0
      vertex 39 48.0637 0
      vertex 43 45.7543 0
    endloop
  endfacet
  facet normal 0 0 -1
    outer loop
      vertex 36.5 48.0637 0
      vertex 39 48.0637 0
      vertex 37.75 45.8986 0
    endloop
  endfacet
  facet normal 0 0 -1
    outer loop
      vertex 37.75 45.8986 0
      vertex 39 48.0637 0
      vertex 41.75 43.5892 0
    endloop
  endfacet
  facet normal 0 0 -1
    outer loop
      vertex 44.25 61.7757 0
      vertex 41.75 61.7757 0
      vertex 43 63.9408 0
    endloop
  endfacet
  facet normal 0 0 -1
    outer loop
      vertex 41.75 61.7757 0
      vertex 39 66.2502 0
      vertex 43 63.9408 0
    endloop
  endfacet
  facet normal 0 0 -1
    outer loop
      vertex 36.5 66.2502 0
      vertex 39 66.2502 0
      vertex 37.75 64.0851 0
    endloop
  endfacet
  facet normal 0 0 -1
    outer loop
      vertex 37.75 64.0851 0
      vertex 39 66.2502 0
      vertex 41.75 61.7757 0
    endloop
  endfacet
  facet normal 0 0 -1
    outer loop
      vertex 44.25 79.9623 0
      vertex 41.75 79.9623 0
      vertex 43 82.1273 0
    endloop
  endfacet
  facet normal 0 0 -1
    outer loop
      vertex 41.75 79.9623 0
      vertex 39 84.4367 0
      vertex 43 82.1273 0
    endloop
  endfacet
  facet normal 0 0 -1
    outer loop
      vertex 36.5 84.4367 0
      vertex 39 84.4367 0
      vertex 37.75 82.2717 0
    endloop
  endfacet
  facet normal 0 0 -1
    outer loop
      vertex 37.75 82.2717 0
      vertex 39 84.4367 0
      vertex 41.75 79.9623 0
    endloop
  endfacet
  facet normal 0 0 -1
    outer loop
      vertex 44.25 98.1488 0
      vertex 41.75 98.1488 0
      vertex 43 100.314 0
    endloop
  endfacet
  facet normal 0 0 -1
    outer loop
      vertex 41.75 98.1488 0
      vertex 39 102.623 0
      vertex 43 100.314 0
    endloop
  endfacet
  facet normal 0 0 -1
    outer loop
      vertex 36.5 102.623 0
      vertex 39 102.623 0
      vertex 37.75 100.458 0
    endloop
  endfacet
  facet normal 0 0 -1
    outer loop
      vertex 37.75 100.458 0
      vertex 39 102.623 0
      vertex 41.75 98.1488 0
    endloop
  endfacet
  facet normal 0 0 -1
    outer loop
      vertex 44.25 116.335 0
      vertex 41.75 116.335 0
      vertex 43 118.5 0
    endloop
  endfacet
  facet normal 0 0 -1
    outer loop
      vertex 41.75 116.335 0
      vertex 39 120.81 0
      vertex 43 118.5 0
    endloop
  endfacet
  facet normal 0 0 -1
    outer loop
      vertex 36.5 120.81 0
      vertex 39 120.81 0
      vertex 37.75 118.645 0
    endloop
  endfacet
  facet normal 0 0 -1
    outer loop
      vertex 37.75 118.645 0
      vertex 39 120.81 0
      vertex 41.75 116.335 0
    endloop
  endfacet
  facet normal 0 0 -1
    outer loop
      vertex 44.25 134.522 0
      vertex 41.75 134.522 0
      vertex 43 136.687 0
    endloop
  endfacet
  facet normal 0 0 -1
    outer loop
      vertex 41.75 134.522 0
      vertex 39 138.996 0
      vertex 43 136.687 0
    endloop
  endfacet
  facet normal 0 0 -1
    outer loop
      vertex 36.5 138.996 0
      vertex 39 138.996 0
      vertex 37.75 136.831 0
    endloop
  endfacet
  facet normal 0 0 -1
    outer loop
      vertex 37.75 136.831 0
      vertex 39 138.996 0
      vertex 41.75 134.522 0
    endloop
  endfacet
  facet normal 0 0 -1
    outer loop
      vertex 44.25 152.708 0
      vertex 41.75 152.708 0
      vertex 43 154.873 0
    endloop
  endfacet
  facet normal 0 0 -1
    outer loop
      vertex 41.75 152.708 0
      vertex 39 157.183 0
      vertex 43 154.873 0
    endloop
  endfacet
  facet normal 0 0 -1
    outer loop
      vertex 36.5 157.183 0
      vertex 39 157.183 0
      vertex 37.75 155.018 0
    endloop
  endfacet
  facet normal 0 0 -1
    outer loop
      vertex 37.75 155.018 0
      vertex 39 157.183 0
      vertex 41.75 152.708 0
    endloop
  endfacet
  facet normal 0 0 -1
    outer loop
      vertex 44.25 152.708 0
      vertex 47 157.183 0
      vertex 48.25 155.018 0
    endloop
  endfacet
  facet normal 0 0 -1
    outer loop
      vertex 44.25 152.708 0
      vertex 43 154.873 0
      vertex 47 157.183 0
    endloop
  endfacet
  facet normal 0 0 -1
    outer loop
      vertex 44.25 148.09 0
      vertex 41.75 148.09 0
      vertex 44.25 152.708 0
    endloop
  endfacet
  facet normal 0 0 -1
    outer loop
      vertex 41.75 152.708 0
      vertex 44.25 152.708 0
      vertex 41.75 148.09 0
    endloop
  endfacet
  facet normal 0 0 -1
    outer loop
      vertex 39 143.615 0
      vertex 41.75 148.09 0
      vertex 43 145.925 0
    endloop
  endfacet
  facet normal 0 0 -1
    outer loop
      vertex 39 143.615 0
      vertex 37.75 145.78 0
      vertex 41.75 148.09 0
    endloop
  endfacet
  facet normal 0 0 -1
    outer loop
      vertex 39 138.996 0
      vertex 36.5 138.996 0
      vertex 39 143.615 0
    endloop
  endfacet
  facet normal 0 0 -1
    outer loop
      vertex 36.5 143.615 0
      vertex 39 143.615 0
      vertex 36.5 138.996 0
    endloop
  endfacet
  facet normal 0 0 -1
    outer loop
      vertex 33.75 134.522 0
      vertex 36.5 138.996 0
      vertex 37.75 136.831 0
    endloop
  endfacet
  facet normal 0 0 -1
    outer loop
      vertex 33.75 134.522 0
      vertex 32.5 136.687 0
      vertex 36.5 138.996 0
    endloop
  endfacet
  facet normal 0 0 -1
    outer loop
      vertex 33.75 129.903 0
      vertex 31.25 129.903 0
      vertex 33.75 134.522 0
    endloop
  endfacet
  facet normal 0 0 -1
    outer loop
      vertex 31.25 134.522 0
      vertex 33.75 134.522 0
      vertex 31.25 129.903 0
    endloop
  endfacet
  facet normal 0 0 -1
    outer loop
      vertex 28.5 125.429 0
      vertex 31.25 129.903 0
      vertex 32.5 127.738 0
    endloop
  endfacet
  facet normal 0 0 -1
    outer loop
      vertex 28.5 125.429 0
      vertex 27.25 127.594 0
      vertex 31.25 129.903 0
    endloop
  endfacet
  facet normal 0 0 -1
    outer loop
      vertex 27.25 118.645 0
      vertex 27.25 127.594 0
      vertex 28.5 125.429 0
    endloop
  endfacet
  facet normal 0 0 -1
    outer loop
      vertex 23.25 116.335 0
      vertex 27.25 127.594 0
      vertex 27.25 118.645 0
    endloop
  endfacet
  facet normal -0 0 -1
    outer loop
      vertex 27.25 127.594 0
      vertex 23.25 116.335 0
      vertex 23.25 129.903 0
    endloop
  endfacet
  facet normal 0 0 -1
    outer loop
      vertex 49.5 34.4959 0
      vertex 47 34.4959 0
      vertex 48.25 36.661 0
    endloop
  endfacet
  facet normal 0 0 -1
    outer loop
      vertex 47 34.4959 0
      vertex 44.25 38.9704 0
      vertex 48.25 36.661 0
    endloop
  endfacet
  facet normal 0 0 -1
    outer loop
      vertex 41.75 38.9704 0
      vertex 44.25 38.9704 0
      vertex 43 36.8053 0
    endloop
  endfacet
  facet normal 0 0 -1
    outer loop
      vertex 43 36.8053 0
      vertex 44.25 38.9704 0
      vertex 47 34.4959 0
    endloop
  endfacet
  facet normal 0 0 -1
    outer loop
      vertex 49.5 52.6825 0
      vertex 47 52.6825 0
      vertex 48.25 54.8475 0
    endloop
  endfacet
  facet normal 0 0 -1
    outer loop
      vertex 47 52.6825 0
      vertex 44.25 57.1569 0
      vertex 48.25 54.8475 0
    endloop
  endfacet
  facet normal 0 0 -1
    outer loop
      vertex 41.75 57.1569 0
      vertex 44.25 57.1569 0
      vertex 43 54.9919 0
    endloop
  endfacet
  facet normal 0 0 -1
    outer loop
      vertex 43 54.9919 0
      vertex 44.25 57.1569 0
      vertex 47 52.6825 0
    endloop
  endfacet
  facet normal 0 0 -1
    outer loop
      vertex 49.5 70.869 0
      vertex 47 70.869 0
      vertex 48.25 73.0341 0
    endloop
  endfacet
  facet normal 0 0 -1
    outer loop
      vertex 47 70.869 0
      vertex 44.25 75.3435 0
      vertex 48.25 73.0341 0
    endloop
  endfacet
  facet normal 0 0 -1
    outer loop
      vertex 41.75 75.3435 0
      vertex 44.25 75.3435 0
      vertex 43 73.1784 0
    endloop
  endfacet
  facet normal 0 0 -1
    outer loop
      vertex 43 73.1784 0
      vertex 44.25 75.3435 0
      vertex 47 70.869 0
    endloop
  endfacet
  facet normal 0 0 -1
    outer loop
      vertex 49.5 89.0555 0
      vertex 47 89.0555 0
      vertex 48.25 91.2206 0
    endloop
  endfacet
  facet normal 0 0 -1
    outer loop
      vertex 47 89.0555 0
      vertex 44.25 93.53 0
      vertex 48.25 91.2206 0
    endloop
  endfacet
  facet normal 0 0 -1
    outer loop
      vertex 41.75 93.53 0
      vertex 44.25 93.53 0
      vertex 43 91.3649 0
    endloop
  endfacet
  facet normal 0 0 -1
    outer loop
      vertex 43 91.3649 0
      vertex 44.25 93.53 0
      vertex 47 89.0555 0
    endloop
  endfacet
  facet normal 0 0 -1
    outer loop
      vertex 49.5 107.242 0
      vertex 47 107.242 0
      vertex 48.25 109.407 0
    endloop
  endfacet
  facet normal 0 0 -1
    outer loop
      vertex 47 107.242 0
      vertex 44.25 111.717 0
      vertex 48.25 109.407 0
    endloop
  endfacet
  facet normal 0 0 -1
    outer loop
      vertex 41.75 111.717 0
      vertex 44.25 111.717 0
      vertex 43 109.551 0
    endloop
  endfacet
  facet normal 0 0 -1
    outer loop
      vertex 43 109.551 0
      vertex 44.25 111.717 0
      vertex 47 107.242 0
    endloop
  endfacet
  facet normal 0 0 -1
    outer loop
      vertex 49.5 125.429 0
      vertex 47 125.429 0
      vertex 48.25 127.594 0
    endloop
  endfacet
  facet normal 0 0 -1
    outer loop
      vertex 47 125.429 0
      vertex 44.25 129.903 0
      vertex 48.25 127.594 0
    endloop
  endfacet
  facet normal 0 0 -1
    outer loop
      vertex 41.75 129.903 0
      vertex 44.25 129.903 0
      vertex 43 127.738 0
    endloop
  endfacet
  facet normal 0 0 -1
    outer loop
      vertex 43 127.738 0
      vertex 44.25 129.903 0
      vertex 47 125.429 0
    endloop
  endfacet
  facet normal 0 0 -1
    outer loop
      vertex 49.5 143.615 0
      vertex 47 143.615 0
      vertex 48.25 145.78 0
    endloop
  endfacet
  facet normal 0 0 -1
    outer loop
      vertex 47 143.615 0
      vertex 44.25 148.09 0
      vertex 48.25 145.78 0
    endloop
  endfacet
  facet normal 0 0 -1
    outer loop
      vertex 41.75 148.09 0
      vertex 44.25 148.09 0
      vertex 43 145.925 0
    endloop
  endfacet
  facet normal 0 0 -1
    outer loop
      vertex 43 145.925 0
      vertex 44.25 148.09 0
      vertex 47 143.615 0
    endloop
  endfacet
  facet normal 0 0 -1
    outer loop
      vertex 54.75 25.4027 0
      vertex 52.25 25.4027 0
      vertex 53.5 27.5677 0
    endloop
  endfacet
  facet normal 0 0 -1
    outer loop
      vertex 52.25 25.4027 0
      vertex 49.5 29.8771 0
      vertex 53.5 27.5677 0
    endloop
  endfacet
  facet normal 0 0 -1
    outer loop
      vertex 47 29.8771 0
      vertex 49.5 29.8771 0
      vertex 48.25 27.7121 0
    endloop
  endfacet
  facet normal 0 0 -1
    outer loop
      vertex 48.25 27.7121 0
      vertex 49.5 29.8771 0
      vertex 52.25 25.4027 0
    endloop
  endfacet
  facet normal 0 0 -1
    outer loop
      vertex 54.75 43.5892 0
      vertex 52.25 43.5892 0
      vertex 53.5 45.7543 0
    endloop
  endfacet
  facet normal 0 0 -1
    outer loop
      vertex 52.25 43.5892 0
      vertex 49.5 48.0637 0
      vertex 53.5 45.7543 0
    endloop
  endfacet
  facet normal 0 0 -1
    outer loop
      vertex 47 48.0637 0
      vertex 49.5 48.0637 0
      vertex 48.25 45.8986 0
    endloop
  endfacet
  facet normal 0 0 -1
    outer loop
      vertex 48.25 45.8986 0
      vertex 49.5 48.0637 0
      vertex 52.25 43.5892 0
    endloop
  endfacet
  facet normal 0 0 -1
    outer loop
      vertex 54.75 61.7757 0
      vertex 52.25 61.7757 0
      vertex 53.5 63.9408 0
    endloop
  endfacet
  facet normal 0 0 -1
    outer loop
      vertex 52.25 61.7757 0
      vertex 49.5 66.2502 0
      vertex 53.5 63.9408 0
    endloop
  endfacet
  facet normal 0 0 -1
    outer loop
      vertex 47 66.2502 0
      vertex 49.5 66.2502 0
      vertex 48.25 64.0851 0
    endloop
  endfacet
  facet normal 0 0 -1
    outer loop
      vertex 48.25 64.0851 0
      vertex 49.5 66.2502 0
      vertex 52.25 61.7757 0
    endloop
  endfacet
  facet normal 0 0 -1
    outer loop
      vertex 54.75 79.9623 0
      vertex 52.25 79.9623 0
      vertex 53.5 82.1273 0
    endloop
  endfacet
  facet normal 0 0 -1
    outer loop
      vertex 52.25 79.9623 0
      vertex 49.5 84.4367 0
      vertex 53.5 82.1273 0
    endloop
  endfacet
  facet normal 0 0 -1
    outer loop
      vertex 47 84.4367 0
      vertex 49.5 84.4367 0
      vertex 48.25 82.2717 0
    endloop
  endfacet
  facet normal 0 0 -1
    outer loop
      vertex 48.25 82.2717 0
      vertex 49.5 84.4367 0
      vertex 52.25 79.9623 0
    endloop
  endfacet
  facet normal 0 0 -1
    outer loop
      vertex 54.75 98.1488 0
      vertex 52.25 98.1488 0
      vertex 53.5 100.314 0
    endloop
  endfacet
  facet normal 0 0 -1
    outer loop
      vertex 52.25 98.1488 0
      vertex 49.5 102.623 0
      vertex 53.5 100.314 0
    endloop
  endfacet
  facet normal 0 0 -1
    outer loop
      vertex 47 102.623 0
      vertex 49.5 102.623 0
      vertex 48.25 100.458 0
    endloop
  endfacet
  facet normal 0 0 -1
    outer loop
      vertex 48.25 100.458 0
      vertex 49.5 102.623 0
      vertex 52.25 98.1488 0
    endloop
  endfacet
  facet normal 0 0 -1
    outer loop
      vertex 54.75 116.335 0
      vertex 52.25 116.335 0
      vertex 53.5 118.5 0
    endloop
  endfacet
  facet normal 0 0 -1
    outer loop
      vertex 52.25 116.335 0
      vertex 49.5 120.81 0
      vertex 53.5 118.5 0
    endloop
  endfacet
  facet normal 0 0 -1
    outer loop
      vertex 47 120.81 0
      vertex 49.5 120.81 0
      vertex 48.25 118.645 0
    endloop
  endfacet
  facet normal 0 0 -1
    outer loop
      vertex 48.25 118.645 0
      vertex 49.5 120.81 0
      vertex 52.25 116.335 0
    endloop
  endfacet
  facet normal 0 0 -1
    outer loop
      vertex 54.75 134.522 0
      vertex 52.25 134.522 0
      vertex 53.5 136.687 0
    endloop
  endfacet
  facet normal 0 0 -1
    outer loop
      vertex 52.25 134.522 0
      vertex 49.5 138.996 0
      vertex 53.5 136.687 0
    endloop
  endfacet
  facet normal 0 0 -1
    outer loop
      vertex 47 138.996 0
      vertex 49.5 138.996 0
      vertex 48.25 136.831 0
    endloop
  endfacet
  facet normal 0 0 -1
    outer loop
      vertex 48.25 136.831 0
      vertex 49.5 138.996 0
      vertex 52.25 134.522 0
    endloop
  endfacet
  facet normal 0 0 -1
    outer loop
      vertex 54.75 152.708 0
      vertex 52.25 152.708 0
      vertex 53.5 154.873 0
    endloop
  endfacet
  facet normal 0 0 -1
    outer loop
      vertex 52.25 152.708 0
      vertex 49.5 157.183 0
      vertex 53.5 154.873 0
    endloop
  endfacet
  facet normal 0 0 -1
    outer loop
      vertex 47 157.183 0
      vertex 49.5 157.183 0
      vertex 48.25 155.018 0
    endloop
  endfacet
  facet normal 0 0 -1
    outer loop
      vertex 48.25 155.018 0
      vertex 49.5 157.183 0
      vertex 52.25 152.708 0
    endloop
  endfacet
  facet normal 0 0 -1
    outer loop
      vertex 54.75 152.708 0
      vertex 57.5 157.183 0
      vertex 58.75 155.018 0
    endloop
  endfacet
  facet normal 0 0 -1
    outer loop
      vertex 54.75 152.708 0
      vertex 53.5 154.873 0
      vertex 57.5 157.183 0
    endloop
  endfacet
  facet normal 0 0 -1
    outer loop
      vertex 54.75 148.09 0
      vertex 52.25 148.09 0
      vertex 54.75 152.708 0
    endloop
  endfacet
  facet normal 0 0 -1
    outer loop
      vertex 52.25 152.708 0
      vertex 54.75 152.708 0
      vertex 52.25 148.09 0
    endloop
  endfacet
  facet normal 0 0 -1
    outer loop
      vertex 49.5 143.615 0
      vertex 52.25 148.09 0
      vertex 53.5 145.925 0
    endloop
  endfacet
  facet normal 0 0 -1
    outer loop
      vertex 49.5 143.615 0
      vertex 48.25 145.78 0
      vertex 52.25 148.09 0
    endloop
  endfacet
  facet normal 0 0 -1
    outer loop
      vertex 49.5 138.996 0
      vertex 47 138.996 0
      vertex 49.5 143.615 0
    endloop
  endfacet
  facet normal 0 0 -1
    outer loop
      vertex 47 143.615 0
      vertex 49.5 143.615 0
      vertex 47 138.996 0
    endloop
  endfacet
  facet normal 0 0 -1
    outer loop
      vertex 44.25 134.522 0
      vertex 47 138.996 0
      vertex 48.25 136.831 0
    endloop
  endfacet
  facet normal 0 0 -1
    outer loop
      vertex 44.25 134.522 0
      vertex 43 136.687 0
      vertex 47 138.996 0
    endloop
  endfacet
  facet normal 0 0 -1
    outer loop
      vertex 44.25 129.903 0
      vertex 41.75 129.903 0
      vertex 44.25 134.522 0
    endloop
  endfacet
  facet normal 0 0 -1
    outer loop
      vertex 41.75 134.522 0
      vertex 44.25 134.522 0
      vertex 41.75 129.903 0
    endloop
  endfacet
  facet normal 0 0 -1
    outer loop
      vertex 39 125.429 0
      vertex 41.75 129.903 0
      vertex 43 127.738 0
    endloop
  endfacet
  facet normal 0 0 -1
    outer loop
      vertex 39 125.429 0
      vertex 37.75 127.594 0
      vertex 41.75 129.903 0
    endloop
  endfacet
  facet normal 0 0 -1
    outer loop
      vertex 39 120.81 0
      vertex 36.5 120.81 0
      vertex 39 125.429 0
    endloop
  endfacet
  facet normal 0 0 -1
    outer loop
      vertex 36.5 125.429 0
      vertex 39 125.429 0
      vertex 36.5 120.81 0
    endloop
  endfacet
  facet normal 0 0 -1
    outer loop
      vertex 33.75 116.335 0
      vertex 36.5 120.81 0
      vertex 37.75 118.645 0
    endloop
  endfacet
  facet normal 0 0 -1
    outer loop
      vertex 33.75 116.335 0
      vertex 32.5 118.5 0
      vertex 36.5 120.81 0
    endloop
  endfacet
  facet normal 0 0 -1
    outer loop
      vertex 33.75 111.717 0
      vertex 31.25 111.717 0
      vertex 33.75 116.335 0
    endloop
  endfacet
  facet normal 0 0 -1
    outer loop
      vertex 31.25 116.335 0
      vertex 33.75 116.335 0
      vertex 31.25 111.717 0
    endloop
  endfacet
  facet normal 0 0 -1
    outer loop
      vertex 28.5 107.242 0
      vertex 31.25 111.717 0
      vertex 32.5 109.551 0
    endloop
  endfacet
  facet normal 0 0 -1
    outer loop
      vertex 28.5 107.242 0
      vertex 27.25 109.407 0
      vertex 31.25 111.717 0
    endloop
  endfacet
  facet normal 0 0 -1
    outer loop
      vertex 27.25 100.458 0
      vertex 27.25 109.407 0
      vertex 28.5 107.242 0
    endloop
  endfacet
  facet normal 0 0 -1
    outer loop
      vertex 23.25 98.1488 0
      vertex 27.25 109.407 0
      vertex 27.25 100.458 0
    endloop
  endfacet
  facet normal -0 0 -1
    outer loop
      vertex 27.25 109.407 0
      vertex 23.25 98.1488 0
      vertex 23.25 111.717 0
    endloop
  endfacet
  facet normal 0 0 -1
    outer loop
      vertex 60 34.4959 0
      vertex 57.5 34.4959 0
      vertex 58.75 36.661 0
    endloop
  endfacet
  facet normal 0 0 -1
    outer loop
      vertex 57.5 34.4959 0
      vertex 54.75 38.9704 0
      vertex 58.75 36.661 0
    endloop
  endfacet
  facet normal 0 0 -1
    outer loop
      vertex 52.25 38.9704 0
      vertex 54.75 38.9704 0
      vertex 53.5 36.8053 0
    endloop
  endfacet
  facet normal 0 0 -1
    outer loop
      vertex 53.5 36.8053 0
      vertex 54.75 38.9704 0
      vertex 57.5 34.4959 0
    endloop
  endfacet
  facet normal 0 0 -1
    outer loop
      vertex 60 52.6825 0
      vertex 57.5 52.6825 0
      vertex 58.75 54.8475 0
    endloop
  endfacet
  facet normal 0 0 -1
    outer loop
      vertex 57.5 52.6825 0
      vertex 54.75 57.1569 0
      vertex 58.75 54.8475 0
    endloop
  endfacet
  facet normal 0 0 -1
    outer loop
      vertex 52.25 57.1569 0
      vertex 54.75 57.1569 0
      vertex 53.5 54.9919 0
    endloop
  endfacet
  facet normal 0 0 -1
    outer loop
      vertex 53.5 54.9919 0
      vertex 54.75 57.1569 0
      vertex 57.5 52.6825 0
    endloop
  endfacet
  facet normal 0 0 -1
    outer loop
      vertex 60 70.869 0
      vertex 57.5 70.869 0
      vertex 58.75 73.0341 0
    endloop
  endfacet
  facet normal 0 0 -1
    outer loop
      vertex 57.5 70.869 0
      vertex 54.75 75.3435 0
      vertex 58.75 73.0341 0
    endloop
  endfacet
  facet normal 0 0 -1
    outer loop
      vertex 52.25 75.3435 0
      vertex 54.75 75.3435 0
      vertex 53.5 73.1784 0
    endloop
  endfacet
  facet normal 0 0 -1
    outer loop
      vertex 53.5 73.1784 0
      vertex 54.75 75.3435 0
      vertex 57.5 70.869 0
    endloop
  endfacet
  facet normal 0 0 -1
    outer loop
      vertex 60 89.0555 0
      vertex 57.5 89.0555 0
      vertex 58.75 91.2206 0
    endloop
  endfacet
  facet normal 0 0 -1
    outer loop
      vertex 57.5 89.0555 0
      vertex 54.75 93.53 0
      vertex 58.75 91.2206 0
    endloop
  endfacet
  facet normal 0 0 -1
    outer loop
      vertex 52.25 93.53 0
      vertex 54.75 93.53 0
      vertex 53.5 91.3649 0
    endloop
  endfacet
  facet normal 0 0 -1
    outer loop
      vertex 53.5 91.3649 0
      vertex 54.75 93.53 0
      vertex 57.5 89.0555 0
    endloop
  endfacet
  facet normal 0 0 -1
    outer loop
      vertex 60 107.242 0
      vertex 57.5 107.242 0
      vertex 58.75 109.407 0
    endloop
  endfacet
  facet normal 0 0 -1
    outer loop
      vertex 57.5 107.242 0
      vertex 54.75 111.717 0
      vertex 58.75 109.407 0
    endloop
  endfacet
  facet normal 0 0 -1
    outer loop
      vertex 52.25 111.717 0
      vertex 54.75 111.717 0
      vertex 53.5 109.551 0
    endloop
  endfacet
  facet normal 0 0 -1
    outer loop
      vertex 53.5 109.551 0
      vertex 54.75 111.717 0
      vertex 57.5 107.242 0
    endloop
  endfacet
  facet normal 0 0 -1
    outer loop
      vertex 60 125.429 0
      vertex 57.5 125.429 0
      vertex 58.75 127.594 0
    endloop
  endfacet
  facet normal 0 0 -1
    outer loop
      vertex 57.5 125.429 0
      vertex 54.75 129.903 0
      vertex 58.75 127.594 0
    endloop
  endfacet
  facet normal 0 0 -1
    outer loop
      vertex 52.25 129.903 0
      vertex 54.75 129.903 0
      vertex 53.5 127.738 0
    endloop
  endfacet
  facet normal 0 0 -1
    outer loop
      vertex 53.5 127.738 0
      vertex 54.75 129.903 0
      vertex 57.5 125.429 0
    endloop
  endfacet
  facet normal 0 0 -1
    outer loop
      vertex 60 143.615 0
      vertex 57.5 143.615 0
      vertex 58.75 145.78 0
    endloop
  endfacet
  facet normal 0 0 -1
    outer loop
      vertex 57.5 143.615 0
      vertex 54.75 148.09 0
      vertex 58.75 145.78 0
    endloop
  endfacet
  facet normal 0 0 -1
    outer loop
      vertex 52.25 148.09 0
      vertex 54.75 148.09 0
      vertex 53.5 145.925 0
    endloop
  endfacet
  facet normal 0 0 -1
    outer loop
      vertex 53.5 145.925 0
      vertex 54.75 148.09 0
      vertex 57.5 143.615 0
    endloop
  endfacet
  facet normal 0 0 -1
    outer loop
      vertex 65.25 25.4027 0
      vertex 62.75 25.4027 0
      vertex 64 27.5677 0
    endloop
  endfacet
  facet normal 0 0 -1
    outer loop
      vertex 62.75 25.4027 0
      vertex 60 29.8771 0
      vertex 64 27.5677 0
    endloop
  endfacet
  facet normal 0 0 -1
    outer loop
      vertex 57.5 29.8771 0
      vertex 60 29.8771 0
      vertex 58.75 27.7121 0
    endloop
  endfacet
  facet normal 0 0 -1
    outer loop
      vertex 58.75 27.7121 0
      vertex 60 29.8771 0
      vertex 62.75 25.4027 0
    endloop
  endfacet
  facet normal 0 0 -1
    outer loop
      vertex 65.25 43.5892 0
      vertex 62.75 43.5892 0
      vertex 64 45.7543 0
    endloop
  endfacet
  facet normal 0 0 -1
    outer loop
      vertex 62.75 43.5892 0
      vertex 60 48.0637 0
      vertex 64 45.7543 0
    endloop
  endfacet
  facet normal 0 0 -1
    outer loop
      vertex 57.5 48.0637 0
      vertex 60 48.0637 0
      vertex 58.75 45.8986 0
    endloop
  endfacet
  facet normal 0 0 -1
    outer loop
      vertex 58.75 45.8986 0
      vertex 60 48.0637 0
      vertex 62.75 43.5892 0
    endloop
  endfacet
  facet normal 0 0 -1
    outer loop
      vertex 65.25 61.7757 0
      vertex 62.75 61.7757 0
      vertex 64 63.9408 0
    endloop
  endfacet
  facet normal 0 0 -1
    outer loop
      vertex 62.75 61.7757 0
      vertex 60 66.2502 0
      vertex 64 63.9408 0
    endloop
  endfacet
  facet normal 0 0 -1
    outer loop
      vertex 57.5 66.2502 0
      vertex 60 66.2502 0
      vertex 58.75 64.0851 0
    endloop
  endfacet
  facet normal 0 0 -1
    outer loop
      vertex 58.75 64.0851 0
      vertex 60 66.2502 0
      vertex 62.75 61.7757 0
    endloop
  endfacet
  facet normal 0 0 -1
    outer loop
      vertex 65.25 79.9623 0
      vertex 62.75 79.9623 0
      vertex 64 82.1273 0
    endloop
  endfacet
  facet normal 0 0 -1
    outer loop
      vertex 62.75 79.9623 0
      vertex 60 84.4367 0
      vertex 64 82.1273 0
    endloop
  endfacet
  facet normal 0 0 -1
    outer loop
      vertex 57.5 84.4367 0
      vertex 60 84.4367 0
      vertex 58.75 82.2717 0
    endloop
  endfacet
  facet normal 0 0 -1
    outer loop
      vertex 58.75 82.2717 0
      vertex 60 84.4367 0
      vertex 62.75 79.9623 0
    endloop
  endfacet
  facet normal 0 0 -1
    outer loop
      vertex 65.25 98.1488 0
      vertex 62.75 98.1488 0
      vertex 64 100.314 0
    endloop
  endfacet
  facet normal 0 0 -1
    outer loop
      vertex 62.75 98.1488 0
      vertex 60 102.623 0
      vertex 64 100.314 0
    endloop
  endfacet
  facet normal 0 0 -1
    outer loop
      vertex 57.5 102.623 0
      vertex 60 102.623 0
      vertex 58.75 100.458 0
    endloop
  endfacet
  facet normal 0 0 -1
    outer loop
      vertex 58.75 100.458 0
      vertex 60 102.623 0
      vertex 62.75 98.1488 0
    endloop
  endfacet
  facet normal 0 0 -1
    outer loop
      vertex 65.25 116.335 0
      vertex 62.75 116.335 0
      vertex 64 118.5 0
    endloop
  endfacet
  facet normal 0 0 -1
    outer loop
      vertex 62.75 116.335 0
      vertex 60 120.81 0
      vertex 64 118.5 0
    endloop
  endfacet
  facet normal 0 0 -1
    outer loop
      vertex 57.5 120.81 0
      vertex 60 120.81 0
      vertex 58.75 118.645 0
    endloop
  endfacet
  facet normal 0 0 -1
    outer loop
      vertex 58.75 118.645 0
      vertex 60 120.81 0
      vertex 62.75 116.335 0
    endloop
  endfacet
  facet normal 0 0 -1
    outer loop
      vertex 65.25 134.522 0
      vertex 62.75 134.522 0
      vertex 64 136.687 0
    endloop
  endfacet
  facet normal 0 0 -1
    outer loop
      vertex 62.75 134.522 0
      vertex 60 138.996 0
      vertex 64 136.687 0
    endloop
  endfacet
  facet normal 0 0 -1
    outer loop
      vertex 57.5 138.996 0
      vertex 60 138.996 0
      vertex 58.75 136.831 0
    endloop
  endfacet
  facet normal 0 0 -1
    outer loop
      vertex 58.75 136.831 0
      vertex 60 138.996 0
      vertex 62.75 134.522 0
    endloop
  endfacet
  facet normal 0 0 -1
    outer loop
      vertex 65.25 152.708 0
      vertex 62.75 152.708 0
      vertex 64 154.873 0
    endloop
  endfacet
  facet normal 0 0 -1
    outer loop
      vertex 62.75 152.708 0
      vertex 60 157.183 0
      vertex 64 154.873 0
    endloop
  endfacet
  facet normal 0 0 -1
    outer loop
      vertex 57.5 157.183 0
      vertex 60 157.183 0
      vertex 58.75 155.018 0
    endloop
  endfacet
  facet normal 0 0 -1
    outer loop
      vertex 58.75 155.018 0
      vertex 60 157.183 0
      vertex 62.75 152.708 0
    endloop
  endfacet
  facet normal 0 0 -1
    outer loop
      vertex 65.25 152.708 0
      vertex 68 157.183 0
      vertex 69.25 155.018 0
    endloop
  endfacet
  facet normal 0 0 -1
    outer loop
      vertex 65.25 152.708 0
      vertex 64 154.873 0
      vertex 68 157.183 0
    endloop
  endfacet
  facet normal 0 0 -1
    outer loop
      vertex 65.25 148.09 0
      vertex 62.75 148.09 0
      vertex 65.25 152.708 0
    endloop
  endfacet
  facet normal 0 0 -1
    outer loop
      vertex 62.75 152.708 0
      vertex 65.25 152.708 0
      vertex 62.75 148.09 0
    endloop
  endfacet
  facet normal 0 0 -1
    outer loop
      vertex 60 143.615 0
      vertex 62.75 148.09 0
      vertex 64 145.925 0
    endloop
  endfacet
  facet normal 0 0 -1
    outer loop
      vertex 60 143.615 0
      vertex 58.75 145.78 0
      vertex 62.75 148.09 0
    endloop
  endfacet
  facet normal 0 0 -1
    outer loop
      vertex 60 138.996 0
      vertex 57.5 138.996 0
      vertex 60 143.615 0
    endloop
  endfacet
  facet normal 0 0 -1
    outer loop
      vertex 57.5 143.615 0
      vertex 60 143.615 0
      vertex 57.5 138.996 0
    endloop
  endfacet
  facet normal 0 0 -1
    outer loop
      vertex 54.75 134.522 0
      vertex 57.5 138.996 0
      vertex 58.75 136.831 0
    endloop
  endfacet
  facet normal 0 0 -1
    outer loop
      vertex 54.75 134.522 0
      vertex 53.5 136.687 0
      vertex 57.5 138.996 0
    endloop
  endfacet
  facet normal 0 0 -1
    outer loop
      vertex 54.75 129.903 0
      vertex 52.25 129.903 0
      vertex 54.75 134.522 0
    endloop
  endfacet
  facet normal 0 0 -1
    outer loop
      vertex 52.25 134.522 0
      vertex 54.75 134.522 0
      vertex 52.25 129.903 0
    endloop
  endfacet
  facet normal 0 0 -1
    outer loop
      vertex 49.5 125.429 0
      vertex 52.25 129.903 0
      vertex 53.5 127.738 0
    endloop
  endfacet
  facet normal 0 0 -1
    outer loop
      vertex 49.5 125.429 0
      vertex 48.25 127.594 0
      vertex 52.25 129.903 0
    endloop
  endfacet
  facet normal 0 0 -1
    outer loop
      vertex 49.5 120.81 0
      vertex 47 120.81 0
      vertex 49.5 125.429 0
    endloop
  endfacet
  facet normal 0 0 -1
    outer loop
      vertex 47 125.429 0
      vertex 49.5 125.429 0
      vertex 47 120.81 0
    endloop
  endfacet
  facet normal 0 0 -1
    outer loop
      vertex 44.25 116.335 0
      vertex 47 120.81 0
      vertex 48.25 118.645 0
    endloop
  endfacet
  facet normal 0 0 -1
    outer loop
      vertex 44.25 116.335 0
      vertex 43 118.5 0
      vertex 47 120.81 0
    endloop
  endfacet
  facet normal 0 0 -1
    outer loop
      vertex 44.25 111.717 0
      vertex 41.75 111.717 0
      vertex 44.25 116.335 0
    endloop
  endfacet
  facet normal 0 0 -1
    outer loop
      vertex 41.75 116.335 0
      vertex 44.25 116.335 0
      vertex 41.75 111.717 0
    endloop
  endfacet
  facet normal 0 0 -1
    outer loop
      vertex 39 107.242 0
      vertex 41.75 111.717 0
      vertex 43 109.551 0
    endloop
  endfacet
  facet normal 0 0 -1
    outer loop
      vertex 39 107.242 0
      vertex 37.75 109.407 0
      vertex 41.75 111.717 0
    endloop
  endfacet
  facet normal 0 0 -1
    outer loop
      vertex 39 102.623 0
      vertex 36.5 102.623 0
      vertex 39 107.242 0
    endloop
  endfacet
  facet normal 0 0 -1
    outer loop
      vertex 36.5 107.242 0
      vertex 39 107.242 0
      vertex 36.5 102.623 0
    endloop
  endfacet
  facet normal 0 0 -1
    outer loop
      vertex 33.75 98.1488 0
      vertex 36.5 102.623 0
      vertex 37.75 100.458 0
    endloop
  endfacet
  facet normal 0 0 -1
    outer loop
      vertex 33.75 98.1488 0
      vertex 32.5 100.314 0
      vertex 36.5 102.623 0
    endloop
  endfacet
  facet normal 0 0 -1
    outer loop
      vertex 33.75 93.53 0
      vertex 31.25 93.53 0
      vertex 33.75 98.1488 0
    endloop
  endfacet
  facet normal 0 0 -1
    outer loop
      vertex 31.25 98.1488 0
      vertex 33.75 98.1488 0
      vertex 31.25 93.53 0
    endloop
  endfacet
  facet normal 0 0 -1
    outer loop
      vertex 28.5 89.0555 0
      vertex 31.25 93.53 0
      vertex 32.5 91.3649 0
    endloop
  endfacet
  facet normal 0 0 -1
    outer loop
      vertex 28.5 89.0555 0
      vertex 27.25 91.2206 0
      vertex 31.25 93.53 0
    endloop
  endfacet
  facet normal 0 0 -1
    outer loop
      vertex 27.25 82.2717 0
      vertex 27.25 91.2206 0
      vertex 28.5 89.0555 0
    endloop
  endfacet
  facet normal 0 0 -1
    outer loop
      vertex 23.25 79.9623 0
      vertex 27.25 91.2206 0
      vertex 27.25 82.2717 0
    endloop
  endfacet
  facet normal -0 0 -1
    outer loop
      vertex 27.25 91.2206 0
      vertex 23.25 79.9623 0
      vertex 23.25 93.53 0
    endloop
  endfacet
  facet normal 0 0 -1
    outer loop
      vertex 70.5 34.4959 0
      vertex 68 34.4959 0
      vertex 69.25 36.661 0
    endloop
  endfacet
  facet normal 0 0 -1
    outer loop
      vertex 68 34.4959 0
      vertex 65.25 38.9704 0
      vertex 69.25 36.661 0
    endloop
  endfacet
  facet normal 0 0 -1
    outer loop
      vertex 62.75 38.9704 0
      vertex 65.25 38.9704 0
      vertex 64 36.8053 0
    endloop
  endfacet
  facet normal 0 0 -1
    outer loop
      vertex 64 36.8053 0
      vertex 65.25 38.9704 0
      vertex 68 34.4959 0
    endloop
  endfacet
  facet normal 0 0 -1
    outer loop
      vertex 70.5 52.6825 0
      vertex 68 52.6825 0
      vertex 69.25 54.8475 0
    endloop
  endfacet
  facet normal 0 0 -1
    outer loop
      vertex 68 52.6825 0
      vertex 65.25 57.1569 0
      vertex 69.25 54.8475 0
    endloop
  endfacet
  facet normal 0 0 -1
    outer loop
      vertex 62.75 57.1569 0
      vertex 65.25 57.1569 0
      vertex 64 54.9919 0
    endloop
  endfacet
  facet normal 0 0 -1
    outer loop
      vertex 64 54.9919 0
      vertex 65.25 57.1569 0
      vertex 68 52.6825 0
    endloop
  endfacet
  facet normal 0 0 -1
    outer loop
      vertex 70.5 70.869 0
      vertex 68 70.869 0
      vertex 69.25 73.0341 0
    endloop
  endfacet
  facet normal 0 0 -1
    outer loop
      vertex 68 70.869 0
      vertex 65.25 75.3435 0
      vertex 69.25 73.0341 0
    endloop
  endfacet
  facet normal 0 0 -1
    outer loop
      vertex 62.75 75.3435 0
      vertex 65.25 75.3435 0
      vertex 64 73.1784 0
    endloop
  endfacet
  facet normal 0 0 -1
    outer loop
      vertex 64 73.1784 0
      vertex 65.25 75.3435 0
      vertex 68 70.869 0
    endloop
  endfacet
  facet normal 0 0 -1
    outer loop
      vertex 70.5 89.0555 0
      vertex 68 89.0555 0
      vertex 69.25 91.2206 0
    endloop
  endfacet
  facet normal 0 0 -1
    outer loop
      vertex 68 89.0555 0
      vertex 65.25 93.53 0
      vertex 69.25 91.2206 0
    endloop
  endfacet
  facet normal 0 0 -1
    outer loop
      vertex 62.75 93.53 0
      vertex 65.25 93.53 0
      vertex 64 91.3649 0
    endloop
  endfacet
  facet normal 0 0 -1
    outer loop
      vertex 64 91.3649 0
      vertex 65.25 93.53 0
      vertex 68 89.0555 0
    endloop
  endfacet
  facet normal 0 0 -1
    outer loop
      vertex 70.5 107.242 0
      vertex 68 107.242 0
      vertex 69.25 109.407 0
    endloop
  endfacet
  facet normal 0 0 -1
    outer loop
      vertex 68 107.242 0
      vertex 65.25 111.717 0
      vertex 69.25 109.407 0
    endloop
  endfacet
  facet normal 0 0 -1
    outer loop
      vertex 62.75 111.717 0
      vertex 65.25 111.717 0
      vertex 64 109.551 0
    endloop
  endfacet
  facet normal 0 0 -1
    outer loop
      vertex 64 109.551 0
      vertex 65.25 111.717 0
      vertex 68 107.242 0
    endloop
  endfacet
  facet normal 0 0 -1
    outer loop
      vertex 70.5 125.429 0
      vertex 68 125.429 0
      vertex 69.25 127.594 0
    endloop
  endfacet
  facet normal 0 0 -1
    outer loop
      vertex 68 125.429 0
      vertex 65.25 129.903 0
      vertex 69.25 127.594 0
    endloop
  endfacet
  facet normal 0 0 -1
    outer loop
      vertex 62.75 129.903 0
      vertex 65.25 129.903 0
      vertex 64 127.738 0
    endloop
  endfacet
  facet normal 0 0 -1
    outer loop
      vertex 64 127.738 0
      vertex 65.25 129.903 0
      vertex 68 125.429 0
    endloop
  endfacet
  facet normal 0 0 -1
    outer loop
      vertex 70.5 143.615 0
      vertex 68 143.615 0
      vertex 69.25 145.78 0
    endloop
  endfacet
  facet normal 0 0 -1
    outer loop
      vertex 68 143.615 0
      vertex 65.25 148.09 0
      vertex 69.25 145.78 0
    endloop
  endfacet
  facet normal 0 0 -1
    outer loop
      vertex 62.75 148.09 0
      vertex 65.25 148.09 0
      vertex 64 145.925 0
    endloop
  endfacet
  facet normal 0 0 -1
    outer loop
      vertex 64 145.925 0
      vertex 65.25 148.09 0
      vertex 68 143.615 0
    endloop
  endfacet
  facet normal 0 0 -1
    outer loop
      vertex 75.75 25.4027 0
      vertex 73.25 25.4027 0
      vertex 74.5 27.5677 0
    endloop
  endfacet
  facet normal 0 0 -1
    outer loop
      vertex 73.25 25.4027 0
      vertex 70.5 29.8771 0
      vertex 74.5 27.5677 0
    endloop
  endfacet
  facet normal 0 0 -1
    outer loop
      vertex 68 29.8771 0
      vertex 70.5 29.8771 0
      vertex 69.25 27.7121 0
    endloop
  endfacet
  facet normal 0 0 -1
    outer loop
      vertex 69.25 27.7121 0
      vertex 70.5 29.8771 0
      vertex 73.25 25.4027 0
    endloop
  endfacet
  facet normal 0 0 -1
    outer loop
      vertex 75.75 43.5892 0
      vertex 73.25 43.5892 0
      vertex 74.5 45.7543 0
    endloop
  endfacet
  facet normal 0 0 -1
    outer loop
      vertex 73.25 43.5892 0
      vertex 70.5 48.0637 0
      vertex 74.5 45.7543 0
    endloop
  endfacet
  facet normal 0 0 -1
    outer loop
      vertex 68 48.0637 0
      vertex 70.5 48.0637 0
      vertex 69.25 45.8986 0
    endloop
  endfacet
  facet normal 0 0 -1
    outer loop
      vertex 69.25 45.8986 0
      vertex 70.5 48.0637 0
      vertex 73.25 43.5892 0
    endloop
  endfacet
  facet normal 0 0 -1
    outer loop
      vertex 75.75 61.7757 0
      vertex 73.25 61.7757 0
      vertex 74.5 63.9408 0
    endloop
  endfacet
  facet normal 0 0 -1
    outer loop
      vertex 73.25 61.7757 0
      vertex 70.5 66.2502 0
      vertex 74.5 63.9408 0
    endloop
  endfacet
  facet normal 0 0 -1
    outer loop
      vertex 68 66.2502 0
      vertex 70.5 66.2502 0
      vertex 69.25 64.0851 0
    endloop
  endfacet
  facet normal 0 0 -1
    outer loop
      vertex 69.25 64.0851 0
      vertex 70.5 66.2502 0
      vertex 73.25 61.7757 0
    endloop
  endfacet
  facet normal 0 0 -1
    outer loop
      vertex 75.75 79.9623 0
      vertex 73.25 79.9623 0
      vertex 74.5 82.1273 0
    endloop
  endfacet
  facet normal 0 0 -1
    outer loop
      vertex 73.25 79.9623 0
      vertex 70.5 84.4367 0
      vertex 74.5 82.1273 0
    endloop
  endfacet
  facet normal 0 0 -1
    outer loop
      vertex 68 84.4367 0
      vertex 70.5 84.4367 0
      vertex 69.25 82.2717 0
    endloop
  endfacet
  facet normal 0 0 -1
    outer loop
      vertex 69.25 82.2717 0
      vertex 70.5 84.4367 0
      vertex 73.25 79.9623 0
    endloop
  endfacet
  facet normal 0 0 -1
    outer loop
      vertex 75.75 98.1488 0
      vertex 73.25 98.1488 0
      vertex 74.5 100.314 0
    endloop
  endfacet
  facet normal 0 0 -1
    outer loop
      vertex 73.25 98.1488 0
      vertex 70.5 102.623 0
      vertex 74.5 100.314 0
    endloop
  endfacet
  facet normal 0 0 -1
    outer loop
      vertex 68 102.623 0
      vertex 70.5 102.623 0
      vertex 69.25 100.458 0
    endloop
  endfacet
  facet normal 0 0 -1
    outer loop
      vertex 69.25 100.458 0
      vertex 70.5 102.623 0
      vertex 73.25 98.1488 0
    endloop
  endfacet
  facet normal 0 0 -1
    outer loop
      vertex 75.75 116.335 0
      vertex 73.25 116.335 0
      vertex 74.5 118.5 0
    endloop
  endfacet
  facet normal 0 0 -1
    outer loop
      vertex 73.25 116.335 0
      vertex 70.5 120.81 0
      vertex 74.5 118.5 0
    endloop
  endfacet
  facet normal 0 0 -1
    outer loop
      vertex 68 120.81 0
      vertex 70.5 120.81 0
      vertex 69.25 118.645 0
    endloop
  endfacet
  facet normal 0 0 -1
    outer loop
      vertex 69.25 118.645 0
      vertex 70.5 120.81 0
      vertex 73.25 116.335 0
    endloop
  endfacet
  facet normal 0 0 -1
    outer loop
      vertex 75.75 134.522 0
      vertex 73.25 134.522 0
      vertex 74.5 136.687 0
    endloop
  endfacet
  facet normal 0 0 -1
    outer loop
      vertex 73.25 134.522 0
      vertex 70.5 138.996 0
      vertex 74.5 136.687 0
    endloop
  endfacet
  facet normal 0 0 -1
    outer loop
      vertex 68 138.996 0
      vertex 70.5 138.996 0
      vertex 69.25 136.831 0
    endloop
  endfacet
  facet normal 0 0 -1
    outer loop
      vertex 69.25 136.831 0
      vertex 70.5 138.996 0
      vertex 73.25 134.522 0
    endloop
  endfacet
  facet normal 0 0 -1
    outer loop
      vertex 75.75 152.708 0
      vertex 73.25 152.708 0
      vertex 74.5 154.873 0
    endloop
  endfacet
  facet normal 0 0 -1
    outer loop
      vertex 73.25 152.708 0
      vertex 70.5 157.183 0
      vertex 74.5 154.873 0
    endloop
  endfacet
  facet normal 0 0 -1
    outer loop
      vertex 68 157.183 0
      vertex 70.5 157.183 0
      vertex 69.25 155.018 0
    endloop
  endfacet
  facet normal 0 0 -1
    outer loop
      vertex 69.25 155.018 0
      vertex 70.5 157.183 0
      vertex 73.25 152.708 0
    endloop
  endfacet
  facet normal 0 0 -1
    outer loop
      vertex 75.75 152.708 0
      vertex 78.5 157.183 0
      vertex 79.75 155.018 0
    endloop
  endfacet
  facet normal 0 0 -1
    outer loop
      vertex 75.75 152.708 0
      vertex 74.5 154.873 0
      vertex 78.5 157.183 0
    endloop
  endfacet
  facet normal 0 0 -1
    outer loop
      vertex 75.75 148.09 0
      vertex 73.25 148.09 0
      vertex 75.75 152.708 0
    endloop
  endfacet
  facet normal 0 0 -1
    outer loop
      vertex 73.25 152.708 0
      vertex 75.75 152.708 0
      vertex 73.25 148.09 0
    endloop
  endfacet
  facet normal 0 0 -1
    outer loop
      vertex 70.5 143.615 0
      vertex 73.25 148.09 0
      vertex 74.5 145.925 0
    endloop
  endfacet
  facet normal 0 0 -1
    outer loop
      vertex 70.5 143.615 0
      vertex 69.25 145.78 0
      vertex 73.25 148.09 0
    endloop
  endfacet
  facet normal 0 0 -1
    outer loop
      vertex 70.5 138.996 0
      vertex 68 138.996 0
      vertex 70.5 143.615 0
    endloop
  endfacet
  facet normal 0 0 -1
    outer loop
      vertex 68 143.615 0
      vertex 70.5 143.615 0
      vertex 68 138.996 0
    endloop
  endfacet
  facet normal 0 0 -1
    outer loop
      vertex 65.25 134.522 0
      vertex 68 138.996 0
      vertex 69.25 136.831 0
    endloop
  endfacet
  facet normal 0 0 -1
    outer loop
      vertex 65.25 134.522 0
      vertex 64 136.687 0
      vertex 68 138.996 0
    endloop
  endfacet
  facet normal 0 0 -1
    outer loop
      vertex 65.25 129.903 0
      vertex 62.75 129.903 0
      vertex 65.25 134.522 0
    endloop
  endfacet
  facet normal 0 0 -1
    outer loop
      vertex 62.75 134.522 0
      vertex 65.25 134.522 0
      vertex 62.75 129.903 0
    endloop
  endfacet
  facet normal 0 0 -1
    outer loop
      vertex 60 125.429 0
      vertex 62.75 129.903 0
      vertex 64 127.738 0
    endloop
  endfacet
  facet normal 0 0 -1
    outer loop
      vertex 60 125.429 0
      vertex 58.75 127.594 0
      vertex 62.75 129.903 0
    endloop
  endfacet
  facet normal 0 0 -1
    outer loop
      vertex 60 120.81 0
      vertex 57.5 120.81 0
      vertex 60 125.429 0
    endloop
  endfacet
  facet normal 0 0 -1
    outer loop
      vertex 57.5 125.429 0
      vertex 60 125.429 0
      vertex 57.5 120.81 0
    endloop
  endfacet
  facet normal 0 0 -1
    outer loop
      vertex 54.75 116.335 0
      vertex 57.5 120.81 0
      vertex 58.75 118.645 0
    endloop
  endfacet
  facet normal 0 0 -1
    outer loop
      vertex 54.75 116.335 0
      vertex 53.5 118.5 0
      vertex 57.5 120.81 0
    endloop
  endfacet
  facet normal 0 0 -1
    outer loop
      vertex 54.75 111.717 0
      vertex 52.25 111.717 0
      vertex 54.75 116.335 0
    endloop
  endfacet
  facet normal 0 0 -1
    outer loop
      vertex 52.25 116.335 0
      vertex 54.75 116.335 0
      vertex 52.25 111.717 0
    endloop
  endfacet
  facet normal 0 0 -1
    outer loop
      vertex 49.5 107.242 0
      vertex 52.25 111.717 0
      vertex 53.5 109.551 0
    endloop
  endfacet
  facet normal 0 0 -1
    outer loop
      vertex 49.5 107.242 0
      vertex 48.25 109.407 0
      vertex 52.25 111.717 0
    endloop
  endfacet
  facet normal 0 0 -1
    outer loop
      vertex 49.5 102.623 0
      vertex 47 102.623 0
      vertex 49.5 107.242 0
    endloop
  endfacet
  facet normal 0 0 -1
    outer loop
      vertex 47 107.242 0
      vertex 49.5 107.242 0
      vertex 47 102.623 0
    endloop
  endfacet
  facet normal 0 0 -1
    outer loop
      vertex 44.25 98.1488 0
      vertex 47 102.623 0
      vertex 48.25 100.458 0
    endloop
  endfacet
  facet normal 0 0 -1
    outer loop
      vertex 44.25 98.1488 0
      vertex 43 100.314 0
      vertex 47 102.623 0
    endloop
  endfacet
  facet normal 0 0 -1
    outer loop
      vertex 44.25 93.53 0
      vertex 41.75 93.53 0
      vertex 44.25 98.1488 0
    endloop
  endfacet
  facet normal 0 0 -1
    outer loop
      vertex 41.75 98.1488 0
      vertex 44.25 98.1488 0
      vertex 41.75 93.53 0
    endloop
  endfacet
  facet normal 0 0 -1
    outer loop
      vertex 39 89.0555 0
      vertex 41.75 93.53 0
      vertex 43 91.3649 0
    endloop
  endfacet
  facet normal 0 0 -1
    outer loop
      vertex 39 89.0555 0
      vertex 37.75 91.2206 0
      vertex 41.75 93.53 0
    endloop
  endfacet
  facet normal 0 0 -1
    outer loop
      vertex 39 84.4367 0
      vertex 36.5 84.4367 0
      vertex 39 89.0555 0
    endloop
  endfacet
  facet normal 0 0 -1
    outer loop
      vertex 36.5 89.0555 0
      vertex 39 89.0555 0
      vertex 36.5 84.4367 0
    endloop
  endfacet
  facet normal 0 0 -1
    outer loop
      vertex 33.75 79.9623 0
      vertex 36.5 84.4367 0
      vertex 37.75 82.2717 0
    endloop
  endfacet
  facet normal 0 0 -1
    outer loop
      vertex 33.75 79.9623 0
      vertex 32.5 82.1273 0
      vertex 36.5 84.4367 0
    endloop
  endfacet
  facet normal 0 0 -1
    outer loop
      vertex 33.75 75.3435 0
      vertex 31.25 75.3435 0
      vertex 33.75 79.9623 0
    endloop
  endfacet
  facet normal 0 0 -1
    outer loop
      vertex 31.25 79.9623 0
      vertex 33.75 79.9623 0
      vertex 31.25 75.3435 0
    endloop
  endfacet
  facet normal 0 0 -1
    outer loop
      vertex 28.5 70.869 0
      vertex 31.25 75.3435 0
      vertex 32.5 73.1784 0
    endloop
  endfacet
  facet normal 0 0 -1
    outer loop
      vertex 28.5 70.869 0
      vertex 27.25 73.0341 0
      vertex 31.25 75.3435 0
    endloop
  endfacet
  facet normal 0 0 -1
    outer loop
      vertex 27.25 64.0851 0
      vertex 27.25 73.0341 0
      vertex 28.5 70.869 0
    endloop
  endfacet
  facet normal 0 0 -1
    outer loop
      vertex 23.25 61.7757 0
      vertex 27.25 73.0341 0
      vertex 27.25 64.0851 0
    endloop
  endfacet
  facet normal -0 0 -1
    outer loop
      vertex 27.25 73.0341 0
      vertex 23.25 61.7757 0
      vertex 23.25 75.3435 0
    endloop
  endfacet
  facet normal 0 0 -1
    outer loop
      vertex 81 34.4959 0
      vertex 78.5 34.4959 0
      vertex 79.75 36.661 0
    endloop
  endfacet
  facet normal 0 0 -1
    outer loop
      vertex 78.5 34.4959 0
      vertex 75.75 38.9704 0
      vertex 79.75 36.661 0
    endloop
  endfacet
  facet normal 0 0 -1
    outer loop
      vertex 73.25 38.9704 0
      vertex 75.75 38.9704 0
      vertex 74.5 36.8053 0
    endloop
  endfacet
  facet normal 0 0 -1
    outer loop
      vertex 74.5 36.8053 0
      vertex 75.75 38.9704 0
      vertex 78.5 34.4959 0
    endloop
  endfacet
  facet normal 0 0 -1
    outer loop
      vertex 81 52.6825 0
      vertex 78.5 52.6825 0
      vertex 79.75 54.8475 0
    endloop
  endfacet
  facet normal 0 0 -1
    outer loop
      vertex 78.5 52.6825 0
      vertex 75.75 57.1569 0
      vertex 79.75 54.8475 0
    endloop
  endfacet
  facet normal 0 0 -1
    outer loop
      vertex 73.25 57.1569 0
      vertex 75.75 57.1569 0
      vertex 74.5 54.9919 0
    endloop
  endfacet
  facet normal 0 0 -1
    outer loop
      vertex 74.5 54.9919 0
      vertex 75.75 57.1569 0
      vertex 78.5 52.6825 0
    endloop
  endfacet
  facet normal 0 0 -1
    outer loop
      vertex 81 70.869 0
      vertex 78.5 70.869 0
      vertex 79.75 73.0341 0
    endloop
  endfacet
  facet normal 0 0 -1
    outer loop
      vertex 78.5 70.869 0
      vertex 75.75 75.3435 0
      vertex 79.75 73.0341 0
    endloop
  endfacet
  facet normal 0 0 -1
    outer loop
      vertex 73.25 75.3435 0
      vertex 75.75 75.3435 0
      vertex 74.5 73.1784 0
    endloop
  endfacet
  facet normal 0 0 -1
    outer loop
      vertex 74.5 73.1784 0
      vertex 75.75 75.3435 0
      vertex 78.5 70.869 0
    endloop
  endfacet
  facet normal 0 0 -1
    outer loop
      vertex 81 89.0555 0
      vertex 78.5 89.0555 0
      vertex 79.75 91.2206 0
    endloop
  endfacet
  facet normal 0 0 -1
    outer loop
      vertex 78.5 89.0555 0
      vertex 75.75 93.53 0
      vertex 79.75 91.2206 0
    endloop
  endfacet
  facet normal 0 0 -1
    outer loop
      vertex 73.25 93.53 0
      vertex 75.75 93.53 0
      vertex 74.5 91.3649 0
    endloop
  endfacet
  facet normal 0 0 -1
    outer loop
      vertex 74.5 91.3649 0
      vertex 75.75 93.53 0
      vertex 78.5 89.0555 0
    endloop
  endfacet
  facet normal 0 0 -1
    outer loop
      vertex 81 107.242 0
      vertex 78.5 107.242 0
      vertex 79.75 109.407 0
    endloop
  endfacet
  facet normal 0 0 -1
    outer loop
      vertex 78.5 107.242 0
      vertex 75.75 111.717 0
      vertex 79.75 109.407 0
    endloop
  endfacet
  facet normal 0 0 -1
    outer loop
      vertex 73.25 111.717 0
      vertex 75.75 111.717 0
      vertex 74.5 109.551 0
    endloop
  endfacet
  facet normal 0 0 -1
    outer loop
      vertex 74.5 109.551 0
      vertex 75.75 111.717 0
      vertex 78.5 107.242 0
    endloop
  endfacet
  facet normal 0 0 -1
    outer loop
      vertex 81 125.429 0
      vertex 78.5 125.429 0
      vertex 79.75 127.594 0
    endloop
  endfacet
  facet normal 0 0 -1
    outer loop
      vertex 78.5 125.429 0
      vertex 75.75 129.903 0
      vertex 79.75 127.594 0
    endloop
  endfacet
  facet normal 0 0 -1
    outer loop
      vertex 73.25 129.903 0
      vertex 75.75 129.903 0
      vertex 74.5 127.738 0
    endloop
  endfacet
  facet normal 0 0 -1
    outer loop
      vertex 74.5 127.738 0
      vertex 75.75 129.903 0
      vertex 78.5 125.429 0
    endloop
  endfacet
  facet normal 0 0 -1
    outer loop
      vertex 81 143.615 0
      vertex 78.5 143.615 0
      vertex 79.75 145.78 0
    endloop
  endfacet
  facet normal 0 0 -1
    outer loop
      vertex 78.5 143.615 0
      vertex 75.75 148.09 0
      vertex 79.75 145.78 0
    endloop
  endfacet
  facet normal 0 0 -1
    outer loop
      vertex 73.25 148.09 0
      vertex 75.75 148.09 0
      vertex 74.5 145.925 0
    endloop
  endfacet
  facet normal 0 0 -1
    outer loop
      vertex 74.5 145.925 0
      vertex 75.75 148.09 0
      vertex 78.5 143.615 0
    endloop
  endfacet
  facet normal 0 0 -1
    outer loop
      vertex 86.25 25.4027 0
      vertex 83.75 25.4027 0
      vertex 85 27.5677 0
    endloop
  endfacet
  facet normal 0 0 -1
    outer loop
      vertex 83.75 25.4027 0
      vertex 81 29.8771 0
      vertex 85 27.5677 0
    endloop
  endfacet
  facet normal 0 0 -1
    outer loop
      vertex 78.5 29.8771 0
      vertex 81 29.8771 0
      vertex 79.75 27.7121 0
    endloop
  endfacet
  facet normal 0 0 -1
    outer loop
      vertex 79.75 27.7121 0
      vertex 81 29.8771 0
      vertex 83.75 25.4027 0
    endloop
  endfacet
  facet normal 0 0 -1
    outer loop
      vertex 86.25 43.5892 0
      vertex 83.75 43.5892 0
      vertex 85 45.7543 0
    endloop
  endfacet
  facet normal 0 0 -1
    outer loop
      vertex 83.75 43.5892 0
      vertex 81 48.0637 0
      vertex 85 45.7543 0
    endloop
  endfacet
  facet normal 0 0 -1
    outer loop
      vertex 78.5 48.0637 0
      vertex 81 48.0637 0
      vertex 79.75 45.8986 0
    endloop
  endfacet
  facet normal 0 0 -1
    outer loop
      vertex 79.75 45.8986 0
      vertex 81 48.0637 0
      vertex 83.75 43.5892 0
    endloop
  endfacet
  facet normal 0 0 -1
    outer loop
      vertex 86.25 61.7757 0
      vertex 83.75 61.7757 0
      vertex 85 63.9408 0
    endloop
  endfacet
  facet normal 0 0 -1
    outer loop
      vertex 83.75 61.7757 0
      vertex 81 66.2502 0
      vertex 85 63.9408 0
    endloop
  endfacet
  facet normal 0 0 -1
    outer loop
      vertex 78.5 66.2502 0
      vertex 81 66.2502 0
      vertex 79.75 64.0851 0
    endloop
  endfacet
  facet normal 0 0 -1
    outer loop
      vertex 79.75 64.0851 0
      vertex 81 66.2502 0
      vertex 83.75 61.7757 0
    endloop
  endfacet
  facet normal 0 0 -1
    outer loop
      vertex 86.25 79.9623 0
      vertex 83.75 79.9623 0
      vertex 85 82.1273 0
    endloop
  endfacet
  facet normal 0 0 -1
    outer loop
      vertex 83.75 79.9623 0
      vertex 81 84.4367 0
      vertex 85 82.1273 0
    endloop
  endfacet
  facet normal 0 0 -1
    outer loop
      vertex 78.5 84.4367 0
      vertex 81 84.4367 0
      vertex 79.75 82.2717 0
    endloop
  endfacet
  facet normal 0 0 -1
    outer loop
      vertex 79.75 82.2717 0
      vertex 81 84.4367 0
      vertex 83.75 79.9623 0
    endloop
  endfacet
  facet normal 0 0 -1
    outer loop
      vertex 86.25 98.1488 0
      vertex 83.75 98.1488 0
      vertex 85 100.314 0
    endloop
  endfacet
  facet normal 0 0 -1
    outer loop
      vertex 83.75 98.1488 0
      vertex 81 102.623 0
      vertex 85 100.314 0
    endloop
  endfacet
  facet normal 0 0 -1
    outer loop
      vertex 78.5 102.623 0
      vertex 81 102.623 0
      vertex 79.75 100.458 0
    endloop
  endfacet
  facet normal 0 0 -1
    outer loop
      vertex 79.75 100.458 0
      vertex 81 102.623 0
      vertex 83.75 98.1488 0
    endloop
  endfacet
  facet normal 0 0 -1
    outer loop
      vertex 86.25 116.335 0
      vertex 83.75 116.335 0
      vertex 85 118.5 0
    endloop
  endfacet
  facet normal 0 0 -1
    outer loop
      vertex 83.75 116.335 0
      vertex 81 120.81 0
      vertex 85 118.5 0
    endloop
  endfacet
  facet normal 0 0 -1
    outer loop
      vertex 78.5 120.81 0
      vertex 81 120.81 0
      vertex 79.75 118.645 0
    endloop
  endfacet
  facet normal 0 0 -1
    outer loop
      vertex 79.75 118.645 0
      vertex 81 120.81 0
      vertex 83.75 116.335 0
    endloop
  endfacet
  facet normal 0 0 -1
    outer loop
      vertex 86.25 134.522 0
      vertex 83.75 134.522 0
      vertex 85 136.687 0
    endloop
  endfacet
  facet normal 0 0 -1
    outer loop
      vertex 83.75 134.522 0
      vertex 81 138.996 0
      vertex 85 136.687 0
    endloop
  endfacet
  facet normal 0 0 -1
    outer loop
      vertex 78.5 138.996 0
      vertex 81 138.996 0
      vertex 79.75 136.831 0
    endloop
  endfacet
  facet normal 0 0 -1
    outer loop
      vertex 79.75 136.831 0
      vertex 81 138.996 0
      vertex 83.75 134.522 0
    endloop
  endfacet
  facet normal 0 0 -1
    outer loop
      vertex 86.25 152.708 0
      vertex 83.75 152.708 0
      vertex 85 154.873 0
    endloop
  endfacet
  facet normal 0 0 -1
    outer loop
      vertex 83.75 152.708 0
      vertex 81 157.183 0
      vertex 85 154.873 0
    endloop
  endfacet
  facet normal 0 0 -1
    outer loop
      vertex 78.5 157.183 0
      vertex 81 157.183 0
      vertex 79.75 155.018 0
    endloop
  endfacet
  facet normal 0 0 -1
    outer loop
      vertex 79.75 155.018 0
      vertex 81 157.183 0
      vertex 83.75 152.708 0
    endloop
  endfacet
  facet normal 0 0 -1
    outer loop
      vertex 86.25 152.708 0
      vertex 89 157.183 0
      vertex 90.25 155.018 0
    endloop
  endfacet
  facet normal 0 0 -1
    outer loop
      vertex 86.25 152.708 0
      vertex 85 154.873 0
      vertex 89 157.183 0
    endloop
  endfacet
  facet normal 0 0 -1
    outer loop
      vertex 86.25 148.09 0
      vertex 83.75 148.09 0
      vertex 86.25 152.708 0
    endloop
  endfacet
  facet normal 0 0 -1
    outer loop
      vertex 83.75 152.708 0
      vertex 86.25 152.708 0
      vertex 83.75 148.09 0
    endloop
  endfacet
  facet normal 0 0 -1
    outer loop
      vertex 81 143.615 0
      vertex 83.75 148.09 0
      vertex 85 145.925 0
    endloop
  endfacet
  facet normal 0 0 -1
    outer loop
      vertex 81 143.615 0
      vertex 79.75 145.78 0
      vertex 83.75 148.09 0
    endloop
  endfacet
  facet normal 0 0 -1
    outer loop
      vertex 81 138.996 0
      vertex 78.5 138.996 0
      vertex 81 143.615 0
    endloop
  endfacet
  facet normal 0 0 -1
    outer loop
      vertex 78.5 143.615 0
      vertex 81 143.615 0
      vertex 78.5 138.996 0
    endloop
  endfacet
  facet normal 0 0 -1
    outer loop
      vertex 75.75 134.522 0
      vertex 78.5 138.996 0
      vertex 79.75 136.831 0
    endloop
  endfacet
  facet normal 0 0 -1
    outer loop
      vertex 75.75 134.522 0
      vertex 74.5 136.687 0
      vertex 78.5 138.996 0
    endloop
  endfacet
  facet normal 0 0 -1
    outer loop
      vertex 75.75 129.903 0
      vertex 73.25 129.903 0
      vertex 75.75 134.522 0
    endloop
  endfacet
  facet normal 0 0 -1
    outer loop
      vertex 73.25 134.522 0
      vertex 75.75 134.522 0
      vertex 73.25 129.903 0
    endloop
  endfacet
  facet normal 0 0 -1
    outer loop
      vertex 70.5 125.429 0
      vertex 73.25 129.903 0
      vertex 74.5 127.738 0
    endloop
  endfacet
  facet normal 0 0 -1
    outer loop
      vertex 70.5 125.429 0
      vertex 69.25 127.594 0
      vertex 73.25 129.903 0
    endloop
  endfacet
  facet normal 0 0 -1
    outer loop
      vertex 70.5 120.81 0
      vertex 68 120.81 0
      vertex 70.5 125.429 0
    endloop
  endfacet
  facet normal 0 0 -1
    outer loop
      vertex 68 125.429 0
      vertex 70.5 125.429 0
      vertex 68 120.81 0
    endloop
  endfacet
  facet normal 0 0 -1
    outer loop
      vertex 65.25 116.335 0
      vertex 68 120.81 0
      vertex 69.25 118.645 0
    endloop
  endfacet
  facet normal 0 0 -1
    outer loop
      vertex 65.25 116.335 0
      vertex 64 118.5 0
      vertex 68 120.81 0
    endloop
  endfacet
  facet normal 0 0 -1
    outer loop
      vertex 65.25 111.717 0
      vertex 62.75 111.717 0
      vertex 65.25 116.335 0
    endloop
  endfacet
  facet normal 0 0 -1
    outer loop
      vertex 62.75 116.335 0
      vertex 65.25 116.335 0
      vertex 62.75 111.717 0
    endloop
  endfacet
  facet normal 0 0 -1
    outer loop
      vertex 60 107.242 0
      vertex 62.75 111.717 0
      vertex 64 109.551 0
    endloop
  endfacet
  facet normal 0 0 -1
    outer loop
      vertex 60 107.242 0
      vertex 58.75 109.407 0
      vertex 62.75 111.717 0
    endloop
  endfacet
  facet normal 0 0 -1
    outer loop
      vertex 60 102.623 0
      vertex 57.5 102.623 0
      vertex 60 107.242 0
    endloop
  endfacet
  facet normal 0 0 -1
    outer loop
      vertex 57.5 107.242 0
      vertex 60 107.242 0
      vertex 57.5 102.623 0
    endloop
  endfacet
  facet normal 0 0 -1
    outer loop
      vertex 54.75 98.1488 0
      vertex 57.5 102.623 0
      vertex 58.75 100.458 0
    endloop
  endfacet
  facet normal 0 0 -1
    outer loop
      vertex 54.75 98.1488 0
      vertex 53.5 100.314 0
      vertex 57.5 102.623 0
    endloop
  endfacet
  facet normal 0 0 -1
    outer loop
      vertex 54.75 93.53 0
      vertex 52.25 93.53 0
      vertex 54.75 98.1488 0
    endloop
  endfacet
  facet normal 0 0 -1
    outer loop
      vertex 52.25 98.1488 0
      vertex 54.75 98.1488 0
      vertex 52.25 93.53 0
    endloop
  endfacet
  facet normal 0 0 -1
    outer loop
      vertex 49.5 89.0555 0
      vertex 52.25 93.53 0
      vertex 53.5 91.3649 0
    endloop
  endfacet
  facet normal 0 0 -1
    outer loop
      vertex 49.5 89.0555 0
      vertex 48.25 91.2206 0
      vertex 52.25 93.53 0
    endloop
  endfacet
  facet normal 0 0 -1
    outer loop
      vertex 49.5 84.4367 0
      vertex 47 84.4367 0
      vertex 49.5 89.0555 0
    endloop
  endfacet
  facet normal 0 0 -1
    outer loop
      vertex 47 89.0555 0
      vertex 49.5 89.0555 0
      vertex 47 84.4367 0
    endloop
  endfacet
  facet normal 0 0 -1
    outer loop
      vertex 44.25 79.9623 0
      vertex 47 84.4367 0
      vertex 48.25 82.2717 0
    endloop
  endfacet
  facet normal 0 0 -1
    outer loop
      vertex 44.25 79.9623 0
      vertex 43 82.1273 0
      vertex 47 84.4367 0
    endloop
  endfacet
  facet normal 0 0 -1
    outer loop
      vertex 44.25 75.3435 0
      vertex 41.75 75.3435 0
      vertex 44.25 79.9623 0
    endloop
  endfacet
  facet normal 0 0 -1
    outer loop
      vertex 41.75 79.9623 0
      vertex 44.25 79.9623 0
      vertex 41.75 75.3435 0
    endloop
  endfacet
  facet normal 0 0 -1
    outer loop
      vertex 39 70.869 0
      vertex 41.75 75.3435 0
      vertex 43 73.1784 0
    endloop
  endfacet
  facet normal 0 0 -1
    outer loop
      vertex 39 70.869 0
      vertex 37.75 73.0341 0
      vertex 41.75 75.3435 0
    endloop
  endfacet
  facet normal 0 0 -1
    outer loop
      vertex 39 66.2502 0
      vertex 36.5 66.2502 0
      vertex 39 70.869 0
    endloop
  endfacet
  facet normal 0 0 -1
    outer loop
      vertex 36.5 70.869 0
      vertex 39 70.869 0
      vertex 36.5 66.2502 0
    endloop
  endfacet
  facet normal 0 0 -1
    outer loop
      vertex 33.75 61.7757 0
      vertex 36.5 66.2502 0
      vertex 37.75 64.0851 0
    endloop
  endfacet
  facet normal 0 0 -1
    outer loop
      vertex 33.75 61.7757 0
      vertex 32.5 63.9408 0
      vertex 36.5 66.2502 0
    endloop
  endfacet
  facet normal 0 0 -1
    outer loop
      vertex 33.75 57.1569 0
      vertex 31.25 57.1569 0
      vertex 33.75 61.7757 0
    endloop
  endfacet
  facet normal 0 0 -1
    outer loop
      vertex 31.25 61.7757 0
      vertex 33.75 61.7757 0
      vertex 31.25 57.1569 0
    endloop
  endfacet
  facet normal 0 0 -1
    outer loop
      vertex 28.5 52.6825 0
      vertex 31.25 57.1569 0
      vertex 32.5 54.9919 0
    endloop
  endfacet
  facet normal 0 0 -1
    outer loop
      vertex 28.5 52.6825 0
      vertex 27.25 54.8475 0
      vertex 31.25 57.1569 0
    endloop
  endfacet
  facet normal 0 0 -1
    outer loop
      vertex 27.25 45.8986 0
      vertex 27.25 54.8475 0
      vertex 28.5 52.6825 0
    endloop
  endfacet
  facet normal 0 0 -1
    outer loop
      vertex 23.25 43.5892 0
      vertex 27.25 54.8475 0
      vertex 27.25 45.8986 0
    endloop
  endfacet
  facet normal -0 0 -1
    outer loop
      vertex 27.25 54.8475 0
      vertex 23.25 43.5892 0
      vertex 23.25 57.1569 0
    endloop
  endfacet
  facet normal 0 0 -1
    outer loop
      vertex 91.5 34.4959 0
      vertex 89 34.4959 0
      vertex 90.25 36.661 0
    endloop
  endfacet
  facet normal 0 0 -1
    outer loop
      vertex 89 34.4959 0
      vertex 86.25 38.9704 0
      vertex 90.25 36.661 0
    endloop
  endfacet
  facet normal 0 0 -1
    outer loop
      vertex 83.75 38.9704 0
      vertex 86.25 38.9704 0
      vertex 85 36.8053 0
    endloop
  endfacet
  facet normal 0 0 -1
    outer loop
      vertex 85 36.8053 0
      vertex 86.25 38.9704 0
      vertex 89 34.4959 0
    endloop
  endfacet
  facet normal 0 0 -1
    outer loop
      vertex 91.5 52.6825 0
      vertex 89 52.6825 0
      vertex 90.25 54.8475 0
    endloop
  endfacet
  facet normal 0 0 -1
    outer loop
      vertex 89 52.6825 0
      vertex 86.25 57.1569 0
      vertex 90.25 54.8475 0
    endloop
  endfacet
  facet normal 0 0 -1
    outer loop
      vertex 83.75 57.1569 0
      vertex 86.25 57.1569 0
      vertex 85 54.9919 0
    endloop
  endfacet
  facet normal 0 0 -1
    outer loop
      vertex 85 54.9919 0
      vertex 86.25 57.1569 0
      vertex 89 52.6825 0
    endloop
  endfacet
  facet normal 0 0 -1
    outer loop
      vertex 91.5 70.869 0
      vertex 89 70.869 0
      vertex 90.25 73.0341 0
    endloop
  endfacet
  facet normal 0 0 -1
    outer loop
      vertex 89 70.869 0
      vertex 86.25 75.3435 0
      vertex 90.25 73.0341 0
    endloop
  endfacet
  facet normal 0 0 -1
    outer loop
      vertex 83.75 75.3435 0
      vertex 86.25 75.3435 0
      vertex 85 73.1784 0
    endloop
  endfacet
  facet normal 0 0 -1
    outer loop
      vertex 85 73.1784 0
      vertex 86.25 75.3435 0
      vertex 89 70.869 0
    endloop
  endfacet
  facet normal 0 0 -1
    outer loop
      vertex 91.5 89.0555 0
      vertex 89 89.0555 0
      vertex 90.25 91.2206 0
    endloop
  endfacet
  facet normal 0 0 -1
    outer loop
      vertex 89 89.0555 0
      vertex 86.25 93.53 0
      vertex 90.25 91.2206 0
    endloop
  endfacet
  facet normal 0 0 -1
    outer loop
      vertex 83.75 93.53 0
      vertex 86.25 93.53 0
      vertex 85 91.3649 0
    endloop
  endfacet
  facet normal 0 0 -1
    outer loop
      vertex 85 91.3649 0
      vertex 86.25 93.53 0
      vertex 89 89.0555 0
    endloop
  endfacet
  facet normal 0 0 -1
    outer loop
      vertex 91.5 107.242 0
      vertex 89 107.242 0
      vertex 90.25 109.407 0
    endloop
  endfacet
  facet normal 0 0 -1
    outer loop
      vertex 89 107.242 0
      vertex 86.25 111.717 0
      vertex 90.25 109.407 0
    endloop
  endfacet
  facet normal 0 0 -1
    outer loop
      vertex 83.75 111.717 0
      vertex 86.25 111.717 0
      vertex 85 109.551 0
    endloop
  endfacet
  facet normal 0 0 -1
    outer loop
      vertex 85 109.551 0
      vertex 86.25 111.717 0
      vertex 89 107.242 0
    endloop
  endfacet
  facet normal 0 0 -1
    outer loop
      vertex 91.5 125.429 0
      vertex 89 125.429 0
      vertex 90.25 127.594 0
    endloop
  endfacet
  facet normal 0 0 -1
    outer loop
      vertex 89 125.429 0
      vertex 86.25 129.903 0
      vertex 90.25 127.594 0
    endloop
  endfacet
  facet normal 0 0 -1
    outer loop
      vertex 83.75 129.903 0
      vertex 86.25 129.903 0
      vertex 85 127.738 0
    endloop
  endfacet
  facet normal 0 0 -1
    outer loop
      vertex 85 127.738 0
      vertex 86.25 129.903 0
      vertex 89 125.429 0
    endloop
  endfacet
  facet normal 0 0 -1
    outer loop
      vertex 91.5 143.615 0
      vertex 89 143.615 0
      vertex 90.25 145.78 0
    endloop
  endfacet
  facet normal 0 0 -1
    outer loop
      vertex 89 143.615 0
      vertex 86.25 148.09 0
      vertex 90.25 145.78 0
    endloop
  endfacet
  facet normal 0 0 -1
    outer loop
      vertex 83.75 148.09 0
      vertex 86.25 148.09 0
      vertex 85 145.925 0
    endloop
  endfacet
  facet normal 0 0 -1
    outer loop
      vertex 85 145.925 0
      vertex 86.25 148.09 0
      vertex 89 143.615 0
    endloop
  endfacet
  facet normal 0 0 -1
    outer loop
      vertex 96.75 25.4027 0
      vertex 94.25 25.4027 0
      vertex 95.5 27.5677 0
    endloop
  endfacet
  facet normal 0 0 -1
    outer loop
      vertex 94.25 25.4027 0
      vertex 91.5 29.8771 0
      vertex 95.5 27.5677 0
    endloop
  endfacet
  facet normal 0 0 -1
    outer loop
      vertex 89 29.8771 0
      vertex 91.5 29.8771 0
      vertex 90.25 27.7121 0
    endloop
  endfacet
  facet normal 0 0 -1
    outer loop
      vertex 90.25 27.7121 0
      vertex 91.5 29.8771 0
      vertex 94.25 25.4027 0
    endloop
  endfacet
  facet normal 0 0 -1
    outer loop
      vertex 96.75 43.5892 0
      vertex 94.25 43.5892 0
      vertex 95.5 45.7543 0
    endloop
  endfacet
  facet normal 0 0 -1
    outer loop
      vertex 94.25 43.5892 0
      vertex 91.5 48.0637 0
      vertex 95.5 45.7543 0
    endloop
  endfacet
  facet normal 0 0 -1
    outer loop
      vertex 89 48.0637 0
      vertex 91.5 48.0637 0
      vertex 90.25 45.8986 0
    endloop
  endfacet
  facet normal 0 0 -1
    outer loop
      vertex 90.25 45.8986 0
      vertex 91.5 48.0637 0
      vertex 94.25 43.5892 0
    endloop
  endfacet
  facet normal 0 0 -1
    outer loop
      vertex 96.75 61.7757 0
      vertex 94.25 61.7757 0
      vertex 95.5 63.9408 0
    endloop
  endfacet
  facet normal 0 0 -1
    outer loop
      vertex 94.25 61.7757 0
      vertex 91.5 66.2502 0
      vertex 95.5 63.9408 0
    endloop
  endfacet
  facet normal 0 0 -1
    outer loop
      vertex 89 66.2502 0
      vertex 91.5 66.2502 0
      vertex 90.25 64.0851 0
    endloop
  endfacet
  facet normal 0 0 -1
    outer loop
      vertex 90.25 64.0851 0
      vertex 91.5 66.2502 0
      vertex 94.25 61.7757 0
    endloop
  endfacet
  facet normal 0 0 -1
    outer loop
      vertex 96.75 79.9623 0
      vertex 94.25 79.9623 0
      vertex 95.5 82.1273 0
    endloop
  endfacet
  facet normal 0 0 -1
    outer loop
      vertex 94.25 79.9623 0
      vertex 91.5 84.4367 0
      vertex 95.5 82.1273 0
    endloop
  endfacet
  facet normal 0 0 -1
    outer loop
      vertex 89 84.4367 0
      vertex 91.5 84.4367 0
      vertex 90.25 82.2717 0
    endloop
  endfacet
  facet normal 0 0 -1
    outer loop
      vertex 90.25 82.2717 0
      vertex 91.5 84.4367 0
      vertex 94.25 79.9623 0
    endloop
  endfacet
  facet normal 0 0 -1
    outer loop
      vertex 96.75 98.1488 0
      vertex 94.25 98.1488 0
      vertex 95.5 100.314 0
    endloop
  endfacet
  facet normal 0 0 -1
    outer loop
      vertex 94.25 98.1488 0
      vertex 91.5 102.623 0
      vertex 95.5 100.314 0
    endloop
  endfacet
  facet normal 0 0 -1
    outer loop
      vertex 89 102.623 0
      vertex 91.5 102.623 0
      vertex 90.25 100.458 0
    endloop
  endfacet
  facet normal 0 0 -1
    outer loop
      vertex 90.25 100.458 0
      vertex 91.5 102.623 0
      vertex 94.25 98.1488 0
    endloop
  endfacet
  facet normal 0 0 -1
    outer loop
      vertex 96.75 116.335 0
      vertex 94.25 116.335 0
      vertex 95.5 118.5 0
    endloop
  endfacet
  facet normal 0 0 -1
    outer loop
      vertex 94.25 116.335 0
      vertex 91.5 120.81 0
      vertex 95.5 118.5 0
    endloop
  endfacet
  facet normal 0 0 -1
    outer loop
      vertex 89 120.81 0
      vertex 91.5 120.81 0
      vertex 90.25 118.645 0
    endloop
  endfacet
  facet normal 0 0 -1
    outer loop
      vertex 90.25 118.645 0
      vertex 91.5 120.81 0
      vertex 94.25 116.335 0
    endloop
  endfacet
  facet normal 0 0 -1
    outer loop
      vertex 96.75 134.522 0
      vertex 94.25 134.522 0
      vertex 95.5 136.687 0
    endloop
  endfacet
  facet normal 0 0 -1
    outer loop
      vertex 94.25 134.522 0
      vertex 91.5 138.996 0
      vertex 95.5 136.687 0
    endloop
  endfacet
  facet normal 0 0 -1
    outer loop
      vertex 89 138.996 0
      vertex 91.5 138.996 0
      vertex 90.25 136.831 0
    endloop
  endfacet
  facet normal 0 0 -1
    outer loop
      vertex 90.25 136.831 0
      vertex 91.5 138.996 0
      vertex 94.25 134.522 0
    endloop
  endfacet
  facet normal 0 0 -1
    outer loop
      vertex 96.75 152.708 0
      vertex 94.25 152.708 0
      vertex 95.5 154.873 0
    endloop
  endfacet
  facet normal 0 0 -1
    outer loop
      vertex 94.25 152.708 0
      vertex 91.5 157.183 0
      vertex 95.5 154.873 0
    endloop
  endfacet
  facet normal 0 0 -1
    outer loop
      vertex 89 157.183 0
      vertex 91.5 157.183 0
      vertex 90.25 155.018 0
    endloop
  endfacet
  facet normal 0 0 -1
    outer loop
      vertex 90.25 155.018 0
      vertex 91.5 157.183 0
      vertex 94.25 152.708 0
    endloop
  endfacet
  facet normal 0 0 -1
    outer loop
      vertex 96.75 152.708 0
      vertex 99.5 157.183 0
      vertex 100.75 155.018 0
    endloop
  endfacet
  facet normal 0 0 -1
    outer loop
      vertex 96.75 152.708 0
      vertex 95.5 154.873 0
      vertex 99.5 157.183 0
    endloop
  endfacet
  facet normal 0 0 -1
    outer loop
      vertex 96.75 148.09 0
      vertex 94.25 148.09 0
      vertex 96.75 152.708 0
    endloop
  endfacet
  facet normal 0 0 -1
    outer loop
      vertex 94.25 152.708 0
      vertex 96.75 152.708 0
      vertex 94.25 148.09 0
    endloop
  endfacet
  facet normal 0 0 -1
    outer loop
      vertex 91.5 143.615 0
      vertex 94.25 148.09 0
      vertex 95.5 145.925 0
    endloop
  endfacet
  facet normal 0 0 -1
    outer loop
      vertex 91.5 143.615 0
      vertex 90.25 145.78 0
      vertex 94.25 148.09 0
    endloop
  endfacet
  facet normal 0 0 -1
    outer loop
      vertex 91.5 138.996 0
      vertex 89 138.996 0
      vertex 91.5 143.615 0
    endloop
  endfacet
  facet normal 0 0 -1
    outer loop
      vertex 89 143.615 0
      vertex 91.5 143.615 0
      vertex 89 138.996 0
    endloop
  endfacet
  facet normal 0 0 -1
    outer loop
      vertex 86.25 134.522 0
      vertex 89 138.996 0
      vertex 90.25 136.831 0
    endloop
  endfacet
  facet normal 0 0 -1
    outer loop
      vertex 86.25 134.522 0
      vertex 85 136.687 0
      vertex 89 138.996 0
    endloop
  endfacet
  facet normal 0 0 -1
    outer loop
      vertex 86.25 129.903 0
      vertex 83.75 129.903 0
      vertex 86.25 134.522 0
    endloop
  endfacet
  facet normal 0 0 -1
    outer loop
      vertex 83.75 134.522 0
      vertex 86.25 134.522 0
      vertex 83.75 129.903 0
    endloop
  endfacet
  facet normal 0 0 -1
    outer loop
      vertex 81 125.429 0
      vertex 83.75 129.903 0
      vertex 85 127.738 0
    endloop
  endfacet
  facet normal 0 0 -1
    outer loop
      vertex 81 125.429 0
      vertex 79.75 127.594 0
      vertex 83.75 129.903 0
    endloop
  endfacet
  facet normal 0 0 -1
    outer loop
      vertex 81 120.81 0
      vertex 78.5 120.81 0
      vertex 81 125.429 0
    endloop
  endfacet
  facet normal 0 0 -1
    outer loop
      vertex 78.5 125.429 0
      vertex 81 125.429 0
      vertex 78.5 120.81 0
    endloop
  endfacet
  facet normal 0 0 -1
    outer loop
      vertex 75.75 116.335 0
      vertex 78.5 120.81 0
      vertex 79.75 118.645 0
    endloop
  endfacet
  facet normal 0 0 -1
    outer loop
      vertex 75.75 116.335 0
      vertex 74.5 118.5 0
      vertex 78.5 120.81 0
    endloop
  endfacet
  facet normal 0 0 -1
    outer loop
      vertex 75.75 111.717 0
      vertex 73.25 111.717 0
      vertex 75.75 116.335 0
    endloop
  endfacet
  facet normal 0 0 -1
    outer loop
      vertex 73.25 116.335 0
      vertex 75.75 116.335 0
      vertex 73.25 111.717 0
    endloop
  endfacet
  facet normal 0 0 -1
    outer loop
      vertex 70.5 107.242 0
      vertex 73.25 111.717 0
      vertex 74.5 109.551 0
    endloop
  endfacet
  facet normal 0 0 -1
    outer loop
      vertex 70.5 107.242 0
      vertex 69.25 109.407 0
      vertex 73.25 111.717 0
    endloop
  endfacet
  facet normal 0 0 -1
    outer loop
      vertex 70.5 102.623 0
      vertex 68 102.623 0
      vertex 70.5 107.242 0
    endloop
  endfacet
  facet normal 0 0 -1
    outer loop
      vertex 68 107.242 0
      vertex 70.5 107.242 0
      vertex 68 102.623 0
    endloop
  endfacet
  facet normal 0 0 -1
    outer loop
      vertex 65.25 98.1488 0
      vertex 68 102.623 0
      vertex 69.25 100.458 0
    endloop
  endfacet
  facet normal 0 0 -1
    outer loop
      vertex 65.25 98.1488 0
      vertex 64 100.314 0
      vertex 68 102.623 0
    endloop
  endfacet
  facet normal 0 0 -1
    outer loop
      vertex 65.25 93.53 0
      vertex 62.75 93.53 0
      vertex 65.25 98.1488 0
    endloop
  endfacet
  facet normal 0 0 -1
    outer loop
      vertex 62.75 98.1488 0
      vertex 65.25 98.1488 0
      vertex 62.75 93.53 0
    endloop
  endfacet
  facet normal 0 0 -1
    outer loop
      vertex 60 89.0555 0
      vertex 62.75 93.53 0
      vertex 64 91.3649 0
    endloop
  endfacet
  facet normal 0 0 -1
    outer loop
      vertex 60 89.0555 0
      vertex 58.75 91.2206 0
      vertex 62.75 93.53 0
    endloop
  endfacet
  facet normal 0 0 -1
    outer loop
      vertex 60 84.4367 0
      vertex 57.5 84.4367 0
      vertex 60 89.0555 0
    endloop
  endfacet
  facet normal 0 0 -1
    outer loop
      vertex 57.5 89.0555 0
      vertex 60 89.0555 0
      vertex 57.5 84.4367 0
    endloop
  endfacet
  facet normal 0 0 -1
    outer loop
      vertex 54.75 79.9623 0
      vertex 57.5 84.4367 0
      vertex 58.75 82.2717 0
    endloop
  endfacet
  facet normal 0 0 -1
    outer loop
      vertex 54.75 79.9623 0
      vertex 53.5 82.1273 0
      vertex 57.5 84.4367 0
    endloop
  endfacet
  facet normal 0 0 -1
    outer loop
      vertex 54.75 75.3435 0
      vertex 52.25 75.3435 0
      vertex 54.75 79.9623 0
    endloop
  endfacet
  facet normal 0 0 -1
    outer loop
      vertex 52.25 79.9623 0
      vertex 54.75 79.9623 0
      vertex 52.25 75.3435 0
    endloop
  endfacet
  facet normal 0 0 -1
    outer loop
      vertex 49.5 70.869 0
      vertex 52.25 75.3435 0
      vertex 53.5 73.1784 0
    endloop
  endfacet
  facet normal 0 0 -1
    outer loop
      vertex 49.5 70.869 0
      vertex 48.25 73.0341 0
      vertex 52.25 75.3435 0
    endloop
  endfacet
  facet normal 0 0 -1
    outer loop
      vertex 49.5 66.2502 0
      vertex 47 66.2502 0
      vertex 49.5 70.869 0
    endloop
  endfacet
  facet normal 0 0 -1
    outer loop
      vertex 47 70.869 0
      vertex 49.5 70.869 0
      vertex 47 66.2502 0
    endloop
  endfacet
  facet normal 0 0 -1
    outer loop
      vertex 44.25 61.7757 0
      vertex 47 66.2502 0
      vertex 48.25 64.0851 0
    endloop
  endfacet
  facet normal 0 0 -1
    outer loop
      vertex 44.25 61.7757 0
      vertex 43 63.9408 0
      vertex 47 66.2502 0
    endloop
  endfacet
  facet normal 0 0 -1
    outer loop
      vertex 44.25 57.1569 0
      vertex 41.75 57.1569 0
      vertex 44.25 61.7757 0
    endloop
  endfacet
  facet normal 0 0 -1
    outer loop
      vertex 41.75 61.7757 0
      vertex 44.25 61.7757 0
      vertex 41.75 57.1569 0
    endloop
  endfacet
  facet normal 0 0 -1
    outer loop
      vertex 39 52.6825 0
      vertex 41.75 57.1569 0
      vertex 43 54.9919 0
    endloop
  endfacet
  facet normal 0 0 -1
    outer loop
      vertex 39 52.6825 0
      vertex 37.75 54.8475 0
      vertex 41.75 57.1569 0
    endloop
  endfacet
  facet normal 0 0 -1
    outer loop
      vertex 39 48.0637 0
      vertex 36.5 48.0637 0
      vertex 39 52.6825 0
    endloop
  endfacet
  facet normal 0 0 -1
    outer loop
      vertex 36.5 52.6825 0
      vertex 39 52.6825 0
      vertex 36.5 48.0637 0
    endloop
  endfacet
  facet normal 0 0 -1
    outer loop
      vertex 33.75 43.5892 0
      vertex 36.5 48.0637 0
      vertex 37.75 45.8986 0
    endloop
  endfacet
  facet normal 0 0 -1
    outer loop
      vertex 33.75 43.5892 0
      vertex 32.5 45.7543 0
      vertex 36.5 48.0637 0
    endloop
  endfacet
  facet normal 0 0 -1
    outer loop
      vertex 33.75 38.9704 0
      vertex 31.25 38.9704 0
      vertex 33.75 43.5892 0
    endloop
  endfacet
  facet normal 0 0 -1
    outer loop
      vertex 31.25 43.5892 0
      vertex 33.75 43.5892 0
      vertex 31.25 38.9704 0
    endloop
  endfacet
  facet normal 0 0 -1
    outer loop
      vertex 28.5 34.4959 0
      vertex 31.25 38.9704 0
      vertex 32.5 36.8053 0
    endloop
  endfacet
  facet normal 0 0 -1
    outer loop
      vertex 28.5 34.4959 0
      vertex 27.25 36.661 0
      vertex 31.25 38.9704 0
    endloop
  endfacet
  facet normal 0 0 -1
    outer loop
      vertex 27.25 27.7121 0
      vertex 27.25 36.661 0
      vertex 28.5 34.4959 0
    endloop
  endfacet
  facet normal 0 0 -1
    outer loop
      vertex 23.25 25.4027 0
      vertex 27.25 36.661 0
      vertex 27.25 27.7121 0
    endloop
  endfacet
  facet normal -0 0 -1
    outer loop
      vertex 27.25 36.661 0
      vertex 23.25 25.4027 0
      vertex 23.25 38.9704 0
    endloop
  endfacet
  facet normal 0 0 -1
    outer loop
      vertex 102 34.4959 0
      vertex 99.5 34.4959 0
      vertex 100.75 36.661 0
    endloop
  endfacet
  facet normal 0 0 -1
    outer loop
      vertex 99.5 34.4959 0
      vertex 96.75 38.9704 0
      vertex 100.75 36.661 0
    endloop
  endfacet
  facet normal 0 0 -1
    outer loop
      vertex 94.25 38.9704 0
      vertex 96.75 38.9704 0
      vertex 95.5 36.8053 0
    endloop
  endfacet
  facet normal 0 0 -1
    outer loop
      vertex 95.5 36.8053 0
      vertex 96.75 38.9704 0
      vertex 99.5 34.4959 0
    endloop
  endfacet
  facet normal 0 0 -1
    outer loop
      vertex 102 52.6825 0
      vertex 99.5 52.6825 0
      vertex 100.75 54.8475 0
    endloop
  endfacet
  facet normal 0 0 -1
    outer loop
      vertex 99.5 52.6825 0
      vertex 96.75 57.1569 0
      vertex 100.75 54.8475 0
    endloop
  endfacet
  facet normal 0 0 -1
    outer loop
      vertex 94.25 57.1569 0
      vertex 96.75 57.1569 0
      vertex 95.5 54.9919 0
    endloop
  endfacet
  facet normal 0 0 -1
    outer loop
      vertex 95.5 54.9919 0
      vertex 96.75 57.1569 0
      vertex 99.5 52.6825 0
    endloop
  endfacet
  facet normal 0 0 -1
    outer loop
      vertex 102 70.869 0
      vertex 99.5 70.869 0
      vertex 100.75 73.0341 0
    endloop
  endfacet
  facet normal 0 0 -1
    outer loop
      vertex 99.5 70.869 0
      vertex 96.75 75.3435 0
      vertex 100.75 73.0341 0
    endloop
  endfacet
  facet normal 0 0 -1
    outer loop
      vertex 94.25 75.3435 0
      vertex 96.75 75.3435 0
      vertex 95.5 73.1784 0
    endloop
  endfacet
  facet normal 0 0 -1
    outer loop
      vertex 95.5 73.1784 0
      vertex 96.75 75.3435 0
      vertex 99.5 70.869 0
    endloop
  endfacet
  facet normal 0 0 -1
    outer loop
      vertex 102 89.0555 0
      vertex 99.5 89.0555 0
      vertex 100.75 91.2206 0
    endloop
  endfacet
  facet normal 0 0 -1
    outer loop
      vertex 99.5 89.0555 0
      vertex 96.75 93.53 0
      vertex 100.75 91.2206 0
    endloop
  endfacet
  facet normal 0 0 -1
    outer loop
      vertex 94.25 93.53 0
      vertex 96.75 93.53 0
      vertex 95.5 91.3649 0
    endloop
  endfacet
  facet normal 0 0 -1
    outer loop
      vertex 95.5 91.3649 0
      vertex 96.75 93.53 0
      vertex 99.5 89.0555 0
    endloop
  endfacet
  facet normal 0 0 -1
    outer loop
      vertex 102 107.242 0
      vertex 99.5 107.242 0
      vertex 100.75 109.407 0
    endloop
  endfacet
  facet normal 0 0 -1
    outer loop
      vertex 99.5 107.242 0
      vertex 96.75 111.717 0
      vertex 100.75 109.407 0
    endloop
  endfacet
  facet normal 0 0 -1
    outer loop
      vertex 94.25 111.717 0
      vertex 96.75 111.717 0
      vertex 95.5 109.551 0
    endloop
  endfacet
  facet normal 0 0 -1
    outer loop
      vertex 95.5 109.551 0
      vertex 96.75 111.717 0
      vertex 99.5 107.242 0
    endloop
  endfacet
  facet normal 0 0 -1
    outer loop
      vertex 102 125.429 0
      vertex 99.5 125.429 0
      vertex 100.75 127.594 0
    endloop
  endfacet
  facet normal 0 0 -1
    outer loop
      vertex 99.5 125.429 0
      vertex 96.75 129.903 0
      vertex 100.75 127.594 0
    endloop
  endfacet
  facet normal 0 0 -1
    outer loop
      vertex 94.25 129.903 0
      vertex 96.75 129.903 0
      vertex 95.5 127.738 0
    endloop
  endfacet
  facet normal 0 0 -1
    outer loop
      vertex 95.5 127.738 0
      vertex 96.75 129.903 0
      vertex 99.5 125.429 0
    endloop
  endfacet
  facet normal 0 0 -1
    outer loop
      vertex 102 143.615 0
      vertex 99.5 143.615 0
      vertex 100.75 145.78 0
    endloop
  endfacet
  facet normal 0 0 -1
    outer loop
      vertex 99.5 143.615 0
      vertex 96.75 148.09 0
      vertex 100.75 145.78 0
    endloop
  endfacet
  facet normal 0 0 -1
    outer loop
      vertex 94.25 148.09 0
      vertex 96.75 148.09 0
      vertex 95.5 145.925 0
    endloop
  endfacet
  facet normal 0 0 -1
    outer loop
      vertex 95.5 145.925 0
      vertex 96.75 148.09 0
      vertex 99.5 143.615 0
    endloop
  endfacet
  facet normal 0 0 -1
    outer loop
      vertex 107.25 25.4027 0
      vertex 104.75 25.4027 0
      vertex 106 27.5677 0
    endloop
  endfacet
  facet normal 0 0 -1
    outer loop
      vertex 104.75 25.4027 0
      vertex 102 29.8771 0
      vertex 106 27.5677 0
    endloop
  endfacet
  facet normal 0 0 -1
    outer loop
      vertex 99.5 29.8771 0
      vertex 102 29.8771 0
      vertex 100.75 27.7121 0
    endloop
  endfacet
  facet normal 0 0 -1
    outer loop
      vertex 100.75 27.7121 0
      vertex 102 29.8771 0
      vertex 104.75 25.4027 0
    endloop
  endfacet
  facet normal 0 0 -1
    outer loop
      vertex 107.25 43.5892 0
      vertex 104.75 43.5892 0
      vertex 106 45.7543 0
    endloop
  endfacet
  facet normal 0 0 -1
    outer loop
      vertex 104.75 43.5892 0
      vertex 102 48.0637 0
      vertex 106 45.7543 0
    endloop
  endfacet
  facet normal 0 0 -1
    outer loop
      vertex 99.5 48.0637 0
      vertex 102 48.0637 0
      vertex 100.75 45.8986 0
    endloop
  endfacet
  facet normal 0 0 -1
    outer loop
      vertex 100.75 45.8986 0
      vertex 102 48.0637 0
      vertex 104.75 43.5892 0
    endloop
  endfacet
  facet normal 0 0 -1
    outer loop
      vertex 107.25 61.7757 0
      vertex 104.75 61.7757 0
      vertex 106 63.9408 0
    endloop
  endfacet
  facet normal 0 0 -1
    outer loop
      vertex 104.75 61.7757 0
      vertex 102 66.2502 0
      vertex 106 63.9408 0
    endloop
  endfacet
  facet normal 0 0 -1
    outer loop
      vertex 99.5 66.2502 0
      vertex 102 66.2502 0
      vertex 100.75 64.0851 0
    endloop
  endfacet
  facet normal 0 0 -1
    outer loop
      vertex 100.75 64.0851 0
      vertex 102 66.2502 0
      vertex 104.75 61.7757 0
    endloop
  endfacet
  facet normal 0 0 -1
    outer loop
      vertex 107.25 79.9623 0
      vertex 104.75 79.9623 0
      vertex 106 82.1273 0
    endloop
  endfacet
  facet normal 0 0 -1
    outer loop
      vertex 104.75 79.9623 0
      vertex 102 84.4367 0
      vertex 106 82.1273 0
    endloop
  endfacet
  facet normal 0 0 -1
    outer loop
      vertex 99.5 84.4367 0
      vertex 102 84.4367 0
      vertex 100.75 82.2717 0
    endloop
  endfacet
  facet normal 0 0 -1
    outer loop
      vertex 100.75 82.2717 0
      vertex 102 84.4367 0
      vertex 104.75 79.9623 0
    endloop
  endfacet
  facet normal 0 0 -1
    outer loop
      vertex 107.25 98.1488 0
      vertex 104.75 98.1488 0
      vertex 106 100.314 0
    endloop
  endfacet
  facet normal 0 0 -1
    outer loop
      vertex 104.75 98.1488 0
      vertex 102 102.623 0
      vertex 106 100.314 0
    endloop
  endfacet
  facet normal 0 0 -1
    outer loop
      vertex 99.5 102.623 0
      vertex 102 102.623 0
      vertex 100.75 100.458 0
    endloop
  endfacet
  facet normal 0 0 -1
    outer loop
      vertex 100.75 100.458 0
      vertex 102 102.623 0
      vertex 104.75 98.1488 0
    endloop
  endfacet
  facet normal 0 0 -1
    outer loop
      vertex 107.25 116.335 0
      vertex 104.75 116.335 0
      vertex 106 118.5 0
    endloop
  endfacet
  facet normal 0 0 -1
    outer loop
      vertex 104.75 116.335 0
      vertex 102 120.81 0
      vertex 106 118.5 0
    endloop
  endfacet
  facet normal 0 0 -1
    outer loop
      vertex 99.5 120.81 0
      vertex 102 120.81 0
      vertex 100.75 118.645 0
    endloop
  endfacet
  facet normal 0 0 -1
    outer loop
      vertex 100.75 118.645 0
      vertex 102 120.81 0
      vertex 104.75 116.335 0
    endloop
  endfacet
  facet normal 0 0 -1
    outer loop
      vertex 107.25 134.522 0
      vertex 104.75 134.522 0
      vertex 106 136.687 0
    endloop
  endfacet
  facet normal 0 0 -1
    outer loop
      vertex 104.75 134.522 0
      vertex 102 138.996 0
      vertex 106 136.687 0
    endloop
  endfacet
  facet normal 0 0 -1
    outer loop
      vertex 99.5 138.996 0
      vertex 102 138.996 0
      vertex 100.75 136.831 0
    endloop
  endfacet
  facet normal 0 0 -1
    outer loop
      vertex 100.75 136.831 0
      vertex 102 138.996 0
      vertex 104.75 134.522 0
    endloop
  endfacet
  facet normal 0 0 -1
    outer loop
      vertex 107.25 152.708 0
      vertex 104.75 152.708 0
      vertex 106 154.873 0
    endloop
  endfacet
  facet normal 0 0 -1
    outer loop
      vertex 104.75 152.708 0
      vertex 102 157.183 0
      vertex 106 154.873 0
    endloop
  endfacet
  facet normal 0 0 -1
    outer loop
      vertex 99.5 157.183 0
      vertex 102 157.183 0
      vertex 100.75 155.018 0
    endloop
  endfacet
  facet normal 0 0 -1
    outer loop
      vertex 100.75 155.018 0
      vertex 102 157.183 0
      vertex 104.75 152.708 0
    endloop
  endfacet
  facet normal 0 0 -1
    outer loop
      vertex 107.25 152.708 0
      vertex 110 157.183 0
      vertex 111.25 155.018 0
    endloop
  endfacet
  facet normal 0 0 -1
    outer loop
      vertex 107.25 152.708 0
      vertex 106 154.873 0
      vertex 110 157.183 0
    endloop
  endfacet
  facet normal 0 0 -1
    outer loop
      vertex 107.25 148.09 0
      vertex 104.75 148.09 0
      vertex 107.25 152.708 0
    endloop
  endfacet
  facet normal 0 0 -1
    outer loop
      vertex 104.75 152.708 0
      vertex 107.25 152.708 0
      vertex 104.75 148.09 0
    endloop
  endfacet
  facet normal 0 0 -1
    outer loop
      vertex 102 143.615 0
      vertex 104.75 148.09 0
      vertex 106 145.925 0
    endloop
  endfacet
  facet normal 0 0 -1
    outer loop
      vertex 102 143.615 0
      vertex 100.75 145.78 0
      vertex 104.75 148.09 0
    endloop
  endfacet
  facet normal 0 0 -1
    outer loop
      vertex 102 138.996 0
      vertex 99.5 138.996 0
      vertex 102 143.615 0
    endloop
  endfacet
  facet normal 0 0 -1
    outer loop
      vertex 99.5 143.615 0
      vertex 102 143.615 0
      vertex 99.5 138.996 0
    endloop
  endfacet
  facet normal 0 0 -1
    outer loop
      vertex 96.75 134.522 0
      vertex 99.5 138.996 0
      vertex 100.75 136.831 0
    endloop
  endfacet
  facet normal 0 0 -1
    outer loop
      vertex 96.75 134.522 0
      vertex 95.5 136.687 0
      vertex 99.5 138.996 0
    endloop
  endfacet
  facet normal 0 0 -1
    outer loop
      vertex 96.75 129.903 0
      vertex 94.25 129.903 0
      vertex 96.75 134.522 0
    endloop
  endfacet
  facet normal 0 0 -1
    outer loop
      vertex 94.25 134.522 0
      vertex 96.75 134.522 0
      vertex 94.25 129.903 0
    endloop
  endfacet
  facet normal 0 0 -1
    outer loop
      vertex 91.5 125.429 0
      vertex 94.25 129.903 0
      vertex 95.5 127.738 0
    endloop
  endfacet
  facet normal 0 0 -1
    outer loop
      vertex 91.5 125.429 0
      vertex 90.25 127.594 0
      vertex 94.25 129.903 0
    endloop
  endfacet
  facet normal 0 0 -1
    outer loop
      vertex 91.5 120.81 0
      vertex 89 120.81 0
      vertex 91.5 125.429 0
    endloop
  endfacet
  facet normal 0 0 -1
    outer loop
      vertex 89 125.429 0
      vertex 91.5 125.429 0
      vertex 89 120.81 0
    endloop
  endfacet
  facet normal 0 0 -1
    outer loop
      vertex 86.25 116.335 0
      vertex 89 120.81 0
      vertex 90.25 118.645 0
    endloop
  endfacet
  facet normal 0 0 -1
    outer loop
      vertex 86.25 116.335 0
      vertex 85 118.5 0
      vertex 89 120.81 0
    endloop
  endfacet
  facet normal 0 0 -1
    outer loop
      vertex 86.25 111.717 0
      vertex 83.75 111.717 0
      vertex 86.25 116.335 0
    endloop
  endfacet
  facet normal 0 0 -1
    outer loop
      vertex 83.75 116.335 0
      vertex 86.25 116.335 0
      vertex 83.75 111.717 0
    endloop
  endfacet
  facet normal 0 0 -1
    outer loop
      vertex 81 107.242 0
      vertex 83.75 111.717 0
      vertex 85 109.551 0
    endloop
  endfacet
  facet normal 0 0 -1
    outer loop
      vertex 81 107.242 0
      vertex 79.75 109.407 0
      vertex 83.75 111.717 0
    endloop
  endfacet
  facet normal 0 0 -1
    outer loop
      vertex 81 102.623 0
      vertex 78.5 102.623 0
      vertex 81 107.242 0
    endloop
  endfacet
  facet normal 0 0 -1
    outer loop
      vertex 78.5 107.242 0
      vertex 81 107.242 0
      vertex 78.5 102.623 0
    endloop
  endfacet
  facet normal 0 0 -1
    outer loop
      vertex 75.75 98.1488 0
      vertex 78.5 102.623 0
      vertex 79.75 100.458 0
    endloop
  endfacet
  facet normal 0 0 -1
    outer loop
      vertex 75.75 98.1488 0
      vertex 74.5 100.314 0
      vertex 78.5 102.623 0
    endloop
  endfacet
  facet normal 0 0 -1
    outer loop
      vertex 75.75 93.53 0
      vertex 73.25 93.53 0
      vertex 75.75 98.1488 0
    endloop
  endfacet
  facet normal 0 0 -1
    outer loop
      vertex 73.25 98.1488 0
      vertex 75.75 98.1488 0
      vertex 73.25 93.53 0
    endloop
  endfacet
  facet normal 0 0 -1
    outer loop
      vertex 70.5 89.0555 0
      vertex 73.25 93.53 0
      vertex 74.5 91.3649 0
    endloop
  endfacet
  facet normal 0 0 -1
    outer loop
      vertex 70.5 89.0555 0
      vertex 69.25 91.2206 0
      vertex 73.25 93.53 0
    endloop
  endfacet
  facet normal 0 0 -1
    outer loop
      vertex 70.5 84.4367 0
      vertex 68 84.4367 0
      vertex 70.5 89.0555 0
    endloop
  endfacet
  facet normal 0 0 -1
    outer loop
      vertex 68 89.0555 0
      vertex 70.5 89.0555 0
      vertex 68 84.4367 0
    endloop
  endfacet
  facet normal 0 0 -1
    outer loop
      vertex 65.25 79.9623 0
      vertex 68 84.4367 0
      vertex 69.25 82.2717 0
    endloop
  endfacet
  facet normal 0 0 -1
    outer loop
      vertex 65.25 79.9623 0
      vertex 64 82.1273 0
      vertex 68 84.4367 0
    endloop
  endfacet
  facet normal 0 0 -1
    outer loop
      vertex 65.25 75.3435 0
      vertex 62.75 75.3435 0
      vertex 65.25 79.9623 0
    endloop
  endfacet
  facet normal 0 0 -1
    outer loop
      vertex 62.75 79.9623 0
      vertex 65.25 79.9623 0
      vertex 62.75 75.3435 0
    endloop
  endfacet
  facet normal 0 0 -1
    outer loop
      vertex 60 70.869 0
      vertex 62.75 75.3435 0
      vertex 64 73.1784 0
    endloop
  endfacet
  facet normal 0 0 -1
    outer loop
      vertex 60 70.869 0
      vertex 58.75 73.0341 0
      vertex 62.75 75.3435 0
    endloop
  endfacet
  facet normal 0 0 -1
    outer loop
      vertex 60 66.2502 0
      vertex 57.5 66.2502 0
      vertex 60 70.869 0
    endloop
  endfacet
  facet normal 0 0 -1
    outer loop
      vertex 57.5 70.869 0
      vertex 60 70.869 0
      vertex 57.5 66.2502 0
    endloop
  endfacet
  facet normal 0 0 -1
    outer loop
      vertex 54.75 61.7757 0
      vertex 57.5 66.2502 0
      vertex 58.75 64.0851 0
    endloop
  endfacet
  facet normal 0 0 -1
    outer loop
      vertex 54.75 61.7757 0
      vertex 53.5 63.9408 0
      vertex 57.5 66.2502 0
    endloop
  endfacet
  facet normal 0 0 -1
    outer loop
      vertex 54.75 57.1569 0
      vertex 52.25 57.1569 0
      vertex 54.75 61.7757 0
    endloop
  endfacet
  facet normal 0 0 -1
    outer loop
      vertex 52.25 61.7757 0
      vertex 54.75 61.7757 0
      vertex 52.25 57.1569 0
    endloop
  endfacet
  facet normal 0 0 -1
    outer loop
      vertex 49.5 52.6825 0
      vertex 52.25 57.1569 0
      vertex 53.5 54.9919 0
    endloop
  endfacet
  facet normal 0 0 -1
    outer loop
      vertex 49.5 52.6825 0
      vertex 48.25 54.8475 0
      vertex 52.25 57.1569 0
    endloop
  endfacet
  facet normal 0 0 -1
    outer loop
      vertex 49.5 48.0637 0
      vertex 47 48.0637 0
      vertex 49.5 52.6825 0
    endloop
  endfacet
  facet normal 0 0 -1
    outer loop
      vertex 47 52.6825 0
      vertex 49.5 52.6825 0
      vertex 47 48.0637 0
    endloop
  endfacet
  facet normal 0 0 -1
    outer loop
      vertex 44.25 43.5892 0
      vertex 47 48.0637 0
      vertex 48.25 45.8986 0
    endloop
  endfacet
  facet normal 0 0 -1
    outer loop
      vertex 44.25 43.5892 0
      vertex 43 45.7543 0
      vertex 47 48.0637 0
    endloop
  endfacet
  facet normal 0 0 -1
    outer loop
      vertex 44.25 38.9704 0
      vertex 41.75 38.9704 0
      vertex 44.25 43.5892 0
    endloop
  endfacet
  facet normal 0 0 -1
    outer loop
      vertex 41.75 43.5892 0
      vertex 44.25 43.5892 0
      vertex 41.75 38.9704 0
    endloop
  endfacet
  facet normal 0 0 -1
    outer loop
      vertex 39 34.4959 0
      vertex 41.75 38.9704 0
      vertex 43 36.8053 0
    endloop
  endfacet
  facet normal 0 0 -1
    outer loop
      vertex 39 34.4959 0
      vertex 37.75 36.661 0
      vertex 41.75 38.9704 0
    endloop
  endfacet
  facet normal 0 0 -1
    outer loop
      vertex 39 29.8771 0
      vertex 36.5 29.8771 0
      vertex 39 34.4959 0
    endloop
  endfacet
  facet normal 0 0 -1
    outer loop
      vertex 36.5 34.4959 0
      vertex 39 34.4959 0
      vertex 36.5 29.8771 0
    endloop
  endfacet
  facet normal 0 0 -1
    outer loop
      vertex 33.75 25.4027 0
      vertex 36.5 29.8771 0
      vertex 37.75 27.7121 0
    endloop
  endfacet
  facet normal 0 0 -1
    outer loop
      vertex 36.5 29.8771 0
      vertex 33.75 25.4027 0
      vertex 32.5 27.5677 0
    endloop
  endfacet
  facet normal 0 0 -1
    outer loop
      vertex 112.5 34.4959 0
      vertex 110 34.4959 0
      vertex 111.25 36.661 0
    endloop
  endfacet
  facet normal 0 0 -1
    outer loop
      vertex 110 34.4959 0
      vertex 107.25 38.9704 0
      vertex 111.25 36.661 0
    endloop
  endfacet
  facet normal 0 0 -1
    outer loop
      vertex 104.75 38.9704 0
      vertex 107.25 38.9704 0
      vertex 106 36.8053 0
    endloop
  endfacet
  facet normal 0 0 -1
    outer loop
      vertex 106 36.8053 0
      vertex 107.25 38.9704 0
      vertex 110 34.4959 0
    endloop
  endfacet
  facet normal 0 0 -1
    outer loop
      vertex 112.5 52.6825 0
      vertex 110 52.6825 0
      vertex 111.25 54.8475 0
    endloop
  endfacet
  facet normal 0 0 -1
    outer loop
      vertex 110 52.6825 0
      vertex 107.25 57.1569 0
      vertex 111.25 54.8475 0
    endloop
  endfacet
  facet normal 0 0 -1
    outer loop
      vertex 104.75 57.1569 0
      vertex 107.25 57.1569 0
      vertex 106 54.9919 0
    endloop
  endfacet
  facet normal 0 0 -1
    outer loop
      vertex 106 54.9919 0
      vertex 107.25 57.1569 0
      vertex 110 52.6825 0
    endloop
  endfacet
  facet normal 0 0 -1
    outer loop
      vertex 112.5 70.869 0
      vertex 110 70.869 0
      vertex 111.25 73.0341 0
    endloop
  endfacet
  facet normal 0 0 -1
    outer loop
      vertex 110 70.869 0
      vertex 107.25 75.3435 0
      vertex 111.25 73.0341 0
    endloop
  endfacet
  facet normal 0 0 -1
    outer loop
      vertex 104.75 75.3435 0
      vertex 107.25 75.3435 0
      vertex 106 73.1784 0
    endloop
  endfacet
  facet normal 0 0 -1
    outer loop
      vertex 106 73.1784 0
      vertex 107.25 75.3435 0
      vertex 110 70.869 0
    endloop
  endfacet
  facet normal 0 0 -1
    outer loop
      vertex 112.5 89.0555 0
      vertex 110 89.0555 0
      vertex 111.25 91.2206 0
    endloop
  endfacet
  facet normal 0 0 -1
    outer loop
      vertex 110 89.0555 0
      vertex 107.25 93.53 0
      vertex 111.25 91.2206 0
    endloop
  endfacet
  facet normal 0 0 -1
    outer loop
      vertex 104.75 93.53 0
      vertex 107.25 93.53 0
      vertex 106 91.3649 0
    endloop
  endfacet
  facet normal 0 0 -1
    outer loop
      vertex 106 91.3649 0
      vertex 107.25 93.53 0
      vertex 110 89.0555 0
    endloop
  endfacet
  facet normal 0 0 -1
    outer loop
      vertex 112.5 107.242 0
      vertex 110 107.242 0
      vertex 111.25 109.407 0
    endloop
  endfacet
  facet normal 0 0 -1
    outer loop
      vertex 110 107.242 0
      vertex 107.25 111.717 0
      vertex 111.25 109.407 0
    endloop
  endfacet
  facet normal 0 0 -1
    outer loop
      vertex 104.75 111.717 0
      vertex 107.25 111.717 0
      vertex 106 109.551 0
    endloop
  endfacet
  facet normal 0 0 -1
    outer loop
      vertex 106 109.551 0
      vertex 107.25 111.717 0
      vertex 110 107.242 0
    endloop
  endfacet
  facet normal 0 0 -1
    outer loop
      vertex 112.5 125.429 0
      vertex 110 125.429 0
      vertex 111.25 127.594 0
    endloop
  endfacet
  facet normal 0 0 -1
    outer loop
      vertex 110 125.429 0
      vertex 107.25 129.903 0
      vertex 111.25 127.594 0
    endloop
  endfacet
  facet normal 0 0 -1
    outer loop
      vertex 104.75 129.903 0
      vertex 107.25 129.903 0
      vertex 106 127.738 0
    endloop
  endfacet
  facet normal 0 0 -1
    outer loop
      vertex 106 127.738 0
      vertex 107.25 129.903 0
      vertex 110 125.429 0
    endloop
  endfacet
  facet normal 0 0 -1
    outer loop
      vertex 112.5 143.615 0
      vertex 110 143.615 0
      vertex 111.25 145.78 0
    endloop
  endfacet
  facet normal 0 0 -1
    outer loop
      vertex 110 143.615 0
      vertex 107.25 148.09 0
      vertex 111.25 145.78 0
    endloop
  endfacet
  facet normal 0 0 -1
    outer loop
      vertex 104.75 148.09 0
      vertex 107.25 148.09 0
      vertex 106 145.925 0
    endloop
  endfacet
  facet normal 0 0 -1
    outer loop
      vertex 106 145.925 0
      vertex 107.25 148.09 0
      vertex 110 143.615 0
    endloop
  endfacet
  facet normal 0 0 -1
    outer loop
      vertex 117.75 25.4027 0
      vertex 115.25 25.4027 0
      vertex 116.5 27.5677 0
    endloop
  endfacet
  facet normal 0 0 -1
    outer loop
      vertex 115.25 25.4027 0
      vertex 112.5 29.8771 0
      vertex 116.5 27.5677 0
    endloop
  endfacet
  facet normal 0 0 -1
    outer loop
      vertex 110 29.8771 0
      vertex 112.5 29.8771 0
      vertex 111.25 27.7121 0
    endloop
  endfacet
  facet normal 0 0 -1
    outer loop
      vertex 111.25 27.7121 0
      vertex 112.5 29.8771 0
      vertex 115.25 25.4027 0
    endloop
  endfacet
  facet normal 0 0 -1
    outer loop
      vertex 117.75 43.5892 0
      vertex 115.25 43.5892 0
      vertex 116.5 45.7543 0
    endloop
  endfacet
  facet normal 0 0 -1
    outer loop
      vertex 115.25 43.5892 0
      vertex 112.5 48.0637 0
      vertex 116.5 45.7543 0
    endloop
  endfacet
  facet normal 0 0 -1
    outer loop
      vertex 110 48.0637 0
      vertex 112.5 48.0637 0
      vertex 111.25 45.8986 0
    endloop
  endfacet
  facet normal 0 0 -1
    outer loop
      vertex 111.25 45.8986 0
      vertex 112.5 48.0637 0
      vertex 115.25 43.5892 0
    endloop
  endfacet
  facet normal 0 0 -1
    outer loop
      vertex 117.75 61.7757 0
      vertex 115.25 61.7757 0
      vertex 116.5 63.9408 0
    endloop
  endfacet
  facet normal 0 0 -1
    outer loop
      vertex 115.25 61.7757 0
      vertex 112.5 66.2502 0
      vertex 116.5 63.9408 0
    endloop
  endfacet
  facet normal 0 0 -1
    outer loop
      vertex 110 66.2502 0
      vertex 112.5 66.2502 0
      vertex 111.25 64.0851 0
    endloop
  endfacet
  facet normal 0 0 -1
    outer loop
      vertex 111.25 64.0851 0
      vertex 112.5 66.2502 0
      vertex 115.25 61.7757 0
    endloop
  endfacet
  facet normal 0 0 -1
    outer loop
      vertex 117.75 79.9623 0
      vertex 115.25 79.9623 0
      vertex 116.5 82.1273 0
    endloop
  endfacet
  facet normal 0 0 -1
    outer loop
      vertex 115.25 79.9623 0
      vertex 112.5 84.4367 0
      vertex 116.5 82.1273 0
    endloop
  endfacet
  facet normal 0 0 -1
    outer loop
      vertex 110 84.4367 0
      vertex 112.5 84.4367 0
      vertex 111.25 82.2717 0
    endloop
  endfacet
  facet normal 0 0 -1
    outer loop
      vertex 111.25 82.2717 0
      vertex 112.5 84.4367 0
      vertex 115.25 79.9623 0
    endloop
  endfacet
  facet normal 0 0 -1
    outer loop
      vertex 117.75 98.1488 0
      vertex 115.25 98.1488 0
      vertex 116.5 100.314 0
    endloop
  endfacet
  facet normal 0 0 -1
    outer loop
      vertex 115.25 98.1488 0
      vertex 112.5 102.623 0
      vertex 116.5 100.314 0
    endloop
  endfacet
  facet normal 0 0 -1
    outer loop
      vertex 110 102.623 0
      vertex 112.5 102.623 0
      vertex 111.25 100.458 0
    endloop
  endfacet
  facet normal 0 0 -1
    outer loop
      vertex 111.25 100.458 0
      vertex 112.5 102.623 0
      vertex 115.25 98.1488 0
    endloop
  endfacet
  facet normal 0 0 -1
    outer loop
      vertex 117.75 116.335 0
      vertex 115.25 116.335 0
      vertex 116.5 118.5 0
    endloop
  endfacet
  facet normal 0 0 -1
    outer loop
      vertex 115.25 116.335 0
      vertex 112.5 120.81 0
      vertex 116.5 118.5 0
    endloop
  endfacet
  facet normal 0 0 -1
    outer loop
      vertex 110 120.81 0
      vertex 112.5 120.81 0
      vertex 111.25 118.645 0
    endloop
  endfacet
  facet normal 0 0 -1
    outer loop
      vertex 111.25 118.645 0
      vertex 112.5 120.81 0
      vertex 115.25 116.335 0
    endloop
  endfacet
  facet normal 0 0 -1
    outer loop
      vertex 117.75 134.522 0
      vertex 115.25 134.522 0
      vertex 116.5 136.687 0
    endloop
  endfacet
  facet normal 0 0 -1
    outer loop
      vertex 115.25 134.522 0
      vertex 112.5 138.996 0
      vertex 116.5 136.687 0
    endloop
  endfacet
  facet normal 0 0 -1
    outer loop
      vertex 110 138.996 0
      vertex 112.5 138.996 0
      vertex 111.25 136.831 0
    endloop
  endfacet
  facet normal 0 0 -1
    outer loop
      vertex 111.25 136.831 0
      vertex 112.5 138.996 0
      vertex 115.25 134.522 0
    endloop
  endfacet
  facet normal 0 0 -1
    outer loop
      vertex 117.75 152.708 0
      vertex 115.25 152.708 0
      vertex 116.5 154.873 0
    endloop
  endfacet
  facet normal 0 0 -1
    outer loop
      vertex 115.25 152.708 0
      vertex 112.5 157.183 0
      vertex 116.5 154.873 0
    endloop
  endfacet
  facet normal 0 0 -1
    outer loop
      vertex 110 157.183 0
      vertex 112.5 157.183 0
      vertex 111.25 155.018 0
    endloop
  endfacet
  facet normal 0 0 -1
    outer loop
      vertex 111.25 155.018 0
      vertex 112.5 157.183 0
      vertex 115.25 152.708 0
    endloop
  endfacet
  facet normal 0 0 -1
    outer loop
      vertex 117.75 152.708 0
      vertex 120.5 157.183 0
      vertex 121.75 155.018 0
    endloop
  endfacet
  facet normal 0 0 -1
    outer loop
      vertex 117.75 152.708 0
      vertex 116.5 154.873 0
      vertex 120.5 157.183 0
    endloop
  endfacet
  facet normal 0 0 -1
    outer loop
      vertex 117.75 148.09 0
      vertex 115.25 148.09 0
      vertex 117.75 152.708 0
    endloop
  endfacet
  facet normal 0 0 -1
    outer loop
      vertex 115.25 152.708 0
      vertex 117.75 152.708 0
      vertex 115.25 148.09 0
    endloop
  endfacet
  facet normal 0 0 -1
    outer loop
      vertex 112.5 143.615 0
      vertex 115.25 148.09 0
      vertex 116.5 145.925 0
    endloop
  endfacet
  facet normal 0 0 -1
    outer loop
      vertex 112.5 143.615 0
      vertex 111.25 145.78 0
      vertex 115.25 148.09 0
    endloop
  endfacet
  facet normal 0 0 -1
    outer loop
      vertex 112.5 138.996 0
      vertex 110 138.996 0
      vertex 112.5 143.615 0
    endloop
  endfacet
  facet normal 0 0 -1
    outer loop
      vertex 110 143.615 0
      vertex 112.5 143.615 0
      vertex 110 138.996 0
    endloop
  endfacet
  facet normal 0 0 -1
    outer loop
      vertex 107.25 134.522 0
      vertex 110 138.996 0
      vertex 111.25 136.831 0
    endloop
  endfacet
  facet normal 0 0 -1
    outer loop
      vertex 107.25 134.522 0
      vertex 106 136.687 0
      vertex 110 138.996 0
    endloop
  endfacet
  facet normal 0 0 -1
    outer loop
      vertex 107.25 129.903 0
      vertex 104.75 129.903 0
      vertex 107.25 134.522 0
    endloop
  endfacet
  facet normal 0 0 -1
    outer loop
      vertex 104.75 134.522 0
      vertex 107.25 134.522 0
      vertex 104.75 129.903 0
    endloop
  endfacet
  facet normal 0 0 -1
    outer loop
      vertex 102 125.429 0
      vertex 104.75 129.903 0
      vertex 106 127.738 0
    endloop
  endfacet
  facet normal 0 0 -1
    outer loop
      vertex 102 125.429 0
      vertex 100.75 127.594 0
      vertex 104.75 129.903 0
    endloop
  endfacet
  facet normal 0 0 -1
    outer loop
      vertex 102 120.81 0
      vertex 99.5 120.81 0
      vertex 102 125.429 0
    endloop
  endfacet
  facet normal 0 0 -1
    outer loop
      vertex 99.5 125.429 0
      vertex 102 125.429 0
      vertex 99.5 120.81 0
    endloop
  endfacet
  facet normal 0 0 -1
    outer loop
      vertex 96.75 116.335 0
      vertex 99.5 120.81 0
      vertex 100.75 118.645 0
    endloop
  endfacet
  facet normal 0 0 -1
    outer loop
      vertex 96.75 116.335 0
      vertex 95.5 118.5 0
      vertex 99.5 120.81 0
    endloop
  endfacet
  facet normal 0 0 -1
    outer loop
      vertex 96.75 111.717 0
      vertex 94.25 111.717 0
      vertex 96.75 116.335 0
    endloop
  endfacet
  facet normal 0 0 -1
    outer loop
      vertex 94.25 116.335 0
      vertex 96.75 116.335 0
      vertex 94.25 111.717 0
    endloop
  endfacet
  facet normal 0 0 -1
    outer loop
      vertex 91.5 107.242 0
      vertex 94.25 111.717 0
      vertex 95.5 109.551 0
    endloop
  endfacet
  facet normal 0 0 -1
    outer loop
      vertex 91.5 107.242 0
      vertex 90.25 109.407 0
      vertex 94.25 111.717 0
    endloop
  endfacet
  facet normal 0 0 -1
    outer loop
      vertex 91.5 102.623 0
      vertex 89 102.623 0
      vertex 91.5 107.242 0
    endloop
  endfacet
  facet normal 0 0 -1
    outer loop
      vertex 89 107.242 0
      vertex 91.5 107.242 0
      vertex 89 102.623 0
    endloop
  endfacet
  facet normal 0 0 -1
    outer loop
      vertex 86.25 98.1488 0
      vertex 89 102.623 0
      vertex 90.25 100.458 0
    endloop
  endfacet
  facet normal 0 0 -1
    outer loop
      vertex 86.25 98.1488 0
      vertex 85 100.314 0
      vertex 89 102.623 0
    endloop
  endfacet
  facet normal 0 0 -1
    outer loop
      vertex 86.25 93.53 0
      vertex 83.75 93.53 0
      vertex 86.25 98.1488 0
    endloop
  endfacet
  facet normal 0 0 -1
    outer loop
      vertex 83.75 98.1488 0
      vertex 86.25 98.1488 0
      vertex 83.75 93.53 0
    endloop
  endfacet
  facet normal 0 0 -1
    outer loop
      vertex 81 89.0555 0
      vertex 83.75 93.53 0
      vertex 85 91.3649 0
    endloop
  endfacet
  facet normal 0 0 -1
    outer loop
      vertex 81 89.0555 0
      vertex 79.75 91.2206 0
      vertex 83.75 93.53 0
    endloop
  endfacet
  facet normal 0 0 -1
    outer loop
      vertex 81 84.4367 0
      vertex 78.5 84.4367 0
      vertex 81 89.0555 0
    endloop
  endfacet
  facet normal 0 0 -1
    outer loop
      vertex 78.5 89.0555 0
      vertex 81 89.0555 0
      vertex 78.5 84.4367 0
    endloop
  endfacet
  facet normal 0 0 -1
    outer loop
      vertex 75.75 79.9623 0
      vertex 78.5 84.4367 0
      vertex 79.75 82.2717 0
    endloop
  endfacet
  facet normal 0 0 -1
    outer loop
      vertex 75.75 79.9623 0
      vertex 74.5 82.1273 0
      vertex 78.5 84.4367 0
    endloop
  endfacet
  facet normal 0 0 -1
    outer loop
      vertex 75.75 75.3435 0
      vertex 73.25 75.3435 0
      vertex 75.75 79.9623 0
    endloop
  endfacet
  facet normal 0 0 -1
    outer loop
      vertex 73.25 79.9623 0
      vertex 75.75 79.9623 0
      vertex 73.25 75.3435 0
    endloop
  endfacet
  facet normal 0 0 -1
    outer loop
      vertex 70.5 70.869 0
      vertex 73.25 75.3435 0
      vertex 74.5 73.1784 0
    endloop
  endfacet
  facet normal 0 0 -1
    outer loop
      vertex 70.5 70.869 0
      vertex 69.25 73.0341 0
      vertex 73.25 75.3435 0
    endloop
  endfacet
  facet normal 0 0 -1
    outer loop
      vertex 70.5 66.2502 0
      vertex 68 66.2502 0
      vertex 70.5 70.869 0
    endloop
  endfacet
  facet normal 0 0 -1
    outer loop
      vertex 68 70.869 0
      vertex 70.5 70.869 0
      vertex 68 66.2502 0
    endloop
  endfacet
  facet normal 0 0 -1
    outer loop
      vertex 65.25 61.7757 0
      vertex 68 66.2502 0
      vertex 69.25 64.0851 0
    endloop
  endfacet
  facet normal 0 0 -1
    outer loop
      vertex 65.25 61.7757 0
      vertex 64 63.9408 0
      vertex 68 66.2502 0
    endloop
  endfacet
  facet normal 0 0 -1
    outer loop
      vertex 65.25 57.1569 0
      vertex 62.75 57.1569 0
      vertex 65.25 61.7757 0
    endloop
  endfacet
  facet normal 0 0 -1
    outer loop
      vertex 62.75 61.7757 0
      vertex 65.25 61.7757 0
      vertex 62.75 57.1569 0
    endloop
  endfacet
  facet normal 0 0 -1
    outer loop
      vertex 60 52.6825 0
      vertex 62.75 57.1569 0
      vertex 64 54.9919 0
    endloop
  endfacet
  facet normal 0 0 -1
    outer loop
      vertex 60 52.6825 0
      vertex 58.75 54.8475 0
      vertex 62.75 57.1569 0
    endloop
  endfacet
  facet normal 0 0 -1
    outer loop
      vertex 60 48.0637 0
      vertex 57.5 48.0637 0
      vertex 60 52.6825 0
    endloop
  endfacet
  facet normal 0 0 -1
    outer loop
      vertex 57.5 52.6825 0
      vertex 60 52.6825 0
      vertex 57.5 48.0637 0
    endloop
  endfacet
  facet normal 0 0 -1
    outer loop
      vertex 54.75 43.5892 0
      vertex 57.5 48.0637 0
      vertex 58.75 45.8986 0
    endloop
  endfacet
  facet normal 0 0 -1
    outer loop
      vertex 54.75 43.5892 0
      vertex 53.5 45.7543 0
      vertex 57.5 48.0637 0
    endloop
  endfacet
  facet normal 0 0 -1
    outer loop
      vertex 54.75 38.9704 0
      vertex 52.25 38.9704 0
      vertex 54.75 43.5892 0
    endloop
  endfacet
  facet normal 0 0 -1
    outer loop
      vertex 52.25 43.5892 0
      vertex 54.75 43.5892 0
      vertex 52.25 38.9704 0
    endloop
  endfacet
  facet normal 0 0 -1
    outer loop
      vertex 49.5 34.4959 0
      vertex 52.25 38.9704 0
      vertex 53.5 36.8053 0
    endloop
  endfacet
  facet normal 0 0 -1
    outer loop
      vertex 49.5 34.4959 0
      vertex 48.25 36.661 0
      vertex 52.25 38.9704 0
    endloop
  endfacet
  facet normal 0 0 -1
    outer loop
      vertex 49.5 29.8771 0
      vertex 47 29.8771 0
      vertex 49.5 34.4959 0
    endloop
  endfacet
  facet normal 0 0 -1
    outer loop
      vertex 47 34.4959 0
      vertex 49.5 34.4959 0
      vertex 47 29.8771 0
    endloop
  endfacet
  facet normal 0 0 -1
    outer loop
      vertex 44.25 25.4027 0
      vertex 47 29.8771 0
      vertex 48.25 27.7121 0
    endloop
  endfacet
  facet normal 0 0 -1
    outer loop
      vertex 47 29.8771 0
      vertex 44.25 25.4027 0
      vertex 43 27.5677 0
    endloop
  endfacet
  facet normal 0 0 -1
    outer loop
      vertex 123 34.4959 0
      vertex 120.5 34.4959 0
      vertex 121.75 36.661 0
    endloop
  endfacet
  facet normal 0 0 -1
    outer loop
      vertex 120.5 34.4959 0
      vertex 117.75 38.9704 0
      vertex 121.75 36.661 0
    endloop
  endfacet
  facet normal 0 0 -1
    outer loop
      vertex 115.25 38.9704 0
      vertex 117.75 38.9704 0
      vertex 116.5 36.8053 0
    endloop
  endfacet
  facet normal 0 0 -1
    outer loop
      vertex 116.5 36.8053 0
      vertex 117.75 38.9704 0
      vertex 120.5 34.4959 0
    endloop
  endfacet
  facet normal 0 0 -1
    outer loop
      vertex 123 52.6825 0
      vertex 120.5 52.6825 0
      vertex 121.75 54.8475 0
    endloop
  endfacet
  facet normal 0 0 -1
    outer loop
      vertex 120.5 52.6825 0
      vertex 117.75 57.1569 0
      vertex 121.75 54.8475 0
    endloop
  endfacet
  facet normal 0 0 -1
    outer loop
      vertex 115.25 57.1569 0
      vertex 117.75 57.1569 0
      vertex 116.5 54.9919 0
    endloop
  endfacet
  facet normal 0 0 -1
    outer loop
      vertex 116.5 54.9919 0
      vertex 117.75 57.1569 0
      vertex 120.5 52.6825 0
    endloop
  endfacet
  facet normal 0 0 -1
    outer loop
      vertex 123 70.869 0
      vertex 120.5 70.869 0
      vertex 121.75 73.0341 0
    endloop
  endfacet
  facet normal 0 0 -1
    outer loop
      vertex 120.5 70.869 0
      vertex 117.75 75.3435 0
      vertex 121.75 73.0341 0
    endloop
  endfacet
  facet normal 0 0 -1
    outer loop
      vertex 115.25 75.3435 0
      vertex 117.75 75.3435 0
      vertex 116.5 73.1784 0
    endloop
  endfacet
  facet normal 0 0 -1
    outer loop
      vertex 116.5 73.1784 0
      vertex 117.75 75.3435 0
      vertex 120.5 70.869 0
    endloop
  endfacet
  facet normal 0 0 -1
    outer loop
      vertex 123 89.0555 0
      vertex 120.5 89.0555 0
      vertex 121.75 91.2206 0
    endloop
  endfacet
  facet normal 0 0 -1
    outer loop
      vertex 120.5 89.0555 0
      vertex 117.75 93.53 0
      vertex 121.75 91.2206 0
    endloop
  endfacet
  facet normal 0 0 -1
    outer loop
      vertex 115.25 93.53 0
      vertex 117.75 93.53 0
      vertex 116.5 91.3649 0
    endloop
  endfacet
  facet normal 0 0 -1
    outer loop
      vertex 116.5 91.3649 0
      vertex 117.75 93.53 0
      vertex 120.5 89.0555 0
    endloop
  endfacet
  facet normal 0 0 -1
    outer loop
      vertex 123 107.242 0
      vertex 120.5 107.242 0
      vertex 121.75 109.407 0
    endloop
  endfacet
  facet normal 0 0 -1
    outer loop
      vertex 120.5 107.242 0
      vertex 117.75 111.717 0
      vertex 121.75 109.407 0
    endloop
  endfacet
  facet normal 0 0 -1
    outer loop
      vertex 115.25 111.717 0
      vertex 117.75 111.717 0
      vertex 116.5 109.551 0
    endloop
  endfacet
  facet normal 0 0 -1
    outer loop
      vertex 116.5 109.551 0
      vertex 117.75 111.717 0
      vertex 120.5 107.242 0
    endloop
  endfacet
  facet normal 0 0 -1
    outer loop
      vertex 123 125.429 0
      vertex 120.5 125.429 0
      vertex 121.75 127.594 0
    endloop
  endfacet
  facet normal 0 0 -1
    outer loop
      vertex 120.5 125.429 0
      vertex 117.75 129.903 0
      vertex 121.75 127.594 0
    endloop
  endfacet
  facet normal 0 0 -1
    outer loop
      vertex 115.25 129.903 0
      vertex 117.75 129.903 0
      vertex 116.5 127.738 0
    endloop
  endfacet
  facet normal 0 0 -1
    outer loop
      vertex 116.5 127.738 0
      vertex 117.75 129.903 0
      vertex 120.5 125.429 0
    endloop
  endfacet
  facet normal 0 0 -1
    outer loop
      vertex 123 143.615 0
      vertex 120.5 143.615 0
      vertex 121.75 145.78 0
    endloop
  endfacet
  facet normal 0 0 -1
    outer loop
      vertex 120.5 143.615 0
      vertex 117.75 148.09 0
      vertex 121.75 145.78 0
    endloop
  endfacet
  facet normal 0 0 -1
    outer loop
      vertex 115.25 148.09 0
      vertex 117.75 148.09 0
      vertex 116.5 145.925 0
    endloop
  endfacet
  facet normal 0 0 -1
    outer loop
      vertex 116.5 145.925 0
      vertex 117.75 148.09 0
      vertex 120.5 143.615 0
    endloop
  endfacet
  facet normal 0 0 -1
    outer loop
      vertex 128.25 25.4027 0
      vertex 125.75 25.4027 0
      vertex 127 27.5677 0
    endloop
  endfacet
  facet normal 0 0 -1
    outer loop
      vertex 125.75 25.4027 0
      vertex 123 29.8771 0
      vertex 127 27.5677 0
    endloop
  endfacet
  facet normal 0 0 -1
    outer loop
      vertex 120.5 29.8771 0
      vertex 123 29.8771 0
      vertex 121.75 27.7121 0
    endloop
  endfacet
  facet normal 0 0 -1
    outer loop
      vertex 121.75 27.7121 0
      vertex 123 29.8771 0
      vertex 125.75 25.4027 0
    endloop
  endfacet
  facet normal 0 0 -1
    outer loop
      vertex 128.25 43.5892 0
      vertex 125.75 43.5892 0
      vertex 127 45.7543 0
    endloop
  endfacet
  facet normal 0 0 -1
    outer loop
      vertex 125.75 43.5892 0
      vertex 123 48.0637 0
      vertex 127 45.7543 0
    endloop
  endfacet
  facet normal 0 0 -1
    outer loop
      vertex 120.5 48.0637 0
      vertex 123 48.0637 0
      vertex 121.75 45.8986 0
    endloop
  endfacet
  facet normal 0 0 -1
    outer loop
      vertex 121.75 45.8986 0
      vertex 123 48.0637 0
      vertex 125.75 43.5892 0
    endloop
  endfacet
  facet normal 0 0 -1
    outer loop
      vertex 128.25 61.7757 0
      vertex 125.75 61.7757 0
      vertex 127 63.9408 0
    endloop
  endfacet
  facet normal 0 0 -1
    outer loop
      vertex 125.75 61.7757 0
      vertex 123 66.2502 0
      vertex 127 63.9408 0
    endloop
  endfacet
  facet normal 0 0 -1
    outer loop
      vertex 120.5 66.2502 0
      vertex 123 66.2502 0
      vertex 121.75 64.0851 0
    endloop
  endfacet
  facet normal 0 0 -1
    outer loop
      vertex 121.75 64.0851 0
      vertex 123 66.2502 0
      vertex 125.75 61.7757 0
    endloop
  endfacet
  facet normal 0 0 -1
    outer loop
      vertex 128.25 79.9623 0
      vertex 125.75 79.9623 0
      vertex 127 82.1273 0
    endloop
  endfacet
  facet normal 0 0 -1
    outer loop
      vertex 125.75 79.9623 0
      vertex 123 84.4367 0
      vertex 127 82.1273 0
    endloop
  endfacet
  facet normal 0 0 -1
    outer loop
      vertex 120.5 84.4367 0
      vertex 123 84.4367 0
      vertex 121.75 82.2717 0
    endloop
  endfacet
  facet normal 0 0 -1
    outer loop
      vertex 121.75 82.2717 0
      vertex 123 84.4367 0
      vertex 125.75 79.9623 0
    endloop
  endfacet
  facet normal 0 0 -1
    outer loop
      vertex 128.25 98.1488 0
      vertex 125.75 98.1488 0
      vertex 127 100.314 0
    endloop
  endfacet
  facet normal 0 0 -1
    outer loop
      vertex 125.75 98.1488 0
      vertex 123 102.623 0
      vertex 127 100.314 0
    endloop
  endfacet
  facet normal 0 0 -1
    outer loop
      vertex 120.5 102.623 0
      vertex 123 102.623 0
      vertex 121.75 100.458 0
    endloop
  endfacet
  facet normal 0 0 -1
    outer loop
      vertex 121.75 100.458 0
      vertex 123 102.623 0
      vertex 125.75 98.1488 0
    endloop
  endfacet
  facet normal 0 0 -1
    outer loop
      vertex 128.25 116.335 0
      vertex 125.75 116.335 0
      vertex 127 118.5 0
    endloop
  endfacet
  facet normal 0 0 -1
    outer loop
      vertex 125.75 116.335 0
      vertex 123 120.81 0
      vertex 127 118.5 0
    endloop
  endfacet
  facet normal 0 0 -1
    outer loop
      vertex 120.5 120.81 0
      vertex 123 120.81 0
      vertex 121.75 118.645 0
    endloop
  endfacet
  facet normal 0 0 -1
    outer loop
      vertex 121.75 118.645 0
      vertex 123 120.81 0
      vertex 125.75 116.335 0
    endloop
  endfacet
  facet normal 0 0 -1
    outer loop
      vertex 128.25 134.522 0
      vertex 125.75 134.522 0
      vertex 127 136.687 0
    endloop
  endfacet
  facet normal 0 0 -1
    outer loop
      vertex 125.75 134.522 0
      vertex 123 138.996 0
      vertex 127 136.687 0
    endloop
  endfacet
  facet normal 0 0 -1
    outer loop
      vertex 120.5 138.996 0
      vertex 123 138.996 0
      vertex 121.75 136.831 0
    endloop
  endfacet
  facet normal 0 0 -1
    outer loop
      vertex 121.75 136.831 0
      vertex 123 138.996 0
      vertex 125.75 134.522 0
    endloop
  endfacet
  facet normal 0 0 -1
    outer loop
      vertex 128.25 152.708 0
      vertex 125.75 152.708 0
      vertex 127 154.873 0
    endloop
  endfacet
  facet normal 0 0 -1
    outer loop
      vertex 125.75 152.708 0
      vertex 123 157.183 0
      vertex 127 154.873 0
    endloop
  endfacet
  facet normal 0 0 -1
    outer loop
      vertex 120.5 157.183 0
      vertex 123 157.183 0
      vertex 121.75 155.018 0
    endloop
  endfacet
  facet normal 0 0 -1
    outer loop
      vertex 121.75 155.018 0
      vertex 123 157.183 0
      vertex 125.75 152.708 0
    endloop
  endfacet
  facet normal 0 0 -1
    outer loop
      vertex 128.25 152.708 0
      vertex 131 157.183 0
      vertex 132.25 155.018 0
    endloop
  endfacet
  facet normal 0 0 -1
    outer loop
      vertex 128.25 152.708 0
      vertex 127 154.873 0
      vertex 131 157.183 0
    endloop
  endfacet
  facet normal 0 0 -1
    outer loop
      vertex 128.25 148.09 0
      vertex 125.75 148.09 0
      vertex 128.25 152.708 0
    endloop
  endfacet
  facet normal 0 0 -1
    outer loop
      vertex 125.75 152.708 0
      vertex 128.25 152.708 0
      vertex 125.75 148.09 0
    endloop
  endfacet
  facet normal 0 0 -1
    outer loop
      vertex 123 143.615 0
      vertex 125.75 148.09 0
      vertex 127 145.925 0
    endloop
  endfacet
  facet normal 0 0 -1
    outer loop
      vertex 123 143.615 0
      vertex 121.75 145.78 0
      vertex 125.75 148.09 0
    endloop
  endfacet
  facet normal 0 0 -1
    outer loop
      vertex 123 138.996 0
      vertex 120.5 138.996 0
      vertex 123 143.615 0
    endloop
  endfacet
  facet normal 0 0 -1
    outer loop
      vertex 120.5 143.615 0
      vertex 123 143.615 0
      vertex 120.5 138.996 0
    endloop
  endfacet
  facet normal 0 0 -1
    outer loop
      vertex 117.75 134.522 0
      vertex 120.5 138.996 0
      vertex 121.75 136.831 0
    endloop
  endfacet
  facet normal 0 0 -1
    outer loop
      vertex 117.75 134.522 0
      vertex 116.5 136.687 0
      vertex 120.5 138.996 0
    endloop
  endfacet
  facet normal 0 0 -1
    outer loop
      vertex 117.75 129.903 0
      vertex 115.25 129.903 0
      vertex 117.75 134.522 0
    endloop
  endfacet
  facet normal 0 0 -1
    outer loop
      vertex 115.25 134.522 0
      vertex 117.75 134.522 0
      vertex 115.25 129.903 0
    endloop
  endfacet
  facet normal 0 0 -1
    outer loop
      vertex 112.5 125.429 0
      vertex 115.25 129.903 0
      vertex 116.5 127.738 0
    endloop
  endfacet
  facet normal 0 0 -1
    outer loop
      vertex 112.5 125.429 0
      vertex 111.25 127.594 0
      vertex 115.25 129.903 0
    endloop
  endfacet
  facet normal 0 0 -1
    outer loop
      vertex 112.5 120.81 0
      vertex 110 120.81 0
      vertex 112.5 125.429 0
    endloop
  endfacet
  facet normal 0 0 -1
    outer loop
      vertex 110 125.429 0
      vertex 112.5 125.429 0
      vertex 110 120.81 0
    endloop
  endfacet
  facet normal 0 0 -1
    outer loop
      vertex 107.25 116.335 0
      vertex 110 120.81 0
      vertex 111.25 118.645 0
    endloop
  endfacet
  facet normal 0 0 -1
    outer loop
      vertex 107.25 116.335 0
      vertex 106 118.5 0
      vertex 110 120.81 0
    endloop
  endfacet
  facet normal 0 0 -1
    outer loop
      vertex 107.25 111.717 0
      vertex 104.75 111.717 0
      vertex 107.25 116.335 0
    endloop
  endfacet
  facet normal 0 0 -1
    outer loop
      vertex 104.75 116.335 0
      vertex 107.25 116.335 0
      vertex 104.75 111.717 0
    endloop
  endfacet
  facet normal 0 0 -1
    outer loop
      vertex 102 107.242 0
      vertex 104.75 111.717 0
      vertex 106 109.551 0
    endloop
  endfacet
  facet normal 0 0 -1
    outer loop
      vertex 102 107.242 0
      vertex 100.75 109.407 0
      vertex 104.75 111.717 0
    endloop
  endfacet
  facet normal 0 0 -1
    outer loop
      vertex 102 102.623 0
      vertex 99.5 102.623 0
      vertex 102 107.242 0
    endloop
  endfacet
  facet normal 0 0 -1
    outer loop
      vertex 99.5 107.242 0
      vertex 102 107.242 0
      vertex 99.5 102.623 0
    endloop
  endfacet
  facet normal 0 0 -1
    outer loop
      vertex 96.75 98.1488 0
      vertex 99.5 102.623 0
      vertex 100.75 100.458 0
    endloop
  endfacet
  facet normal 0 0 -1
    outer loop
      vertex 96.75 98.1488 0
      vertex 95.5 100.314 0
      vertex 99.5 102.623 0
    endloop
  endfacet
  facet normal 0 0 -1
    outer loop
      vertex 96.75 93.53 0
      vertex 94.25 93.53 0
      vertex 96.75 98.1488 0
    endloop
  endfacet
  facet normal 0 0 -1
    outer loop
      vertex 94.25 98.1488 0
      vertex 96.75 98.1488 0
      vertex 94.25 93.53 0
    endloop
  endfacet
  facet normal 0 0 -1
    outer loop
      vertex 91.5 89.0555 0
      vertex 94.25 93.53 0
      vertex 95.5 91.3649 0
    endloop
  endfacet
  facet normal 0 0 -1
    outer loop
      vertex 91.5 89.0555 0
      vertex 90.25 91.2206 0
      vertex 94.25 93.53 0
    endloop
  endfacet
  facet normal 0 0 -1
    outer loop
      vertex 91.5 84.4367 0
      vertex 89 84.4367 0
      vertex 91.5 89.0555 0
    endloop
  endfacet
  facet normal 0 0 -1
    outer loop
      vertex 89 89.0555 0
      vertex 91.5 89.0555 0
      vertex 89 84.4367 0
    endloop
  endfacet
  facet normal 0 0 -1
    outer loop
      vertex 86.25 79.9623 0
      vertex 89 84.4367 0
      vertex 90.25 82.2717 0
    endloop
  endfacet
  facet normal 0 0 -1
    outer loop
      vertex 86.25 79.9623 0
      vertex 85 82.1273 0
      vertex 89 84.4367 0
    endloop
  endfacet
  facet normal 0 0 -1
    outer loop
      vertex 86.25 75.3435 0
      vertex 83.75 75.3435 0
      vertex 86.25 79.9623 0
    endloop
  endfacet
  facet normal 0 0 -1
    outer loop
      vertex 83.75 79.9623 0
      vertex 86.25 79.9623 0
      vertex 83.75 75.3435 0
    endloop
  endfacet
  facet normal 0 0 -1
    outer loop
      vertex 81 70.869 0
      vertex 83.75 75.3435 0
      vertex 85 73.1784 0
    endloop
  endfacet
  facet normal 0 0 -1
    outer loop
      vertex 81 70.869 0
      vertex 79.75 73.0341 0
      vertex 83.75 75.3435 0
    endloop
  endfacet
  facet normal 0 0 -1
    outer loop
      vertex 81 66.2502 0
      vertex 78.5 66.2502 0
      vertex 81 70.869 0
    endloop
  endfacet
  facet normal 0 0 -1
    outer loop
      vertex 78.5 70.869 0
      vertex 81 70.869 0
      vertex 78.5 66.2502 0
    endloop
  endfacet
  facet normal 0 0 -1
    outer loop
      vertex 75.75 61.7757 0
      vertex 78.5 66.2502 0
      vertex 79.75 64.0851 0
    endloop
  endfacet
  facet normal 0 0 -1
    outer loop
      vertex 75.75 61.7757 0
      vertex 74.5 63.9408 0
      vertex 78.5 66.2502 0
    endloop
  endfacet
  facet normal 0 0 -1
    outer loop
      vertex 75.75 57.1569 0
      vertex 73.25 57.1569 0
      vertex 75.75 61.7757 0
    endloop
  endfacet
  facet normal 0 0 -1
    outer loop
      vertex 73.25 61.7757 0
      vertex 75.75 61.7757 0
      vertex 73.25 57.1569 0
    endloop
  endfacet
  facet normal 0 0 -1
    outer loop
      vertex 70.5 52.6825 0
      vertex 73.25 57.1569 0
      vertex 74.5 54.9919 0
    endloop
  endfacet
  facet normal 0 0 -1
    outer loop
      vertex 70.5 52.6825 0
      vertex 69.25 54.8475 0
      vertex 73.25 57.1569 0
    endloop
  endfacet
  facet normal 0 0 -1
    outer loop
      vertex 70.5 48.0637 0
      vertex 68 48.0637 0
      vertex 70.5 52.6825 0
    endloop
  endfacet
  facet normal 0 0 -1
    outer loop
      vertex 68 52.6825 0
      vertex 70.5 52.6825 0
      vertex 68 48.0637 0
    endloop
  endfacet
  facet normal 0 0 -1
    outer loop
      vertex 65.25 43.5892 0
      vertex 68 48.0637 0
      vertex 69.25 45.8986 0
    endloop
  endfacet
  facet normal 0 0 -1
    outer loop
      vertex 65.25 43.5892 0
      vertex 64 45.7543 0
      vertex 68 48.0637 0
    endloop
  endfacet
  facet normal 0 0 -1
    outer loop
      vertex 65.25 38.9704 0
      vertex 62.75 38.9704 0
      vertex 65.25 43.5892 0
    endloop
  endfacet
  facet normal 0 0 -1
    outer loop
      vertex 62.75 43.5892 0
      vertex 65.25 43.5892 0
      vertex 62.75 38.9704 0
    endloop
  endfacet
  facet normal 0 0 -1
    outer loop
      vertex 60 34.4959 0
      vertex 62.75 38.9704 0
      vertex 64 36.8053 0
    endloop
  endfacet
  facet normal 0 0 -1
    outer loop
      vertex 60 34.4959 0
      vertex 58.75 36.661 0
      vertex 62.75 38.9704 0
    endloop
  endfacet
  facet normal 0 0 -1
    outer loop
      vertex 60 29.8771 0
      vertex 57.5 29.8771 0
      vertex 60 34.4959 0
    endloop
  endfacet
  facet normal 0 0 -1
    outer loop
      vertex 57.5 34.4959 0
      vertex 60 34.4959 0
      vertex 57.5 29.8771 0
    endloop
  endfacet
  facet normal 0 0 -1
    outer loop
      vertex 54.75 25.4027 0
      vertex 57.5 29.8771 0
      vertex 58.75 27.7121 0
    endloop
  endfacet
  facet normal 0 0 -1
    outer loop
      vertex 57.5 29.8771 0
      vertex 54.75 25.4027 0
      vertex 53.5 27.5677 0
    endloop
  endfacet
  facet normal 0 0 -1
    outer loop
      vertex 133.5 34.4959 0
      vertex 131 34.4959 0
      vertex 132.25 36.661 0
    endloop
  endfacet
  facet normal 0 0 -1
    outer loop
      vertex 131 34.4959 0
      vertex 128.25 38.9704 0
      vertex 132.25 36.661 0
    endloop
  endfacet
  facet normal 0 0 -1
    outer loop
      vertex 125.75 38.9704 0
      vertex 128.25 38.9704 0
      vertex 127 36.8053 0
    endloop
  endfacet
  facet normal 0 0 -1
    outer loop
      vertex 127 36.8053 0
      vertex 128.25 38.9704 0
      vertex 131 34.4959 0
    endloop
  endfacet
  facet normal 0 0 -1
    outer loop
      vertex 133.5 52.6825 0
      vertex 131 52.6825 0
      vertex 132.25 54.8475 0
    endloop
  endfacet
  facet normal 0 0 -1
    outer loop
      vertex 131 52.6825 0
      vertex 128.25 57.1569 0
      vertex 132.25 54.8475 0
    endloop
  endfacet
  facet normal 0 0 -1
    outer loop
      vertex 125.75 57.1569 0
      vertex 128.25 57.1569 0
      vertex 127 54.9919 0
    endloop
  endfacet
  facet normal 0 0 -1
    outer loop
      vertex 127 54.9919 0
      vertex 128.25 57.1569 0
      vertex 131 52.6825 0
    endloop
  endfacet
  facet normal 0 0 -1
    outer loop
      vertex 133.5 70.869 0
      vertex 131 70.869 0
      vertex 132.25 73.0341 0
    endloop
  endfacet
  facet normal 0 0 -1
    outer loop
      vertex 131 70.869 0
      vertex 128.25 75.3435 0
      vertex 132.25 73.0341 0
    endloop
  endfacet
  facet normal 0 0 -1
    outer loop
      vertex 125.75 75.3435 0
      vertex 128.25 75.3435 0
      vertex 127 73.1784 0
    endloop
  endfacet
  facet normal 0 0 -1
    outer loop
      vertex 127 73.1784 0
      vertex 128.25 75.3435 0
      vertex 131 70.869 0
    endloop
  endfacet
  facet normal 0 0 -1
    outer loop
      vertex 133.5 89.0555 0
      vertex 131 89.0555 0
      vertex 132.25 91.2206 0
    endloop
  endfacet
  facet normal 0 0 -1
    outer loop
      vertex 131 89.0555 0
      vertex 128.25 93.53 0
      vertex 132.25 91.2206 0
    endloop
  endfacet
  facet normal 0 0 -1
    outer loop
      vertex 125.75 93.53 0
      vertex 128.25 93.53 0
      vertex 127 91.3649 0
    endloop
  endfacet
  facet normal 0 0 -1
    outer loop
      vertex 127 91.3649 0
      vertex 128.25 93.53 0
      vertex 131 89.0555 0
    endloop
  endfacet
  facet normal 0 0 -1
    outer loop
      vertex 133.5 107.242 0
      vertex 131 107.242 0
      vertex 132.25 109.407 0
    endloop
  endfacet
  facet normal 0 0 -1
    outer loop
      vertex 131 107.242 0
      vertex 128.25 111.717 0
      vertex 132.25 109.407 0
    endloop
  endfacet
  facet normal 0 0 -1
    outer loop
      vertex 125.75 111.717 0
      vertex 128.25 111.717 0
      vertex 127 109.551 0
    endloop
  endfacet
  facet normal 0 0 -1
    outer loop
      vertex 127 109.551 0
      vertex 128.25 111.717 0
      vertex 131 107.242 0
    endloop
  endfacet
  facet normal 0 0 -1
    outer loop
      vertex 133.5 125.429 0
      vertex 131 125.429 0
      vertex 132.25 127.594 0
    endloop
  endfacet
  facet normal 0 0 -1
    outer loop
      vertex 131 125.429 0
      vertex 128.25 129.903 0
      vertex 132.25 127.594 0
    endloop
  endfacet
  facet normal 0 0 -1
    outer loop
      vertex 125.75 129.903 0
      vertex 128.25 129.903 0
      vertex 127 127.738 0
    endloop
  endfacet
  facet normal 0 0 -1
    outer loop
      vertex 127 127.738 0
      vertex 128.25 129.903 0
      vertex 131 125.429 0
    endloop
  endfacet
  facet normal 0 0 -1
    outer loop
      vertex 133.5 143.615 0
      vertex 131 143.615 0
      vertex 132.25 145.78 0
    endloop
  endfacet
  facet normal 0 0 -1
    outer loop
      vertex 131 143.615 0
      vertex 128.25 148.09 0
      vertex 132.25 145.78 0
    endloop
  endfacet
  facet normal 0 0 -1
    outer loop
      vertex 125.75 148.09 0
      vertex 128.25 148.09 0
      vertex 127 145.925 0
    endloop
  endfacet
  facet normal 0 0 -1
    outer loop
      vertex 127 145.925 0
      vertex 128.25 148.09 0
      vertex 131 143.615 0
    endloop
  endfacet
  facet normal 0 0 -1
    outer loop
      vertex 138.75 25.4027 0
      vertex 136.25 25.4027 0
      vertex 137.5 27.5677 0
    endloop
  endfacet
  facet normal 0 0 -1
    outer loop
      vertex 136.25 25.4027 0
      vertex 133.5 29.8771 0
      vertex 137.5 27.5677 0
    endloop
  endfacet
  facet normal 0 0 -1
    outer loop
      vertex 131 29.8771 0
      vertex 133.5 29.8771 0
      vertex 132.25 27.7121 0
    endloop
  endfacet
  facet normal 0 0 -1
    outer loop
      vertex 132.25 27.7121 0
      vertex 133.5 29.8771 0
      vertex 136.25 25.4027 0
    endloop
  endfacet
  facet normal 0 0 -1
    outer loop
      vertex 138.75 43.5892 0
      vertex 136.25 43.5892 0
      vertex 137.5 45.7543 0
    endloop
  endfacet
  facet normal 0 0 -1
    outer loop
      vertex 136.25 43.5892 0
      vertex 133.5 48.0637 0
      vertex 137.5 45.7543 0
    endloop
  endfacet
  facet normal 0 0 -1
    outer loop
      vertex 131 48.0637 0
      vertex 133.5 48.0637 0
      vertex 132.25 45.8986 0
    endloop
  endfacet
  facet normal 0 0 -1
    outer loop
      vertex 132.25 45.8986 0
      vertex 133.5 48.0637 0
      vertex 136.25 43.5892 0
    endloop
  endfacet
  facet normal 0 0 -1
    outer loop
      vertex 138.75 61.7757 0
      vertex 136.25 61.7757 0
      vertex 137.5 63.9408 0
    endloop
  endfacet
  facet normal 0 0 -1
    outer loop
      vertex 136.25 61.7757 0
      vertex 133.5 66.2502 0
      vertex 137.5 63.9408 0
    endloop
  endfacet
  facet normal 0 0 -1
    outer loop
      vertex 131 66.2502 0
      vertex 133.5 66.2502 0
      vertex 132.25 64.0851 0
    endloop
  endfacet
  facet normal 0 0 -1
    outer loop
      vertex 132.25 64.0851 0
      vertex 133.5 66.2502 0
      vertex 136.25 61.7757 0
    endloop
  endfacet
  facet normal 0 0 -1
    outer loop
      vertex 138.75 79.9623 0
      vertex 136.25 79.9623 0
      vertex 137.5 82.1273 0
    endloop
  endfacet
  facet normal 0 0 -1
    outer loop
      vertex 136.25 79.9623 0
      vertex 133.5 84.4367 0
      vertex 137.5 82.1273 0
    endloop
  endfacet
  facet normal 0 0 -1
    outer loop
      vertex 131 84.4367 0
      vertex 133.5 84.4367 0
      vertex 132.25 82.2717 0
    endloop
  endfacet
  facet normal 0 0 -1
    outer loop
      vertex 132.25 82.2717 0
      vertex 133.5 84.4367 0
      vertex 136.25 79.9623 0
    endloop
  endfacet
  facet normal 0 0 -1
    outer loop
      vertex 138.75 98.1488 0
      vertex 136.25 98.1488 0
      vertex 137.5 100.314 0
    endloop
  endfacet
  facet normal 0 0 -1
    outer loop
      vertex 136.25 98.1488 0
      vertex 133.5 102.623 0
      vertex 137.5 100.314 0
    endloop
  endfacet
  facet normal 0 0 -1
    outer loop
      vertex 131 102.623 0
      vertex 133.5 102.623 0
      vertex 132.25 100.458 0
    endloop
  endfacet
  facet normal 0 0 -1
    outer loop
      vertex 132.25 100.458 0
      vertex 133.5 102.623 0
      vertex 136.25 98.1488 0
    endloop
  endfacet
  facet normal 0 0 -1
    outer loop
      vertex 138.75 116.335 0
      vertex 136.25 116.335 0
      vertex 137.5 118.5 0
    endloop
  endfacet
  facet normal 0 0 -1
    outer loop
      vertex 136.25 116.335 0
      vertex 133.5 120.81 0
      vertex 137.5 118.5 0
    endloop
  endfacet
  facet normal 0 0 -1
    outer loop
      vertex 131 120.81 0
      vertex 133.5 120.81 0
      vertex 132.25 118.645 0
    endloop
  endfacet
  facet normal 0 0 -1
    outer loop
      vertex 132.25 118.645 0
      vertex 133.5 120.81 0
      vertex 136.25 116.335 0
    endloop
  endfacet
  facet normal 0 0 -1
    outer loop
      vertex 138.75 134.522 0
      vertex 136.25 134.522 0
      vertex 137.5 136.687 0
    endloop
  endfacet
  facet normal 0 0 -1
    outer loop
      vertex 136.25 134.522 0
      vertex 133.5 138.996 0
      vertex 137.5 136.687 0
    endloop
  endfacet
  facet normal 0 0 -1
    outer loop
      vertex 131 138.996 0
      vertex 133.5 138.996 0
      vertex 132.25 136.831 0
    endloop
  endfacet
  facet normal 0 0 -1
    outer loop
      vertex 132.25 136.831 0
      vertex 133.5 138.996 0
      vertex 136.25 134.522 0
    endloop
  endfacet
  facet normal 0 0 -1
    outer loop
      vertex 138.75 152.708 0
      vertex 136.25 152.708 0
      vertex 137.5 154.873 0
    endloop
  endfacet
  facet normal 0 0 -1
    outer loop
      vertex 136.25 152.708 0
      vertex 133.5 157.183 0
      vertex 137.5 154.873 0
    endloop
  endfacet
  facet normal 0 0 -1
    outer loop
      vertex 131 157.183 0
      vertex 133.5 157.183 0
      vertex 132.25 155.018 0
    endloop
  endfacet
  facet normal 0 0 -1
    outer loop
      vertex 132.25 155.018 0
      vertex 133.5 157.183 0
      vertex 136.25 152.708 0
    endloop
  endfacet
  facet normal 0 0 -1
    outer loop
      vertex 138.75 152.708 0
      vertex 141.5 157.183 0
      vertex 142.75 155.018 0
    endloop
  endfacet
  facet normal 0 0 -1
    outer loop
      vertex 138.75 152.708 0
      vertex 137.5 154.873 0
      vertex 141.5 157.183 0
    endloop
  endfacet
  facet normal 0 0 -1
    outer loop
      vertex 138.75 148.09 0
      vertex 136.25 148.09 0
      vertex 138.75 152.708 0
    endloop
  endfacet
  facet normal 0 0 -1
    outer loop
      vertex 136.25 152.708 0
      vertex 138.75 152.708 0
      vertex 136.25 148.09 0
    endloop
  endfacet
  facet normal 0 0 -1
    outer loop
      vertex 133.5 143.615 0
      vertex 136.25 148.09 0
      vertex 137.5 145.925 0
    endloop
  endfacet
  facet normal 0 0 -1
    outer loop
      vertex 133.5 143.615 0
      vertex 132.25 145.78 0
      vertex 136.25 148.09 0
    endloop
  endfacet
  facet normal 0 0 -1
    outer loop
      vertex 133.5 138.996 0
      vertex 131 138.996 0
      vertex 133.5 143.615 0
    endloop
  endfacet
  facet normal 0 0 -1
    outer loop
      vertex 131 143.615 0
      vertex 133.5 143.615 0
      vertex 131 138.996 0
    endloop
  endfacet
  facet normal 0 0 -1
    outer loop
      vertex 128.25 134.522 0
      vertex 131 138.996 0
      vertex 132.25 136.831 0
    endloop
  endfacet
  facet normal 0 0 -1
    outer loop
      vertex 128.25 134.522 0
      vertex 127 136.687 0
      vertex 131 138.996 0
    endloop
  endfacet
  facet normal 0 0 -1
    outer loop
      vertex 128.25 129.903 0
      vertex 125.75 129.903 0
      vertex 128.25 134.522 0
    endloop
  endfacet
  facet normal 0 0 -1
    outer loop
      vertex 125.75 134.522 0
      vertex 128.25 134.522 0
      vertex 125.75 129.903 0
    endloop
  endfacet
  facet normal 0 0 -1
    outer loop
      vertex 123 125.429 0
      vertex 125.75 129.903 0
      vertex 127 127.738 0
    endloop
  endfacet
  facet normal 0 0 -1
    outer loop
      vertex 123 125.429 0
      vertex 121.75 127.594 0
      vertex 125.75 129.903 0
    endloop
  endfacet
  facet normal 0 0 -1
    outer loop
      vertex 123 120.81 0
      vertex 120.5 120.81 0
      vertex 123 125.429 0
    endloop
  endfacet
  facet normal 0 0 -1
    outer loop
      vertex 120.5 125.429 0
      vertex 123 125.429 0
      vertex 120.5 120.81 0
    endloop
  endfacet
  facet normal 0 0 -1
    outer loop
      vertex 117.75 116.335 0
      vertex 120.5 120.81 0
      vertex 121.75 118.645 0
    endloop
  endfacet
  facet normal 0 0 -1
    outer loop
      vertex 117.75 116.335 0
      vertex 116.5 118.5 0
      vertex 120.5 120.81 0
    endloop
  endfacet
  facet normal 0 0 -1
    outer loop
      vertex 117.75 111.717 0
      vertex 115.25 111.717 0
      vertex 117.75 116.335 0
    endloop
  endfacet
  facet normal 0 0 -1
    outer loop
      vertex 115.25 116.335 0
      vertex 117.75 116.335 0
      vertex 115.25 111.717 0
    endloop
  endfacet
  facet normal 0 0 -1
    outer loop
      vertex 112.5 107.242 0
      vertex 115.25 111.717 0
      vertex 116.5 109.551 0
    endloop
  endfacet
  facet normal 0 0 -1
    outer loop
      vertex 112.5 107.242 0
      vertex 111.25 109.407 0
      vertex 115.25 111.717 0
    endloop
  endfacet
  facet normal 0 0 -1
    outer loop
      vertex 112.5 102.623 0
      vertex 110 102.623 0
      vertex 112.5 107.242 0
    endloop
  endfacet
  facet normal 0 0 -1
    outer loop
      vertex 110 107.242 0
      vertex 112.5 107.242 0
      vertex 110 102.623 0
    endloop
  endfacet
  facet normal 0 0 -1
    outer loop
      vertex 107.25 98.1488 0
      vertex 110 102.623 0
      vertex 111.25 100.458 0
    endloop
  endfacet
  facet normal 0 0 -1
    outer loop
      vertex 107.25 98.1488 0
      vertex 106 100.314 0
      vertex 110 102.623 0
    endloop
  endfacet
  facet normal 0 0 -1
    outer loop
      vertex 107.25 93.53 0
      vertex 104.75 93.53 0
      vertex 107.25 98.1488 0
    endloop
  endfacet
  facet normal 0 0 -1
    outer loop
      vertex 104.75 98.1488 0
      vertex 107.25 98.1488 0
      vertex 104.75 93.53 0
    endloop
  endfacet
  facet normal 0 0 -1
    outer loop
      vertex 102 89.0555 0
      vertex 104.75 93.53 0
      vertex 106 91.3649 0
    endloop
  endfacet
  facet normal 0 0 -1
    outer loop
      vertex 102 89.0555 0
      vertex 100.75 91.2206 0
      vertex 104.75 93.53 0
    endloop
  endfacet
  facet normal 0 0 -1
    outer loop
      vertex 102 84.4367 0
      vertex 99.5 84.4367 0
      vertex 102 89.0555 0
    endloop
  endfacet
  facet normal 0 0 -1
    outer loop
      vertex 99.5 89.0555 0
      vertex 102 89.0555 0
      vertex 99.5 84.4367 0
    endloop
  endfacet
  facet normal 0 0 -1
    outer loop
      vertex 96.75 79.9623 0
      vertex 99.5 84.4367 0
      vertex 100.75 82.2717 0
    endloop
  endfacet
  facet normal 0 0 -1
    outer loop
      vertex 96.75 79.9623 0
      vertex 95.5 82.1273 0
      vertex 99.5 84.4367 0
    endloop
  endfacet
  facet normal 0 0 -1
    outer loop
      vertex 96.75 75.3435 0
      vertex 94.25 75.3435 0
      vertex 96.75 79.9623 0
    endloop
  endfacet
  facet normal 0 0 -1
    outer loop
      vertex 94.25 79.9623 0
      vertex 96.75 79.9623 0
      vertex 94.25 75.3435 0
    endloop
  endfacet
  facet normal 0 0 -1
    outer loop
      vertex 91.5 70.869 0
      vertex 94.25 75.3435 0
      vertex 95.5 73.1784 0
    endloop
  endfacet
  facet normal 0 0 -1
    outer loop
      vertex 91.5 70.869 0
      vertex 90.25 73.0341 0
      vertex 94.25 75.3435 0
    endloop
  endfacet
  facet normal 0 0 -1
    outer loop
      vertex 91.5 66.2502 0
      vertex 89 66.2502 0
      vertex 91.5 70.869 0
    endloop
  endfacet
  facet normal 0 0 -1
    outer loop
      vertex 89 70.869 0
      vertex 91.5 70.869 0
      vertex 89 66.2502 0
    endloop
  endfacet
  facet normal 0 0 -1
    outer loop
      vertex 86.25 61.7757 0
      vertex 89 66.2502 0
      vertex 90.25 64.0851 0
    endloop
  endfacet
  facet normal 0 0 -1
    outer loop
      vertex 86.25 61.7757 0
      vertex 85 63.9408 0
      vertex 89 66.2502 0
    endloop
  endfacet
  facet normal 0 0 -1
    outer loop
      vertex 86.25 57.1569 0
      vertex 83.75 57.1569 0
      vertex 86.25 61.7757 0
    endloop
  endfacet
  facet normal 0 0 -1
    outer loop
      vertex 83.75 61.7757 0
      vertex 86.25 61.7757 0
      vertex 83.75 57.1569 0
    endloop
  endfacet
  facet normal 0 0 -1
    outer loop
      vertex 81 52.6825 0
      vertex 83.75 57.1569 0
      vertex 85 54.9919 0
    endloop
  endfacet
  facet normal 0 0 -1
    outer loop
      vertex 81 52.6825 0
      vertex 79.75 54.8475 0
      vertex 83.75 57.1569 0
    endloop
  endfacet
  facet normal 0 0 -1
    outer loop
      vertex 81 48.0637 0
      vertex 78.5 48.0637 0
      vertex 81 52.6825 0
    endloop
  endfacet
  facet normal 0 0 -1
    outer loop
      vertex 78.5 52.6825 0
      vertex 81 52.6825 0
      vertex 78.5 48.0637 0
    endloop
  endfacet
  facet normal 0 0 -1
    outer loop
      vertex 75.75 43.5892 0
      vertex 78.5 48.0637 0
      vertex 79.75 45.8986 0
    endloop
  endfacet
  facet normal 0 0 -1
    outer loop
      vertex 75.75 43.5892 0
      vertex 74.5 45.7543 0
      vertex 78.5 48.0637 0
    endloop
  endfacet
  facet normal 0 0 -1
    outer loop
      vertex 75.75 38.9704 0
      vertex 73.25 38.9704 0
      vertex 75.75 43.5892 0
    endloop
  endfacet
  facet normal 0 0 -1
    outer loop
      vertex 73.25 43.5892 0
      vertex 75.75 43.5892 0
      vertex 73.25 38.9704 0
    endloop
  endfacet
  facet normal 0 0 -1
    outer loop
      vertex 70.5 34.4959 0
      vertex 73.25 38.9704 0
      vertex 74.5 36.8053 0
    endloop
  endfacet
  facet normal 0 0 -1
    outer loop
      vertex 70.5 34.4959 0
      vertex 69.25 36.661 0
      vertex 73.25 38.9704 0
    endloop
  endfacet
  facet normal 0 0 -1
    outer loop
      vertex 70.5 29.8771 0
      vertex 68 29.8771 0
      vertex 70.5 34.4959 0
    endloop
  endfacet
  facet normal 0 0 -1
    outer loop
      vertex 68 34.4959 0
      vertex 70.5 34.4959 0
      vertex 68 29.8771 0
    endloop
  endfacet
  facet normal 0 0 -1
    outer loop
      vertex 65.25 25.4027 0
      vertex 68 29.8771 0
      vertex 69.25 27.7121 0
    endloop
  endfacet
  facet normal 0 0 -1
    outer loop
      vertex 68 29.8771 0
      vertex 65.25 25.4027 0
      vertex 64 27.5677 0
    endloop
  endfacet
  facet normal 0 0 -1
    outer loop
      vertex 144 34.4959 0
      vertex 141.5 34.4959 0
      vertex 142.75 36.661 0
    endloop
  endfacet
  facet normal 0 0 -1
    outer loop
      vertex 141.5 34.4959 0
      vertex 138.75 38.9704 0
      vertex 142.75 36.661 0
    endloop
  endfacet
  facet normal 0 0 -1
    outer loop
      vertex 136.25 38.9704 0
      vertex 138.75 38.9704 0
      vertex 137.5 36.8053 0
    endloop
  endfacet
  facet normal 0 0 -1
    outer loop
      vertex 137.5 36.8053 0
      vertex 138.75 38.9704 0
      vertex 141.5 34.4959 0
    endloop
  endfacet
  facet normal 0 0 -1
    outer loop
      vertex 144 52.6825 0
      vertex 141.5 52.6825 0
      vertex 142.75 54.8475 0
    endloop
  endfacet
  facet normal 0 0 -1
    outer loop
      vertex 141.5 52.6825 0
      vertex 138.75 57.1569 0
      vertex 142.75 54.8475 0
    endloop
  endfacet
  facet normal 0 0 -1
    outer loop
      vertex 136.25 57.1569 0
      vertex 138.75 57.1569 0
      vertex 137.5 54.9919 0
    endloop
  endfacet
  facet normal 0 0 -1
    outer loop
      vertex 137.5 54.9919 0
      vertex 138.75 57.1569 0
      vertex 141.5 52.6825 0
    endloop
  endfacet
  facet normal 0 0 -1
    outer loop
      vertex 144 70.869 0
      vertex 141.5 70.869 0
      vertex 142.75 73.0341 0
    endloop
  endfacet
  facet normal 0 0 -1
    outer loop
      vertex 141.5 70.869 0
      vertex 138.75 75.3435 0
      vertex 142.75 73.0341 0
    endloop
  endfacet
  facet normal 0 0 -1
    outer loop
      vertex 136.25 75.3435 0
      vertex 138.75 75.3435 0
      vertex 137.5 73.1784 0
    endloop
  endfacet
  facet normal 0 0 -1
    outer loop
      vertex 137.5 73.1784 0
      vertex 138.75 75.3435 0
      vertex 141.5 70.869 0
    endloop
  endfacet
  facet normal 0 0 -1
    outer loop
      vertex 144 89.0555 0
      vertex 141.5 89.0555 0
      vertex 142.75 91.2206 0
    endloop
  endfacet
  facet normal 0 0 -1
    outer loop
      vertex 141.5 89.0555 0
      vertex 138.75 93.53 0
      vertex 142.75 91.2206 0
    endloop
  endfacet
  facet normal 0 0 -1
    outer loop
      vertex 136.25 93.53 0
      vertex 138.75 93.53 0
      vertex 137.5 91.3649 0
    endloop
  endfacet
  facet normal 0 0 -1
    outer loop
      vertex 137.5 91.3649 0
      vertex 138.75 93.53 0
      vertex 141.5 89.0555 0
    endloop
  endfacet
  facet normal 0 0 -1
    outer loop
      vertex 144 107.242 0
      vertex 141.5 107.242 0
      vertex 142.75 109.407 0
    endloop
  endfacet
  facet normal 0 0 -1
    outer loop
      vertex 141.5 107.242 0
      vertex 138.75 111.717 0
      vertex 142.75 109.407 0
    endloop
  endfacet
  facet normal 0 0 -1
    outer loop
      vertex 136.25 111.717 0
      vertex 138.75 111.717 0
      vertex 137.5 109.551 0
    endloop
  endfacet
  facet normal 0 0 -1
    outer loop
      vertex 137.5 109.551 0
      vertex 138.75 111.717 0
      vertex 141.5 107.242 0
    endloop
  endfacet
  facet normal 0 0 -1
    outer loop
      vertex 144 125.429 0
      vertex 141.5 125.429 0
      vertex 142.75 127.594 0
    endloop
  endfacet
  facet normal 0 0 -1
    outer loop
      vertex 141.5 125.429 0
      vertex 138.75 129.903 0
      vertex 142.75 127.594 0
    endloop
  endfacet
  facet normal 0 0 -1
    outer loop
      vertex 136.25 129.903 0
      vertex 138.75 129.903 0
      vertex 137.5 127.738 0
    endloop
  endfacet
  facet normal 0 0 -1
    outer loop
      vertex 137.5 127.738 0
      vertex 138.75 129.903 0
      vertex 141.5 125.429 0
    endloop
  endfacet
  facet normal 0 0 -1
    outer loop
      vertex 144 143.615 0
      vertex 141.5 143.615 0
      vertex 142.75 145.78 0
    endloop
  endfacet
  facet normal 0 0 -1
    outer loop
      vertex 141.5 143.615 0
      vertex 138.75 148.09 0
      vertex 142.75 145.78 0
    endloop
  endfacet
  facet normal 0 0 -1
    outer loop
      vertex 136.25 148.09 0
      vertex 138.75 148.09 0
      vertex 137.5 145.925 0
    endloop
  endfacet
  facet normal 0 0 -1
    outer loop
      vertex 137.5 145.925 0
      vertex 138.75 148.09 0
      vertex 141.5 143.615 0
    endloop
  endfacet
  facet normal 0 0 -1
    outer loop
      vertex 149.25 25.4027 0
      vertex 146.75 25.4027 0
      vertex 148 27.5677 0
    endloop
  endfacet
  facet normal 0 0 -1
    outer loop
      vertex 146.75 25.4027 0
      vertex 144 29.8771 0
      vertex 148 27.5677 0
    endloop
  endfacet
  facet normal 0 0 -1
    outer loop
      vertex 141.5 29.8771 0
      vertex 144 29.8771 0
      vertex 142.75 27.7121 0
    endloop
  endfacet
  facet normal 0 0 -1
    outer loop
      vertex 142.75 27.7121 0
      vertex 144 29.8771 0
      vertex 146.75 25.4027 0
    endloop
  endfacet
  facet normal 0 0 -1
    outer loop
      vertex 149.25 43.5892 0
      vertex 146.75 43.5892 0
      vertex 148 45.7543 0
    endloop
  endfacet
  facet normal 0 0 -1
    outer loop
      vertex 146.75 43.5892 0
      vertex 144 48.0637 0
      vertex 148 45.7543 0
    endloop
  endfacet
  facet normal 0 0 -1
    outer loop
      vertex 141.5 48.0637 0
      vertex 144 48.0637 0
      vertex 142.75 45.8986 0
    endloop
  endfacet
  facet normal 0 0 -1
    outer loop
      vertex 142.75 45.8986 0
      vertex 144 48.0637 0
      vertex 146.75 43.5892 0
    endloop
  endfacet
  facet normal 0 0 -1
    outer loop
      vertex 149.25 61.7757 0
      vertex 146.75 61.7757 0
      vertex 148 63.9408 0
    endloop
  endfacet
  facet normal 0 0 -1
    outer loop
      vertex 146.75 61.7757 0
      vertex 144 66.2502 0
      vertex 148 63.9408 0
    endloop
  endfacet
  facet normal 0 0 -1
    outer loop
      vertex 141.5 66.2502 0
      vertex 144 66.2502 0
      vertex 142.75 64.0851 0
    endloop
  endfacet
  facet normal 0 0 -1
    outer loop
      vertex 142.75 64.0851 0
      vertex 144 66.2502 0
      vertex 146.75 61.7757 0
    endloop
  endfacet
  facet normal 0 0 -1
    outer loop
      vertex 149.25 79.9623 0
      vertex 146.75 79.9623 0
      vertex 148 82.1273 0
    endloop
  endfacet
  facet normal 0 0 -1
    outer loop
      vertex 146.75 79.9623 0
      vertex 144 84.4367 0
      vertex 148 82.1273 0
    endloop
  endfacet
  facet normal 0 0 -1
    outer loop
      vertex 141.5 84.4367 0
      vertex 144 84.4367 0
      vertex 142.75 82.2717 0
    endloop
  endfacet
  facet normal 0 0 -1
    outer loop
      vertex 142.75 82.2717 0
      vertex 144 84.4367 0
      vertex 146.75 79.9623 0
    endloop
  endfacet
  facet normal 0 0 -1
    outer loop
      vertex 149.25 98.1488 0
      vertex 146.75 98.1488 0
      vertex 148 100.314 0
    endloop
  endfacet
  facet normal 0 0 -1
    outer loop
      vertex 146.75 98.1488 0
      vertex 144 102.623 0
      vertex 148 100.314 0
    endloop
  endfacet
  facet normal 0 0 -1
    outer loop
      vertex 141.5 102.623 0
      vertex 144 102.623 0
      vertex 142.75 100.458 0
    endloop
  endfacet
  facet normal 0 0 -1
    outer loop
      vertex 142.75 100.458 0
      vertex 144 102.623 0
      vertex 146.75 98.1488 0
    endloop
  endfacet
  facet normal 0 0 -1
    outer loop
      vertex 149.25 116.335 0
      vertex 146.75 116.335 0
      vertex 148 118.5 0
    endloop
  endfacet
  facet normal 0 0 -1
    outer loop
      vertex 146.75 116.335 0
      vertex 144 120.81 0
      vertex 148 118.5 0
    endloop
  endfacet
  facet normal 0 0 -1
    outer loop
      vertex 141.5 120.81 0
      vertex 144 120.81 0
      vertex 142.75 118.645 0
    endloop
  endfacet
  facet normal 0 0 -1
    outer loop
      vertex 142.75 118.645 0
      vertex 144 120.81 0
      vertex 146.75 116.335 0
    endloop
  endfacet
  facet normal 0 0 -1
    outer loop
      vertex 149.25 134.522 0
      vertex 146.75 134.522 0
      vertex 148 136.687 0
    endloop
  endfacet
  facet normal 0 0 -1
    outer loop
      vertex 146.75 134.522 0
      vertex 144 138.996 0
      vertex 148 136.687 0
    endloop
  endfacet
  facet normal 0 0 -1
    outer loop
      vertex 141.5 138.996 0
      vertex 144 138.996 0
      vertex 142.75 136.831 0
    endloop
  endfacet
  facet normal 0 0 -1
    outer loop
      vertex 142.75 136.831 0
      vertex 144 138.996 0
      vertex 146.75 134.522 0
    endloop
  endfacet
  facet normal 0 0 -1
    outer loop
      vertex 149.25 152.708 0
      vertex 146.75 152.708 0
      vertex 148 154.873 0
    endloop
  endfacet
  facet normal 0 0 -1
    outer loop
      vertex 146.75 152.708 0
      vertex 144 157.183 0
      vertex 148 154.873 0
    endloop
  endfacet
  facet normal 0 0 -1
    outer loop
      vertex 141.5 157.183 0
      vertex 144 157.183 0
      vertex 142.75 155.018 0
    endloop
  endfacet
  facet normal 0 0 -1
    outer loop
      vertex 142.75 155.018 0
      vertex 144 157.183 0
      vertex 146.75 152.708 0
    endloop
  endfacet
  facet normal 0 0 -1
    outer loop
      vertex 149.25 152.708 0
      vertex 152 157.183 0
      vertex 153.25 155.018 0
    endloop
  endfacet
  facet normal 0 0 -1
    outer loop
      vertex 149.25 152.708 0
      vertex 148 154.873 0
      vertex 152 157.183 0
    endloop
  endfacet
  facet normal 0 0 -1
    outer loop
      vertex 149.25 148.09 0
      vertex 146.75 148.09 0
      vertex 149.25 152.708 0
    endloop
  endfacet
  facet normal 0 0 -1
    outer loop
      vertex 146.75 152.708 0
      vertex 149.25 152.708 0
      vertex 146.75 148.09 0
    endloop
  endfacet
  facet normal 0 0 -1
    outer loop
      vertex 144 143.615 0
      vertex 146.75 148.09 0
      vertex 148 145.925 0
    endloop
  endfacet
  facet normal 0 0 -1
    outer loop
      vertex 144 143.615 0
      vertex 142.75 145.78 0
      vertex 146.75 148.09 0
    endloop
  endfacet
  facet normal 0 0 -1
    outer loop
      vertex 144 138.996 0
      vertex 141.5 138.996 0
      vertex 144 143.615 0
    endloop
  endfacet
  facet normal 0 0 -1
    outer loop
      vertex 141.5 143.615 0
      vertex 144 143.615 0
      vertex 141.5 138.996 0
    endloop
  endfacet
  facet normal 0 0 -1
    outer loop
      vertex 138.75 134.522 0
      vertex 141.5 138.996 0
      vertex 142.75 136.831 0
    endloop
  endfacet
  facet normal 0 0 -1
    outer loop
      vertex 138.75 134.522 0
      vertex 137.5 136.687 0
      vertex 141.5 138.996 0
    endloop
  endfacet
  facet normal 0 0 -1
    outer loop
      vertex 138.75 129.903 0
      vertex 136.25 129.903 0
      vertex 138.75 134.522 0
    endloop
  endfacet
  facet normal 0 0 -1
    outer loop
      vertex 136.25 134.522 0
      vertex 138.75 134.522 0
      vertex 136.25 129.903 0
    endloop
  endfacet
  facet normal 0 0 -1
    outer loop
      vertex 133.5 125.429 0
      vertex 136.25 129.903 0
      vertex 137.5 127.738 0
    endloop
  endfacet
  facet normal 0 0 -1
    outer loop
      vertex 133.5 125.429 0
      vertex 132.25 127.594 0
      vertex 136.25 129.903 0
    endloop
  endfacet
  facet normal 0 0 -1
    outer loop
      vertex 133.5 120.81 0
      vertex 131 120.81 0
      vertex 133.5 125.429 0
    endloop
  endfacet
  facet normal 0 0 -1
    outer loop
      vertex 131 125.429 0
      vertex 133.5 125.429 0
      vertex 131 120.81 0
    endloop
  endfacet
  facet normal 0 0 -1
    outer loop
      vertex 128.25 116.335 0
      vertex 131 120.81 0
      vertex 132.25 118.645 0
    endloop
  endfacet
  facet normal 0 0 -1
    outer loop
      vertex 128.25 116.335 0
      vertex 127 118.5 0
      vertex 131 120.81 0
    endloop
  endfacet
  facet normal 0 0 -1
    outer loop
      vertex 128.25 111.717 0
      vertex 125.75 111.717 0
      vertex 128.25 116.335 0
    endloop
  endfacet
  facet normal 0 0 -1
    outer loop
      vertex 125.75 116.335 0
      vertex 128.25 116.335 0
      vertex 125.75 111.717 0
    endloop
  endfacet
  facet normal 0 0 -1
    outer loop
      vertex 123 107.242 0
      vertex 125.75 111.717 0
      vertex 127 109.551 0
    endloop
  endfacet
  facet normal 0 0 -1
    outer loop
      vertex 123 107.242 0
      vertex 121.75 109.407 0
      vertex 125.75 111.717 0
    endloop
  endfacet
  facet normal 0 0 -1
    outer loop
      vertex 123 102.623 0
      vertex 120.5 102.623 0
      vertex 123 107.242 0
    endloop
  endfacet
  facet normal 0 0 -1
    outer loop
      vertex 120.5 107.242 0
      vertex 123 107.242 0
      vertex 120.5 102.623 0
    endloop
  endfacet
  facet normal 0 0 -1
    outer loop
      vertex 117.75 98.1488 0
      vertex 120.5 102.623 0
      vertex 121.75 100.458 0
    endloop
  endfacet
  facet normal 0 0 -1
    outer loop
      vertex 117.75 98.1488 0
      vertex 116.5 100.314 0
      vertex 120.5 102.623 0
    endloop
  endfacet
  facet normal 0 0 -1
    outer loop
      vertex 117.75 93.53 0
      vertex 115.25 93.53 0
      vertex 117.75 98.1488 0
    endloop
  endfacet
  facet normal 0 0 -1
    outer loop
      vertex 115.25 98.1488 0
      vertex 117.75 98.1488 0
      vertex 115.25 93.53 0
    endloop
  endfacet
  facet normal 0 0 -1
    outer loop
      vertex 112.5 89.0555 0
      vertex 115.25 93.53 0
      vertex 116.5 91.3649 0
    endloop
  endfacet
  facet normal 0 0 -1
    outer loop
      vertex 112.5 89.0555 0
      vertex 111.25 91.2206 0
      vertex 115.25 93.53 0
    endloop
  endfacet
  facet normal 0 0 -1
    outer loop
      vertex 112.5 84.4367 0
      vertex 110 84.4367 0
      vertex 112.5 89.0555 0
    endloop
  endfacet
  facet normal 0 0 -1
    outer loop
      vertex 110 89.0555 0
      vertex 112.5 89.0555 0
      vertex 110 84.4367 0
    endloop
  endfacet
  facet normal 0 0 -1
    outer loop
      vertex 107.25 79.9623 0
      vertex 110 84.4367 0
      vertex 111.25 82.2717 0
    endloop
  endfacet
  facet normal 0 0 -1
    outer loop
      vertex 107.25 79.9623 0
      vertex 106 82.1273 0
      vertex 110 84.4367 0
    endloop
  endfacet
  facet normal 0 0 -1
    outer loop
      vertex 107.25 75.3435 0
      vertex 104.75 75.3435 0
      vertex 107.25 79.9623 0
    endloop
  endfacet
  facet normal 0 0 -1
    outer loop
      vertex 104.75 79.9623 0
      vertex 107.25 79.9623 0
      vertex 104.75 75.3435 0
    endloop
  endfacet
  facet normal 0 0 -1
    outer loop
      vertex 102 70.869 0
      vertex 104.75 75.3435 0
      vertex 106 73.1784 0
    endloop
  endfacet
  facet normal 0 0 -1
    outer loop
      vertex 102 70.869 0
      vertex 100.75 73.0341 0
      vertex 104.75 75.3435 0
    endloop
  endfacet
  facet normal 0 0 -1
    outer loop
      vertex 102 66.2502 0
      vertex 99.5 66.2502 0
      vertex 102 70.869 0
    endloop
  endfacet
  facet normal 0 0 -1
    outer loop
      vertex 99.5 70.869 0
      vertex 102 70.869 0
      vertex 99.5 66.2502 0
    endloop
  endfacet
  facet normal 0 0 -1
    outer loop
      vertex 96.75 61.7757 0
      vertex 99.5 66.2502 0
      vertex 100.75 64.0851 0
    endloop
  endfacet
  facet normal 0 0 -1
    outer loop
      vertex 96.75 61.7757 0
      vertex 95.5 63.9408 0
      vertex 99.5 66.2502 0
    endloop
  endfacet
  facet normal 0 0 -1
    outer loop
      vertex 96.75 57.1569 0
      vertex 94.25 57.1569 0
      vertex 96.75 61.7757 0
    endloop
  endfacet
  facet normal 0 0 -1
    outer loop
      vertex 94.25 61.7757 0
      vertex 96.75 61.7757 0
      vertex 94.25 57.1569 0
    endloop
  endfacet
  facet normal 0 0 -1
    outer loop
      vertex 91.5 52.6825 0
      vertex 94.25 57.1569 0
      vertex 95.5 54.9919 0
    endloop
  endfacet
  facet normal 0 0 -1
    outer loop
      vertex 91.5 52.6825 0
      vertex 90.25 54.8475 0
      vertex 94.25 57.1569 0
    endloop
  endfacet
  facet normal 0 0 -1
    outer loop
      vertex 91.5 48.0637 0
      vertex 89 48.0637 0
      vertex 91.5 52.6825 0
    endloop
  endfacet
  facet normal 0 0 -1
    outer loop
      vertex 89 52.6825 0
      vertex 91.5 52.6825 0
      vertex 89 48.0637 0
    endloop
  endfacet
  facet normal 0 0 -1
    outer loop
      vertex 86.25 43.5892 0
      vertex 89 48.0637 0
      vertex 90.25 45.8986 0
    endloop
  endfacet
  facet normal 0 0 -1
    outer loop
      vertex 86.25 43.5892 0
      vertex 85 45.7543 0
      vertex 89 48.0637 0
    endloop
  endfacet
  facet normal 0 0 -1
    outer loop
      vertex 86.25 38.9704 0
      vertex 83.75 38.9704 0
      vertex 86.25 43.5892 0
    endloop
  endfacet
  facet normal 0 0 -1
    outer loop
      vertex 83.75 43.5892 0
      vertex 86.25 43.5892 0
      vertex 83.75 38.9704 0
    endloop
  endfacet
  facet normal 0 0 -1
    outer loop
      vertex 81 34.4959 0
      vertex 83.75 38.9704 0
      vertex 85 36.8053 0
    endloop
  endfacet
  facet normal 0 0 -1
    outer loop
      vertex 81 34.4959 0
      vertex 79.75 36.661 0
      vertex 83.75 38.9704 0
    endloop
  endfacet
  facet normal 0 0 -1
    outer loop
      vertex 81 29.8771 0
      vertex 78.5 29.8771 0
      vertex 81 34.4959 0
    endloop
  endfacet
  facet normal 0 0 -1
    outer loop
      vertex 78.5 34.4959 0
      vertex 81 34.4959 0
      vertex 78.5 29.8771 0
    endloop
  endfacet
  facet normal 0 0 -1
    outer loop
      vertex 75.75 25.4027 0
      vertex 78.5 29.8771 0
      vertex 79.75 27.7121 0
    endloop
  endfacet
  facet normal 0 0 -1
    outer loop
      vertex 78.5 29.8771 0
      vertex 75.75 25.4027 0
      vertex 74.5 27.5677 0
    endloop
  endfacet
  facet normal 0 0 -1
    outer loop
      vertex 153.25 136.831 0
      vertex 157.25 148.09 0
      vertex 157.25 134.522 0
    endloop
  endfacet
  facet normal 0 0 -1
    outer loop
      vertex 153.25 136.831 0
      vertex 153.25 145.78 0
      vertex 157.25 148.09 0
    endloop
  endfacet
  facet normal 0 0 -1
    outer loop
      vertex 153.25 136.831 0
      vertex 152 138.996 0
      vertex 153.25 145.78 0
    endloop
  endfacet
  facet normal 0 0 -1
    outer loop
      vertex 149.25 134.522 0
      vertex 152 138.996 0
      vertex 153.25 136.831 0
    endloop
  endfacet
  facet normal 0 0 -1
    outer loop
      vertex 149.25 134.522 0
      vertex 148 136.687 0
      vertex 152 138.996 0
    endloop
  endfacet
  facet normal 0 0 -1
    outer loop
      vertex 149.25 129.903 0
      vertex 146.75 129.903 0
      vertex 149.25 134.522 0
    endloop
  endfacet
  facet normal 0 0 -1
    outer loop
      vertex 146.75 134.522 0
      vertex 149.25 134.522 0
      vertex 146.75 129.903 0
    endloop
  endfacet
  facet normal 0 0 -1
    outer loop
      vertex 144 125.429 0
      vertex 146.75 129.903 0
      vertex 148 127.738 0
    endloop
  endfacet
  facet normal 0 0 -1
    outer loop
      vertex 144 125.429 0
      vertex 142.75 127.594 0
      vertex 146.75 129.903 0
    endloop
  endfacet
  facet normal 0 0 -1
    outer loop
      vertex 144 120.81 0
      vertex 141.5 120.81 0
      vertex 144 125.429 0
    endloop
  endfacet
  facet normal 0 0 -1
    outer loop
      vertex 141.5 125.429 0
      vertex 144 125.429 0
      vertex 141.5 120.81 0
    endloop
  endfacet
  facet normal 0 0 -1
    outer loop
      vertex 138.75 116.335 0
      vertex 141.5 120.81 0
      vertex 142.75 118.645 0
    endloop
  endfacet
  facet normal 0 0 -1
    outer loop
      vertex 138.75 116.335 0
      vertex 137.5 118.5 0
      vertex 141.5 120.81 0
    endloop
  endfacet
  facet normal 0 0 -1
    outer loop
      vertex 138.75 111.717 0
      vertex 136.25 111.717 0
      vertex 138.75 116.335 0
    endloop
  endfacet
  facet normal 0 0 -1
    outer loop
      vertex 136.25 116.335 0
      vertex 138.75 116.335 0
      vertex 136.25 111.717 0
    endloop
  endfacet
  facet normal 0 0 -1
    outer loop
      vertex 133.5 107.242 0
      vertex 136.25 111.717 0
      vertex 137.5 109.551 0
    endloop
  endfacet
  facet normal 0 0 -1
    outer loop
      vertex 133.5 107.242 0
      vertex 132.25 109.407 0
      vertex 136.25 111.717 0
    endloop
  endfacet
  facet normal 0 0 -1
    outer loop
      vertex 133.5 102.623 0
      vertex 131 102.623 0
      vertex 133.5 107.242 0
    endloop
  endfacet
  facet normal 0 0 -1
    outer loop
      vertex 131 107.242 0
      vertex 133.5 107.242 0
      vertex 131 102.623 0
    endloop
  endfacet
  facet normal 0 0 -1
    outer loop
      vertex 128.25 98.1488 0
      vertex 131 102.623 0
      vertex 132.25 100.458 0
    endloop
  endfacet
  facet normal 0 0 -1
    outer loop
      vertex 128.25 98.1488 0
      vertex 127 100.314 0
      vertex 131 102.623 0
    endloop
  endfacet
  facet normal 0 0 -1
    outer loop
      vertex 128.25 93.53 0
      vertex 125.75 93.53 0
      vertex 128.25 98.1488 0
    endloop
  endfacet
  facet normal 0 0 -1
    outer loop
      vertex 125.75 98.1488 0
      vertex 128.25 98.1488 0
      vertex 125.75 93.53 0
    endloop
  endfacet
  facet normal 0 0 -1
    outer loop
      vertex 123 89.0555 0
      vertex 125.75 93.53 0
      vertex 127 91.3649 0
    endloop
  endfacet
  facet normal 0 0 -1
    outer loop
      vertex 123 89.0555 0
      vertex 121.75 91.2206 0
      vertex 125.75 93.53 0
    endloop
  endfacet
  facet normal 0 0 -1
    outer loop
      vertex 123 84.4367 0
      vertex 120.5 84.4367 0
      vertex 123 89.0555 0
    endloop
  endfacet
  facet normal 0 0 -1
    outer loop
      vertex 120.5 89.0555 0
      vertex 123 89.0555 0
      vertex 120.5 84.4367 0
    endloop
  endfacet
  facet normal 0 0 -1
    outer loop
      vertex 117.75 79.9623 0
      vertex 120.5 84.4367 0
      vertex 121.75 82.2717 0
    endloop
  endfacet
  facet normal 0 0 -1
    outer loop
      vertex 117.75 79.9623 0
      vertex 116.5 82.1273 0
      vertex 120.5 84.4367 0
    endloop
  endfacet
  facet normal 0 0 -1
    outer loop
      vertex 117.75 75.3435 0
      vertex 115.25 75.3435 0
      vertex 117.75 79.9623 0
    endloop
  endfacet
  facet normal 0 0 -1
    outer loop
      vertex 115.25 79.9623 0
      vertex 117.75 79.9623 0
      vertex 115.25 75.3435 0
    endloop
  endfacet
  facet normal 0 0 -1
    outer loop
      vertex 112.5 70.869 0
      vertex 115.25 75.3435 0
      vertex 116.5 73.1784 0
    endloop
  endfacet
  facet normal 0 0 -1
    outer loop
      vertex 112.5 70.869 0
      vertex 111.25 73.0341 0
      vertex 115.25 75.3435 0
    endloop
  endfacet
  facet normal 0 0 -1
    outer loop
      vertex 112.5 66.2502 0
      vertex 110 66.2502 0
      vertex 112.5 70.869 0
    endloop
  endfacet
  facet normal 0 0 -1
    outer loop
      vertex 110 70.869 0
      vertex 112.5 70.869 0
      vertex 110 66.2502 0
    endloop
  endfacet
  facet normal 0 0 -1
    outer loop
      vertex 107.25 61.7757 0
      vertex 110 66.2502 0
      vertex 111.25 64.0851 0
    endloop
  endfacet
  facet normal 0 0 -1
    outer loop
      vertex 107.25 61.7757 0
      vertex 106 63.9408 0
      vertex 110 66.2502 0
    endloop
  endfacet
  facet normal 0 0 -1
    outer loop
      vertex 107.25 57.1569 0
      vertex 104.75 57.1569 0
      vertex 107.25 61.7757 0
    endloop
  endfacet
  facet normal 0 0 -1
    outer loop
      vertex 104.75 61.7757 0
      vertex 107.25 61.7757 0
      vertex 104.75 57.1569 0
    endloop
  endfacet
  facet normal 0 0 -1
    outer loop
      vertex 102 52.6825 0
      vertex 104.75 57.1569 0
      vertex 106 54.9919 0
    endloop
  endfacet
  facet normal 0 0 -1
    outer loop
      vertex 102 52.6825 0
      vertex 100.75 54.8475 0
      vertex 104.75 57.1569 0
    endloop
  endfacet
  facet normal 0 0 -1
    outer loop
      vertex 102 48.0637 0
      vertex 99.5 48.0637 0
      vertex 102 52.6825 0
    endloop
  endfacet
  facet normal 0 0 -1
    outer loop
      vertex 99.5 52.6825 0
      vertex 102 52.6825 0
      vertex 99.5 48.0637 0
    endloop
  endfacet
  facet normal 0 0 -1
    outer loop
      vertex 96.75 43.5892 0
      vertex 99.5 48.0637 0
      vertex 100.75 45.8986 0
    endloop
  endfacet
  facet normal 0 0 -1
    outer loop
      vertex 96.75 43.5892 0
      vertex 95.5 45.7543 0
      vertex 99.5 48.0637 0
    endloop
  endfacet
  facet normal 0 0 -1
    outer loop
      vertex 96.75 38.9704 0
      vertex 94.25 38.9704 0
      vertex 96.75 43.5892 0
    endloop
  endfacet
  facet normal 0 0 -1
    outer loop
      vertex 94.25 43.5892 0
      vertex 96.75 43.5892 0
      vertex 94.25 38.9704 0
    endloop
  endfacet
  facet normal 0 0 -1
    outer loop
      vertex 91.5 34.4959 0
      vertex 94.25 38.9704 0
      vertex 95.5 36.8053 0
    endloop
  endfacet
  facet normal 0 0 -1
    outer loop
      vertex 91.5 34.4959 0
      vertex 90.25 36.661 0
      vertex 94.25 38.9704 0
    endloop
  endfacet
  facet normal 0 0 -1
    outer loop
      vertex 91.5 29.8771 0
      vertex 89 29.8771 0
      vertex 91.5 34.4959 0
    endloop
  endfacet
  facet normal 0 0 -1
    outer loop
      vertex 89 34.4959 0
      vertex 91.5 34.4959 0
      vertex 89 29.8771 0
    endloop
  endfacet
  facet normal 0 0 -1
    outer loop
      vertex 86.25 25.4027 0
      vertex 89 29.8771 0
      vertex 90.25 27.7121 0
    endloop
  endfacet
  facet normal 0 0 -1
    outer loop
      vertex 89 29.8771 0
      vertex 86.25 25.4027 0
      vertex 85 27.5677 0
    endloop
  endfacet
  facet normal 0 0 -1
    outer loop
      vertex 153.25 118.645 0
      vertex 157.25 129.903 0
      vertex 157.25 116.335 0
    endloop
  endfacet
  facet normal 0 0 -1
    outer loop
      vertex 153.25 118.645 0
      vertex 153.25 127.594 0
      vertex 157.25 129.903 0
    endloop
  endfacet
  facet normal 0 0 -1
    outer loop
      vertex 153.25 118.645 0
      vertex 152 120.81 0
      vertex 153.25 127.594 0
    endloop
  endfacet
  facet normal 0 0 -1
    outer loop
      vertex 149.25 116.335 0
      vertex 152 120.81 0
      vertex 153.25 118.645 0
    endloop
  endfacet
  facet normal 0 0 -1
    outer loop
      vertex 149.25 116.335 0
      vertex 148 118.5 0
      vertex 152 120.81 0
    endloop
  endfacet
  facet normal 0 0 -1
    outer loop
      vertex 149.25 111.717 0
      vertex 146.75 111.717 0
      vertex 149.25 116.335 0
    endloop
  endfacet
  facet normal 0 0 -1
    outer loop
      vertex 146.75 116.335 0
      vertex 149.25 116.335 0
      vertex 146.75 111.717 0
    endloop
  endfacet
  facet normal 0 0 -1
    outer loop
      vertex 144 107.242 0
      vertex 146.75 111.717 0
      vertex 148 109.551 0
    endloop
  endfacet
  facet normal 0 0 -1
    outer loop
      vertex 144 107.242 0
      vertex 142.75 109.407 0
      vertex 146.75 111.717 0
    endloop
  endfacet
  facet normal 0 0 -1
    outer loop
      vertex 144 102.623 0
      vertex 141.5 102.623 0
      vertex 144 107.242 0
    endloop
  endfacet
  facet normal 0 0 -1
    outer loop
      vertex 141.5 107.242 0
      vertex 144 107.242 0
      vertex 141.5 102.623 0
    endloop
  endfacet
  facet normal 0 0 -1
    outer loop
      vertex 138.75 98.1488 0
      vertex 141.5 102.623 0
      vertex 142.75 100.458 0
    endloop
  endfacet
  facet normal 0 0 -1
    outer loop
      vertex 138.75 98.1488 0
      vertex 137.5 100.314 0
      vertex 141.5 102.623 0
    endloop
  endfacet
  facet normal 0 0 -1
    outer loop
      vertex 138.75 93.53 0
      vertex 136.25 93.53 0
      vertex 138.75 98.1488 0
    endloop
  endfacet
  facet normal 0 0 -1
    outer loop
      vertex 136.25 98.1488 0
      vertex 138.75 98.1488 0
      vertex 136.25 93.53 0
    endloop
  endfacet
  facet normal 0 0 -1
    outer loop
      vertex 133.5 89.0555 0
      vertex 136.25 93.53 0
      vertex 137.5 91.3649 0
    endloop
  endfacet
  facet normal 0 0 -1
    outer loop
      vertex 133.5 89.0555 0
      vertex 132.25 91.2206 0
      vertex 136.25 93.53 0
    endloop
  endfacet
  facet normal 0 0 -1
    outer loop
      vertex 133.5 84.4367 0
      vertex 131 84.4367 0
      vertex 133.5 89.0555 0
    endloop
  endfacet
  facet normal 0 0 -1
    outer loop
      vertex 131 89.0555 0
      vertex 133.5 89.0555 0
      vertex 131 84.4367 0
    endloop
  endfacet
  facet normal 0 0 -1
    outer loop
      vertex 128.25 79.9623 0
      vertex 131 84.4367 0
      vertex 132.25 82.2717 0
    endloop
  endfacet
  facet normal 0 0 -1
    outer loop
      vertex 128.25 79.9623 0
      vertex 127 82.1273 0
      vertex 131 84.4367 0
    endloop
  endfacet
  facet normal 0 0 -1
    outer loop
      vertex 128.25 75.3435 0
      vertex 125.75 75.3435 0
      vertex 128.25 79.9623 0
    endloop
  endfacet
  facet normal 0 0 -1
    outer loop
      vertex 125.75 79.9623 0
      vertex 128.25 79.9623 0
      vertex 125.75 75.3435 0
    endloop
  endfacet
  facet normal 0 0 -1
    outer loop
      vertex 123 70.869 0
      vertex 125.75 75.3435 0
      vertex 127 73.1784 0
    endloop
  endfacet
  facet normal 0 0 -1
    outer loop
      vertex 123 70.869 0
      vertex 121.75 73.0341 0
      vertex 125.75 75.3435 0
    endloop
  endfacet
  facet normal 0 0 -1
    outer loop
      vertex 123 66.2502 0
      vertex 120.5 66.2502 0
      vertex 123 70.869 0
    endloop
  endfacet
  facet normal 0 0 -1
    outer loop
      vertex 120.5 70.869 0
      vertex 123 70.869 0
      vertex 120.5 66.2502 0
    endloop
  endfacet
  facet normal 0 0 -1
    outer loop
      vertex 117.75 61.7757 0
      vertex 120.5 66.2502 0
      vertex 121.75 64.0851 0
    endloop
  endfacet
  facet normal 0 0 -1
    outer loop
      vertex 117.75 61.7757 0
      vertex 116.5 63.9408 0
      vertex 120.5 66.2502 0
    endloop
  endfacet
  facet normal 0 0 -1
    outer loop
      vertex 117.75 57.1569 0
      vertex 115.25 57.1569 0
      vertex 117.75 61.7757 0
    endloop
  endfacet
  facet normal 0 0 -1
    outer loop
      vertex 115.25 61.7757 0
      vertex 117.75 61.7757 0
      vertex 115.25 57.1569 0
    endloop
  endfacet
  facet normal 0 0 -1
    outer loop
      vertex 112.5 52.6825 0
      vertex 115.25 57.1569 0
      vertex 116.5 54.9919 0
    endloop
  endfacet
  facet normal 0 0 -1
    outer loop
      vertex 112.5 52.6825 0
      vertex 111.25 54.8475 0
      vertex 115.25 57.1569 0
    endloop
  endfacet
  facet normal 0 0 -1
    outer loop
      vertex 112.5 48.0637 0
      vertex 110 48.0637 0
      vertex 112.5 52.6825 0
    endloop
  endfacet
  facet normal 0 0 -1
    outer loop
      vertex 110 52.6825 0
      vertex 112.5 52.6825 0
      vertex 110 48.0637 0
    endloop
  endfacet
  facet normal 0 0 -1
    outer loop
      vertex 107.25 43.5892 0
      vertex 110 48.0637 0
      vertex 111.25 45.8986 0
    endloop
  endfacet
  facet normal 0 0 -1
    outer loop
      vertex 107.25 43.5892 0
      vertex 106 45.7543 0
      vertex 110 48.0637 0
    endloop
  endfacet
  facet normal 0 0 -1
    outer loop
      vertex 107.25 38.9704 0
      vertex 104.75 38.9704 0
      vertex 107.25 43.5892 0
    endloop
  endfacet
  facet normal 0 0 -1
    outer loop
      vertex 104.75 43.5892 0
      vertex 107.25 43.5892 0
      vertex 104.75 38.9704 0
    endloop
  endfacet
  facet normal 0 0 -1
    outer loop
      vertex 102 34.4959 0
      vertex 104.75 38.9704 0
      vertex 106 36.8053 0
    endloop
  endfacet
  facet normal 0 0 -1
    outer loop
      vertex 102 34.4959 0
      vertex 100.75 36.661 0
      vertex 104.75 38.9704 0
    endloop
  endfacet
  facet normal 0 0 -1
    outer loop
      vertex 102 29.8771 0
      vertex 99.5 29.8771 0
      vertex 102 34.4959 0
    endloop
  endfacet
  facet normal 0 0 -1
    outer loop
      vertex 99.5 34.4959 0
      vertex 102 34.4959 0
      vertex 99.5 29.8771 0
    endloop
  endfacet
  facet normal 0 0 -1
    outer loop
      vertex 96.75 25.4027 0
      vertex 99.5 29.8771 0
      vertex 100.75 27.7121 0
    endloop
  endfacet
  facet normal 0 0 -1
    outer loop
      vertex 99.5 29.8771 0
      vertex 96.75 25.4027 0
      vertex 95.5 27.5677 0
    endloop
  endfacet
  facet normal 0 0 -1
    outer loop
      vertex 153.25 100.458 0
      vertex 157.25 111.717 0
      vertex 157.25 98.1488 0
    endloop
  endfacet
  facet normal 0 0 -1
    outer loop
      vertex 153.25 100.458 0
      vertex 153.25 109.407 0
      vertex 157.25 111.717 0
    endloop
  endfacet
  facet normal 0 0 -1
    outer loop
      vertex 153.25 100.458 0
      vertex 152 102.623 0
      vertex 153.25 109.407 0
    endloop
  endfacet
  facet normal 0 0 -1
    outer loop
      vertex 149.25 98.1488 0
      vertex 152 102.623 0
      vertex 153.25 100.458 0
    endloop
  endfacet
  facet normal 0 0 -1
    outer loop
      vertex 149.25 98.1488 0
      vertex 148 100.314 0
      vertex 152 102.623 0
    endloop
  endfacet
  facet normal 0 0 -1
    outer loop
      vertex 149.25 93.53 0
      vertex 146.75 93.53 0
      vertex 149.25 98.1488 0
    endloop
  endfacet
  facet normal 0 0 -1
    outer loop
      vertex 146.75 98.1488 0
      vertex 149.25 98.1488 0
      vertex 146.75 93.53 0
    endloop
  endfacet
  facet normal 0 0 -1
    outer loop
      vertex 144 89.0555 0
      vertex 146.75 93.53 0
      vertex 148 91.3649 0
    endloop
  endfacet
  facet normal 0 0 -1
    outer loop
      vertex 144 89.0555 0
      vertex 142.75 91.2206 0
      vertex 146.75 93.53 0
    endloop
  endfacet
  facet normal 0 0 -1
    outer loop
      vertex 144 84.4367 0
      vertex 141.5 84.4367 0
      vertex 144 89.0555 0
    endloop
  endfacet
  facet normal 0 0 -1
    outer loop
      vertex 141.5 89.0555 0
      vertex 144 89.0555 0
      vertex 141.5 84.4367 0
    endloop
  endfacet
  facet normal 0 0 -1
    outer loop
      vertex 138.75 79.9623 0
      vertex 141.5 84.4367 0
      vertex 142.75 82.2717 0
    endloop
  endfacet
  facet normal 0 0 -1
    outer loop
      vertex 138.75 79.9623 0
      vertex 137.5 82.1273 0
      vertex 141.5 84.4367 0
    endloop
  endfacet
  facet normal 0 0 -1
    outer loop
      vertex 138.75 75.3435 0
      vertex 136.25 75.3435 0
      vertex 138.75 79.9623 0
    endloop
  endfacet
  facet normal 0 0 -1
    outer loop
      vertex 136.25 79.9623 0
      vertex 138.75 79.9623 0
      vertex 136.25 75.3435 0
    endloop
  endfacet
  facet normal 0 0 -1
    outer loop
      vertex 133.5 70.869 0
      vertex 136.25 75.3435 0
      vertex 137.5 73.1784 0
    endloop
  endfacet
  facet normal 0 0 -1
    outer loop
      vertex 133.5 70.869 0
      vertex 132.25 73.0341 0
      vertex 136.25 75.3435 0
    endloop
  endfacet
  facet normal 0 0 -1
    outer loop
      vertex 133.5 66.2502 0
      vertex 131 66.2502 0
      vertex 133.5 70.869 0
    endloop
  endfacet
  facet normal 0 0 -1
    outer loop
      vertex 131 70.869 0
      vertex 133.5 70.869 0
      vertex 131 66.2502 0
    endloop
  endfacet
  facet normal 0 0 -1
    outer loop
      vertex 128.25 61.7757 0
      vertex 131 66.2502 0
      vertex 132.25 64.0851 0
    endloop
  endfacet
  facet normal 0 0 -1
    outer loop
      vertex 128.25 61.7757 0
      vertex 127 63.9408 0
      vertex 131 66.2502 0
    endloop
  endfacet
  facet normal 0 0 -1
    outer loop
      vertex 128.25 57.1569 0
      vertex 125.75 57.1569 0
      vertex 128.25 61.7757 0
    endloop
  endfacet
  facet normal 0 0 -1
    outer loop
      vertex 125.75 61.7757 0
      vertex 128.25 61.7757 0
      vertex 125.75 57.1569 0
    endloop
  endfacet
  facet normal 0 0 -1
    outer loop
      vertex 123 52.6825 0
      vertex 125.75 57.1569 0
      vertex 127 54.9919 0
    endloop
  endfacet
  facet normal 0 0 -1
    outer loop
      vertex 123 52.6825 0
      vertex 121.75 54.8475 0
      vertex 125.75 57.1569 0
    endloop
  endfacet
  facet normal 0 0 -1
    outer loop
      vertex 123 48.0637 0
      vertex 120.5 48.0637 0
      vertex 123 52.6825 0
    endloop
  endfacet
  facet normal 0 0 -1
    outer loop
      vertex 120.5 52.6825 0
      vertex 123 52.6825 0
      vertex 120.5 48.0637 0
    endloop
  endfacet
  facet normal 0 0 -1
    outer loop
      vertex 117.75 43.5892 0
      vertex 120.5 48.0637 0
      vertex 121.75 45.8986 0
    endloop
  endfacet
  facet normal 0 0 -1
    outer loop
      vertex 117.75 43.5892 0
      vertex 116.5 45.7543 0
      vertex 120.5 48.0637 0
    endloop
  endfacet
  facet normal 0 0 -1
    outer loop
      vertex 117.75 38.9704 0
      vertex 115.25 38.9704 0
      vertex 117.75 43.5892 0
    endloop
  endfacet
  facet normal 0 0 -1
    outer loop
      vertex 115.25 43.5892 0
      vertex 117.75 43.5892 0
      vertex 115.25 38.9704 0
    endloop
  endfacet
  facet normal 0 0 -1
    outer loop
      vertex 112.5 34.4959 0
      vertex 115.25 38.9704 0
      vertex 116.5 36.8053 0
    endloop
  endfacet
  facet normal 0 0 -1
    outer loop
      vertex 112.5 34.4959 0
      vertex 111.25 36.661 0
      vertex 115.25 38.9704 0
    endloop
  endfacet
  facet normal 0 0 -1
    outer loop
      vertex 112.5 29.8771 0
      vertex 110 29.8771 0
      vertex 112.5 34.4959 0
    endloop
  endfacet
  facet normal 0 0 -1
    outer loop
      vertex 110 34.4959 0
      vertex 112.5 34.4959 0
      vertex 110 29.8771 0
    endloop
  endfacet
  facet normal 0 0 -1
    outer loop
      vertex 107.25 25.4027 0
      vertex 110 29.8771 0
      vertex 111.25 27.7121 0
    endloop
  endfacet
  facet normal 0 0 -1
    outer loop
      vertex 110 29.8771 0
      vertex 107.25 25.4027 0
      vertex 106 27.5677 0
    endloop
  endfacet
  facet normal 0 0 -1
    outer loop
      vertex 153.25 82.2717 0
      vertex 157.25 93.53 0
      vertex 157.25 79.9623 0
    endloop
  endfacet
  facet normal 0 0 -1
    outer loop
      vertex 153.25 82.2717 0
      vertex 153.25 91.2206 0
      vertex 157.25 93.53 0
    endloop
  endfacet
  facet normal 0 0 -1
    outer loop
      vertex 153.25 82.2717 0
      vertex 152 84.4367 0
      vertex 153.25 91.2206 0
    endloop
  endfacet
  facet normal 0 0 -1
    outer loop
      vertex 149.25 79.9623 0
      vertex 152 84.4367 0
      vertex 153.25 82.2717 0
    endloop
  endfacet
  facet normal 0 0 -1
    outer loop
      vertex 149.25 79.9623 0
      vertex 148 82.1273 0
      vertex 152 84.4367 0
    endloop
  endfacet
  facet normal 0 0 -1
    outer loop
      vertex 149.25 75.3435 0
      vertex 146.75 75.3435 0
      vertex 149.25 79.9623 0
    endloop
  endfacet
  facet normal 0 0 -1
    outer loop
      vertex 146.75 79.9623 0
      vertex 149.25 79.9623 0
      vertex 146.75 75.3435 0
    endloop
  endfacet
  facet normal 0 0 -1
    outer loop
      vertex 144 70.869 0
      vertex 146.75 75.3435 0
      vertex 148 73.1784 0
    endloop
  endfacet
  facet normal 0 0 -1
    outer loop
      vertex 144 70.869 0
      vertex 142.75 73.0341 0
      vertex 146.75 75.3435 0
    endloop
  endfacet
  facet normal 0 0 -1
    outer loop
      vertex 144 66.2502 0
      vertex 141.5 66.2502 0
      vertex 144 70.869 0
    endloop
  endfacet
  facet normal 0 0 -1
    outer loop
      vertex 141.5 70.869 0
      vertex 144 70.869 0
      vertex 141.5 66.2502 0
    endloop
  endfacet
  facet normal 0 0 -1
    outer loop
      vertex 138.75 61.7757 0
      vertex 141.5 66.2502 0
      vertex 142.75 64.0851 0
    endloop
  endfacet
  facet normal 0 0 -1
    outer loop
      vertex 138.75 61.7757 0
      vertex 137.5 63.9408 0
      vertex 141.5 66.2502 0
    endloop
  endfacet
  facet normal 0 0 -1
    outer loop
      vertex 138.75 57.1569 0
      vertex 136.25 57.1569 0
      vertex 138.75 61.7757 0
    endloop
  endfacet
  facet normal 0 0 -1
    outer loop
      vertex 136.25 61.7757 0
      vertex 138.75 61.7757 0
      vertex 136.25 57.1569 0
    endloop
  endfacet
  facet normal 0 0 -1
    outer loop
      vertex 133.5 52.6825 0
      vertex 136.25 57.1569 0
      vertex 137.5 54.9919 0
    endloop
  endfacet
  facet normal 0 0 -1
    outer loop
      vertex 133.5 52.6825 0
      vertex 132.25 54.8475 0
      vertex 136.25 57.1569 0
    endloop
  endfacet
  facet normal 0 0 -1
    outer loop
      vertex 133.5 48.0637 0
      vertex 131 48.0637 0
      vertex 133.5 52.6825 0
    endloop
  endfacet
  facet normal 0 0 -1
    outer loop
      vertex 131 52.6825 0
      vertex 133.5 52.6825 0
      vertex 131 48.0637 0
    endloop
  endfacet
  facet normal 0 0 -1
    outer loop
      vertex 128.25 43.5892 0
      vertex 131 48.0637 0
      vertex 132.25 45.8986 0
    endloop
  endfacet
  facet normal 0 0 -1
    outer loop
      vertex 128.25 43.5892 0
      vertex 127 45.7543 0
      vertex 131 48.0637 0
    endloop
  endfacet
  facet normal 0 0 -1
    outer loop
      vertex 128.25 38.9704 0
      vertex 125.75 38.9704 0
      vertex 128.25 43.5892 0
    endloop
  endfacet
  facet normal 0 0 -1
    outer loop
      vertex 125.75 43.5892 0
      vertex 128.25 43.5892 0
      vertex 125.75 38.9704 0
    endloop
  endfacet
  facet normal 0 0 -1
    outer loop
      vertex 123 34.4959 0
      vertex 125.75 38.9704 0
      vertex 127 36.8053 0
    endloop
  endfacet
  facet normal 0 0 -1
    outer loop
      vertex 123 34.4959 0
      vertex 121.75 36.661 0
      vertex 125.75 38.9704 0
    endloop
  endfacet
  facet normal 0 0 -1
    outer loop
      vertex 123 29.8771 0
      vertex 120.5 29.8771 0
      vertex 123 34.4959 0
    endloop
  endfacet
  facet normal 0 0 -1
    outer loop
      vertex 120.5 34.4959 0
      vertex 123 34.4959 0
      vertex 120.5 29.8771 0
    endloop
  endfacet
  facet normal 0 0 -1
    outer loop
      vertex 117.75 25.4027 0
      vertex 120.5 29.8771 0
      vertex 121.75 27.7121 0
    endloop
  endfacet
  facet normal 0 0 -1
    outer loop
      vertex 120.5 29.8771 0
      vertex 117.75 25.4027 0
      vertex 116.5 27.5677 0
    endloop
  endfacet
  facet normal 0 0 -1
    outer loop
      vertex 153.25 64.0851 0
      vertex 157.25 75.3435 0
      vertex 157.25 61.7757 0
    endloop
  endfacet
  facet normal 0 0 -1
    outer loop
      vertex 153.25 64.0851 0
      vertex 153.25 73.0341 0
      vertex 157.25 75.3435 0
    endloop
  endfacet
  facet normal 0 0 -1
    outer loop
      vertex 153.25 64.0851 0
      vertex 152 66.2502 0
      vertex 153.25 73.0341 0
    endloop
  endfacet
  facet normal 0 0 -1
    outer loop
      vertex 149.25 61.7757 0
      vertex 152 66.2502 0
      vertex 153.25 64.0851 0
    endloop
  endfacet
  facet normal 0 0 -1
    outer loop
      vertex 149.25 61.7757 0
      vertex 148 63.9408 0
      vertex 152 66.2502 0
    endloop
  endfacet
  facet normal 0 0 -1
    outer loop
      vertex 149.25 57.1569 0
      vertex 146.75 57.1569 0
      vertex 149.25 61.7757 0
    endloop
  endfacet
  facet normal 0 0 -1
    outer loop
      vertex 146.75 61.7757 0
      vertex 149.25 61.7757 0
      vertex 146.75 57.1569 0
    endloop
  endfacet
  facet normal 0 0 -1
    outer loop
      vertex 144 52.6825 0
      vertex 146.75 57.1569 0
      vertex 148 54.9919 0
    endloop
  endfacet
  facet normal 0 0 -1
    outer loop
      vertex 144 52.6825 0
      vertex 142.75 54.8475 0
      vertex 146.75 57.1569 0
    endloop
  endfacet
  facet normal 0 0 -1
    outer loop
      vertex 144 48.0637 0
      vertex 141.5 48.0637 0
      vertex 144 52.6825 0
    endloop
  endfacet
  facet normal 0 0 -1
    outer loop
      vertex 141.5 52.6825 0
      vertex 144 52.6825 0
      vertex 141.5 48.0637 0
    endloop
  endfacet
  facet normal 0 0 -1
    outer loop
      vertex 138.75 43.5892 0
      vertex 141.5 48.0637 0
      vertex 142.75 45.8986 0
    endloop
  endfacet
  facet normal 0 0 -1
    outer loop
      vertex 138.75 43.5892 0
      vertex 137.5 45.7543 0
      vertex 141.5 48.0637 0
    endloop
  endfacet
  facet normal 0 0 -1
    outer loop
      vertex 138.75 38.9704 0
      vertex 136.25 38.9704 0
      vertex 138.75 43.5892 0
    endloop
  endfacet
  facet normal 0 0 -1
    outer loop
      vertex 136.25 43.5892 0
      vertex 138.75 43.5892 0
      vertex 136.25 38.9704 0
    endloop
  endfacet
  facet normal 0 0 -1
    outer loop
      vertex 133.5 34.4959 0
      vertex 136.25 38.9704 0
      vertex 137.5 36.8053 0
    endloop
  endfacet
  facet normal 0 0 -1
    outer loop
      vertex 133.5 34.4959 0
      vertex 132.25 36.661 0
      vertex 136.25 38.9704 0
    endloop
  endfacet
  facet normal 0 0 -1
    outer loop
      vertex 133.5 29.8771 0
      vertex 131 29.8771 0
      vertex 133.5 34.4959 0
    endloop
  endfacet
  facet normal 0 0 -1
    outer loop
      vertex 131 34.4959 0
      vertex 133.5 34.4959 0
      vertex 131 29.8771 0
    endloop
  endfacet
  facet normal 0 0 -1
    outer loop
      vertex 128.25 25.4027 0
      vertex 131 29.8771 0
      vertex 132.25 27.7121 0
    endloop
  endfacet
  facet normal 0 0 -1
    outer loop
      vertex 131 29.8771 0
      vertex 128.25 25.4027 0
      vertex 127 27.5677 0
    endloop
  endfacet
  facet normal 0 0 -1
    outer loop
      vertex 153.25 45.8986 0
      vertex 157.25 57.1569 0
      vertex 157.25 43.5892 0
    endloop
  endfacet
  facet normal 0 0 -1
    outer loop
      vertex 153.25 45.8986 0
      vertex 153.25 54.8475 0
      vertex 157.25 57.1569 0
    endloop
  endfacet
  facet normal 0 0 -1
    outer loop
      vertex 153.25 45.8986 0
      vertex 152 48.0637 0
      vertex 153.25 54.8475 0
    endloop
  endfacet
  facet normal 0 0 -1
    outer loop
      vertex 149.25 43.5892 0
      vertex 152 48.0637 0
      vertex 153.25 45.8986 0
    endloop
  endfacet
  facet normal 0 0 -1
    outer loop
      vertex 149.25 43.5892 0
      vertex 148 45.7543 0
      vertex 152 48.0637 0
    endloop
  endfacet
  facet normal 0 0 -1
    outer loop
      vertex 149.25 38.9704 0
      vertex 146.75 38.9704 0
      vertex 149.25 43.5892 0
    endloop
  endfacet
  facet normal 0 0 -1
    outer loop
      vertex 146.75 43.5892 0
      vertex 149.25 43.5892 0
      vertex 146.75 38.9704 0
    endloop
  endfacet
  facet normal 0 0 -1
    outer loop
      vertex 144 34.4959 0
      vertex 146.75 38.9704 0
      vertex 148 36.8053 0
    endloop
  endfacet
  facet normal 0 0 -1
    outer loop
      vertex 144 34.4959 0
      vertex 142.75 36.661 0
      vertex 146.75 38.9704 0
    endloop
  endfacet
  facet normal 0 0 -1
    outer loop
      vertex 144 29.8771 0
      vertex 141.5 29.8771 0
      vertex 144 34.4959 0
    endloop
  endfacet
  facet normal 0 0 -1
    outer loop
      vertex 141.5 34.4959 0
      vertex 144 34.4959 0
      vertex 141.5 29.8771 0
    endloop
  endfacet
  facet normal 0 0 -1
    outer loop
      vertex 138.75 25.4027 0
      vertex 141.5 29.8771 0
      vertex 142.75 27.7121 0
    endloop
  endfacet
  facet normal 0 0 -1
    outer loop
      vertex 141.5 29.8771 0
      vertex 138.75 25.4027 0
      vertex 137.5 27.5677 0
    endloop
  endfacet
  facet normal 0 0 -1
    outer loop
      vertex 153.25 27.7121 0
      vertex 157.25 38.9704 0
      vertex 157.25 25.4027 0
    endloop
  endfacet
  facet normal 0 0 -1
    outer loop
      vertex 153.25 27.7121 0
      vertex 153.25 36.661 0
      vertex 157.25 38.9704 0
    endloop
  endfacet
  facet normal 0 0 -1
    outer loop
      vertex 153.25 27.7121 0
      vertex 152 29.8771 0
      vertex 153.25 36.661 0
    endloop
  endfacet
  facet normal 0 0 -1
    outer loop
      vertex 149.25 25.4027 0
      vertex 152 29.8771 0
      vertex 153.25 27.7121 0
    endloop
  endfacet
  facet normal 0 0 -1
    outer loop
      vertex 152 29.8771 0
      vertex 149.25 25.4027 0
      vertex 148 27.5677 0
    endloop
  endfacet
  facet normal 0 0 -1
    outer loop
      vertex 157.25 25.4027 0
      vertex 174.9 0 0
      vertex 157.25 20.7839 0
    endloop
  endfacet
  facet normal 0 0 -1
    outer loop
      vertex 174.9 0 0
      vertex 153.25 18.4745 0
      vertex 157.25 20.7839 0
    endloop
  endfacet
  facet normal 0 0 -1
    outer loop
      vertex 142.75 18.4745 0
      vertex 153.25 18.4745 0
      vertex 174.9 0 0
    endloop
  endfacet
  facet normal 0 0 -1
    outer loop
      vertex 146.75 20.7839 0
      vertex 149.25 25.4027 0
      vertex 149.25 20.7839 0
    endloop
  endfacet
  facet normal 0 0 -1
    outer loop
      vertex 146.75 25.4027 0
      vertex 149.25 25.4027 0
      vertex 146.75 20.7839 0
    endloop
  endfacet
  facet normal 0 0 -1
    outer loop
      vertex 153.25 18.4745 0
      vertex 142.75 18.4745 0
      vertex 149.25 20.7839 0
    endloop
  endfacet
  facet normal -0 0 -1
    outer loop
      vertex 149.25 20.7839 0
      vertex 142.75 18.4745 0
      vertex 146.75 20.7839 0
    endloop
  endfacet
  facet normal 0 0 -1
    outer loop
      vertex 136.25 20.7839 0
      vertex 138.75 25.4027 0
      vertex 138.75 20.7839 0
    endloop
  endfacet
  facet normal 0 0 -1
    outer loop
      vertex 136.25 25.4027 0
      vertex 138.75 25.4027 0
      vertex 136.25 20.7839 0
    endloop
  endfacet
  facet normal 0 0 -1
    outer loop
      vertex 142.75 18.4745 0
      vertex 136.25 20.7839 0
      vertex 138.75 20.7839 0
    endloop
  endfacet
  facet normal 0 0 -1
    outer loop
      vertex 132.25 18.4745 0
      vertex 142.75 18.4745 0
      vertex 174.9 0 0
    endloop
  endfacet
  facet normal 0 0 -1
    outer loop
      vertex 142.75 18.4745 0
      vertex 132.25 18.4745 0
      vertex 136.25 20.7839 0
    endloop
  endfacet
  facet normal 0 0 -1
    outer loop
      vertex 125.75 20.7839 0
      vertex 128.25 25.4027 0
      vertex 128.25 20.7839 0
    endloop
  endfacet
  facet normal 0 0 -1
    outer loop
      vertex 125.75 25.4027 0
      vertex 128.25 25.4027 0
      vertex 125.75 20.7839 0
    endloop
  endfacet
  facet normal 0 0 -1
    outer loop
      vertex 132.25 18.4745 0
      vertex 125.75 20.7839 0
      vertex 128.25 20.7839 0
    endloop
  endfacet
  facet normal 0 0 -1
    outer loop
      vertex 121.75 18.4745 0
      vertex 132.25 18.4745 0
      vertex 174.9 0 0
    endloop
  endfacet
  facet normal 0 0 -1
    outer loop
      vertex 132.25 18.4745 0
      vertex 121.75 18.4745 0
      vertex 125.75 20.7839 0
    endloop
  endfacet
  facet normal 0 0 -1
    outer loop
      vertex 115.25 20.7839 0
      vertex 117.75 25.4027 0
      vertex 117.75 20.7839 0
    endloop
  endfacet
  facet normal 0 0 -1
    outer loop
      vertex 115.25 25.4027 0
      vertex 117.75 25.4027 0
      vertex 115.25 20.7839 0
    endloop
  endfacet
  facet normal 0 0 -1
    outer loop
      vertex 121.75 18.4745 0
      vertex 115.25 20.7839 0
      vertex 117.75 20.7839 0
    endloop
  endfacet
  facet normal 0 0 -1
    outer loop
      vertex 121.75 18.4745 0
      vertex 111.25 18.4745 0
      vertex 115.25 20.7839 0
    endloop
  endfacet
  facet normal 0 0 -1
    outer loop
      vertex 174.9 0 0
      vertex 111.25 18.4745 0
      vertex 121.75 18.4745 0
    endloop
  endfacet
  facet normal 0 0 -1
    outer loop
      vertex 104.75 20.7839 0
      vertex 107.25 25.4027 0
      vertex 107.25 20.7839 0
    endloop
  endfacet
  facet normal 0 0 -1
    outer loop
      vertex 104.75 25.4027 0
      vertex 107.25 25.4027 0
      vertex 104.75 20.7839 0
    endloop
  endfacet
  facet normal 0 0 -1
    outer loop
      vertex 111.25 18.4745 0
      vertex 104.75 20.7839 0
      vertex 107.25 20.7839 0
    endloop
  endfacet
  facet normal 0 0 -1
    outer loop
      vertex 111.25 18.4745 0
      vertex 100.75 18.4745 0
      vertex 104.75 20.7839 0
    endloop
  endfacet
  facet normal 0 0 -1
    outer loop
      vertex 174.9 0 0
      vertex 100.75 18.4745 0
      vertex 111.25 18.4745 0
    endloop
  endfacet
  facet normal 0 0 -1
    outer loop
      vertex 94.25 20.7839 0
      vertex 96.75 25.4027 0
      vertex 96.75 20.7839 0
    endloop
  endfacet
  facet normal 0 0 -1
    outer loop
      vertex 94.25 25.4027 0
      vertex 96.75 25.4027 0
      vertex 94.25 20.7839 0
    endloop
  endfacet
  facet normal 0 0 -1
    outer loop
      vertex 100.75 18.4745 0
      vertex 94.25 20.7839 0
      vertex 96.75 20.7839 0
    endloop
  endfacet
  facet normal 0 0 -1
    outer loop
      vertex 100.75 18.4745 0
      vertex 90.25 18.4745 0
      vertex 94.25 20.7839 0
    endloop
  endfacet
  facet normal 0 0 -1
    outer loop
      vertex 174.9 0 0
      vertex 90.25 18.4745 0
      vertex 100.75 18.4745 0
    endloop
  endfacet
  facet normal 0 0 -1
    outer loop
      vertex 83.75 20.7839 0
      vertex 86.25 25.4027 0
      vertex 86.25 20.7839 0
    endloop
  endfacet
  facet normal 0 0 -1
    outer loop
      vertex 83.75 25.4027 0
      vertex 86.25 25.4027 0
      vertex 83.75 20.7839 0
    endloop
  endfacet
  facet normal 0 0 -1
    outer loop
      vertex 90.25 18.4745 0
      vertex 83.75 20.7839 0
      vertex 86.25 20.7839 0
    endloop
  endfacet
  facet normal 0 0 -1
    outer loop
      vertex 90.25 18.4745 0
      vertex 79.75 18.4745 0
      vertex 83.75 20.7839 0
    endloop
  endfacet
  facet normal 0 0 -1
    outer loop
      vertex 0 0 0
      vertex 90.25 18.4745 0
      vertex 174.9 0 0
    endloop
  endfacet
  facet normal 0 0 -1
    outer loop
      vertex 73.25 20.7839 0
      vertex 75.75 25.4027 0
      vertex 75.75 20.7839 0
    endloop
  endfacet
  facet normal 0 0 -1
    outer loop
      vertex 73.25 25.4027 0
      vertex 75.75 25.4027 0
      vertex 73.25 20.7839 0
    endloop
  endfacet
  facet normal 0 0 -1
    outer loop
      vertex 79.75 18.4745 0
      vertex 73.25 20.7839 0
      vertex 75.75 20.7839 0
    endloop
  endfacet
  facet normal 0 0 -1
    outer loop
      vertex 79.75 18.4745 0
      vertex 69.25 18.4745 0
      vertex 73.25 20.7839 0
    endloop
  endfacet
  facet normal -0 0 -1
    outer loop
      vertex 90.25 18.4745 0
      vertex 0 0 0
      vertex 79.75 18.4745 0
    endloop
  endfacet
  facet normal 0 0 -1
    outer loop
      vertex 62.75 20.7839 0
      vertex 65.25 25.4027 0
      vertex 65.25 20.7839 0
    endloop
  endfacet
  facet normal 0 0 -1
    outer loop
      vertex 62.75 25.4027 0
      vertex 65.25 25.4027 0
      vertex 62.75 20.7839 0
    endloop
  endfacet
  facet normal 0 0 -1
    outer loop
      vertex 69.25 18.4745 0
      vertex 62.75 20.7839 0
      vertex 65.25 20.7839 0
    endloop
  endfacet
  facet normal 0 0 -1
    outer loop
      vertex 69.25 18.4745 0
      vertex 58.75 18.4745 0
      vertex 62.75 20.7839 0
    endloop
  endfacet
  facet normal -0 0 -1
    outer loop
      vertex 79.75 18.4745 0
      vertex 0 0 0
      vertex 69.25 18.4745 0
    endloop
  endfacet
  facet normal 0 0 -1
    outer loop
      vertex 52.25 20.7839 0
      vertex 54.75 25.4027 0
      vertex 54.75 20.7839 0
    endloop
  endfacet
  facet normal 0 0 -1
    outer loop
      vertex 52.25 25.4027 0
      vertex 54.75 25.4027 0
      vertex 52.25 20.7839 0
    endloop
  endfacet
  facet normal 0 0 -1
    outer loop
      vertex 58.75 18.4745 0
      vertex 52.25 20.7839 0
      vertex 54.75 20.7839 0
    endloop
  endfacet
  facet normal 0 0 -1
    outer loop
      vertex 58.75 18.4745 0
      vertex 48.25 18.4745 0
      vertex 52.25 20.7839 0
    endloop
  endfacet
  facet normal -0 0 -1
    outer loop
      vertex 69.25 18.4745 0
      vertex 0 0 0
      vertex 58.75 18.4745 0
    endloop
  endfacet
  facet normal 0 0 -1
    outer loop
      vertex 41.75 20.7839 0
      vertex 44.25 25.4027 0
      vertex 44.25 20.7839 0
    endloop
  endfacet
  facet normal 0 0 -1
    outer loop
      vertex 41.75 25.4027 0
      vertex 44.25 25.4027 0
      vertex 41.75 20.7839 0
    endloop
  endfacet
  facet normal 0 0 -1
    outer loop
      vertex 48.25 18.4745 0
      vertex 41.75 20.7839 0
      vertex 44.25 20.7839 0
    endloop
  endfacet
  facet normal 0 0 -1
    outer loop
      vertex 48.25 18.4745 0
      vertex 37.75 18.4745 0
      vertex 41.75 20.7839 0
    endloop
  endfacet
  facet normal -0 0 -1
    outer loop
      vertex 58.75 18.4745 0
      vertex 0 0 0
      vertex 48.25 18.4745 0
    endloop
  endfacet
  facet normal 0 0 -1
    outer loop
      vertex 31.25 20.7839 0
      vertex 33.75 25.4027 0
      vertex 33.75 20.7839 0
    endloop
  endfacet
  facet normal 0 0 -1
    outer loop
      vertex 31.25 25.4027 0
      vertex 33.75 25.4027 0
      vertex 31.25 20.7839 0
    endloop
  endfacet
  facet normal 0 0 -1
    outer loop
      vertex 37.75 18.4745 0
      vertex 31.25 20.7839 0
      vertex 33.75 20.7839 0
    endloop
  endfacet
  facet normal 0 0 -1
    outer loop
      vertex 37.75 18.4745 0
      vertex 27.25 18.4745 0
      vertex 31.25 20.7839 0
    endloop
  endfacet
  facet normal -0 0 -1
    outer loop
      vertex 48.25 18.4745 0
      vertex 0 0 0
      vertex 37.75 18.4745 0
    endloop
  endfacet
  facet normal 0 0 -1
    outer loop
      vertex 0 0 0
      vertex 23.25 25.4027 0
      vertex 23.25 20.7839 0
    endloop
  endfacet
  facet normal -0 0 -1
    outer loop
      vertex 23.25 25.4027 0
      vertex 0 0 0
      vertex 23.25 38.9704 0
    endloop
  endfacet
  facet normal -0 0 -1
    outer loop
      vertex 23.25 38.9704 0
      vertex 0 0 0
      vertex 23.25 43.5892 0
    endloop
  endfacet
  facet normal -0 0 -1
    outer loop
      vertex 23.25 43.5892 0
      vertex 0 0 0
      vertex 23.25 57.1569 0
    endloop
  endfacet
  facet normal -0 0 -1
    outer loop
      vertex 23.25 57.1569 0
      vertex 0 0 0
      vertex 23.25 61.7757 0
    endloop
  endfacet
  facet normal -0 0 -1
    outer loop
      vertex 23.25 61.7757 0
      vertex 0 0 0
      vertex 23.25 75.3435 0
    endloop
  endfacet
  facet normal -0 0 -1
    outer loop
      vertex 23.25 75.3435 0
      vertex 0 0 0
      vertex 23.25 79.9623 0
    endloop
  endfacet
  facet normal -0 0 -1
    outer loop
      vertex 23.25 79.9623 0
      vertex 0 0 0
      vertex 23.25 93.53 0
    endloop
  endfacet
  facet normal 0 0 -1
    outer loop
      vertex 0 187.6 0
      vertex 23.25 93.53 0
      vertex 0 0 0
    endloop
  endfacet
  facet normal 0 0 -1
    outer loop
      vertex 23.25 93.53 0
      vertex 0 187.6 0
      vertex 23.25 98.1488 0
    endloop
  endfacet
  facet normal 0 0 -1
    outer loop
      vertex 23.25 98.1488 0
      vertex 0 187.6 0
      vertex 23.25 111.717 0
    endloop
  endfacet
  facet normal 0 0 -1
    outer loop
      vertex 23.25 111.717 0
      vertex 0 187.6 0
      vertex 23.25 116.335 0
    endloop
  endfacet
  facet normal -0 -0 -1
    outer loop
      vertex 9.97949 173.061 0
      vertex 23.25 116.335 0
      vertex 0 187.6 0
    endloop
  endfacet
  facet normal 0 0 -1
    outer loop
      vertex 23.25 116.335 0
      vertex 9.97949 173.061 0
      vertex 23.25 129.903 0
    endloop
  endfacet
  facet normal -0 -0 -1
    outer loop
      vertex 10.6019 172.204 0
      vertex 23.25 134.522 0
      vertex 10.2574 172.607 0
    endloop
  endfacet
  facet normal 0 0 -1
    outer loop
      vertex 23.25 152.708 0
      vertex 16.3484 174.071 0
      vertex 16.39 174.6 0
    endloop
  endfacet
  facet normal 0 0 -1
    outer loop
      vertex 23.25 152.708 0
      vertex 16.3483 174.07 0
      vertex 16.3484 174.071 0
    endloop
  endfacet
  facet normal 0 0 -1
    outer loop
      vertex 23.25 152.708 0
      vertex 16.2241 173.552 0
      vertex 16.3483 174.07 0
    endloop
  endfacet
  facet normal 0 0 -1
    outer loop
      vertex 23.25 152.708 0
      vertex 16.0205 173.061 0
      vertex 16.2241 173.552 0
    endloop
  endfacet
  facet normal 0 0 -1
    outer loop
      vertex 23.25 152.708 0
      vertex 16.0197 173.06 0
      vertex 16.0205 173.061 0
    endloop
  endfacet
  facet normal 0 0 -1
    outer loop
      vertex 23.25 152.708 0
      vertex 15.7426 172.607 0
      vertex 16.0197 173.06 0
    endloop
  endfacet
  facet normal 0 0 -1
    outer loop
      vertex 23.25 152.708 0
      vertex 15.3981 172.204 0
      vertex 15.7426 172.607 0
    endloop
  endfacet
  facet normal 0 0 -1
    outer loop
      vertex 23.25 152.708 0
      vertex 15.3971 172.203 0
      vertex 15.3981 172.204 0
    endloop
  endfacet
  facet normal 0 0 -1
    outer loop
      vertex 23.25 152.708 0
      vertex 14.9926 171.857 0
      vertex 15.3971 172.203 0
    endloop
  endfacet
  facet normal 0 0 -1
    outer loop
      vertex 23.25 152.708 0
      vertex 14.9913 171.857 0
      vertex 14.9926 171.857 0
    endloop
  endfacet
  facet normal 0 0 -1
    outer loop
      vertex 23.25 152.708 0
      vertex 14.539 171.579 0
      vertex 14.9913 171.857 0
    endloop
  endfacet
  facet normal 0 0 -1
    outer loop
      vertex 23.25 152.708 0
      vertex 14.049 171.377 0
      vertex 14.539 171.579 0
    endloop
  endfacet
  facet normal 0 0 -1
    outer loop
      vertex 23.25 152.708 0
      vertex 14.0476 171.376 0
      vertex 14.049 171.377 0
    endloop
  endfacet
  facet normal 0 0 -1
    outer loop
      vertex 23.25 152.708 0
      vertex 14.046 171.376 0
      vertex 14.0476 171.376 0
    endloop
  endfacet
  facet normal 0 0 -1
    outer loop
      vertex 23.25 152.708 0
      vertex 13.5303 171.252 0
      vertex 14.046 171.376 0
    endloop
  endfacet
  facet normal 0 0 -1
    outer loop
      vertex 23.25 152.708 0
      vertex 13.0016 171.21 0
      vertex 13.5303 171.252 0
    endloop
  endfacet
  facet normal 0 0 -1
    outer loop
      vertex 23.25 152.708 0
      vertex 13 171.21 0
      vertex 13.0016 171.21 0
    endloop
  endfacet
  facet normal 0 0 -1
    outer loop
      vertex 23.25 152.708 0
      vertex 12.9984 171.21 0
      vertex 13 171.21 0
    endloop
  endfacet
  facet normal 0 0 -1
    outer loop
      vertex 23.25 152.708 0
      vertex 12.4697 171.252 0
      vertex 12.9984 171.21 0
    endloop
  endfacet
  facet normal 0 0 -1
    outer loop
      vertex 23.25 152.708 0
      vertex 11.954 171.376 0
      vertex 12.4697 171.252 0
    endloop
  endfacet
  facet normal 0 0 -1
    outer loop
      vertex 23.25 152.708 0
      vertex 11.9524 171.376 0
      vertex 11.954 171.376 0
    endloop
  endfacet
  facet normal 0 0 -1
    outer loop
      vertex 23.25 152.708 0
      vertex 11.951 171.377 0
      vertex 11.9524 171.376 0
    endloop
  endfacet
  facet normal 0 0 -1
    outer loop
      vertex 23.25 152.708 0
      vertex 11.461 171.579 0
      vertex 11.951 171.377 0
    endloop
  endfacet
  facet normal 0 0 -1
    outer loop
      vertex 23.25 148.09 0
      vertex 11.461 171.579 0
      vertex 23.25 152.708 0
    endloop
  endfacet
  facet normal -0 -0 -1
    outer loop
      vertex 11.461 171.579 0
      vertex 23.25 148.09 0
      vertex 11.0087 171.857 0
    endloop
  endfacet
  facet normal -0 -0 -1
    outer loop
      vertex 11.0087 171.857 0
      vertex 23.25 148.09 0
      vertex 11.0074 171.857 0
    endloop
  endfacet
  facet normal -0 -0 -1
    outer loop
      vertex 10.6029 172.203 0
      vertex 23.25 134.522 0
      vertex 10.6019 172.204 0
    endloop
  endfacet
  facet normal -0 -0 -1
    outer loop
      vertex 11.0074 171.857 0
      vertex 23.25 148.09 0
      vertex 10.6029 172.203 0
    endloop
  endfacet
  facet normal 0 0 -1
    outer loop
      vertex 23.25 134.522 0
      vertex 10.6029 172.203 0
      vertex 23.25 148.09 0
    endloop
  endfacet
  facet normal 0 0 -1
    outer loop
      vertex 23.25 129.903 0
      vertex 10.2574 172.607 0
      vertex 23.25 134.522 0
    endloop
  endfacet
  facet normal -0 -0 -1
    outer loop
      vertex 10.2574 172.607 0
      vertex 23.25 129.903 0
      vertex 9.98031 173.06 0
    endloop
  endfacet
  facet normal -0 -0 -1
    outer loop
      vertex 9.98031 173.06 0
      vertex 23.25 129.903 0
      vertex 9.97949 173.061 0
    endloop
  endfacet
  facet normal 0 0 -1
    outer loop
      vertex 9.65174 174.07 0
      vertex 0 187.6 0
      vertex 9.65161 174.071 0
    endloop
  endfacet
  facet normal 0 0 -1
    outer loop
      vertex 9.77592 173.552 0
      vertex 0 187.6 0
      vertex 9.65174 174.07 0
    endloop
  endfacet
  facet normal 0 0 -1
    outer loop
      vertex 9.97949 173.061 0
      vertex 0 187.6 0
      vertex 9.77592 173.552 0
    endloop
  endfacet
  facet normal -0 0 -1
    outer loop
      vertex 27.25 18.4745 0
      vertex 0 0 0
      vertex 23.25 20.7839 0
    endloop
  endfacet
  facet normal -0 0 -1
    outer loop
      vertex 37.75 18.4745 0
      vertex 0 0 0
      vertex 27.25 18.4745 0
    endloop
  endfacet
  facet normal 0 0 -1
    outer loop
      vertex 157.25 38.9704 0
      vertex 174.9 0 0
      vertex 157.25 25.4027 0
    endloop
  endfacet
  facet normal 0 0 -1
    outer loop
      vertex 157.25 43.5892 0
      vertex 174.9 0 0
      vertex 157.25 38.9704 0
    endloop
  endfacet
  facet normal 0 0 -1
    outer loop
      vertex 157.25 57.1569 0
      vertex 174.9 0 0
      vertex 157.25 43.5892 0
    endloop
  endfacet
  facet normal 0 0 -1
    outer loop
      vertex 157.25 61.7757 0
      vertex 174.9 0 0
      vertex 157.25 57.1569 0
    endloop
  endfacet
  facet normal 0 0 -1
    outer loop
      vertex 157.25 75.3435 0
      vertex 174.9 0 0
      vertex 157.25 61.7757 0
    endloop
  endfacet
  facet normal 0 0 -1
    outer loop
      vertex 157.25 79.9623 0
      vertex 174.9 0 0
      vertex 157.25 75.3435 0
    endloop
  endfacet
  facet normal 0 0 -1
    outer loop
      vertex 157.25 93.53 0
      vertex 174.9 0 0
      vertex 157.25 79.9623 0
    endloop
  endfacet
  facet normal 0 0 -1
    outer loop
      vertex 174.9 0 0
      vertex 157.25 93.53 0
      vertex 174.9 187.6 0
    endloop
  endfacet
  facet normal 0 0 -1
    outer loop
      vertex 157.25 98.1488 0
      vertex 174.9 187.6 0
      vertex 157.25 93.53 0
    endloop
  endfacet
  facet normal 0 0 -1
    outer loop
      vertex 157.25 111.717 0
      vertex 174.9 187.6 0
      vertex 157.25 98.1488 0
    endloop
  endfacet
  facet normal 0 0 -1
    outer loop
      vertex 157.25 116.335 0
      vertex 174.9 187.6 0
      vertex 157.25 111.717 0
    endloop
  endfacet
  facet normal 0 0 -1
    outer loop
      vertex 157.25 129.903 0
      vertex 174.9 187.6 0
      vertex 157.25 116.335 0
    endloop
  endfacet
  facet normal 0 0 -1
    outer loop
      vertex 157.25 134.522 0
      vertex 174.9 187.6 0
      vertex 157.25 129.903 0
    endloop
  endfacet
  facet normal 0 0 -1
    outer loop
      vertex 157.25 148.09 0
      vertex 174.9 187.6 0
      vertex 157.25 134.522 0
    endloop
  endfacet
  facet normal 0 0 -1
    outer loop
      vertex 157.25 152.708 0
      vertex 174.9 187.6 0
      vertex 157.25 148.09 0
    endloop
  endfacet
  facet normal 0 0 -1
    outer loop
      vertex 152 161.802 0
      vertex 157.25 152.708 0
      vertex 153.25 155.018 0
    endloop
  endfacet
  facet normal 0 0 -1
    outer loop
      vertex 152 161.802 0
      vertex 153.25 155.018 0
      vertex 152 157.183 0
    endloop
  endfacet
  facet normal 0 0 -1
    outer loop
      vertex 157.25 152.708 0
      vertex 152 161.802 0
      vertex 174.9 187.6 0
    endloop
  endfacet
  facet normal 0 0 -1
    outer loop
      vertex 148 164.111 0
      vertex 174.9 187.6 0
      vertex 152 161.802 0
    endloop
  endfacet
  facet normal 0 0 -1
    outer loop
      vertex 137.5 164.111 0
      vertex 148 164.111 0
      vertex 144 161.802 0
    endloop
  endfacet
  facet normal 0 0 -1
    outer loop
      vertex 144 157.183 0
      vertex 141.5 157.183 0
      vertex 144 161.802 0
    endloop
  endfacet
  facet normal 0 0 -1
    outer loop
      vertex 141.5 161.802 0
      vertex 144 161.802 0
      vertex 141.5 157.183 0
    endloop
  endfacet
  facet normal 0 0 -1
    outer loop
      vertex 137.5 164.111 0
      vertex 144 161.802 0
      vertex 141.5 161.802 0
    endloop
  endfacet
  facet normal 0 0 -1
    outer loop
      vertex 148 164.111 0
      vertex 137.5 164.111 0
      vertex 174.9 187.6 0
    endloop
  endfacet
  facet normal 0 0 -1
    outer loop
      vertex 127 164.111 0
      vertex 137.5 164.111 0
      vertex 133.5 161.802 0
    endloop
  endfacet
  facet normal 0 0 -1
    outer loop
      vertex 133.5 157.183 0
      vertex 131 157.183 0
      vertex 133.5 161.802 0
    endloop
  endfacet
  facet normal 0 0 -1
    outer loop
      vertex 131 161.802 0
      vertex 133.5 161.802 0
      vertex 131 157.183 0
    endloop
  endfacet
  facet normal 0 0 -1
    outer loop
      vertex 127 164.111 0
      vertex 133.5 161.802 0
      vertex 131 161.802 0
    endloop
  endfacet
  facet normal 0 0 -1
    outer loop
      vertex 137.5 164.111 0
      vertex 127 164.111 0
      vertex 174.9 187.6 0
    endloop
  endfacet
  facet normal 0 0 -1
    outer loop
      vertex 123 157.183 0
      vertex 120.5 157.183 0
      vertex 123 161.802 0
    endloop
  endfacet
  facet normal 0 0 -1
    outer loop
      vertex 120.5 161.802 0
      vertex 123 161.802 0
      vertex 120.5 157.183 0
    endloop
  endfacet
  facet normal 0 0 -1
    outer loop
      vertex 120.5 161.802 0
      vertex 127 164.111 0
      vertex 123 161.802 0
    endloop
  endfacet
  facet normal 0 0 -1
    outer loop
      vertex 116.5 164.111 0
      vertex 127 164.111 0
      vertex 120.5 161.802 0
    endloop
  endfacet
  facet normal 0 0 -1
    outer loop
      vertex 127 164.111 0
      vertex 116.5 164.111 0
      vertex 174.9 187.6 0
    endloop
  endfacet
  facet normal 0 0 -1
    outer loop
      vertex 112.5 157.183 0
      vertex 110 157.183 0
      vertex 112.5 161.802 0
    endloop
  endfacet
  facet normal 0 0 -1
    outer loop
      vertex 110 161.802 0
      vertex 112.5 161.802 0
      vertex 110 157.183 0
    endloop
  endfacet
  facet normal 0 0 -1
    outer loop
      vertex 110 161.802 0
      vertex 116.5 164.111 0
      vertex 112.5 161.802 0
    endloop
  endfacet
  facet normal 0 0 -1
    outer loop
      vertex 106 164.111 0
      vertex 116.5 164.111 0
      vertex 110 161.802 0
    endloop
  endfacet
  facet normal 0 0 -1
    outer loop
      vertex 116.5 164.111 0
      vertex 106 164.111 0
      vertex 174.9 187.6 0
    endloop
  endfacet
  facet normal 0 0 -1
    outer loop
      vertex 102 157.183 0
      vertex 99.5 157.183 0
      vertex 102 161.802 0
    endloop
  endfacet
  facet normal 0 0 -1
    outer loop
      vertex 99.5 161.802 0
      vertex 102 161.802 0
      vertex 99.5 157.183 0
    endloop
  endfacet
  facet normal 0 0 -1
    outer loop
      vertex 99.5 161.802 0
      vertex 106 164.111 0
      vertex 102 161.802 0
    endloop
  endfacet
  facet normal 0 0 -1
    outer loop
      vertex 95.5 164.111 0
      vertex 106 164.111 0
      vertex 99.5 161.802 0
    endloop
  endfacet
  facet normal 0 0 -1
    outer loop
      vertex 95.5 164.111 0
      vertex 174.9 187.6 0
      vertex 106 164.111 0
    endloop
  endfacet
  facet normal 0 0 -1
    outer loop
      vertex 91.5 157.183 0
      vertex 89 157.183 0
      vertex 91.5 161.802 0
    endloop
  endfacet
  facet normal 0 0 -1
    outer loop
      vertex 89 161.802 0
      vertex 91.5 161.802 0
      vertex 89 157.183 0
    endloop
  endfacet
  facet normal 0 0 -1
    outer loop
      vertex 89 161.802 0
      vertex 95.5 164.111 0
      vertex 91.5 161.802 0
    endloop
  endfacet
  facet normal 0 0 -1
    outer loop
      vertex 85 164.111 0
      vertex 95.5 164.111 0
      vertex 89 161.802 0
    endloop
  endfacet
  facet normal 0 0 -1
    outer loop
      vertex 85 164.111 0
      vertex 174.9 187.6 0
      vertex 95.5 164.111 0
    endloop
  endfacet
  facet normal 0 0 -1
    outer loop
      vertex 81 157.183 0
      vertex 78.5 157.183 0
      vertex 81 161.802 0
    endloop
  endfacet
  facet normal 0 0 -1
    outer loop
      vertex 78.5 161.802 0
      vertex 81 161.802 0
      vertex 78.5 157.183 0
    endloop
  endfacet
  facet normal 0 0 -1
    outer loop
      vertex 78.5 161.802 0
      vertex 85 164.111 0
      vertex 81 161.802 0
    endloop
  endfacet
  facet normal 0 0 -1
    outer loop
      vertex 74.5 164.111 0
      vertex 85 164.111 0
      vertex 78.5 161.802 0
    endloop
  endfacet
  facet normal 0 0 -1
    outer loop
      vertex 0 187.6 0
      vertex 85 164.111 0
      vertex 74.5 164.111 0
    endloop
  endfacet
  facet normal 0 0 -1
    outer loop
      vertex 70.5 157.183 0
      vertex 68 157.183 0
      vertex 70.5 161.802 0
    endloop
  endfacet
  facet normal 0 0 -1
    outer loop
      vertex 68 161.802 0
      vertex 70.5 161.802 0
      vertex 68 157.183 0
    endloop
  endfacet
  facet normal 0 0 -1
    outer loop
      vertex 68 161.802 0
      vertex 74.5 164.111 0
      vertex 70.5 161.802 0
    endloop
  endfacet
  facet normal 0 0 -1
    outer loop
      vertex 64 164.111 0
      vertex 74.5 164.111 0
      vertex 68 161.802 0
    endloop
  endfacet
  facet normal 0 0 -1
    outer loop
      vertex 0 187.6 0
      vertex 74.5 164.111 0
      vertex 64 164.111 0
    endloop
  endfacet
  facet normal 0 0 -1
    outer loop
      vertex 60 157.183 0
      vertex 57.5 157.183 0
      vertex 60 161.802 0
    endloop
  endfacet
  facet normal 0 0 -1
    outer loop
      vertex 57.5 161.802 0
      vertex 60 161.802 0
      vertex 57.5 157.183 0
    endloop
  endfacet
  facet normal 0 0 -1
    outer loop
      vertex 57.5 161.802 0
      vertex 64 164.111 0
      vertex 60 161.802 0
    endloop
  endfacet
  facet normal 0 0 -1
    outer loop
      vertex 53.5 164.111 0
      vertex 64 164.111 0
      vertex 57.5 161.802 0
    endloop
  endfacet
  facet normal 0 0 -1
    outer loop
      vertex 14.9926 177.343 0
      vertex 64 164.111 0
      vertex 53.5 164.111 0
    endloop
  endfacet
  facet normal 0 0 -1
    outer loop
      vertex 49.5 157.183 0
      vertex 47 157.183 0
      vertex 49.5 161.802 0
    endloop
  endfacet
  facet normal 0 0 -1
    outer loop
      vertex 47 161.802 0
      vertex 49.5 161.802 0
      vertex 47 157.183 0
    endloop
  endfacet
  facet normal 0 0 -1
    outer loop
      vertex 47 161.802 0
      vertex 53.5 164.111 0
      vertex 49.5 161.802 0
    endloop
  endfacet
  facet normal 0 0 -1
    outer loop
      vertex 43 164.111 0
      vertex 53.5 164.111 0
      vertex 47 161.802 0
    endloop
  endfacet
  facet normal 0 0 -1
    outer loop
      vertex 15.3971 176.997 0
      vertex 53.5 164.111 0
      vertex 43 164.111 0
    endloop
  endfacet
  facet normal 0 0 -1
    outer loop
      vertex 39 157.183 0
      vertex 36.5 157.183 0
      vertex 39 161.802 0
    endloop
  endfacet
  facet normal 0 0 -1
    outer loop
      vertex 36.5 161.802 0
      vertex 39 161.802 0
      vertex 36.5 157.183 0
    endloop
  endfacet
  facet normal 0 0 -1
    outer loop
      vertex 36.5 161.802 0
      vertex 43 164.111 0
      vertex 39 161.802 0
    endloop
  endfacet
  facet normal 0 0 -1
    outer loop
      vertex 32.5 164.111 0
      vertex 43 164.111 0
      vertex 36.5 161.802 0
    endloop
  endfacet
  facet normal 0 0 -1
    outer loop
      vertex 16.0205 176.139 0
      vertex 43 164.111 0
      vertex 32.5 164.111 0
    endloop
  endfacet
  facet normal 0 0 -1
    outer loop
      vertex 23.25 152.708 0
      vertex 28.5 161.802 0
      vertex 27.25 155.018 0
    endloop
  endfacet
  facet normal 0 0 -1
    outer loop
      vertex 16.39 174.6 0
      vertex 28.5 161.802 0
      vertex 23.25 152.708 0
    endloop
  endfacet
  facet normal 0 0 -1
    outer loop
      vertex 16.39 174.6 0
      vertex 32.5 164.111 0
      vertex 28.5 161.802 0
    endloop
  endfacet
  facet normal 0 0 -1
    outer loop
      vertex 16.3484 175.129 0
      vertex 32.5 164.111 0
      vertex 16.39 174.6 0
    endloop
  endfacet
  facet normal 0 0 -1
    outer loop
      vertex 16.3483 175.13 0
      vertex 32.5 164.111 0
      vertex 16.3484 175.129 0
    endloop
  endfacet
  facet normal 0 0 -1
    outer loop
      vertex 16.2244 175.646 0
      vertex 32.5 164.111 0
      vertex 16.3483 175.13 0
    endloop
  endfacet
  facet normal 0 0 -1
    outer loop
      vertex 16.2241 175.648 0
      vertex 32.5 164.111 0
      vertex 16.2244 175.646 0
    endloop
  endfacet
  facet normal 0 0 -1
    outer loop
      vertex 16.2235 175.649 0
      vertex 32.5 164.111 0
      vertex 16.2241 175.648 0
    endloop
  endfacet
  facet normal 0 0 -1
    outer loop
      vertex 16.0205 176.139 0
      vertex 32.5 164.111 0
      vertex 16.2235 175.649 0
    endloop
  endfacet
  facet normal 0 0 -1
    outer loop
      vertex 43 164.111 0
      vertex 16.0205 176.139 0
      vertex 15.7426 176.593 0
    endloop
  endfacet
  facet normal 0 0 -1
    outer loop
      vertex 43 164.111 0
      vertex 15.7426 176.593 0
      vertex 15.3971 176.997 0
    endloop
  endfacet
  facet normal 0 0 -1
    outer loop
      vertex 53.5 164.111 0
      vertex 15.3971 176.997 0
      vertex 14.9926 177.343 0
    endloop
  endfacet
  facet normal 0 0 1
    outer loop
      vertex 64 164.111 0
      vertex 14.9926 177.343 0
      vertex 14.9913 177.343 0
    endloop
  endfacet
  facet normal 0 0 -1
    outer loop
      vertex 64 164.111 0
      vertex 14.9913 177.343 0
      vertex 14.539 177.621 0
    endloop
  endfacet
  facet normal 0 0 -1
    outer loop
      vertex 64 164.111 0
      vertex 14.539 177.621 0
      vertex 0 187.6 0
    endloop
  endfacet
  facet normal 0 0 -1
    outer loop
      vertex 0 187.6 0
      vertex 14.539 177.621 0
      vertex 14.0476 177.824 0
    endloop
  endfacet
  facet normal 0 0 -1
    outer loop
      vertex 0 187.6 0
      vertex 14.0476 177.824 0
      vertex 13.5318 177.948 0
    endloop
  endfacet
  facet normal 0 0 -1
    outer loop
      vertex 0 187.6 0
      vertex 13.5318 177.948 0
      vertex 13.5303 177.948 0
    endloop
  endfacet
  facet normal 0 0 -1
    outer loop
      vertex 0 187.6 0
      vertex 13.5303 177.948 0
      vertex 13.0016 177.99 0
    endloop
  endfacet
  facet normal 0 0 -1
    outer loop
      vertex 0 187.6 0
      vertex 13.0016 177.99 0
      vertex 13 177.99 0
    endloop
  endfacet
  facet normal 0 0 -1
    outer loop
      vertex 0 187.6 0
      vertex 11.0087 177.343 0
      vertex 11.0074 177.343 0
    endloop
  endfacet
  facet normal 0 0 -1
    outer loop
      vertex 0 187.6 0
      vertex 9.77555 175.646 0
      vertex 9.65174 175.13 0
    endloop
  endfacet
  facet normal 0 0 -1
    outer loop
      vertex 85 164.111 0
      vertex 0 187.6 0
      vertex 174.9 187.6 0
    endloop
  endfacet
  facet normal 0 0 -1
    outer loop
      vertex 12.9984 177.99 0
      vertex 0 187.6 0
      vertex 13 177.99 0
    endloop
  endfacet
  facet normal 0 0 -1
    outer loop
      vertex 12.4697 177.948 0
      vertex 0 187.6 0
      vertex 12.9984 177.99 0
    endloop
  endfacet
  facet normal 0 0 -1
    outer loop
      vertex 12.4682 177.948 0
      vertex 0 187.6 0
      vertex 12.4697 177.948 0
    endloop
  endfacet
  facet normal 0 0 -1
    outer loop
      vertex 11.9524 177.824 0
      vertex 0 187.6 0
      vertex 12.4682 177.948 0
    endloop
  endfacet
  facet normal 0 0 -1
    outer loop
      vertex 11.461 177.621 0
      vertex 0 187.6 0
      vertex 11.9524 177.824 0
    endloop
  endfacet
  facet normal 0 0 -1
    outer loop
      vertex 11.0087 177.343 0
      vertex 0 187.6 0
      vertex 11.461 177.621 0
    endloop
  endfacet
  facet normal 0 0 -1
    outer loop
      vertex 10.6029 176.997 0
      vertex 0 187.6 0
      vertex 11.0074 177.343 0
    endloop
  endfacet
  facet normal 0 0 -1
    outer loop
      vertex 10.2574 176.593 0
      vertex 0 187.6 0
      vertex 10.6029 176.997 0
    endloop
  endfacet
  facet normal 0 0 -1
    outer loop
      vertex 9.97949 176.139 0
      vertex 0 187.6 0
      vertex 10.2574 176.593 0
    endloop
  endfacet
  facet normal 0 0 -1
    outer loop
      vertex 9.77652 175.649 0
      vertex 0 187.6 0
      vertex 9.97949 176.139 0
    endloop
  endfacet
  facet normal 0 0 -1
    outer loop
      vertex 9.77592 175.648 0
      vertex 0 187.6 0
      vertex 9.77652 175.649 0
    endloop
  endfacet
  facet normal 0 0 -1
    outer loop
      vertex 9.77555 175.646 0
      vertex 0 187.6 0
      vertex 9.77592 175.648 0
    endloop
  endfacet
  facet normal 0 0 -1
    outer loop
      vertex 9.65161 175.129 0
      vertex 0 187.6 0
      vertex 9.65174 175.13 0
    endloop
  endfacet
  facet normal 0 0 -1
    outer loop
      vertex 9.61 174.6 0
      vertex 0 187.6 0
      vertex 9.65161 175.129 0
    endloop
  endfacet
  facet normal 0 0 -1
    outer loop
      vertex 9.65161 174.071 0
      vertex 0 187.6 0
      vertex 9.61 174.6 0
    endloop
  endfacet
  facet normal 0 0 -1
    outer loop
      vertex 152 34.4959 0
      vertex 153.25 36.661 0
      vertex 152 29.8771 0
    endloop
  endfacet
  facet normal 0 0 -1
    outer loop
      vertex 152 34.4959 0
      vertex 149.25 38.9704 0
      vertex 153.25 36.661 0
    endloop
  endfacet
  facet normal 0 0 -1
    outer loop
      vertex 146.75 38.9704 0
      vertex 149.25 38.9704 0
      vertex 148 36.8053 0
    endloop
  endfacet
  facet normal 0 0 -1
    outer loop
      vertex 148 36.8053 0
      vertex 149.25 38.9704 0
      vertex 152 34.4959 0
    endloop
  endfacet
  facet normal 0 0 -1
    outer loop
      vertex 152 52.6825 0
      vertex 153.25 54.8475 0
      vertex 152 48.0637 0
    endloop
  endfacet
  facet normal 0 0 -1
    outer loop
      vertex 152 52.6825 0
      vertex 149.25 57.1569 0
      vertex 153.25 54.8475 0
    endloop
  endfacet
  facet normal 0 0 -1
    outer loop
      vertex 146.75 57.1569 0
      vertex 149.25 57.1569 0
      vertex 148 54.9919 0
    endloop
  endfacet
  facet normal 0 0 -1
    outer loop
      vertex 148 54.9919 0
      vertex 149.25 57.1569 0
      vertex 152 52.6825 0
    endloop
  endfacet
  facet normal 0 0 -1
    outer loop
      vertex 152 70.869 0
      vertex 153.25 73.0341 0
      vertex 152 66.2502 0
    endloop
  endfacet
  facet normal 0 0 -1
    outer loop
      vertex 152 70.869 0
      vertex 149.25 75.3435 0
      vertex 153.25 73.0341 0
    endloop
  endfacet
  facet normal 0 0 -1
    outer loop
      vertex 146.75 75.3435 0
      vertex 149.25 75.3435 0
      vertex 148 73.1784 0
    endloop
  endfacet
  facet normal 0 0 -1
    outer loop
      vertex 148 73.1784 0
      vertex 149.25 75.3435 0
      vertex 152 70.869 0
    endloop
  endfacet
  facet normal 0 0 -1
    outer loop
      vertex 152 89.0555 0
      vertex 153.25 91.2206 0
      vertex 152 84.4367 0
    endloop
  endfacet
  facet normal 0 0 -1
    outer loop
      vertex 152 89.0555 0
      vertex 149.25 93.53 0
      vertex 153.25 91.2206 0
    endloop
  endfacet
  facet normal 0 0 -1
    outer loop
      vertex 146.75 93.53 0
      vertex 149.25 93.53 0
      vertex 148 91.3649 0
    endloop
  endfacet
  facet normal 0 0 -1
    outer loop
      vertex 148 91.3649 0
      vertex 149.25 93.53 0
      vertex 152 89.0555 0
    endloop
  endfacet
  facet normal 0 0 -1
    outer loop
      vertex 152 107.242 0
      vertex 153.25 109.407 0
      vertex 152 102.623 0
    endloop
  endfacet
  facet normal 0 0 -1
    outer loop
      vertex 152 107.242 0
      vertex 149.25 111.717 0
      vertex 153.25 109.407 0
    endloop
  endfacet
  facet normal 0 0 -1
    outer loop
      vertex 146.75 111.717 0
      vertex 149.25 111.717 0
      vertex 148 109.551 0
    endloop
  endfacet
  facet normal 0 0 -1
    outer loop
      vertex 148 109.551 0
      vertex 149.25 111.717 0
      vertex 152 107.242 0
    endloop
  endfacet
  facet normal 0 0 -1
    outer loop
      vertex 152 125.429 0
      vertex 153.25 127.594 0
      vertex 152 120.81 0
    endloop
  endfacet
  facet normal 0 0 -1
    outer loop
      vertex 152 125.429 0
      vertex 149.25 129.903 0
      vertex 153.25 127.594 0
    endloop
  endfacet
  facet normal 0 0 -1
    outer loop
      vertex 146.75 129.903 0
      vertex 149.25 129.903 0
      vertex 148 127.738 0
    endloop
  endfacet
  facet normal 0 0 -1
    outer loop
      vertex 148 127.738 0
      vertex 149.25 129.903 0
      vertex 152 125.429 0
    endloop
  endfacet
  facet normal 0 0 -1
    outer loop
      vertex 152 143.615 0
      vertex 153.25 145.78 0
      vertex 152 138.996 0
    endloop
  endfacet
  facet normal 0 0 -1
    outer loop
      vertex 152 143.615 0
      vertex 149.25 148.09 0
      vertex 153.25 145.78 0
    endloop
  endfacet
  facet normal 0 0 -1
    outer loop
      vertex 146.75 148.09 0
      vertex 149.25 148.09 0
      vertex 148 145.925 0
    endloop
  endfacet
  facet normal 0 0 -1
    outer loop
      vertex 148 145.925 0
      vertex 149.25 148.09 0
      vertex 152 143.615 0
    endloop
  endfacet
  facet normal 0 0 1
    outer loop
      vertex 28.5 29.8771 3
      vertex 31.25 25.4027 3
      vertex 32.5 27.5677 3
    endloop
  endfacet
  facet normal 0 0 1
    outer loop
      vertex 28.5 29.8771 3
      vertex 27.25 27.7121 3
      vertex 31.25 25.4027 3
    endloop
  endfacet
  facet normal 0 0 1
    outer loop
      vertex 27.25 36.661 3
      vertex 27.25 27.7121 3
      vertex 28.5 29.8771 3
    endloop
  endfacet
  facet normal 0 0 1
    outer loop
      vertex 23.25 38.9704 3
      vertex 27.25 27.7121 3
      vertex 27.25 36.661 3
    endloop
  endfacet
  facet normal 0 0 1
    outer loop
      vertex 27.25 27.7121 3
      vertex 23.25 38.9704 3
      vertex 23.25 25.4027 3
    endloop
  endfacet
  facet normal 0 0 1
    outer loop
      vertex 33.75 148.09 3
      vertex 31.25 148.09 3
      vertex 32.5 145.925 3
    endloop
  endfacet
  facet normal 0 0 1
    outer loop
      vertex 31.25 148.09 3
      vertex 28.5 143.615 3
      vertex 32.5 145.925 3
    endloop
  endfacet
  facet normal 0 0 1
    outer loop
      vertex 28.5 143.615 3
      vertex 27.25 145.78 3
      vertex 28.5 138.996 3
    endloop
  endfacet
  facet normal -0 0 1
    outer loop
      vertex 27.25 145.78 3
      vertex 28.5 143.615 3
      vertex 31.25 148.09 3
    endloop
  endfacet
  facet normal 0 0 1
    outer loop
      vertex 33.75 129.903 3
      vertex 31.25 129.903 3
      vertex 32.5 127.738 3
    endloop
  endfacet
  facet normal 0 0 1
    outer loop
      vertex 31.25 129.903 3
      vertex 28.5 125.429 3
      vertex 32.5 127.738 3
    endloop
  endfacet
  facet normal 0 0 1
    outer loop
      vertex 28.5 125.429 3
      vertex 27.25 127.594 3
      vertex 28.5 120.81 3
    endloop
  endfacet
  facet normal -0 0 1
    outer loop
      vertex 27.25 127.594 3
      vertex 28.5 125.429 3
      vertex 31.25 129.903 3
    endloop
  endfacet
  facet normal 0 0 1
    outer loop
      vertex 33.75 111.717 3
      vertex 31.25 111.717 3
      vertex 32.5 109.551 3
    endloop
  endfacet
  facet normal 0 0 1
    outer loop
      vertex 31.25 111.717 3
      vertex 28.5 107.242 3
      vertex 32.5 109.551 3
    endloop
  endfacet
  facet normal 0 0 1
    outer loop
      vertex 28.5 107.242 3
      vertex 27.25 109.407 3
      vertex 28.5 102.623 3
    endloop
  endfacet
  facet normal -0 0 1
    outer loop
      vertex 27.25 109.407 3
      vertex 28.5 107.242 3
      vertex 31.25 111.717 3
    endloop
  endfacet
  facet normal 0 0 1
    outer loop
      vertex 33.75 93.53 3
      vertex 31.25 93.53 3
      vertex 32.5 91.3649 3
    endloop
  endfacet
  facet normal 0 0 1
    outer loop
      vertex 31.25 93.53 3
      vertex 28.5 89.0555 3
      vertex 32.5 91.3649 3
    endloop
  endfacet
  facet normal 0 0 1
    outer loop
      vertex 28.5 89.0555 3
      vertex 27.25 91.2206 3
      vertex 28.5 84.4367 3
    endloop
  endfacet
  facet normal -0 0 1
    outer loop
      vertex 27.25 91.2206 3
      vertex 28.5 89.0555 3
      vertex 31.25 93.53 3
    endloop
  endfacet
  facet normal 0 0 1
    outer loop
      vertex 33.75 75.3435 3
      vertex 31.25 75.3435 3
      vertex 32.5 73.1784 3
    endloop
  endfacet
  facet normal 0 0 1
    outer loop
      vertex 31.25 75.3435 3
      vertex 28.5 70.869 3
      vertex 32.5 73.1784 3
    endloop
  endfacet
  facet normal 0 0 1
    outer loop
      vertex 28.5 70.869 3
      vertex 27.25 73.0341 3
      vertex 28.5 66.2502 3
    endloop
  endfacet
  facet normal -0 0 1
    outer loop
      vertex 27.25 73.0341 3
      vertex 28.5 70.869 3
      vertex 31.25 75.3435 3
    endloop
  endfacet
  facet normal 0 0 1
    outer loop
      vertex 33.75 57.1569 3
      vertex 31.25 57.1569 3
      vertex 32.5 54.9919 3
    endloop
  endfacet
  facet normal 0 0 1
    outer loop
      vertex 31.25 57.1569 3
      vertex 28.5 52.6825 3
      vertex 32.5 54.9919 3
    endloop
  endfacet
  facet normal 0 0 1
    outer loop
      vertex 28.5 52.6825 3
      vertex 27.25 54.8475 3
      vertex 28.5 48.0637 3
    endloop
  endfacet
  facet normal -0 0 1
    outer loop
      vertex 27.25 54.8475 3
      vertex 28.5 52.6825 3
      vertex 31.25 57.1569 3
    endloop
  endfacet
  facet normal 0 0 1
    outer loop
      vertex 33.75 38.9704 3
      vertex 31.25 38.9704 3
      vertex 32.5 36.8053 3
    endloop
  endfacet
  facet normal 0 0 1
    outer loop
      vertex 31.25 38.9704 3
      vertex 28.5 34.4959 3
      vertex 32.5 36.8053 3
    endloop
  endfacet
  facet normal 0 0 1
    outer loop
      vertex 28.5 34.4959 3
      vertex 27.25 36.661 3
      vertex 28.5 29.8771 3
    endloop
  endfacet
  facet normal -0 0 1
    outer loop
      vertex 27.25 36.661 3
      vertex 28.5 34.4959 3
      vertex 31.25 38.9704 3
    endloop
  endfacet
  facet normal 0 0 1
    outer loop
      vertex 39 157.183 3
      vertex 36.5 157.183 3
      vertex 37.75 155.018 3
    endloop
  endfacet
  facet normal 0 0 1
    outer loop
      vertex 36.5 157.183 3
      vertex 33.75 152.708 3
      vertex 37.75 155.018 3
    endloop
  endfacet
  facet normal 0 0 1
    outer loop
      vertex 31.25 152.708 3
      vertex 33.75 152.708 3
      vertex 32.5 154.873 3
    endloop
  endfacet
  facet normal -0 0 1
    outer loop
      vertex 32.5 154.873 3
      vertex 33.75 152.708 3
      vertex 36.5 157.183 3
    endloop
  endfacet
  facet normal 0 0 1
    outer loop
      vertex 39 138.996 3
      vertex 36.5 138.996 3
      vertex 37.75 136.831 3
    endloop
  endfacet
  facet normal 0 0 1
    outer loop
      vertex 36.5 138.996 3
      vertex 33.75 134.522 3
      vertex 37.75 136.831 3
    endloop
  endfacet
  facet normal 0 0 1
    outer loop
      vertex 31.25 134.522 3
      vertex 33.75 134.522 3
      vertex 32.5 136.687 3
    endloop
  endfacet
  facet normal -0 0 1
    outer loop
      vertex 32.5 136.687 3
      vertex 33.75 134.522 3
      vertex 36.5 138.996 3
    endloop
  endfacet
  facet normal 0 0 1
    outer loop
      vertex 39 120.81 3
      vertex 36.5 120.81 3
      vertex 37.75 118.645 3
    endloop
  endfacet
  facet normal 0 0 1
    outer loop
      vertex 36.5 120.81 3
      vertex 33.75 116.335 3
      vertex 37.75 118.645 3
    endloop
  endfacet
  facet normal 0 0 1
    outer loop
      vertex 31.25 116.335 3
      vertex 33.75 116.335 3
      vertex 32.5 118.5 3
    endloop
  endfacet
  facet normal -0 0 1
    outer loop
      vertex 32.5 118.5 3
      vertex 33.75 116.335 3
      vertex 36.5 120.81 3
    endloop
  endfacet
  facet normal 0 0 1
    outer loop
      vertex 39 102.623 3
      vertex 36.5 102.623 3
      vertex 37.75 100.458 3
    endloop
  endfacet
  facet normal 0 0 1
    outer loop
      vertex 36.5 102.623 3
      vertex 33.75 98.1488 3
      vertex 37.75 100.458 3
    endloop
  endfacet
  facet normal 0 0 1
    outer loop
      vertex 31.25 98.1488 3
      vertex 33.75 98.1488 3
      vertex 32.5 100.314 3
    endloop
  endfacet
  facet normal -0 0 1
    outer loop
      vertex 32.5 100.314 3
      vertex 33.75 98.1488 3
      vertex 36.5 102.623 3
    endloop
  endfacet
  facet normal 0 0 1
    outer loop
      vertex 39 84.4367 3
      vertex 36.5 84.4367 3
      vertex 37.75 82.2717 3
    endloop
  endfacet
  facet normal 0 0 1
    outer loop
      vertex 36.5 84.4367 3
      vertex 33.75 79.9623 3
      vertex 37.75 82.2717 3
    endloop
  endfacet
  facet normal 0 0 1
    outer loop
      vertex 31.25 79.9623 3
      vertex 33.75 79.9623 3
      vertex 32.5 82.1273 3
    endloop
  endfacet
  facet normal -0 0 1
    outer loop
      vertex 32.5 82.1273 3
      vertex 33.75 79.9623 3
      vertex 36.5 84.4367 3
    endloop
  endfacet
  facet normal 0 0 1
    outer loop
      vertex 39 66.2502 3
      vertex 36.5 66.2502 3
      vertex 37.75 64.0851 3
    endloop
  endfacet
  facet normal 0 0 1
    outer loop
      vertex 36.5 66.2502 3
      vertex 33.75 61.7757 3
      vertex 37.75 64.0851 3
    endloop
  endfacet
  facet normal 0 0 1
    outer loop
      vertex 31.25 61.7757 3
      vertex 33.75 61.7757 3
      vertex 32.5 63.9408 3
    endloop
  endfacet
  facet normal -0 0 1
    outer loop
      vertex 32.5 63.9408 3
      vertex 33.75 61.7757 3
      vertex 36.5 66.2502 3
    endloop
  endfacet
  facet normal 0 0 1
    outer loop
      vertex 39 48.0637 3
      vertex 36.5 48.0637 3
      vertex 37.75 45.8986 3
    endloop
  endfacet
  facet normal 0 0 1
    outer loop
      vertex 36.5 48.0637 3
      vertex 33.75 43.5892 3
      vertex 37.75 45.8986 3
    endloop
  endfacet
  facet normal 0 0 1
    outer loop
      vertex 31.25 43.5892 3
      vertex 33.75 43.5892 3
      vertex 32.5 45.7543 3
    endloop
  endfacet
  facet normal -0 0 1
    outer loop
      vertex 32.5 45.7543 3
      vertex 33.75 43.5892 3
      vertex 36.5 48.0637 3
    endloop
  endfacet
  facet normal 0 0 1
    outer loop
      vertex 39 29.8771 3
      vertex 36.5 29.8771 3
      vertex 37.75 27.7121 3
    endloop
  endfacet
  facet normal 0 0 1
    outer loop
      vertex 36.5 29.8771 3
      vertex 33.75 25.4027 3
      vertex 37.75 27.7121 3
    endloop
  endfacet
  facet normal 0 0 1
    outer loop
      vertex 31.25 25.4027 3
      vertex 33.75 25.4027 3
      vertex 32.5 27.5677 3
    endloop
  endfacet
  facet normal -0 0 1
    outer loop
      vertex 32.5 27.5677 3
      vertex 33.75 25.4027 3
      vertex 36.5 29.8771 3
    endloop
  endfacet
  facet normal 0 0 1
    outer loop
      vertex 39 29.8771 3
      vertex 41.75 25.4027 3
      vertex 43 27.5677 3
    endloop
  endfacet
  facet normal 0 0 1
    outer loop
      vertex 39 29.8771 3
      vertex 37.75 27.7121 3
      vertex 41.75 25.4027 3
    endloop
  endfacet
  facet normal 0 0 1
    outer loop
      vertex 39 34.4959 3
      vertex 36.5 34.4959 3
      vertex 39 29.8771 3
    endloop
  endfacet
  facet normal 0 0 1
    outer loop
      vertex 36.5 29.8771 3
      vertex 39 29.8771 3
      vertex 36.5 34.4959 3
    endloop
  endfacet
  facet normal 0 0 1
    outer loop
      vertex 33.75 38.9704 3
      vertex 36.5 34.4959 3
      vertex 37.75 36.661 3
    endloop
  endfacet
  facet normal 0 0 1
    outer loop
      vertex 33.75 38.9704 3
      vertex 32.5 36.8053 3
      vertex 36.5 34.4959 3
    endloop
  endfacet
  facet normal 0 0 1
    outer loop
      vertex 33.75 43.5892 3
      vertex 31.25 43.5892 3
      vertex 33.75 38.9704 3
    endloop
  endfacet
  facet normal 0 0 1
    outer loop
      vertex 31.25 38.9704 3
      vertex 33.75 38.9704 3
      vertex 31.25 43.5892 3
    endloop
  endfacet
  facet normal 0 0 1
    outer loop
      vertex 28.5 48.0637 3
      vertex 31.25 43.5892 3
      vertex 32.5 45.7543 3
    endloop
  endfacet
  facet normal 0 0 1
    outer loop
      vertex 28.5 48.0637 3
      vertex 27.25 45.8986 3
      vertex 31.25 43.5892 3
    endloop
  endfacet
  facet normal 0 0 1
    outer loop
      vertex 27.25 54.8475 3
      vertex 27.25 45.8986 3
      vertex 28.5 48.0637 3
    endloop
  endfacet
  facet normal 0 0 1
    outer loop
      vertex 23.25 57.1569 3
      vertex 27.25 45.8986 3
      vertex 27.25 54.8475 3
    endloop
  endfacet
  facet normal 0 0 1
    outer loop
      vertex 27.25 45.8986 3
      vertex 23.25 57.1569 3
      vertex 23.25 43.5892 3
    endloop
  endfacet
  facet normal 0 0 1
    outer loop
      vertex 44.25 148.09 3
      vertex 41.75 148.09 3
      vertex 43 145.925 3
    endloop
  endfacet
  facet normal 0 0 1
    outer loop
      vertex 41.75 148.09 3
      vertex 39 143.615 3
      vertex 43 145.925 3
    endloop
  endfacet
  facet normal 0 0 1
    outer loop
      vertex 36.5 143.615 3
      vertex 39 143.615 3
      vertex 37.75 145.78 3
    endloop
  endfacet
  facet normal -0 0 1
    outer loop
      vertex 37.75 145.78 3
      vertex 39 143.615 3
      vertex 41.75 148.09 3
    endloop
  endfacet
  facet normal 0 0 1
    outer loop
      vertex 44.25 129.903 3
      vertex 41.75 129.903 3
      vertex 43 127.738 3
    endloop
  endfacet
  facet normal 0 0 1
    outer loop
      vertex 41.75 129.903 3
      vertex 39 125.429 3
      vertex 43 127.738 3
    endloop
  endfacet
  facet normal 0 0 1
    outer loop
      vertex 36.5 125.429 3
      vertex 39 125.429 3
      vertex 37.75 127.594 3
    endloop
  endfacet
  facet normal -0 0 1
    outer loop
      vertex 37.75 127.594 3
      vertex 39 125.429 3
      vertex 41.75 129.903 3
    endloop
  endfacet
  facet normal 0 0 1
    outer loop
      vertex 44.25 111.717 3
      vertex 41.75 111.717 3
      vertex 43 109.551 3
    endloop
  endfacet
  facet normal 0 0 1
    outer loop
      vertex 41.75 111.717 3
      vertex 39 107.242 3
      vertex 43 109.551 3
    endloop
  endfacet
  facet normal 0 0 1
    outer loop
      vertex 36.5 107.242 3
      vertex 39 107.242 3
      vertex 37.75 109.407 3
    endloop
  endfacet
  facet normal -0 0 1
    outer loop
      vertex 37.75 109.407 3
      vertex 39 107.242 3
      vertex 41.75 111.717 3
    endloop
  endfacet
  facet normal 0 0 1
    outer loop
      vertex 44.25 93.53 3
      vertex 41.75 93.53 3
      vertex 43 91.3649 3
    endloop
  endfacet
  facet normal 0 0 1
    outer loop
      vertex 41.75 93.53 3
      vertex 39 89.0555 3
      vertex 43 91.3649 3
    endloop
  endfacet
  facet normal 0 0 1
    outer loop
      vertex 36.5 89.0555 3
      vertex 39 89.0555 3
      vertex 37.75 91.2206 3
    endloop
  endfacet
  facet normal -0 0 1
    outer loop
      vertex 37.75 91.2206 3
      vertex 39 89.0555 3
      vertex 41.75 93.53 3
    endloop
  endfacet
  facet normal 0 0 1
    outer loop
      vertex 44.25 75.3435 3
      vertex 41.75 75.3435 3
      vertex 43 73.1784 3
    endloop
  endfacet
  facet normal 0 0 1
    outer loop
      vertex 41.75 75.3435 3
      vertex 39 70.869 3
      vertex 43 73.1784 3
    endloop
  endfacet
  facet normal 0 0 1
    outer loop
      vertex 36.5 70.869 3
      vertex 39 70.869 3
      vertex 37.75 73.0341 3
    endloop
  endfacet
  facet normal -0 0 1
    outer loop
      vertex 37.75 73.0341 3
      vertex 39 70.869 3
      vertex 41.75 75.3435 3
    endloop
  endfacet
  facet normal 0 0 1
    outer loop
      vertex 44.25 57.1569 3
      vertex 41.75 57.1569 3
      vertex 43 54.9919 3
    endloop
  endfacet
  facet normal 0 0 1
    outer loop
      vertex 41.75 57.1569 3
      vertex 39 52.6825 3
      vertex 43 54.9919 3
    endloop
  endfacet
  facet normal 0 0 1
    outer loop
      vertex 36.5 52.6825 3
      vertex 39 52.6825 3
      vertex 37.75 54.8475 3
    endloop
  endfacet
  facet normal -0 0 1
    outer loop
      vertex 37.75 54.8475 3
      vertex 39 52.6825 3
      vertex 41.75 57.1569 3
    endloop
  endfacet
  facet normal 0 0 1
    outer loop
      vertex 44.25 38.9704 3
      vertex 41.75 38.9704 3
      vertex 43 36.8053 3
    endloop
  endfacet
  facet normal 0 0 1
    outer loop
      vertex 41.75 38.9704 3
      vertex 39 34.4959 3
      vertex 43 36.8053 3
    endloop
  endfacet
  facet normal 0 0 1
    outer loop
      vertex 36.5 34.4959 3
      vertex 39 34.4959 3
      vertex 37.75 36.661 3
    endloop
  endfacet
  facet normal -0 0 1
    outer loop
      vertex 37.75 36.661 3
      vertex 39 34.4959 3
      vertex 41.75 38.9704 3
    endloop
  endfacet
  facet normal 0 0 1
    outer loop
      vertex 49.5 157.183 3
      vertex 47 157.183 3
      vertex 48.25 155.018 3
    endloop
  endfacet
  facet normal 0 0 1
    outer loop
      vertex 47 157.183 3
      vertex 44.25 152.708 3
      vertex 48.25 155.018 3
    endloop
  endfacet
  facet normal 0 0 1
    outer loop
      vertex 41.75 152.708 3
      vertex 44.25 152.708 3
      vertex 43 154.873 3
    endloop
  endfacet
  facet normal -0 0 1
    outer loop
      vertex 43 154.873 3
      vertex 44.25 152.708 3
      vertex 47 157.183 3
    endloop
  endfacet
  facet normal 0 0 1
    outer loop
      vertex 49.5 138.996 3
      vertex 47 138.996 3
      vertex 48.25 136.831 3
    endloop
  endfacet
  facet normal 0 0 1
    outer loop
      vertex 47 138.996 3
      vertex 44.25 134.522 3
      vertex 48.25 136.831 3
    endloop
  endfacet
  facet normal 0 0 1
    outer loop
      vertex 41.75 134.522 3
      vertex 44.25 134.522 3
      vertex 43 136.687 3
    endloop
  endfacet
  facet normal -0 0 1
    outer loop
      vertex 43 136.687 3
      vertex 44.25 134.522 3
      vertex 47 138.996 3
    endloop
  endfacet
  facet normal 0 0 1
    outer loop
      vertex 49.5 120.81 3
      vertex 47 120.81 3
      vertex 48.25 118.645 3
    endloop
  endfacet
  facet normal 0 0 1
    outer loop
      vertex 47 120.81 3
      vertex 44.25 116.335 3
      vertex 48.25 118.645 3
    endloop
  endfacet
  facet normal 0 0 1
    outer loop
      vertex 41.75 116.335 3
      vertex 44.25 116.335 3
      vertex 43 118.5 3
    endloop
  endfacet
  facet normal -0 0 1
    outer loop
      vertex 43 118.5 3
      vertex 44.25 116.335 3
      vertex 47 120.81 3
    endloop
  endfacet
  facet normal 0 0 1
    outer loop
      vertex 49.5 102.623 3
      vertex 47 102.623 3
      vertex 48.25 100.458 3
    endloop
  endfacet
  facet normal 0 0 1
    outer loop
      vertex 47 102.623 3
      vertex 44.25 98.1488 3
      vertex 48.25 100.458 3
    endloop
  endfacet
  facet normal 0 0 1
    outer loop
      vertex 41.75 98.1488 3
      vertex 44.25 98.1488 3
      vertex 43 100.314 3
    endloop
  endfacet
  facet normal -0 0 1
    outer loop
      vertex 43 100.314 3
      vertex 44.25 98.1488 3
      vertex 47 102.623 3
    endloop
  endfacet
  facet normal 0 0 1
    outer loop
      vertex 49.5 84.4367 3
      vertex 47 84.4367 3
      vertex 48.25 82.2717 3
    endloop
  endfacet
  facet normal 0 0 1
    outer loop
      vertex 47 84.4367 3
      vertex 44.25 79.9623 3
      vertex 48.25 82.2717 3
    endloop
  endfacet
  facet normal 0 0 1
    outer loop
      vertex 41.75 79.9623 3
      vertex 44.25 79.9623 3
      vertex 43 82.1273 3
    endloop
  endfacet
  facet normal -0 0 1
    outer loop
      vertex 43 82.1273 3
      vertex 44.25 79.9623 3
      vertex 47 84.4367 3
    endloop
  endfacet
  facet normal 0 0 1
    outer loop
      vertex 49.5 66.2502 3
      vertex 47 66.2502 3
      vertex 48.25 64.0851 3
    endloop
  endfacet
  facet normal 0 0 1
    outer loop
      vertex 47 66.2502 3
      vertex 44.25 61.7757 3
      vertex 48.25 64.0851 3
    endloop
  endfacet
  facet normal 0 0 1
    outer loop
      vertex 41.75 61.7757 3
      vertex 44.25 61.7757 3
      vertex 43 63.9408 3
    endloop
  endfacet
  facet normal -0 0 1
    outer loop
      vertex 43 63.9408 3
      vertex 44.25 61.7757 3
      vertex 47 66.2502 3
    endloop
  endfacet
  facet normal 0 0 1
    outer loop
      vertex 49.5 48.0637 3
      vertex 47 48.0637 3
      vertex 48.25 45.8986 3
    endloop
  endfacet
  facet normal 0 0 1
    outer loop
      vertex 47 48.0637 3
      vertex 44.25 43.5892 3
      vertex 48.25 45.8986 3
    endloop
  endfacet
  facet normal 0 0 1
    outer loop
      vertex 41.75 43.5892 3
      vertex 44.25 43.5892 3
      vertex 43 45.7543 3
    endloop
  endfacet
  facet normal -0 0 1
    outer loop
      vertex 43 45.7543 3
      vertex 44.25 43.5892 3
      vertex 47 48.0637 3
    endloop
  endfacet
  facet normal 0 0 1
    outer loop
      vertex 49.5 29.8771 3
      vertex 47 29.8771 3
      vertex 48.25 27.7121 3
    endloop
  endfacet
  facet normal 0 0 1
    outer loop
      vertex 47 29.8771 3
      vertex 44.25 25.4027 3
      vertex 48.25 27.7121 3
    endloop
  endfacet
  facet normal 0 0 1
    outer loop
      vertex 41.75 25.4027 3
      vertex 44.25 25.4027 3
      vertex 43 27.5677 3
    endloop
  endfacet
  facet normal -0 0 1
    outer loop
      vertex 43 27.5677 3
      vertex 44.25 25.4027 3
      vertex 47 29.8771 3
    endloop
  endfacet
  facet normal 0 0 1
    outer loop
      vertex 49.5 29.8771 3
      vertex 52.25 25.4027 3
      vertex 53.5 27.5677 3
    endloop
  endfacet
  facet normal 0 0 1
    outer loop
      vertex 49.5 29.8771 3
      vertex 48.25 27.7121 3
      vertex 52.25 25.4027 3
    endloop
  endfacet
  facet normal 0 0 1
    outer loop
      vertex 49.5 34.4959 3
      vertex 47 34.4959 3
      vertex 49.5 29.8771 3
    endloop
  endfacet
  facet normal 0 0 1
    outer loop
      vertex 47 29.8771 3
      vertex 49.5 29.8771 3
      vertex 47 34.4959 3
    endloop
  endfacet
  facet normal 0 0 1
    outer loop
      vertex 44.25 38.9704 3
      vertex 47 34.4959 3
      vertex 48.25 36.661 3
    endloop
  endfacet
  facet normal 0 0 1
    outer loop
      vertex 44.25 38.9704 3
      vertex 43 36.8053 3
      vertex 47 34.4959 3
    endloop
  endfacet
  facet normal 0 0 1
    outer loop
      vertex 44.25 43.5892 3
      vertex 41.75 43.5892 3
      vertex 44.25 38.9704 3
    endloop
  endfacet
  facet normal 0 0 1
    outer loop
      vertex 41.75 38.9704 3
      vertex 44.25 38.9704 3
      vertex 41.75 43.5892 3
    endloop
  endfacet
  facet normal 0 0 1
    outer loop
      vertex 39 48.0637 3
      vertex 41.75 43.5892 3
      vertex 43 45.7543 3
    endloop
  endfacet
  facet normal 0 0 1
    outer loop
      vertex 39 48.0637 3
      vertex 37.75 45.8986 3
      vertex 41.75 43.5892 3
    endloop
  endfacet
  facet normal 0 0 1
    outer loop
      vertex 39 52.6825 3
      vertex 36.5 52.6825 3
      vertex 39 48.0637 3
    endloop
  endfacet
  facet normal 0 0 1
    outer loop
      vertex 36.5 48.0637 3
      vertex 39 48.0637 3
      vertex 36.5 52.6825 3
    endloop
  endfacet
  facet normal 0 0 1
    outer loop
      vertex 33.75 57.1569 3
      vertex 36.5 52.6825 3
      vertex 37.75 54.8475 3
    endloop
  endfacet
  facet normal 0 0 1
    outer loop
      vertex 33.75 57.1569 3
      vertex 32.5 54.9919 3
      vertex 36.5 52.6825 3
    endloop
  endfacet
  facet normal 0 0 1
    outer loop
      vertex 33.75 61.7757 3
      vertex 31.25 61.7757 3
      vertex 33.75 57.1569 3
    endloop
  endfacet
  facet normal 0 0 1
    outer loop
      vertex 31.25 57.1569 3
      vertex 33.75 57.1569 3
      vertex 31.25 61.7757 3
    endloop
  endfacet
  facet normal 0 0 1
    outer loop
      vertex 28.5 66.2502 3
      vertex 31.25 61.7757 3
      vertex 32.5 63.9408 3
    endloop
  endfacet
  facet normal 0 0 1
    outer loop
      vertex 28.5 66.2502 3
      vertex 27.25 64.0851 3
      vertex 31.25 61.7757 3
    endloop
  endfacet
  facet normal 0 0 1
    outer loop
      vertex 27.25 73.0341 3
      vertex 27.25 64.0851 3
      vertex 28.5 66.2502 3
    endloop
  endfacet
  facet normal 0 0 1
    outer loop
      vertex 23.25 75.3435 3
      vertex 27.25 64.0851 3
      vertex 27.25 73.0341 3
    endloop
  endfacet
  facet normal 0 0 1
    outer loop
      vertex 27.25 64.0851 3
      vertex 23.25 75.3435 3
      vertex 23.25 61.7757 3
    endloop
  endfacet
  facet normal 0 0 1
    outer loop
      vertex 54.75 148.09 3
      vertex 52.25 148.09 3
      vertex 53.5 145.925 3
    endloop
  endfacet
  facet normal 0 0 1
    outer loop
      vertex 52.25 148.09 3
      vertex 49.5 143.615 3
      vertex 53.5 145.925 3
    endloop
  endfacet
  facet normal 0 0 1
    outer loop
      vertex 47 143.615 3
      vertex 49.5 143.615 3
      vertex 48.25 145.78 3
    endloop
  endfacet
  facet normal -0 0 1
    outer loop
      vertex 48.25 145.78 3
      vertex 49.5 143.615 3
      vertex 52.25 148.09 3
    endloop
  endfacet
  facet normal 0 0 1
    outer loop
      vertex 54.75 129.903 3
      vertex 52.25 129.903 3
      vertex 53.5 127.738 3
    endloop
  endfacet
  facet normal 0 0 1
    outer loop
      vertex 52.25 129.903 3
      vertex 49.5 125.429 3
      vertex 53.5 127.738 3
    endloop
  endfacet
  facet normal 0 0 1
    outer loop
      vertex 47 125.429 3
      vertex 49.5 125.429 3
      vertex 48.25 127.594 3
    endloop
  endfacet
  facet normal -0 0 1
    outer loop
      vertex 48.25 127.594 3
      vertex 49.5 125.429 3
      vertex 52.25 129.903 3
    endloop
  endfacet
  facet normal 0 0 1
    outer loop
      vertex 54.75 111.717 3
      vertex 52.25 111.717 3
      vertex 53.5 109.551 3
    endloop
  endfacet
  facet normal 0 0 1
    outer loop
      vertex 52.25 111.717 3
      vertex 49.5 107.242 3
      vertex 53.5 109.551 3
    endloop
  endfacet
  facet normal 0 0 1
    outer loop
      vertex 47 107.242 3
      vertex 49.5 107.242 3
      vertex 48.25 109.407 3
    endloop
  endfacet
  facet normal -0 0 1
    outer loop
      vertex 48.25 109.407 3
      vertex 49.5 107.242 3
      vertex 52.25 111.717 3
    endloop
  endfacet
  facet normal 0 0 1
    outer loop
      vertex 54.75 93.53 3
      vertex 52.25 93.53 3
      vertex 53.5 91.3649 3
    endloop
  endfacet
  facet normal 0 0 1
    outer loop
      vertex 52.25 93.53 3
      vertex 49.5 89.0555 3
      vertex 53.5 91.3649 3
    endloop
  endfacet
  facet normal 0 0 1
    outer loop
      vertex 47 89.0555 3
      vertex 49.5 89.0555 3
      vertex 48.25 91.2206 3
    endloop
  endfacet
  facet normal -0 0 1
    outer loop
      vertex 48.25 91.2206 3
      vertex 49.5 89.0555 3
      vertex 52.25 93.53 3
    endloop
  endfacet
  facet normal 0 0 1
    outer loop
      vertex 54.75 75.3435 3
      vertex 52.25 75.3435 3
      vertex 53.5 73.1784 3
    endloop
  endfacet
  facet normal 0 0 1
    outer loop
      vertex 52.25 75.3435 3
      vertex 49.5 70.869 3
      vertex 53.5 73.1784 3
    endloop
  endfacet
  facet normal 0 0 1
    outer loop
      vertex 47 70.869 3
      vertex 49.5 70.869 3
      vertex 48.25 73.0341 3
    endloop
  endfacet
  facet normal -0 0 1
    outer loop
      vertex 48.25 73.0341 3
      vertex 49.5 70.869 3
      vertex 52.25 75.3435 3
    endloop
  endfacet
  facet normal 0 0 1
    outer loop
      vertex 54.75 57.1569 3
      vertex 52.25 57.1569 3
      vertex 53.5 54.9919 3
    endloop
  endfacet
  facet normal 0 0 1
    outer loop
      vertex 52.25 57.1569 3
      vertex 49.5 52.6825 3
      vertex 53.5 54.9919 3
    endloop
  endfacet
  facet normal 0 0 1
    outer loop
      vertex 47 52.6825 3
      vertex 49.5 52.6825 3
      vertex 48.25 54.8475 3
    endloop
  endfacet
  facet normal -0 0 1
    outer loop
      vertex 48.25 54.8475 3
      vertex 49.5 52.6825 3
      vertex 52.25 57.1569 3
    endloop
  endfacet
  facet normal 0 0 1
    outer loop
      vertex 54.75 38.9704 3
      vertex 52.25 38.9704 3
      vertex 53.5 36.8053 3
    endloop
  endfacet
  facet normal 0 0 1
    outer loop
      vertex 52.25 38.9704 3
      vertex 49.5 34.4959 3
      vertex 53.5 36.8053 3
    endloop
  endfacet
  facet normal 0 0 1
    outer loop
      vertex 47 34.4959 3
      vertex 49.5 34.4959 3
      vertex 48.25 36.661 3
    endloop
  endfacet
  facet normal -0 0 1
    outer loop
      vertex 48.25 36.661 3
      vertex 49.5 34.4959 3
      vertex 52.25 38.9704 3
    endloop
  endfacet
  facet normal 0 0 1
    outer loop
      vertex 60 157.183 3
      vertex 57.5 157.183 3
      vertex 58.75 155.018 3
    endloop
  endfacet
  facet normal 0 0 1
    outer loop
      vertex 57.5 157.183 3
      vertex 54.75 152.708 3
      vertex 58.75 155.018 3
    endloop
  endfacet
  facet normal 0 0 1
    outer loop
      vertex 52.25 152.708 3
      vertex 54.75 152.708 3
      vertex 53.5 154.873 3
    endloop
  endfacet
  facet normal -0 0 1
    outer loop
      vertex 53.5 154.873 3
      vertex 54.75 152.708 3
      vertex 57.5 157.183 3
    endloop
  endfacet
  facet normal 0 0 1
    outer loop
      vertex 60 138.996 3
      vertex 57.5 138.996 3
      vertex 58.75 136.831 3
    endloop
  endfacet
  facet normal 0 0 1
    outer loop
      vertex 57.5 138.996 3
      vertex 54.75 134.522 3
      vertex 58.75 136.831 3
    endloop
  endfacet
  facet normal 0 0 1
    outer loop
      vertex 52.25 134.522 3
      vertex 54.75 134.522 3
      vertex 53.5 136.687 3
    endloop
  endfacet
  facet normal -0 0 1
    outer loop
      vertex 53.5 136.687 3
      vertex 54.75 134.522 3
      vertex 57.5 138.996 3
    endloop
  endfacet
  facet normal 0 0 1
    outer loop
      vertex 60 120.81 3
      vertex 57.5 120.81 3
      vertex 58.75 118.645 3
    endloop
  endfacet
  facet normal 0 0 1
    outer loop
      vertex 57.5 120.81 3
      vertex 54.75 116.335 3
      vertex 58.75 118.645 3
    endloop
  endfacet
  facet normal 0 0 1
    outer loop
      vertex 52.25 116.335 3
      vertex 54.75 116.335 3
      vertex 53.5 118.5 3
    endloop
  endfacet
  facet normal -0 0 1
    outer loop
      vertex 53.5 118.5 3
      vertex 54.75 116.335 3
      vertex 57.5 120.81 3
    endloop
  endfacet
  facet normal 0 0 1
    outer loop
      vertex 60 102.623 3
      vertex 57.5 102.623 3
      vertex 58.75 100.458 3
    endloop
  endfacet
  facet normal 0 0 1
    outer loop
      vertex 57.5 102.623 3
      vertex 54.75 98.1488 3
      vertex 58.75 100.458 3
    endloop
  endfacet
  facet normal 0 0 1
    outer loop
      vertex 52.25 98.1488 3
      vertex 54.75 98.1488 3
      vertex 53.5 100.314 3
    endloop
  endfacet
  facet normal -0 0 1
    outer loop
      vertex 53.5 100.314 3
      vertex 54.75 98.1488 3
      vertex 57.5 102.623 3
    endloop
  endfacet
  facet normal 0 0 1
    outer loop
      vertex 60 84.4367 3
      vertex 57.5 84.4367 3
      vertex 58.75 82.2717 3
    endloop
  endfacet
  facet normal 0 0 1
    outer loop
      vertex 57.5 84.4367 3
      vertex 54.75 79.9623 3
      vertex 58.75 82.2717 3
    endloop
  endfacet
  facet normal 0 0 1
    outer loop
      vertex 52.25 79.9623 3
      vertex 54.75 79.9623 3
      vertex 53.5 82.1273 3
    endloop
  endfacet
  facet normal -0 0 1
    outer loop
      vertex 53.5 82.1273 3
      vertex 54.75 79.9623 3
      vertex 57.5 84.4367 3
    endloop
  endfacet
  facet normal 0 0 1
    outer loop
      vertex 60 66.2502 3
      vertex 57.5 66.2502 3
      vertex 58.75 64.0851 3
    endloop
  endfacet
  facet normal 0 0 1
    outer loop
      vertex 57.5 66.2502 3
      vertex 54.75 61.7757 3
      vertex 58.75 64.0851 3
    endloop
  endfacet
  facet normal 0 0 1
    outer loop
      vertex 52.25 61.7757 3
      vertex 54.75 61.7757 3
      vertex 53.5 63.9408 3
    endloop
  endfacet
  facet normal -0 0 1
    outer loop
      vertex 53.5 63.9408 3
      vertex 54.75 61.7757 3
      vertex 57.5 66.2502 3
    endloop
  endfacet
  facet normal 0 0 1
    outer loop
      vertex 60 48.0637 3
      vertex 57.5 48.0637 3
      vertex 58.75 45.8986 3
    endloop
  endfacet
  facet normal 0 0 1
    outer loop
      vertex 57.5 48.0637 3
      vertex 54.75 43.5892 3
      vertex 58.75 45.8986 3
    endloop
  endfacet
  facet normal 0 0 1
    outer loop
      vertex 52.25 43.5892 3
      vertex 54.75 43.5892 3
      vertex 53.5 45.7543 3
    endloop
  endfacet
  facet normal -0 0 1
    outer loop
      vertex 53.5 45.7543 3
      vertex 54.75 43.5892 3
      vertex 57.5 48.0637 3
    endloop
  endfacet
  facet normal 0 0 1
    outer loop
      vertex 60 29.8771 3
      vertex 57.5 29.8771 3
      vertex 58.75 27.7121 3
    endloop
  endfacet
  facet normal 0 0 1
    outer loop
      vertex 57.5 29.8771 3
      vertex 54.75 25.4027 3
      vertex 58.75 27.7121 3
    endloop
  endfacet
  facet normal 0 0 1
    outer loop
      vertex 52.25 25.4027 3
      vertex 54.75 25.4027 3
      vertex 53.5 27.5677 3
    endloop
  endfacet
  facet normal -0 0 1
    outer loop
      vertex 53.5 27.5677 3
      vertex 54.75 25.4027 3
      vertex 57.5 29.8771 3
    endloop
  endfacet
  facet normal 0 0 1
    outer loop
      vertex 60 29.8771 3
      vertex 62.75 25.4027 3
      vertex 64 27.5677 3
    endloop
  endfacet
  facet normal 0 0 1
    outer loop
      vertex 60 29.8771 3
      vertex 58.75 27.7121 3
      vertex 62.75 25.4027 3
    endloop
  endfacet
  facet normal 0 0 1
    outer loop
      vertex 60 34.4959 3
      vertex 57.5 34.4959 3
      vertex 60 29.8771 3
    endloop
  endfacet
  facet normal 0 0 1
    outer loop
      vertex 57.5 29.8771 3
      vertex 60 29.8771 3
      vertex 57.5 34.4959 3
    endloop
  endfacet
  facet normal 0 0 1
    outer loop
      vertex 54.75 38.9704 3
      vertex 57.5 34.4959 3
      vertex 58.75 36.661 3
    endloop
  endfacet
  facet normal 0 0 1
    outer loop
      vertex 54.75 38.9704 3
      vertex 53.5 36.8053 3
      vertex 57.5 34.4959 3
    endloop
  endfacet
  facet normal 0 0 1
    outer loop
      vertex 54.75 43.5892 3
      vertex 52.25 43.5892 3
      vertex 54.75 38.9704 3
    endloop
  endfacet
  facet normal 0 0 1
    outer loop
      vertex 52.25 38.9704 3
      vertex 54.75 38.9704 3
      vertex 52.25 43.5892 3
    endloop
  endfacet
  facet normal 0 0 1
    outer loop
      vertex 49.5 48.0637 3
      vertex 52.25 43.5892 3
      vertex 53.5 45.7543 3
    endloop
  endfacet
  facet normal 0 0 1
    outer loop
      vertex 49.5 48.0637 3
      vertex 48.25 45.8986 3
      vertex 52.25 43.5892 3
    endloop
  endfacet
  facet normal 0 0 1
    outer loop
      vertex 49.5 52.6825 3
      vertex 47 52.6825 3
      vertex 49.5 48.0637 3
    endloop
  endfacet
  facet normal 0 0 1
    outer loop
      vertex 47 48.0637 3
      vertex 49.5 48.0637 3
      vertex 47 52.6825 3
    endloop
  endfacet
  facet normal 0 0 1
    outer loop
      vertex 44.25 57.1569 3
      vertex 47 52.6825 3
      vertex 48.25 54.8475 3
    endloop
  endfacet
  facet normal 0 0 1
    outer loop
      vertex 44.25 57.1569 3
      vertex 43 54.9919 3
      vertex 47 52.6825 3
    endloop
  endfacet
  facet normal 0 0 1
    outer loop
      vertex 44.25 61.7757 3
      vertex 41.75 61.7757 3
      vertex 44.25 57.1569 3
    endloop
  endfacet
  facet normal 0 0 1
    outer loop
      vertex 41.75 57.1569 3
      vertex 44.25 57.1569 3
      vertex 41.75 61.7757 3
    endloop
  endfacet
  facet normal 0 0 1
    outer loop
      vertex 39 66.2502 3
      vertex 41.75 61.7757 3
      vertex 43 63.9408 3
    endloop
  endfacet
  facet normal 0 0 1
    outer loop
      vertex 39 66.2502 3
      vertex 37.75 64.0851 3
      vertex 41.75 61.7757 3
    endloop
  endfacet
  facet normal 0 0 1
    outer loop
      vertex 39 70.869 3
      vertex 36.5 70.869 3
      vertex 39 66.2502 3
    endloop
  endfacet
  facet normal 0 0 1
    outer loop
      vertex 36.5 66.2502 3
      vertex 39 66.2502 3
      vertex 36.5 70.869 3
    endloop
  endfacet
  facet normal 0 0 1
    outer loop
      vertex 33.75 75.3435 3
      vertex 36.5 70.869 3
      vertex 37.75 73.0341 3
    endloop
  endfacet
  facet normal 0 0 1
    outer loop
      vertex 33.75 75.3435 3
      vertex 32.5 73.1784 3
      vertex 36.5 70.869 3
    endloop
  endfacet
  facet normal 0 0 1
    outer loop
      vertex 33.75 79.9623 3
      vertex 31.25 79.9623 3
      vertex 33.75 75.3435 3
    endloop
  endfacet
  facet normal 0 0 1
    outer loop
      vertex 31.25 75.3435 3
      vertex 33.75 75.3435 3
      vertex 31.25 79.9623 3
    endloop
  endfacet
  facet normal 0 0 1
    outer loop
      vertex 28.5 84.4367 3
      vertex 31.25 79.9623 3
      vertex 32.5 82.1273 3
    endloop
  endfacet
  facet normal 0 0 1
    outer loop
      vertex 28.5 84.4367 3
      vertex 27.25 82.2717 3
      vertex 31.25 79.9623 3
    endloop
  endfacet
  facet normal 0 0 1
    outer loop
      vertex 27.25 91.2206 3
      vertex 27.25 82.2717 3
      vertex 28.5 84.4367 3
    endloop
  endfacet
  facet normal 0 0 1
    outer loop
      vertex 23.25 93.53 3
      vertex 27.25 82.2717 3
      vertex 27.25 91.2206 3
    endloop
  endfacet
  facet normal 0 0 1
    outer loop
      vertex 27.25 82.2717 3
      vertex 23.25 93.53 3
      vertex 23.25 79.9623 3
    endloop
  endfacet
  facet normal 0 0 1
    outer loop
      vertex 65.25 148.09 3
      vertex 62.75 148.09 3
      vertex 64 145.925 3
    endloop
  endfacet
  facet normal 0 0 1
    outer loop
      vertex 62.75 148.09 3
      vertex 60 143.615 3
      vertex 64 145.925 3
    endloop
  endfacet
  facet normal 0 0 1
    outer loop
      vertex 57.5 143.615 3
      vertex 60 143.615 3
      vertex 58.75 145.78 3
    endloop
  endfacet
  facet normal -0 0 1
    outer loop
      vertex 58.75 145.78 3
      vertex 60 143.615 3
      vertex 62.75 148.09 3
    endloop
  endfacet
  facet normal 0 0 1
    outer loop
      vertex 65.25 129.903 3
      vertex 62.75 129.903 3
      vertex 64 127.738 3
    endloop
  endfacet
  facet normal 0 0 1
    outer loop
      vertex 62.75 129.903 3
      vertex 60 125.429 3
      vertex 64 127.738 3
    endloop
  endfacet
  facet normal 0 0 1
    outer loop
      vertex 57.5 125.429 3
      vertex 60 125.429 3
      vertex 58.75 127.594 3
    endloop
  endfacet
  facet normal -0 0 1
    outer loop
      vertex 58.75 127.594 3
      vertex 60 125.429 3
      vertex 62.75 129.903 3
    endloop
  endfacet
  facet normal 0 0 1
    outer loop
      vertex 65.25 111.717 3
      vertex 62.75 111.717 3
      vertex 64 109.551 3
    endloop
  endfacet
  facet normal 0 0 1
    outer loop
      vertex 62.75 111.717 3
      vertex 60 107.242 3
      vertex 64 109.551 3
    endloop
  endfacet
  facet normal 0 0 1
    outer loop
      vertex 57.5 107.242 3
      vertex 60 107.242 3
      vertex 58.75 109.407 3
    endloop
  endfacet
  facet normal -0 0 1
    outer loop
      vertex 58.75 109.407 3
      vertex 60 107.242 3
      vertex 62.75 111.717 3
    endloop
  endfacet
  facet normal 0 0 1
    outer loop
      vertex 65.25 93.53 3
      vertex 62.75 93.53 3
      vertex 64 91.3649 3
    endloop
  endfacet
  facet normal 0 0 1
    outer loop
      vertex 62.75 93.53 3
      vertex 60 89.0555 3
      vertex 64 91.3649 3
    endloop
  endfacet
  facet normal 0 0 1
    outer loop
      vertex 57.5 89.0555 3
      vertex 60 89.0555 3
      vertex 58.75 91.2206 3
    endloop
  endfacet
  facet normal -0 0 1
    outer loop
      vertex 58.75 91.2206 3
      vertex 60 89.0555 3
      vertex 62.75 93.53 3
    endloop
  endfacet
  facet normal 0 0 1
    outer loop
      vertex 65.25 75.3435 3
      vertex 62.75 75.3435 3
      vertex 64 73.1784 3
    endloop
  endfacet
  facet normal 0 0 1
    outer loop
      vertex 62.75 75.3435 3
      vertex 60 70.869 3
      vertex 64 73.1784 3
    endloop
  endfacet
  facet normal 0 0 1
    outer loop
      vertex 57.5 70.869 3
      vertex 60 70.869 3
      vertex 58.75 73.0341 3
    endloop
  endfacet
  facet normal -0 0 1
    outer loop
      vertex 58.75 73.0341 3
      vertex 60 70.869 3
      vertex 62.75 75.3435 3
    endloop
  endfacet
  facet normal 0 0 1
    outer loop
      vertex 65.25 57.1569 3
      vertex 62.75 57.1569 3
      vertex 64 54.9919 3
    endloop
  endfacet
  facet normal 0 0 1
    outer loop
      vertex 62.75 57.1569 3
      vertex 60 52.6825 3
      vertex 64 54.9919 3
    endloop
  endfacet
  facet normal 0 0 1
    outer loop
      vertex 57.5 52.6825 3
      vertex 60 52.6825 3
      vertex 58.75 54.8475 3
    endloop
  endfacet
  facet normal -0 0 1
    outer loop
      vertex 58.75 54.8475 3
      vertex 60 52.6825 3
      vertex 62.75 57.1569 3
    endloop
  endfacet
  facet normal 0 0 1
    outer loop
      vertex 65.25 38.9704 3
      vertex 62.75 38.9704 3
      vertex 64 36.8053 3
    endloop
  endfacet
  facet normal 0 0 1
    outer loop
      vertex 62.75 38.9704 3
      vertex 60 34.4959 3
      vertex 64 36.8053 3
    endloop
  endfacet
  facet normal 0 0 1
    outer loop
      vertex 57.5 34.4959 3
      vertex 60 34.4959 3
      vertex 58.75 36.661 3
    endloop
  endfacet
  facet normal -0 0 1
    outer loop
      vertex 58.75 36.661 3
      vertex 60 34.4959 3
      vertex 62.75 38.9704 3
    endloop
  endfacet
  facet normal 0 0 1
    outer loop
      vertex 70.5 157.183 3
      vertex 68 157.183 3
      vertex 69.25 155.018 3
    endloop
  endfacet
  facet normal 0 0 1
    outer loop
      vertex 68 157.183 3
      vertex 65.25 152.708 3
      vertex 69.25 155.018 3
    endloop
  endfacet
  facet normal 0 0 1
    outer loop
      vertex 62.75 152.708 3
      vertex 65.25 152.708 3
      vertex 64 154.873 3
    endloop
  endfacet
  facet normal -0 0 1
    outer loop
      vertex 64 154.873 3
      vertex 65.25 152.708 3
      vertex 68 157.183 3
    endloop
  endfacet
  facet normal 0 0 1
    outer loop
      vertex 70.5 138.996 3
      vertex 68 138.996 3
      vertex 69.25 136.831 3
    endloop
  endfacet
  facet normal 0 0 1
    outer loop
      vertex 68 138.996 3
      vertex 65.25 134.522 3
      vertex 69.25 136.831 3
    endloop
  endfacet
  facet normal 0 0 1
    outer loop
      vertex 62.75 134.522 3
      vertex 65.25 134.522 3
      vertex 64 136.687 3
    endloop
  endfacet
  facet normal -0 0 1
    outer loop
      vertex 64 136.687 3
      vertex 65.25 134.522 3
      vertex 68 138.996 3
    endloop
  endfacet
  facet normal 0 0 1
    outer loop
      vertex 70.5 120.81 3
      vertex 68 120.81 3
      vertex 69.25 118.645 3
    endloop
  endfacet
  facet normal 0 0 1
    outer loop
      vertex 68 120.81 3
      vertex 65.25 116.335 3
      vertex 69.25 118.645 3
    endloop
  endfacet
  facet normal 0 0 1
    outer loop
      vertex 62.75 116.335 3
      vertex 65.25 116.335 3
      vertex 64 118.5 3
    endloop
  endfacet
  facet normal -0 0 1
    outer loop
      vertex 64 118.5 3
      vertex 65.25 116.335 3
      vertex 68 120.81 3
    endloop
  endfacet
  facet normal 0 0 1
    outer loop
      vertex 70.5 102.623 3
      vertex 68 102.623 3
      vertex 69.25 100.458 3
    endloop
  endfacet
  facet normal 0 0 1
    outer loop
      vertex 68 102.623 3
      vertex 65.25 98.1488 3
      vertex 69.25 100.458 3
    endloop
  endfacet
  facet normal 0 0 1
    outer loop
      vertex 62.75 98.1488 3
      vertex 65.25 98.1488 3
      vertex 64 100.314 3
    endloop
  endfacet
  facet normal -0 0 1
    outer loop
      vertex 64 100.314 3
      vertex 65.25 98.1488 3
      vertex 68 102.623 3
    endloop
  endfacet
  facet normal 0 0 1
    outer loop
      vertex 70.5 84.4367 3
      vertex 68 84.4367 3
      vertex 69.25 82.2717 3
    endloop
  endfacet
  facet normal 0 0 1
    outer loop
      vertex 68 84.4367 3
      vertex 65.25 79.9623 3
      vertex 69.25 82.2717 3
    endloop
  endfacet
  facet normal 0 0 1
    outer loop
      vertex 62.75 79.9623 3
      vertex 65.25 79.9623 3
      vertex 64 82.1273 3
    endloop
  endfacet
  facet normal -0 0 1
    outer loop
      vertex 64 82.1273 3
      vertex 65.25 79.9623 3
      vertex 68 84.4367 3
    endloop
  endfacet
  facet normal 0 0 1
    outer loop
      vertex 70.5 66.2502 3
      vertex 68 66.2502 3
      vertex 69.25 64.0851 3
    endloop
  endfacet
  facet normal 0 0 1
    outer loop
      vertex 68 66.2502 3
      vertex 65.25 61.7757 3
      vertex 69.25 64.0851 3
    endloop
  endfacet
  facet normal 0 0 1
    outer loop
      vertex 62.75 61.7757 3
      vertex 65.25 61.7757 3
      vertex 64 63.9408 3
    endloop
  endfacet
  facet normal -0 0 1
    outer loop
      vertex 64 63.9408 3
      vertex 65.25 61.7757 3
      vertex 68 66.2502 3
    endloop
  endfacet
  facet normal 0 0 1
    outer loop
      vertex 70.5 48.0637 3
      vertex 68 48.0637 3
      vertex 69.25 45.8986 3
    endloop
  endfacet
  facet normal 0 0 1
    outer loop
      vertex 68 48.0637 3
      vertex 65.25 43.5892 3
      vertex 69.25 45.8986 3
    endloop
  endfacet
  facet normal 0 0 1
    outer loop
      vertex 62.75 43.5892 3
      vertex 65.25 43.5892 3
      vertex 64 45.7543 3
    endloop
  endfacet
  facet normal -0 0 1
    outer loop
      vertex 64 45.7543 3
      vertex 65.25 43.5892 3
      vertex 68 48.0637 3
    endloop
  endfacet
  facet normal 0 0 1
    outer loop
      vertex 70.5 29.8771 3
      vertex 68 29.8771 3
      vertex 69.25 27.7121 3
    endloop
  endfacet
  facet normal 0 0 1
    outer loop
      vertex 68 29.8771 3
      vertex 65.25 25.4027 3
      vertex 69.25 27.7121 3
    endloop
  endfacet
  facet normal 0 0 1
    outer loop
      vertex 62.75 25.4027 3
      vertex 65.25 25.4027 3
      vertex 64 27.5677 3
    endloop
  endfacet
  facet normal -0 0 1
    outer loop
      vertex 64 27.5677 3
      vertex 65.25 25.4027 3
      vertex 68 29.8771 3
    endloop
  endfacet
  facet normal 0 0 1
    outer loop
      vertex 70.5 29.8771 3
      vertex 73.25 25.4027 3
      vertex 74.5 27.5677 3
    endloop
  endfacet
  facet normal 0 0 1
    outer loop
      vertex 70.5 29.8771 3
      vertex 69.25 27.7121 3
      vertex 73.25 25.4027 3
    endloop
  endfacet
  facet normal 0 0 1
    outer loop
      vertex 70.5 34.4959 3
      vertex 68 34.4959 3
      vertex 70.5 29.8771 3
    endloop
  endfacet
  facet normal 0 0 1
    outer loop
      vertex 68 29.8771 3
      vertex 70.5 29.8771 3
      vertex 68 34.4959 3
    endloop
  endfacet
  facet normal 0 0 1
    outer loop
      vertex 65.25 38.9704 3
      vertex 68 34.4959 3
      vertex 69.25 36.661 3
    endloop
  endfacet
  facet normal 0 0 1
    outer loop
      vertex 65.25 38.9704 3
      vertex 64 36.8053 3
      vertex 68 34.4959 3
    endloop
  endfacet
  facet normal 0 0 1
    outer loop
      vertex 65.25 43.5892 3
      vertex 62.75 43.5892 3
      vertex 65.25 38.9704 3
    endloop
  endfacet
  facet normal 0 0 1
    outer loop
      vertex 62.75 38.9704 3
      vertex 65.25 38.9704 3
      vertex 62.75 43.5892 3
    endloop
  endfacet
  facet normal 0 0 1
    outer loop
      vertex 60 48.0637 3
      vertex 62.75 43.5892 3
      vertex 64 45.7543 3
    endloop
  endfacet
  facet normal 0 0 1
    outer loop
      vertex 60 48.0637 3
      vertex 58.75 45.8986 3
      vertex 62.75 43.5892 3
    endloop
  endfacet
  facet normal 0 0 1
    outer loop
      vertex 60 52.6825 3
      vertex 57.5 52.6825 3
      vertex 60 48.0637 3
    endloop
  endfacet
  facet normal 0 0 1
    outer loop
      vertex 57.5 48.0637 3
      vertex 60 48.0637 3
      vertex 57.5 52.6825 3
    endloop
  endfacet
  facet normal 0 0 1
    outer loop
      vertex 54.75 57.1569 3
      vertex 57.5 52.6825 3
      vertex 58.75 54.8475 3
    endloop
  endfacet
  facet normal 0 0 1
    outer loop
      vertex 54.75 57.1569 3
      vertex 53.5 54.9919 3
      vertex 57.5 52.6825 3
    endloop
  endfacet
  facet normal 0 0 1
    outer loop
      vertex 54.75 61.7757 3
      vertex 52.25 61.7757 3
      vertex 54.75 57.1569 3
    endloop
  endfacet
  facet normal 0 0 1
    outer loop
      vertex 52.25 57.1569 3
      vertex 54.75 57.1569 3
      vertex 52.25 61.7757 3
    endloop
  endfacet
  facet normal 0 0 1
    outer loop
      vertex 49.5 66.2502 3
      vertex 52.25 61.7757 3
      vertex 53.5 63.9408 3
    endloop
  endfacet
  facet normal 0 0 1
    outer loop
      vertex 49.5 66.2502 3
      vertex 48.25 64.0851 3
      vertex 52.25 61.7757 3
    endloop
  endfacet
  facet normal 0 0 1
    outer loop
      vertex 49.5 70.869 3
      vertex 47 70.869 3
      vertex 49.5 66.2502 3
    endloop
  endfacet
  facet normal 0 0 1
    outer loop
      vertex 47 66.2502 3
      vertex 49.5 66.2502 3
      vertex 47 70.869 3
    endloop
  endfacet
  facet normal 0 0 1
    outer loop
      vertex 44.25 75.3435 3
      vertex 47 70.869 3
      vertex 48.25 73.0341 3
    endloop
  endfacet
  facet normal 0 0 1
    outer loop
      vertex 44.25 75.3435 3
      vertex 43 73.1784 3
      vertex 47 70.869 3
    endloop
  endfacet
  facet normal 0 0 1
    outer loop
      vertex 44.25 79.9623 3
      vertex 41.75 79.9623 3
      vertex 44.25 75.3435 3
    endloop
  endfacet
  facet normal 0 0 1
    outer loop
      vertex 41.75 75.3435 3
      vertex 44.25 75.3435 3
      vertex 41.75 79.9623 3
    endloop
  endfacet
  facet normal 0 0 1
    outer loop
      vertex 39 84.4367 3
      vertex 41.75 79.9623 3
      vertex 43 82.1273 3
    endloop
  endfacet
  facet normal 0 0 1
    outer loop
      vertex 39 84.4367 3
      vertex 37.75 82.2717 3
      vertex 41.75 79.9623 3
    endloop
  endfacet
  facet normal 0 0 1
    outer loop
      vertex 39 89.0555 3
      vertex 36.5 89.0555 3
      vertex 39 84.4367 3
    endloop
  endfacet
  facet normal 0 0 1
    outer loop
      vertex 36.5 84.4367 3
      vertex 39 84.4367 3
      vertex 36.5 89.0555 3
    endloop
  endfacet
  facet normal 0 0 1
    outer loop
      vertex 33.75 93.53 3
      vertex 36.5 89.0555 3
      vertex 37.75 91.2206 3
    endloop
  endfacet
  facet normal 0 0 1
    outer loop
      vertex 33.75 93.53 3
      vertex 32.5 91.3649 3
      vertex 36.5 89.0555 3
    endloop
  endfacet
  facet normal 0 0 1
    outer loop
      vertex 33.75 98.1488 3
      vertex 31.25 98.1488 3
      vertex 33.75 93.53 3
    endloop
  endfacet
  facet normal 0 0 1
    outer loop
      vertex 31.25 93.53 3
      vertex 33.75 93.53 3
      vertex 31.25 98.1488 3
    endloop
  endfacet
  facet normal 0 0 1
    outer loop
      vertex 28.5 102.623 3
      vertex 31.25 98.1488 3
      vertex 32.5 100.314 3
    endloop
  endfacet
  facet normal 0 0 1
    outer loop
      vertex 28.5 102.623 3
      vertex 27.25 100.458 3
      vertex 31.25 98.1488 3
    endloop
  endfacet
  facet normal 0 0 1
    outer loop
      vertex 27.25 109.407 3
      vertex 27.25 100.458 3
      vertex 28.5 102.623 3
    endloop
  endfacet
  facet normal 0 0 1
    outer loop
      vertex 23.25 111.717 3
      vertex 27.25 100.458 3
      vertex 27.25 109.407 3
    endloop
  endfacet
  facet normal 0 0 1
    outer loop
      vertex 27.25 100.458 3
      vertex 23.25 111.717 3
      vertex 23.25 98.1488 3
    endloop
  endfacet
  facet normal 0 0 1
    outer loop
      vertex 75.75 148.09 3
      vertex 73.25 148.09 3
      vertex 74.5 145.925 3
    endloop
  endfacet
  facet normal 0 0 1
    outer loop
      vertex 73.25 148.09 3
      vertex 70.5 143.615 3
      vertex 74.5 145.925 3
    endloop
  endfacet
  facet normal 0 0 1
    outer loop
      vertex 68 143.615 3
      vertex 70.5 143.615 3
      vertex 69.25 145.78 3
    endloop
  endfacet
  facet normal -0 0 1
    outer loop
      vertex 69.25 145.78 3
      vertex 70.5 143.615 3
      vertex 73.25 148.09 3
    endloop
  endfacet
  facet normal 0 0 1
    outer loop
      vertex 75.75 129.903 3
      vertex 73.25 129.903 3
      vertex 74.5 127.738 3
    endloop
  endfacet
  facet normal 0 0 1
    outer loop
      vertex 73.25 129.903 3
      vertex 70.5 125.429 3
      vertex 74.5 127.738 3
    endloop
  endfacet
  facet normal 0 0 1
    outer loop
      vertex 68 125.429 3
      vertex 70.5 125.429 3
      vertex 69.25 127.594 3
    endloop
  endfacet
  facet normal -0 0 1
    outer loop
      vertex 69.25 127.594 3
      vertex 70.5 125.429 3
      vertex 73.25 129.903 3
    endloop
  endfacet
  facet normal 0 0 1
    outer loop
      vertex 75.75 111.717 3
      vertex 73.25 111.717 3
      vertex 74.5 109.551 3
    endloop
  endfacet
  facet normal 0 0 1
    outer loop
      vertex 73.25 111.717 3
      vertex 70.5 107.242 3
      vertex 74.5 109.551 3
    endloop
  endfacet
  facet normal 0 0 1
    outer loop
      vertex 68 107.242 3
      vertex 70.5 107.242 3
      vertex 69.25 109.407 3
    endloop
  endfacet
  facet normal -0 0 1
    outer loop
      vertex 69.25 109.407 3
      vertex 70.5 107.242 3
      vertex 73.25 111.717 3
    endloop
  endfacet
  facet normal 0 0 1
    outer loop
      vertex 75.75 93.53 3
      vertex 73.25 93.53 3
      vertex 74.5 91.3649 3
    endloop
  endfacet
  facet normal 0 0 1
    outer loop
      vertex 73.25 93.53 3
      vertex 70.5 89.0555 3
      vertex 74.5 91.3649 3
    endloop
  endfacet
  facet normal 0 0 1
    outer loop
      vertex 68 89.0555 3
      vertex 70.5 89.0555 3
      vertex 69.25 91.2206 3
    endloop
  endfacet
  facet normal -0 0 1
    outer loop
      vertex 69.25 91.2206 3
      vertex 70.5 89.0555 3
      vertex 73.25 93.53 3
    endloop
  endfacet
  facet normal 0 0 1
    outer loop
      vertex 75.75 75.3435 3
      vertex 73.25 75.3435 3
      vertex 74.5 73.1784 3
    endloop
  endfacet
  facet normal 0 0 1
    outer loop
      vertex 73.25 75.3435 3
      vertex 70.5 70.869 3
      vertex 74.5 73.1784 3
    endloop
  endfacet
  facet normal 0 0 1
    outer loop
      vertex 68 70.869 3
      vertex 70.5 70.869 3
      vertex 69.25 73.0341 3
    endloop
  endfacet
  facet normal -0 0 1
    outer loop
      vertex 69.25 73.0341 3
      vertex 70.5 70.869 3
      vertex 73.25 75.3435 3
    endloop
  endfacet
  facet normal 0 0 1
    outer loop
      vertex 75.75 57.1569 3
      vertex 73.25 57.1569 3
      vertex 74.5 54.9919 3
    endloop
  endfacet
  facet normal 0 0 1
    outer loop
      vertex 73.25 57.1569 3
      vertex 70.5 52.6825 3
      vertex 74.5 54.9919 3
    endloop
  endfacet
  facet normal 0 0 1
    outer loop
      vertex 68 52.6825 3
      vertex 70.5 52.6825 3
      vertex 69.25 54.8475 3
    endloop
  endfacet
  facet normal -0 0 1
    outer loop
      vertex 69.25 54.8475 3
      vertex 70.5 52.6825 3
      vertex 73.25 57.1569 3
    endloop
  endfacet
  facet normal 0 0 1
    outer loop
      vertex 75.75 38.9704 3
      vertex 73.25 38.9704 3
      vertex 74.5 36.8053 3
    endloop
  endfacet
  facet normal 0 0 1
    outer loop
      vertex 73.25 38.9704 3
      vertex 70.5 34.4959 3
      vertex 74.5 36.8053 3
    endloop
  endfacet
  facet normal 0 0 1
    outer loop
      vertex 68 34.4959 3
      vertex 70.5 34.4959 3
      vertex 69.25 36.661 3
    endloop
  endfacet
  facet normal -0 0 1
    outer loop
      vertex 69.25 36.661 3
      vertex 70.5 34.4959 3
      vertex 73.25 38.9704 3
    endloop
  endfacet
  facet normal 0 0 1
    outer loop
      vertex 81 157.183 3
      vertex 78.5 157.183 3
      vertex 79.75 155.018 3
    endloop
  endfacet
  facet normal 0 0 1
    outer loop
      vertex 78.5 157.183 3
      vertex 75.75 152.708 3
      vertex 79.75 155.018 3
    endloop
  endfacet
  facet normal 0 0 1
    outer loop
      vertex 73.25 152.708 3
      vertex 75.75 152.708 3
      vertex 74.5 154.873 3
    endloop
  endfacet
  facet normal -0 0 1
    outer loop
      vertex 74.5 154.873 3
      vertex 75.75 152.708 3
      vertex 78.5 157.183 3
    endloop
  endfacet
  facet normal 0 0 1
    outer loop
      vertex 81 138.996 3
      vertex 78.5 138.996 3
      vertex 79.75 136.831 3
    endloop
  endfacet
  facet normal 0 0 1
    outer loop
      vertex 78.5 138.996 3
      vertex 75.75 134.522 3
      vertex 79.75 136.831 3
    endloop
  endfacet
  facet normal 0 0 1
    outer loop
      vertex 73.25 134.522 3
      vertex 75.75 134.522 3
      vertex 74.5 136.687 3
    endloop
  endfacet
  facet normal -0 0 1
    outer loop
      vertex 74.5 136.687 3
      vertex 75.75 134.522 3
      vertex 78.5 138.996 3
    endloop
  endfacet
  facet normal 0 0 1
    outer loop
      vertex 81 120.81 3
      vertex 78.5 120.81 3
      vertex 79.75 118.645 3
    endloop
  endfacet
  facet normal 0 0 1
    outer loop
      vertex 78.5 120.81 3
      vertex 75.75 116.335 3
      vertex 79.75 118.645 3
    endloop
  endfacet
  facet normal 0 0 1
    outer loop
      vertex 73.25 116.335 3
      vertex 75.75 116.335 3
      vertex 74.5 118.5 3
    endloop
  endfacet
  facet normal -0 0 1
    outer loop
      vertex 74.5 118.5 3
      vertex 75.75 116.335 3
      vertex 78.5 120.81 3
    endloop
  endfacet
  facet normal 0 0 1
    outer loop
      vertex 81 102.623 3
      vertex 78.5 102.623 3
      vertex 79.75 100.458 3
    endloop
  endfacet
  facet normal 0 0 1
    outer loop
      vertex 78.5 102.623 3
      vertex 75.75 98.1488 3
      vertex 79.75 100.458 3
    endloop
  endfacet
  facet normal 0 0 1
    outer loop
      vertex 73.25 98.1488 3
      vertex 75.75 98.1488 3
      vertex 74.5 100.314 3
    endloop
  endfacet
  facet normal -0 0 1
    outer loop
      vertex 74.5 100.314 3
      vertex 75.75 98.1488 3
      vertex 78.5 102.623 3
    endloop
  endfacet
  facet normal 0 0 1
    outer loop
      vertex 81 84.4367 3
      vertex 78.5 84.4367 3
      vertex 79.75 82.2717 3
    endloop
  endfacet
  facet normal 0 0 1
    outer loop
      vertex 78.5 84.4367 3
      vertex 75.75 79.9623 3
      vertex 79.75 82.2717 3
    endloop
  endfacet
  facet normal 0 0 1
    outer loop
      vertex 73.25 79.9623 3
      vertex 75.75 79.9623 3
      vertex 74.5 82.1273 3
    endloop
  endfacet
  facet normal -0 0 1
    outer loop
      vertex 74.5 82.1273 3
      vertex 75.75 79.9623 3
      vertex 78.5 84.4367 3
    endloop
  endfacet
  facet normal 0 0 1
    outer loop
      vertex 81 66.2502 3
      vertex 78.5 66.2502 3
      vertex 79.75 64.0851 3
    endloop
  endfacet
  facet normal 0 0 1
    outer loop
      vertex 78.5 66.2502 3
      vertex 75.75 61.7757 3
      vertex 79.75 64.0851 3
    endloop
  endfacet
  facet normal 0 0 1
    outer loop
      vertex 73.25 61.7757 3
      vertex 75.75 61.7757 3
      vertex 74.5 63.9408 3
    endloop
  endfacet
  facet normal -0 0 1
    outer loop
      vertex 74.5 63.9408 3
      vertex 75.75 61.7757 3
      vertex 78.5 66.2502 3
    endloop
  endfacet
  facet normal 0 0 1
    outer loop
      vertex 81 48.0637 3
      vertex 78.5 48.0637 3
      vertex 79.75 45.8986 3
    endloop
  endfacet
  facet normal 0 0 1
    outer loop
      vertex 78.5 48.0637 3
      vertex 75.75 43.5892 3
      vertex 79.75 45.8986 3
    endloop
  endfacet
  facet normal 0 0 1
    outer loop
      vertex 73.25 43.5892 3
      vertex 75.75 43.5892 3
      vertex 74.5 45.7543 3
    endloop
  endfacet
  facet normal -0 0 1
    outer loop
      vertex 74.5 45.7543 3
      vertex 75.75 43.5892 3
      vertex 78.5 48.0637 3
    endloop
  endfacet
  facet normal 0 0 1
    outer loop
      vertex 81 29.8771 3
      vertex 78.5 29.8771 3
      vertex 79.75 27.7121 3
    endloop
  endfacet
  facet normal 0 0 1
    outer loop
      vertex 78.5 29.8771 3
      vertex 75.75 25.4027 3
      vertex 79.75 27.7121 3
    endloop
  endfacet
  facet normal 0 0 1
    outer loop
      vertex 73.25 25.4027 3
      vertex 75.75 25.4027 3
      vertex 74.5 27.5677 3
    endloop
  endfacet
  facet normal -0 0 1
    outer loop
      vertex 74.5 27.5677 3
      vertex 75.75 25.4027 3
      vertex 78.5 29.8771 3
    endloop
  endfacet
  facet normal 0 0 1
    outer loop
      vertex 81 29.8771 3
      vertex 83.75 25.4027 3
      vertex 85 27.5677 3
    endloop
  endfacet
  facet normal 0 0 1
    outer loop
      vertex 81 29.8771 3
      vertex 79.75 27.7121 3
      vertex 83.75 25.4027 3
    endloop
  endfacet
  facet normal 0 0 1
    outer loop
      vertex 81 34.4959 3
      vertex 78.5 34.4959 3
      vertex 81 29.8771 3
    endloop
  endfacet
  facet normal 0 0 1
    outer loop
      vertex 78.5 29.8771 3
      vertex 81 29.8771 3
      vertex 78.5 34.4959 3
    endloop
  endfacet
  facet normal 0 0 1
    outer loop
      vertex 75.75 38.9704 3
      vertex 78.5 34.4959 3
      vertex 79.75 36.661 3
    endloop
  endfacet
  facet normal 0 0 1
    outer loop
      vertex 75.75 38.9704 3
      vertex 74.5 36.8053 3
      vertex 78.5 34.4959 3
    endloop
  endfacet
  facet normal 0 0 1
    outer loop
      vertex 75.75 43.5892 3
      vertex 73.25 43.5892 3
      vertex 75.75 38.9704 3
    endloop
  endfacet
  facet normal 0 0 1
    outer loop
      vertex 73.25 38.9704 3
      vertex 75.75 38.9704 3
      vertex 73.25 43.5892 3
    endloop
  endfacet
  facet normal 0 0 1
    outer loop
      vertex 70.5 48.0637 3
      vertex 73.25 43.5892 3
      vertex 74.5 45.7543 3
    endloop
  endfacet
  facet normal 0 0 1
    outer loop
      vertex 70.5 48.0637 3
      vertex 69.25 45.8986 3
      vertex 73.25 43.5892 3
    endloop
  endfacet
  facet normal 0 0 1
    outer loop
      vertex 70.5 52.6825 3
      vertex 68 52.6825 3
      vertex 70.5 48.0637 3
    endloop
  endfacet
  facet normal 0 0 1
    outer loop
      vertex 68 48.0637 3
      vertex 70.5 48.0637 3
      vertex 68 52.6825 3
    endloop
  endfacet
  facet normal 0 0 1
    outer loop
      vertex 65.25 57.1569 3
      vertex 68 52.6825 3
      vertex 69.25 54.8475 3
    endloop
  endfacet
  facet normal 0 0 1
    outer loop
      vertex 65.25 57.1569 3
      vertex 64 54.9919 3
      vertex 68 52.6825 3
    endloop
  endfacet
  facet normal 0 0 1
    outer loop
      vertex 65.25 61.7757 3
      vertex 62.75 61.7757 3
      vertex 65.25 57.1569 3
    endloop
  endfacet
  facet normal 0 0 1
    outer loop
      vertex 62.75 57.1569 3
      vertex 65.25 57.1569 3
      vertex 62.75 61.7757 3
    endloop
  endfacet
  facet normal 0 0 1
    outer loop
      vertex 60 66.2502 3
      vertex 62.75 61.7757 3
      vertex 64 63.9408 3
    endloop
  endfacet
  facet normal 0 0 1
    outer loop
      vertex 60 66.2502 3
      vertex 58.75 64.0851 3
      vertex 62.75 61.7757 3
    endloop
  endfacet
  facet normal 0 0 1
    outer loop
      vertex 60 70.869 3
      vertex 57.5 70.869 3
      vertex 60 66.2502 3
    endloop
  endfacet
  facet normal 0 0 1
    outer loop
      vertex 57.5 66.2502 3
      vertex 60 66.2502 3
      vertex 57.5 70.869 3
    endloop
  endfacet
  facet normal 0 0 1
    outer loop
      vertex 54.75 75.3435 3
      vertex 57.5 70.869 3
      vertex 58.75 73.0341 3
    endloop
  endfacet
  facet normal 0 0 1
    outer loop
      vertex 54.75 75.3435 3
      vertex 53.5 73.1784 3
      vertex 57.5 70.869 3
    endloop
  endfacet
  facet normal 0 0 1
    outer loop
      vertex 54.75 79.9623 3
      vertex 52.25 79.9623 3
      vertex 54.75 75.3435 3
    endloop
  endfacet
  facet normal 0 0 1
    outer loop
      vertex 52.25 75.3435 3
      vertex 54.75 75.3435 3
      vertex 52.25 79.9623 3
    endloop
  endfacet
  facet normal 0 0 1
    outer loop
      vertex 49.5 84.4367 3
      vertex 52.25 79.9623 3
      vertex 53.5 82.1273 3
    endloop
  endfacet
  facet normal 0 0 1
    outer loop
      vertex 49.5 84.4367 3
      vertex 48.25 82.2717 3
      vertex 52.25 79.9623 3
    endloop
  endfacet
  facet normal 0 0 1
    outer loop
      vertex 49.5 89.0555 3
      vertex 47 89.0555 3
      vertex 49.5 84.4367 3
    endloop
  endfacet
  facet normal 0 0 1
    outer loop
      vertex 47 84.4367 3
      vertex 49.5 84.4367 3
      vertex 47 89.0555 3
    endloop
  endfacet
  facet normal 0 0 1
    outer loop
      vertex 44.25 93.53 3
      vertex 47 89.0555 3
      vertex 48.25 91.2206 3
    endloop
  endfacet
  facet normal 0 0 1
    outer loop
      vertex 44.25 93.53 3
      vertex 43 91.3649 3
      vertex 47 89.0555 3
    endloop
  endfacet
  facet normal 0 0 1
    outer loop
      vertex 44.25 98.1488 3
      vertex 41.75 98.1488 3
      vertex 44.25 93.53 3
    endloop
  endfacet
  facet normal 0 0 1
    outer loop
      vertex 41.75 93.53 3
      vertex 44.25 93.53 3
      vertex 41.75 98.1488 3
    endloop
  endfacet
  facet normal 0 0 1
    outer loop
      vertex 39 102.623 3
      vertex 41.75 98.1488 3
      vertex 43 100.314 3
    endloop
  endfacet
  facet normal 0 0 1
    outer loop
      vertex 39 102.623 3
      vertex 37.75 100.458 3
      vertex 41.75 98.1488 3
    endloop
  endfacet
  facet normal 0 0 1
    outer loop
      vertex 39 107.242 3
      vertex 36.5 107.242 3
      vertex 39 102.623 3
    endloop
  endfacet
  facet normal 0 0 1
    outer loop
      vertex 36.5 102.623 3
      vertex 39 102.623 3
      vertex 36.5 107.242 3
    endloop
  endfacet
  facet normal 0 0 1
    outer loop
      vertex 33.75 111.717 3
      vertex 36.5 107.242 3
      vertex 37.75 109.407 3
    endloop
  endfacet
  facet normal 0 0 1
    outer loop
      vertex 33.75 111.717 3
      vertex 32.5 109.551 3
      vertex 36.5 107.242 3
    endloop
  endfacet
  facet normal 0 0 1
    outer loop
      vertex 33.75 116.335 3
      vertex 31.25 116.335 3
      vertex 33.75 111.717 3
    endloop
  endfacet
  facet normal 0 0 1
    outer loop
      vertex 31.25 111.717 3
      vertex 33.75 111.717 3
      vertex 31.25 116.335 3
    endloop
  endfacet
  facet normal 0 0 1
    outer loop
      vertex 28.5 120.81 3
      vertex 31.25 116.335 3
      vertex 32.5 118.5 3
    endloop
  endfacet
  facet normal 0 0 1
    outer loop
      vertex 28.5 120.81 3
      vertex 27.25 118.645 3
      vertex 31.25 116.335 3
    endloop
  endfacet
  facet normal 0 0 1
    outer loop
      vertex 27.25 127.594 3
      vertex 27.25 118.645 3
      vertex 28.5 120.81 3
    endloop
  endfacet
  facet normal 0 0 1
    outer loop
      vertex 23.25 129.903 3
      vertex 27.25 118.645 3
      vertex 27.25 127.594 3
    endloop
  endfacet
  facet normal 0 0 1
    outer loop
      vertex 27.25 118.645 3
      vertex 23.25 129.903 3
      vertex 23.25 116.335 3
    endloop
  endfacet
  facet normal 0 0 1
    outer loop
      vertex 86.25 148.09 3
      vertex 83.75 148.09 3
      vertex 85 145.925 3
    endloop
  endfacet
  facet normal 0 0 1
    outer loop
      vertex 83.75 148.09 3
      vertex 81 143.615 3
      vertex 85 145.925 3
    endloop
  endfacet
  facet normal 0 0 1
    outer loop
      vertex 78.5 143.615 3
      vertex 81 143.615 3
      vertex 79.75 145.78 3
    endloop
  endfacet
  facet normal -0 0 1
    outer loop
      vertex 79.75 145.78 3
      vertex 81 143.615 3
      vertex 83.75 148.09 3
    endloop
  endfacet
  facet normal 0 0 1
    outer loop
      vertex 86.25 129.903 3
      vertex 83.75 129.903 3
      vertex 85 127.738 3
    endloop
  endfacet
  facet normal 0 0 1
    outer loop
      vertex 83.75 129.903 3
      vertex 81 125.429 3
      vertex 85 127.738 3
    endloop
  endfacet
  facet normal 0 0 1
    outer loop
      vertex 78.5 125.429 3
      vertex 81 125.429 3
      vertex 79.75 127.594 3
    endloop
  endfacet
  facet normal -0 0 1
    outer loop
      vertex 79.75 127.594 3
      vertex 81 125.429 3
      vertex 83.75 129.903 3
    endloop
  endfacet
  facet normal 0 0 1
    outer loop
      vertex 86.25 111.717 3
      vertex 83.75 111.717 3
      vertex 85 109.551 3
    endloop
  endfacet
  facet normal 0 0 1
    outer loop
      vertex 83.75 111.717 3
      vertex 81 107.242 3
      vertex 85 109.551 3
    endloop
  endfacet
  facet normal 0 0 1
    outer loop
      vertex 78.5 107.242 3
      vertex 81 107.242 3
      vertex 79.75 109.407 3
    endloop
  endfacet
  facet normal -0 0 1
    outer loop
      vertex 79.75 109.407 3
      vertex 81 107.242 3
      vertex 83.75 111.717 3
    endloop
  endfacet
  facet normal 0 0 1
    outer loop
      vertex 86.25 93.53 3
      vertex 83.75 93.53 3
      vertex 85 91.3649 3
    endloop
  endfacet
  facet normal 0 0 1
    outer loop
      vertex 83.75 93.53 3
      vertex 81 89.0555 3
      vertex 85 91.3649 3
    endloop
  endfacet
  facet normal 0 0 1
    outer loop
      vertex 78.5 89.0555 3
      vertex 81 89.0555 3
      vertex 79.75 91.2206 3
    endloop
  endfacet
  facet normal -0 0 1
    outer loop
      vertex 79.75 91.2206 3
      vertex 81 89.0555 3
      vertex 83.75 93.53 3
    endloop
  endfacet
  facet normal 0 0 1
    outer loop
      vertex 86.25 75.3435 3
      vertex 83.75 75.3435 3
      vertex 85 73.1784 3
    endloop
  endfacet
  facet normal 0 0 1
    outer loop
      vertex 83.75 75.3435 3
      vertex 81 70.869 3
      vertex 85 73.1784 3
    endloop
  endfacet
  facet normal 0 0 1
    outer loop
      vertex 78.5 70.869 3
      vertex 81 70.869 3
      vertex 79.75 73.0341 3
    endloop
  endfacet
  facet normal -0 0 1
    outer loop
      vertex 79.75 73.0341 3
      vertex 81 70.869 3
      vertex 83.75 75.3435 3
    endloop
  endfacet
  facet normal 0 0 1
    outer loop
      vertex 86.25 57.1569 3
      vertex 83.75 57.1569 3
      vertex 85 54.9919 3
    endloop
  endfacet
  facet normal 0 0 1
    outer loop
      vertex 83.75 57.1569 3
      vertex 81 52.6825 3
      vertex 85 54.9919 3
    endloop
  endfacet
  facet normal 0 0 1
    outer loop
      vertex 78.5 52.6825 3
      vertex 81 52.6825 3
      vertex 79.75 54.8475 3
    endloop
  endfacet
  facet normal -0 0 1
    outer loop
      vertex 79.75 54.8475 3
      vertex 81 52.6825 3
      vertex 83.75 57.1569 3
    endloop
  endfacet
  facet normal 0 0 1
    outer loop
      vertex 86.25 38.9704 3
      vertex 83.75 38.9704 3
      vertex 85 36.8053 3
    endloop
  endfacet
  facet normal 0 0 1
    outer loop
      vertex 83.75 38.9704 3
      vertex 81 34.4959 3
      vertex 85 36.8053 3
    endloop
  endfacet
  facet normal 0 0 1
    outer loop
      vertex 78.5 34.4959 3
      vertex 81 34.4959 3
      vertex 79.75 36.661 3
    endloop
  endfacet
  facet normal -0 0 1
    outer loop
      vertex 79.75 36.661 3
      vertex 81 34.4959 3
      vertex 83.75 38.9704 3
    endloop
  endfacet
  facet normal 0 0 1
    outer loop
      vertex 91.5 157.183 3
      vertex 89 157.183 3
      vertex 90.25 155.018 3
    endloop
  endfacet
  facet normal 0 0 1
    outer loop
      vertex 89 157.183 3
      vertex 86.25 152.708 3
      vertex 90.25 155.018 3
    endloop
  endfacet
  facet normal 0 0 1
    outer loop
      vertex 83.75 152.708 3
      vertex 86.25 152.708 3
      vertex 85 154.873 3
    endloop
  endfacet
  facet normal -0 0 1
    outer loop
      vertex 85 154.873 3
      vertex 86.25 152.708 3
      vertex 89 157.183 3
    endloop
  endfacet
  facet normal 0 0 1
    outer loop
      vertex 91.5 138.996 3
      vertex 89 138.996 3
      vertex 90.25 136.831 3
    endloop
  endfacet
  facet normal 0 0 1
    outer loop
      vertex 89 138.996 3
      vertex 86.25 134.522 3
      vertex 90.25 136.831 3
    endloop
  endfacet
  facet normal 0 0 1
    outer loop
      vertex 83.75 134.522 3
      vertex 86.25 134.522 3
      vertex 85 136.687 3
    endloop
  endfacet
  facet normal -0 0 1
    outer loop
      vertex 85 136.687 3
      vertex 86.25 134.522 3
      vertex 89 138.996 3
    endloop
  endfacet
  facet normal 0 0 1
    outer loop
      vertex 91.5 120.81 3
      vertex 89 120.81 3
      vertex 90.25 118.645 3
    endloop
  endfacet
  facet normal 0 0 1
    outer loop
      vertex 89 120.81 3
      vertex 86.25 116.335 3
      vertex 90.25 118.645 3
    endloop
  endfacet
  facet normal 0 0 1
    outer loop
      vertex 83.75 116.335 3
      vertex 86.25 116.335 3
      vertex 85 118.5 3
    endloop
  endfacet
  facet normal -0 0 1
    outer loop
      vertex 85 118.5 3
      vertex 86.25 116.335 3
      vertex 89 120.81 3
    endloop
  endfacet
  facet normal 0 0 1
    outer loop
      vertex 91.5 102.623 3
      vertex 89 102.623 3
      vertex 90.25 100.458 3
    endloop
  endfacet
  facet normal 0 0 1
    outer loop
      vertex 89 102.623 3
      vertex 86.25 98.1488 3
      vertex 90.25 100.458 3
    endloop
  endfacet
  facet normal 0 0 1
    outer loop
      vertex 83.75 98.1488 3
      vertex 86.25 98.1488 3
      vertex 85 100.314 3
    endloop
  endfacet
  facet normal -0 0 1
    outer loop
      vertex 85 100.314 3
      vertex 86.25 98.1488 3
      vertex 89 102.623 3
    endloop
  endfacet
  facet normal 0 0 1
    outer loop
      vertex 91.5 84.4367 3
      vertex 89 84.4367 3
      vertex 90.25 82.2717 3
    endloop
  endfacet
  facet normal 0 0 1
    outer loop
      vertex 89 84.4367 3
      vertex 86.25 79.9623 3
      vertex 90.25 82.2717 3
    endloop
  endfacet
  facet normal 0 0 1
    outer loop
      vertex 83.75 79.9623 3
      vertex 86.25 79.9623 3
      vertex 85 82.1273 3
    endloop
  endfacet
  facet normal -0 0 1
    outer loop
      vertex 85 82.1273 3
      vertex 86.25 79.9623 3
      vertex 89 84.4367 3
    endloop
  endfacet
  facet normal 0 0 1
    outer loop
      vertex 91.5 66.2502 3
      vertex 89 66.2502 3
      vertex 90.25 64.0851 3
    endloop
  endfacet
  facet normal 0 0 1
    outer loop
      vertex 89 66.2502 3
      vertex 86.25 61.7757 3
      vertex 90.25 64.0851 3
    endloop
  endfacet
  facet normal 0 0 1
    outer loop
      vertex 83.75 61.7757 3
      vertex 86.25 61.7757 3
      vertex 85 63.9408 3
    endloop
  endfacet
  facet normal -0 0 1
    outer loop
      vertex 85 63.9408 3
      vertex 86.25 61.7757 3
      vertex 89 66.2502 3
    endloop
  endfacet
  facet normal 0 0 1
    outer loop
      vertex 91.5 48.0637 3
      vertex 89 48.0637 3
      vertex 90.25 45.8986 3
    endloop
  endfacet
  facet normal 0 0 1
    outer loop
      vertex 89 48.0637 3
      vertex 86.25 43.5892 3
      vertex 90.25 45.8986 3
    endloop
  endfacet
  facet normal 0 0 1
    outer loop
      vertex 83.75 43.5892 3
      vertex 86.25 43.5892 3
      vertex 85 45.7543 3
    endloop
  endfacet
  facet normal -0 0 1
    outer loop
      vertex 85 45.7543 3
      vertex 86.25 43.5892 3
      vertex 89 48.0637 3
    endloop
  endfacet
  facet normal 0 0 1
    outer loop
      vertex 91.5 29.8771 3
      vertex 89 29.8771 3
      vertex 90.25 27.7121 3
    endloop
  endfacet
  facet normal 0 0 1
    outer loop
      vertex 89 29.8771 3
      vertex 86.25 25.4027 3
      vertex 90.25 27.7121 3
    endloop
  endfacet
  facet normal 0 0 1
    outer loop
      vertex 83.75 25.4027 3
      vertex 86.25 25.4027 3
      vertex 85 27.5677 3
    endloop
  endfacet
  facet normal -0 0 1
    outer loop
      vertex 85 27.5677 3
      vertex 86.25 25.4027 3
      vertex 89 29.8771 3
    endloop
  endfacet
  facet normal 0 0 1
    outer loop
      vertex 91.5 29.8771 3
      vertex 94.25 25.4027 3
      vertex 95.5 27.5677 3
    endloop
  endfacet
  facet normal 0 0 1
    outer loop
      vertex 91.5 29.8771 3
      vertex 90.25 27.7121 3
      vertex 94.25 25.4027 3
    endloop
  endfacet
  facet normal 0 0 1
    outer loop
      vertex 91.5 34.4959 3
      vertex 89 34.4959 3
      vertex 91.5 29.8771 3
    endloop
  endfacet
  facet normal 0 0 1
    outer loop
      vertex 89 29.8771 3
      vertex 91.5 29.8771 3
      vertex 89 34.4959 3
    endloop
  endfacet
  facet normal 0 0 1
    outer loop
      vertex 86.25 38.9704 3
      vertex 89 34.4959 3
      vertex 90.25 36.661 3
    endloop
  endfacet
  facet normal 0 0 1
    outer loop
      vertex 86.25 38.9704 3
      vertex 85 36.8053 3
      vertex 89 34.4959 3
    endloop
  endfacet
  facet normal 0 0 1
    outer loop
      vertex 86.25 43.5892 3
      vertex 83.75 43.5892 3
      vertex 86.25 38.9704 3
    endloop
  endfacet
  facet normal 0 0 1
    outer loop
      vertex 83.75 38.9704 3
      vertex 86.25 38.9704 3
      vertex 83.75 43.5892 3
    endloop
  endfacet
  facet normal 0 0 1
    outer loop
      vertex 81 48.0637 3
      vertex 83.75 43.5892 3
      vertex 85 45.7543 3
    endloop
  endfacet
  facet normal 0 0 1
    outer loop
      vertex 81 48.0637 3
      vertex 79.75 45.8986 3
      vertex 83.75 43.5892 3
    endloop
  endfacet
  facet normal 0 0 1
    outer loop
      vertex 81 52.6825 3
      vertex 78.5 52.6825 3
      vertex 81 48.0637 3
    endloop
  endfacet
  facet normal 0 0 1
    outer loop
      vertex 78.5 48.0637 3
      vertex 81 48.0637 3
      vertex 78.5 52.6825 3
    endloop
  endfacet
  facet normal 0 0 1
    outer loop
      vertex 75.75 57.1569 3
      vertex 78.5 52.6825 3
      vertex 79.75 54.8475 3
    endloop
  endfacet
  facet normal 0 0 1
    outer loop
      vertex 75.75 57.1569 3
      vertex 74.5 54.9919 3
      vertex 78.5 52.6825 3
    endloop
  endfacet
  facet normal 0 0 1
    outer loop
      vertex 75.75 61.7757 3
      vertex 73.25 61.7757 3
      vertex 75.75 57.1569 3
    endloop
  endfacet
  facet normal 0 0 1
    outer loop
      vertex 73.25 57.1569 3
      vertex 75.75 57.1569 3
      vertex 73.25 61.7757 3
    endloop
  endfacet
  facet normal 0 0 1
    outer loop
      vertex 70.5 66.2502 3
      vertex 73.25 61.7757 3
      vertex 74.5 63.9408 3
    endloop
  endfacet
  facet normal 0 0 1
    outer loop
      vertex 70.5 66.2502 3
      vertex 69.25 64.0851 3
      vertex 73.25 61.7757 3
    endloop
  endfacet
  facet normal 0 0 1
    outer loop
      vertex 70.5 70.869 3
      vertex 68 70.869 3
      vertex 70.5 66.2502 3
    endloop
  endfacet
  facet normal 0 0 1
    outer loop
      vertex 68 66.2502 3
      vertex 70.5 66.2502 3
      vertex 68 70.869 3
    endloop
  endfacet
  facet normal 0 0 1
    outer loop
      vertex 65.25 75.3435 3
      vertex 68 70.869 3
      vertex 69.25 73.0341 3
    endloop
  endfacet
  facet normal 0 0 1
    outer loop
      vertex 65.25 75.3435 3
      vertex 64 73.1784 3
      vertex 68 70.869 3
    endloop
  endfacet
  facet normal 0 0 1
    outer loop
      vertex 65.25 79.9623 3
      vertex 62.75 79.9623 3
      vertex 65.25 75.3435 3
    endloop
  endfacet
  facet normal 0 0 1
    outer loop
      vertex 62.75 75.3435 3
      vertex 65.25 75.3435 3
      vertex 62.75 79.9623 3
    endloop
  endfacet
  facet normal 0 0 1
    outer loop
      vertex 60 84.4367 3
      vertex 62.75 79.9623 3
      vertex 64 82.1273 3
    endloop
  endfacet
  facet normal 0 0 1
    outer loop
      vertex 60 84.4367 3
      vertex 58.75 82.2717 3
      vertex 62.75 79.9623 3
    endloop
  endfacet
  facet normal 0 0 1
    outer loop
      vertex 60 89.0555 3
      vertex 57.5 89.0555 3
      vertex 60 84.4367 3
    endloop
  endfacet
  facet normal 0 0 1
    outer loop
      vertex 57.5 84.4367 3
      vertex 60 84.4367 3
      vertex 57.5 89.0555 3
    endloop
  endfacet
  facet normal 0 0 1
    outer loop
      vertex 54.75 93.53 3
      vertex 57.5 89.0555 3
      vertex 58.75 91.2206 3
    endloop
  endfacet
  facet normal 0 0 1
    outer loop
      vertex 54.75 93.53 3
      vertex 53.5 91.3649 3
      vertex 57.5 89.0555 3
    endloop
  endfacet
  facet normal 0 0 1
    outer loop
      vertex 54.75 98.1488 3
      vertex 52.25 98.1488 3
      vertex 54.75 93.53 3
    endloop
  endfacet
  facet normal 0 0 1
    outer loop
      vertex 52.25 93.53 3
      vertex 54.75 93.53 3
      vertex 52.25 98.1488 3
    endloop
  endfacet
  facet normal 0 0 1
    outer loop
      vertex 49.5 102.623 3
      vertex 52.25 98.1488 3
      vertex 53.5 100.314 3
    endloop
  endfacet
  facet normal 0 0 1
    outer loop
      vertex 49.5 102.623 3
      vertex 48.25 100.458 3
      vertex 52.25 98.1488 3
    endloop
  endfacet
  facet normal 0 0 1
    outer loop
      vertex 49.5 107.242 3
      vertex 47 107.242 3
      vertex 49.5 102.623 3
    endloop
  endfacet
  facet normal 0 0 1
    outer loop
      vertex 47 102.623 3
      vertex 49.5 102.623 3
      vertex 47 107.242 3
    endloop
  endfacet
  facet normal 0 0 1
    outer loop
      vertex 44.25 111.717 3
      vertex 47 107.242 3
      vertex 48.25 109.407 3
    endloop
  endfacet
  facet normal 0 0 1
    outer loop
      vertex 44.25 111.717 3
      vertex 43 109.551 3
      vertex 47 107.242 3
    endloop
  endfacet
  facet normal 0 0 1
    outer loop
      vertex 44.25 116.335 3
      vertex 41.75 116.335 3
      vertex 44.25 111.717 3
    endloop
  endfacet
  facet normal 0 0 1
    outer loop
      vertex 41.75 111.717 3
      vertex 44.25 111.717 3
      vertex 41.75 116.335 3
    endloop
  endfacet
  facet normal 0 0 1
    outer loop
      vertex 39 120.81 3
      vertex 41.75 116.335 3
      vertex 43 118.5 3
    endloop
  endfacet
  facet normal 0 0 1
    outer loop
      vertex 39 120.81 3
      vertex 37.75 118.645 3
      vertex 41.75 116.335 3
    endloop
  endfacet
  facet normal 0 0 1
    outer loop
      vertex 39 125.429 3
      vertex 36.5 125.429 3
      vertex 39 120.81 3
    endloop
  endfacet
  facet normal 0 0 1
    outer loop
      vertex 36.5 120.81 3
      vertex 39 120.81 3
      vertex 36.5 125.429 3
    endloop
  endfacet
  facet normal 0 0 1
    outer loop
      vertex 33.75 129.903 3
      vertex 36.5 125.429 3
      vertex 37.75 127.594 3
    endloop
  endfacet
  facet normal 0 0 1
    outer loop
      vertex 33.75 129.903 3
      vertex 32.5 127.738 3
      vertex 36.5 125.429 3
    endloop
  endfacet
  facet normal 0 0 1
    outer loop
      vertex 33.75 134.522 3
      vertex 31.25 134.522 3
      vertex 33.75 129.903 3
    endloop
  endfacet
  facet normal 0 0 1
    outer loop
      vertex 31.25 129.903 3
      vertex 33.75 129.903 3
      vertex 31.25 134.522 3
    endloop
  endfacet
  facet normal 0 0 1
    outer loop
      vertex 28.5 138.996 3
      vertex 31.25 134.522 3
      vertex 32.5 136.687 3
    endloop
  endfacet
  facet normal 0 0 1
    outer loop
      vertex 28.5 138.996 3
      vertex 27.25 136.831 3
      vertex 31.25 134.522 3
    endloop
  endfacet
  facet normal 0 0 1
    outer loop
      vertex 27.25 145.78 3
      vertex 27.25 136.831 3
      vertex 28.5 138.996 3
    endloop
  endfacet
  facet normal 0 0 1
    outer loop
      vertex 23.25 148.09 3
      vertex 27.25 136.831 3
      vertex 27.25 145.78 3
    endloop
  endfacet
  facet normal 0 0 1
    outer loop
      vertex 27.25 136.831 3
      vertex 23.25 148.09 3
      vertex 23.25 134.522 3
    endloop
  endfacet
  facet normal 0 0 1
    outer loop
      vertex 96.75 148.09 3
      vertex 94.25 148.09 3
      vertex 95.5 145.925 3
    endloop
  endfacet
  facet normal 0 0 1
    outer loop
      vertex 94.25 148.09 3
      vertex 91.5 143.615 3
      vertex 95.5 145.925 3
    endloop
  endfacet
  facet normal 0 0 1
    outer loop
      vertex 89 143.615 3
      vertex 91.5 143.615 3
      vertex 90.25 145.78 3
    endloop
  endfacet
  facet normal -0 0 1
    outer loop
      vertex 90.25 145.78 3
      vertex 91.5 143.615 3
      vertex 94.25 148.09 3
    endloop
  endfacet
  facet normal 0 0 1
    outer loop
      vertex 96.75 129.903 3
      vertex 94.25 129.903 3
      vertex 95.5 127.738 3
    endloop
  endfacet
  facet normal 0 0 1
    outer loop
      vertex 94.25 129.903 3
      vertex 91.5 125.429 3
      vertex 95.5 127.738 3
    endloop
  endfacet
  facet normal 0 0 1
    outer loop
      vertex 89 125.429 3
      vertex 91.5 125.429 3
      vertex 90.25 127.594 3
    endloop
  endfacet
  facet normal -0 0 1
    outer loop
      vertex 90.25 127.594 3
      vertex 91.5 125.429 3
      vertex 94.25 129.903 3
    endloop
  endfacet
  facet normal 0 0 1
    outer loop
      vertex 96.75 111.717 3
      vertex 94.25 111.717 3
      vertex 95.5 109.551 3
    endloop
  endfacet
  facet normal 0 0 1
    outer loop
      vertex 94.25 111.717 3
      vertex 91.5 107.242 3
      vertex 95.5 109.551 3
    endloop
  endfacet
  facet normal 0 0 1
    outer loop
      vertex 89 107.242 3
      vertex 91.5 107.242 3
      vertex 90.25 109.407 3
    endloop
  endfacet
  facet normal -0 0 1
    outer loop
      vertex 90.25 109.407 3
      vertex 91.5 107.242 3
      vertex 94.25 111.717 3
    endloop
  endfacet
  facet normal 0 0 1
    outer loop
      vertex 96.75 93.53 3
      vertex 94.25 93.53 3
      vertex 95.5 91.3649 3
    endloop
  endfacet
  facet normal 0 0 1
    outer loop
      vertex 94.25 93.53 3
      vertex 91.5 89.0555 3
      vertex 95.5 91.3649 3
    endloop
  endfacet
  facet normal 0 0 1
    outer loop
      vertex 89 89.0555 3
      vertex 91.5 89.0555 3
      vertex 90.25 91.2206 3
    endloop
  endfacet
  facet normal -0 0 1
    outer loop
      vertex 90.25 91.2206 3
      vertex 91.5 89.0555 3
      vertex 94.25 93.53 3
    endloop
  endfacet
  facet normal 0 0 1
    outer loop
      vertex 96.75 75.3435 3
      vertex 94.25 75.3435 3
      vertex 95.5 73.1784 3
    endloop
  endfacet
  facet normal 0 0 1
    outer loop
      vertex 94.25 75.3435 3
      vertex 91.5 70.869 3
      vertex 95.5 73.1784 3
    endloop
  endfacet
  facet normal 0 0 1
    outer loop
      vertex 89 70.869 3
      vertex 91.5 70.869 3
      vertex 90.25 73.0341 3
    endloop
  endfacet
  facet normal -0 0 1
    outer loop
      vertex 90.25 73.0341 3
      vertex 91.5 70.869 3
      vertex 94.25 75.3435 3
    endloop
  endfacet
  facet normal 0 0 1
    outer loop
      vertex 96.75 57.1569 3
      vertex 94.25 57.1569 3
      vertex 95.5 54.9919 3
    endloop
  endfacet
  facet normal 0 0 1
    outer loop
      vertex 94.25 57.1569 3
      vertex 91.5 52.6825 3
      vertex 95.5 54.9919 3
    endloop
  endfacet
  facet normal 0 0 1
    outer loop
      vertex 89 52.6825 3
      vertex 91.5 52.6825 3
      vertex 90.25 54.8475 3
    endloop
  endfacet
  facet normal -0 0 1
    outer loop
      vertex 90.25 54.8475 3
      vertex 91.5 52.6825 3
      vertex 94.25 57.1569 3
    endloop
  endfacet
  facet normal 0 0 1
    outer loop
      vertex 96.75 38.9704 3
      vertex 94.25 38.9704 3
      vertex 95.5 36.8053 3
    endloop
  endfacet
  facet normal 0 0 1
    outer loop
      vertex 94.25 38.9704 3
      vertex 91.5 34.4959 3
      vertex 95.5 36.8053 3
    endloop
  endfacet
  facet normal 0 0 1
    outer loop
      vertex 89 34.4959 3
      vertex 91.5 34.4959 3
      vertex 90.25 36.661 3
    endloop
  endfacet
  facet normal -0 0 1
    outer loop
      vertex 90.25 36.661 3
      vertex 91.5 34.4959 3
      vertex 94.25 38.9704 3
    endloop
  endfacet
  facet normal 0 0 1
    outer loop
      vertex 102 157.183 3
      vertex 99.5 157.183 3
      vertex 100.75 155.018 3
    endloop
  endfacet
  facet normal 0 0 1
    outer loop
      vertex 99.5 157.183 3
      vertex 96.75 152.708 3
      vertex 100.75 155.018 3
    endloop
  endfacet
  facet normal 0 0 1
    outer loop
      vertex 94.25 152.708 3
      vertex 96.75 152.708 3
      vertex 95.5 154.873 3
    endloop
  endfacet
  facet normal -0 0 1
    outer loop
      vertex 95.5 154.873 3
      vertex 96.75 152.708 3
      vertex 99.5 157.183 3
    endloop
  endfacet
  facet normal 0 0 1
    outer loop
      vertex 102 138.996 3
      vertex 99.5 138.996 3
      vertex 100.75 136.831 3
    endloop
  endfacet
  facet normal 0 0 1
    outer loop
      vertex 99.5 138.996 3
      vertex 96.75 134.522 3
      vertex 100.75 136.831 3
    endloop
  endfacet
  facet normal 0 0 1
    outer loop
      vertex 94.25 134.522 3
      vertex 96.75 134.522 3
      vertex 95.5 136.687 3
    endloop
  endfacet
  facet normal -0 0 1
    outer loop
      vertex 95.5 136.687 3
      vertex 96.75 134.522 3
      vertex 99.5 138.996 3
    endloop
  endfacet
  facet normal 0 0 1
    outer loop
      vertex 102 120.81 3
      vertex 99.5 120.81 3
      vertex 100.75 118.645 3
    endloop
  endfacet
  facet normal 0 0 1
    outer loop
      vertex 99.5 120.81 3
      vertex 96.75 116.335 3
      vertex 100.75 118.645 3
    endloop
  endfacet
  facet normal 0 0 1
    outer loop
      vertex 94.25 116.335 3
      vertex 96.75 116.335 3
      vertex 95.5 118.5 3
    endloop
  endfacet
  facet normal -0 0 1
    outer loop
      vertex 95.5 118.5 3
      vertex 96.75 116.335 3
      vertex 99.5 120.81 3
    endloop
  endfacet
  facet normal 0 0 1
    outer loop
      vertex 102 102.623 3
      vertex 99.5 102.623 3
      vertex 100.75 100.458 3
    endloop
  endfacet
  facet normal 0 0 1
    outer loop
      vertex 99.5 102.623 3
      vertex 96.75 98.1488 3
      vertex 100.75 100.458 3
    endloop
  endfacet
  facet normal 0 0 1
    outer loop
      vertex 94.25 98.1488 3
      vertex 96.75 98.1488 3
      vertex 95.5 100.314 3
    endloop
  endfacet
  facet normal -0 0 1
    outer loop
      vertex 95.5 100.314 3
      vertex 96.75 98.1488 3
      vertex 99.5 102.623 3
    endloop
  endfacet
  facet normal 0 0 1
    outer loop
      vertex 102 84.4367 3
      vertex 99.5 84.4367 3
      vertex 100.75 82.2717 3
    endloop
  endfacet
  facet normal 0 0 1
    outer loop
      vertex 99.5 84.4367 3
      vertex 96.75 79.9623 3
      vertex 100.75 82.2717 3
    endloop
  endfacet
  facet normal 0 0 1
    outer loop
      vertex 94.25 79.9623 3
      vertex 96.75 79.9623 3
      vertex 95.5 82.1273 3
    endloop
  endfacet
  facet normal -0 0 1
    outer loop
      vertex 95.5 82.1273 3
      vertex 96.75 79.9623 3
      vertex 99.5 84.4367 3
    endloop
  endfacet
  facet normal 0 0 1
    outer loop
      vertex 102 66.2502 3
      vertex 99.5 66.2502 3
      vertex 100.75 64.0851 3
    endloop
  endfacet
  facet normal 0 0 1
    outer loop
      vertex 99.5 66.2502 3
      vertex 96.75 61.7757 3
      vertex 100.75 64.0851 3
    endloop
  endfacet
  facet normal 0 0 1
    outer loop
      vertex 94.25 61.7757 3
      vertex 96.75 61.7757 3
      vertex 95.5 63.9408 3
    endloop
  endfacet
  facet normal -0 0 1
    outer loop
      vertex 95.5 63.9408 3
      vertex 96.75 61.7757 3
      vertex 99.5 66.2502 3
    endloop
  endfacet
  facet normal 0 0 1
    outer loop
      vertex 102 48.0637 3
      vertex 99.5 48.0637 3
      vertex 100.75 45.8986 3
    endloop
  endfacet
  facet normal 0 0 1
    outer loop
      vertex 99.5 48.0637 3
      vertex 96.75 43.5892 3
      vertex 100.75 45.8986 3
    endloop
  endfacet
  facet normal 0 0 1
    outer loop
      vertex 94.25 43.5892 3
      vertex 96.75 43.5892 3
      vertex 95.5 45.7543 3
    endloop
  endfacet
  facet normal -0 0 1
    outer loop
      vertex 95.5 45.7543 3
      vertex 96.75 43.5892 3
      vertex 99.5 48.0637 3
    endloop
  endfacet
  facet normal 0 0 1
    outer loop
      vertex 102 29.8771 3
      vertex 99.5 29.8771 3
      vertex 100.75 27.7121 3
    endloop
  endfacet
  facet normal 0 0 1
    outer loop
      vertex 99.5 29.8771 3
      vertex 96.75 25.4027 3
      vertex 100.75 27.7121 3
    endloop
  endfacet
  facet normal 0 0 1
    outer loop
      vertex 94.25 25.4027 3
      vertex 96.75 25.4027 3
      vertex 95.5 27.5677 3
    endloop
  endfacet
  facet normal -0 0 1
    outer loop
      vertex 95.5 27.5677 3
      vertex 96.75 25.4027 3
      vertex 99.5 29.8771 3
    endloop
  endfacet
  facet normal 0 0 1
    outer loop
      vertex 102 29.8771 3
      vertex 104.75 25.4027 3
      vertex 106 27.5677 3
    endloop
  endfacet
  facet normal 0 0 1
    outer loop
      vertex 102 29.8771 3
      vertex 100.75 27.7121 3
      vertex 104.75 25.4027 3
    endloop
  endfacet
  facet normal 0 0 1
    outer loop
      vertex 102 34.4959 3
      vertex 99.5 34.4959 3
      vertex 102 29.8771 3
    endloop
  endfacet
  facet normal 0 0 1
    outer loop
      vertex 99.5 29.8771 3
      vertex 102 29.8771 3
      vertex 99.5 34.4959 3
    endloop
  endfacet
  facet normal 0 0 1
    outer loop
      vertex 96.75 38.9704 3
      vertex 99.5 34.4959 3
      vertex 100.75 36.661 3
    endloop
  endfacet
  facet normal 0 0 1
    outer loop
      vertex 96.75 38.9704 3
      vertex 95.5 36.8053 3
      vertex 99.5 34.4959 3
    endloop
  endfacet
  facet normal 0 0 1
    outer loop
      vertex 96.75 43.5892 3
      vertex 94.25 43.5892 3
      vertex 96.75 38.9704 3
    endloop
  endfacet
  facet normal 0 0 1
    outer loop
      vertex 94.25 38.9704 3
      vertex 96.75 38.9704 3
      vertex 94.25 43.5892 3
    endloop
  endfacet
  facet normal 0 0 1
    outer loop
      vertex 91.5 48.0637 3
      vertex 94.25 43.5892 3
      vertex 95.5 45.7543 3
    endloop
  endfacet
  facet normal 0 0 1
    outer loop
      vertex 91.5 48.0637 3
      vertex 90.25 45.8986 3
      vertex 94.25 43.5892 3
    endloop
  endfacet
  facet normal 0 0 1
    outer loop
      vertex 91.5 52.6825 3
      vertex 89 52.6825 3
      vertex 91.5 48.0637 3
    endloop
  endfacet
  facet normal 0 0 1
    outer loop
      vertex 89 48.0637 3
      vertex 91.5 48.0637 3
      vertex 89 52.6825 3
    endloop
  endfacet
  facet normal 0 0 1
    outer loop
      vertex 86.25 57.1569 3
      vertex 89 52.6825 3
      vertex 90.25 54.8475 3
    endloop
  endfacet
  facet normal 0 0 1
    outer loop
      vertex 86.25 57.1569 3
      vertex 85 54.9919 3
      vertex 89 52.6825 3
    endloop
  endfacet
  facet normal 0 0 1
    outer loop
      vertex 86.25 61.7757 3
      vertex 83.75 61.7757 3
      vertex 86.25 57.1569 3
    endloop
  endfacet
  facet normal 0 0 1
    outer loop
      vertex 83.75 57.1569 3
      vertex 86.25 57.1569 3
      vertex 83.75 61.7757 3
    endloop
  endfacet
  facet normal 0 0 1
    outer loop
      vertex 81 66.2502 3
      vertex 83.75 61.7757 3
      vertex 85 63.9408 3
    endloop
  endfacet
  facet normal 0 0 1
    outer loop
      vertex 81 66.2502 3
      vertex 79.75 64.0851 3
      vertex 83.75 61.7757 3
    endloop
  endfacet
  facet normal 0 0 1
    outer loop
      vertex 81 70.869 3
      vertex 78.5 70.869 3
      vertex 81 66.2502 3
    endloop
  endfacet
  facet normal 0 0 1
    outer loop
      vertex 78.5 66.2502 3
      vertex 81 66.2502 3
      vertex 78.5 70.869 3
    endloop
  endfacet
  facet normal 0 0 1
    outer loop
      vertex 75.75 75.3435 3
      vertex 78.5 70.869 3
      vertex 79.75 73.0341 3
    endloop
  endfacet
  facet normal 0 0 1
    outer loop
      vertex 75.75 75.3435 3
      vertex 74.5 73.1784 3
      vertex 78.5 70.869 3
    endloop
  endfacet
  facet normal 0 0 1
    outer loop
      vertex 75.75 79.9623 3
      vertex 73.25 79.9623 3
      vertex 75.75 75.3435 3
    endloop
  endfacet
  facet normal 0 0 1
    outer loop
      vertex 73.25 75.3435 3
      vertex 75.75 75.3435 3
      vertex 73.25 79.9623 3
    endloop
  endfacet
  facet normal 0 0 1
    outer loop
      vertex 70.5 84.4367 3
      vertex 73.25 79.9623 3
      vertex 74.5 82.1273 3
    endloop
  endfacet
  facet normal 0 0 1
    outer loop
      vertex 70.5 84.4367 3
      vertex 69.25 82.2717 3
      vertex 73.25 79.9623 3
    endloop
  endfacet
  facet normal 0 0 1
    outer loop
      vertex 70.5 89.0555 3
      vertex 68 89.0555 3
      vertex 70.5 84.4367 3
    endloop
  endfacet
  facet normal 0 0 1
    outer loop
      vertex 68 84.4367 3
      vertex 70.5 84.4367 3
      vertex 68 89.0555 3
    endloop
  endfacet
  facet normal 0 0 1
    outer loop
      vertex 65.25 93.53 3
      vertex 68 89.0555 3
      vertex 69.25 91.2206 3
    endloop
  endfacet
  facet normal 0 0 1
    outer loop
      vertex 65.25 93.53 3
      vertex 64 91.3649 3
      vertex 68 89.0555 3
    endloop
  endfacet
  facet normal 0 0 1
    outer loop
      vertex 65.25 98.1488 3
      vertex 62.75 98.1488 3
      vertex 65.25 93.53 3
    endloop
  endfacet
  facet normal 0 0 1
    outer loop
      vertex 62.75 93.53 3
      vertex 65.25 93.53 3
      vertex 62.75 98.1488 3
    endloop
  endfacet
  facet normal 0 0 1
    outer loop
      vertex 60 102.623 3
      vertex 62.75 98.1488 3
      vertex 64 100.314 3
    endloop
  endfacet
  facet normal 0 0 1
    outer loop
      vertex 60 102.623 3
      vertex 58.75 100.458 3
      vertex 62.75 98.1488 3
    endloop
  endfacet
  facet normal 0 0 1
    outer loop
      vertex 60 107.242 3
      vertex 57.5 107.242 3
      vertex 60 102.623 3
    endloop
  endfacet
  facet normal 0 0 1
    outer loop
      vertex 57.5 102.623 3
      vertex 60 102.623 3
      vertex 57.5 107.242 3
    endloop
  endfacet
  facet normal 0 0 1
    outer loop
      vertex 54.75 111.717 3
      vertex 57.5 107.242 3
      vertex 58.75 109.407 3
    endloop
  endfacet
  facet normal 0 0 1
    outer loop
      vertex 54.75 111.717 3
      vertex 53.5 109.551 3
      vertex 57.5 107.242 3
    endloop
  endfacet
  facet normal 0 0 1
    outer loop
      vertex 54.75 116.335 3
      vertex 52.25 116.335 3
      vertex 54.75 111.717 3
    endloop
  endfacet
  facet normal 0 0 1
    outer loop
      vertex 52.25 111.717 3
      vertex 54.75 111.717 3
      vertex 52.25 116.335 3
    endloop
  endfacet
  facet normal 0 0 1
    outer loop
      vertex 49.5 120.81 3
      vertex 52.25 116.335 3
      vertex 53.5 118.5 3
    endloop
  endfacet
  facet normal 0 0 1
    outer loop
      vertex 49.5 120.81 3
      vertex 48.25 118.645 3
      vertex 52.25 116.335 3
    endloop
  endfacet
  facet normal 0 0 1
    outer loop
      vertex 49.5 125.429 3
      vertex 47 125.429 3
      vertex 49.5 120.81 3
    endloop
  endfacet
  facet normal 0 0 1
    outer loop
      vertex 47 120.81 3
      vertex 49.5 120.81 3
      vertex 47 125.429 3
    endloop
  endfacet
  facet normal 0 0 1
    outer loop
      vertex 44.25 129.903 3
      vertex 47 125.429 3
      vertex 48.25 127.594 3
    endloop
  endfacet
  facet normal 0 0 1
    outer loop
      vertex 44.25 129.903 3
      vertex 43 127.738 3
      vertex 47 125.429 3
    endloop
  endfacet
  facet normal 0 0 1
    outer loop
      vertex 44.25 134.522 3
      vertex 41.75 134.522 3
      vertex 44.25 129.903 3
    endloop
  endfacet
  facet normal 0 0 1
    outer loop
      vertex 41.75 129.903 3
      vertex 44.25 129.903 3
      vertex 41.75 134.522 3
    endloop
  endfacet
  facet normal 0 0 1
    outer loop
      vertex 39 138.996 3
      vertex 41.75 134.522 3
      vertex 43 136.687 3
    endloop
  endfacet
  facet normal 0 0 1
    outer loop
      vertex 39 138.996 3
      vertex 37.75 136.831 3
      vertex 41.75 134.522 3
    endloop
  endfacet
  facet normal 0 0 1
    outer loop
      vertex 39 143.615 3
      vertex 36.5 143.615 3
      vertex 39 138.996 3
    endloop
  endfacet
  facet normal 0 0 1
    outer loop
      vertex 36.5 138.996 3
      vertex 39 138.996 3
      vertex 36.5 143.615 3
    endloop
  endfacet
  facet normal 0 0 1
    outer loop
      vertex 33.75 148.09 3
      vertex 36.5 143.615 3
      vertex 37.75 145.78 3
    endloop
  endfacet
  facet normal 0 0 1
    outer loop
      vertex 33.75 148.09 3
      vertex 32.5 145.925 3
      vertex 36.5 143.615 3
    endloop
  endfacet
  facet normal 0 0 1
    outer loop
      vertex 33.75 152.708 3
      vertex 31.25 152.708 3
      vertex 33.75 148.09 3
    endloop
  endfacet
  facet normal 0 0 1
    outer loop
      vertex 31.25 148.09 3
      vertex 33.75 148.09 3
      vertex 31.25 152.708 3
    endloop
  endfacet
  facet normal 0 0 1
    outer loop
      vertex 28.5 157.183 3
      vertex 31.25 152.708 3
      vertex 32.5 154.873 3
    endloop
  endfacet
  facet normal 0 0 1
    outer loop
      vertex 31.25 152.708 3
      vertex 28.5 157.183 3
      vertex 27.25 155.018 3
    endloop
  endfacet
  facet normal 0 0 1
    outer loop
      vertex 107.25 148.09 3
      vertex 104.75 148.09 3
      vertex 106 145.925 3
    endloop
  endfacet
  facet normal 0 0 1
    outer loop
      vertex 104.75 148.09 3
      vertex 102 143.615 3
      vertex 106 145.925 3
    endloop
  endfacet
  facet normal 0 0 1
    outer loop
      vertex 99.5 143.615 3
      vertex 102 143.615 3
      vertex 100.75 145.78 3
    endloop
  endfacet
  facet normal -0 0 1
    outer loop
      vertex 100.75 145.78 3
      vertex 102 143.615 3
      vertex 104.75 148.09 3
    endloop
  endfacet
  facet normal 0 0 1
    outer loop
      vertex 107.25 129.903 3
      vertex 104.75 129.903 3
      vertex 106 127.738 3
    endloop
  endfacet
  facet normal 0 0 1
    outer loop
      vertex 104.75 129.903 3
      vertex 102 125.429 3
      vertex 106 127.738 3
    endloop
  endfacet
  facet normal 0 0 1
    outer loop
      vertex 99.5 125.429 3
      vertex 102 125.429 3
      vertex 100.75 127.594 3
    endloop
  endfacet
  facet normal -0 0 1
    outer loop
      vertex 100.75 127.594 3
      vertex 102 125.429 3
      vertex 104.75 129.903 3
    endloop
  endfacet
  facet normal 0 0 1
    outer loop
      vertex 107.25 111.717 3
      vertex 104.75 111.717 3
      vertex 106 109.551 3
    endloop
  endfacet
  facet normal 0 0 1
    outer loop
      vertex 104.75 111.717 3
      vertex 102 107.242 3
      vertex 106 109.551 3
    endloop
  endfacet
  facet normal 0 0 1
    outer loop
      vertex 99.5 107.242 3
      vertex 102 107.242 3
      vertex 100.75 109.407 3
    endloop
  endfacet
  facet normal -0 0 1
    outer loop
      vertex 100.75 109.407 3
      vertex 102 107.242 3
      vertex 104.75 111.717 3
    endloop
  endfacet
  facet normal 0 0 1
    outer loop
      vertex 107.25 93.53 3
      vertex 104.75 93.53 3
      vertex 106 91.3649 3
    endloop
  endfacet
  facet normal 0 0 1
    outer loop
      vertex 104.75 93.53 3
      vertex 102 89.0555 3
      vertex 106 91.3649 3
    endloop
  endfacet
  facet normal 0 0 1
    outer loop
      vertex 99.5 89.0555 3
      vertex 102 89.0555 3
      vertex 100.75 91.2206 3
    endloop
  endfacet
  facet normal -0 0 1
    outer loop
      vertex 100.75 91.2206 3
      vertex 102 89.0555 3
      vertex 104.75 93.53 3
    endloop
  endfacet
  facet normal 0 0 1
    outer loop
      vertex 107.25 75.3435 3
      vertex 104.75 75.3435 3
      vertex 106 73.1784 3
    endloop
  endfacet
  facet normal 0 0 1
    outer loop
      vertex 104.75 75.3435 3
      vertex 102 70.869 3
      vertex 106 73.1784 3
    endloop
  endfacet
  facet normal 0 0 1
    outer loop
      vertex 99.5 70.869 3
      vertex 102 70.869 3
      vertex 100.75 73.0341 3
    endloop
  endfacet
  facet normal -0 0 1
    outer loop
      vertex 100.75 73.0341 3
      vertex 102 70.869 3
      vertex 104.75 75.3435 3
    endloop
  endfacet
  facet normal 0 0 1
    outer loop
      vertex 107.25 57.1569 3
      vertex 104.75 57.1569 3
      vertex 106 54.9919 3
    endloop
  endfacet
  facet normal 0 0 1
    outer loop
      vertex 104.75 57.1569 3
      vertex 102 52.6825 3
      vertex 106 54.9919 3
    endloop
  endfacet
  facet normal 0 0 1
    outer loop
      vertex 99.5 52.6825 3
      vertex 102 52.6825 3
      vertex 100.75 54.8475 3
    endloop
  endfacet
  facet normal -0 0 1
    outer loop
      vertex 100.75 54.8475 3
      vertex 102 52.6825 3
      vertex 104.75 57.1569 3
    endloop
  endfacet
  facet normal 0 0 1
    outer loop
      vertex 107.25 38.9704 3
      vertex 104.75 38.9704 3
      vertex 106 36.8053 3
    endloop
  endfacet
  facet normal 0 0 1
    outer loop
      vertex 104.75 38.9704 3
      vertex 102 34.4959 3
      vertex 106 36.8053 3
    endloop
  endfacet
  facet normal 0 0 1
    outer loop
      vertex 99.5 34.4959 3
      vertex 102 34.4959 3
      vertex 100.75 36.661 3
    endloop
  endfacet
  facet normal -0 0 1
    outer loop
      vertex 100.75 36.661 3
      vertex 102 34.4959 3
      vertex 104.75 38.9704 3
    endloop
  endfacet
  facet normal 0 0 1
    outer loop
      vertex 112.5 157.183 3
      vertex 110 157.183 3
      vertex 111.25 155.018 3
    endloop
  endfacet
  facet normal 0 0 1
    outer loop
      vertex 110 157.183 3
      vertex 107.25 152.708 3
      vertex 111.25 155.018 3
    endloop
  endfacet
  facet normal 0 0 1
    outer loop
      vertex 104.75 152.708 3
      vertex 107.25 152.708 3
      vertex 106 154.873 3
    endloop
  endfacet
  facet normal -0 0 1
    outer loop
      vertex 106 154.873 3
      vertex 107.25 152.708 3
      vertex 110 157.183 3
    endloop
  endfacet
  facet normal 0 0 1
    outer loop
      vertex 112.5 138.996 3
      vertex 110 138.996 3
      vertex 111.25 136.831 3
    endloop
  endfacet
  facet normal 0 0 1
    outer loop
      vertex 110 138.996 3
      vertex 107.25 134.522 3
      vertex 111.25 136.831 3
    endloop
  endfacet
  facet normal 0 0 1
    outer loop
      vertex 104.75 134.522 3
      vertex 107.25 134.522 3
      vertex 106 136.687 3
    endloop
  endfacet
  facet normal -0 0 1
    outer loop
      vertex 106 136.687 3
      vertex 107.25 134.522 3
      vertex 110 138.996 3
    endloop
  endfacet
  facet normal 0 0 1
    outer loop
      vertex 112.5 120.81 3
      vertex 110 120.81 3
      vertex 111.25 118.645 3
    endloop
  endfacet
  facet normal 0 0 1
    outer loop
      vertex 110 120.81 3
      vertex 107.25 116.335 3
      vertex 111.25 118.645 3
    endloop
  endfacet
  facet normal 0 0 1
    outer loop
      vertex 104.75 116.335 3
      vertex 107.25 116.335 3
      vertex 106 118.5 3
    endloop
  endfacet
  facet normal -0 0 1
    outer loop
      vertex 106 118.5 3
      vertex 107.25 116.335 3
      vertex 110 120.81 3
    endloop
  endfacet
  facet normal 0 0 1
    outer loop
      vertex 112.5 102.623 3
      vertex 110 102.623 3
      vertex 111.25 100.458 3
    endloop
  endfacet
  facet normal 0 0 1
    outer loop
      vertex 110 102.623 3
      vertex 107.25 98.1488 3
      vertex 111.25 100.458 3
    endloop
  endfacet
  facet normal 0 0 1
    outer loop
      vertex 104.75 98.1488 3
      vertex 107.25 98.1488 3
      vertex 106 100.314 3
    endloop
  endfacet
  facet normal -0 0 1
    outer loop
      vertex 106 100.314 3
      vertex 107.25 98.1488 3
      vertex 110 102.623 3
    endloop
  endfacet
  facet normal 0 0 1
    outer loop
      vertex 112.5 84.4367 3
      vertex 110 84.4367 3
      vertex 111.25 82.2717 3
    endloop
  endfacet
  facet normal 0 0 1
    outer loop
      vertex 110 84.4367 3
      vertex 107.25 79.9623 3
      vertex 111.25 82.2717 3
    endloop
  endfacet
  facet normal 0 0 1
    outer loop
      vertex 104.75 79.9623 3
      vertex 107.25 79.9623 3
      vertex 106 82.1273 3
    endloop
  endfacet
  facet normal -0 0 1
    outer loop
      vertex 106 82.1273 3
      vertex 107.25 79.9623 3
      vertex 110 84.4367 3
    endloop
  endfacet
  facet normal 0 0 1
    outer loop
      vertex 112.5 66.2502 3
      vertex 110 66.2502 3
      vertex 111.25 64.0851 3
    endloop
  endfacet
  facet normal 0 0 1
    outer loop
      vertex 110 66.2502 3
      vertex 107.25 61.7757 3
      vertex 111.25 64.0851 3
    endloop
  endfacet
  facet normal 0 0 1
    outer loop
      vertex 104.75 61.7757 3
      vertex 107.25 61.7757 3
      vertex 106 63.9408 3
    endloop
  endfacet
  facet normal -0 0 1
    outer loop
      vertex 106 63.9408 3
      vertex 107.25 61.7757 3
      vertex 110 66.2502 3
    endloop
  endfacet
  facet normal 0 0 1
    outer loop
      vertex 112.5 48.0637 3
      vertex 110 48.0637 3
      vertex 111.25 45.8986 3
    endloop
  endfacet
  facet normal 0 0 1
    outer loop
      vertex 110 48.0637 3
      vertex 107.25 43.5892 3
      vertex 111.25 45.8986 3
    endloop
  endfacet
  facet normal 0 0 1
    outer loop
      vertex 104.75 43.5892 3
      vertex 107.25 43.5892 3
      vertex 106 45.7543 3
    endloop
  endfacet
  facet normal -0 0 1
    outer loop
      vertex 106 45.7543 3
      vertex 107.25 43.5892 3
      vertex 110 48.0637 3
    endloop
  endfacet
  facet normal 0 0 1
    outer loop
      vertex 112.5 29.8771 3
      vertex 110 29.8771 3
      vertex 111.25 27.7121 3
    endloop
  endfacet
  facet normal 0 0 1
    outer loop
      vertex 110 29.8771 3
      vertex 107.25 25.4027 3
      vertex 111.25 27.7121 3
    endloop
  endfacet
  facet normal 0 0 1
    outer loop
      vertex 104.75 25.4027 3
      vertex 107.25 25.4027 3
      vertex 106 27.5677 3
    endloop
  endfacet
  facet normal -0 0 1
    outer loop
      vertex 106 27.5677 3
      vertex 107.25 25.4027 3
      vertex 110 29.8771 3
    endloop
  endfacet
  facet normal 0 0 1
    outer loop
      vertex 112.5 29.8771 3
      vertex 115.25 25.4027 3
      vertex 116.5 27.5677 3
    endloop
  endfacet
  facet normal 0 0 1
    outer loop
      vertex 112.5 29.8771 3
      vertex 111.25 27.7121 3
      vertex 115.25 25.4027 3
    endloop
  endfacet
  facet normal 0 0 1
    outer loop
      vertex 112.5 34.4959 3
      vertex 110 34.4959 3
      vertex 112.5 29.8771 3
    endloop
  endfacet
  facet normal 0 0 1
    outer loop
      vertex 110 29.8771 3
      vertex 112.5 29.8771 3
      vertex 110 34.4959 3
    endloop
  endfacet
  facet normal 0 0 1
    outer loop
      vertex 107.25 38.9704 3
      vertex 110 34.4959 3
      vertex 111.25 36.661 3
    endloop
  endfacet
  facet normal 0 0 1
    outer loop
      vertex 107.25 38.9704 3
      vertex 106 36.8053 3
      vertex 110 34.4959 3
    endloop
  endfacet
  facet normal 0 0 1
    outer loop
      vertex 107.25 43.5892 3
      vertex 104.75 43.5892 3
      vertex 107.25 38.9704 3
    endloop
  endfacet
  facet normal 0 0 1
    outer loop
      vertex 104.75 38.9704 3
      vertex 107.25 38.9704 3
      vertex 104.75 43.5892 3
    endloop
  endfacet
  facet normal 0 0 1
    outer loop
      vertex 102 48.0637 3
      vertex 104.75 43.5892 3
      vertex 106 45.7543 3
    endloop
  endfacet
  facet normal 0 0 1
    outer loop
      vertex 102 48.0637 3
      vertex 100.75 45.8986 3
      vertex 104.75 43.5892 3
    endloop
  endfacet
  facet normal 0 0 1
    outer loop
      vertex 102 52.6825 3
      vertex 99.5 52.6825 3
      vertex 102 48.0637 3
    endloop
  endfacet
  facet normal 0 0 1
    outer loop
      vertex 99.5 48.0637 3
      vertex 102 48.0637 3
      vertex 99.5 52.6825 3
    endloop
  endfacet
  facet normal 0 0 1
    outer loop
      vertex 96.75 57.1569 3
      vertex 99.5 52.6825 3
      vertex 100.75 54.8475 3
    endloop
  endfacet
  facet normal 0 0 1
    outer loop
      vertex 96.75 57.1569 3
      vertex 95.5 54.9919 3
      vertex 99.5 52.6825 3
    endloop
  endfacet
  facet normal 0 0 1
    outer loop
      vertex 96.75 61.7757 3
      vertex 94.25 61.7757 3
      vertex 96.75 57.1569 3
    endloop
  endfacet
  facet normal 0 0 1
    outer loop
      vertex 94.25 57.1569 3
      vertex 96.75 57.1569 3
      vertex 94.25 61.7757 3
    endloop
  endfacet
  facet normal 0 0 1
    outer loop
      vertex 91.5 66.2502 3
      vertex 94.25 61.7757 3
      vertex 95.5 63.9408 3
    endloop
  endfacet
  facet normal 0 0 1
    outer loop
      vertex 91.5 66.2502 3
      vertex 90.25 64.0851 3
      vertex 94.25 61.7757 3
    endloop
  endfacet
  facet normal 0 0 1
    outer loop
      vertex 91.5 70.869 3
      vertex 89 70.869 3
      vertex 91.5 66.2502 3
    endloop
  endfacet
  facet normal 0 0 1
    outer loop
      vertex 89 66.2502 3
      vertex 91.5 66.2502 3
      vertex 89 70.869 3
    endloop
  endfacet
  facet normal 0 0 1
    outer loop
      vertex 86.25 75.3435 3
      vertex 89 70.869 3
      vertex 90.25 73.0341 3
    endloop
  endfacet
  facet normal 0 0 1
    outer loop
      vertex 86.25 75.3435 3
      vertex 85 73.1784 3
      vertex 89 70.869 3
    endloop
  endfacet
  facet normal 0 0 1
    outer loop
      vertex 86.25 79.9623 3
      vertex 83.75 79.9623 3
      vertex 86.25 75.3435 3
    endloop
  endfacet
  facet normal 0 0 1
    outer loop
      vertex 83.75 75.3435 3
      vertex 86.25 75.3435 3
      vertex 83.75 79.9623 3
    endloop
  endfacet
  facet normal 0 0 1
    outer loop
      vertex 81 84.4367 3
      vertex 83.75 79.9623 3
      vertex 85 82.1273 3
    endloop
  endfacet
  facet normal 0 0 1
    outer loop
      vertex 81 84.4367 3
      vertex 79.75 82.2717 3
      vertex 83.75 79.9623 3
    endloop
  endfacet
  facet normal 0 0 1
    outer loop
      vertex 81 89.0555 3
      vertex 78.5 89.0555 3
      vertex 81 84.4367 3
    endloop
  endfacet
  facet normal 0 0 1
    outer loop
      vertex 78.5 84.4367 3
      vertex 81 84.4367 3
      vertex 78.5 89.0555 3
    endloop
  endfacet
  facet normal 0 0 1
    outer loop
      vertex 75.75 93.53 3
      vertex 78.5 89.0555 3
      vertex 79.75 91.2206 3
    endloop
  endfacet
  facet normal 0 0 1
    outer loop
      vertex 75.75 93.53 3
      vertex 74.5 91.3649 3
      vertex 78.5 89.0555 3
    endloop
  endfacet
  facet normal 0 0 1
    outer loop
      vertex 75.75 98.1488 3
      vertex 73.25 98.1488 3
      vertex 75.75 93.53 3
    endloop
  endfacet
  facet normal 0 0 1
    outer loop
      vertex 73.25 93.53 3
      vertex 75.75 93.53 3
      vertex 73.25 98.1488 3
    endloop
  endfacet
  facet normal 0 0 1
    outer loop
      vertex 70.5 102.623 3
      vertex 73.25 98.1488 3
      vertex 74.5 100.314 3
    endloop
  endfacet
  facet normal 0 0 1
    outer loop
      vertex 70.5 102.623 3
      vertex 69.25 100.458 3
      vertex 73.25 98.1488 3
    endloop
  endfacet
  facet normal 0 0 1
    outer loop
      vertex 70.5 107.242 3
      vertex 68 107.242 3
      vertex 70.5 102.623 3
    endloop
  endfacet
  facet normal 0 0 1
    outer loop
      vertex 68 102.623 3
      vertex 70.5 102.623 3
      vertex 68 107.242 3
    endloop
  endfacet
  facet normal 0 0 1
    outer loop
      vertex 65.25 111.717 3
      vertex 68 107.242 3
      vertex 69.25 109.407 3
    endloop
  endfacet
  facet normal 0 0 1
    outer loop
      vertex 65.25 111.717 3
      vertex 64 109.551 3
      vertex 68 107.242 3
    endloop
  endfacet
  facet normal 0 0 1
    outer loop
      vertex 65.25 116.335 3
      vertex 62.75 116.335 3
      vertex 65.25 111.717 3
    endloop
  endfacet
  facet normal 0 0 1
    outer loop
      vertex 62.75 111.717 3
      vertex 65.25 111.717 3
      vertex 62.75 116.335 3
    endloop
  endfacet
  facet normal 0 0 1
    outer loop
      vertex 60 120.81 3
      vertex 62.75 116.335 3
      vertex 64 118.5 3
    endloop
  endfacet
  facet normal 0 0 1
    outer loop
      vertex 60 120.81 3
      vertex 58.75 118.645 3
      vertex 62.75 116.335 3
    endloop
  endfacet
  facet normal 0 0 1
    outer loop
      vertex 60 125.429 3
      vertex 57.5 125.429 3
      vertex 60 120.81 3
    endloop
  endfacet
  facet normal 0 0 1
    outer loop
      vertex 57.5 120.81 3
      vertex 60 120.81 3
      vertex 57.5 125.429 3
    endloop
  endfacet
  facet normal 0 0 1
    outer loop
      vertex 54.75 129.903 3
      vertex 57.5 125.429 3
      vertex 58.75 127.594 3
    endloop
  endfacet
  facet normal 0 0 1
    outer loop
      vertex 54.75 129.903 3
      vertex 53.5 127.738 3
      vertex 57.5 125.429 3
    endloop
  endfacet
  facet normal 0 0 1
    outer loop
      vertex 54.75 134.522 3
      vertex 52.25 134.522 3
      vertex 54.75 129.903 3
    endloop
  endfacet
  facet normal 0 0 1
    outer loop
      vertex 52.25 129.903 3
      vertex 54.75 129.903 3
      vertex 52.25 134.522 3
    endloop
  endfacet
  facet normal 0 0 1
    outer loop
      vertex 49.5 138.996 3
      vertex 52.25 134.522 3
      vertex 53.5 136.687 3
    endloop
  endfacet
  facet normal 0 0 1
    outer loop
      vertex 49.5 138.996 3
      vertex 48.25 136.831 3
      vertex 52.25 134.522 3
    endloop
  endfacet
  facet normal 0 0 1
    outer loop
      vertex 49.5 143.615 3
      vertex 47 143.615 3
      vertex 49.5 138.996 3
    endloop
  endfacet
  facet normal 0 0 1
    outer loop
      vertex 47 138.996 3
      vertex 49.5 138.996 3
      vertex 47 143.615 3
    endloop
  endfacet
  facet normal 0 0 1
    outer loop
      vertex 44.25 148.09 3
      vertex 47 143.615 3
      vertex 48.25 145.78 3
    endloop
  endfacet
  facet normal 0 0 1
    outer loop
      vertex 44.25 148.09 3
      vertex 43 145.925 3
      vertex 47 143.615 3
    endloop
  endfacet
  facet normal 0 0 1
    outer loop
      vertex 44.25 152.708 3
      vertex 41.75 152.708 3
      vertex 44.25 148.09 3
    endloop
  endfacet
  facet normal 0 0 1
    outer loop
      vertex 41.75 148.09 3
      vertex 44.25 148.09 3
      vertex 41.75 152.708 3
    endloop
  endfacet
  facet normal 0 0 1
    outer loop
      vertex 39 157.183 3
      vertex 41.75 152.708 3
      vertex 43 154.873 3
    endloop
  endfacet
  facet normal 0 0 1
    outer loop
      vertex 41.75 152.708 3
      vertex 39 157.183 3
      vertex 37.75 155.018 3
    endloop
  endfacet
  facet normal 0 0 1
    outer loop
      vertex 117.75 148.09 3
      vertex 115.25 148.09 3
      vertex 116.5 145.925 3
    endloop
  endfacet
  facet normal 0 0 1
    outer loop
      vertex 115.25 148.09 3
      vertex 112.5 143.615 3
      vertex 116.5 145.925 3
    endloop
  endfacet
  facet normal 0 0 1
    outer loop
      vertex 110 143.615 3
      vertex 112.5 143.615 3
      vertex 111.25 145.78 3
    endloop
  endfacet
  facet normal -0 0 1
    outer loop
      vertex 111.25 145.78 3
      vertex 112.5 143.615 3
      vertex 115.25 148.09 3
    endloop
  endfacet
  facet normal 0 0 1
    outer loop
      vertex 117.75 129.903 3
      vertex 115.25 129.903 3
      vertex 116.5 127.738 3
    endloop
  endfacet
  facet normal 0 0 1
    outer loop
      vertex 115.25 129.903 3
      vertex 112.5 125.429 3
      vertex 116.5 127.738 3
    endloop
  endfacet
  facet normal 0 0 1
    outer loop
      vertex 110 125.429 3
      vertex 112.5 125.429 3
      vertex 111.25 127.594 3
    endloop
  endfacet
  facet normal -0 0 1
    outer loop
      vertex 111.25 127.594 3
      vertex 112.5 125.429 3
      vertex 115.25 129.903 3
    endloop
  endfacet
  facet normal 0 0 1
    outer loop
      vertex 117.75 111.717 3
      vertex 115.25 111.717 3
      vertex 116.5 109.551 3
    endloop
  endfacet
  facet normal 0 0 1
    outer loop
      vertex 115.25 111.717 3
      vertex 112.5 107.242 3
      vertex 116.5 109.551 3
    endloop
  endfacet
  facet normal 0 0 1
    outer loop
      vertex 110 107.242 3
      vertex 112.5 107.242 3
      vertex 111.25 109.407 3
    endloop
  endfacet
  facet normal -0 0 1
    outer loop
      vertex 111.25 109.407 3
      vertex 112.5 107.242 3
      vertex 115.25 111.717 3
    endloop
  endfacet
  facet normal 0 0 1
    outer loop
      vertex 117.75 93.53 3
      vertex 115.25 93.53 3
      vertex 116.5 91.3649 3
    endloop
  endfacet
  facet normal 0 0 1
    outer loop
      vertex 115.25 93.53 3
      vertex 112.5 89.0555 3
      vertex 116.5 91.3649 3
    endloop
  endfacet
  facet normal 0 0 1
    outer loop
      vertex 110 89.0555 3
      vertex 112.5 89.0555 3
      vertex 111.25 91.2206 3
    endloop
  endfacet
  facet normal -0 0 1
    outer loop
      vertex 111.25 91.2206 3
      vertex 112.5 89.0555 3
      vertex 115.25 93.53 3
    endloop
  endfacet
  facet normal 0 0 1
    outer loop
      vertex 117.75 75.3435 3
      vertex 115.25 75.3435 3
      vertex 116.5 73.1784 3
    endloop
  endfacet
  facet normal 0 0 1
    outer loop
      vertex 115.25 75.3435 3
      vertex 112.5 70.869 3
      vertex 116.5 73.1784 3
    endloop
  endfacet
  facet normal 0 0 1
    outer loop
      vertex 110 70.869 3
      vertex 112.5 70.869 3
      vertex 111.25 73.0341 3
    endloop
  endfacet
  facet normal -0 0 1
    outer loop
      vertex 111.25 73.0341 3
      vertex 112.5 70.869 3
      vertex 115.25 75.3435 3
    endloop
  endfacet
  facet normal 0 0 1
    outer loop
      vertex 117.75 57.1569 3
      vertex 115.25 57.1569 3
      vertex 116.5 54.9919 3
    endloop
  endfacet
  facet normal 0 0 1
    outer loop
      vertex 115.25 57.1569 3
      vertex 112.5 52.6825 3
      vertex 116.5 54.9919 3
    endloop
  endfacet
  facet normal 0 0 1
    outer loop
      vertex 110 52.6825 3
      vertex 112.5 52.6825 3
      vertex 111.25 54.8475 3
    endloop
  endfacet
  facet normal -0 0 1
    outer loop
      vertex 111.25 54.8475 3
      vertex 112.5 52.6825 3
      vertex 115.25 57.1569 3
    endloop
  endfacet
  facet normal 0 0 1
    outer loop
      vertex 117.75 38.9704 3
      vertex 115.25 38.9704 3
      vertex 116.5 36.8053 3
    endloop
  endfacet
  facet normal 0 0 1
    outer loop
      vertex 115.25 38.9704 3
      vertex 112.5 34.4959 3
      vertex 116.5 36.8053 3
    endloop
  endfacet
  facet normal 0 0 1
    outer loop
      vertex 110 34.4959 3
      vertex 112.5 34.4959 3
      vertex 111.25 36.661 3
    endloop
  endfacet
  facet normal -0 0 1
    outer loop
      vertex 111.25 36.661 3
      vertex 112.5 34.4959 3
      vertex 115.25 38.9704 3
    endloop
  endfacet
  facet normal 0 0 1
    outer loop
      vertex 123 157.183 3
      vertex 120.5 157.183 3
      vertex 121.75 155.018 3
    endloop
  endfacet
  facet normal 0 0 1
    outer loop
      vertex 120.5 157.183 3
      vertex 117.75 152.708 3
      vertex 121.75 155.018 3
    endloop
  endfacet
  facet normal 0 0 1
    outer loop
      vertex 115.25 152.708 3
      vertex 117.75 152.708 3
      vertex 116.5 154.873 3
    endloop
  endfacet
  facet normal -0 0 1
    outer loop
      vertex 116.5 154.873 3
      vertex 117.75 152.708 3
      vertex 120.5 157.183 3
    endloop
  endfacet
  facet normal 0 0 1
    outer loop
      vertex 123 138.996 3
      vertex 120.5 138.996 3
      vertex 121.75 136.831 3
    endloop
  endfacet
  facet normal 0 0 1
    outer loop
      vertex 120.5 138.996 3
      vertex 117.75 134.522 3
      vertex 121.75 136.831 3
    endloop
  endfacet
  facet normal 0 0 1
    outer loop
      vertex 115.25 134.522 3
      vertex 117.75 134.522 3
      vertex 116.5 136.687 3
    endloop
  endfacet
  facet normal -0 0 1
    outer loop
      vertex 116.5 136.687 3
      vertex 117.75 134.522 3
      vertex 120.5 138.996 3
    endloop
  endfacet
  facet normal 0 0 1
    outer loop
      vertex 123 120.81 3
      vertex 120.5 120.81 3
      vertex 121.75 118.645 3
    endloop
  endfacet
  facet normal 0 0 1
    outer loop
      vertex 120.5 120.81 3
      vertex 117.75 116.335 3
      vertex 121.75 118.645 3
    endloop
  endfacet
  facet normal 0 0 1
    outer loop
      vertex 115.25 116.335 3
      vertex 117.75 116.335 3
      vertex 116.5 118.5 3
    endloop
  endfacet
  facet normal -0 0 1
    outer loop
      vertex 116.5 118.5 3
      vertex 117.75 116.335 3
      vertex 120.5 120.81 3
    endloop
  endfacet
  facet normal 0 0 1
    outer loop
      vertex 123 102.623 3
      vertex 120.5 102.623 3
      vertex 121.75 100.458 3
    endloop
  endfacet
  facet normal 0 0 1
    outer loop
      vertex 120.5 102.623 3
      vertex 117.75 98.1488 3
      vertex 121.75 100.458 3
    endloop
  endfacet
  facet normal 0 0 1
    outer loop
      vertex 115.25 98.1488 3
      vertex 117.75 98.1488 3
      vertex 116.5 100.314 3
    endloop
  endfacet
  facet normal -0 0 1
    outer loop
      vertex 116.5 100.314 3
      vertex 117.75 98.1488 3
      vertex 120.5 102.623 3
    endloop
  endfacet
  facet normal 0 0 1
    outer loop
      vertex 123 84.4367 3
      vertex 120.5 84.4367 3
      vertex 121.75 82.2717 3
    endloop
  endfacet
  facet normal 0 0 1
    outer loop
      vertex 120.5 84.4367 3
      vertex 117.75 79.9623 3
      vertex 121.75 82.2717 3
    endloop
  endfacet
  facet normal 0 0 1
    outer loop
      vertex 115.25 79.9623 3
      vertex 117.75 79.9623 3
      vertex 116.5 82.1273 3
    endloop
  endfacet
  facet normal -0 0 1
    outer loop
      vertex 116.5 82.1273 3
      vertex 117.75 79.9623 3
      vertex 120.5 84.4367 3
    endloop
  endfacet
  facet normal 0 0 1
    outer loop
      vertex 123 66.2502 3
      vertex 120.5 66.2502 3
      vertex 121.75 64.0851 3
    endloop
  endfacet
  facet normal 0 0 1
    outer loop
      vertex 120.5 66.2502 3
      vertex 117.75 61.7757 3
      vertex 121.75 64.0851 3
    endloop
  endfacet
  facet normal 0 0 1
    outer loop
      vertex 115.25 61.7757 3
      vertex 117.75 61.7757 3
      vertex 116.5 63.9408 3
    endloop
  endfacet
  facet normal -0 0 1
    outer loop
      vertex 116.5 63.9408 3
      vertex 117.75 61.7757 3
      vertex 120.5 66.2502 3
    endloop
  endfacet
  facet normal 0 0 1
    outer loop
      vertex 123 48.0637 3
      vertex 120.5 48.0637 3
      vertex 121.75 45.8986 3
    endloop
  endfacet
  facet normal 0 0 1
    outer loop
      vertex 120.5 48.0637 3
      vertex 117.75 43.5892 3
      vertex 121.75 45.8986 3
    endloop
  endfacet
  facet normal 0 0 1
    outer loop
      vertex 115.25 43.5892 3
      vertex 117.75 43.5892 3
      vertex 116.5 45.7543 3
    endloop
  endfacet
  facet normal -0 0 1
    outer loop
      vertex 116.5 45.7543 3
      vertex 117.75 43.5892 3
      vertex 120.5 48.0637 3
    endloop
  endfacet
  facet normal 0 0 1
    outer loop
      vertex 123 29.8771 3
      vertex 120.5 29.8771 3
      vertex 121.75 27.7121 3
    endloop
  endfacet
  facet normal 0 0 1
    outer loop
      vertex 120.5 29.8771 3
      vertex 117.75 25.4027 3
      vertex 121.75 27.7121 3
    endloop
  endfacet
  facet normal 0 0 1
    outer loop
      vertex 115.25 25.4027 3
      vertex 117.75 25.4027 3
      vertex 116.5 27.5677 3
    endloop
  endfacet
  facet normal -0 0 1
    outer loop
      vertex 116.5 27.5677 3
      vertex 117.75 25.4027 3
      vertex 120.5 29.8771 3
    endloop
  endfacet
  facet normal 0 0 1
    outer loop
      vertex 123 29.8771 3
      vertex 125.75 25.4027 3
      vertex 127 27.5677 3
    endloop
  endfacet
  facet normal 0 0 1
    outer loop
      vertex 123 29.8771 3
      vertex 121.75 27.7121 3
      vertex 125.75 25.4027 3
    endloop
  endfacet
  facet normal 0 0 1
    outer loop
      vertex 123 34.4959 3
      vertex 120.5 34.4959 3
      vertex 123 29.8771 3
    endloop
  endfacet
  facet normal 0 0 1
    outer loop
      vertex 120.5 29.8771 3
      vertex 123 29.8771 3
      vertex 120.5 34.4959 3
    endloop
  endfacet
  facet normal 0 0 1
    outer loop
      vertex 117.75 38.9704 3
      vertex 120.5 34.4959 3
      vertex 121.75 36.661 3
    endloop
  endfacet
  facet normal 0 0 1
    outer loop
      vertex 117.75 38.9704 3
      vertex 116.5 36.8053 3
      vertex 120.5 34.4959 3
    endloop
  endfacet
  facet normal 0 0 1
    outer loop
      vertex 117.75 43.5892 3
      vertex 115.25 43.5892 3
      vertex 117.75 38.9704 3
    endloop
  endfacet
  facet normal 0 0 1
    outer loop
      vertex 115.25 38.9704 3
      vertex 117.75 38.9704 3
      vertex 115.25 43.5892 3
    endloop
  endfacet
  facet normal 0 0 1
    outer loop
      vertex 112.5 48.0637 3
      vertex 115.25 43.5892 3
      vertex 116.5 45.7543 3
    endloop
  endfacet
  facet normal 0 0 1
    outer loop
      vertex 112.5 48.0637 3
      vertex 111.25 45.8986 3
      vertex 115.25 43.5892 3
    endloop
  endfacet
  facet normal 0 0 1
    outer loop
      vertex 112.5 52.6825 3
      vertex 110 52.6825 3
      vertex 112.5 48.0637 3
    endloop
  endfacet
  facet normal 0 0 1
    outer loop
      vertex 110 48.0637 3
      vertex 112.5 48.0637 3
      vertex 110 52.6825 3
    endloop
  endfacet
  facet normal 0 0 1
    outer loop
      vertex 107.25 57.1569 3
      vertex 110 52.6825 3
      vertex 111.25 54.8475 3
    endloop
  endfacet
  facet normal 0 0 1
    outer loop
      vertex 107.25 57.1569 3
      vertex 106 54.9919 3
      vertex 110 52.6825 3
    endloop
  endfacet
  facet normal 0 0 1
    outer loop
      vertex 107.25 61.7757 3
      vertex 104.75 61.7757 3
      vertex 107.25 57.1569 3
    endloop
  endfacet
  facet normal 0 0 1
    outer loop
      vertex 104.75 57.1569 3
      vertex 107.25 57.1569 3
      vertex 104.75 61.7757 3
    endloop
  endfacet
  facet normal 0 0 1
    outer loop
      vertex 102 66.2502 3
      vertex 104.75 61.7757 3
      vertex 106 63.9408 3
    endloop
  endfacet
  facet normal 0 0 1
    outer loop
      vertex 102 66.2502 3
      vertex 100.75 64.0851 3
      vertex 104.75 61.7757 3
    endloop
  endfacet
  facet normal 0 0 1
    outer loop
      vertex 102 70.869 3
      vertex 99.5 70.869 3
      vertex 102 66.2502 3
    endloop
  endfacet
  facet normal 0 0 1
    outer loop
      vertex 99.5 66.2502 3
      vertex 102 66.2502 3
      vertex 99.5 70.869 3
    endloop
  endfacet
  facet normal 0 0 1
    outer loop
      vertex 96.75 75.3435 3
      vertex 99.5 70.869 3
      vertex 100.75 73.0341 3
    endloop
  endfacet
  facet normal 0 0 1
    outer loop
      vertex 96.75 75.3435 3
      vertex 95.5 73.1784 3
      vertex 99.5 70.869 3
    endloop
  endfacet
  facet normal 0 0 1
    outer loop
      vertex 96.75 79.9623 3
      vertex 94.25 79.9623 3
      vertex 96.75 75.3435 3
    endloop
  endfacet
  facet normal 0 0 1
    outer loop
      vertex 94.25 75.3435 3
      vertex 96.75 75.3435 3
      vertex 94.25 79.9623 3
    endloop
  endfacet
  facet normal 0 0 1
    outer loop
      vertex 91.5 84.4367 3
      vertex 94.25 79.9623 3
      vertex 95.5 82.1273 3
    endloop
  endfacet
  facet normal 0 0 1
    outer loop
      vertex 91.5 84.4367 3
      vertex 90.25 82.2717 3
      vertex 94.25 79.9623 3
    endloop
  endfacet
  facet normal 0 0 1
    outer loop
      vertex 91.5 89.0555 3
      vertex 89 89.0555 3
      vertex 91.5 84.4367 3
    endloop
  endfacet
  facet normal 0 0 1
    outer loop
      vertex 89 84.4367 3
      vertex 91.5 84.4367 3
      vertex 89 89.0555 3
    endloop
  endfacet
  facet normal 0 0 1
    outer loop
      vertex 86.25 93.53 3
      vertex 89 89.0555 3
      vertex 90.25 91.2206 3
    endloop
  endfacet
  facet normal 0 0 1
    outer loop
      vertex 86.25 93.53 3
      vertex 85 91.3649 3
      vertex 89 89.0555 3
    endloop
  endfacet
  facet normal 0 0 1
    outer loop
      vertex 86.25 98.1488 3
      vertex 83.75 98.1488 3
      vertex 86.25 93.53 3
    endloop
  endfacet
  facet normal 0 0 1
    outer loop
      vertex 83.75 93.53 3
      vertex 86.25 93.53 3
      vertex 83.75 98.1488 3
    endloop
  endfacet
  facet normal 0 0 1
    outer loop
      vertex 81 102.623 3
      vertex 83.75 98.1488 3
      vertex 85 100.314 3
    endloop
  endfacet
  facet normal 0 0 1
    outer loop
      vertex 81 102.623 3
      vertex 79.75 100.458 3
      vertex 83.75 98.1488 3
    endloop
  endfacet
  facet normal 0 0 1
    outer loop
      vertex 81 107.242 3
      vertex 78.5 107.242 3
      vertex 81 102.623 3
    endloop
  endfacet
  facet normal 0 0 1
    outer loop
      vertex 78.5 102.623 3
      vertex 81 102.623 3
      vertex 78.5 107.242 3
    endloop
  endfacet
  facet normal 0 0 1
    outer loop
      vertex 75.75 111.717 3
      vertex 78.5 107.242 3
      vertex 79.75 109.407 3
    endloop
  endfacet
  facet normal 0 0 1
    outer loop
      vertex 75.75 111.717 3
      vertex 74.5 109.551 3
      vertex 78.5 107.242 3
    endloop
  endfacet
  facet normal 0 0 1
    outer loop
      vertex 75.75 116.335 3
      vertex 73.25 116.335 3
      vertex 75.75 111.717 3
    endloop
  endfacet
  facet normal 0 0 1
    outer loop
      vertex 73.25 111.717 3
      vertex 75.75 111.717 3
      vertex 73.25 116.335 3
    endloop
  endfacet
  facet normal 0 0 1
    outer loop
      vertex 70.5 120.81 3
      vertex 73.25 116.335 3
      vertex 74.5 118.5 3
    endloop
  endfacet
  facet normal 0 0 1
    outer loop
      vertex 70.5 120.81 3
      vertex 69.25 118.645 3
      vertex 73.25 116.335 3
    endloop
  endfacet
  facet normal 0 0 1
    outer loop
      vertex 70.5 125.429 3
      vertex 68 125.429 3
      vertex 70.5 120.81 3
    endloop
  endfacet
  facet normal 0 0 1
    outer loop
      vertex 68 120.81 3
      vertex 70.5 120.81 3
      vertex 68 125.429 3
    endloop
  endfacet
  facet normal 0 0 1
    outer loop
      vertex 65.25 129.903 3
      vertex 68 125.429 3
      vertex 69.25 127.594 3
    endloop
  endfacet
  facet normal 0 0 1
    outer loop
      vertex 65.25 129.903 3
      vertex 64 127.738 3
      vertex 68 125.429 3
    endloop
  endfacet
  facet normal 0 0 1
    outer loop
      vertex 65.25 134.522 3
      vertex 62.75 134.522 3
      vertex 65.25 129.903 3
    endloop
  endfacet
  facet normal 0 0 1
    outer loop
      vertex 62.75 129.903 3
      vertex 65.25 129.903 3
      vertex 62.75 134.522 3
    endloop
  endfacet
  facet normal 0 0 1
    outer loop
      vertex 60 138.996 3
      vertex 62.75 134.522 3
      vertex 64 136.687 3
    endloop
  endfacet
  facet normal 0 0 1
    outer loop
      vertex 60 138.996 3
      vertex 58.75 136.831 3
      vertex 62.75 134.522 3
    endloop
  endfacet
  facet normal 0 0 1
    outer loop
      vertex 60 143.615 3
      vertex 57.5 143.615 3
      vertex 60 138.996 3
    endloop
  endfacet
  facet normal 0 0 1
    outer loop
      vertex 57.5 138.996 3
      vertex 60 138.996 3
      vertex 57.5 143.615 3
    endloop
  endfacet
  facet normal 0 0 1
    outer loop
      vertex 54.75 148.09 3
      vertex 57.5 143.615 3
      vertex 58.75 145.78 3
    endloop
  endfacet
  facet normal 0 0 1
    outer loop
      vertex 54.75 148.09 3
      vertex 53.5 145.925 3
      vertex 57.5 143.615 3
    endloop
  endfacet
  facet normal 0 0 1
    outer loop
      vertex 54.75 152.708 3
      vertex 52.25 152.708 3
      vertex 54.75 148.09 3
    endloop
  endfacet
  facet normal 0 0 1
    outer loop
      vertex 52.25 148.09 3
      vertex 54.75 148.09 3
      vertex 52.25 152.708 3
    endloop
  endfacet
  facet normal 0 0 1
    outer loop
      vertex 49.5 157.183 3
      vertex 52.25 152.708 3
      vertex 53.5 154.873 3
    endloop
  endfacet
  facet normal 0 0 1
    outer loop
      vertex 52.25 152.708 3
      vertex 49.5 157.183 3
      vertex 48.25 155.018 3
    endloop
  endfacet
  facet normal 0 0 1
    outer loop
      vertex 128.25 148.09 3
      vertex 125.75 148.09 3
      vertex 127 145.925 3
    endloop
  endfacet
  facet normal 0 0 1
    outer loop
      vertex 125.75 148.09 3
      vertex 123 143.615 3
      vertex 127 145.925 3
    endloop
  endfacet
  facet normal 0 0 1
    outer loop
      vertex 120.5 143.615 3
      vertex 123 143.615 3
      vertex 121.75 145.78 3
    endloop
  endfacet
  facet normal -0 0 1
    outer loop
      vertex 121.75 145.78 3
      vertex 123 143.615 3
      vertex 125.75 148.09 3
    endloop
  endfacet
  facet normal 0 0 1
    outer loop
      vertex 128.25 129.903 3
      vertex 125.75 129.903 3
      vertex 127 127.738 3
    endloop
  endfacet
  facet normal 0 0 1
    outer loop
      vertex 125.75 129.903 3
      vertex 123 125.429 3
      vertex 127 127.738 3
    endloop
  endfacet
  facet normal 0 0 1
    outer loop
      vertex 120.5 125.429 3
      vertex 123 125.429 3
      vertex 121.75 127.594 3
    endloop
  endfacet
  facet normal -0 0 1
    outer loop
      vertex 121.75 127.594 3
      vertex 123 125.429 3
      vertex 125.75 129.903 3
    endloop
  endfacet
  facet normal 0 0 1
    outer loop
      vertex 128.25 111.717 3
      vertex 125.75 111.717 3
      vertex 127 109.551 3
    endloop
  endfacet
  facet normal 0 0 1
    outer loop
      vertex 125.75 111.717 3
      vertex 123 107.242 3
      vertex 127 109.551 3
    endloop
  endfacet
  facet normal 0 0 1
    outer loop
      vertex 120.5 107.242 3
      vertex 123 107.242 3
      vertex 121.75 109.407 3
    endloop
  endfacet
  facet normal -0 0 1
    outer loop
      vertex 121.75 109.407 3
      vertex 123 107.242 3
      vertex 125.75 111.717 3
    endloop
  endfacet
  facet normal 0 0 1
    outer loop
      vertex 128.25 93.53 3
      vertex 125.75 93.53 3
      vertex 127 91.3649 3
    endloop
  endfacet
  facet normal 0 0 1
    outer loop
      vertex 125.75 93.53 3
      vertex 123 89.0555 3
      vertex 127 91.3649 3
    endloop
  endfacet
  facet normal 0 0 1
    outer loop
      vertex 120.5 89.0555 3
      vertex 123 89.0555 3
      vertex 121.75 91.2206 3
    endloop
  endfacet
  facet normal -0 0 1
    outer loop
      vertex 121.75 91.2206 3
      vertex 123 89.0555 3
      vertex 125.75 93.53 3
    endloop
  endfacet
  facet normal 0 0 1
    outer loop
      vertex 128.25 75.3435 3
      vertex 125.75 75.3435 3
      vertex 127 73.1784 3
    endloop
  endfacet
  facet normal 0 0 1
    outer loop
      vertex 125.75 75.3435 3
      vertex 123 70.869 3
      vertex 127 73.1784 3
    endloop
  endfacet
  facet normal 0 0 1
    outer loop
      vertex 120.5 70.869 3
      vertex 123 70.869 3
      vertex 121.75 73.0341 3
    endloop
  endfacet
  facet normal -0 0 1
    outer loop
      vertex 121.75 73.0341 3
      vertex 123 70.869 3
      vertex 125.75 75.3435 3
    endloop
  endfacet
  facet normal 0 0 1
    outer loop
      vertex 128.25 57.1569 3
      vertex 125.75 57.1569 3
      vertex 127 54.9919 3
    endloop
  endfacet
  facet normal 0 0 1
    outer loop
      vertex 125.75 57.1569 3
      vertex 123 52.6825 3
      vertex 127 54.9919 3
    endloop
  endfacet
  facet normal 0 0 1
    outer loop
      vertex 120.5 52.6825 3
      vertex 123 52.6825 3
      vertex 121.75 54.8475 3
    endloop
  endfacet
  facet normal -0 0 1
    outer loop
      vertex 121.75 54.8475 3
      vertex 123 52.6825 3
      vertex 125.75 57.1569 3
    endloop
  endfacet
  facet normal 0 0 1
    outer loop
      vertex 128.25 38.9704 3
      vertex 125.75 38.9704 3
      vertex 127 36.8053 3
    endloop
  endfacet
  facet normal 0 0 1
    outer loop
      vertex 125.75 38.9704 3
      vertex 123 34.4959 3
      vertex 127 36.8053 3
    endloop
  endfacet
  facet normal 0 0 1
    outer loop
      vertex 120.5 34.4959 3
      vertex 123 34.4959 3
      vertex 121.75 36.661 3
    endloop
  endfacet
  facet normal -0 0 1
    outer loop
      vertex 121.75 36.661 3
      vertex 123 34.4959 3
      vertex 125.75 38.9704 3
    endloop
  endfacet
  facet normal 0 0 1
    outer loop
      vertex 133.5 157.183 3
      vertex 131 157.183 3
      vertex 132.25 155.018 3
    endloop
  endfacet
  facet normal 0 0 1
    outer loop
      vertex 131 157.183 3
      vertex 128.25 152.708 3
      vertex 132.25 155.018 3
    endloop
  endfacet
  facet normal 0 0 1
    outer loop
      vertex 125.75 152.708 3
      vertex 128.25 152.708 3
      vertex 127 154.873 3
    endloop
  endfacet
  facet normal -0 0 1
    outer loop
      vertex 127 154.873 3
      vertex 128.25 152.708 3
      vertex 131 157.183 3
    endloop
  endfacet
  facet normal 0 0 1
    outer loop
      vertex 133.5 138.996 3
      vertex 131 138.996 3
      vertex 132.25 136.831 3
    endloop
  endfacet
  facet normal 0 0 1
    outer loop
      vertex 131 138.996 3
      vertex 128.25 134.522 3
      vertex 132.25 136.831 3
    endloop
  endfacet
  facet normal 0 0 1
    outer loop
      vertex 125.75 134.522 3
      vertex 128.25 134.522 3
      vertex 127 136.687 3
    endloop
  endfacet
  facet normal -0 0 1
    outer loop
      vertex 127 136.687 3
      vertex 128.25 134.522 3
      vertex 131 138.996 3
    endloop
  endfacet
  facet normal 0 0 1
    outer loop
      vertex 133.5 120.81 3
      vertex 131 120.81 3
      vertex 132.25 118.645 3
    endloop
  endfacet
  facet normal 0 0 1
    outer loop
      vertex 131 120.81 3
      vertex 128.25 116.335 3
      vertex 132.25 118.645 3
    endloop
  endfacet
  facet normal 0 0 1
    outer loop
      vertex 125.75 116.335 3
      vertex 128.25 116.335 3
      vertex 127 118.5 3
    endloop
  endfacet
  facet normal -0 0 1
    outer loop
      vertex 127 118.5 3
      vertex 128.25 116.335 3
      vertex 131 120.81 3
    endloop
  endfacet
  facet normal 0 0 1
    outer loop
      vertex 133.5 102.623 3
      vertex 131 102.623 3
      vertex 132.25 100.458 3
    endloop
  endfacet
  facet normal 0 0 1
    outer loop
      vertex 131 102.623 3
      vertex 128.25 98.1488 3
      vertex 132.25 100.458 3
    endloop
  endfacet
  facet normal 0 0 1
    outer loop
      vertex 125.75 98.1488 3
      vertex 128.25 98.1488 3
      vertex 127 100.314 3
    endloop
  endfacet
  facet normal -0 0 1
    outer loop
      vertex 127 100.314 3
      vertex 128.25 98.1488 3
      vertex 131 102.623 3
    endloop
  endfacet
  facet normal 0 0 1
    outer loop
      vertex 133.5 84.4367 3
      vertex 131 84.4367 3
      vertex 132.25 82.2717 3
    endloop
  endfacet
  facet normal 0 0 1
    outer loop
      vertex 131 84.4367 3
      vertex 128.25 79.9623 3
      vertex 132.25 82.2717 3
    endloop
  endfacet
  facet normal 0 0 1
    outer loop
      vertex 125.75 79.9623 3
      vertex 128.25 79.9623 3
      vertex 127 82.1273 3
    endloop
  endfacet
  facet normal -0 0 1
    outer loop
      vertex 127 82.1273 3
      vertex 128.25 79.9623 3
      vertex 131 84.4367 3
    endloop
  endfacet
  facet normal 0 0 1
    outer loop
      vertex 133.5 66.2502 3
      vertex 131 66.2502 3
      vertex 132.25 64.0851 3
    endloop
  endfacet
  facet normal 0 0 1
    outer loop
      vertex 131 66.2502 3
      vertex 128.25 61.7757 3
      vertex 132.25 64.0851 3
    endloop
  endfacet
  facet normal 0 0 1
    outer loop
      vertex 125.75 61.7757 3
      vertex 128.25 61.7757 3
      vertex 127 63.9408 3
    endloop
  endfacet
  facet normal -0 0 1
    outer loop
      vertex 127 63.9408 3
      vertex 128.25 61.7757 3
      vertex 131 66.2502 3
    endloop
  endfacet
  facet normal 0 0 1
    outer loop
      vertex 133.5 48.0637 3
      vertex 131 48.0637 3
      vertex 132.25 45.8986 3
    endloop
  endfacet
  facet normal 0 0 1
    outer loop
      vertex 131 48.0637 3
      vertex 128.25 43.5892 3
      vertex 132.25 45.8986 3
    endloop
  endfacet
  facet normal 0 0 1
    outer loop
      vertex 125.75 43.5892 3
      vertex 128.25 43.5892 3
      vertex 127 45.7543 3
    endloop
  endfacet
  facet normal -0 0 1
    outer loop
      vertex 127 45.7543 3
      vertex 128.25 43.5892 3
      vertex 131 48.0637 3
    endloop
  endfacet
  facet normal 0 0 1
    outer loop
      vertex 133.5 29.8771 3
      vertex 131 29.8771 3
      vertex 132.25 27.7121 3
    endloop
  endfacet
  facet normal 0 0 1
    outer loop
      vertex 131 29.8771 3
      vertex 128.25 25.4027 3
      vertex 132.25 27.7121 3
    endloop
  endfacet
  facet normal 0 0 1
    outer loop
      vertex 125.75 25.4027 3
      vertex 128.25 25.4027 3
      vertex 127 27.5677 3
    endloop
  endfacet
  facet normal -0 0 1
    outer loop
      vertex 127 27.5677 3
      vertex 128.25 25.4027 3
      vertex 131 29.8771 3
    endloop
  endfacet
  facet normal 0 0 1
    outer loop
      vertex 133.5 29.8771 3
      vertex 136.25 25.4027 3
      vertex 137.5 27.5677 3
    endloop
  endfacet
  facet normal 0 0 1
    outer loop
      vertex 133.5 29.8771 3
      vertex 132.25 27.7121 3
      vertex 136.25 25.4027 3
    endloop
  endfacet
  facet normal 0 0 1
    outer loop
      vertex 133.5 34.4959 3
      vertex 131 34.4959 3
      vertex 133.5 29.8771 3
    endloop
  endfacet
  facet normal 0 0 1
    outer loop
      vertex 131 29.8771 3
      vertex 133.5 29.8771 3
      vertex 131 34.4959 3
    endloop
  endfacet
  facet normal 0 0 1
    outer loop
      vertex 128.25 38.9704 3
      vertex 131 34.4959 3
      vertex 132.25 36.661 3
    endloop
  endfacet
  facet normal 0 0 1
    outer loop
      vertex 128.25 38.9704 3
      vertex 127 36.8053 3
      vertex 131 34.4959 3
    endloop
  endfacet
  facet normal 0 0 1
    outer loop
      vertex 128.25 43.5892 3
      vertex 125.75 43.5892 3
      vertex 128.25 38.9704 3
    endloop
  endfacet
  facet normal 0 0 1
    outer loop
      vertex 125.75 38.9704 3
      vertex 128.25 38.9704 3
      vertex 125.75 43.5892 3
    endloop
  endfacet
  facet normal 0 0 1
    outer loop
      vertex 123 48.0637 3
      vertex 125.75 43.5892 3
      vertex 127 45.7543 3
    endloop
  endfacet
  facet normal 0 0 1
    outer loop
      vertex 123 48.0637 3
      vertex 121.75 45.8986 3
      vertex 125.75 43.5892 3
    endloop
  endfacet
  facet normal 0 0 1
    outer loop
      vertex 123 52.6825 3
      vertex 120.5 52.6825 3
      vertex 123 48.0637 3
    endloop
  endfacet
  facet normal 0 0 1
    outer loop
      vertex 120.5 48.0637 3
      vertex 123 48.0637 3
      vertex 120.5 52.6825 3
    endloop
  endfacet
  facet normal 0 0 1
    outer loop
      vertex 117.75 57.1569 3
      vertex 120.5 52.6825 3
      vertex 121.75 54.8475 3
    endloop
  endfacet
  facet normal 0 0 1
    outer loop
      vertex 117.75 57.1569 3
      vertex 116.5 54.9919 3
      vertex 120.5 52.6825 3
    endloop
  endfacet
  facet normal 0 0 1
    outer loop
      vertex 117.75 61.7757 3
      vertex 115.25 61.7757 3
      vertex 117.75 57.1569 3
    endloop
  endfacet
  facet normal 0 0 1
    outer loop
      vertex 115.25 57.1569 3
      vertex 117.75 57.1569 3
      vertex 115.25 61.7757 3
    endloop
  endfacet
  facet normal 0 0 1
    outer loop
      vertex 112.5 66.2502 3
      vertex 115.25 61.7757 3
      vertex 116.5 63.9408 3
    endloop
  endfacet
  facet normal 0 0 1
    outer loop
      vertex 112.5 66.2502 3
      vertex 111.25 64.0851 3
      vertex 115.25 61.7757 3
    endloop
  endfacet
  facet normal 0 0 1
    outer loop
      vertex 112.5 70.869 3
      vertex 110 70.869 3
      vertex 112.5 66.2502 3
    endloop
  endfacet
  facet normal 0 0 1
    outer loop
      vertex 110 66.2502 3
      vertex 112.5 66.2502 3
      vertex 110 70.869 3
    endloop
  endfacet
  facet normal 0 0 1
    outer loop
      vertex 107.25 75.3435 3
      vertex 110 70.869 3
      vertex 111.25 73.0341 3
    endloop
  endfacet
  facet normal 0 0 1
    outer loop
      vertex 107.25 75.3435 3
      vertex 106 73.1784 3
      vertex 110 70.869 3
    endloop
  endfacet
  facet normal 0 0 1
    outer loop
      vertex 107.25 79.9623 3
      vertex 104.75 79.9623 3
      vertex 107.25 75.3435 3
    endloop
  endfacet
  facet normal 0 0 1
    outer loop
      vertex 104.75 75.3435 3
      vertex 107.25 75.3435 3
      vertex 104.75 79.9623 3
    endloop
  endfacet
  facet normal 0 0 1
    outer loop
      vertex 102 84.4367 3
      vertex 104.75 79.9623 3
      vertex 106 82.1273 3
    endloop
  endfacet
  facet normal 0 0 1
    outer loop
      vertex 102 84.4367 3
      vertex 100.75 82.2717 3
      vertex 104.75 79.9623 3
    endloop
  endfacet
  facet normal 0 0 1
    outer loop
      vertex 102 89.0555 3
      vertex 99.5 89.0555 3
      vertex 102 84.4367 3
    endloop
  endfacet
  facet normal 0 0 1
    outer loop
      vertex 99.5 84.4367 3
      vertex 102 84.4367 3
      vertex 99.5 89.0555 3
    endloop
  endfacet
  facet normal 0 0 1
    outer loop
      vertex 96.75 93.53 3
      vertex 99.5 89.0555 3
      vertex 100.75 91.2206 3
    endloop
  endfacet
  facet normal 0 0 1
    outer loop
      vertex 96.75 93.53 3
      vertex 95.5 91.3649 3
      vertex 99.5 89.0555 3
    endloop
  endfacet
  facet normal 0 0 1
    outer loop
      vertex 96.75 98.1488 3
      vertex 94.25 98.1488 3
      vertex 96.75 93.53 3
    endloop
  endfacet
  facet normal 0 0 1
    outer loop
      vertex 94.25 93.53 3
      vertex 96.75 93.53 3
      vertex 94.25 98.1488 3
    endloop
  endfacet
  facet normal 0 0 1
    outer loop
      vertex 91.5 102.623 3
      vertex 94.25 98.1488 3
      vertex 95.5 100.314 3
    endloop
  endfacet
  facet normal 0 0 1
    outer loop
      vertex 91.5 102.623 3
      vertex 90.25 100.458 3
      vertex 94.25 98.1488 3
    endloop
  endfacet
  facet normal 0 0 1
    outer loop
      vertex 91.5 107.242 3
      vertex 89 107.242 3
      vertex 91.5 102.623 3
    endloop
  endfacet
  facet normal 0 0 1
    outer loop
      vertex 89 102.623 3
      vertex 91.5 102.623 3
      vertex 89 107.242 3
    endloop
  endfacet
  facet normal 0 0 1
    outer loop
      vertex 86.25 111.717 3
      vertex 89 107.242 3
      vertex 90.25 109.407 3
    endloop
  endfacet
  facet normal 0 0 1
    outer loop
      vertex 86.25 111.717 3
      vertex 85 109.551 3
      vertex 89 107.242 3
    endloop
  endfacet
  facet normal 0 0 1
    outer loop
      vertex 86.25 116.335 3
      vertex 83.75 116.335 3
      vertex 86.25 111.717 3
    endloop
  endfacet
  facet normal 0 0 1
    outer loop
      vertex 83.75 111.717 3
      vertex 86.25 111.717 3
      vertex 83.75 116.335 3
    endloop
  endfacet
  facet normal 0 0 1
    outer loop
      vertex 81 120.81 3
      vertex 83.75 116.335 3
      vertex 85 118.5 3
    endloop
  endfacet
  facet normal 0 0 1
    outer loop
      vertex 81 120.81 3
      vertex 79.75 118.645 3
      vertex 83.75 116.335 3
    endloop
  endfacet
  facet normal 0 0 1
    outer loop
      vertex 81 125.429 3
      vertex 78.5 125.429 3
      vertex 81 120.81 3
    endloop
  endfacet
  facet normal 0 0 1
    outer loop
      vertex 78.5 120.81 3
      vertex 81 120.81 3
      vertex 78.5 125.429 3
    endloop
  endfacet
  facet normal 0 0 1
    outer loop
      vertex 75.75 129.903 3
      vertex 78.5 125.429 3
      vertex 79.75 127.594 3
    endloop
  endfacet
  facet normal 0 0 1
    outer loop
      vertex 75.75 129.903 3
      vertex 74.5 127.738 3
      vertex 78.5 125.429 3
    endloop
  endfacet
  facet normal 0 0 1
    outer loop
      vertex 75.75 134.522 3
      vertex 73.25 134.522 3
      vertex 75.75 129.903 3
    endloop
  endfacet
  facet normal 0 0 1
    outer loop
      vertex 73.25 129.903 3
      vertex 75.75 129.903 3
      vertex 73.25 134.522 3
    endloop
  endfacet
  facet normal 0 0 1
    outer loop
      vertex 70.5 138.996 3
      vertex 73.25 134.522 3
      vertex 74.5 136.687 3
    endloop
  endfacet
  facet normal 0 0 1
    outer loop
      vertex 70.5 138.996 3
      vertex 69.25 136.831 3
      vertex 73.25 134.522 3
    endloop
  endfacet
  facet normal 0 0 1
    outer loop
      vertex 70.5 143.615 3
      vertex 68 143.615 3
      vertex 70.5 138.996 3
    endloop
  endfacet
  facet normal 0 0 1
    outer loop
      vertex 68 138.996 3
      vertex 70.5 138.996 3
      vertex 68 143.615 3
    endloop
  endfacet
  facet normal 0 0 1
    outer loop
      vertex 65.25 148.09 3
      vertex 68 143.615 3
      vertex 69.25 145.78 3
    endloop
  endfacet
  facet normal 0 0 1
    outer loop
      vertex 65.25 148.09 3
      vertex 64 145.925 3
      vertex 68 143.615 3
    endloop
  endfacet
  facet normal 0 0 1
    outer loop
      vertex 65.25 152.708 3
      vertex 62.75 152.708 3
      vertex 65.25 148.09 3
    endloop
  endfacet
  facet normal 0 0 1
    outer loop
      vertex 62.75 148.09 3
      vertex 65.25 148.09 3
      vertex 62.75 152.708 3
    endloop
  endfacet
  facet normal 0 0 1
    outer loop
      vertex 60 157.183 3
      vertex 62.75 152.708 3
      vertex 64 154.873 3
    endloop
  endfacet
  facet normal 0 0 1
    outer loop
      vertex 62.75 152.708 3
      vertex 60 157.183 3
      vertex 58.75 155.018 3
    endloop
  endfacet
  facet normal 0 0 1
    outer loop
      vertex 138.75 148.09 3
      vertex 136.25 148.09 3
      vertex 137.5 145.925 3
    endloop
  endfacet
  facet normal 0 0 1
    outer loop
      vertex 136.25 148.09 3
      vertex 133.5 143.615 3
      vertex 137.5 145.925 3
    endloop
  endfacet
  facet normal 0 0 1
    outer loop
      vertex 131 143.615 3
      vertex 133.5 143.615 3
      vertex 132.25 145.78 3
    endloop
  endfacet
  facet normal -0 0 1
    outer loop
      vertex 132.25 145.78 3
      vertex 133.5 143.615 3
      vertex 136.25 148.09 3
    endloop
  endfacet
  facet normal 0 0 1
    outer loop
      vertex 138.75 129.903 3
      vertex 136.25 129.903 3
      vertex 137.5 127.738 3
    endloop
  endfacet
  facet normal 0 0 1
    outer loop
      vertex 136.25 129.903 3
      vertex 133.5 125.429 3
      vertex 137.5 127.738 3
    endloop
  endfacet
  facet normal 0 0 1
    outer loop
      vertex 131 125.429 3
      vertex 133.5 125.429 3
      vertex 132.25 127.594 3
    endloop
  endfacet
  facet normal -0 0 1
    outer loop
      vertex 132.25 127.594 3
      vertex 133.5 125.429 3
      vertex 136.25 129.903 3
    endloop
  endfacet
  facet normal 0 0 1
    outer loop
      vertex 138.75 111.717 3
      vertex 136.25 111.717 3
      vertex 137.5 109.551 3
    endloop
  endfacet
  facet normal 0 0 1
    outer loop
      vertex 136.25 111.717 3
      vertex 133.5 107.242 3
      vertex 137.5 109.551 3
    endloop
  endfacet
  facet normal 0 0 1
    outer loop
      vertex 131 107.242 3
      vertex 133.5 107.242 3
      vertex 132.25 109.407 3
    endloop
  endfacet
  facet normal -0 0 1
    outer loop
      vertex 132.25 109.407 3
      vertex 133.5 107.242 3
      vertex 136.25 111.717 3
    endloop
  endfacet
  facet normal 0 0 1
    outer loop
      vertex 138.75 93.53 3
      vertex 136.25 93.53 3
      vertex 137.5 91.3649 3
    endloop
  endfacet
  facet normal 0 0 1
    outer loop
      vertex 136.25 93.53 3
      vertex 133.5 89.0555 3
      vertex 137.5 91.3649 3
    endloop
  endfacet
  facet normal 0 0 1
    outer loop
      vertex 131 89.0555 3
      vertex 133.5 89.0555 3
      vertex 132.25 91.2206 3
    endloop
  endfacet
  facet normal -0 0 1
    outer loop
      vertex 132.25 91.2206 3
      vertex 133.5 89.0555 3
      vertex 136.25 93.53 3
    endloop
  endfacet
  facet normal 0 0 1
    outer loop
      vertex 138.75 75.3435 3
      vertex 136.25 75.3435 3
      vertex 137.5 73.1784 3
    endloop
  endfacet
  facet normal 0 0 1
    outer loop
      vertex 136.25 75.3435 3
      vertex 133.5 70.869 3
      vertex 137.5 73.1784 3
    endloop
  endfacet
  facet normal 0 0 1
    outer loop
      vertex 131 70.869 3
      vertex 133.5 70.869 3
      vertex 132.25 73.0341 3
    endloop
  endfacet
  facet normal -0 0 1
    outer loop
      vertex 132.25 73.0341 3
      vertex 133.5 70.869 3
      vertex 136.25 75.3435 3
    endloop
  endfacet
  facet normal 0 0 1
    outer loop
      vertex 138.75 57.1569 3
      vertex 136.25 57.1569 3
      vertex 137.5 54.9919 3
    endloop
  endfacet
  facet normal 0 0 1
    outer loop
      vertex 136.25 57.1569 3
      vertex 133.5 52.6825 3
      vertex 137.5 54.9919 3
    endloop
  endfacet
  facet normal 0 0 1
    outer loop
      vertex 131 52.6825 3
      vertex 133.5 52.6825 3
      vertex 132.25 54.8475 3
    endloop
  endfacet
  facet normal -0 0 1
    outer loop
      vertex 132.25 54.8475 3
      vertex 133.5 52.6825 3
      vertex 136.25 57.1569 3
    endloop
  endfacet
  facet normal 0 0 1
    outer loop
      vertex 138.75 38.9704 3
      vertex 136.25 38.9704 3
      vertex 137.5 36.8053 3
    endloop
  endfacet
  facet normal 0 0 1
    outer loop
      vertex 136.25 38.9704 3
      vertex 133.5 34.4959 3
      vertex 137.5 36.8053 3
    endloop
  endfacet
  facet normal 0 0 1
    outer loop
      vertex 131 34.4959 3
      vertex 133.5 34.4959 3
      vertex 132.25 36.661 3
    endloop
  endfacet
  facet normal -0 0 1
    outer loop
      vertex 132.25 36.661 3
      vertex 133.5 34.4959 3
      vertex 136.25 38.9704 3
    endloop
  endfacet
  facet normal 0 0 1
    outer loop
      vertex 144 157.183 3
      vertex 141.5 157.183 3
      vertex 142.75 155.018 3
    endloop
  endfacet
  facet normal 0 0 1
    outer loop
      vertex 141.5 157.183 3
      vertex 138.75 152.708 3
      vertex 142.75 155.018 3
    endloop
  endfacet
  facet normal 0 0 1
    outer loop
      vertex 136.25 152.708 3
      vertex 138.75 152.708 3
      vertex 137.5 154.873 3
    endloop
  endfacet
  facet normal -0 0 1
    outer loop
      vertex 137.5 154.873 3
      vertex 138.75 152.708 3
      vertex 141.5 157.183 3
    endloop
  endfacet
  facet normal 0 0 1
    outer loop
      vertex 144 138.996 3
      vertex 141.5 138.996 3
      vertex 142.75 136.831 3
    endloop
  endfacet
  facet normal 0 0 1
    outer loop
      vertex 141.5 138.996 3
      vertex 138.75 134.522 3
      vertex 142.75 136.831 3
    endloop
  endfacet
  facet normal 0 0 1
    outer loop
      vertex 136.25 134.522 3
      vertex 138.75 134.522 3
      vertex 137.5 136.687 3
    endloop
  endfacet
  facet normal -0 0 1
    outer loop
      vertex 137.5 136.687 3
      vertex 138.75 134.522 3
      vertex 141.5 138.996 3
    endloop
  endfacet
  facet normal 0 0 1
    outer loop
      vertex 144 120.81 3
      vertex 141.5 120.81 3
      vertex 142.75 118.645 3
    endloop
  endfacet
  facet normal 0 0 1
    outer loop
      vertex 141.5 120.81 3
      vertex 138.75 116.335 3
      vertex 142.75 118.645 3
    endloop
  endfacet
  facet normal 0 0 1
    outer loop
      vertex 136.25 116.335 3
      vertex 138.75 116.335 3
      vertex 137.5 118.5 3
    endloop
  endfacet
  facet normal -0 0 1
    outer loop
      vertex 137.5 118.5 3
      vertex 138.75 116.335 3
      vertex 141.5 120.81 3
    endloop
  endfacet
  facet normal 0 0 1
    outer loop
      vertex 144 102.623 3
      vertex 141.5 102.623 3
      vertex 142.75 100.458 3
    endloop
  endfacet
  facet normal 0 0 1
    outer loop
      vertex 141.5 102.623 3
      vertex 138.75 98.1488 3
      vertex 142.75 100.458 3
    endloop
  endfacet
  facet normal 0 0 1
    outer loop
      vertex 136.25 98.1488 3
      vertex 138.75 98.1488 3
      vertex 137.5 100.314 3
    endloop
  endfacet
  facet normal -0 0 1
    outer loop
      vertex 137.5 100.314 3
      vertex 138.75 98.1488 3
      vertex 141.5 102.623 3
    endloop
  endfacet
  facet normal 0 0 1
    outer loop
      vertex 144 84.4367 3
      vertex 141.5 84.4367 3
      vertex 142.75 82.2717 3
    endloop
  endfacet
  facet normal 0 0 1
    outer loop
      vertex 141.5 84.4367 3
      vertex 138.75 79.9623 3
      vertex 142.75 82.2717 3
    endloop
  endfacet
  facet normal 0 0 1
    outer loop
      vertex 136.25 79.9623 3
      vertex 138.75 79.9623 3
      vertex 137.5 82.1273 3
    endloop
  endfacet
  facet normal -0 0 1
    outer loop
      vertex 137.5 82.1273 3
      vertex 138.75 79.9623 3
      vertex 141.5 84.4367 3
    endloop
  endfacet
  facet normal 0 0 1
    outer loop
      vertex 144 66.2502 3
      vertex 141.5 66.2502 3
      vertex 142.75 64.0851 3
    endloop
  endfacet
  facet normal 0 0 1
    outer loop
      vertex 141.5 66.2502 3
      vertex 138.75 61.7757 3
      vertex 142.75 64.0851 3
    endloop
  endfacet
  facet normal 0 0 1
    outer loop
      vertex 136.25 61.7757 3
      vertex 138.75 61.7757 3
      vertex 137.5 63.9408 3
    endloop
  endfacet
  facet normal -0 0 1
    outer loop
      vertex 137.5 63.9408 3
      vertex 138.75 61.7757 3
      vertex 141.5 66.2502 3
    endloop
  endfacet
  facet normal 0 0 1
    outer loop
      vertex 144 48.0637 3
      vertex 141.5 48.0637 3
      vertex 142.75 45.8986 3
    endloop
  endfacet
  facet normal 0 0 1
    outer loop
      vertex 141.5 48.0637 3
      vertex 138.75 43.5892 3
      vertex 142.75 45.8986 3
    endloop
  endfacet
  facet normal 0 0 1
    outer loop
      vertex 136.25 43.5892 3
      vertex 138.75 43.5892 3
      vertex 137.5 45.7543 3
    endloop
  endfacet
  facet normal -0 0 1
    outer loop
      vertex 137.5 45.7543 3
      vertex 138.75 43.5892 3
      vertex 141.5 48.0637 3
    endloop
  endfacet
  facet normal 0 0 1
    outer loop
      vertex 144 29.8771 3
      vertex 141.5 29.8771 3
      vertex 142.75 27.7121 3
    endloop
  endfacet
  facet normal 0 0 1
    outer loop
      vertex 141.5 29.8771 3
      vertex 138.75 25.4027 3
      vertex 142.75 27.7121 3
    endloop
  endfacet
  facet normal 0 0 1
    outer loop
      vertex 136.25 25.4027 3
      vertex 138.75 25.4027 3
      vertex 137.5 27.5677 3
    endloop
  endfacet
  facet normal -0 0 1
    outer loop
      vertex 137.5 27.5677 3
      vertex 138.75 25.4027 3
      vertex 141.5 29.8771 3
    endloop
  endfacet
  facet normal 0 0 1
    outer loop
      vertex 144 29.8771 3
      vertex 146.75 25.4027 3
      vertex 148 27.5677 3
    endloop
  endfacet
  facet normal 0 0 1
    outer loop
      vertex 144 29.8771 3
      vertex 142.75 27.7121 3
      vertex 146.75 25.4027 3
    endloop
  endfacet
  facet normal 0 0 1
    outer loop
      vertex 144 34.4959 3
      vertex 141.5 34.4959 3
      vertex 144 29.8771 3
    endloop
  endfacet
  facet normal 0 0 1
    outer loop
      vertex 141.5 29.8771 3
      vertex 144 29.8771 3
      vertex 141.5 34.4959 3
    endloop
  endfacet
  facet normal 0 0 1
    outer loop
      vertex 138.75 38.9704 3
      vertex 141.5 34.4959 3
      vertex 142.75 36.661 3
    endloop
  endfacet
  facet normal 0 0 1
    outer loop
      vertex 138.75 38.9704 3
      vertex 137.5 36.8053 3
      vertex 141.5 34.4959 3
    endloop
  endfacet
  facet normal 0 0 1
    outer loop
      vertex 138.75 43.5892 3
      vertex 136.25 43.5892 3
      vertex 138.75 38.9704 3
    endloop
  endfacet
  facet normal 0 0 1
    outer loop
      vertex 136.25 38.9704 3
      vertex 138.75 38.9704 3
      vertex 136.25 43.5892 3
    endloop
  endfacet
  facet normal 0 0 1
    outer loop
      vertex 133.5 48.0637 3
      vertex 136.25 43.5892 3
      vertex 137.5 45.7543 3
    endloop
  endfacet
  facet normal 0 0 1
    outer loop
      vertex 133.5 48.0637 3
      vertex 132.25 45.8986 3
      vertex 136.25 43.5892 3
    endloop
  endfacet
  facet normal 0 0 1
    outer loop
      vertex 133.5 52.6825 3
      vertex 131 52.6825 3
      vertex 133.5 48.0637 3
    endloop
  endfacet
  facet normal 0 0 1
    outer loop
      vertex 131 48.0637 3
      vertex 133.5 48.0637 3
      vertex 131 52.6825 3
    endloop
  endfacet
  facet normal 0 0 1
    outer loop
      vertex 128.25 57.1569 3
      vertex 131 52.6825 3
      vertex 132.25 54.8475 3
    endloop
  endfacet
  facet normal 0 0 1
    outer loop
      vertex 128.25 57.1569 3
      vertex 127 54.9919 3
      vertex 131 52.6825 3
    endloop
  endfacet
  facet normal 0 0 1
    outer loop
      vertex 128.25 61.7757 3
      vertex 125.75 61.7757 3
      vertex 128.25 57.1569 3
    endloop
  endfacet
  facet normal 0 0 1
    outer loop
      vertex 125.75 57.1569 3
      vertex 128.25 57.1569 3
      vertex 125.75 61.7757 3
    endloop
  endfacet
  facet normal 0 0 1
    outer loop
      vertex 123 66.2502 3
      vertex 125.75 61.7757 3
      vertex 127 63.9408 3
    endloop
  endfacet
  facet normal 0 0 1
    outer loop
      vertex 123 66.2502 3
      vertex 121.75 64.0851 3
      vertex 125.75 61.7757 3
    endloop
  endfacet
  facet normal 0 0 1
    outer loop
      vertex 123 70.869 3
      vertex 120.5 70.869 3
      vertex 123 66.2502 3
    endloop
  endfacet
  facet normal 0 0 1
    outer loop
      vertex 120.5 66.2502 3
      vertex 123 66.2502 3
      vertex 120.5 70.869 3
    endloop
  endfacet
  facet normal 0 0 1
    outer loop
      vertex 117.75 75.3435 3
      vertex 120.5 70.869 3
      vertex 121.75 73.0341 3
    endloop
  endfacet
  facet normal 0 0 1
    outer loop
      vertex 117.75 75.3435 3
      vertex 116.5 73.1784 3
      vertex 120.5 70.869 3
    endloop
  endfacet
  facet normal 0 0 1
    outer loop
      vertex 117.75 79.9623 3
      vertex 115.25 79.9623 3
      vertex 117.75 75.3435 3
    endloop
  endfacet
  facet normal 0 0 1
    outer loop
      vertex 115.25 75.3435 3
      vertex 117.75 75.3435 3
      vertex 115.25 79.9623 3
    endloop
  endfacet
  facet normal 0 0 1
    outer loop
      vertex 112.5 84.4367 3
      vertex 115.25 79.9623 3
      vertex 116.5 82.1273 3
    endloop
  endfacet
  facet normal 0 0 1
    outer loop
      vertex 112.5 84.4367 3
      vertex 111.25 82.2717 3
      vertex 115.25 79.9623 3
    endloop
  endfacet
  facet normal 0 0 1
    outer loop
      vertex 112.5 89.0555 3
      vertex 110 89.0555 3
      vertex 112.5 84.4367 3
    endloop
  endfacet
  facet normal 0 0 1
    outer loop
      vertex 110 84.4367 3
      vertex 112.5 84.4367 3
      vertex 110 89.0555 3
    endloop
  endfacet
  facet normal 0 0 1
    outer loop
      vertex 107.25 93.53 3
      vertex 110 89.0555 3
      vertex 111.25 91.2206 3
    endloop
  endfacet
  facet normal 0 0 1
    outer loop
      vertex 107.25 93.53 3
      vertex 106 91.3649 3
      vertex 110 89.0555 3
    endloop
  endfacet
  facet normal 0 0 1
    outer loop
      vertex 107.25 98.1488 3
      vertex 104.75 98.1488 3
      vertex 107.25 93.53 3
    endloop
  endfacet
  facet normal 0 0 1
    outer loop
      vertex 104.75 93.53 3
      vertex 107.25 93.53 3
      vertex 104.75 98.1488 3
    endloop
  endfacet
  facet normal 0 0 1
    outer loop
      vertex 102 102.623 3
      vertex 104.75 98.1488 3
      vertex 106 100.314 3
    endloop
  endfacet
  facet normal 0 0 1
    outer loop
      vertex 102 102.623 3
      vertex 100.75 100.458 3
      vertex 104.75 98.1488 3
    endloop
  endfacet
  facet normal 0 0 1
    outer loop
      vertex 102 107.242 3
      vertex 99.5 107.242 3
      vertex 102 102.623 3
    endloop
  endfacet
  facet normal 0 0 1
    outer loop
      vertex 99.5 102.623 3
      vertex 102 102.623 3
      vertex 99.5 107.242 3
    endloop
  endfacet
  facet normal 0 0 1
    outer loop
      vertex 96.75 111.717 3
      vertex 99.5 107.242 3
      vertex 100.75 109.407 3
    endloop
  endfacet
  facet normal 0 0 1
    outer loop
      vertex 96.75 111.717 3
      vertex 95.5 109.551 3
      vertex 99.5 107.242 3
    endloop
  endfacet
  facet normal 0 0 1
    outer loop
      vertex 96.75 116.335 3
      vertex 94.25 116.335 3
      vertex 96.75 111.717 3
    endloop
  endfacet
  facet normal 0 0 1
    outer loop
      vertex 94.25 111.717 3
      vertex 96.75 111.717 3
      vertex 94.25 116.335 3
    endloop
  endfacet
  facet normal 0 0 1
    outer loop
      vertex 91.5 120.81 3
      vertex 94.25 116.335 3
      vertex 95.5 118.5 3
    endloop
  endfacet
  facet normal 0 0 1
    outer loop
      vertex 91.5 120.81 3
      vertex 90.25 118.645 3
      vertex 94.25 116.335 3
    endloop
  endfacet
  facet normal 0 0 1
    outer loop
      vertex 91.5 125.429 3
      vertex 89 125.429 3
      vertex 91.5 120.81 3
    endloop
  endfacet
  facet normal 0 0 1
    outer loop
      vertex 89 120.81 3
      vertex 91.5 120.81 3
      vertex 89 125.429 3
    endloop
  endfacet
  facet normal 0 0 1
    outer loop
      vertex 86.25 129.903 3
      vertex 89 125.429 3
      vertex 90.25 127.594 3
    endloop
  endfacet
  facet normal 0 0 1
    outer loop
      vertex 86.25 129.903 3
      vertex 85 127.738 3
      vertex 89 125.429 3
    endloop
  endfacet
  facet normal 0 0 1
    outer loop
      vertex 86.25 134.522 3
      vertex 83.75 134.522 3
      vertex 86.25 129.903 3
    endloop
  endfacet
  facet normal 0 0 1
    outer loop
      vertex 83.75 129.903 3
      vertex 86.25 129.903 3
      vertex 83.75 134.522 3
    endloop
  endfacet
  facet normal 0 0 1
    outer loop
      vertex 81 138.996 3
      vertex 83.75 134.522 3
      vertex 85 136.687 3
    endloop
  endfacet
  facet normal 0 0 1
    outer loop
      vertex 81 138.996 3
      vertex 79.75 136.831 3
      vertex 83.75 134.522 3
    endloop
  endfacet
  facet normal 0 0 1
    outer loop
      vertex 81 143.615 3
      vertex 78.5 143.615 3
      vertex 81 138.996 3
    endloop
  endfacet
  facet normal 0 0 1
    outer loop
      vertex 78.5 138.996 3
      vertex 81 138.996 3
      vertex 78.5 143.615 3
    endloop
  endfacet
  facet normal 0 0 1
    outer loop
      vertex 75.75 148.09 3
      vertex 78.5 143.615 3
      vertex 79.75 145.78 3
    endloop
  endfacet
  facet normal 0 0 1
    outer loop
      vertex 75.75 148.09 3
      vertex 74.5 145.925 3
      vertex 78.5 143.615 3
    endloop
  endfacet
  facet normal 0 0 1
    outer loop
      vertex 75.75 152.708 3
      vertex 73.25 152.708 3
      vertex 75.75 148.09 3
    endloop
  endfacet
  facet normal 0 0 1
    outer loop
      vertex 73.25 148.09 3
      vertex 75.75 148.09 3
      vertex 73.25 152.708 3
    endloop
  endfacet
  facet normal 0 0 1
    outer loop
      vertex 70.5 157.183 3
      vertex 73.25 152.708 3
      vertex 74.5 154.873 3
    endloop
  endfacet
  facet normal 0 0 1
    outer loop
      vertex 73.25 152.708 3
      vertex 70.5 157.183 3
      vertex 69.25 155.018 3
    endloop
  endfacet
  facet normal 0 0 1
    outer loop
      vertex 149.25 148.09 3
      vertex 146.75 148.09 3
      vertex 148 145.925 3
    endloop
  endfacet
  facet normal 0 0 1
    outer loop
      vertex 146.75 148.09 3
      vertex 144 143.615 3
      vertex 148 145.925 3
    endloop
  endfacet
  facet normal 0 0 1
    outer loop
      vertex 141.5 143.615 3
      vertex 144 143.615 3
      vertex 142.75 145.78 3
    endloop
  endfacet
  facet normal -0 0 1
    outer loop
      vertex 142.75 145.78 3
      vertex 144 143.615 3
      vertex 146.75 148.09 3
    endloop
  endfacet
  facet normal 0 0 1
    outer loop
      vertex 149.25 129.903 3
      vertex 146.75 129.903 3
      vertex 148 127.738 3
    endloop
  endfacet
  facet normal 0 0 1
    outer loop
      vertex 146.75 129.903 3
      vertex 144 125.429 3
      vertex 148 127.738 3
    endloop
  endfacet
  facet normal 0 0 1
    outer loop
      vertex 141.5 125.429 3
      vertex 144 125.429 3
      vertex 142.75 127.594 3
    endloop
  endfacet
  facet normal -0 0 1
    outer loop
      vertex 142.75 127.594 3
      vertex 144 125.429 3
      vertex 146.75 129.903 3
    endloop
  endfacet
  facet normal 0 0 1
    outer loop
      vertex 149.25 111.717 3
      vertex 146.75 111.717 3
      vertex 148 109.551 3
    endloop
  endfacet
  facet normal 0 0 1
    outer loop
      vertex 146.75 111.717 3
      vertex 144 107.242 3
      vertex 148 109.551 3
    endloop
  endfacet
  facet normal 0 0 1
    outer loop
      vertex 141.5 107.242 3
      vertex 144 107.242 3
      vertex 142.75 109.407 3
    endloop
  endfacet
  facet normal -0 0 1
    outer loop
      vertex 142.75 109.407 3
      vertex 144 107.242 3
      vertex 146.75 111.717 3
    endloop
  endfacet
  facet normal 0 0 1
    outer loop
      vertex 149.25 93.53 3
      vertex 146.75 93.53 3
      vertex 148 91.3649 3
    endloop
  endfacet
  facet normal 0 0 1
    outer loop
      vertex 146.75 93.53 3
      vertex 144 89.0555 3
      vertex 148 91.3649 3
    endloop
  endfacet
  facet normal 0 0 1
    outer loop
      vertex 141.5 89.0555 3
      vertex 144 89.0555 3
      vertex 142.75 91.2206 3
    endloop
  endfacet
  facet normal -0 0 1
    outer loop
      vertex 142.75 91.2206 3
      vertex 144 89.0555 3
      vertex 146.75 93.53 3
    endloop
  endfacet
  facet normal 0 0 1
    outer loop
      vertex 149.25 75.3435 3
      vertex 146.75 75.3435 3
      vertex 148 73.1784 3
    endloop
  endfacet
  facet normal 0 0 1
    outer loop
      vertex 146.75 75.3435 3
      vertex 144 70.869 3
      vertex 148 73.1784 3
    endloop
  endfacet
  facet normal 0 0 1
    outer loop
      vertex 141.5 70.869 3
      vertex 144 70.869 3
      vertex 142.75 73.0341 3
    endloop
  endfacet
  facet normal -0 0 1
    outer loop
      vertex 142.75 73.0341 3
      vertex 144 70.869 3
      vertex 146.75 75.3435 3
    endloop
  endfacet
  facet normal 0 0 1
    outer loop
      vertex 149.25 57.1569 3
      vertex 146.75 57.1569 3
      vertex 148 54.9919 3
    endloop
  endfacet
  facet normal 0 0 1
    outer loop
      vertex 146.75 57.1569 3
      vertex 144 52.6825 3
      vertex 148 54.9919 3
    endloop
  endfacet
  facet normal 0 0 1
    outer loop
      vertex 141.5 52.6825 3
      vertex 144 52.6825 3
      vertex 142.75 54.8475 3
    endloop
  endfacet
  facet normal -0 0 1
    outer loop
      vertex 142.75 54.8475 3
      vertex 144 52.6825 3
      vertex 146.75 57.1569 3
    endloop
  endfacet
  facet normal 0 0 1
    outer loop
      vertex 149.25 38.9704 3
      vertex 146.75 38.9704 3
      vertex 148 36.8053 3
    endloop
  endfacet
  facet normal 0 0 1
    outer loop
      vertex 146.75 38.9704 3
      vertex 144 34.4959 3
      vertex 148 36.8053 3
    endloop
  endfacet
  facet normal 0 0 1
    outer loop
      vertex 141.5 34.4959 3
      vertex 144 34.4959 3
      vertex 142.75 36.661 3
    endloop
  endfacet
  facet normal -0 0 1
    outer loop
      vertex 142.75 36.661 3
      vertex 144 34.4959 3
      vertex 146.75 38.9704 3
    endloop
  endfacet
  facet normal -0 0 1
    outer loop
      vertex 153.25 36.661 3
      vertex 157.25 25.4027 3
      vertex 157.25 38.9704 3
    endloop
  endfacet
  facet normal 0 0 1
    outer loop
      vertex 153.25 36.661 3
      vertex 153.25 27.7121 3
      vertex 157.25 25.4027 3
    endloop
  endfacet
  facet normal 0 0 1
    outer loop
      vertex 153.25 36.661 3
      vertex 152 34.4959 3
      vertex 153.25 27.7121 3
    endloop
  endfacet
  facet normal 0 0 1
    outer loop
      vertex 149.25 38.9704 3
      vertex 152 34.4959 3
      vertex 153.25 36.661 3
    endloop
  endfacet
  facet normal 0 0 1
    outer loop
      vertex 149.25 38.9704 3
      vertex 148 36.8053 3
      vertex 152 34.4959 3
    endloop
  endfacet
  facet normal 0 0 1
    outer loop
      vertex 149.25 43.5892 3
      vertex 146.75 43.5892 3
      vertex 149.25 38.9704 3
    endloop
  endfacet
  facet normal 0 0 1
    outer loop
      vertex 146.75 38.9704 3
      vertex 149.25 38.9704 3
      vertex 146.75 43.5892 3
    endloop
  endfacet
  facet normal 0 0 1
    outer loop
      vertex 144 48.0637 3
      vertex 146.75 43.5892 3
      vertex 148 45.7543 3
    endloop
  endfacet
  facet normal 0 0 1
    outer loop
      vertex 144 48.0637 3
      vertex 142.75 45.8986 3
      vertex 146.75 43.5892 3
    endloop
  endfacet
  facet normal 0 0 1
    outer loop
      vertex 144 52.6825 3
      vertex 141.5 52.6825 3
      vertex 144 48.0637 3
    endloop
  endfacet
  facet normal 0 0 1
    outer loop
      vertex 141.5 48.0637 3
      vertex 144 48.0637 3
      vertex 141.5 52.6825 3
    endloop
  endfacet
  facet normal 0 0 1
    outer loop
      vertex 138.75 57.1569 3
      vertex 141.5 52.6825 3
      vertex 142.75 54.8475 3
    endloop
  endfacet
  facet normal 0 0 1
    outer loop
      vertex 138.75 57.1569 3
      vertex 137.5 54.9919 3
      vertex 141.5 52.6825 3
    endloop
  endfacet
  facet normal 0 0 1
    outer loop
      vertex 138.75 61.7757 3
      vertex 136.25 61.7757 3
      vertex 138.75 57.1569 3
    endloop
  endfacet
  facet normal 0 0 1
    outer loop
      vertex 136.25 57.1569 3
      vertex 138.75 57.1569 3
      vertex 136.25 61.7757 3
    endloop
  endfacet
  facet normal 0 0 1
    outer loop
      vertex 133.5 66.2502 3
      vertex 136.25 61.7757 3
      vertex 137.5 63.9408 3
    endloop
  endfacet
  facet normal 0 0 1
    outer loop
      vertex 133.5 66.2502 3
      vertex 132.25 64.0851 3
      vertex 136.25 61.7757 3
    endloop
  endfacet
  facet normal 0 0 1
    outer loop
      vertex 133.5 70.869 3
      vertex 131 70.869 3
      vertex 133.5 66.2502 3
    endloop
  endfacet
  facet normal 0 0 1
    outer loop
      vertex 131 66.2502 3
      vertex 133.5 66.2502 3
      vertex 131 70.869 3
    endloop
  endfacet
  facet normal 0 0 1
    outer loop
      vertex 128.25 75.3435 3
      vertex 131 70.869 3
      vertex 132.25 73.0341 3
    endloop
  endfacet
  facet normal 0 0 1
    outer loop
      vertex 128.25 75.3435 3
      vertex 127 73.1784 3
      vertex 131 70.869 3
    endloop
  endfacet
  facet normal 0 0 1
    outer loop
      vertex 128.25 79.9623 3
      vertex 125.75 79.9623 3
      vertex 128.25 75.3435 3
    endloop
  endfacet
  facet normal 0 0 1
    outer loop
      vertex 125.75 75.3435 3
      vertex 128.25 75.3435 3
      vertex 125.75 79.9623 3
    endloop
  endfacet
  facet normal 0 0 1
    outer loop
      vertex 123 84.4367 3
      vertex 125.75 79.9623 3
      vertex 127 82.1273 3
    endloop
  endfacet
  facet normal 0 0 1
    outer loop
      vertex 123 84.4367 3
      vertex 121.75 82.2717 3
      vertex 125.75 79.9623 3
    endloop
  endfacet
  facet normal 0 0 1
    outer loop
      vertex 123 89.0555 3
      vertex 120.5 89.0555 3
      vertex 123 84.4367 3
    endloop
  endfacet
  facet normal 0 0 1
    outer loop
      vertex 120.5 84.4367 3
      vertex 123 84.4367 3
      vertex 120.5 89.0555 3
    endloop
  endfacet
  facet normal 0 0 1
    outer loop
      vertex 117.75 93.53 3
      vertex 120.5 89.0555 3
      vertex 121.75 91.2206 3
    endloop
  endfacet
  facet normal 0 0 1
    outer loop
      vertex 117.75 93.53 3
      vertex 116.5 91.3649 3
      vertex 120.5 89.0555 3
    endloop
  endfacet
  facet normal 0 0 1
    outer loop
      vertex 117.75 98.1488 3
      vertex 115.25 98.1488 3
      vertex 117.75 93.53 3
    endloop
  endfacet
  facet normal 0 0 1
    outer loop
      vertex 115.25 93.53 3
      vertex 117.75 93.53 3
      vertex 115.25 98.1488 3
    endloop
  endfacet
  facet normal 0 0 1
    outer loop
      vertex 112.5 102.623 3
      vertex 115.25 98.1488 3
      vertex 116.5 100.314 3
    endloop
  endfacet
  facet normal 0 0 1
    outer loop
      vertex 112.5 102.623 3
      vertex 111.25 100.458 3
      vertex 115.25 98.1488 3
    endloop
  endfacet
  facet normal 0 0 1
    outer loop
      vertex 112.5 107.242 3
      vertex 110 107.242 3
      vertex 112.5 102.623 3
    endloop
  endfacet
  facet normal 0 0 1
    outer loop
      vertex 110 102.623 3
      vertex 112.5 102.623 3
      vertex 110 107.242 3
    endloop
  endfacet
  facet normal 0 0 1
    outer loop
      vertex 107.25 111.717 3
      vertex 110 107.242 3
      vertex 111.25 109.407 3
    endloop
  endfacet
  facet normal 0 0 1
    outer loop
      vertex 107.25 111.717 3
      vertex 106 109.551 3
      vertex 110 107.242 3
    endloop
  endfacet
  facet normal 0 0 1
    outer loop
      vertex 107.25 116.335 3
      vertex 104.75 116.335 3
      vertex 107.25 111.717 3
    endloop
  endfacet
  facet normal 0 0 1
    outer loop
      vertex 104.75 111.717 3
      vertex 107.25 111.717 3
      vertex 104.75 116.335 3
    endloop
  endfacet
  facet normal 0 0 1
    outer loop
      vertex 102 120.81 3
      vertex 104.75 116.335 3
      vertex 106 118.5 3
    endloop
  endfacet
  facet normal 0 0 1
    outer loop
      vertex 102 120.81 3
      vertex 100.75 118.645 3
      vertex 104.75 116.335 3
    endloop
  endfacet
  facet normal 0 0 1
    outer loop
      vertex 102 125.429 3
      vertex 99.5 125.429 3
      vertex 102 120.81 3
    endloop
  endfacet
  facet normal 0 0 1
    outer loop
      vertex 99.5 120.81 3
      vertex 102 120.81 3
      vertex 99.5 125.429 3
    endloop
  endfacet
  facet normal 0 0 1
    outer loop
      vertex 96.75 129.903 3
      vertex 99.5 125.429 3
      vertex 100.75 127.594 3
    endloop
  endfacet
  facet normal 0 0 1
    outer loop
      vertex 96.75 129.903 3
      vertex 95.5 127.738 3
      vertex 99.5 125.429 3
    endloop
  endfacet
  facet normal 0 0 1
    outer loop
      vertex 96.75 134.522 3
      vertex 94.25 134.522 3
      vertex 96.75 129.903 3
    endloop
  endfacet
  facet normal 0 0 1
    outer loop
      vertex 94.25 129.903 3
      vertex 96.75 129.903 3
      vertex 94.25 134.522 3
    endloop
  endfacet
  facet normal 0 0 1
    outer loop
      vertex 91.5 138.996 3
      vertex 94.25 134.522 3
      vertex 95.5 136.687 3
    endloop
  endfacet
  facet normal 0 0 1
    outer loop
      vertex 91.5 138.996 3
      vertex 90.25 136.831 3
      vertex 94.25 134.522 3
    endloop
  endfacet
  facet normal 0 0 1
    outer loop
      vertex 91.5 143.615 3
      vertex 89 143.615 3
      vertex 91.5 138.996 3
    endloop
  endfacet
  facet normal 0 0 1
    outer loop
      vertex 89 138.996 3
      vertex 91.5 138.996 3
      vertex 89 143.615 3
    endloop
  endfacet
  facet normal 0 0 1
    outer loop
      vertex 86.25 148.09 3
      vertex 89 143.615 3
      vertex 90.25 145.78 3
    endloop
  endfacet
  facet normal 0 0 1
    outer loop
      vertex 86.25 148.09 3
      vertex 85 145.925 3
      vertex 89 143.615 3
    endloop
  endfacet
  facet normal 0 0 1
    outer loop
      vertex 86.25 152.708 3
      vertex 83.75 152.708 3
      vertex 86.25 148.09 3
    endloop
  endfacet
  facet normal 0 0 1
    outer loop
      vertex 83.75 148.09 3
      vertex 86.25 148.09 3
      vertex 83.75 152.708 3
    endloop
  endfacet
  facet normal 0 0 1
    outer loop
      vertex 81 157.183 3
      vertex 83.75 152.708 3
      vertex 85 154.873 3
    endloop
  endfacet
  facet normal 0 0 1
    outer loop
      vertex 83.75 152.708 3
      vertex 81 157.183 3
      vertex 79.75 155.018 3
    endloop
  endfacet
  facet normal -0 0 1
    outer loop
      vertex 153.25 54.8475 3
      vertex 157.25 43.5892 3
      vertex 157.25 57.1569 3
    endloop
  endfacet
  facet normal 0 0 1
    outer loop
      vertex 153.25 54.8475 3
      vertex 153.25 45.8986 3
      vertex 157.25 43.5892 3
    endloop
  endfacet
  facet normal 0 0 1
    outer loop
      vertex 153.25 54.8475 3
      vertex 152 52.6825 3
      vertex 153.25 45.8986 3
    endloop
  endfacet
  facet normal 0 0 1
    outer loop
      vertex 149.25 57.1569 3
      vertex 152 52.6825 3
      vertex 153.25 54.8475 3
    endloop
  endfacet
  facet normal 0 0 1
    outer loop
      vertex 149.25 57.1569 3
      vertex 148 54.9919 3
      vertex 152 52.6825 3
    endloop
  endfacet
  facet normal 0 0 1
    outer loop
      vertex 149.25 61.7757 3
      vertex 146.75 61.7757 3
      vertex 149.25 57.1569 3
    endloop
  endfacet
  facet normal 0 0 1
    outer loop
      vertex 146.75 57.1569 3
      vertex 149.25 57.1569 3
      vertex 146.75 61.7757 3
    endloop
  endfacet
  facet normal 0 0 1
    outer loop
      vertex 144 66.2502 3
      vertex 146.75 61.7757 3
      vertex 148 63.9408 3
    endloop
  endfacet
  facet normal 0 0 1
    outer loop
      vertex 144 66.2502 3
      vertex 142.75 64.0851 3
      vertex 146.75 61.7757 3
    endloop
  endfacet
  facet normal 0 0 1
    outer loop
      vertex 144 70.869 3
      vertex 141.5 70.869 3
      vertex 144 66.2502 3
    endloop
  endfacet
  facet normal 0 0 1
    outer loop
      vertex 141.5 66.2502 3
      vertex 144 66.2502 3
      vertex 141.5 70.869 3
    endloop
  endfacet
  facet normal 0 0 1
    outer loop
      vertex 138.75 75.3435 3
      vertex 141.5 70.869 3
      vertex 142.75 73.0341 3
    endloop
  endfacet
  facet normal 0 0 1
    outer loop
      vertex 138.75 75.3435 3
      vertex 137.5 73.1784 3
      vertex 141.5 70.869 3
    endloop
  endfacet
  facet normal 0 0 1
    outer loop
      vertex 138.75 79.9623 3
      vertex 136.25 79.9623 3
      vertex 138.75 75.3435 3
    endloop
  endfacet
  facet normal 0 0 1
    outer loop
      vertex 136.25 75.3435 3
      vertex 138.75 75.3435 3
      vertex 136.25 79.9623 3
    endloop
  endfacet
  facet normal 0 0 1
    outer loop
      vertex 133.5 84.4367 3
      vertex 136.25 79.9623 3
      vertex 137.5 82.1273 3
    endloop
  endfacet
  facet normal 0 0 1
    outer loop
      vertex 133.5 84.4367 3
      vertex 132.25 82.2717 3
      vertex 136.25 79.9623 3
    endloop
  endfacet
  facet normal 0 0 1
    outer loop
      vertex 133.5 89.0555 3
      vertex 131 89.0555 3
      vertex 133.5 84.4367 3
    endloop
  endfacet
  facet normal 0 0 1
    outer loop
      vertex 131 84.4367 3
      vertex 133.5 84.4367 3
      vertex 131 89.0555 3
    endloop
  endfacet
  facet normal 0 0 1
    outer loop
      vertex 128.25 93.53 3
      vertex 131 89.0555 3
      vertex 132.25 91.2206 3
    endloop
  endfacet
  facet normal 0 0 1
    outer loop
      vertex 128.25 93.53 3
      vertex 127 91.3649 3
      vertex 131 89.0555 3
    endloop
  endfacet
  facet normal 0 0 1
    outer loop
      vertex 128.25 98.1488 3
      vertex 125.75 98.1488 3
      vertex 128.25 93.53 3
    endloop
  endfacet
  facet normal 0 0 1
    outer loop
      vertex 125.75 93.53 3
      vertex 128.25 93.53 3
      vertex 125.75 98.1488 3
    endloop
  endfacet
  facet normal 0 0 1
    outer loop
      vertex 123 102.623 3
      vertex 125.75 98.1488 3
      vertex 127 100.314 3
    endloop
  endfacet
  facet normal 0 0 1
    outer loop
      vertex 123 102.623 3
      vertex 121.75 100.458 3
      vertex 125.75 98.1488 3
    endloop
  endfacet
  facet normal 0 0 1
    outer loop
      vertex 123 107.242 3
      vertex 120.5 107.242 3
      vertex 123 102.623 3
    endloop
  endfacet
  facet normal 0 0 1
    outer loop
      vertex 120.5 102.623 3
      vertex 123 102.623 3
      vertex 120.5 107.242 3
    endloop
  endfacet
  facet normal 0 0 1
    outer loop
      vertex 117.75 111.717 3
      vertex 120.5 107.242 3
      vertex 121.75 109.407 3
    endloop
  endfacet
  facet normal 0 0 1
    outer loop
      vertex 117.75 111.717 3
      vertex 116.5 109.551 3
      vertex 120.5 107.242 3
    endloop
  endfacet
  facet normal 0 0 1
    outer loop
      vertex 117.75 116.335 3
      vertex 115.25 116.335 3
      vertex 117.75 111.717 3
    endloop
  endfacet
  facet normal 0 0 1
    outer loop
      vertex 115.25 111.717 3
      vertex 117.75 111.717 3
      vertex 115.25 116.335 3
    endloop
  endfacet
  facet normal 0 0 1
    outer loop
      vertex 112.5 120.81 3
      vertex 115.25 116.335 3
      vertex 116.5 118.5 3
    endloop
  endfacet
  facet normal 0 0 1
    outer loop
      vertex 112.5 120.81 3
      vertex 111.25 118.645 3
      vertex 115.25 116.335 3
    endloop
  endfacet
  facet normal 0 0 1
    outer loop
      vertex 112.5 125.429 3
      vertex 110 125.429 3
      vertex 112.5 120.81 3
    endloop
  endfacet
  facet normal 0 0 1
    outer loop
      vertex 110 120.81 3
      vertex 112.5 120.81 3
      vertex 110 125.429 3
    endloop
  endfacet
  facet normal 0 0 1
    outer loop
      vertex 107.25 129.903 3
      vertex 110 125.429 3
      vertex 111.25 127.594 3
    endloop
  endfacet
  facet normal 0 0 1
    outer loop
      vertex 107.25 129.903 3
      vertex 106 127.738 3
      vertex 110 125.429 3
    endloop
  endfacet
  facet normal 0 0 1
    outer loop
      vertex 107.25 134.522 3
      vertex 104.75 134.522 3
      vertex 107.25 129.903 3
    endloop
  endfacet
  facet normal 0 0 1
    outer loop
      vertex 104.75 129.903 3
      vertex 107.25 129.903 3
      vertex 104.75 134.522 3
    endloop
  endfacet
  facet normal 0 0 1
    outer loop
      vertex 102 138.996 3
      vertex 104.75 134.522 3
      vertex 106 136.687 3
    endloop
  endfacet
  facet normal 0 0 1
    outer loop
      vertex 102 138.996 3
      vertex 100.75 136.831 3
      vertex 104.75 134.522 3
    endloop
  endfacet
  facet normal 0 0 1
    outer loop
      vertex 102 143.615 3
      vertex 99.5 143.615 3
      vertex 102 138.996 3
    endloop
  endfacet
  facet normal 0 0 1
    outer loop
      vertex 99.5 138.996 3
      vertex 102 138.996 3
      vertex 99.5 143.615 3
    endloop
  endfacet
  facet normal 0 0 1
    outer loop
      vertex 96.75 148.09 3
      vertex 99.5 143.615 3
      vertex 100.75 145.78 3
    endloop
  endfacet
  facet normal 0 0 1
    outer loop
      vertex 96.75 148.09 3
      vertex 95.5 145.925 3
      vertex 99.5 143.615 3
    endloop
  endfacet
  facet normal 0 0 1
    outer loop
      vertex 96.75 152.708 3
      vertex 94.25 152.708 3
      vertex 96.75 148.09 3
    endloop
  endfacet
  facet normal 0 0 1
    outer loop
      vertex 94.25 148.09 3
      vertex 96.75 148.09 3
      vertex 94.25 152.708 3
    endloop
  endfacet
  facet normal 0 0 1
    outer loop
      vertex 91.5 157.183 3
      vertex 94.25 152.708 3
      vertex 95.5 154.873 3
    endloop
  endfacet
  facet normal 0 0 1
    outer loop
      vertex 94.25 152.708 3
      vertex 91.5 157.183 3
      vertex 90.25 155.018 3
    endloop
  endfacet
  facet normal -0 0 1
    outer loop
      vertex 153.25 73.0341 3
      vertex 157.25 61.7757 3
      vertex 157.25 75.3435 3
    endloop
  endfacet
  facet normal 0 0 1
    outer loop
      vertex 153.25 73.0341 3
      vertex 153.25 64.0851 3
      vertex 157.25 61.7757 3
    endloop
  endfacet
  facet normal 0 0 1
    outer loop
      vertex 153.25 73.0341 3
      vertex 152 70.869 3
      vertex 153.25 64.0851 3
    endloop
  endfacet
  facet normal 0 0 1
    outer loop
      vertex 149.25 75.3435 3
      vertex 152 70.869 3
      vertex 153.25 73.0341 3
    endloop
  endfacet
  facet normal 0 0 1
    outer loop
      vertex 149.25 75.3435 3
      vertex 148 73.1784 3
      vertex 152 70.869 3
    endloop
  endfacet
  facet normal 0 0 1
    outer loop
      vertex 149.25 79.9623 3
      vertex 146.75 79.9623 3
      vertex 149.25 75.3435 3
    endloop
  endfacet
  facet normal 0 0 1
    outer loop
      vertex 146.75 75.3435 3
      vertex 149.25 75.3435 3
      vertex 146.75 79.9623 3
    endloop
  endfacet
  facet normal 0 0 1
    outer loop
      vertex 144 84.4367 3
      vertex 146.75 79.9623 3
      vertex 148 82.1273 3
    endloop
  endfacet
  facet normal 0 0 1
    outer loop
      vertex 144 84.4367 3
      vertex 142.75 82.2717 3
      vertex 146.75 79.9623 3
    endloop
  endfacet
  facet normal 0 0 1
    outer loop
      vertex 144 89.0555 3
      vertex 141.5 89.0555 3
      vertex 144 84.4367 3
    endloop
  endfacet
  facet normal 0 0 1
    outer loop
      vertex 141.5 84.4367 3
      vertex 144 84.4367 3
      vertex 141.5 89.0555 3
    endloop
  endfacet
  facet normal 0 0 1
    outer loop
      vertex 138.75 93.53 3
      vertex 141.5 89.0555 3
      vertex 142.75 91.2206 3
    endloop
  endfacet
  facet normal 0 0 1
    outer loop
      vertex 138.75 93.53 3
      vertex 137.5 91.3649 3
      vertex 141.5 89.0555 3
    endloop
  endfacet
  facet normal 0 0 1
    outer loop
      vertex 138.75 98.1488 3
      vertex 136.25 98.1488 3
      vertex 138.75 93.53 3
    endloop
  endfacet
  facet normal 0 0 1
    outer loop
      vertex 136.25 93.53 3
      vertex 138.75 93.53 3
      vertex 136.25 98.1488 3
    endloop
  endfacet
  facet normal 0 0 1
    outer loop
      vertex 133.5 102.623 3
      vertex 136.25 98.1488 3
      vertex 137.5 100.314 3
    endloop
  endfacet
  facet normal 0 0 1
    outer loop
      vertex 133.5 102.623 3
      vertex 132.25 100.458 3
      vertex 136.25 98.1488 3
    endloop
  endfacet
  facet normal 0 0 1
    outer loop
      vertex 133.5 107.242 3
      vertex 131 107.242 3
      vertex 133.5 102.623 3
    endloop
  endfacet
  facet normal 0 0 1
    outer loop
      vertex 131 102.623 3
      vertex 133.5 102.623 3
      vertex 131 107.242 3
    endloop
  endfacet
  facet normal 0 0 1
    outer loop
      vertex 128.25 111.717 3
      vertex 131 107.242 3
      vertex 132.25 109.407 3
    endloop
  endfacet
  facet normal 0 0 1
    outer loop
      vertex 128.25 111.717 3
      vertex 127 109.551 3
      vertex 131 107.242 3
    endloop
  endfacet
  facet normal 0 0 1
    outer loop
      vertex 128.25 116.335 3
      vertex 125.75 116.335 3
      vertex 128.25 111.717 3
    endloop
  endfacet
  facet normal 0 0 1
    outer loop
      vertex 125.75 111.717 3
      vertex 128.25 111.717 3
      vertex 125.75 116.335 3
    endloop
  endfacet
  facet normal 0 0 1
    outer loop
      vertex 123 120.81 3
      vertex 125.75 116.335 3
      vertex 127 118.5 3
    endloop
  endfacet
  facet normal 0 0 1
    outer loop
      vertex 123 120.81 3
      vertex 121.75 118.645 3
      vertex 125.75 116.335 3
    endloop
  endfacet
  facet normal 0 0 1
    outer loop
      vertex 123 125.429 3
      vertex 120.5 125.429 3
      vertex 123 120.81 3
    endloop
  endfacet
  facet normal 0 0 1
    outer loop
      vertex 120.5 120.81 3
      vertex 123 120.81 3
      vertex 120.5 125.429 3
    endloop
  endfacet
  facet normal 0 0 1
    outer loop
      vertex 117.75 129.903 3
      vertex 120.5 125.429 3
      vertex 121.75 127.594 3
    endloop
  endfacet
  facet normal 0 0 1
    outer loop
      vertex 117.75 129.903 3
      vertex 116.5 127.738 3
      vertex 120.5 125.429 3
    endloop
  endfacet
  facet normal 0 0 1
    outer loop
      vertex 117.75 134.522 3
      vertex 115.25 134.522 3
      vertex 117.75 129.903 3
    endloop
  endfacet
  facet normal 0 0 1
    outer loop
      vertex 115.25 129.903 3
      vertex 117.75 129.903 3
      vertex 115.25 134.522 3
    endloop
  endfacet
  facet normal 0 0 1
    outer loop
      vertex 112.5 138.996 3
      vertex 115.25 134.522 3
      vertex 116.5 136.687 3
    endloop
  endfacet
  facet normal 0 0 1
    outer loop
      vertex 112.5 138.996 3
      vertex 111.25 136.831 3
      vertex 115.25 134.522 3
    endloop
  endfacet
  facet normal 0 0 1
    outer loop
      vertex 112.5 143.615 3
      vertex 110 143.615 3
      vertex 112.5 138.996 3
    endloop
  endfacet
  facet normal 0 0 1
    outer loop
      vertex 110 138.996 3
      vertex 112.5 138.996 3
      vertex 110 143.615 3
    endloop
  endfacet
  facet normal 0 0 1
    outer loop
      vertex 107.25 148.09 3
      vertex 110 143.615 3
      vertex 111.25 145.78 3
    endloop
  endfacet
  facet normal 0 0 1
    outer loop
      vertex 107.25 148.09 3
      vertex 106 145.925 3
      vertex 110 143.615 3
    endloop
  endfacet
  facet normal 0 0 1
    outer loop
      vertex 107.25 152.708 3
      vertex 104.75 152.708 3
      vertex 107.25 148.09 3
    endloop
  endfacet
  facet normal 0 0 1
    outer loop
      vertex 104.75 148.09 3
      vertex 107.25 148.09 3
      vertex 104.75 152.708 3
    endloop
  endfacet
  facet normal 0 0 1
    outer loop
      vertex 102 157.183 3
      vertex 104.75 152.708 3
      vertex 106 154.873 3
    endloop
  endfacet
  facet normal 0 0 1
    outer loop
      vertex 104.75 152.708 3
      vertex 102 157.183 3
      vertex 100.75 155.018 3
    endloop
  endfacet
  facet normal -0 0 1
    outer loop
      vertex 153.25 91.2206 3
      vertex 157.25 79.9623 3
      vertex 157.25 93.53 3
    endloop
  endfacet
  facet normal 0 0 1
    outer loop
      vertex 153.25 91.2206 3
      vertex 153.25 82.2717 3
      vertex 157.25 79.9623 3
    endloop
  endfacet
  facet normal 0 0 1
    outer loop
      vertex 153.25 91.2206 3
      vertex 152 89.0555 3
      vertex 153.25 82.2717 3
    endloop
  endfacet
  facet normal 0 0 1
    outer loop
      vertex 149.25 93.53 3
      vertex 152 89.0555 3
      vertex 153.25 91.2206 3
    endloop
  endfacet
  facet normal 0 0 1
    outer loop
      vertex 149.25 93.53 3
      vertex 148 91.3649 3
      vertex 152 89.0555 3
    endloop
  endfacet
  facet normal 0 0 1
    outer loop
      vertex 149.25 98.1488 3
      vertex 146.75 98.1488 3
      vertex 149.25 93.53 3
    endloop
  endfacet
  facet normal 0 0 1
    outer loop
      vertex 146.75 93.53 3
      vertex 149.25 93.53 3
      vertex 146.75 98.1488 3
    endloop
  endfacet
  facet normal 0 0 1
    outer loop
      vertex 144 102.623 3
      vertex 146.75 98.1488 3
      vertex 148 100.314 3
    endloop
  endfacet
  facet normal 0 0 1
    outer loop
      vertex 144 102.623 3
      vertex 142.75 100.458 3
      vertex 146.75 98.1488 3
    endloop
  endfacet
  facet normal 0 0 1
    outer loop
      vertex 144 107.242 3
      vertex 141.5 107.242 3
      vertex 144 102.623 3
    endloop
  endfacet
  facet normal 0 0 1
    outer loop
      vertex 141.5 102.623 3
      vertex 144 102.623 3
      vertex 141.5 107.242 3
    endloop
  endfacet
  facet normal 0 0 1
    outer loop
      vertex 138.75 111.717 3
      vertex 141.5 107.242 3
      vertex 142.75 109.407 3
    endloop
  endfacet
  facet normal 0 0 1
    outer loop
      vertex 138.75 111.717 3
      vertex 137.5 109.551 3
      vertex 141.5 107.242 3
    endloop
  endfacet
  facet normal 0 0 1
    outer loop
      vertex 138.75 116.335 3
      vertex 136.25 116.335 3
      vertex 138.75 111.717 3
    endloop
  endfacet
  facet normal 0 0 1
    outer loop
      vertex 136.25 111.717 3
      vertex 138.75 111.717 3
      vertex 136.25 116.335 3
    endloop
  endfacet
  facet normal 0 0 1
    outer loop
      vertex 133.5 120.81 3
      vertex 136.25 116.335 3
      vertex 137.5 118.5 3
    endloop
  endfacet
  facet normal 0 0 1
    outer loop
      vertex 133.5 120.81 3
      vertex 132.25 118.645 3
      vertex 136.25 116.335 3
    endloop
  endfacet
  facet normal 0 0 1
    outer loop
      vertex 133.5 125.429 3
      vertex 131 125.429 3
      vertex 133.5 120.81 3
    endloop
  endfacet
  facet normal 0 0 1
    outer loop
      vertex 131 120.81 3
      vertex 133.5 120.81 3
      vertex 131 125.429 3
    endloop
  endfacet
  facet normal 0 0 1
    outer loop
      vertex 128.25 129.903 3
      vertex 131 125.429 3
      vertex 132.25 127.594 3
    endloop
  endfacet
  facet normal 0 0 1
    outer loop
      vertex 128.25 129.903 3
      vertex 127 127.738 3
      vertex 131 125.429 3
    endloop
  endfacet
  facet normal 0 0 1
    outer loop
      vertex 128.25 134.522 3
      vertex 125.75 134.522 3
      vertex 128.25 129.903 3
    endloop
  endfacet
  facet normal 0 0 1
    outer loop
      vertex 125.75 129.903 3
      vertex 128.25 129.903 3
      vertex 125.75 134.522 3
    endloop
  endfacet
  facet normal 0 0 1
    outer loop
      vertex 123 138.996 3
      vertex 125.75 134.522 3
      vertex 127 136.687 3
    endloop
  endfacet
  facet normal 0 0 1
    outer loop
      vertex 123 138.996 3
      vertex 121.75 136.831 3
      vertex 125.75 134.522 3
    endloop
  endfacet
  facet normal 0 0 1
    outer loop
      vertex 123 143.615 3
      vertex 120.5 143.615 3
      vertex 123 138.996 3
    endloop
  endfacet
  facet normal 0 0 1
    outer loop
      vertex 120.5 138.996 3
      vertex 123 138.996 3
      vertex 120.5 143.615 3
    endloop
  endfacet
  facet normal 0 0 1
    outer loop
      vertex 117.75 148.09 3
      vertex 120.5 143.615 3
      vertex 121.75 145.78 3
    endloop
  endfacet
  facet normal 0 0 1
    outer loop
      vertex 117.75 148.09 3
      vertex 116.5 145.925 3
      vertex 120.5 143.615 3
    endloop
  endfacet
  facet normal 0 0 1
    outer loop
      vertex 117.75 152.708 3
      vertex 115.25 152.708 3
      vertex 117.75 148.09 3
    endloop
  endfacet
  facet normal 0 0 1
    outer loop
      vertex 115.25 148.09 3
      vertex 117.75 148.09 3
      vertex 115.25 152.708 3
    endloop
  endfacet
  facet normal 0 0 1
    outer loop
      vertex 112.5 157.183 3
      vertex 115.25 152.708 3
      vertex 116.5 154.873 3
    endloop
  endfacet
  facet normal 0 0 1
    outer loop
      vertex 115.25 152.708 3
      vertex 112.5 157.183 3
      vertex 111.25 155.018 3
    endloop
  endfacet
  facet normal -0 0 1
    outer loop
      vertex 153.25 109.407 3
      vertex 157.25 98.1488 3
      vertex 157.25 111.717 3
    endloop
  endfacet
  facet normal 0 0 1
    outer loop
      vertex 153.25 109.407 3
      vertex 153.25 100.458 3
      vertex 157.25 98.1488 3
    endloop
  endfacet
  facet normal 0 0 1
    outer loop
      vertex 153.25 109.407 3
      vertex 152 107.242 3
      vertex 153.25 100.458 3
    endloop
  endfacet
  facet normal 0 0 1
    outer loop
      vertex 149.25 111.717 3
      vertex 152 107.242 3
      vertex 153.25 109.407 3
    endloop
  endfacet
  facet normal 0 0 1
    outer loop
      vertex 149.25 111.717 3
      vertex 148 109.551 3
      vertex 152 107.242 3
    endloop
  endfacet
  facet normal 0 0 1
    outer loop
      vertex 149.25 116.335 3
      vertex 146.75 116.335 3
      vertex 149.25 111.717 3
    endloop
  endfacet
  facet normal 0 0 1
    outer loop
      vertex 146.75 111.717 3
      vertex 149.25 111.717 3
      vertex 146.75 116.335 3
    endloop
  endfacet
  facet normal 0 0 1
    outer loop
      vertex 144 120.81 3
      vertex 146.75 116.335 3
      vertex 148 118.5 3
    endloop
  endfacet
  facet normal 0 0 1
    outer loop
      vertex 144 120.81 3
      vertex 142.75 118.645 3
      vertex 146.75 116.335 3
    endloop
  endfacet
  facet normal 0 0 1
    outer loop
      vertex 144 125.429 3
      vertex 141.5 125.429 3
      vertex 144 120.81 3
    endloop
  endfacet
  facet normal 0 0 1
    outer loop
      vertex 141.5 120.81 3
      vertex 144 120.81 3
      vertex 141.5 125.429 3
    endloop
  endfacet
  facet normal 0 0 1
    outer loop
      vertex 138.75 129.903 3
      vertex 141.5 125.429 3
      vertex 142.75 127.594 3
    endloop
  endfacet
  facet normal 0 0 1
    outer loop
      vertex 138.75 129.903 3
      vertex 137.5 127.738 3
      vertex 141.5 125.429 3
    endloop
  endfacet
  facet normal 0 0 1
    outer loop
      vertex 138.75 134.522 3
      vertex 136.25 134.522 3
      vertex 138.75 129.903 3
    endloop
  endfacet
  facet normal 0 0 1
    outer loop
      vertex 136.25 129.903 3
      vertex 138.75 129.903 3
      vertex 136.25 134.522 3
    endloop
  endfacet
  facet normal 0 0 1
    outer loop
      vertex 133.5 138.996 3
      vertex 136.25 134.522 3
      vertex 137.5 136.687 3
    endloop
  endfacet
  facet normal 0 0 1
    outer loop
      vertex 133.5 138.996 3
      vertex 132.25 136.831 3
      vertex 136.25 134.522 3
    endloop
  endfacet
  facet normal 0 0 1
    outer loop
      vertex 133.5 143.615 3
      vertex 131 143.615 3
      vertex 133.5 138.996 3
    endloop
  endfacet
  facet normal 0 0 1
    outer loop
      vertex 131 138.996 3
      vertex 133.5 138.996 3
      vertex 131 143.615 3
    endloop
  endfacet
  facet normal 0 0 1
    outer loop
      vertex 128.25 148.09 3
      vertex 131 143.615 3
      vertex 132.25 145.78 3
    endloop
  endfacet
  facet normal 0 0 1
    outer loop
      vertex 128.25 148.09 3
      vertex 127 145.925 3
      vertex 131 143.615 3
    endloop
  endfacet
  facet normal 0 0 1
    outer loop
      vertex 128.25 152.708 3
      vertex 125.75 152.708 3
      vertex 128.25 148.09 3
    endloop
  endfacet
  facet normal 0 0 1
    outer loop
      vertex 125.75 148.09 3
      vertex 128.25 148.09 3
      vertex 125.75 152.708 3
    endloop
  endfacet
  facet normal 0 0 1
    outer loop
      vertex 123 157.183 3
      vertex 125.75 152.708 3
      vertex 127 154.873 3
    endloop
  endfacet
  facet normal 0 0 1
    outer loop
      vertex 125.75 152.708 3
      vertex 123 157.183 3
      vertex 121.75 155.018 3
    endloop
  endfacet
  facet normal -0 0 1
    outer loop
      vertex 153.25 127.594 3
      vertex 157.25 116.335 3
      vertex 157.25 129.903 3
    endloop
  endfacet
  facet normal 0 0 1
    outer loop
      vertex 153.25 127.594 3
      vertex 153.25 118.645 3
      vertex 157.25 116.335 3
    endloop
  endfacet
  facet normal 0 0 1
    outer loop
      vertex 153.25 127.594 3
      vertex 152 125.429 3
      vertex 153.25 118.645 3
    endloop
  endfacet
  facet normal 0 0 1
    outer loop
      vertex 149.25 129.903 3
      vertex 152 125.429 3
      vertex 153.25 127.594 3
    endloop
  endfacet
  facet normal 0 0 1
    outer loop
      vertex 149.25 129.903 3
      vertex 148 127.738 3
      vertex 152 125.429 3
    endloop
  endfacet
  facet normal 0 0 1
    outer loop
      vertex 149.25 134.522 3
      vertex 146.75 134.522 3
      vertex 149.25 129.903 3
    endloop
  endfacet
  facet normal 0 0 1
    outer loop
      vertex 146.75 129.903 3
      vertex 149.25 129.903 3
      vertex 146.75 134.522 3
    endloop
  endfacet
  facet normal 0 0 1
    outer loop
      vertex 144 138.996 3
      vertex 146.75 134.522 3
      vertex 148 136.687 3
    endloop
  endfacet
  facet normal 0 0 1
    outer loop
      vertex 144 138.996 3
      vertex 142.75 136.831 3
      vertex 146.75 134.522 3
    endloop
  endfacet
  facet normal 0 0 1
    outer loop
      vertex 144 143.615 3
      vertex 141.5 143.615 3
      vertex 144 138.996 3
    endloop
  endfacet
  facet normal 0 0 1
    outer loop
      vertex 141.5 138.996 3
      vertex 144 138.996 3
      vertex 141.5 143.615 3
    endloop
  endfacet
  facet normal 0 0 1
    outer loop
      vertex 138.75 148.09 3
      vertex 141.5 143.615 3
      vertex 142.75 145.78 3
    endloop
  endfacet
  facet normal 0 0 1
    outer loop
      vertex 138.75 148.09 3
      vertex 137.5 145.925 3
      vertex 141.5 143.615 3
    endloop
  endfacet
  facet normal 0 0 1
    outer loop
      vertex 138.75 152.708 3
      vertex 136.25 152.708 3
      vertex 138.75 148.09 3
    endloop
  endfacet
  facet normal 0 0 1
    outer loop
      vertex 136.25 148.09 3
      vertex 138.75 148.09 3
      vertex 136.25 152.708 3
    endloop
  endfacet
  facet normal 0 0 1
    outer loop
      vertex 133.5 157.183 3
      vertex 136.25 152.708 3
      vertex 137.5 154.873 3
    endloop
  endfacet
  facet normal 0 0 1
    outer loop
      vertex 136.25 152.708 3
      vertex 133.5 157.183 3
      vertex 132.25 155.018 3
    endloop
  endfacet
  facet normal -0 0 1
    outer loop
      vertex 153.25 145.78 3
      vertex 157.25 134.522 3
      vertex 157.25 148.09 3
    endloop
  endfacet
  facet normal 0 0 1
    outer loop
      vertex 153.25 145.78 3
      vertex 153.25 136.831 3
      vertex 157.25 134.522 3
    endloop
  endfacet
  facet normal 0 0 1
    outer loop
      vertex 153.25 145.78 3
      vertex 152 143.615 3
      vertex 153.25 136.831 3
    endloop
  endfacet
  facet normal 0 0 1
    outer loop
      vertex 149.25 148.09 3
      vertex 152 143.615 3
      vertex 153.25 145.78 3
    endloop
  endfacet
  facet normal 0 0 1
    outer loop
      vertex 149.25 148.09 3
      vertex 148 145.925 3
      vertex 152 143.615 3
    endloop
  endfacet
  facet normal 0 0 1
    outer loop
      vertex 149.25 152.708 3
      vertex 146.75 152.708 3
      vertex 149.25 148.09 3
    endloop
  endfacet
  facet normal 0 0 1
    outer loop
      vertex 146.75 148.09 3
      vertex 149.25 148.09 3
      vertex 146.75 152.708 3
    endloop
  endfacet
  facet normal 0 0 1
    outer loop
      vertex 144 157.183 3
      vertex 146.75 152.708 3
      vertex 148 154.873 3
    endloop
  endfacet
  facet normal 0 0 1
    outer loop
      vertex 146.75 152.708 3
      vertex 144 157.183 3
      vertex 142.75 155.018 3
    endloop
  endfacet
  facet normal 0 0 1
    outer loop
      vertex 157.25 148.09 3
      vertex 160.9 165.6 3
      vertex 157.25 152.708 3
    endloop
  endfacet
  facet normal 0 0 1
    outer loop
      vertex 160.9 165.6 3
      vertex 153.25 155.018 3
      vertex 157.25 152.708 3
    endloop
  endfacet
  facet normal 0 0 1
    outer loop
      vertex 152 157.183 3
      vertex 160.9 165.6 3
      vertex 152 161.802 3
    endloop
  endfacet
  facet normal 0 0 1
    outer loop
      vertex 160.9 165.6 3
      vertex 148 164.111 3
      vertex 152 161.802 3
    endloop
  endfacet
  facet normal -0 0 1
    outer loop
      vertex 141.5 161.802 3
      vertex 144 157.183 3
      vertex 144 161.802 3
    endloop
  endfacet
  facet normal 0 0 1
    outer loop
      vertex 141.5 157.183 3
      vertex 144 157.183 3
      vertex 141.5 161.802 3
    endloop
  endfacet
  facet normal 0 0 1
    outer loop
      vertex 148 164.111 3
      vertex 141.5 161.802 3
      vertex 144 161.802 3
    endloop
  endfacet
  facet normal 0 0 1
    outer loop
      vertex 148 164.111 3
      vertex 137.5 164.111 3
      vertex 141.5 161.802 3
    endloop
  endfacet
  facet normal 0 0 1
    outer loop
      vertex 160.9 165.6 3
      vertex 137.5 164.111 3
      vertex 148 164.111 3
    endloop
  endfacet
  facet normal -0 0 1
    outer loop
      vertex 131 161.802 3
      vertex 133.5 157.183 3
      vertex 133.5 161.802 3
    endloop
  endfacet
  facet normal 0 0 1
    outer loop
      vertex 131 157.183 3
      vertex 133.5 157.183 3
      vertex 131 161.802 3
    endloop
  endfacet
  facet normal 0 0 1
    outer loop
      vertex 137.5 164.111 3
      vertex 131 161.802 3
      vertex 133.5 161.802 3
    endloop
  endfacet
  facet normal 0 0 1
    outer loop
      vertex 137.5 164.111 3
      vertex 127 164.111 3
      vertex 131 161.802 3
    endloop
  endfacet
  facet normal 0 0 1
    outer loop
      vertex 160.9 165.6 3
      vertex 127 164.111 3
      vertex 137.5 164.111 3
    endloop
  endfacet
  facet normal -0 0 1
    outer loop
      vertex 120.5 161.802 3
      vertex 123 157.183 3
      vertex 123 161.802 3
    endloop
  endfacet
  facet normal 0 0 1
    outer loop
      vertex 120.5 157.183 3
      vertex 123 157.183 3
      vertex 120.5 161.802 3
    endloop
  endfacet
  facet normal 0 0 1
    outer loop
      vertex 127 164.111 3
      vertex 120.5 161.802 3
      vertex 123 161.802 3
    endloop
  endfacet
  facet normal 0 0 1
    outer loop
      vertex 127 164.111 3
      vertex 116.5 164.111 3
      vertex 120.5 161.802 3
    endloop
  endfacet
  facet normal 0 0 1
    outer loop
      vertex 160.9 165.6 3
      vertex 116.5 164.111 3
      vertex 127 164.111 3
    endloop
  endfacet
  facet normal -0 0 1
    outer loop
      vertex 110 161.802 3
      vertex 112.5 157.183 3
      vertex 112.5 161.802 3
    endloop
  endfacet
  facet normal 0 0 1
    outer loop
      vertex 110 157.183 3
      vertex 112.5 157.183 3
      vertex 110 161.802 3
    endloop
  endfacet
  facet normal 0 0 1
    outer loop
      vertex 116.5 164.111 3
      vertex 110 161.802 3
      vertex 112.5 161.802 3
    endloop
  endfacet
  facet normal 0 0 1
    outer loop
      vertex 116.5 164.111 3
      vertex 106 164.111 3
      vertex 110 161.802 3
    endloop
  endfacet
  facet normal 0 0 1
    outer loop
      vertex 160.9 165.6 3
      vertex 106 164.111 3
      vertex 116.5 164.111 3
    endloop
  endfacet
  facet normal -0 0 1
    outer loop
      vertex 99.5 161.802 3
      vertex 102 157.183 3
      vertex 102 161.802 3
    endloop
  endfacet
  facet normal 0 0 1
    outer loop
      vertex 99.5 157.183 3
      vertex 102 157.183 3
      vertex 99.5 161.802 3
    endloop
  endfacet
  facet normal 0 0 1
    outer loop
      vertex 106 164.111 3
      vertex 99.5 161.802 3
      vertex 102 161.802 3
    endloop
  endfacet
  facet normal 0 0 1
    outer loop
      vertex 106 164.111 3
      vertex 95.5 164.111 3
      vertex 99.5 161.802 3
    endloop
  endfacet
  facet normal 0 0 1
    outer loop
      vertex 160.9 165.6 3
      vertex 95.5 164.111 3
      vertex 106 164.111 3
    endloop
  endfacet
  facet normal -0 0 1
    outer loop
      vertex 89 161.802 3
      vertex 91.5 157.183 3
      vertex 91.5 161.802 3
    endloop
  endfacet
  facet normal 0 0 1
    outer loop
      vertex 89 157.183 3
      vertex 91.5 157.183 3
      vertex 89 161.802 3
    endloop
  endfacet
  facet normal 0 0 1
    outer loop
      vertex 95.5 164.111 3
      vertex 89 161.802 3
      vertex 91.5 161.802 3
    endloop
  endfacet
  facet normal 0 0 1
    outer loop
      vertex 95.5 164.111 3
      vertex 85 164.111 3
      vertex 89 161.802 3
    endloop
  endfacet
  facet normal 0 0 1
    outer loop
      vertex 160.9 165.6 3
      vertex 85 164.111 3
      vertex 95.5 164.111 3
    endloop
  endfacet
  facet normal -0 0 1
    outer loop
      vertex 78.5 161.802 3
      vertex 81 157.183 3
      vertex 81 161.802 3
    endloop
  endfacet
  facet normal 0 0 1
    outer loop
      vertex 78.5 157.183 3
      vertex 81 157.183 3
      vertex 78.5 161.802 3
    endloop
  endfacet
  facet normal 0 0 1
    outer loop
      vertex 85 164.111 3
      vertex 78.5 161.802 3
      vertex 81 161.802 3
    endloop
  endfacet
  facet normal 0 0 1
    outer loop
      vertex 85 164.111 3
      vertex 74.5 164.111 3
      vertex 78.5 161.802 3
    endloop
  endfacet
  facet normal 0 0 1
    outer loop
      vertex 160.9 165.6 3
      vertex 74.5 164.111 3
      vertex 85 164.111 3
    endloop
  endfacet
  facet normal -0 0 1
    outer loop
      vertex 68 161.802 3
      vertex 70.5 157.183 3
      vertex 70.5 161.802 3
    endloop
  endfacet
  facet normal 0 0 1
    outer loop
      vertex 68 157.183 3
      vertex 70.5 157.183 3
      vertex 68 161.802 3
    endloop
  endfacet
  facet normal 0 0 1
    outer loop
      vertex 74.5 164.111 3
      vertex 68 161.802 3
      vertex 70.5 161.802 3
    endloop
  endfacet
  facet normal 0 0 1
    outer loop
      vertex 74.5 164.111 3
      vertex 64 164.111 3
      vertex 68 161.802 3
    endloop
  endfacet
  facet normal -0 0 1
    outer loop
      vertex 22 165.6 3
      vertex 74.5 164.111 3
      vertex 160.9 165.6 3
    endloop
  endfacet
  facet normal -0 0 1
    outer loop
      vertex 57.5 161.802 3
      vertex 60 157.183 3
      vertex 60 161.802 3
    endloop
  endfacet
  facet normal 0 0 1
    outer loop
      vertex 57.5 157.183 3
      vertex 60 157.183 3
      vertex 57.5 161.802 3
    endloop
  endfacet
  facet normal 0 0 1
    outer loop
      vertex 64 164.111 3
      vertex 57.5 161.802 3
      vertex 60 161.802 3
    endloop
  endfacet
  facet normal 0 0 1
    outer loop
      vertex 64 164.111 3
      vertex 53.5 164.111 3
      vertex 57.5 161.802 3
    endloop
  endfacet
  facet normal 0 0 1
    outer loop
      vertex 74.5 164.111 3
      vertex 22 165.6 3
      vertex 64 164.111 3
    endloop
  endfacet
  facet normal -0 0 1
    outer loop
      vertex 47 161.802 3
      vertex 49.5 157.183 3
      vertex 49.5 161.802 3
    endloop
  endfacet
  facet normal 0 0 1
    outer loop
      vertex 47 157.183 3
      vertex 49.5 157.183 3
      vertex 47 161.802 3
    endloop
  endfacet
  facet normal 0 0 1
    outer loop
      vertex 53.5 164.111 3
      vertex 47 161.802 3
      vertex 49.5 161.802 3
    endloop
  endfacet
  facet normal 0 0 1
    outer loop
      vertex 53.5 164.111 3
      vertex 43 164.111 3
      vertex 47 161.802 3
    endloop
  endfacet
  facet normal 0 0 1
    outer loop
      vertex 64 164.111 3
      vertex 22 165.6 3
      vertex 53.5 164.111 3
    endloop
  endfacet
  facet normal -0 0 1
    outer loop
      vertex 36.5 161.802 3
      vertex 39 157.183 3
      vertex 39 161.802 3
    endloop
  endfacet
  facet normal 0 0 1
    outer loop
      vertex 36.5 157.183 3
      vertex 39 157.183 3
      vertex 36.5 161.802 3
    endloop
  endfacet
  facet normal 0 0 1
    outer loop
      vertex 43 164.111 3
      vertex 36.5 161.802 3
      vertex 39 161.802 3
    endloop
  endfacet
  facet normal 0 0 1
    outer loop
      vertex 43 164.111 3
      vertex 32.5 164.111 3
      vertex 36.5 161.802 3
    endloop
  endfacet
  facet normal 0 0 1
    outer loop
      vertex 53.5 164.111 3
      vertex 22 165.6 3
      vertex 43 164.111 3
    endloop
  endfacet
  facet normal 0 0 1
    outer loop
      vertex 22 165.6 3
      vertex 28.5 157.183 3
      vertex 28.5 161.802 3
    endloop
  endfacet
  facet normal 0 0 1
    outer loop
      vertex 28.5 157.183 3
      vertex 22 165.6 3
      vertex 27.25 155.018 3
    endloop
  endfacet
  facet normal 0 0 1
    outer loop
      vertex 22 165.6 3
      vertex 23.25 148.09 3
      vertex 23.25 152.708 3
    endloop
  endfacet
  facet normal 0 0 1
    outer loop
      vertex 23.25 148.09 3
      vertex 22 165.6 3
      vertex 23.25 134.522 3
    endloop
  endfacet
  facet normal 0 0 1
    outer loop
      vertex 23.25 134.522 3
      vertex 22 165.6 3
      vertex 23.25 129.903 3
    endloop
  endfacet
  facet normal 0 0 1
    outer loop
      vertex 23.25 129.903 3
      vertex 22 165.6 3
      vertex 23.25 116.335 3
    endloop
  endfacet
  facet normal 0 0 1
    outer loop
      vertex 23.25 116.335 3
      vertex 22 165.6 3
      vertex 23.25 111.717 3
    endloop
  endfacet
  facet normal 0 0 1
    outer loop
      vertex 23.25 111.717 3
      vertex 22 165.6 3
      vertex 23.25 98.1488 3
    endloop
  endfacet
  facet normal 0 0 1
    outer loop
      vertex 23.25 98.1488 3
      vertex 22 165.6 3
      vertex 23.25 93.53 3
    endloop
  endfacet
  facet normal 0 0 1
    outer loop
      vertex 23.25 93.53 3
      vertex 22 165.6 3
      vertex 23.25 79.9623 3
    endloop
  endfacet
  facet normal 0 0 1
    outer loop
      vertex 23.25 79.9623 3
      vertex 22 165.6 3
      vertex 23.25 75.3435 3
    endloop
  endfacet
  facet normal 0 0 1
    outer loop
      vertex 22 14 3
      vertex 23.25 75.3435 3
      vertex 22 165.6 3
    endloop
  endfacet
  facet normal 0 0 1
    outer loop
      vertex 23.25 75.3435 3
      vertex 22 14 3
      vertex 23.25 61.7757 3
    endloop
  endfacet
  facet normal 0 0 1
    outer loop
      vertex 23.25 61.7757 3
      vertex 22 14 3
      vertex 23.25 57.1569 3
    endloop
  endfacet
  facet normal 0 0 1
    outer loop
      vertex 23.25 57.1569 3
      vertex 22 14 3
      vertex 23.25 43.5892 3
    endloop
  endfacet
  facet normal 0 0 1
    outer loop
      vertex 23.25 38.9704 3
      vertex 22 14 3
      vertex 23.25 25.4027 3
    endloop
  endfacet
  facet normal 0 0 1
    outer loop
      vertex 23.25 43.5892 3
      vertex 22 14 3
      vertex 23.25 38.9704 3
    endloop
  endfacet
  facet normal 0 0 1
    outer loop
      vertex 27.25 155.018 3
      vertex 22 165.6 3
      vertex 23.25 152.708 3
    endloop
  endfacet
  facet normal 0 0 1
    outer loop
      vertex 32.5 164.111 3
      vertex 22 165.6 3
      vertex 28.5 161.802 3
    endloop
  endfacet
  facet normal 0 0 1
    outer loop
      vertex 43 164.111 3
      vertex 22 165.6 3
      vertex 32.5 164.111 3
    endloop
  endfacet
  facet normal 0 0 1
    outer loop
      vertex 157.25 134.522 3
      vertex 160.9 165.6 3
      vertex 157.25 148.09 3
    endloop
  endfacet
  facet normal 0 0 1
    outer loop
      vertex 157.25 129.903 3
      vertex 160.9 165.6 3
      vertex 157.25 134.522 3
    endloop
  endfacet
  facet normal 0 0 1
    outer loop
      vertex 157.25 116.335 3
      vertex 160.9 165.6 3
      vertex 157.25 129.903 3
    endloop
  endfacet
  facet normal 0 0 1
    outer loop
      vertex 157.25 111.717 3
      vertex 160.9 165.6 3
      vertex 157.25 116.335 3
    endloop
  endfacet
  facet normal 0 0 1
    outer loop
      vertex 157.25 98.1488 3
      vertex 160.9 165.6 3
      vertex 157.25 111.717 3
    endloop
  endfacet
  facet normal 0 0 1
    outer loop
      vertex 160.9 165.6 3
      vertex 157.25 98.1488 3
      vertex 160.9 14 3
    endloop
  endfacet
  facet normal -0 0 1
    outer loop
      vertex 157.25 93.53 3
      vertex 160.9 14 3
      vertex 157.25 98.1488 3
    endloop
  endfacet
  facet normal -0 0 1
    outer loop
      vertex 157.25 79.9623 3
      vertex 160.9 14 3
      vertex 157.25 93.53 3
    endloop
  endfacet
  facet normal -0 0 1
    outer loop
      vertex 157.25 75.3435 3
      vertex 160.9 14 3
      vertex 157.25 79.9623 3
    endloop
  endfacet
  facet normal -0 0 1
    outer loop
      vertex 157.25 61.7757 3
      vertex 160.9 14 3
      vertex 157.25 75.3435 3
    endloop
  endfacet
  facet normal -0 0 1
    outer loop
      vertex 157.25 57.1569 3
      vertex 160.9 14 3
      vertex 157.25 61.7757 3
    endloop
  endfacet
  facet normal -0 0 1
    outer loop
      vertex 157.25 43.5892 3
      vertex 160.9 14 3
      vertex 157.25 57.1569 3
    endloop
  endfacet
  facet normal -0 0 1
    outer loop
      vertex 157.25 38.9704 3
      vertex 160.9 14 3
      vertex 157.25 43.5892 3
    endloop
  endfacet
  facet normal -0 0 1
    outer loop
      vertex 157.25 25.4027 3
      vertex 160.9 14 3
      vertex 157.25 38.9704 3
    endloop
  endfacet
  facet normal -0 0 1
    outer loop
      vertex 157.25 20.7839 3
      vertex 160.9 14 3
      vertex 157.25 25.4027 3
    endloop
  endfacet
  facet normal -0 0 1
    outer loop
      vertex 153.25 18.4745 3
      vertex 160.9 14 3
      vertex 157.25 20.7839 3
    endloop
  endfacet
  facet normal 0 0 1
    outer loop
      vertex 142.75 18.4745 3
      vertex 153.25 18.4745 3
      vertex 149.25 20.7839 3
    endloop
  endfacet
  facet normal 0 0 1
    outer loop
      vertex 149.25 25.4027 3
      vertex 146.75 25.4027 3
      vertex 149.25 20.7839 3
    endloop
  endfacet
  facet normal 0 0 1
    outer loop
      vertex 146.75 20.7839 3
      vertex 149.25 20.7839 3
      vertex 146.75 25.4027 3
    endloop
  endfacet
  facet normal 0 0 1
    outer loop
      vertex 142.75 18.4745 3
      vertex 149.25 20.7839 3
      vertex 146.75 20.7839 3
    endloop
  endfacet
  facet normal 0 0 1
    outer loop
      vertex 153.25 18.4745 3
      vertex 142.75 18.4745 3
      vertex 160.9 14 3
    endloop
  endfacet
  facet normal 0 0 1
    outer loop
      vertex 138.75 25.4027 3
      vertex 136.25 25.4027 3
      vertex 138.75 20.7839 3
    endloop
  endfacet
  facet normal 0 0 1
    outer loop
      vertex 136.25 20.7839 3
      vertex 138.75 20.7839 3
      vertex 136.25 25.4027 3
    endloop
  endfacet
  facet normal -0 0 1
    outer loop
      vertex 136.25 20.7839 3
      vertex 142.75 18.4745 3
      vertex 138.75 20.7839 3
    endloop
  endfacet
  facet normal 0 0 1
    outer loop
      vertex 132.25 18.4745 3
      vertex 142.75 18.4745 3
      vertex 136.25 20.7839 3
    endloop
  endfacet
  facet normal -0 0 1
    outer loop
      vertex 132.25 18.4745 3
      vertex 160.9 14 3
      vertex 142.75 18.4745 3
    endloop
  endfacet
  facet normal 0 0 1
    outer loop
      vertex 128.25 25.4027 3
      vertex 125.75 25.4027 3
      vertex 128.25 20.7839 3
    endloop
  endfacet
  facet normal 0 0 1
    outer loop
      vertex 125.75 20.7839 3
      vertex 128.25 20.7839 3
      vertex 125.75 25.4027 3
    endloop
  endfacet
  facet normal -0 0 1
    outer loop
      vertex 125.75 20.7839 3
      vertex 132.25 18.4745 3
      vertex 128.25 20.7839 3
    endloop
  endfacet
  facet normal 0 0 1
    outer loop
      vertex 121.75 18.4745 3
      vertex 132.25 18.4745 3
      vertex 125.75 20.7839 3
    endloop
  endfacet
  facet normal -0 0 1
    outer loop
      vertex 121.75 18.4745 3
      vertex 160.9 14 3
      vertex 132.25 18.4745 3
    endloop
  endfacet
  facet normal 0 0 1
    outer loop
      vertex 117.75 25.4027 3
      vertex 115.25 25.4027 3
      vertex 117.75 20.7839 3
    endloop
  endfacet
  facet normal 0 0 1
    outer loop
      vertex 115.25 20.7839 3
      vertex 117.75 20.7839 3
      vertex 115.25 25.4027 3
    endloop
  endfacet
  facet normal -0 0 1
    outer loop
      vertex 115.25 20.7839 3
      vertex 121.75 18.4745 3
      vertex 117.75 20.7839 3
    endloop
  endfacet
  facet normal 0 0 1
    outer loop
      vertex 111.25 18.4745 3
      vertex 121.75 18.4745 3
      vertex 115.25 20.7839 3
    endloop
  endfacet
  facet normal -0 0 1
    outer loop
      vertex 111.25 18.4745 3
      vertex 160.9 14 3
      vertex 121.75 18.4745 3
    endloop
  endfacet
  facet normal 0 0 1
    outer loop
      vertex 107.25 25.4027 3
      vertex 104.75 25.4027 3
      vertex 107.25 20.7839 3
    endloop
  endfacet
  facet normal 0 0 1
    outer loop
      vertex 104.75 20.7839 3
      vertex 107.25 20.7839 3
      vertex 104.75 25.4027 3
    endloop
  endfacet
  facet normal -0 0 1
    outer loop
      vertex 104.75 20.7839 3
      vertex 111.25 18.4745 3
      vertex 107.25 20.7839 3
    endloop
  endfacet
  facet normal 0 0 1
    outer loop
      vertex 100.75 18.4745 3
      vertex 111.25 18.4745 3
      vertex 104.75 20.7839 3
    endloop
  endfacet
  facet normal -0 0 1
    outer loop
      vertex 100.75 18.4745 3
      vertex 160.9 14 3
      vertex 111.25 18.4745 3
    endloop
  endfacet
  facet normal 0 0 1
    outer loop
      vertex 96.75 25.4027 3
      vertex 94.25 25.4027 3
      vertex 96.75 20.7839 3
    endloop
  endfacet
  facet normal 0 0 1
    outer loop
      vertex 94.25 20.7839 3
      vertex 96.75 20.7839 3
      vertex 94.25 25.4027 3
    endloop
  endfacet
  facet normal -0 0 1
    outer loop
      vertex 94.25 20.7839 3
      vertex 100.75 18.4745 3
      vertex 96.75 20.7839 3
    endloop
  endfacet
  facet normal 0 0 1
    outer loop
      vertex 90.25 18.4745 3
      vertex 100.75 18.4745 3
      vertex 94.25 20.7839 3
    endloop
  endfacet
  facet normal -0 0 1
    outer loop
      vertex 90.25 18.4745 3
      vertex 160.9 14 3
      vertex 100.75 18.4745 3
    endloop
  endfacet
  facet normal 0 0 1
    outer loop
      vertex 86.25 25.4027 3
      vertex 83.75 25.4027 3
      vertex 86.25 20.7839 3
    endloop
  endfacet
  facet normal 0 0 1
    outer loop
      vertex 83.75 20.7839 3
      vertex 86.25 20.7839 3
      vertex 83.75 25.4027 3
    endloop
  endfacet
  facet normal -0 0 1
    outer loop
      vertex 83.75 20.7839 3
      vertex 90.25 18.4745 3
      vertex 86.25 20.7839 3
    endloop
  endfacet
  facet normal 0 0 1
    outer loop
      vertex 79.75 18.4745 3
      vertex 90.25 18.4745 3
      vertex 83.75 20.7839 3
    endloop
  endfacet
  facet normal 0 0 1
    outer loop
      vertex 22 14 3
      vertex 90.25 18.4745 3
      vertex 79.75 18.4745 3
    endloop
  endfacet
  facet normal 0 0 1
    outer loop
      vertex 75.75 25.4027 3
      vertex 73.25 25.4027 3
      vertex 75.75 20.7839 3
    endloop
  endfacet
  facet normal 0 0 1
    outer loop
      vertex 73.25 20.7839 3
      vertex 75.75 20.7839 3
      vertex 73.25 25.4027 3
    endloop
  endfacet
  facet normal -0 0 1
    outer loop
      vertex 73.25 20.7839 3
      vertex 79.75 18.4745 3
      vertex 75.75 20.7839 3
    endloop
  endfacet
  facet normal 0 0 1
    outer loop
      vertex 69.25 18.4745 3
      vertex 79.75 18.4745 3
      vertex 73.25 20.7839 3
    endloop
  endfacet
  facet normal 0 0 1
    outer loop
      vertex 22 14 3
      vertex 79.75 18.4745 3
      vertex 69.25 18.4745 3
    endloop
  endfacet
  facet normal 0 0 1
    outer loop
      vertex 65.25 25.4027 3
      vertex 62.75 25.4027 3
      vertex 65.25 20.7839 3
    endloop
  endfacet
  facet normal 0 0 1
    outer loop
      vertex 62.75 20.7839 3
      vertex 65.25 20.7839 3
      vertex 62.75 25.4027 3
    endloop
  endfacet
  facet normal -0 0 1
    outer loop
      vertex 62.75 20.7839 3
      vertex 69.25 18.4745 3
      vertex 65.25 20.7839 3
    endloop
  endfacet
  facet normal 0 0 1
    outer loop
      vertex 58.75 18.4745 3
      vertex 69.25 18.4745 3
      vertex 62.75 20.7839 3
    endloop
  endfacet
  facet normal 0 0 1
    outer loop
      vertex 22 14 3
      vertex 69.25 18.4745 3
      vertex 58.75 18.4745 3
    endloop
  endfacet
  facet normal 0 0 1
    outer loop
      vertex 54.75 25.4027 3
      vertex 52.25 25.4027 3
      vertex 54.75 20.7839 3
    endloop
  endfacet
  facet normal 0 0 1
    outer loop
      vertex 52.25 20.7839 3
      vertex 54.75 20.7839 3
      vertex 52.25 25.4027 3
    endloop
  endfacet
  facet normal -0 0 1
    outer loop
      vertex 52.25 20.7839 3
      vertex 58.75 18.4745 3
      vertex 54.75 20.7839 3
    endloop
  endfacet
  facet normal 0 0 1
    outer loop
      vertex 48.25 18.4745 3
      vertex 58.75 18.4745 3
      vertex 52.25 20.7839 3
    endloop
  endfacet
  facet normal 0 0 1
    outer loop
      vertex 22 14 3
      vertex 58.75 18.4745 3
      vertex 48.25 18.4745 3
    endloop
  endfacet
  facet normal 0 0 1
    outer loop
      vertex 44.25 25.4027 3
      vertex 41.75 25.4027 3
      vertex 44.25 20.7839 3
    endloop
  endfacet
  facet normal 0 0 1
    outer loop
      vertex 41.75 20.7839 3
      vertex 44.25 20.7839 3
      vertex 41.75 25.4027 3
    endloop
  endfacet
  facet normal -0 0 1
    outer loop
      vertex 41.75 20.7839 3
      vertex 48.25 18.4745 3
      vertex 44.25 20.7839 3
    endloop
  endfacet
  facet normal 0 0 1
    outer loop
      vertex 37.75 18.4745 3
      vertex 48.25 18.4745 3
      vertex 41.75 20.7839 3
    endloop
  endfacet
  facet normal 0 0 1
    outer loop
      vertex 22 14 3
      vertex 48.25 18.4745 3
      vertex 37.75 18.4745 3
    endloop
  endfacet
  facet normal 0 0 1
    outer loop
      vertex 33.75 25.4027 3
      vertex 31.25 25.4027 3
      vertex 33.75 20.7839 3
    endloop
  endfacet
  facet normal 0 0 1
    outer loop
      vertex 31.25 20.7839 3
      vertex 33.75 20.7839 3
      vertex 31.25 25.4027 3
    endloop
  endfacet
  facet normal -0 0 1
    outer loop
      vertex 31.25 20.7839 3
      vertex 37.75 18.4745 3
      vertex 33.75 20.7839 3
    endloop
  endfacet
  facet normal 0 0 1
    outer loop
      vertex 27.25 18.4745 3
      vertex 37.75 18.4745 3
      vertex 31.25 20.7839 3
    endloop
  endfacet
  facet normal 0 0 1
    outer loop
      vertex 22 14 3
      vertex 37.75 18.4745 3
      vertex 27.25 18.4745 3
    endloop
  endfacet
  facet normal 0 0 1
    outer loop
      vertex 90.25 18.4745 3
      vertex 22 14 3
      vertex 160.9 14 3
    endloop
  endfacet
  facet normal 0 0 1
    outer loop
      vertex 23.25 20.7839 3
      vertex 22 14 3
      vertex 27.25 18.4745 3
    endloop
  endfacet
  facet normal 0 0 1
    outer loop
      vertex 23.25 25.4027 3
      vertex 22 14 3
      vertex 23.25 20.7839 3
    endloop
  endfacet
  facet normal 0 0 1
    outer loop
      vertex 160.9 165.6 3
      vertex 152 157.183 3
      vertex 153.25 155.018 3
    endloop
  endfacet
  facet normal 0 0 1
    outer loop
      vertex 152 157.183 3
      vertex 149.25 152.708 3
      vertex 153.25 155.018 3
    endloop
  endfacet
  facet normal 0 0 1
    outer loop
      vertex 146.75 152.708 3
      vertex 149.25 152.708 3
      vertex 148 154.873 3
    endloop
  endfacet
  facet normal -0 0 1
    outer loop
      vertex 148 154.873 3
      vertex 149.25 152.708 3
      vertex 152 157.183 3
    endloop
  endfacet
  facet normal -0 0 1
    outer loop
      vertex 152 138.996 3
      vertex 153.25 136.831 3
      vertex 152 143.615 3
    endloop
  endfacet
  facet normal 0 0 1
    outer loop
      vertex 152 138.996 3
      vertex 149.25 134.522 3
      vertex 153.25 136.831 3
    endloop
  endfacet
  facet normal 0 0 1
    outer loop
      vertex 146.75 134.522 3
      vertex 149.25 134.522 3
      vertex 148 136.687 3
    endloop
  endfacet
  facet normal -0 0 1
    outer loop
      vertex 148 136.687 3
      vertex 149.25 134.522 3
      vertex 152 138.996 3
    endloop
  endfacet
  facet normal -0 0 1
    outer loop
      vertex 152 120.81 3
      vertex 153.25 118.645 3
      vertex 152 125.429 3
    endloop
  endfacet
  facet normal 0 0 1
    outer loop
      vertex 152 120.81 3
      vertex 149.25 116.335 3
      vertex 153.25 118.645 3
    endloop
  endfacet
  facet normal 0 0 1
    outer loop
      vertex 146.75 116.335 3
      vertex 149.25 116.335 3
      vertex 148 118.5 3
    endloop
  endfacet
  facet normal -0 0 1
    outer loop
      vertex 148 118.5 3
      vertex 149.25 116.335 3
      vertex 152 120.81 3
    endloop
  endfacet
  facet normal -0 0 1
    outer loop
      vertex 152 102.623 3
      vertex 153.25 100.458 3
      vertex 152 107.242 3
    endloop
  endfacet
  facet normal 0 0 1
    outer loop
      vertex 152 102.623 3
      vertex 149.25 98.1488 3
      vertex 153.25 100.458 3
    endloop
  endfacet
  facet normal 0 0 1
    outer loop
      vertex 146.75 98.1488 3
      vertex 149.25 98.1488 3
      vertex 148 100.314 3
    endloop
  endfacet
  facet normal -0 0 1
    outer loop
      vertex 148 100.314 3
      vertex 149.25 98.1488 3
      vertex 152 102.623 3
    endloop
  endfacet
  facet normal -0 0 1
    outer loop
      vertex 152 84.4367 3
      vertex 153.25 82.2717 3
      vertex 152 89.0555 3
    endloop
  endfacet
  facet normal 0 0 1
    outer loop
      vertex 152 84.4367 3
      vertex 149.25 79.9623 3
      vertex 153.25 82.2717 3
    endloop
  endfacet
  facet normal 0 0 1
    outer loop
      vertex 146.75 79.9623 3
      vertex 149.25 79.9623 3
      vertex 148 82.1273 3
    endloop
  endfacet
  facet normal -0 0 1
    outer loop
      vertex 148 82.1273 3
      vertex 149.25 79.9623 3
      vertex 152 84.4367 3
    endloop
  endfacet
  facet normal -0 0 1
    outer loop
      vertex 152 66.2502 3
      vertex 153.25 64.0851 3
      vertex 152 70.869 3
    endloop
  endfacet
  facet normal 0 0 1
    outer loop
      vertex 152 66.2502 3
      vertex 149.25 61.7757 3
      vertex 153.25 64.0851 3
    endloop
  endfacet
  facet normal 0 0 1
    outer loop
      vertex 146.75 61.7757 3
      vertex 149.25 61.7757 3
      vertex 148 63.9408 3
    endloop
  endfacet
  facet normal -0 0 1
    outer loop
      vertex 148 63.9408 3
      vertex 149.25 61.7757 3
      vertex 152 66.2502 3
    endloop
  endfacet
  facet normal -0 0 1
    outer loop
      vertex 152 48.0637 3
      vertex 153.25 45.8986 3
      vertex 152 52.6825 3
    endloop
  endfacet
  facet normal 0 0 1
    outer loop
      vertex 152 48.0637 3
      vertex 149.25 43.5892 3
      vertex 153.25 45.8986 3
    endloop
  endfacet
  facet normal 0 0 1
    outer loop
      vertex 146.75 43.5892 3
      vertex 149.25 43.5892 3
      vertex 148 45.7543 3
    endloop
  endfacet
  facet normal -0 0 1
    outer loop
      vertex 148 45.7543 3
      vertex 149.25 43.5892 3
      vertex 152 48.0637 3
    endloop
  endfacet
  facet normal -0 0 1
    outer loop
      vertex 152 29.8771 3
      vertex 153.25 27.7121 3
      vertex 152 34.4959 3
    endloop
  endfacet
  facet normal 0 0 1
    outer loop
      vertex 152 29.8771 3
      vertex 149.25 25.4027 3
      vertex 153.25 27.7121 3
    endloop
  endfacet
  facet normal 0 0 1
    outer loop
      vertex 146.75 25.4027 3
      vertex 149.25 25.4027 3
      vertex 148 27.5677 3
    endloop
  endfacet
  facet normal -0 0 1
    outer loop
      vertex 148 27.5677 3
      vertex 149.25 25.4027 3
      vertex 152 29.8771 3
    endloop
  endfacet
  facet normal 0 1 -0
    outer loop
      vertex 174.9 187.6 0
      vertex 0 187.6 6
      vertex 174.9 187.6 6
    endloop
  endfacet
  facet normal 0 1 0
    outer loop
      vertex 0 187.6 6
      vertex 174.9 187.6 0
      vertex 0 187.6 0
    endloop
  endfacet
  facet normal -1 0 0
    outer loop
      vertex 0 0 0
      vertex 0 187.6 6
      vertex 0 187.6 0
    endloop
  endfacet
  facet normal -1 -0 0
    outer loop
      vertex 0 187.6 6
      vertex 0 0 0
      vertex 0 0 6
    endloop
  endfacet
  facet normal 1 0 0
    outer loop
      vertex 174.9 43.4 6
      vertex 174.9 0 6
      vertex 174.9 43.4 2
    endloop
  endfacet
  facet normal 1 0 0
    outer loop
      vertex 174.9 90.3 6
      vertex 174.9 50.4 6
      vertex 174.9 90.3 2
    endloop
  endfacet
  facet normal 1 0 0
    outer loop
      vertex 174.9 137.2 6
      vertex 174.9 97.3 6
      vertex 174.9 137.2 2
    endloop
  endfacet
  facet normal 1 0 0
    outer loop
      vertex 174.9 177.6 6
      vertex 174.9 144.2 6
      vertex 174.9 177.6 5.99
    endloop
  endfacet
  facet normal 1 0 0
    outer loop
      vertex 174.9 180.6 5.99
      vertex 174.9 187.6 6
      vertex 174.9 180.6 6
    endloop
  endfacet
  facet normal 1 0 0
    outer loop
      vertex 174.9 187.6 6
      vertex 174.9 180.6 5.99
      vertex 174.9 187.6 0
    endloop
  endfacet
  facet normal 1 -0 0
    outer loop
      vertex 174.9 177.6 5.99
      vertex 174.9 187.6 0
      vertex 174.9 180.6 5.99
    endloop
  endfacet
  facet normal 1 0 0
    outer loop
      vertex 174.9 144.2 2
      vertex 174.9 177.6 5.99
      vertex 174.9 144.2 6
    endloop
  endfacet
  facet normal 1 0 0
    outer loop
      vertex 174.9 177.6 5.99
      vertex 174.9 144.2 2
      vertex 174.9 187.6 0
    endloop
  endfacet
  facet normal 1 -0 0
    outer loop
      vertex 174.9 137.2 2
      vertex 174.9 187.6 0
      vertex 174.9 144.2 2
    endloop
  endfacet
  facet normal 1 0 0
    outer loop
      vertex 174.9 97.3 2
      vertex 174.9 137.2 2
      vertex 174.9 97.3 6
    endloop
  endfacet
  facet normal 1 -0 0
    outer loop
      vertex 174.9 97.3 2
      vertex 174.9 187.6 0
      vertex 174.9 137.2 2
    endloop
  endfacet
  facet normal 1 -0 0
    outer loop
      vertex 174.9 90.3 2
      vertex 174.9 187.6 0
      vertex 174.9 97.3 2
    endloop
  endfacet
  facet normal 1 0 0
    outer loop
      vertex 174.9 50.4 2
      vertex 174.9 90.3 2
      vertex 174.9 50.4 6
    endloop
  endfacet
  facet normal 1 0 0
    outer loop
      vertex 174.9 0 0
      vertex 174.9 90.3 2
      vertex 174.9 50.4 2
    endloop
  endfacet
  facet normal 1 0 0
    outer loop
      vertex 174.9 0 0
      vertex 174.9 50.4 2
      vertex 174.9 43.4 2
    endloop
  endfacet
  facet normal 1 0 0
    outer loop
      vertex 174.9 90.3 2
      vertex 174.9 0 0
      vertex 174.9 187.6 0
    endloop
  endfacet
  facet normal 1 0 0
    outer loop
      vertex 174.9 0 0
      vertex 174.9 43.4 2
      vertex 174.9 0 6
    endloop
  endfacet
  facet normal 1 -0 0
    outer loop
      vertex 144 157.183 3
      vertex 144 161.802 0
      vertex 144 161.802 3
    endloop
  endfacet
  facet normal 1 0 0
    outer loop
      vertex 144 161.802 0
      vertex 144 157.183 3
      vertex 144 157.183 0
    endloop
  endfacet
  facet normal 0.499935 -0.866063 0
    outer loop
      vertex 144 161.802 0
      vertex 148 164.111 3
      vertex 144 161.802 3
    endloop
  endfacet
  facet normal 0.499935 -0.866063 0
    outer loop
      vertex 148 164.111 3
      vertex 144 161.802 0
      vertex 148 164.111 0
    endloop
  endfacet
  facet normal -0.499935 -0.866063 0
    outer loop
      vertex 148 164.111 0
      vertex 152 161.802 3
      vertex 148 164.111 3
    endloop
  endfacet
  facet normal -0.499935 -0.866063 -0
    outer loop
      vertex 152 161.802 3
      vertex 148 164.111 0
      vertex 152 161.802 0
    endloop
  endfacet
  facet normal -1 0 0
    outer loop
      vertex 152 157.183 0
      vertex 152 161.802 3
      vertex 152 161.802 0
    endloop
  endfacet
  facet normal -1 -0 0
    outer loop
      vertex 152 161.802 3
      vertex 152 157.183 0
      vertex 152 157.183 3
    endloop
  endfacet
  facet normal -0.500097 0.865969 0
    outer loop
      vertex 152 157.183 0
      vertex 148 154.873 3
      vertex 152 157.183 3
    endloop
  endfacet
  facet normal -0.500097 0.865969 0
    outer loop
      vertex 148 154.873 3
      vertex 152 157.183 0
      vertex 148 154.873 0
    endloop
  endfacet
  facet normal 0.500097 0.865969 -0
    outer loop
      vertex 148 154.873 0
      vertex 144 157.183 3
      vertex 148 154.873 3
    endloop
  endfacet
  facet normal 0.500097 0.865969 0
    outer loop
      vertex 144 157.183 3
      vertex 148 154.873 0
      vertex 144 157.183 0
    endloop
  endfacet
  facet normal 1 -0 0
    outer loop
      vertex 133.5 157.183 3
      vertex 133.5 161.802 0
      vertex 133.5 161.802 3
    endloop
  endfacet
  facet normal 1 0 0
    outer loop
      vertex 133.5 161.802 0
      vertex 133.5 157.183 3
      vertex 133.5 157.183 0
    endloop
  endfacet
  facet normal 0.499935 -0.866063 0
    outer loop
      vertex 133.5 161.802 0
      vertex 137.5 164.111 3
      vertex 133.5 161.802 3
    endloop
  endfacet
  facet normal 0.499935 -0.866063 0
    outer loop
      vertex 137.5 164.111 3
      vertex 133.5 161.802 0
      vertex 137.5 164.111 0
    endloop
  endfacet
  facet normal -0.499935 -0.866063 0
    outer loop
      vertex 137.5 164.111 0
      vertex 141.5 161.802 3
      vertex 137.5 164.111 3
    endloop
  endfacet
  facet normal -0.499935 -0.866063 -0
    outer loop
      vertex 141.5 161.802 3
      vertex 137.5 164.111 0
      vertex 141.5 161.802 0
    endloop
  endfacet
  facet normal -1 0 0
    outer loop
      vertex 141.5 157.183 0
      vertex 141.5 161.802 3
      vertex 141.5 161.802 0
    endloop
  endfacet
  facet normal -1 -0 0
    outer loop
      vertex 141.5 161.802 3
      vertex 141.5 157.183 0
      vertex 141.5 157.183 3
    endloop
  endfacet
  facet normal -0.500097 0.865969 0
    outer loop
      vertex 141.5 157.183 0
      vertex 137.5 154.873 3
      vertex 141.5 157.183 3
    endloop
  endfacet
  facet normal -0.500097 0.865969 0
    outer loop
      vertex 137.5 154.873 3
      vertex 141.5 157.183 0
      vertex 137.5 154.873 0
    endloop
  endfacet
  facet normal 0.500097 0.865969 -0
    outer loop
      vertex 137.5 154.873 0
      vertex 133.5 157.183 3
      vertex 137.5 154.873 3
    endloop
  endfacet
  facet normal 0.500097 0.865969 0
    outer loop
      vertex 133.5 157.183 3
      vertex 137.5 154.873 0
      vertex 133.5 157.183 0
    endloop
  endfacet
  facet normal 1 -0 0
    outer loop
      vertex 123 157.183 3
      vertex 123 161.802 0
      vertex 123 161.802 3
    endloop
  endfacet
  facet normal 1 0 0
    outer loop
      vertex 123 161.802 0
      vertex 123 157.183 3
      vertex 123 157.183 0
    endloop
  endfacet
  facet normal 0.499935 -0.866063 0
    outer loop
      vertex 123 161.802 0
      vertex 127 164.111 3
      vertex 123 161.802 3
    endloop
  endfacet
  facet normal 0.499935 -0.866063 0
    outer loop
      vertex 127 164.111 3
      vertex 123 161.802 0
      vertex 127 164.111 0
    endloop
  endfacet
  facet normal -0.499935 -0.866063 0
    outer loop
      vertex 127 164.111 0
      vertex 131 161.802 3
      vertex 127 164.111 3
    endloop
  endfacet
  facet normal -0.499935 -0.866063 -0
    outer loop
      vertex 131 161.802 3
      vertex 127 164.111 0
      vertex 131 161.802 0
    endloop
  endfacet
  facet normal -1 0 0
    outer loop
      vertex 131 157.183 0
      vertex 131 161.802 3
      vertex 131 161.802 0
    endloop
  endfacet
  facet normal -1 -0 0
    outer loop
      vertex 131 161.802 3
      vertex 131 157.183 0
      vertex 131 157.183 3
    endloop
  endfacet
  facet normal -0.500097 0.865969 0
    outer loop
      vertex 131 157.183 0
      vertex 127 154.873 3
      vertex 131 157.183 3
    endloop
  endfacet
  facet normal -0.500097 0.865969 0
    outer loop
      vertex 127 154.873 3
      vertex 131 157.183 0
      vertex 127 154.873 0
    endloop
  endfacet
  facet normal 0.500097 0.865969 -0
    outer loop
      vertex 127 154.873 0
      vertex 123 157.183 3
      vertex 127 154.873 3
    endloop
  endfacet
  facet normal 0.500097 0.865969 0
    outer loop
      vertex 123 157.183 3
      vertex 127 154.873 0
      vertex 123 157.183 0
    endloop
  endfacet
  facet normal 1 -0 0
    outer loop
      vertex 112.5 157.183 3
      vertex 112.5 161.802 0
      vertex 112.5 161.802 3
    endloop
  endfacet
  facet normal 1 0 0
    outer loop
      vertex 112.5 161.802 0
      vertex 112.5 157.183 3
      vertex 112.5 157.183 0
    endloop
  endfacet
  facet normal 0.499935 -0.866063 0
    outer loop
      vertex 112.5 161.802 0
      vertex 116.5 164.111 3
      vertex 112.5 161.802 3
    endloop
  endfacet
  facet normal 0.499935 -0.866063 0
    outer loop
      vertex 116.5 164.111 3
      vertex 112.5 161.802 0
      vertex 116.5 164.111 0
    endloop
  endfacet
  facet normal -0.499935 -0.866063 0
    outer loop
      vertex 116.5 164.111 0
      vertex 120.5 161.802 3
      vertex 116.5 164.111 3
    endloop
  endfacet
  facet normal -0.499935 -0.866063 -0
    outer loop
      vertex 120.5 161.802 3
      vertex 116.5 164.111 0
      vertex 120.5 161.802 0
    endloop
  endfacet
  facet normal -1 0 0
    outer loop
      vertex 120.5 157.183 0
      vertex 120.5 161.802 3
      vertex 120.5 161.802 0
    endloop
  endfacet
  facet normal -1 -0 0
    outer loop
      vertex 120.5 161.802 3
      vertex 120.5 157.183 0
      vertex 120.5 157.183 3
    endloop
  endfacet
  facet normal -0.500097 0.865969 0
    outer loop
      vertex 120.5 157.183 0
      vertex 116.5 154.873 3
      vertex 120.5 157.183 3
    endloop
  endfacet
  facet normal -0.500097 0.865969 0
    outer loop
      vertex 116.5 154.873 3
      vertex 120.5 157.183 0
      vertex 116.5 154.873 0
    endloop
  endfacet
  facet normal 0.500097 0.865969 -0
    outer loop
      vertex 116.5 154.873 0
      vertex 112.5 157.183 3
      vertex 116.5 154.873 3
    endloop
  endfacet
  facet normal 0.500097 0.865969 0
    outer loop
      vertex 112.5 157.183 3
      vertex 116.5 154.873 0
      vertex 112.5 157.183 0
    endloop
  endfacet
  facet normal 1 -0 0
    outer loop
      vertex 102 157.183 3
      vertex 102 161.802 0
      vertex 102 161.802 3
    endloop
  endfacet
  facet normal 1 0 0
    outer loop
      vertex 102 161.802 0
      vertex 102 157.183 3
      vertex 102 157.183 0
    endloop
  endfacet
  facet normal 0.499935 -0.866063 0
    outer loop
      vertex 102 161.802 0
      vertex 106 164.111 3
      vertex 102 161.802 3
    endloop
  endfacet
  facet normal 0.499935 -0.866063 0
    outer loop
      vertex 106 164.111 3
      vertex 102 161.802 0
      vertex 106 164.111 0
    endloop
  endfacet
  facet normal -0.499935 -0.866063 0
    outer loop
      vertex 106 164.111 0
      vertex 110 161.802 3
      vertex 106 164.111 3
    endloop
  endfacet
  facet normal -0.499935 -0.866063 -0
    outer loop
      vertex 110 161.802 3
      vertex 106 164.111 0
      vertex 110 161.802 0
    endloop
  endfacet
  facet normal -1 0 0
    outer loop
      vertex 110 157.183 0
      vertex 110 161.802 3
      vertex 110 161.802 0
    endloop
  endfacet
  facet normal -1 -0 0
    outer loop
      vertex 110 161.802 3
      vertex 110 157.183 0
      vertex 110 157.183 3
    endloop
  endfacet
  facet normal -0.500097 0.865969 0
    outer loop
      vertex 110 157.183 0
      vertex 106 154.873 3
      vertex 110 157.183 3
    endloop
  endfacet
  facet normal -0.500097 0.865969 0
    outer loop
      vertex 106 154.873 3
      vertex 110 157.183 0
      vertex 106 154.873 0
    endloop
  endfacet
  facet normal 0.500097 0.865969 -0
    outer loop
      vertex 106 154.873 0
      vertex 102 157.183 3
      vertex 106 154.873 3
    endloop
  endfacet
  facet normal 0.500097 0.865969 0
    outer loop
      vertex 102 157.183 3
      vertex 106 154.873 0
      vertex 102 157.183 0
    endloop
  endfacet
  facet normal 1 -0 0
    outer loop
      vertex 91.5 157.183 3
      vertex 91.5 161.802 0
      vertex 91.5 161.802 3
    endloop
  endfacet
  facet normal 1 0 0
    outer loop
      vertex 91.5 161.802 0
      vertex 91.5 157.183 3
      vertex 91.5 157.183 0
    endloop
  endfacet
  facet normal 0.499935 -0.866063 0
    outer loop
      vertex 91.5 161.802 0
      vertex 95.5 164.111 3
      vertex 91.5 161.802 3
    endloop
  endfacet
  facet normal 0.499935 -0.866063 0
    outer loop
      vertex 95.5 164.111 3
      vertex 91.5 161.802 0
      vertex 95.5 164.111 0
    endloop
  endfacet
  facet normal -0.499935 -0.866063 0
    outer loop
      vertex 95.5 164.111 0
      vertex 99.5 161.802 3
      vertex 95.5 164.111 3
    endloop
  endfacet
  facet normal -0.499935 -0.866063 -0
    outer loop
      vertex 99.5 161.802 3
      vertex 95.5 164.111 0
      vertex 99.5 161.802 0
    endloop
  endfacet
  facet normal -1 0 0
    outer loop
      vertex 99.5 157.183 0
      vertex 99.5 161.802 3
      vertex 99.5 161.802 0
    endloop
  endfacet
  facet normal -1 -0 0
    outer loop
      vertex 99.5 161.802 3
      vertex 99.5 157.183 0
      vertex 99.5 157.183 3
    endloop
  endfacet
  facet normal -0.500097 0.865969 0
    outer loop
      vertex 99.5 157.183 0
      vertex 95.5 154.873 3
      vertex 99.5 157.183 3
    endloop
  endfacet
  facet normal -0.500097 0.865969 0
    outer loop
      vertex 95.5 154.873 3
      vertex 99.5 157.183 0
      vertex 95.5 154.873 0
    endloop
  endfacet
  facet normal 0.500097 0.865969 -0
    outer loop
      vertex 95.5 154.873 0
      vertex 91.5 157.183 3
      vertex 95.5 154.873 3
    endloop
  endfacet
  facet normal 0.500097 0.865969 0
    outer loop
      vertex 91.5 157.183 3
      vertex 95.5 154.873 0
      vertex 91.5 157.183 0
    endloop
  endfacet
  facet normal 1 -0 0
    outer loop
      vertex 81 157.183 3
      vertex 81 161.802 0
      vertex 81 161.802 3
    endloop
  endfacet
  facet normal 1 0 0
    outer loop
      vertex 81 161.802 0
      vertex 81 157.183 3
      vertex 81 157.183 0
    endloop
  endfacet
  facet normal 0.499935 -0.866063 0
    outer loop
      vertex 81 161.802 0
      vertex 85 164.111 3
      vertex 81 161.802 3
    endloop
  endfacet
  facet normal 0.499935 -0.866063 0
    outer loop
      vertex 85 164.111 3
      vertex 81 161.802 0
      vertex 85 164.111 0
    endloop
  endfacet
  facet normal -0.499935 -0.866063 0
    outer loop
      vertex 85 164.111 0
      vertex 89 161.802 3
      vertex 85 164.111 3
    endloop
  endfacet
  facet normal -0.499935 -0.866063 -0
    outer loop
      vertex 89 161.802 3
      vertex 85 164.111 0
      vertex 89 161.802 0
    endloop
  endfacet
  facet normal -1 0 0
    outer loop
      vertex 89 157.183 0
      vertex 89 161.802 3
      vertex 89 161.802 0
    endloop
  endfacet
  facet normal -1 -0 0
    outer loop
      vertex 89 161.802 3
      vertex 89 157.183 0
      vertex 89 157.183 3
    endloop
  endfacet
  facet normal -0.500097 0.865969 0
    outer loop
      vertex 89 157.183 0
      vertex 85 154.873 3
      vertex 89 157.183 3
    endloop
  endfacet
  facet normal -0.500097 0.865969 0
    outer loop
      vertex 85 154.873 3
      vertex 89 157.183 0
      vertex 85 154.873 0
    endloop
  endfacet
  facet normal 0.500097 0.865969 -0
    outer loop
      vertex 85 154.873 0
      vertex 81 157.183 3
      vertex 85 154.873 3
    endloop
  endfacet
  facet normal 0.500097 0.865969 0
    outer loop
      vertex 81 157.183 3
      vertex 85 154.873 0
      vertex 81 157.183 0
    endloop
  endfacet
  facet normal 1 -0 0
    outer loop
      vertex 70.5 157.183 3
      vertex 70.5 161.802 0
      vertex 70.5 161.802 3
    endloop
  endfacet
  facet normal 1 0 0
    outer loop
      vertex 70.5 161.802 0
      vertex 70.5 157.183 3
      vertex 70.5 157.183 0
    endloop
  endfacet
  facet normal 0.499935 -0.866063 0
    outer loop
      vertex 70.5 161.802 0
      vertex 74.5 164.111 3
      vertex 70.5 161.802 3
    endloop
  endfacet
  facet normal 0.499935 -0.866063 0
    outer loop
      vertex 74.5 164.111 3
      vertex 70.5 161.802 0
      vertex 74.5 164.111 0
    endloop
  endfacet
  facet normal -0.499935 -0.866063 0
    outer loop
      vertex 74.5 164.111 0
      vertex 78.5 161.802 3
      vertex 74.5 164.111 3
    endloop
  endfacet
  facet normal -0.499935 -0.866063 -0
    outer loop
      vertex 78.5 161.802 3
      vertex 74.5 164.111 0
      vertex 78.5 161.802 0
    endloop
  endfacet
  facet normal -1 0 0
    outer loop
      vertex 78.5 157.183 0
      vertex 78.5 161.802 3
      vertex 78.5 161.802 0
    endloop
  endfacet
  facet normal -1 -0 0
    outer loop
      vertex 78.5 161.802 3
      vertex 78.5 157.183 0
      vertex 78.5 157.183 3
    endloop
  endfacet
  facet normal -0.500097 0.865969 0
    outer loop
      vertex 78.5 157.183 0
      vertex 74.5 154.873 3
      vertex 78.5 157.183 3
    endloop
  endfacet
  facet normal -0.500097 0.865969 0
    outer loop
      vertex 74.5 154.873 3
      vertex 78.5 157.183 0
      vertex 74.5 154.873 0
    endloop
  endfacet
  facet normal 0.500097 0.865969 -0
    outer loop
      vertex 74.5 154.873 0
      vertex 70.5 157.183 3
      vertex 74.5 154.873 3
    endloop
  endfacet
  facet normal 0.500097 0.865969 0
    outer loop
      vertex 70.5 157.183 3
      vertex 74.5 154.873 0
      vertex 70.5 157.183 0
    endloop
  endfacet
  facet normal 1 -0 0
    outer loop
      vertex 60 157.183 3
      vertex 60 161.802 0
      vertex 60 161.802 3
    endloop
  endfacet
  facet normal 1 0 0
    outer loop
      vertex 60 161.802 0
      vertex 60 157.183 3
      vertex 60 157.183 0
    endloop
  endfacet
  facet normal 0.499935 -0.866063 0
    outer loop
      vertex 60 161.802 0
      vertex 64 164.111 3
      vertex 60 161.802 3
    endloop
  endfacet
  facet normal 0.499935 -0.866063 0
    outer loop
      vertex 64 164.111 3
      vertex 60 161.802 0
      vertex 64 164.111 0
    endloop
  endfacet
  facet normal -0.499935 -0.866063 0
    outer loop
      vertex 64 164.111 0
      vertex 68 161.802 3
      vertex 64 164.111 3
    endloop
  endfacet
  facet normal -0.499935 -0.866063 -0
    outer loop
      vertex 68 161.802 3
      vertex 64 164.111 0
      vertex 68 161.802 0
    endloop
  endfacet
  facet normal -1 0 0
    outer loop
      vertex 68 157.183 0
      vertex 68 161.802 3
      vertex 68 161.802 0
    endloop
  endfacet
  facet normal -1 -0 0
    outer loop
      vertex 68 161.802 3
      vertex 68 157.183 0
      vertex 68 157.183 3
    endloop
  endfacet
  facet normal -0.500097 0.865969 0
    outer loop
      vertex 68 157.183 0
      vertex 64 154.873 3
      vertex 68 157.183 3
    endloop
  endfacet
  facet normal -0.500097 0.865969 0
    outer loop
      vertex 64 154.873 3
      vertex 68 157.183 0
      vertex 64 154.873 0
    endloop
  endfacet
  facet normal 0.500097 0.865969 -0
    outer loop
      vertex 64 154.873 0
      vertex 60 157.183 3
      vertex 64 154.873 3
    endloop
  endfacet
  facet normal 0.500097 0.865969 0
    outer loop
      vertex 60 157.183 3
      vertex 64 154.873 0
      vertex 60 157.183 0
    endloop
  endfacet
  facet normal 1 -0 0
    outer loop
      vertex 49.5 157.183 3
      vertex 49.5 161.802 0
      vertex 49.5 161.802 3
    endloop
  endfacet
  facet normal 1 0 0
    outer loop
      vertex 49.5 161.802 0
      vertex 49.5 157.183 3
      vertex 49.5 157.183 0
    endloop
  endfacet
  facet normal 0.499935 -0.866063 0
    outer loop
      vertex 49.5 161.802 0
      vertex 53.5 164.111 3
      vertex 49.5 161.802 3
    endloop
  endfacet
  facet normal 0.499935 -0.866063 0
    outer loop
      vertex 53.5 164.111 3
      vertex 49.5 161.802 0
      vertex 53.5 164.111 0
    endloop
  endfacet
  facet normal -0.499935 -0.866063 0
    outer loop
      vertex 53.5 164.111 0
      vertex 57.5 161.802 3
      vertex 53.5 164.111 3
    endloop
  endfacet
  facet normal -0.499935 -0.866063 -0
    outer loop
      vertex 57.5 161.802 3
      vertex 53.5 164.111 0
      vertex 57.5 161.802 0
    endloop
  endfacet
  facet normal -1 0 0
    outer loop
      vertex 57.5 157.183 0
      vertex 57.5 161.802 3
      vertex 57.5 161.802 0
    endloop
  endfacet
  facet normal -1 -0 0
    outer loop
      vertex 57.5 161.802 3
      vertex 57.5 157.183 0
      vertex 57.5 157.183 3
    endloop
  endfacet
  facet normal -0.500097 0.865969 0
    outer loop
      vertex 57.5 157.183 0
      vertex 53.5 154.873 3
      vertex 57.5 157.183 3
    endloop
  endfacet
  facet normal -0.500097 0.865969 0
    outer loop
      vertex 53.5 154.873 3
      vertex 57.5 157.183 0
      vertex 53.5 154.873 0
    endloop
  endfacet
  facet normal 0.500097 0.865969 -0
    outer loop
      vertex 53.5 154.873 0
      vertex 49.5 157.183 3
      vertex 53.5 154.873 3
    endloop
  endfacet
  facet normal 0.500097 0.865969 0
    outer loop
      vertex 49.5 157.183 3
      vertex 53.5 154.873 0
      vertex 49.5 157.183 0
    endloop
  endfacet
  facet normal 1 -0 0
    outer loop
      vertex 39 157.183 3
      vertex 39 161.802 0
      vertex 39 161.802 3
    endloop
  endfacet
  facet normal 1 0 0
    outer loop
      vertex 39 161.802 0
      vertex 39 157.183 3
      vertex 39 157.183 0
    endloop
  endfacet
  facet normal 0.499935 -0.866063 0
    outer loop
      vertex 39 161.802 0
      vertex 43 164.111 3
      vertex 39 161.802 3
    endloop
  endfacet
  facet normal 0.499935 -0.866063 0
    outer loop
      vertex 43 164.111 3
      vertex 39 161.802 0
      vertex 43 164.111 0
    endloop
  endfacet
  facet normal -0.499935 -0.866063 0
    outer loop
      vertex 43 164.111 0
      vertex 47 161.802 3
      vertex 43 164.111 3
    endloop
  endfacet
  facet normal -0.499935 -0.866063 -0
    outer loop
      vertex 47 161.802 3
      vertex 43 164.111 0
      vertex 47 161.802 0
    endloop
  endfacet
  facet normal -1 0 0
    outer loop
      vertex 47 157.183 0
      vertex 47 161.802 3
      vertex 47 161.802 0
    endloop
  endfacet
  facet normal -1 -0 0
    outer loop
      vertex 47 161.802 3
      vertex 47 157.183 0
      vertex 47 157.183 3
    endloop
  endfacet
  facet normal -0.500097 0.865969 0
    outer loop
      vertex 47 157.183 0
      vertex 43 154.873 3
      vertex 47 157.183 3
    endloop
  endfacet
  facet normal -0.500097 0.865969 0
    outer loop
      vertex 43 154.873 3
      vertex 47 157.183 0
      vertex 43 154.873 0
    endloop
  endfacet
  facet normal 0.500097 0.865969 -0
    outer loop
      vertex 43 154.873 0
      vertex 39 157.183 3
      vertex 43 154.873 3
    endloop
  endfacet
  facet normal 0.500097 0.865969 0
    outer loop
      vertex 39 157.183 3
      vertex 43 154.873 0
      vertex 39 157.183 0
    endloop
  endfacet
  facet normal 1 -0 0
    outer loop
      vertex 28.5 157.183 3
      vertex 28.5 161.802 0
      vertex 28.5 161.802 3
    endloop
  endfacet
  facet normal 1 0 0
    outer loop
      vertex 28.5 161.802 0
      vertex 28.5 157.183 3
      vertex 28.5 157.183 0
    endloop
  endfacet
  facet normal 0.499935 -0.866063 0
    outer loop
      vertex 28.5 161.802 0
      vertex 32.5 164.111 3
      vertex 28.5 161.802 3
    endloop
  endfacet
  facet normal 0.499935 -0.866063 0
    outer loop
      vertex 32.5 164.111 3
      vertex 28.5 161.802 0
      vertex 32.5 164.111 0
    endloop
  endfacet
  facet normal -0.499935 -0.866063 0
    outer loop
      vertex 32.5 164.111 0
      vertex 36.5 161.802 3
      vertex 32.5 164.111 3
    endloop
  endfacet
  facet normal -0.499935 -0.866063 -0
    outer loop
      vertex 36.5 161.802 3
      vertex 32.5 164.111 0
      vertex 36.5 161.802 0
    endloop
  endfacet
  facet normal -1 0 0
    outer loop
      vertex 36.5 157.183 0
      vertex 36.5 161.802 3
      vertex 36.5 161.802 0
    endloop
  endfacet
  facet normal -1 -0 0
    outer loop
      vertex 36.5 161.802 3
      vertex 36.5 157.183 0
      vertex 36.5 157.183 3
    endloop
  endfacet
  facet normal -0.500097 0.865969 0
    outer loop
      vertex 36.5 157.183 0
      vertex 32.5 154.873 3
      vertex 36.5 157.183 3
    endloop
  endfacet
  facet normal -0.500097 0.865969 0
    outer loop
      vertex 32.5 154.873 3
      vertex 36.5 157.183 0
      vertex 32.5 154.873 0
    endloop
  endfacet
  facet normal 0.500097 0.865969 -0
    outer loop
      vertex 32.5 154.873 0
      vertex 28.5 157.183 3
      vertex 32.5 154.873 3
    endloop
  endfacet
  facet normal 0.500097 0.865969 0
    outer loop
      vertex 28.5 157.183 3
      vertex 32.5 154.873 0
      vertex 28.5 157.183 0
    endloop
  endfacet
  facet normal 1 -0 0
    outer loop
      vertex 128.25 148.09 3
      vertex 128.25 152.708 0
      vertex 128.25 152.708 3
    endloop
  endfacet
  facet normal 1 0 0
    outer loop
      vertex 128.25 152.708 0
      vertex 128.25 148.09 3
      vertex 128.25 148.09 0
    endloop
  endfacet
  facet normal 0.500097 -0.865969 0
    outer loop
      vertex 128.25 152.708 0
      vertex 132.25 155.018 3
      vertex 128.25 152.708 3
    endloop
  endfacet
  facet normal 0.500097 -0.865969 0
    outer loop
      vertex 132.25 155.018 3
      vertex 128.25 152.708 0
      vertex 132.25 155.018 0
    endloop
  endfacet
  facet normal -0.500097 -0.865969 0
    outer loop
      vertex 132.25 155.018 0
      vertex 136.25 152.708 3
      vertex 132.25 155.018 3
    endloop
  endfacet
  facet normal -0.500097 -0.865969 -0
    outer loop
      vertex 136.25 152.708 3
      vertex 132.25 155.018 0
      vertex 136.25 152.708 0
    endloop
  endfacet
  facet normal -1 0 0
    outer loop
      vertex 136.25 148.09 0
      vertex 136.25 152.708 3
      vertex 136.25 152.708 0
    endloop
  endfacet
  facet normal -1 -0 0
    outer loop
      vertex 136.25 152.708 3
      vertex 136.25 148.09 0
      vertex 136.25 148.09 3
    endloop
  endfacet
  facet normal -0.500097 0.865969 0
    outer loop
      vertex 136.25 148.09 0
      vertex 132.25 145.78 3
      vertex 136.25 148.09 3
    endloop
  endfacet
  facet normal -0.500097 0.865969 0
    outer loop
      vertex 132.25 145.78 3
      vertex 136.25 148.09 0
      vertex 132.25 145.78 0
    endloop
  endfacet
  facet normal 0.500097 0.865969 -0
    outer loop
      vertex 132.25 145.78 0
      vertex 128.25 148.09 3
      vertex 132.25 145.78 3
    endloop
  endfacet
  facet normal 0.500097 0.865969 0
    outer loop
      vertex 128.25 148.09 3
      vertex 132.25 145.78 0
      vertex 128.25 148.09 0
    endloop
  endfacet
  facet normal 1 -0 0
    outer loop
      vertex 96.75 148.09 3
      vertex 96.75 152.708 0
      vertex 96.75 152.708 3
    endloop
  endfacet
  facet normal 1 0 0
    outer loop
      vertex 96.75 152.708 0
      vertex 96.75 148.09 3
      vertex 96.75 148.09 0
    endloop
  endfacet
  facet normal 0.500097 -0.865969 0
    outer loop
      vertex 96.75 152.708 0
      vertex 100.75 155.018 3
      vertex 96.75 152.708 3
    endloop
  endfacet
  facet normal 0.500097 -0.865969 0
    outer loop
      vertex 100.75 155.018 3
      vertex 96.75 152.708 0
      vertex 100.75 155.018 0
    endloop
  endfacet
  facet normal -0.500097 -0.865969 0
    outer loop
      vertex 100.75 155.018 0
      vertex 104.75 152.708 3
      vertex 100.75 155.018 3
    endloop
  endfacet
  facet normal -0.500097 -0.865969 -0
    outer loop
      vertex 104.75 152.708 3
      vertex 100.75 155.018 0
      vertex 104.75 152.708 0
    endloop
  endfacet
  facet normal -1 0 0
    outer loop
      vertex 104.75 148.09 0
      vertex 104.75 152.708 3
      vertex 104.75 152.708 0
    endloop
  endfacet
  facet normal -1 -0 0
    outer loop
      vertex 104.75 152.708 3
      vertex 104.75 148.09 0
      vertex 104.75 148.09 3
    endloop
  endfacet
  facet normal -0.500097 0.865969 0
    outer loop
      vertex 104.75 148.09 0
      vertex 100.75 145.78 3
      vertex 104.75 148.09 3
    endloop
  endfacet
  facet normal -0.500097 0.865969 0
    outer loop
      vertex 100.75 145.78 3
      vertex 104.75 148.09 0
      vertex 100.75 145.78 0
    endloop
  endfacet
  facet normal 0.500097 0.865969 -0
    outer loop
      vertex 100.75 145.78 0
      vertex 96.75 148.09 3
      vertex 100.75 145.78 3
    endloop
  endfacet
  facet normal 0.500097 0.865969 0
    outer loop
      vertex 96.75 148.09 3
      vertex 100.75 145.78 0
      vertex 96.75 148.09 0
    endloop
  endfacet
  facet normal 1 -0 0
    outer loop
      vertex 149.25 148.09 3
      vertex 149.25 152.708 0
      vertex 149.25 152.708 3
    endloop
  endfacet
  facet normal 1 0 0
    outer loop
      vertex 149.25 152.708 0
      vertex 149.25 148.09 3
      vertex 149.25 148.09 0
    endloop
  endfacet
  facet normal 0.500097 -0.865969 0
    outer loop
      vertex 149.25 152.708 0
      vertex 153.25 155.018 3
      vertex 149.25 152.708 3
    endloop
  endfacet
  facet normal 0.500097 -0.865969 0
    outer loop
      vertex 153.25 155.018 3
      vertex 149.25 152.708 0
      vertex 153.25 155.018 0
    endloop
  endfacet
  facet normal -0.500097 -0.865969 0
    outer loop
      vertex 153.25 155.018 0
      vertex 157.25 152.708 3
      vertex 153.25 155.018 3
    endloop
  endfacet
  facet normal -0.500097 -0.865969 -0
    outer loop
      vertex 157.25 152.708 3
      vertex 153.25 155.018 0
      vertex 157.25 152.708 0
    endloop
  endfacet
  facet normal -1 0 0
    outer loop
      vertex 157.25 148.09 0
      vertex 157.25 152.708 3
      vertex 157.25 152.708 0
    endloop
  endfacet
  facet normal -1 -0 0
    outer loop
      vertex 157.25 152.708 3
      vertex 157.25 148.09 0
      vertex 157.25 148.09 3
    endloop
  endfacet
  facet normal -0.500097 0.865969 0
    outer loop
      vertex 157.25 148.09 0
      vertex 153.25 145.78 3
      vertex 157.25 148.09 3
    endloop
  endfacet
  facet normal -0.500097 0.865969 0
    outer loop
      vertex 153.25 145.78 3
      vertex 157.25 148.09 0
      vertex 153.25 145.78 0
    endloop
  endfacet
  facet normal 0.500097 0.865969 -0
    outer loop
      vertex 153.25 145.78 0
      vertex 149.25 148.09 3
      vertex 153.25 145.78 3
    endloop
  endfacet
  facet normal 0.500097 0.865969 0
    outer loop
      vertex 149.25 148.09 3
      vertex 153.25 145.78 0
      vertex 149.25 148.09 0
    endloop
  endfacet
  facet normal 1 -0 0
    outer loop
      vertex 138.75 148.09 3
      vertex 138.75 152.708 0
      vertex 138.75 152.708 3
    endloop
  endfacet
  facet normal 1 0 0
    outer loop
      vertex 138.75 152.708 0
      vertex 138.75 148.09 3
      vertex 138.75 148.09 0
    endloop
  endfacet
  facet normal 0.500097 -0.865969 0
    outer loop
      vertex 138.75 152.708 0
      vertex 142.75 155.018 3
      vertex 138.75 152.708 3
    endloop
  endfacet
  facet normal 0.500097 -0.865969 0
    outer loop
      vertex 142.75 155.018 3
      vertex 138.75 152.708 0
      vertex 142.75 155.018 0
    endloop
  endfacet
  facet normal -0.500097 -0.865969 0
    outer loop
      vertex 142.75 155.018 0
      vertex 146.75 152.708 3
      vertex 142.75 155.018 3
    endloop
  endfacet
  facet normal -0.500097 -0.865969 -0
    outer loop
      vertex 146.75 152.708 3
      vertex 142.75 155.018 0
      vertex 146.75 152.708 0
    endloop
  endfacet
  facet normal -1 0 0
    outer loop
      vertex 146.75 148.09 0
      vertex 146.75 152.708 3
      vertex 146.75 152.708 0
    endloop
  endfacet
  facet normal -1 -0 0
    outer loop
      vertex 146.75 152.708 3
      vertex 146.75 148.09 0
      vertex 146.75 148.09 3
    endloop
  endfacet
  facet normal -0.500097 0.865969 0
    outer loop
      vertex 146.75 148.09 0
      vertex 142.75 145.78 3
      vertex 146.75 148.09 3
    endloop
  endfacet
  facet normal -0.500097 0.865969 0
    outer loop
      vertex 142.75 145.78 3
      vertex 146.75 148.09 0
      vertex 142.75 145.78 0
    endloop
  endfacet
  facet normal 0.500097 0.865969 -0
    outer loop
      vertex 142.75 145.78 0
      vertex 138.75 148.09 3
      vertex 142.75 145.78 3
    endloop
  endfacet
  facet normal 0.500097 0.865969 0
    outer loop
      vertex 138.75 148.09 3
      vertex 142.75 145.78 0
      vertex 138.75 148.09 0
    endloop
  endfacet
  facet normal 1 -0 0
    outer loop
      vertex 117.75 148.09 3
      vertex 117.75 152.708 0
      vertex 117.75 152.708 3
    endloop
  endfacet
  facet normal 1 0 0
    outer loop
      vertex 117.75 152.708 0
      vertex 117.75 148.09 3
      vertex 117.75 148.09 0
    endloop
  endfacet
  facet normal 0.500097 -0.865969 0
    outer loop
      vertex 117.75 152.708 0
      vertex 121.75 155.018 3
      vertex 117.75 152.708 3
    endloop
  endfacet
  facet normal 0.500097 -0.865969 0
    outer loop
      vertex 121.75 155.018 3
      vertex 117.75 152.708 0
      vertex 121.75 155.018 0
    endloop
  endfacet
  facet normal -0.500097 -0.865969 0
    outer loop
      vertex 121.75 155.018 0
      vertex 125.75 152.708 3
      vertex 121.75 155.018 3
    endloop
  endfacet
  facet normal -0.500097 -0.865969 -0
    outer loop
      vertex 125.75 152.708 3
      vertex 121.75 155.018 0
      vertex 125.75 152.708 0
    endloop
  endfacet
  facet normal -1 0 0
    outer loop
      vertex 125.75 148.09 0
      vertex 125.75 152.708 3
      vertex 125.75 152.708 0
    endloop
  endfacet
  facet normal -1 -0 0
    outer loop
      vertex 125.75 152.708 3
      vertex 125.75 148.09 0
      vertex 125.75 148.09 3
    endloop
  endfacet
  facet normal -0.500097 0.865969 0
    outer loop
      vertex 125.75 148.09 0
      vertex 121.75 145.78 3
      vertex 125.75 148.09 3
    endloop
  endfacet
  facet normal -0.500097 0.865969 0
    outer loop
      vertex 121.75 145.78 3
      vertex 125.75 148.09 0
      vertex 121.75 145.78 0
    endloop
  endfacet
  facet normal 0.500097 0.865969 -0
    outer loop
      vertex 121.75 145.78 0
      vertex 117.75 148.09 3
      vertex 121.75 145.78 3
    endloop
  endfacet
  facet normal 0.500097 0.865969 0
    outer loop
      vertex 117.75 148.09 3
      vertex 121.75 145.78 0
      vertex 117.75 148.09 0
    endloop
  endfacet
  facet normal 1 -0 0
    outer loop
      vertex 107.25 148.09 3
      vertex 107.25 152.708 0
      vertex 107.25 152.708 3
    endloop
  endfacet
  facet normal 1 0 0
    outer loop
      vertex 107.25 152.708 0
      vertex 107.25 148.09 3
      vertex 107.25 148.09 0
    endloop
  endfacet
  facet normal 0.500097 -0.865969 0
    outer loop
      vertex 107.25 152.708 0
      vertex 111.25 155.018 3
      vertex 107.25 152.708 3
    endloop
  endfacet
  facet normal 0.500097 -0.865969 0
    outer loop
      vertex 111.25 155.018 3
      vertex 107.25 152.708 0
      vertex 111.25 155.018 0
    endloop
  endfacet
  facet normal -0.500097 -0.865969 0
    outer loop
      vertex 111.25 155.018 0
      vertex 115.25 152.708 3
      vertex 111.25 155.018 3
    endloop
  endfacet
  facet normal -0.500097 -0.865969 -0
    outer loop
      vertex 115.25 152.708 3
      vertex 111.25 155.018 0
      vertex 115.25 152.708 0
    endloop
  endfacet
  facet normal -1 0 0
    outer loop
      vertex 115.25 148.09 0
      vertex 115.25 152.708 3
      vertex 115.25 152.708 0
    endloop
  endfacet
  facet normal -1 -0 0
    outer loop
      vertex 115.25 152.708 3
      vertex 115.25 148.09 0
      vertex 115.25 148.09 3
    endloop
  endfacet
  facet normal -0.500097 0.865969 0
    outer loop
      vertex 115.25 148.09 0
      vertex 111.25 145.78 3
      vertex 115.25 148.09 3
    endloop
  endfacet
  facet normal -0.500097 0.865969 0
    outer loop
      vertex 111.25 145.78 3
      vertex 115.25 148.09 0
      vertex 111.25 145.78 0
    endloop
  endfacet
  facet normal 0.500097 0.865969 -0
    outer loop
      vertex 111.25 145.78 0
      vertex 107.25 148.09 3
      vertex 111.25 145.78 3
    endloop
  endfacet
  facet normal 0.500097 0.865969 0
    outer loop
      vertex 107.25 148.09 3
      vertex 111.25 145.78 0
      vertex 107.25 148.09 0
    endloop
  endfacet
  facet normal 1 -0 0
    outer loop
      vertex 75.75 148.09 3
      vertex 75.75 152.708 0
      vertex 75.75 152.708 3
    endloop
  endfacet
  facet normal 1 0 0
    outer loop
      vertex 75.75 152.708 0
      vertex 75.75 148.09 3
      vertex 75.75 148.09 0
    endloop
  endfacet
  facet normal 0.500097 -0.865969 0
    outer loop
      vertex 75.75 152.708 0
      vertex 79.75 155.018 3
      vertex 75.75 152.708 3
    endloop
  endfacet
  facet normal 0.500097 -0.865969 0
    outer loop
      vertex 79.75 155.018 3
      vertex 75.75 152.708 0
      vertex 79.75 155.018 0
    endloop
  endfacet
  facet normal -0.500097 -0.865969 0
    outer loop
      vertex 79.75 155.018 0
      vertex 83.75 152.708 3
      vertex 79.75 155.018 3
    endloop
  endfacet
  facet normal -0.500097 -0.865969 -0
    outer loop
      vertex 83.75 152.708 3
      vertex 79.75 155.018 0
      vertex 83.75 152.708 0
    endloop
  endfacet
  facet normal -1 0 0
    outer loop
      vertex 83.75 148.09 0
      vertex 83.75 152.708 3
      vertex 83.75 152.708 0
    endloop
  endfacet
  facet normal -1 -0 0
    outer loop
      vertex 83.75 152.708 3
      vertex 83.75 148.09 0
      vertex 83.75 148.09 3
    endloop
  endfacet
  facet normal -0.500097 0.865969 0
    outer loop
      vertex 83.75 148.09 0
      vertex 79.75 145.78 3
      vertex 83.75 148.09 3
    endloop
  endfacet
  facet normal -0.500097 0.865969 0
    outer loop
      vertex 79.75 145.78 3
      vertex 83.75 148.09 0
      vertex 79.75 145.78 0
    endloop
  endfacet
  facet normal 0.500097 0.865969 -0
    outer loop
      vertex 79.75 145.78 0
      vertex 75.75 148.09 3
      vertex 79.75 145.78 3
    endloop
  endfacet
  facet normal 0.500097 0.865969 0
    outer loop
      vertex 75.75 148.09 3
      vertex 79.75 145.78 0
      vertex 75.75 148.09 0
    endloop
  endfacet
  facet normal 1 -0 0
    outer loop
      vertex 65.25 148.09 3
      vertex 65.25 152.708 0
      vertex 65.25 152.708 3
    endloop
  endfacet
  facet normal 1 0 0
    outer loop
      vertex 65.25 152.708 0
      vertex 65.25 148.09 3
      vertex 65.25 148.09 0
    endloop
  endfacet
  facet normal 0.500097 -0.865969 0
    outer loop
      vertex 65.25 152.708 0
      vertex 69.25 155.018 3
      vertex 65.25 152.708 3
    endloop
  endfacet
  facet normal 0.500097 -0.865969 0
    outer loop
      vertex 69.25 155.018 3
      vertex 65.25 152.708 0
      vertex 69.25 155.018 0
    endloop
  endfacet
  facet normal -0.500097 -0.865969 0
    outer loop
      vertex 69.25 155.018 0
      vertex 73.25 152.708 3
      vertex 69.25 155.018 3
    endloop
  endfacet
  facet normal -0.500097 -0.865969 -0
    outer loop
      vertex 73.25 152.708 3
      vertex 69.25 155.018 0
      vertex 73.25 152.708 0
    endloop
  endfacet
  facet normal -1 0 0
    outer loop
      vertex 73.25 148.09 0
      vertex 73.25 152.708 3
      vertex 73.25 152.708 0
    endloop
  endfacet
  facet normal -1 -0 0
    outer loop
      vertex 73.25 152.708 3
      vertex 73.25 148.09 0
      vertex 73.25 148.09 3
    endloop
  endfacet
  facet normal -0.500097 0.865969 0
    outer loop
      vertex 73.25 148.09 0
      vertex 69.25 145.78 3
      vertex 73.25 148.09 3
    endloop
  endfacet
  facet normal -0.500097 0.865969 0
    outer loop
      vertex 69.25 145.78 3
      vertex 73.25 148.09 0
      vertex 69.25 145.78 0
    endloop
  endfacet
  facet normal 0.500097 0.865969 -0
    outer loop
      vertex 69.25 145.78 0
      vertex 65.25 148.09 3
      vertex 69.25 145.78 3
    endloop
  endfacet
  facet normal 0.500097 0.865969 0
    outer loop
      vertex 65.25 148.09 3
      vertex 69.25 145.78 0
      vertex 65.25 148.09 0
    endloop
  endfacet
  facet normal 1 -0 0
    outer loop
      vertex 54.75 148.09 3
      vertex 54.75 152.708 0
      vertex 54.75 152.708 3
    endloop
  endfacet
  facet normal 1 0 0
    outer loop
      vertex 54.75 152.708 0
      vertex 54.75 148.09 3
      vertex 54.75 148.09 0
    endloop
  endfacet
  facet normal 0.500097 -0.865969 0
    outer loop
      vertex 54.75 152.708 0
      vertex 58.75 155.018 3
      vertex 54.75 152.708 3
    endloop
  endfacet
  facet normal 0.500097 -0.865969 0
    outer loop
      vertex 58.75 155.018 3
      vertex 54.75 152.708 0
      vertex 58.75 155.018 0
    endloop
  endfacet
  facet normal -0.500097 -0.865969 0
    outer loop
      vertex 58.75 155.018 0
      vertex 62.75 152.708 3
      vertex 58.75 155.018 3
    endloop
  endfacet
  facet normal -0.500097 -0.865969 -0
    outer loop
      vertex 62.75 152.708 3
      vertex 58.75 155.018 0
      vertex 62.75 152.708 0
    endloop
  endfacet
  facet normal -1 0 0
    outer loop
      vertex 62.75 148.09 0
      vertex 62.75 152.708 3
      vertex 62.75 152.708 0
    endloop
  endfacet
  facet normal -1 -0 0
    outer loop
      vertex 62.75 152.708 3
      vertex 62.75 148.09 0
      vertex 62.75 148.09 3
    endloop
  endfacet
  facet normal -0.500097 0.865969 0
    outer loop
      vertex 62.75 148.09 0
      vertex 58.75 145.78 3
      vertex 62.75 148.09 3
    endloop
  endfacet
  facet normal -0.500097 0.865969 0
    outer loop
      vertex 58.75 145.78 3
      vertex 62.75 148.09 0
      vertex 58.75 145.78 0
    endloop
  endfacet
  facet normal 0.500097 0.865969 -0
    outer loop
      vertex 58.75 145.78 0
      vertex 54.75 148.09 3
      vertex 58.75 145.78 3
    endloop
  endfacet
  facet normal 0.500097 0.865969 0
    outer loop
      vertex 54.75 148.09 3
      vertex 58.75 145.78 0
      vertex 54.75 148.09 0
    endloop
  endfacet
  facet normal 1 -0 0
    outer loop
      vertex 44.25 148.09 3
      vertex 44.25 152.708 0
      vertex 44.25 152.708 3
    endloop
  endfacet
  facet normal 1 0 0
    outer loop
      vertex 44.25 152.708 0
      vertex 44.25 148.09 3
      vertex 44.25 148.09 0
    endloop
  endfacet
  facet normal 0.500097 -0.865969 0
    outer loop
      vertex 44.25 152.708 0
      vertex 48.25 155.018 3
      vertex 44.25 152.708 3
    endloop
  endfacet
  facet normal 0.500097 -0.865969 0
    outer loop
      vertex 48.25 155.018 3
      vertex 44.25 152.708 0
      vertex 48.25 155.018 0
    endloop
  endfacet
  facet normal -0.500097 -0.865969 0
    outer loop
      vertex 48.25 155.018 0
      vertex 52.25 152.708 3
      vertex 48.25 155.018 3
    endloop
  endfacet
  facet normal -0.500097 -0.865969 -0
    outer loop
      vertex 52.25 152.708 3
      vertex 48.25 155.018 0
      vertex 52.25 152.708 0
    endloop
  endfacet
  facet normal -1 0 0
    outer loop
      vertex 52.25 148.09 0
      vertex 52.25 152.708 3
      vertex 52.25 152.708 0
    endloop
  endfacet
  facet normal -1 -0 0
    outer loop
      vertex 52.25 152.708 3
      vertex 52.25 148.09 0
      vertex 52.25 148.09 3
    endloop
  endfacet
  facet normal -0.500097 0.865969 0
    outer loop
      vertex 52.25 148.09 0
      vertex 48.25 145.78 3
      vertex 52.25 148.09 3
    endloop
  endfacet
  facet normal -0.500097 0.865969 0
    outer loop
      vertex 48.25 145.78 3
      vertex 52.25 148.09 0
      vertex 48.25 145.78 0
    endloop
  endfacet
  facet normal 0.500097 0.865969 -0
    outer loop
      vertex 48.25 145.78 0
      vertex 44.25 148.09 3
      vertex 48.25 145.78 3
    endloop
  endfacet
  facet normal 0.500097 0.865969 0
    outer loop
      vertex 44.25 148.09 3
      vertex 48.25 145.78 0
      vertex 44.25 148.09 0
    endloop
  endfacet
  facet normal 1 -0 0
    outer loop
      vertex 33.75 148.09 3
      vertex 33.75 152.708 0
      vertex 33.75 152.708 3
    endloop
  endfacet
  facet normal 1 0 0
    outer loop
      vertex 33.75 152.708 0
      vertex 33.75 148.09 3
      vertex 33.75 148.09 0
    endloop
  endfacet
  facet normal 0.500097 -0.865969 0
    outer loop
      vertex 33.75 152.708 0
      vertex 37.75 155.018 3
      vertex 33.75 152.708 3
    endloop
  endfacet
  facet normal 0.500097 -0.865969 0
    outer loop
      vertex 37.75 155.018 3
      vertex 33.75 152.708 0
      vertex 37.75 155.018 0
    endloop
  endfacet
  facet normal -0.500097 -0.865969 0
    outer loop
      vertex 37.75 155.018 0
      vertex 41.75 152.708 3
      vertex 37.75 155.018 3
    endloop
  endfacet
  facet normal -0.500097 -0.865969 -0
    outer loop
      vertex 41.75 152.708 3
      vertex 37.75 155.018 0
      vertex 41.75 152.708 0
    endloop
  endfacet
  facet normal -1 0 0
    outer loop
      vertex 41.75 148.09 0
      vertex 41.75 152.708 3
      vertex 41.75 152.708 0
    endloop
  endfacet
  facet normal -1 -0 0
    outer loop
      vertex 41.75 152.708 3
      vertex 41.75 148.09 0
      vertex 41.75 148.09 3
    endloop
  endfacet
  facet normal -0.500097 0.865969 0
    outer loop
      vertex 41.75 148.09 0
      vertex 37.75 145.78 3
      vertex 41.75 148.09 3
    endloop
  endfacet
  facet normal -0.500097 0.865969 0
    outer loop
      vertex 37.75 145.78 3
      vertex 41.75 148.09 0
      vertex 37.75 145.78 0
    endloop
  endfacet
  facet normal 0.500097 0.865969 -0
    outer loop
      vertex 37.75 145.78 0
      vertex 33.75 148.09 3
      vertex 37.75 145.78 3
    endloop
  endfacet
  facet normal 0.500097 0.865969 0
    outer loop
      vertex 33.75 148.09 3
      vertex 37.75 145.78 0
      vertex 33.75 148.09 0
    endloop
  endfacet
  facet normal 1 -0 0
    outer loop
      vertex 23.25 148.09 3
      vertex 23.25 152.708 0
      vertex 23.25 152.708 3
    endloop
  endfacet
  facet normal 1 0 0
    outer loop
      vertex 23.25 152.708 0
      vertex 23.25 148.09 3
      vertex 23.25 148.09 0
    endloop
  endfacet
  facet normal 0.500097 -0.865969 0
    outer loop
      vertex 23.25 152.708 0
      vertex 27.25 155.018 3
      vertex 23.25 152.708 3
    endloop
  endfacet
  facet normal 0.500097 -0.865969 0
    outer loop
      vertex 27.25 155.018 3
      vertex 23.25 152.708 0
      vertex 27.25 155.018 0
    endloop
  endfacet
  facet normal -0.500097 -0.865969 0
    outer loop
      vertex 27.25 155.018 0
      vertex 31.25 152.708 3
      vertex 27.25 155.018 3
    endloop
  endfacet
  facet normal -0.500097 -0.865969 -0
    outer loop
      vertex 31.25 152.708 3
      vertex 27.25 155.018 0
      vertex 31.25 152.708 0
    endloop
  endfacet
  facet normal -1 0 0
    outer loop
      vertex 31.25 148.09 0
      vertex 31.25 152.708 3
      vertex 31.25 152.708 0
    endloop
  endfacet
  facet normal -1 -0 0
    outer loop
      vertex 31.25 152.708 3
      vertex 31.25 148.09 0
      vertex 31.25 148.09 3
    endloop
  endfacet
  facet normal -0.500097 0.865969 0
    outer loop
      vertex 31.25 148.09 0
      vertex 27.25 145.78 3
      vertex 31.25 148.09 3
    endloop
  endfacet
  facet normal -0.500097 0.865969 0
    outer loop
      vertex 27.25 145.78 3
      vertex 31.25 148.09 0
      vertex 27.25 145.78 0
    endloop
  endfacet
  facet normal 0.500097 0.865969 -0
    outer loop
      vertex 27.25 145.78 0
      vertex 23.25 148.09 3
      vertex 27.25 145.78 3
    endloop
  endfacet
  facet normal 0.500097 0.865969 0
    outer loop
      vertex 23.25 148.09 3
      vertex 27.25 145.78 0
      vertex 23.25 148.09 0
    endloop
  endfacet
  facet normal 1 -0 0
    outer loop
      vertex 86.25 148.09 3
      vertex 86.25 152.708 0
      vertex 86.25 152.708 3
    endloop
  endfacet
  facet normal 1 0 0
    outer loop
      vertex 86.25 152.708 0
      vertex 86.25 148.09 3
      vertex 86.25 148.09 0
    endloop
  endfacet
  facet normal 0.500097 -0.865969 0
    outer loop
      vertex 86.25 152.708 0
      vertex 90.25 155.018 3
      vertex 86.25 152.708 3
    endloop
  endfacet
  facet normal 0.500097 -0.865969 0
    outer loop
      vertex 90.25 155.018 3
      vertex 86.25 152.708 0
      vertex 90.25 155.018 0
    endloop
  endfacet
  facet normal -0.500097 -0.865969 0
    outer loop
      vertex 90.25 155.018 0
      vertex 94.25 152.708 3
      vertex 90.25 155.018 3
    endloop
  endfacet
  facet normal -0.500097 -0.865969 -0
    outer loop
      vertex 94.25 152.708 3
      vertex 90.25 155.018 0
      vertex 94.25 152.708 0
    endloop
  endfacet
  facet normal -1 0 0
    outer loop
      vertex 94.25 148.09 0
      vertex 94.25 152.708 3
      vertex 94.25 152.708 0
    endloop
  endfacet
  facet normal -1 -0 0
    outer loop
      vertex 94.25 152.708 3
      vertex 94.25 148.09 0
      vertex 94.25 148.09 3
    endloop
  endfacet
  facet normal -0.500097 0.865969 0
    outer loop
      vertex 94.25 148.09 0
      vertex 90.25 145.78 3
      vertex 94.25 148.09 3
    endloop
  endfacet
  facet normal -0.500097 0.865969 0
    outer loop
      vertex 90.25 145.78 3
      vertex 94.25 148.09 0
      vertex 90.25 145.78 0
    endloop
  endfacet
  facet normal 0.500097 0.865969 -0
    outer loop
      vertex 90.25 145.78 0
      vertex 86.25 148.09 3
      vertex 90.25 145.78 3
    endloop
  endfacet
  facet normal 0.500097 0.865969 0
    outer loop
      vertex 86.25 148.09 3
      vertex 90.25 145.78 0
      vertex 86.25 148.09 0
    endloop
  endfacet
  facet normal 1 -0 0
    outer loop
      vertex 70.5 138.996 3
      vertex 70.5 143.615 0
      vertex 70.5 143.615 3
    endloop
  endfacet
  facet normal 1 0 0
    outer loop
      vertex 70.5 143.615 0
      vertex 70.5 138.996 3
      vertex 70.5 138.996 0
    endloop
  endfacet
  facet normal 0.500097 -0.865969 0
    outer loop
      vertex 70.5 143.615 0
      vertex 74.5 145.925 3
      vertex 70.5 143.615 3
    endloop
  endfacet
  facet normal 0.500097 -0.865969 0
    outer loop
      vertex 74.5 145.925 3
      vertex 70.5 143.615 0
      vertex 74.5 145.925 0
    endloop
  endfacet
  facet normal -0.500097 -0.865969 0
    outer loop
      vertex 74.5 145.925 0
      vertex 78.5 143.615 3
      vertex 74.5 145.925 3
    endloop
  endfacet
  facet normal -0.500097 -0.865969 -0
    outer loop
      vertex 78.5 143.615 3
      vertex 74.5 145.925 0
      vertex 78.5 143.615 0
    endloop
  endfacet
  facet normal -1 0 0
    outer loop
      vertex 78.5 138.996 0
      vertex 78.5 143.615 3
      vertex 78.5 143.615 0
    endloop
  endfacet
  facet normal -1 -0 0
    outer loop
      vertex 78.5 143.615 3
      vertex 78.5 138.996 0
      vertex 78.5 138.996 3
    endloop
  endfacet
  facet normal -0.499935 0.866063 0
    outer loop
      vertex 78.5 138.996 0
      vertex 74.5 136.687 3
      vertex 78.5 138.996 3
    endloop
  endfacet
  facet normal -0.499935 0.866063 0
    outer loop
      vertex 74.5 136.687 3
      vertex 78.5 138.996 0
      vertex 74.5 136.687 0
    endloop
  endfacet
  facet normal 0.499935 0.866063 -0
    outer loop
      vertex 74.5 136.687 0
      vertex 70.5 138.996 3
      vertex 74.5 136.687 3
    endloop
  endfacet
  facet normal 0.499935 0.866063 0
    outer loop
      vertex 70.5 138.996 3
      vertex 74.5 136.687 0
      vertex 70.5 138.996 0
    endloop
  endfacet
  facet normal 1 -0 0
    outer loop
      vertex 144 138.996 3
      vertex 144 143.615 0
      vertex 144 143.615 3
    endloop
  endfacet
  facet normal 1 0 0
    outer loop
      vertex 144 143.615 0
      vertex 144 138.996 3
      vertex 144 138.996 0
    endloop
  endfacet
  facet normal 0.500097 -0.865969 0
    outer loop
      vertex 144 143.615 0
      vertex 148 145.925 3
      vertex 144 143.615 3
    endloop
  endfacet
  facet normal 0.500097 -0.865969 0
    outer loop
      vertex 148 145.925 3
      vertex 144 143.615 0
      vertex 148 145.925 0
    endloop
  endfacet
  facet normal -0.500097 -0.865969 0
    outer loop
      vertex 148 145.925 0
      vertex 152 143.615 3
      vertex 148 145.925 3
    endloop
  endfacet
  facet normal -0.500097 -0.865969 -0
    outer loop
      vertex 152 143.615 3
      vertex 148 145.925 0
      vertex 152 143.615 0
    endloop
  endfacet
  facet normal -1 0 0
    outer loop
      vertex 152 138.996 0
      vertex 152 143.615 3
      vertex 152 143.615 0
    endloop
  endfacet
  facet normal -1 -0 0
    outer loop
      vertex 152 143.615 3
      vertex 152 138.996 0
      vertex 152 138.996 3
    endloop
  endfacet
  facet normal -0.499935 0.866063 0
    outer loop
      vertex 152 138.996 0
      vertex 148 136.687 3
      vertex 152 138.996 3
    endloop
  endfacet
  facet normal -0.499935 0.866063 0
    outer loop
      vertex 148 136.687 3
      vertex 152 138.996 0
      vertex 148 136.687 0
    endloop
  endfacet
  facet normal 0.499935 0.866063 -0
    outer loop
      vertex 148 136.687 0
      vertex 144 138.996 3
      vertex 148 136.687 3
    endloop
  endfacet
  facet normal 0.499935 0.866063 0
    outer loop
      vertex 144 138.996 3
      vertex 148 136.687 0
      vertex 144 138.996 0
    endloop
  endfacet
  facet normal 1 -0 0
    outer loop
      vertex 133.5 138.996 3
      vertex 133.5 143.615 0
      vertex 133.5 143.615 3
    endloop
  endfacet
  facet normal 1 0 0
    outer loop
      vertex 133.5 143.615 0
      vertex 133.5 138.996 3
      vertex 133.5 138.996 0
    endloop
  endfacet
  facet normal 0.500097 -0.865969 0
    outer loop
      vertex 133.5 143.615 0
      vertex 137.5 145.925 3
      vertex 133.5 143.615 3
    endloop
  endfacet
  facet normal 0.500097 -0.865969 0
    outer loop
      vertex 137.5 145.925 3
      vertex 133.5 143.615 0
      vertex 137.5 145.925 0
    endloop
  endfacet
  facet normal -0.500097 -0.865969 0
    outer loop
      vertex 137.5 145.925 0
      vertex 141.5 143.615 3
      vertex 137.5 145.925 3
    endloop
  endfacet
  facet normal -0.500097 -0.865969 -0
    outer loop
      vertex 141.5 143.615 3
      vertex 137.5 145.925 0
      vertex 141.5 143.615 0
    endloop
  endfacet
  facet normal -1 0 0
    outer loop
      vertex 141.5 138.996 0
      vertex 141.5 143.615 3
      vertex 141.5 143.615 0
    endloop
  endfacet
  facet normal -1 -0 0
    outer loop
      vertex 141.5 143.615 3
      vertex 141.5 138.996 0
      vertex 141.5 138.996 3
    endloop
  endfacet
  facet normal -0.499935 0.866063 0
    outer loop
      vertex 141.5 138.996 0
      vertex 137.5 136.687 3
      vertex 141.5 138.996 3
    endloop
  endfacet
  facet normal -0.499935 0.866063 0
    outer loop
      vertex 137.5 136.687 3
      vertex 141.5 138.996 0
      vertex 137.5 136.687 0
    endloop
  endfacet
  facet normal 0.499935 0.866063 -0
    outer loop
      vertex 137.5 136.687 0
      vertex 133.5 138.996 3
      vertex 137.5 136.687 3
    endloop
  endfacet
  facet normal 0.499935 0.866063 0
    outer loop
      vertex 133.5 138.996 3
      vertex 137.5 136.687 0
      vertex 133.5 138.996 0
    endloop
  endfacet
  facet normal 1 -0 0
    outer loop
      vertex 123 138.996 3
      vertex 123 143.615 0
      vertex 123 143.615 3
    endloop
  endfacet
  facet normal 1 0 0
    outer loop
      vertex 123 143.615 0
      vertex 123 138.996 3
      vertex 123 138.996 0
    endloop
  endfacet
  facet normal 0.500097 -0.865969 0
    outer loop
      vertex 123 143.615 0
      vertex 127 145.925 3
      vertex 123 143.615 3
    endloop
  endfacet
  facet normal 0.500097 -0.865969 0
    outer loop
      vertex 127 145.925 3
      vertex 123 143.615 0
      vertex 127 145.925 0
    endloop
  endfacet
  facet normal -0.500097 -0.865969 0
    outer loop
      vertex 127 145.925 0
      vertex 131 143.615 3
      vertex 127 145.925 3
    endloop
  endfacet
  facet normal -0.500097 -0.865969 -0
    outer loop
      vertex 131 143.615 3
      vertex 127 145.925 0
      vertex 131 143.615 0
    endloop
  endfacet
  facet normal -1 0 0
    outer loop
      vertex 131 138.996 0
      vertex 131 143.615 3
      vertex 131 143.615 0
    endloop
  endfacet
  facet normal -1 -0 0
    outer loop
      vertex 131 143.615 3
      vertex 131 138.996 0
      vertex 131 138.996 3
    endloop
  endfacet
  facet normal -0.499935 0.866063 0
    outer loop
      vertex 131 138.996 0
      vertex 127 136.687 3
      vertex 131 138.996 3
    endloop
  endfacet
  facet normal -0.499935 0.866063 0
    outer loop
      vertex 127 136.687 3
      vertex 131 138.996 0
      vertex 127 136.687 0
    endloop
  endfacet
  facet normal 0.499935 0.866063 -0
    outer loop
      vertex 127 136.687 0
      vertex 123 138.996 3
      vertex 127 136.687 3
    endloop
  endfacet
  facet normal 0.499935 0.866063 0
    outer loop
      vertex 123 138.996 3
      vertex 127 136.687 0
      vertex 123 138.996 0
    endloop
  endfacet
  facet normal 1 -0 0
    outer loop
      vertex 112.5 138.996 3
      vertex 112.5 143.615 0
      vertex 112.5 143.615 3
    endloop
  endfacet
  facet normal 1 0 0
    outer loop
      vertex 112.5 143.615 0
      vertex 112.5 138.996 3
      vertex 112.5 138.996 0
    endloop
  endfacet
  facet normal 0.500097 -0.865969 0
    outer loop
      vertex 112.5 143.615 0
      vertex 116.5 145.925 3
      vertex 112.5 143.615 3
    endloop
  endfacet
  facet normal 0.500097 -0.865969 0
    outer loop
      vertex 116.5 145.925 3
      vertex 112.5 143.615 0
      vertex 116.5 145.925 0
    endloop
  endfacet
  facet normal -0.500097 -0.865969 0
    outer loop
      vertex 116.5 145.925 0
      vertex 120.5 143.615 3
      vertex 116.5 145.925 3
    endloop
  endfacet
  facet normal -0.500097 -0.865969 -0
    outer loop
      vertex 120.5 143.615 3
      vertex 116.5 145.925 0
      vertex 120.5 143.615 0
    endloop
  endfacet
  facet normal -1 0 0
    outer loop
      vertex 120.5 138.996 0
      vertex 120.5 143.615 3
      vertex 120.5 143.615 0
    endloop
  endfacet
  facet normal -1 -0 0
    outer loop
      vertex 120.5 143.615 3
      vertex 120.5 138.996 0
      vertex 120.5 138.996 3
    endloop
  endfacet
  facet normal -0.499935 0.866063 0
    outer loop
      vertex 120.5 138.996 0
      vertex 116.5 136.687 3
      vertex 120.5 138.996 3
    endloop
  endfacet
  facet normal -0.499935 0.866063 0
    outer loop
      vertex 116.5 136.687 3
      vertex 120.5 138.996 0
      vertex 116.5 136.687 0
    endloop
  endfacet
  facet normal 0.499935 0.866063 -0
    outer loop
      vertex 116.5 136.687 0
      vertex 112.5 138.996 3
      vertex 116.5 136.687 3
    endloop
  endfacet
  facet normal 0.499935 0.866063 0
    outer loop
      vertex 112.5 138.996 3
      vertex 116.5 136.687 0
      vertex 112.5 138.996 0
    endloop
  endfacet
  facet normal 1 -0 0
    outer loop
      vertex 102 138.996 3
      vertex 102 143.615 0
      vertex 102 143.615 3
    endloop
  endfacet
  facet normal 1 0 0
    outer loop
      vertex 102 143.615 0
      vertex 102 138.996 3
      vertex 102 138.996 0
    endloop
  endfacet
  facet normal 0.500097 -0.865969 0
    outer loop
      vertex 102 143.615 0
      vertex 106 145.925 3
      vertex 102 143.615 3
    endloop
  endfacet
  facet normal 0.500097 -0.865969 0
    outer loop
      vertex 106 145.925 3
      vertex 102 143.615 0
      vertex 106 145.925 0
    endloop
  endfacet
  facet normal -0.500097 -0.865969 0
    outer loop
      vertex 106 145.925 0
      vertex 110 143.615 3
      vertex 106 145.925 3
    endloop
  endfacet
  facet normal -0.500097 -0.865969 -0
    outer loop
      vertex 110 143.615 3
      vertex 106 145.925 0
      vertex 110 143.615 0
    endloop
  endfacet
  facet normal -1 0 0
    outer loop
      vertex 110 138.996 0
      vertex 110 143.615 3
      vertex 110 143.615 0
    endloop
  endfacet
  facet normal -1 -0 0
    outer loop
      vertex 110 143.615 3
      vertex 110 138.996 0
      vertex 110 138.996 3
    endloop
  endfacet
  facet normal -0.499935 0.866063 0
    outer loop
      vertex 110 138.996 0
      vertex 106 136.687 3
      vertex 110 138.996 3
    endloop
  endfacet
  facet normal -0.499935 0.866063 0
    outer loop
      vertex 106 136.687 3
      vertex 110 138.996 0
      vertex 106 136.687 0
    endloop
  endfacet
  facet normal 0.499935 0.866063 -0
    outer loop
      vertex 106 136.687 0
      vertex 102 138.996 3
      vertex 106 136.687 3
    endloop
  endfacet
  facet normal 0.499935 0.866063 0
    outer loop
      vertex 102 138.996 3
      vertex 106 136.687 0
      vertex 102 138.996 0
    endloop
  endfacet
  facet normal 1 -0 0
    outer loop
      vertex 81 138.996 3
      vertex 81 143.615 0
      vertex 81 143.615 3
    endloop
  endfacet
  facet normal 1 0 0
    outer loop
      vertex 81 143.615 0
      vertex 81 138.996 3
      vertex 81 138.996 0
    endloop
  endfacet
  facet normal 0.500097 -0.865969 0
    outer loop
      vertex 81 143.615 0
      vertex 85 145.925 3
      vertex 81 143.615 3
    endloop
  endfacet
  facet normal 0.500097 -0.865969 0
    outer loop
      vertex 85 145.925 3
      vertex 81 143.615 0
      vertex 85 145.925 0
    endloop
  endfacet
  facet normal -0.500097 -0.865969 0
    outer loop
      vertex 85 145.925 0
      vertex 89 143.615 3
      vertex 85 145.925 3
    endloop
  endfacet
  facet normal -0.500097 -0.865969 -0
    outer loop
      vertex 89 143.615 3
      vertex 85 145.925 0
      vertex 89 143.615 0
    endloop
  endfacet
  facet normal -1 0 0
    outer loop
      vertex 89 138.996 0
      vertex 89 143.615 3
      vertex 89 143.615 0
    endloop
  endfacet
  facet normal -1 -0 0
    outer loop
      vertex 89 143.615 3
      vertex 89 138.996 0
      vertex 89 138.996 3
    endloop
  endfacet
  facet normal -0.499935 0.866063 0
    outer loop
      vertex 89 138.996 0
      vertex 85 136.687 3
      vertex 89 138.996 3
    endloop
  endfacet
  facet normal -0.499935 0.866063 0
    outer loop
      vertex 85 136.687 3
      vertex 89 138.996 0
      vertex 85 136.687 0
    endloop
  endfacet
  facet normal 0.499935 0.866063 -0
    outer loop
      vertex 85 136.687 0
      vertex 81 138.996 3
      vertex 85 136.687 3
    endloop
  endfacet
  facet normal 0.499935 0.866063 0
    outer loop
      vertex 81 138.996 3
      vertex 85 136.687 0
      vertex 81 138.996 0
    endloop
  endfacet
  facet normal 1 -0 0
    outer loop
      vertex 60 138.996 3
      vertex 60 143.615 0
      vertex 60 143.615 3
    endloop
  endfacet
  facet normal 1 0 0
    outer loop
      vertex 60 143.615 0
      vertex 60 138.996 3
      vertex 60 138.996 0
    endloop
  endfacet
  facet normal 0.500097 -0.865969 0
    outer loop
      vertex 60 143.615 0
      vertex 64 145.925 3
      vertex 60 143.615 3
    endloop
  endfacet
  facet normal 0.500097 -0.865969 0
    outer loop
      vertex 64 145.925 3
      vertex 60 143.615 0
      vertex 64 145.925 0
    endloop
  endfacet
  facet normal -0.500097 -0.865969 0
    outer loop
      vertex 64 145.925 0
      vertex 68 143.615 3
      vertex 64 145.925 3
    endloop
  endfacet
  facet normal -0.500097 -0.865969 -0
    outer loop
      vertex 68 143.615 3
      vertex 64 145.925 0
      vertex 68 143.615 0
    endloop
  endfacet
  facet normal -1 0 0
    outer loop
      vertex 68 138.996 0
      vertex 68 143.615 3
      vertex 68 143.615 0
    endloop
  endfacet
  facet normal -1 -0 0
    outer loop
      vertex 68 143.615 3
      vertex 68 138.996 0
      vertex 68 138.996 3
    endloop
  endfacet
  facet normal -0.499935 0.866063 0
    outer loop
      vertex 68 138.996 0
      vertex 64 136.687 3
      vertex 68 138.996 3
    endloop
  endfacet
  facet normal -0.499935 0.866063 0
    outer loop
      vertex 64 136.687 3
      vertex 68 138.996 0
      vertex 64 136.687 0
    endloop
  endfacet
  facet normal 0.499935 0.866063 -0
    outer loop
      vertex 64 136.687 0
      vertex 60 138.996 3
      vertex 64 136.687 3
    endloop
  endfacet
  facet normal 0.499935 0.866063 0
    outer loop
      vertex 60 138.996 3
      vertex 64 136.687 0
      vertex 60 138.996 0
    endloop
  endfacet
  facet normal 1 -0 0
    outer loop
      vertex 49.5 138.996 3
      vertex 49.5 143.615 0
      vertex 49.5 143.615 3
    endloop
  endfacet
  facet normal 1 0 0
    outer loop
      vertex 49.5 143.615 0
      vertex 49.5 138.996 3
      vertex 49.5 138.996 0
    endloop
  endfacet
  facet normal 0.500097 -0.865969 0
    outer loop
      vertex 49.5 143.615 0
      vertex 53.5 145.925 3
      vertex 49.5 143.615 3
    endloop
  endfacet
  facet normal 0.500097 -0.865969 0
    outer loop
      vertex 53.5 145.925 3
      vertex 49.5 143.615 0
      vertex 53.5 145.925 0
    endloop
  endfacet
  facet normal -0.500097 -0.865969 0
    outer loop
      vertex 53.5 145.925 0
      vertex 57.5 143.615 3
      vertex 53.5 145.925 3
    endloop
  endfacet
  facet normal -0.500097 -0.865969 -0
    outer loop
      vertex 57.5 143.615 3
      vertex 53.5 145.925 0
      vertex 57.5 143.615 0
    endloop
  endfacet
  facet normal -1 0 0
    outer loop
      vertex 57.5 138.996 0
      vertex 57.5 143.615 3
      vertex 57.5 143.615 0
    endloop
  endfacet
  facet normal -1 -0 0
    outer loop
      vertex 57.5 143.615 3
      vertex 57.5 138.996 0
      vertex 57.5 138.996 3
    endloop
  endfacet
  facet normal -0.499935 0.866063 0
    outer loop
      vertex 57.5 138.996 0
      vertex 53.5 136.687 3
      vertex 57.5 138.996 3
    endloop
  endfacet
  facet normal -0.499935 0.866063 0
    outer loop
      vertex 53.5 136.687 3
      vertex 57.5 138.996 0
      vertex 53.5 136.687 0
    endloop
  endfacet
  facet normal 0.499935 0.866063 -0
    outer loop
      vertex 53.5 136.687 0
      vertex 49.5 138.996 3
      vertex 53.5 136.687 3
    endloop
  endfacet
  facet normal 0.499935 0.866063 0
    outer loop
      vertex 49.5 138.996 3
      vertex 53.5 136.687 0
      vertex 49.5 138.996 0
    endloop
  endfacet
  facet normal 1 -0 0
    outer loop
      vertex 39 138.996 3
      vertex 39 143.615 0
      vertex 39 143.615 3
    endloop
  endfacet
  facet normal 1 0 0
    outer loop
      vertex 39 143.615 0
      vertex 39 138.996 3
      vertex 39 138.996 0
    endloop
  endfacet
  facet normal 0.500097 -0.865969 0
    outer loop
      vertex 39 143.615 0
      vertex 43 145.925 3
      vertex 39 143.615 3
    endloop
  endfacet
  facet normal 0.500097 -0.865969 0
    outer loop
      vertex 43 145.925 3
      vertex 39 143.615 0
      vertex 43 145.925 0
    endloop
  endfacet
  facet normal -0.500097 -0.865969 0
    outer loop
      vertex 43 145.925 0
      vertex 47 143.615 3
      vertex 43 145.925 3
    endloop
  endfacet
  facet normal -0.500097 -0.865969 -0
    outer loop
      vertex 47 143.615 3
      vertex 43 145.925 0
      vertex 47 143.615 0
    endloop
  endfacet
  facet normal -1 0 0
    outer loop
      vertex 47 138.996 0
      vertex 47 143.615 3
      vertex 47 143.615 0
    endloop
  endfacet
  facet normal -1 -0 0
    outer loop
      vertex 47 143.615 3
      vertex 47 138.996 0
      vertex 47 138.996 3
    endloop
  endfacet
  facet normal -0.499935 0.866063 0
    outer loop
      vertex 47 138.996 0
      vertex 43 136.687 3
      vertex 47 138.996 3
    endloop
  endfacet
  facet normal -0.499935 0.866063 0
    outer loop
      vertex 43 136.687 3
      vertex 47 138.996 0
      vertex 43 136.687 0
    endloop
  endfacet
  facet normal 0.499935 0.866063 -0
    outer loop
      vertex 43 136.687 0
      vertex 39 138.996 3
      vertex 43 136.687 3
    endloop
  endfacet
  facet normal 0.499935 0.866063 0
    outer loop
      vertex 39 138.996 3
      vertex 43 136.687 0
      vertex 39 138.996 0
    endloop
  endfacet
  facet normal 1 -0 0
    outer loop
      vertex 28.5 138.996 3
      vertex 28.5 143.615 0
      vertex 28.5 143.615 3
    endloop
  endfacet
  facet normal 1 0 0
    outer loop
      vertex 28.5 143.615 0
      vertex 28.5 138.996 3
      vertex 28.5 138.996 0
    endloop
  endfacet
  facet normal 0.500097 -0.865969 0
    outer loop
      vertex 28.5 143.615 0
      vertex 32.5 145.925 3
      vertex 28.5 143.615 3
    endloop
  endfacet
  facet normal 0.500097 -0.865969 0
    outer loop
      vertex 32.5 145.925 3
      vertex 28.5 143.615 0
      vertex 32.5 145.925 0
    endloop
  endfacet
  facet normal -0.500097 -0.865969 0
    outer loop
      vertex 32.5 145.925 0
      vertex 36.5 143.615 3
      vertex 32.5 145.925 3
    endloop
  endfacet
  facet normal -0.500097 -0.865969 -0
    outer loop
      vertex 36.5 143.615 3
      vertex 32.5 145.925 0
      vertex 36.5 143.615 0
    endloop
  endfacet
  facet normal -1 0 0
    outer loop
      vertex 36.5 138.996 0
      vertex 36.5 143.615 3
      vertex 36.5 143.615 0
    endloop
  endfacet
  facet normal -1 -0 0
    outer loop
      vertex 36.5 143.615 3
      vertex 36.5 138.996 0
      vertex 36.5 138.996 3
    endloop
  endfacet
  facet normal -0.499935 0.866063 0
    outer loop
      vertex 36.5 138.996 0
      vertex 32.5 136.687 3
      vertex 36.5 138.996 3
    endloop
  endfacet
  facet normal -0.499935 0.866063 0
    outer loop
      vertex 32.5 136.687 3
      vertex 36.5 138.996 0
      vertex 32.5 136.687 0
    endloop
  endfacet
  facet normal 0.499935 0.866063 -0
    outer loop
      vertex 32.5 136.687 0
      vertex 28.5 138.996 3
      vertex 32.5 136.687 3
    endloop
  endfacet
  facet normal 0.499935 0.866063 0
    outer loop
      vertex 28.5 138.996 3
      vertex 32.5 136.687 0
      vertex 28.5 138.996 0
    endloop
  endfacet
  facet normal 1 -0 0
    outer loop
      vertex 91.5 138.996 3
      vertex 91.5 143.615 0
      vertex 91.5 143.615 3
    endloop
  endfacet
  facet normal 1 0 0
    outer loop
      vertex 91.5 143.615 0
      vertex 91.5 138.996 3
      vertex 91.5 138.996 0
    endloop
  endfacet
  facet normal 0.500097 -0.865969 0
    outer loop
      vertex 91.5 143.615 0
      vertex 95.5 145.925 3
      vertex 91.5 143.615 3
    endloop
  endfacet
  facet normal 0.500097 -0.865969 0
    outer loop
      vertex 95.5 145.925 3
      vertex 91.5 143.615 0
      vertex 95.5 145.925 0
    endloop
  endfacet
  facet normal -0.500097 -0.865969 0
    outer loop
      vertex 95.5 145.925 0
      vertex 99.5 143.615 3
      vertex 95.5 145.925 3
    endloop
  endfacet
  facet normal -0.500097 -0.865969 -0
    outer loop
      vertex 99.5 143.615 3
      vertex 95.5 145.925 0
      vertex 99.5 143.615 0
    endloop
  endfacet
  facet normal -1 0 0
    outer loop
      vertex 99.5 138.996 0
      vertex 99.5 143.615 3
      vertex 99.5 143.615 0
    endloop
  endfacet
  facet normal -1 -0 0
    outer loop
      vertex 99.5 143.615 3
      vertex 99.5 138.996 0
      vertex 99.5 138.996 3
    endloop
  endfacet
  facet normal -0.499935 0.866063 0
    outer loop
      vertex 99.5 138.996 0
      vertex 95.5 136.687 3
      vertex 99.5 138.996 3
    endloop
  endfacet
  facet normal -0.499935 0.866063 0
    outer loop
      vertex 95.5 136.687 3
      vertex 99.5 138.996 0
      vertex 95.5 136.687 0
    endloop
  endfacet
  facet normal 0.499935 0.866063 -0
    outer loop
      vertex 95.5 136.687 0
      vertex 91.5 138.996 3
      vertex 95.5 136.687 3
    endloop
  endfacet
  facet normal 0.499935 0.866063 0
    outer loop
      vertex 91.5 138.996 3
      vertex 95.5 136.687 0
      vertex 91.5 138.996 0
    endloop
  endfacet
  facet normal 1 -0 0
    outer loop
      vertex 128.25 129.903 3
      vertex 128.25 134.522 0
      vertex 128.25 134.522 3
    endloop
  endfacet
  facet normal 1 0 0
    outer loop
      vertex 128.25 134.522 0
      vertex 128.25 129.903 3
      vertex 128.25 129.903 0
    endloop
  endfacet
  facet normal 0.499935 -0.866063 0
    outer loop
      vertex 128.25 134.522 0
      vertex 132.25 136.831 3
      vertex 128.25 134.522 3
    endloop
  endfacet
  facet normal 0.499935 -0.866063 0
    outer loop
      vertex 132.25 136.831 3
      vertex 128.25 134.522 0
      vertex 132.25 136.831 0
    endloop
  endfacet
  facet normal -0.499935 -0.866063 0
    outer loop
      vertex 132.25 136.831 0
      vertex 136.25 134.522 3
      vertex 132.25 136.831 3
    endloop
  endfacet
  facet normal -0.499935 -0.866063 -0
    outer loop
      vertex 136.25 134.522 3
      vertex 132.25 136.831 0
      vertex 136.25 134.522 0
    endloop
  endfacet
  facet normal -1 0 0
    outer loop
      vertex 136.25 129.903 0
      vertex 136.25 134.522 3
      vertex 136.25 134.522 0
    endloop
  endfacet
  facet normal -1 -0 0
    outer loop
      vertex 136.25 134.522 3
      vertex 136.25 129.903 0
      vertex 136.25 129.903 3
    endloop
  endfacet
  facet normal -0.499935 0.866063 0
    outer loop
      vertex 136.25 129.903 0
      vertex 132.25 127.594 3
      vertex 136.25 129.903 3
    endloop
  endfacet
  facet normal -0.499935 0.866063 0
    outer loop
      vertex 132.25 127.594 3
      vertex 136.25 129.903 0
      vertex 132.25 127.594 0
    endloop
  endfacet
  facet normal 0.499935 0.866063 -0
    outer loop
      vertex 132.25 127.594 0
      vertex 128.25 129.903 3
      vertex 132.25 127.594 3
    endloop
  endfacet
  facet normal 0.499935 0.866063 0
    outer loop
      vertex 128.25 129.903 3
      vertex 132.25 127.594 0
      vertex 128.25 129.903 0
    endloop
  endfacet
  facet normal 1 -0 0
    outer loop
      vertex 96.75 129.903 3
      vertex 96.75 134.522 0
      vertex 96.75 134.522 3
    endloop
  endfacet
  facet normal 1 0 0
    outer loop
      vertex 96.75 134.522 0
      vertex 96.75 129.903 3
      vertex 96.75 129.903 0
    endloop
  endfacet
  facet normal 0.499935 -0.866063 0
    outer loop
      vertex 96.75 134.522 0
      vertex 100.75 136.831 3
      vertex 96.75 134.522 3
    endloop
  endfacet
  facet normal 0.499935 -0.866063 0
    outer loop
      vertex 100.75 136.831 3
      vertex 96.75 134.522 0
      vertex 100.75 136.831 0
    endloop
  endfacet
  facet normal -0.499935 -0.866063 0
    outer loop
      vertex 100.75 136.831 0
      vertex 104.75 134.522 3
      vertex 100.75 136.831 3
    endloop
  endfacet
  facet normal -0.499935 -0.866063 -0
    outer loop
      vertex 104.75 134.522 3
      vertex 100.75 136.831 0
      vertex 104.75 134.522 0
    endloop
  endfacet
  facet normal -1 0 0
    outer loop
      vertex 104.75 129.903 0
      vertex 104.75 134.522 3
      vertex 104.75 134.522 0
    endloop
  endfacet
  facet normal -1 -0 0
    outer loop
      vertex 104.75 134.522 3
      vertex 104.75 129.903 0
      vertex 104.75 129.903 3
    endloop
  endfacet
  facet normal -0.499935 0.866063 0
    outer loop
      vertex 104.75 129.903 0
      vertex 100.75 127.594 3
      vertex 104.75 129.903 3
    endloop
  endfacet
  facet normal -0.499935 0.866063 0
    outer loop
      vertex 100.75 127.594 3
      vertex 104.75 129.903 0
      vertex 100.75 127.594 0
    endloop
  endfacet
  facet normal 0.499935 0.866063 -0
    outer loop
      vertex 100.75 127.594 0
      vertex 96.75 129.903 3
      vertex 100.75 127.594 3
    endloop
  endfacet
  facet normal 0.499935 0.866063 0
    outer loop
      vertex 96.75 129.903 3
      vertex 100.75 127.594 0
      vertex 96.75 129.903 0
    endloop
  endfacet
  facet normal 1 -0 0
    outer loop
      vertex 149.25 129.903 3
      vertex 149.25 134.522 0
      vertex 149.25 134.522 3
    endloop
  endfacet
  facet normal 1 0 0
    outer loop
      vertex 149.25 134.522 0
      vertex 149.25 129.903 3
      vertex 149.25 129.903 0
    endloop
  endfacet
  facet normal 0.499935 -0.866063 0
    outer loop
      vertex 149.25 134.522 0
      vertex 153.25 136.831 3
      vertex 149.25 134.522 3
    endloop
  endfacet
  facet normal 0.499935 -0.866063 0
    outer loop
      vertex 153.25 136.831 3
      vertex 149.25 134.522 0
      vertex 153.25 136.831 0
    endloop
  endfacet
  facet normal -0.499935 -0.866063 0
    outer loop
      vertex 153.25 136.831 0
      vertex 157.25 134.522 3
      vertex 153.25 136.831 3
    endloop
  endfacet
  facet normal -0.499935 -0.866063 -0
    outer loop
      vertex 157.25 134.522 3
      vertex 153.25 136.831 0
      vertex 157.25 134.522 0
    endloop
  endfacet
  facet normal -1 0 0
    outer loop
      vertex 157.25 129.903 0
      vertex 157.25 134.522 3
      vertex 157.25 134.522 0
    endloop
  endfacet
  facet normal -1 -0 0
    outer loop
      vertex 157.25 134.522 3
      vertex 157.25 129.903 0
      vertex 157.25 129.903 3
    endloop
  endfacet
  facet normal -0.499935 0.866063 0
    outer loop
      vertex 157.25 129.903 0
      vertex 153.25 127.594 3
      vertex 157.25 129.903 3
    endloop
  endfacet
  facet normal -0.499935 0.866063 0
    outer loop
      vertex 153.25 127.594 3
      vertex 157.25 129.903 0
      vertex 153.25 127.594 0
    endloop
  endfacet
  facet normal 0.499935 0.866063 -0
    outer loop
      vertex 153.25 127.594 0
      vertex 149.25 129.903 3
      vertex 153.25 127.594 3
    endloop
  endfacet
  facet normal 0.499935 0.866063 0
    outer loop
      vertex 149.25 129.903 3
      vertex 153.25 127.594 0
      vertex 149.25 129.903 0
    endloop
  endfacet
  facet normal 1 -0 0
    outer loop
      vertex 138.75 129.903 3
      vertex 138.75 134.522 0
      vertex 138.75 134.522 3
    endloop
  endfacet
  facet normal 1 0 0
    outer loop
      vertex 138.75 134.522 0
      vertex 138.75 129.903 3
      vertex 138.75 129.903 0
    endloop
  endfacet
  facet normal 0.499935 -0.866063 0
    outer loop
      vertex 138.75 134.522 0
      vertex 142.75 136.831 3
      vertex 138.75 134.522 3
    endloop
  endfacet
  facet normal 0.499935 -0.866063 0
    outer loop
      vertex 142.75 136.831 3
      vertex 138.75 134.522 0
      vertex 142.75 136.831 0
    endloop
  endfacet
  facet normal -0.499935 -0.866063 0
    outer loop
      vertex 142.75 136.831 0
      vertex 146.75 134.522 3
      vertex 142.75 136.831 3
    endloop
  endfacet
  facet normal -0.499935 -0.866063 -0
    outer loop
      vertex 146.75 134.522 3
      vertex 142.75 136.831 0
      vertex 146.75 134.522 0
    endloop
  endfacet
  facet normal -1 0 0
    outer loop
      vertex 146.75 129.903 0
      vertex 146.75 134.522 3
      vertex 146.75 134.522 0
    endloop
  endfacet
  facet normal -1 -0 0
    outer loop
      vertex 146.75 134.522 3
      vertex 146.75 129.903 0
      vertex 146.75 129.903 3
    endloop
  endfacet
  facet normal -0.499935 0.866063 0
    outer loop
      vertex 146.75 129.903 0
      vertex 142.75 127.594 3
      vertex 146.75 129.903 3
    endloop
  endfacet
  facet normal -0.499935 0.866063 0
    outer loop
      vertex 142.75 127.594 3
      vertex 146.75 129.903 0
      vertex 142.75 127.594 0
    endloop
  endfacet
  facet normal 0.499935 0.866063 -0
    outer loop
      vertex 142.75 127.594 0
      vertex 138.75 129.903 3
      vertex 142.75 127.594 3
    endloop
  endfacet
  facet normal 0.499935 0.866063 0
    outer loop
      vertex 138.75 129.903 3
      vertex 142.75 127.594 0
      vertex 138.75 129.903 0
    endloop
  endfacet
  facet normal 1 -0 0
    outer loop
      vertex 117.75 129.903 3
      vertex 117.75 134.522 0
      vertex 117.75 134.522 3
    endloop
  endfacet
  facet normal 1 0 0
    outer loop
      vertex 117.75 134.522 0
      vertex 117.75 129.903 3
      vertex 117.75 129.903 0
    endloop
  endfacet
  facet normal 0.499935 -0.866063 0
    outer loop
      vertex 117.75 134.522 0
      vertex 121.75 136.831 3
      vertex 117.75 134.522 3
    endloop
  endfacet
  facet normal 0.499935 -0.866063 0
    outer loop
      vertex 121.75 136.831 3
      vertex 117.75 134.522 0
      vertex 121.75 136.831 0
    endloop
  endfacet
  facet normal -0.499935 -0.866063 0
    outer loop
      vertex 121.75 136.831 0
      vertex 125.75 134.522 3
      vertex 121.75 136.831 3
    endloop
  endfacet
  facet normal -0.499935 -0.866063 -0
    outer loop
      vertex 125.75 134.522 3
      vertex 121.75 136.831 0
      vertex 125.75 134.522 0
    endloop
  endfacet
  facet normal -1 0 0
    outer loop
      vertex 125.75 129.903 0
      vertex 125.75 134.522 3
      vertex 125.75 134.522 0
    endloop
  endfacet
  facet normal -1 -0 0
    outer loop
      vertex 125.75 134.522 3
      vertex 125.75 129.903 0
      vertex 125.75 129.903 3
    endloop
  endfacet
  facet normal -0.499935 0.866063 0
    outer loop
      vertex 125.75 129.903 0
      vertex 121.75 127.594 3
      vertex 125.75 129.903 3
    endloop
  endfacet
  facet normal -0.499935 0.866063 0
    outer loop
      vertex 121.75 127.594 3
      vertex 125.75 129.903 0
      vertex 121.75 127.594 0
    endloop
  endfacet
  facet normal 0.499935 0.866063 -0
    outer loop
      vertex 121.75 127.594 0
      vertex 117.75 129.903 3
      vertex 121.75 127.594 3
    endloop
  endfacet
  facet normal 0.499935 0.866063 0
    outer loop
      vertex 117.75 129.903 3
      vertex 121.75 127.594 0
      vertex 117.75 129.903 0
    endloop
  endfacet
  facet normal 1 -0 0
    outer loop
      vertex 107.25 129.903 3
      vertex 107.25 134.522 0
      vertex 107.25 134.522 3
    endloop
  endfacet
  facet normal 1 0 0
    outer loop
      vertex 107.25 134.522 0
      vertex 107.25 129.903 3
      vertex 107.25 129.903 0
    endloop
  endfacet
  facet normal 0.499935 -0.866063 0
    outer loop
      vertex 107.25 134.522 0
      vertex 111.25 136.831 3
      vertex 107.25 134.522 3
    endloop
  endfacet
  facet normal 0.499935 -0.866063 0
    outer loop
      vertex 111.25 136.831 3
      vertex 107.25 134.522 0
      vertex 111.25 136.831 0
    endloop
  endfacet
  facet normal -0.499935 -0.866063 0
    outer loop
      vertex 111.25 136.831 0
      vertex 115.25 134.522 3
      vertex 111.25 136.831 3
    endloop
  endfacet
  facet normal -0.499935 -0.866063 -0
    outer loop
      vertex 115.25 134.522 3
      vertex 111.25 136.831 0
      vertex 115.25 134.522 0
    endloop
  endfacet
  facet normal -1 0 0
    outer loop
      vertex 115.25 129.903 0
      vertex 115.25 134.522 3
      vertex 115.25 134.522 0
    endloop
  endfacet
  facet normal -1 -0 0
    outer loop
      vertex 115.25 134.522 3
      vertex 115.25 129.903 0
      vertex 115.25 129.903 3
    endloop
  endfacet
  facet normal -0.499935 0.866063 0
    outer loop
      vertex 115.25 129.903 0
      vertex 111.25 127.594 3
      vertex 115.25 129.903 3
    endloop
  endfacet
  facet normal -0.499935 0.866063 0
    outer loop
      vertex 111.25 127.594 3
      vertex 115.25 129.903 0
      vertex 111.25 127.594 0
    endloop
  endfacet
  facet normal 0.499935 0.866063 -0
    outer loop
      vertex 111.25 127.594 0
      vertex 107.25 129.903 3
      vertex 111.25 127.594 3
    endloop
  endfacet
  facet normal 0.499935 0.866063 0
    outer loop
      vertex 107.25 129.903 3
      vertex 111.25 127.594 0
      vertex 107.25 129.903 0
    endloop
  endfacet
  facet normal 1 -0 0
    outer loop
      vertex 75.75 129.903 3
      vertex 75.75 134.522 0
      vertex 75.75 134.522 3
    endloop
  endfacet
  facet normal 1 0 0
    outer loop
      vertex 75.75 134.522 0
      vertex 75.75 129.903 3
      vertex 75.75 129.903 0
    endloop
  endfacet
  facet normal 0.499935 -0.866063 0
    outer loop
      vertex 75.75 134.522 0
      vertex 79.75 136.831 3
      vertex 75.75 134.522 3
    endloop
  endfacet
  facet normal 0.499935 -0.866063 0
    outer loop
      vertex 79.75 136.831 3
      vertex 75.75 134.522 0
      vertex 79.75 136.831 0
    endloop
  endfacet
  facet normal -0.499935 -0.866063 0
    outer loop
      vertex 79.75 136.831 0
      vertex 83.75 134.522 3
      vertex 79.75 136.831 3
    endloop
  endfacet
  facet normal -0.499935 -0.866063 -0
    outer loop
      vertex 83.75 134.522 3
      vertex 79.75 136.831 0
      vertex 83.75 134.522 0
    endloop
  endfacet
  facet normal -1 0 0
    outer loop
      vertex 83.75 129.903 0
      vertex 83.75 134.522 3
      vertex 83.75 134.522 0
    endloop
  endfacet
  facet normal -1 -0 0
    outer loop
      vertex 83.75 134.522 3
      vertex 83.75 129.903 0
      vertex 83.75 129.903 3
    endloop
  endfacet
  facet normal -0.499935 0.866063 0
    outer loop
      vertex 83.75 129.903 0
      vertex 79.75 127.594 3
      vertex 83.75 129.903 3
    endloop
  endfacet
  facet normal -0.499935 0.866063 0
    outer loop
      vertex 79.75 127.594 3
      vertex 83.75 129.903 0
      vertex 79.75 127.594 0
    endloop
  endfacet
  facet normal 0.499935 0.866063 -0
    outer loop
      vertex 79.75 127.594 0
      vertex 75.75 129.903 3
      vertex 79.75 127.594 3
    endloop
  endfacet
  facet normal 0.499935 0.866063 0
    outer loop
      vertex 75.75 129.903 3
      vertex 79.75 127.594 0
      vertex 75.75 129.903 0
    endloop
  endfacet
  facet normal 1 -0 0
    outer loop
      vertex 86.25 129.903 3
      vertex 86.25 134.522 0
      vertex 86.25 134.522 3
    endloop
  endfacet
  facet normal 1 0 0
    outer loop
      vertex 86.25 134.522 0
      vertex 86.25 129.903 3
      vertex 86.25 129.903 0
    endloop
  endfacet
  facet normal 0.499935 -0.866063 0
    outer loop
      vertex 86.25 134.522 0
      vertex 90.25 136.831 3
      vertex 86.25 134.522 3
    endloop
  endfacet
  facet normal 0.499935 -0.866063 0
    outer loop
      vertex 90.25 136.831 3
      vertex 86.25 134.522 0
      vertex 90.25 136.831 0
    endloop
  endfacet
  facet normal -0.499935 -0.866063 0
    outer loop
      vertex 90.25 136.831 0
      vertex 94.25 134.522 3
      vertex 90.25 136.831 3
    endloop
  endfacet
  facet normal -0.499935 -0.866063 -0
    outer loop
      vertex 94.25 134.522 3
      vertex 90.25 136.831 0
      vertex 94.25 134.522 0
    endloop
  endfacet
  facet normal -1 0 0
    outer loop
      vertex 94.25 129.903 0
      vertex 94.25 134.522 3
      vertex 94.25 134.522 0
    endloop
  endfacet
  facet normal -1 -0 0
    outer loop
      vertex 94.25 134.522 3
      vertex 94.25 129.903 0
      vertex 94.25 129.903 3
    endloop
  endfacet
  facet normal -0.499935 0.866063 0
    outer loop
      vertex 94.25 129.903 0
      vertex 90.25 127.594 3
      vertex 94.25 129.903 3
    endloop
  endfacet
  facet normal -0.499935 0.866063 0
    outer loop
      vertex 90.25 127.594 3
      vertex 94.25 129.903 0
      vertex 90.25 127.594 0
    endloop
  endfacet
  facet normal 0.499935 0.866063 -0
    outer loop
      vertex 90.25 127.594 0
      vertex 86.25 129.903 3
      vertex 90.25 127.594 3
    endloop
  endfacet
  facet normal 0.499935 0.866063 0
    outer loop
      vertex 86.25 129.903 3
      vertex 90.25 127.594 0
      vertex 86.25 129.903 0
    endloop
  endfacet
  facet normal 1 -0 0
    outer loop
      vertex 33.75 129.903 3
      vertex 33.75 134.522 0
      vertex 33.75 134.522 3
    endloop
  endfacet
  facet normal 1 0 0
    outer loop
      vertex 33.75 134.522 0
      vertex 33.75 129.903 3
      vertex 33.75 129.903 0
    endloop
  endfacet
  facet normal 0.499935 -0.866063 0
    outer loop
      vertex 33.75 134.522 0
      vertex 37.75 136.831 3
      vertex 33.75 134.522 3
    endloop
  endfacet
  facet normal 0.499935 -0.866063 0
    outer loop
      vertex 37.75 136.831 3
      vertex 33.75 134.522 0
      vertex 37.75 136.831 0
    endloop
  endfacet
  facet normal -0.499935 -0.866063 0
    outer loop
      vertex 37.75 136.831 0
      vertex 41.75 134.522 3
      vertex 37.75 136.831 3
    endloop
  endfacet
  facet normal -0.499935 -0.866063 -0
    outer loop
      vertex 41.75 134.522 3
      vertex 37.75 136.831 0
      vertex 41.75 134.522 0
    endloop
  endfacet
  facet normal -1 0 0
    outer loop
      vertex 41.75 129.903 0
      vertex 41.75 134.522 3
      vertex 41.75 134.522 0
    endloop
  endfacet
  facet normal -1 -0 0
    outer loop
      vertex 41.75 134.522 3
      vertex 41.75 129.903 0
      vertex 41.75 129.903 3
    endloop
  endfacet
  facet normal -0.499935 0.866063 0
    outer loop
      vertex 41.75 129.903 0
      vertex 37.75 127.594 3
      vertex 41.75 129.903 3
    endloop
  endfacet
  facet normal -0.499935 0.866063 0
    outer loop
      vertex 37.75 127.594 3
      vertex 41.75 129.903 0
      vertex 37.75 127.594 0
    endloop
  endfacet
  facet normal 0.499935 0.866063 -0
    outer loop
      vertex 37.75 127.594 0
      vertex 33.75 129.903 3
      vertex 37.75 127.594 3
    endloop
  endfacet
  facet normal 0.499935 0.866063 0
    outer loop
      vertex 33.75 129.903 3
      vertex 37.75 127.594 0
      vertex 33.75 129.903 0
    endloop
  endfacet
  facet normal 1 -0 0
    outer loop
      vertex 44.25 129.903 3
      vertex 44.25 134.522 0
      vertex 44.25 134.522 3
    endloop
  endfacet
  facet normal 1 0 0
    outer loop
      vertex 44.25 134.522 0
      vertex 44.25 129.903 3
      vertex 44.25 129.903 0
    endloop
  endfacet
  facet normal 0.499935 -0.866063 0
    outer loop
      vertex 44.25 134.522 0
      vertex 48.25 136.831 3
      vertex 44.25 134.522 3
    endloop
  endfacet
  facet normal 0.499935 -0.866063 0
    outer loop
      vertex 48.25 136.831 3
      vertex 44.25 134.522 0
      vertex 48.25 136.831 0
    endloop
  endfacet
  facet normal -0.499935 -0.866063 0
    outer loop
      vertex 48.25 136.831 0
      vertex 52.25 134.522 3
      vertex 48.25 136.831 3
    endloop
  endfacet
  facet normal -0.499935 -0.866063 -0
    outer loop
      vertex 52.25 134.522 3
      vertex 48.25 136.831 0
      vertex 52.25 134.522 0
    endloop
  endfacet
  facet normal -1 0 0
    outer loop
      vertex 52.25 129.903 0
      vertex 52.25 134.522 3
      vertex 52.25 134.522 0
    endloop
  endfacet
  facet normal -1 -0 0
    outer loop
      vertex 52.25 134.522 3
      vertex 52.25 129.903 0
      vertex 52.25 129.903 3
    endloop
  endfacet
  facet normal -0.499935 0.866063 0
    outer loop
      vertex 52.25 129.903 0
      vertex 48.25 127.594 3
      vertex 52.25 129.903 3
    endloop
  endfacet
  facet normal -0.499935 0.866063 0
    outer loop
      vertex 48.25 127.594 3
      vertex 52.25 129.903 0
      vertex 48.25 127.594 0
    endloop
  endfacet
  facet normal 0.499935 0.866063 -0
    outer loop
      vertex 48.25 127.594 0
      vertex 44.25 129.903 3
      vertex 48.25 127.594 3
    endloop
  endfacet
  facet normal 0.499935 0.866063 0
    outer loop
      vertex 44.25 129.903 3
      vertex 48.25 127.594 0
      vertex 44.25 129.903 0
    endloop
  endfacet
  facet normal 1 -0 0
    outer loop
      vertex 23.25 129.903 3
      vertex 23.25 134.522 0
      vertex 23.25 134.522 3
    endloop
  endfacet
  facet normal 1 0 0
    outer loop
      vertex 23.25 134.522 0
      vertex 23.25 129.903 3
      vertex 23.25 129.903 0
    endloop
  endfacet
  facet normal 0.499935 -0.866063 0
    outer loop
      vertex 23.25 134.522 0
      vertex 27.25 136.831 3
      vertex 23.25 134.522 3
    endloop
  endfacet
  facet normal 0.499935 -0.866063 0
    outer loop
      vertex 27.25 136.831 3
      vertex 23.25 134.522 0
      vertex 27.25 136.831 0
    endloop
  endfacet
  facet normal -0.499935 -0.866063 0
    outer loop
      vertex 27.25 136.831 0
      vertex 31.25 134.522 3
      vertex 27.25 136.831 3
    endloop
  endfacet
  facet normal -0.499935 -0.866063 -0
    outer loop
      vertex 31.25 134.522 3
      vertex 27.25 136.831 0
      vertex 31.25 134.522 0
    endloop
  endfacet
  facet normal -1 0 0
    outer loop
      vertex 31.25 129.903 0
      vertex 31.25 134.522 3
      vertex 31.25 134.522 0
    endloop
  endfacet
  facet normal -1 -0 0
    outer loop
      vertex 31.25 134.522 3
      vertex 31.25 129.903 0
      vertex 31.25 129.903 3
    endloop
  endfacet
  facet normal -0.499935 0.866063 0
    outer loop
      vertex 31.25 129.903 0
      vertex 27.25 127.594 3
      vertex 31.25 129.903 3
    endloop
  endfacet
  facet normal -0.499935 0.866063 0
    outer loop
      vertex 27.25 127.594 3
      vertex 31.25 129.903 0
      vertex 27.25 127.594 0
    endloop
  endfacet
  facet normal 0.499935 0.866063 -0
    outer loop
      vertex 27.25 127.594 0
      vertex 23.25 129.903 3
      vertex 27.25 127.594 3
    endloop
  endfacet
  facet normal 0.499935 0.866063 0
    outer loop
      vertex 23.25 129.903 3
      vertex 27.25 127.594 0
      vertex 23.25 129.903 0
    endloop
  endfacet
  facet normal 1 -0 0
    outer loop
      vertex 65.25 129.903 3
      vertex 65.25 134.522 0
      vertex 65.25 134.522 3
    endloop
  endfacet
  facet normal 1 0 0
    outer loop
      vertex 65.25 134.522 0
      vertex 65.25 129.903 3
      vertex 65.25 129.903 0
    endloop
  endfacet
  facet normal 0.499935 -0.866063 0
    outer loop
      vertex 65.25 134.522 0
      vertex 69.25 136.831 3
      vertex 65.25 134.522 3
    endloop
  endfacet
  facet normal 0.499935 -0.866063 0
    outer loop
      vertex 69.25 136.831 3
      vertex 65.25 134.522 0
      vertex 69.25 136.831 0
    endloop
  endfacet
  facet normal -0.499935 -0.866063 0
    outer loop
      vertex 69.25 136.831 0
      vertex 73.25 134.522 3
      vertex 69.25 136.831 3
    endloop
  endfacet
  facet normal -0.499935 -0.866063 -0
    outer loop
      vertex 73.25 134.522 3
      vertex 69.25 136.831 0
      vertex 73.25 134.522 0
    endloop
  endfacet
  facet normal -1 0 0
    outer loop
      vertex 73.25 129.903 0
      vertex 73.25 134.522 3
      vertex 73.25 134.522 0
    endloop
  endfacet
  facet normal -1 -0 0
    outer loop
      vertex 73.25 134.522 3
      vertex 73.25 129.903 0
      vertex 73.25 129.903 3
    endloop
  endfacet
  facet normal -0.499935 0.866063 0
    outer loop
      vertex 73.25 129.903 0
      vertex 69.25 127.594 3
      vertex 73.25 129.903 3
    endloop
  endfacet
  facet normal -0.499935 0.866063 0
    outer loop
      vertex 69.25 127.594 3
      vertex 73.25 129.903 0
      vertex 69.25 127.594 0
    endloop
  endfacet
  facet normal 0.499935 0.866063 -0
    outer loop
      vertex 69.25 127.594 0
      vertex 65.25 129.903 3
      vertex 69.25 127.594 3
    endloop
  endfacet
  facet normal 0.499935 0.866063 0
    outer loop
      vertex 65.25 129.903 3
      vertex 69.25 127.594 0
      vertex 65.25 129.903 0
    endloop
  endfacet
  facet normal 1 -0 0
    outer loop
      vertex 54.75 129.903 3
      vertex 54.75 134.522 0
      vertex 54.75 134.522 3
    endloop
  endfacet
  facet normal 1 0 0
    outer loop
      vertex 54.75 134.522 0
      vertex 54.75 129.903 3
      vertex 54.75 129.903 0
    endloop
  endfacet
  facet normal 0.499935 -0.866063 0
    outer loop
      vertex 54.75 134.522 0
      vertex 58.75 136.831 3
      vertex 54.75 134.522 3
    endloop
  endfacet
  facet normal 0.499935 -0.866063 0
    outer loop
      vertex 58.75 136.831 3
      vertex 54.75 134.522 0
      vertex 58.75 136.831 0
    endloop
  endfacet
  facet normal -0.499935 -0.866063 0
    outer loop
      vertex 58.75 136.831 0
      vertex 62.75 134.522 3
      vertex 58.75 136.831 3
    endloop
  endfacet
  facet normal -0.499935 -0.866063 -0
    outer loop
      vertex 62.75 134.522 3
      vertex 58.75 136.831 0
      vertex 62.75 134.522 0
    endloop
  endfacet
  facet normal -1 0 0
    outer loop
      vertex 62.75 129.903 0
      vertex 62.75 134.522 3
      vertex 62.75 134.522 0
    endloop
  endfacet
  facet normal -1 -0 0
    outer loop
      vertex 62.75 134.522 3
      vertex 62.75 129.903 0
      vertex 62.75 129.903 3
    endloop
  endfacet
  facet normal -0.499935 0.866063 0
    outer loop
      vertex 62.75 129.903 0
      vertex 58.75 127.594 3
      vertex 62.75 129.903 3
    endloop
  endfacet
  facet normal -0.499935 0.866063 0
    outer loop
      vertex 58.75 127.594 3
      vertex 62.75 129.903 0
      vertex 58.75 127.594 0
    endloop
  endfacet
  facet normal 0.499935 0.866063 -0
    outer loop
      vertex 58.75 127.594 0
      vertex 54.75 129.903 3
      vertex 58.75 127.594 3
    endloop
  endfacet
  facet normal 0.499935 0.866063 0
    outer loop
      vertex 54.75 129.903 3
      vertex 58.75 127.594 0
      vertex 54.75 129.903 0
    endloop
  endfacet
  facet normal 1 -0 0
    outer loop
      vertex 112.5 120.81 3
      vertex 112.5 125.429 0
      vertex 112.5 125.429 3
    endloop
  endfacet
  facet normal 1 0 0
    outer loop
      vertex 112.5 125.429 0
      vertex 112.5 120.81 3
      vertex 112.5 120.81 0
    endloop
  endfacet
  facet normal 0.499935 -0.866063 0
    outer loop
      vertex 112.5 125.429 0
      vertex 116.5 127.738 3
      vertex 112.5 125.429 3
    endloop
  endfacet
  facet normal 0.499935 -0.866063 0
    outer loop
      vertex 116.5 127.738 3
      vertex 112.5 125.429 0
      vertex 116.5 127.738 0
    endloop
  endfacet
  facet normal -0.499935 -0.866063 0
    outer loop
      vertex 116.5 127.738 0
      vertex 120.5 125.429 3
      vertex 116.5 127.738 3
    endloop
  endfacet
  facet normal -0.499935 -0.866063 -0
    outer loop
      vertex 120.5 125.429 3
      vertex 116.5 127.738 0
      vertex 120.5 125.429 0
    endloop
  endfacet
  facet normal -1 0 0
    outer loop
      vertex 120.5 120.81 0
      vertex 120.5 125.429 3
      vertex 120.5 125.429 0
    endloop
  endfacet
  facet normal -1 -0 0
    outer loop
      vertex 120.5 125.429 3
      vertex 120.5 120.81 0
      vertex 120.5 120.81 3
    endloop
  endfacet
  facet normal -0.500097 0.865969 0
    outer loop
      vertex 120.5 120.81 0
      vertex 116.5 118.5 3
      vertex 120.5 120.81 3
    endloop
  endfacet
  facet normal -0.500097 0.865969 0
    outer loop
      vertex 116.5 118.5 3
      vertex 120.5 120.81 0
      vertex 116.5 118.5 0
    endloop
  endfacet
  facet normal 0.500097 0.865969 -0
    outer loop
      vertex 116.5 118.5 0
      vertex 112.5 120.81 3
      vertex 116.5 118.5 3
    endloop
  endfacet
  facet normal 0.500097 0.865969 0
    outer loop
      vertex 112.5 120.81 3
      vertex 116.5 118.5 0
      vertex 112.5 120.81 0
    endloop
  endfacet
  facet normal 1 -0 0
    outer loop
      vertex 144 120.81 3
      vertex 144 125.429 0
      vertex 144 125.429 3
    endloop
  endfacet
  facet normal 1 0 0
    outer loop
      vertex 144 125.429 0
      vertex 144 120.81 3
      vertex 144 120.81 0
    endloop
  endfacet
  facet normal 0.499935 -0.866063 0
    outer loop
      vertex 144 125.429 0
      vertex 148 127.738 3
      vertex 144 125.429 3
    endloop
  endfacet
  facet normal 0.499935 -0.866063 0
    outer loop
      vertex 148 127.738 3
      vertex 144 125.429 0
      vertex 148 127.738 0
    endloop
  endfacet
  facet normal -0.499935 -0.866063 0
    outer loop
      vertex 148 127.738 0
      vertex 152 125.429 3
      vertex 148 127.738 3
    endloop
  endfacet
  facet normal -0.499935 -0.866063 -0
    outer loop
      vertex 152 125.429 3
      vertex 148 127.738 0
      vertex 152 125.429 0
    endloop
  endfacet
  facet normal -1 0 0
    outer loop
      vertex 152 120.81 0
      vertex 152 125.429 3
      vertex 152 125.429 0
    endloop
  endfacet
  facet normal -1 -0 0
    outer loop
      vertex 152 125.429 3
      vertex 152 120.81 0
      vertex 152 120.81 3
    endloop
  endfacet
  facet normal -0.500097 0.865969 0
    outer loop
      vertex 152 120.81 0
      vertex 148 118.5 3
      vertex 152 120.81 3
    endloop
  endfacet
  facet normal -0.500097 0.865969 0
    outer loop
      vertex 148 118.5 3
      vertex 152 120.81 0
      vertex 148 118.5 0
    endloop
  endfacet
  facet normal 0.500097 0.865969 -0
    outer loop
      vertex 148 118.5 0
      vertex 144 120.81 3
      vertex 148 118.5 3
    endloop
  endfacet
  facet normal 0.500097 0.865969 0
    outer loop
      vertex 144 120.81 3
      vertex 148 118.5 0
      vertex 144 120.81 0
    endloop
  endfacet
  facet normal 1 -0 0
    outer loop
      vertex 133.5 120.81 3
      vertex 133.5 125.429 0
      vertex 133.5 125.429 3
    endloop
  endfacet
  facet normal 1 0 0
    outer loop
      vertex 133.5 125.429 0
      vertex 133.5 120.81 3
      vertex 133.5 120.81 0
    endloop
  endfacet
  facet normal 0.499935 -0.866063 0
    outer loop
      vertex 133.5 125.429 0
      vertex 137.5 127.738 3
      vertex 133.5 125.429 3
    endloop
  endfacet
  facet normal 0.499935 -0.866063 0
    outer loop
      vertex 137.5 127.738 3
      vertex 133.5 125.429 0
      vertex 137.5 127.738 0
    endloop
  endfacet
  facet normal -0.499935 -0.866063 0
    outer loop
      vertex 137.5 127.738 0
      vertex 141.5 125.429 3
      vertex 137.5 127.738 3
    endloop
  endfacet
  facet normal -0.499935 -0.866063 -0
    outer loop
      vertex 141.5 125.429 3
      vertex 137.5 127.738 0
      vertex 141.5 125.429 0
    endloop
  endfacet
  facet normal -1 0 0
    outer loop
      vertex 141.5 120.81 0
      vertex 141.5 125.429 3
      vertex 141.5 125.429 0
    endloop
  endfacet
  facet normal -1 -0 0
    outer loop
      vertex 141.5 125.429 3
      vertex 141.5 120.81 0
      vertex 141.5 120.81 3
    endloop
  endfacet
  facet normal -0.500097 0.865969 0
    outer loop
      vertex 141.5 120.81 0
      vertex 137.5 118.5 3
      vertex 141.5 120.81 3
    endloop
  endfacet
  facet normal -0.500097 0.865969 0
    outer loop
      vertex 137.5 118.5 3
      vertex 141.5 120.81 0
      vertex 137.5 118.5 0
    endloop
  endfacet
  facet normal 0.500097 0.865969 -0
    outer loop
      vertex 137.5 118.5 0
      vertex 133.5 120.81 3
      vertex 137.5 118.5 3
    endloop
  endfacet
  facet normal 0.500097 0.865969 0
    outer loop
      vertex 133.5 120.81 3
      vertex 137.5 118.5 0
      vertex 133.5 120.81 0
    endloop
  endfacet
  facet normal 1 -0 0
    outer loop
      vertex 123 120.81 3
      vertex 123 125.429 0
      vertex 123 125.429 3
    endloop
  endfacet
  facet normal 1 0 0
    outer loop
      vertex 123 125.429 0
      vertex 123 120.81 3
      vertex 123 120.81 0
    endloop
  endfacet
  facet normal 0.499935 -0.866063 0
    outer loop
      vertex 123 125.429 0
      vertex 127 127.738 3
      vertex 123 125.429 3
    endloop
  endfacet
  facet normal 0.499935 -0.866063 0
    outer loop
      vertex 127 127.738 3
      vertex 123 125.429 0
      vertex 127 127.738 0
    endloop
  endfacet
  facet normal -0.499935 -0.866063 0
    outer loop
      vertex 127 127.738 0
      vertex 131 125.429 3
      vertex 127 127.738 3
    endloop
  endfacet
  facet normal -0.499935 -0.866063 -0
    outer loop
      vertex 131 125.429 3
      vertex 127 127.738 0
      vertex 131 125.429 0
    endloop
  endfacet
  facet normal -1 0 0
    outer loop
      vertex 131 120.81 0
      vertex 131 125.429 3
      vertex 131 125.429 0
    endloop
  endfacet
  facet normal -1 -0 0
    outer loop
      vertex 131 125.429 3
      vertex 131 120.81 0
      vertex 131 120.81 3
    endloop
  endfacet
  facet normal -0.500097 0.865969 0
    outer loop
      vertex 131 120.81 0
      vertex 127 118.5 3
      vertex 131 120.81 3
    endloop
  endfacet
  facet normal -0.500097 0.865969 0
    outer loop
      vertex 127 118.5 3
      vertex 131 120.81 0
      vertex 127 118.5 0
    endloop
  endfacet
  facet normal 0.500097 0.865969 -0
    outer loop
      vertex 127 118.5 0
      vertex 123 120.81 3
      vertex 127 118.5 3
    endloop
  endfacet
  facet normal 0.500097 0.865969 0
    outer loop
      vertex 123 120.81 3
      vertex 127 118.5 0
      vertex 123 120.81 0
    endloop
  endfacet
  facet normal 1 -0 0
    outer loop
      vertex 102 120.81 3
      vertex 102 125.429 0
      vertex 102 125.429 3
    endloop
  endfacet
  facet normal 1 0 0
    outer loop
      vertex 102 125.429 0
      vertex 102 120.81 3
      vertex 102 120.81 0
    endloop
  endfacet
  facet normal 0.499935 -0.866063 0
    outer loop
      vertex 102 125.429 0
      vertex 106 127.738 3
      vertex 102 125.429 3
    endloop
  endfacet
  facet normal 0.499935 -0.866063 0
    outer loop
      vertex 106 127.738 3
      vertex 102 125.429 0
      vertex 106 127.738 0
    endloop
  endfacet
  facet normal -0.499935 -0.866063 0
    outer loop
      vertex 106 127.738 0
      vertex 110 125.429 3
      vertex 106 127.738 3
    endloop
  endfacet
  facet normal -0.499935 -0.866063 -0
    outer loop
      vertex 110 125.429 3
      vertex 106 127.738 0
      vertex 110 125.429 0
    endloop
  endfacet
  facet normal -1 0 0
    outer loop
      vertex 110 120.81 0
      vertex 110 125.429 3
      vertex 110 125.429 0
    endloop
  endfacet
  facet normal -1 -0 0
    outer loop
      vertex 110 125.429 3
      vertex 110 120.81 0
      vertex 110 120.81 3
    endloop
  endfacet
  facet normal -0.500097 0.865969 0
    outer loop
      vertex 110 120.81 0
      vertex 106 118.5 3
      vertex 110 120.81 3
    endloop
  endfacet
  facet normal -0.500097 0.865969 0
    outer loop
      vertex 106 118.5 3
      vertex 110 120.81 0
      vertex 106 118.5 0
    endloop
  endfacet
  facet normal 0.500097 0.865969 -0
    outer loop
      vertex 106 118.5 0
      vertex 102 120.81 3
      vertex 106 118.5 3
    endloop
  endfacet
  facet normal 0.500097 0.865969 0
    outer loop
      vertex 102 120.81 3
      vertex 106 118.5 0
      vertex 102 120.81 0
    endloop
  endfacet
  facet normal 1 -0 0
    outer loop
      vertex 81 120.81 3
      vertex 81 125.429 0
      vertex 81 125.429 3
    endloop
  endfacet
  facet normal 1 0 0
    outer loop
      vertex 81 125.429 0
      vertex 81 120.81 3
      vertex 81 120.81 0
    endloop
  endfacet
  facet normal 0.499935 -0.866063 0
    outer loop
      vertex 81 125.429 0
      vertex 85 127.738 3
      vertex 81 125.429 3
    endloop
  endfacet
  facet normal 0.499935 -0.866063 0
    outer loop
      vertex 85 127.738 3
      vertex 81 125.429 0
      vertex 85 127.738 0
    endloop
  endfacet
  facet normal -0.499935 -0.866063 0
    outer loop
      vertex 85 127.738 0
      vertex 89 125.429 3
      vertex 85 127.738 3
    endloop
  endfacet
  facet normal -0.499935 -0.866063 -0
    outer loop
      vertex 89 125.429 3
      vertex 85 127.738 0
      vertex 89 125.429 0
    endloop
  endfacet
  facet normal -1 0 0
    outer loop
      vertex 89 120.81 0
      vertex 89 125.429 3
      vertex 89 125.429 0
    endloop
  endfacet
  facet normal -1 -0 0
    outer loop
      vertex 89 125.429 3
      vertex 89 120.81 0
      vertex 89 120.81 3
    endloop
  endfacet
  facet normal -0.500097 0.865969 0
    outer loop
      vertex 89 120.81 0
      vertex 85 118.5 3
      vertex 89 120.81 3
    endloop
  endfacet
  facet normal -0.500097 0.865969 0
    outer loop
      vertex 85 118.5 3
      vertex 89 120.81 0
      vertex 85 118.5 0
    endloop
  endfacet
  facet normal 0.500097 0.865969 -0
    outer loop
      vertex 85 118.5 0
      vertex 81 120.81 3
      vertex 85 118.5 3
    endloop
  endfacet
  facet normal 0.500097 0.865969 0
    outer loop
      vertex 81 120.81 3
      vertex 85 118.5 0
      vertex 81 120.81 0
    endloop
  endfacet
  facet normal 1 -0 0
    outer loop
      vertex 70.5 120.81 3
      vertex 70.5 125.429 0
      vertex 70.5 125.429 3
    endloop
  endfacet
  facet normal 1 0 0
    outer loop
      vertex 70.5 125.429 0
      vertex 70.5 120.81 3
      vertex 70.5 120.81 0
    endloop
  endfacet
  facet normal 0.499935 -0.866063 0
    outer loop
      vertex 70.5 125.429 0
      vertex 74.5 127.738 3
      vertex 70.5 125.429 3
    endloop
  endfacet
  facet normal 0.499935 -0.866063 0
    outer loop
      vertex 74.5 127.738 3
      vertex 70.5 125.429 0
      vertex 74.5 127.738 0
    endloop
  endfacet
  facet normal -0.499935 -0.866063 0
    outer loop
      vertex 74.5 127.738 0
      vertex 78.5 125.429 3
      vertex 74.5 127.738 3
    endloop
  endfacet
  facet normal -0.499935 -0.866063 -0
    outer loop
      vertex 78.5 125.429 3
      vertex 74.5 127.738 0
      vertex 78.5 125.429 0
    endloop
  endfacet
  facet normal -1 0 0
    outer loop
      vertex 78.5 120.81 0
      vertex 78.5 125.429 3
      vertex 78.5 125.429 0
    endloop
  endfacet
  facet normal -1 -0 0
    outer loop
      vertex 78.5 125.429 3
      vertex 78.5 120.81 0
      vertex 78.5 120.81 3
    endloop
  endfacet
  facet normal -0.500097 0.865969 0
    outer loop
      vertex 78.5 120.81 0
      vertex 74.5 118.5 3
      vertex 78.5 120.81 3
    endloop
  endfacet
  facet normal -0.500097 0.865969 0
    outer loop
      vertex 74.5 118.5 3
      vertex 78.5 120.81 0
      vertex 74.5 118.5 0
    endloop
  endfacet
  facet normal 0.500097 0.865969 -0
    outer loop
      vertex 74.5 118.5 0
      vertex 70.5 120.81 3
      vertex 74.5 118.5 3
    endloop
  endfacet
  facet normal 0.500097 0.865969 0
    outer loop
      vertex 70.5 120.81 3
      vertex 74.5 118.5 0
      vertex 70.5 120.81 0
    endloop
  endfacet
  facet normal 1 -0 0
    outer loop
      vertex 60 120.81 3
      vertex 60 125.429 0
      vertex 60 125.429 3
    endloop
  endfacet
  facet normal 1 0 0
    outer loop
      vertex 60 125.429 0
      vertex 60 120.81 3
      vertex 60 120.81 0
    endloop
  endfacet
  facet normal 0.499935 -0.866063 0
    outer loop
      vertex 60 125.429 0
      vertex 64 127.738 3
      vertex 60 125.429 3
    endloop
  endfacet
  facet normal 0.499935 -0.866063 0
    outer loop
      vertex 64 127.738 3
      vertex 60 125.429 0
      vertex 64 127.738 0
    endloop
  endfacet
  facet normal -0.499935 -0.866063 0
    outer loop
      vertex 64 127.738 0
      vertex 68 125.429 3
      vertex 64 127.738 3
    endloop
  endfacet
  facet normal -0.499935 -0.866063 -0
    outer loop
      vertex 68 125.429 3
      vertex 64 127.738 0
      vertex 68 125.429 0
    endloop
  endfacet
  facet normal -1 0 0
    outer loop
      vertex 68 120.81 0
      vertex 68 125.429 3
      vertex 68 125.429 0
    endloop
  endfacet
  facet normal -1 -0 0
    outer loop
      vertex 68 125.429 3
      vertex 68 120.81 0
      vertex 68 120.81 3
    endloop
  endfacet
  facet normal -0.500097 0.865969 0
    outer loop
      vertex 68 120.81 0
      vertex 64 118.5 3
      vertex 68 120.81 3
    endloop
  endfacet
  facet normal -0.500097 0.865969 0
    outer loop
      vertex 64 118.5 3
      vertex 68 120.81 0
      vertex 64 118.5 0
    endloop
  endfacet
  facet normal 0.500097 0.865969 -0
    outer loop
      vertex 64 118.5 0
      vertex 60 120.81 3
      vertex 64 118.5 3
    endloop
  endfacet
  facet normal 0.500097 0.865969 0
    outer loop
      vertex 60 120.81 3
      vertex 64 118.5 0
      vertex 60 120.81 0
    endloop
  endfacet
  facet normal 1 -0 0
    outer loop
      vertex 49.5 120.81 3
      vertex 49.5 125.429 0
      vertex 49.5 125.429 3
    endloop
  endfacet
  facet normal 1 0 0
    outer loop
      vertex 49.5 125.429 0
      vertex 49.5 120.81 3
      vertex 49.5 120.81 0
    endloop
  endfacet
  facet normal 0.499935 -0.866063 0
    outer loop
      vertex 49.5 125.429 0
      vertex 53.5 127.738 3
      vertex 49.5 125.429 3
    endloop
  endfacet
  facet normal 0.499935 -0.866063 0
    outer loop
      vertex 53.5 127.738 3
      vertex 49.5 125.429 0
      vertex 53.5 127.738 0
    endloop
  endfacet
  facet normal -0.499935 -0.866063 0
    outer loop
      vertex 53.5 127.738 0
      vertex 57.5 125.429 3
      vertex 53.5 127.738 3
    endloop
  endfacet
  facet normal -0.499935 -0.866063 -0
    outer loop
      vertex 57.5 125.429 3
      vertex 53.5 127.738 0
      vertex 57.5 125.429 0
    endloop
  endfacet
  facet normal -1 0 0
    outer loop
      vertex 57.5 120.81 0
      vertex 57.5 125.429 3
      vertex 57.5 125.429 0
    endloop
  endfacet
  facet normal -1 -0 0
    outer loop
      vertex 57.5 125.429 3
      vertex 57.5 120.81 0
      vertex 57.5 120.81 3
    endloop
  endfacet
  facet normal -0.500097 0.865969 0
    outer loop
      vertex 57.5 120.81 0
      vertex 53.5 118.5 3
      vertex 57.5 120.81 3
    endloop
  endfacet
  facet normal -0.500097 0.865969 0
    outer loop
      vertex 53.5 118.5 3
      vertex 57.5 120.81 0
      vertex 53.5 118.5 0
    endloop
  endfacet
  facet normal 0.500097 0.865969 -0
    outer loop
      vertex 53.5 118.5 0
      vertex 49.5 120.81 3
      vertex 53.5 118.5 3
    endloop
  endfacet
  facet normal 0.500097 0.865969 0
    outer loop
      vertex 49.5 120.81 3
      vertex 53.5 118.5 0
      vertex 49.5 120.81 0
    endloop
  endfacet
  facet normal 1 -0 0
    outer loop
      vertex 39 120.81 3
      vertex 39 125.429 0
      vertex 39 125.429 3
    endloop
  endfacet
  facet normal 1 0 0
    outer loop
      vertex 39 125.429 0
      vertex 39 120.81 3
      vertex 39 120.81 0
    endloop
  endfacet
  facet normal 0.499935 -0.866063 0
    outer loop
      vertex 39 125.429 0
      vertex 43 127.738 3
      vertex 39 125.429 3
    endloop
  endfacet
  facet normal 0.499935 -0.866063 0
    outer loop
      vertex 43 127.738 3
      vertex 39 125.429 0
      vertex 43 127.738 0
    endloop
  endfacet
  facet normal -0.499935 -0.866063 0
    outer loop
      vertex 43 127.738 0
      vertex 47 125.429 3
      vertex 43 127.738 3
    endloop
  endfacet
  facet normal -0.499935 -0.866063 -0
    outer loop
      vertex 47 125.429 3
      vertex 43 127.738 0
      vertex 47 125.429 0
    endloop
  endfacet
  facet normal -1 0 0
    outer loop
      vertex 47 120.81 0
      vertex 47 125.429 3
      vertex 47 125.429 0
    endloop
  endfacet
  facet normal -1 -0 0
    outer loop
      vertex 47 125.429 3
      vertex 47 120.81 0
      vertex 47 120.81 3
    endloop
  endfacet
  facet normal -0.500097 0.865969 0
    outer loop
      vertex 47 120.81 0
      vertex 43 118.5 3
      vertex 47 120.81 3
    endloop
  endfacet
  facet normal -0.500097 0.865969 0
    outer loop
      vertex 43 118.5 3
      vertex 47 120.81 0
      vertex 43 118.5 0
    endloop
  endfacet
  facet normal 0.500097 0.865969 -0
    outer loop
      vertex 43 118.5 0
      vertex 39 120.81 3
      vertex 43 118.5 3
    endloop
  endfacet
  facet normal 0.500097 0.865969 0
    outer loop
      vertex 39 120.81 3
      vertex 43 118.5 0
      vertex 39 120.81 0
    endloop
  endfacet
  facet normal 1 -0 0
    outer loop
      vertex 28.5 120.81 3
      vertex 28.5 125.429 0
      vertex 28.5 125.429 3
    endloop
  endfacet
  facet normal 1 0 0
    outer loop
      vertex 28.5 125.429 0
      vertex 28.5 120.81 3
      vertex 28.5 120.81 0
    endloop
  endfacet
  facet normal 0.499935 -0.866063 0
    outer loop
      vertex 28.5 125.429 0
      vertex 32.5 127.738 3
      vertex 28.5 125.429 3
    endloop
  endfacet
  facet normal 0.499935 -0.866063 0
    outer loop
      vertex 32.5 127.738 3
      vertex 28.5 125.429 0
      vertex 32.5 127.738 0
    endloop
  endfacet
  facet normal -0.499935 -0.866063 0
    outer loop
      vertex 32.5 127.738 0
      vertex 36.5 125.429 3
      vertex 32.5 127.738 3
    endloop
  endfacet
  facet normal -0.499935 -0.866063 -0
    outer loop
      vertex 36.5 125.429 3
      vertex 32.5 127.738 0
      vertex 36.5 125.429 0
    endloop
  endfacet
  facet normal -1 0 0
    outer loop
      vertex 36.5 120.81 0
      vertex 36.5 125.429 3
      vertex 36.5 125.429 0
    endloop
  endfacet
  facet normal -1 -0 0
    outer loop
      vertex 36.5 125.429 3
      vertex 36.5 120.81 0
      vertex 36.5 120.81 3
    endloop
  endfacet
  facet normal -0.500097 0.865969 0
    outer loop
      vertex 36.5 120.81 0
      vertex 32.5 118.5 3
      vertex 36.5 120.81 3
    endloop
  endfacet
  facet normal -0.500097 0.865969 0
    outer loop
      vertex 32.5 118.5 3
      vertex 36.5 120.81 0
      vertex 32.5 118.5 0
    endloop
  endfacet
  facet normal 0.500097 0.865969 -0
    outer loop
      vertex 32.5 118.5 0
      vertex 28.5 120.81 3
      vertex 32.5 118.5 3
    endloop
  endfacet
  facet normal 0.500097 0.865969 0
    outer loop
      vertex 28.5 120.81 3
      vertex 32.5 118.5 0
      vertex 28.5 120.81 0
    endloop
  endfacet
  facet normal 1 -0 0
    outer loop
      vertex 91.5 120.81 3
      vertex 91.5 125.429 0
      vertex 91.5 125.429 3
    endloop
  endfacet
  facet normal 1 0 0
    outer loop
      vertex 91.5 125.429 0
      vertex 91.5 120.81 3
      vertex 91.5 120.81 0
    endloop
  endfacet
  facet normal 0.499935 -0.866063 0
    outer loop
      vertex 91.5 125.429 0
      vertex 95.5 127.738 3
      vertex 91.5 125.429 3
    endloop
  endfacet
  facet normal 0.499935 -0.866063 0
    outer loop
      vertex 95.5 127.738 3
      vertex 91.5 125.429 0
      vertex 95.5 127.738 0
    endloop
  endfacet
  facet normal -0.499935 -0.866063 0
    outer loop
      vertex 95.5 127.738 0
      vertex 99.5 125.429 3
      vertex 95.5 127.738 3
    endloop
  endfacet
  facet normal -0.499935 -0.866063 -0
    outer loop
      vertex 99.5 125.429 3
      vertex 95.5 127.738 0
      vertex 99.5 125.429 0
    endloop
  endfacet
  facet normal -1 0 0
    outer loop
      vertex 99.5 120.81 0
      vertex 99.5 125.429 3
      vertex 99.5 125.429 0
    endloop
  endfacet
  facet normal -1 -0 0
    outer loop
      vertex 99.5 125.429 3
      vertex 99.5 120.81 0
      vertex 99.5 120.81 3
    endloop
  endfacet
  facet normal -0.500097 0.865969 0
    outer loop
      vertex 99.5 120.81 0
      vertex 95.5 118.5 3
      vertex 99.5 120.81 3
    endloop
  endfacet
  facet normal -0.500097 0.865969 0
    outer loop
      vertex 95.5 118.5 3
      vertex 99.5 120.81 0
      vertex 95.5 118.5 0
    endloop
  endfacet
  facet normal 0.500097 0.865969 -0
    outer loop
      vertex 95.5 118.5 0
      vertex 91.5 120.81 3
      vertex 95.5 118.5 3
    endloop
  endfacet
  facet normal 0.500097 0.865969 0
    outer loop
      vertex 91.5 120.81 3
      vertex 95.5 118.5 0
      vertex 91.5 120.81 0
    endloop
  endfacet
  facet normal 1 -0 0
    outer loop
      vertex 96.75 111.717 3
      vertex 96.75 116.335 0
      vertex 96.75 116.335 3
    endloop
  endfacet
  facet normal 1 0 0
    outer loop
      vertex 96.75 116.335 0
      vertex 96.75 111.717 3
      vertex 96.75 111.717 0
    endloop
  endfacet
  facet normal 0.500097 -0.865969 0
    outer loop
      vertex 96.75 116.335 0
      vertex 100.75 118.645 3
      vertex 96.75 116.335 3
    endloop
  endfacet
  facet normal 0.500097 -0.865969 0
    outer loop
      vertex 100.75 118.645 3
      vertex 96.75 116.335 0
      vertex 100.75 118.645 0
    endloop
  endfacet
  facet normal -0.500097 -0.865969 0
    outer loop
      vertex 100.75 118.645 0
      vertex 104.75 116.335 3
      vertex 100.75 118.645 3
    endloop
  endfacet
  facet normal -0.500097 -0.865969 -0
    outer loop
      vertex 104.75 116.335 3
      vertex 100.75 118.645 0
      vertex 104.75 116.335 0
    endloop
  endfacet
  facet normal -1 0 0
    outer loop
      vertex 104.75 111.717 0
      vertex 104.75 116.335 3
      vertex 104.75 116.335 0
    endloop
  endfacet
  facet normal -1 -0 0
    outer loop
      vertex 104.75 116.335 3
      vertex 104.75 111.717 0
      vertex 104.75 111.717 3
    endloop
  endfacet
  facet normal -0.500097 0.865969 0
    outer loop
      vertex 104.75 111.717 0
      vertex 100.75 109.407 3
      vertex 104.75 111.717 3
    endloop
  endfacet
  facet normal -0.500097 0.865969 0
    outer loop
      vertex 100.75 109.407 3
      vertex 104.75 111.717 0
      vertex 100.75 109.407 0
    endloop
  endfacet
  facet normal 0.500097 0.865969 -0
    outer loop
      vertex 100.75 109.407 0
      vertex 96.75 111.717 3
      vertex 100.75 109.407 3
    endloop
  endfacet
  facet normal 0.500097 0.865969 0
    outer loop
      vertex 96.75 111.717 3
      vertex 100.75 109.407 0
      vertex 96.75 111.717 0
    endloop
  endfacet
  facet normal 1 -0 0
    outer loop
      vertex 149.25 111.717 3
      vertex 149.25 116.335 0
      vertex 149.25 116.335 3
    endloop
  endfacet
  facet normal 1 0 0
    outer loop
      vertex 149.25 116.335 0
      vertex 149.25 111.717 3
      vertex 149.25 111.717 0
    endloop
  endfacet
  facet normal 0.500097 -0.865969 0
    outer loop
      vertex 149.25 116.335 0
      vertex 153.25 118.645 3
      vertex 149.25 116.335 3
    endloop
  endfacet
  facet normal 0.500097 -0.865969 0
    outer loop
      vertex 153.25 118.645 3
      vertex 149.25 116.335 0
      vertex 153.25 118.645 0
    endloop
  endfacet
  facet normal -0.500097 -0.865969 0
    outer loop
      vertex 153.25 118.645 0
      vertex 157.25 116.335 3
      vertex 153.25 118.645 3
    endloop
  endfacet
  facet normal -0.500097 -0.865969 -0
    outer loop
      vertex 157.25 116.335 3
      vertex 153.25 118.645 0
      vertex 157.25 116.335 0
    endloop
  endfacet
  facet normal -1 0 0
    outer loop
      vertex 157.25 111.717 0
      vertex 157.25 116.335 3
      vertex 157.25 116.335 0
    endloop
  endfacet
  facet normal -1 -0 0
    outer loop
      vertex 157.25 116.335 3
      vertex 157.25 111.717 0
      vertex 157.25 111.717 3
    endloop
  endfacet
  facet normal -0.500097 0.865969 0
    outer loop
      vertex 157.25 111.717 0
      vertex 153.25 109.407 3
      vertex 157.25 111.717 3
    endloop
  endfacet
  facet normal -0.500097 0.865969 0
    outer loop
      vertex 153.25 109.407 3
      vertex 157.25 111.717 0
      vertex 153.25 109.407 0
    endloop
  endfacet
  facet normal 0.500097 0.865969 -0
    outer loop
      vertex 153.25 109.407 0
      vertex 149.25 111.717 3
      vertex 153.25 109.407 3
    endloop
  endfacet
  facet normal 0.500097 0.865969 0
    outer loop
      vertex 149.25 111.717 3
      vertex 153.25 109.407 0
      vertex 149.25 111.717 0
    endloop
  endfacet
  facet normal 1 -0 0
    outer loop
      vertex 138.75 111.717 3
      vertex 138.75 116.335 0
      vertex 138.75 116.335 3
    endloop
  endfacet
  facet normal 1 0 0
    outer loop
      vertex 138.75 116.335 0
      vertex 138.75 111.717 3
      vertex 138.75 111.717 0
    endloop
  endfacet
  facet normal 0.500097 -0.865969 0
    outer loop
      vertex 138.75 116.335 0
      vertex 142.75 118.645 3
      vertex 138.75 116.335 3
    endloop
  endfacet
  facet normal 0.500097 -0.865969 0
    outer loop
      vertex 142.75 118.645 3
      vertex 138.75 116.335 0
      vertex 142.75 118.645 0
    endloop
  endfacet
  facet normal -0.500097 -0.865969 0
    outer loop
      vertex 142.75 118.645 0
      vertex 146.75 116.335 3
      vertex 142.75 118.645 3
    endloop
  endfacet
  facet normal -0.500097 -0.865969 -0
    outer loop
      vertex 146.75 116.335 3
      vertex 142.75 118.645 0
      vertex 146.75 116.335 0
    endloop
  endfacet
  facet normal -1 0 0
    outer loop
      vertex 146.75 111.717 0
      vertex 146.75 116.335 3
      vertex 146.75 116.335 0
    endloop
  endfacet
  facet normal -1 -0 0
    outer loop
      vertex 146.75 116.335 3
      vertex 146.75 111.717 0
      vertex 146.75 111.717 3
    endloop
  endfacet
  facet normal -0.500097 0.865969 0
    outer loop
      vertex 146.75 111.717 0
      vertex 142.75 109.407 3
      vertex 146.75 111.717 3
    endloop
  endfacet
  facet normal -0.500097 0.865969 0
    outer loop
      vertex 142.75 109.407 3
      vertex 146.75 111.717 0
      vertex 142.75 109.407 0
    endloop
  endfacet
  facet normal 0.500097 0.865969 -0
    outer loop
      vertex 142.75 109.407 0
      vertex 138.75 111.717 3
      vertex 142.75 109.407 3
    endloop
  endfacet
  facet normal 0.500097 0.865969 0
    outer loop
      vertex 138.75 111.717 3
      vertex 142.75 109.407 0
      vertex 138.75 111.717 0
    endloop
  endfacet
  facet normal 1 -0 0
    outer loop
      vertex 128.25 111.717 3
      vertex 128.25 116.335 0
      vertex 128.25 116.335 3
    endloop
  endfacet
  facet normal 1 0 0
    outer loop
      vertex 128.25 116.335 0
      vertex 128.25 111.717 3
      vertex 128.25 111.717 0
    endloop
  endfacet
  facet normal 0.500097 -0.865969 0
    outer loop
      vertex 128.25 116.335 0
      vertex 132.25 118.645 3
      vertex 128.25 116.335 3
    endloop
  endfacet
  facet normal 0.500097 -0.865969 0
    outer loop
      vertex 132.25 118.645 3
      vertex 128.25 116.335 0
      vertex 132.25 118.645 0
    endloop
  endfacet
  facet normal -0.500097 -0.865969 0
    outer loop
      vertex 132.25 118.645 0
      vertex 136.25 116.335 3
      vertex 132.25 118.645 3
    endloop
  endfacet
  facet normal -0.500097 -0.865969 -0
    outer loop
      vertex 136.25 116.335 3
      vertex 132.25 118.645 0
      vertex 136.25 116.335 0
    endloop
  endfacet
  facet normal -1 0 0
    outer loop
      vertex 136.25 111.717 0
      vertex 136.25 116.335 3
      vertex 136.25 116.335 0
    endloop
  endfacet
  facet normal -1 -0 0
    outer loop
      vertex 136.25 116.335 3
      vertex 136.25 111.717 0
      vertex 136.25 111.717 3
    endloop
  endfacet
  facet normal -0.500097 0.865969 0
    outer loop
      vertex 136.25 111.717 0
      vertex 132.25 109.407 3
      vertex 136.25 111.717 3
    endloop
  endfacet
  facet normal -0.500097 0.865969 0
    outer loop
      vertex 132.25 109.407 3
      vertex 136.25 111.717 0
      vertex 132.25 109.407 0
    endloop
  endfacet
  facet normal 0.500097 0.865969 -0
    outer loop
      vertex 132.25 109.407 0
      vertex 128.25 111.717 3
      vertex 132.25 109.407 3
    endloop
  endfacet
  facet normal 0.500097 0.865969 0
    outer loop
      vertex 128.25 111.717 3
      vertex 132.25 109.407 0
      vertex 128.25 111.717 0
    endloop
  endfacet
  facet normal 1 -0 0
    outer loop
      vertex 117.75 111.717 3
      vertex 117.75 116.335 0
      vertex 117.75 116.335 3
    endloop
  endfacet
  facet normal 1 0 0
    outer loop
      vertex 117.75 116.335 0
      vertex 117.75 111.717 3
      vertex 117.75 111.717 0
    endloop
  endfacet
  facet normal 0.500097 -0.865969 0
    outer loop
      vertex 117.75 116.335 0
      vertex 121.75 118.645 3
      vertex 117.75 116.335 3
    endloop
  endfacet
  facet normal 0.500097 -0.865969 0
    outer loop
      vertex 121.75 118.645 3
      vertex 117.75 116.335 0
      vertex 121.75 118.645 0
    endloop
  endfacet
  facet normal -0.500097 -0.865969 0
    outer loop
      vertex 121.75 118.645 0
      vertex 125.75 116.335 3
      vertex 121.75 118.645 3
    endloop
  endfacet
  facet normal -0.500097 -0.865969 -0
    outer loop
      vertex 125.75 116.335 3
      vertex 121.75 118.645 0
      vertex 125.75 116.335 0
    endloop
  endfacet
  facet normal -1 0 0
    outer loop
      vertex 125.75 111.717 0
      vertex 125.75 116.335 3
      vertex 125.75 116.335 0
    endloop
  endfacet
  facet normal -1 -0 0
    outer loop
      vertex 125.75 116.335 3
      vertex 125.75 111.717 0
      vertex 125.75 111.717 3
    endloop
  endfacet
  facet normal -0.500097 0.865969 0
    outer loop
      vertex 125.75 111.717 0
      vertex 121.75 109.407 3
      vertex 125.75 111.717 3
    endloop
  endfacet
  facet normal -0.500097 0.865969 0
    outer loop
      vertex 121.75 109.407 3
      vertex 125.75 111.717 0
      vertex 121.75 109.407 0
    endloop
  endfacet
  facet normal 0.500097 0.865969 -0
    outer loop
      vertex 121.75 109.407 0
      vertex 117.75 111.717 3
      vertex 121.75 109.407 3
    endloop
  endfacet
  facet normal 0.500097 0.865969 0
    outer loop
      vertex 117.75 111.717 3
      vertex 121.75 109.407 0
      vertex 117.75 111.717 0
    endloop
  endfacet
  facet normal 1 -0 0
    outer loop
      vertex 107.25 111.717 3
      vertex 107.25 116.335 0
      vertex 107.25 116.335 3
    endloop
  endfacet
  facet normal 1 0 0
    outer loop
      vertex 107.25 116.335 0
      vertex 107.25 111.717 3
      vertex 107.25 111.717 0
    endloop
  endfacet
  facet normal 0.500097 -0.865969 0
    outer loop
      vertex 107.25 116.335 0
      vertex 111.25 118.645 3
      vertex 107.25 116.335 3
    endloop
  endfacet
  facet normal 0.500097 -0.865969 0
    outer loop
      vertex 111.25 118.645 3
      vertex 107.25 116.335 0
      vertex 111.25 118.645 0
    endloop
  endfacet
  facet normal -0.500097 -0.865969 0
    outer loop
      vertex 111.25 118.645 0
      vertex 115.25 116.335 3
      vertex 111.25 118.645 3
    endloop
  endfacet
  facet normal -0.500097 -0.865969 -0
    outer loop
      vertex 115.25 116.335 3
      vertex 111.25 118.645 0
      vertex 115.25 116.335 0
    endloop
  endfacet
  facet normal -1 0 0
    outer loop
      vertex 115.25 111.717 0
      vertex 115.25 116.335 3
      vertex 115.25 116.335 0
    endloop
  endfacet
  facet normal -1 -0 0
    outer loop
      vertex 115.25 116.335 3
      vertex 115.25 111.717 0
      vertex 115.25 111.717 3
    endloop
  endfacet
  facet normal -0.500097 0.865969 0
    outer loop
      vertex 115.25 111.717 0
      vertex 111.25 109.407 3
      vertex 115.25 111.717 3
    endloop
  endfacet
  facet normal -0.500097 0.865969 0
    outer loop
      vertex 111.25 109.407 3
      vertex 115.25 111.717 0
      vertex 111.25 109.407 0
    endloop
  endfacet
  facet normal 0.500097 0.865969 -0
    outer loop
      vertex 111.25 109.407 0
      vertex 107.25 111.717 3
      vertex 111.25 109.407 3
    endloop
  endfacet
  facet normal 0.500097 0.865969 0
    outer loop
      vertex 107.25 111.717 3
      vertex 111.25 109.407 0
      vertex 107.25 111.717 0
    endloop
  endfacet
  facet normal 1 -0 0
    outer loop
      vertex 86.25 111.717 3
      vertex 86.25 116.335 0
      vertex 86.25 116.335 3
    endloop
  endfacet
  facet normal 1 0 0
    outer loop
      vertex 86.25 116.335 0
      vertex 86.25 111.717 3
      vertex 86.25 111.717 0
    endloop
  endfacet
  facet normal 0.500097 -0.865969 0
    outer loop
      vertex 86.25 116.335 0
      vertex 90.25 118.645 3
      vertex 86.25 116.335 3
    endloop
  endfacet
  facet normal 0.500097 -0.865969 0
    outer loop
      vertex 90.25 118.645 3
      vertex 86.25 116.335 0
      vertex 90.25 118.645 0
    endloop
  endfacet
  facet normal -0.500097 -0.865969 0
    outer loop
      vertex 90.25 118.645 0
      vertex 94.25 116.335 3
      vertex 90.25 118.645 3
    endloop
  endfacet
  facet normal -0.500097 -0.865969 -0
    outer loop
      vertex 94.25 116.335 3
      vertex 90.25 118.645 0
      vertex 94.25 116.335 0
    endloop
  endfacet
  facet normal -1 0 0
    outer loop
      vertex 94.25 111.717 0
      vertex 94.25 116.335 3
      vertex 94.25 116.335 0
    endloop
  endfacet
  facet normal -1 -0 0
    outer loop
      vertex 94.25 116.335 3
      vertex 94.25 111.717 0
      vertex 94.25 111.717 3
    endloop
  endfacet
  facet normal -0.500097 0.865969 0
    outer loop
      vertex 94.25 111.717 0
      vertex 90.25 109.407 3
      vertex 94.25 111.717 3
    endloop
  endfacet
  facet normal -0.500097 0.865969 0
    outer loop
      vertex 90.25 109.407 3
      vertex 94.25 111.717 0
      vertex 90.25 109.407 0
    endloop
  endfacet
  facet normal 0.500097 0.865969 -0
    outer loop
      vertex 90.25 109.407 0
      vertex 86.25 111.717 3
      vertex 90.25 109.407 3
    endloop
  endfacet
  facet normal 0.500097 0.865969 0
    outer loop
      vertex 86.25 111.717 3
      vertex 90.25 109.407 0
      vertex 86.25 111.717 0
    endloop
  endfacet
  facet normal 1 -0 0
    outer loop
      vertex 65.25 111.717 3
      vertex 65.25 116.335 0
      vertex 65.25 116.335 3
    endloop
  endfacet
  facet normal 1 0 0
    outer loop
      vertex 65.25 116.335 0
      vertex 65.25 111.717 3
      vertex 65.25 111.717 0
    endloop
  endfacet
  facet normal 0.500097 -0.865969 0
    outer loop
      vertex 65.25 116.335 0
      vertex 69.25 118.645 3
      vertex 65.25 116.335 3
    endloop
  endfacet
  facet normal 0.500097 -0.865969 0
    outer loop
      vertex 69.25 118.645 3
      vertex 65.25 116.335 0
      vertex 69.25 118.645 0
    endloop
  endfacet
  facet normal -0.500097 -0.865969 0
    outer loop
      vertex 69.25 118.645 0
      vertex 73.25 116.335 3
      vertex 69.25 118.645 3
    endloop
  endfacet
  facet normal -0.500097 -0.865969 -0
    outer loop
      vertex 73.25 116.335 3
      vertex 69.25 118.645 0
      vertex 73.25 116.335 0
    endloop
  endfacet
  facet normal -1 0 0
    outer loop
      vertex 73.25 111.717 0
      vertex 73.25 116.335 3
      vertex 73.25 116.335 0
    endloop
  endfacet
  facet normal -1 -0 0
    outer loop
      vertex 73.25 116.335 3
      vertex 73.25 111.717 0
      vertex 73.25 111.717 3
    endloop
  endfacet
  facet normal -0.500097 0.865969 0
    outer loop
      vertex 73.25 111.717 0
      vertex 69.25 109.407 3
      vertex 73.25 111.717 3
    endloop
  endfacet
  facet normal -0.500097 0.865969 0
    outer loop
      vertex 69.25 109.407 3
      vertex 73.25 111.717 0
      vertex 69.25 109.407 0
    endloop
  endfacet
  facet normal 0.500097 0.865969 -0
    outer loop
      vertex 69.25 109.407 0
      vertex 65.25 111.717 3
      vertex 69.25 109.407 3
    endloop
  endfacet
  facet normal 0.500097 0.865969 0
    outer loop
      vertex 65.25 111.717 3
      vertex 69.25 109.407 0
      vertex 65.25 111.717 0
    endloop
  endfacet
  facet normal 1 -0 0
    outer loop
      vertex 23.25 111.717 3
      vertex 23.25 116.335 0
      vertex 23.25 116.335 3
    endloop
  endfacet
  facet normal 1 0 0
    outer loop
      vertex 23.25 116.335 0
      vertex 23.25 111.717 3
      vertex 23.25 111.717 0
    endloop
  endfacet
  facet normal 0.500097 -0.865969 0
    outer loop
      vertex 23.25 116.335 0
      vertex 27.25 118.645 3
      vertex 23.25 116.335 3
    endloop
  endfacet
  facet normal 0.500097 -0.865969 0
    outer loop
      vertex 27.25 118.645 3
      vertex 23.25 116.335 0
      vertex 27.25 118.645 0
    endloop
  endfacet
  facet normal -0.500097 -0.865969 0
    outer loop
      vertex 27.25 118.645 0
      vertex 31.25 116.335 3
      vertex 27.25 118.645 3
    endloop
  endfacet
  facet normal -0.500097 -0.865969 -0
    outer loop
      vertex 31.25 116.335 3
      vertex 27.25 118.645 0
      vertex 31.25 116.335 0
    endloop
  endfacet
  facet normal -1 0 0
    outer loop
      vertex 31.25 111.717 0
      vertex 31.25 116.335 3
      vertex 31.25 116.335 0
    endloop
  endfacet
  facet normal -1 -0 0
    outer loop
      vertex 31.25 116.335 3
      vertex 31.25 111.717 0
      vertex 31.25 111.717 3
    endloop
  endfacet
  facet normal -0.500097 0.865969 0
    outer loop
      vertex 31.25 111.717 0
      vertex 27.25 109.407 3
      vertex 31.25 111.717 3
    endloop
  endfacet
  facet normal -0.500097 0.865969 0
    outer loop
      vertex 27.25 109.407 3
      vertex 31.25 111.717 0
      vertex 27.25 109.407 0
    endloop
  endfacet
  facet normal 0.500097 0.865969 -0
    outer loop
      vertex 27.25 109.407 0
      vertex 23.25 111.717 3
      vertex 27.25 109.407 3
    endloop
  endfacet
  facet normal 0.500097 0.865969 0
    outer loop
      vertex 23.25 111.717 3
      vertex 27.25 109.407 0
      vertex 23.25 111.717 0
    endloop
  endfacet
  facet normal 1 -0 0
    outer loop
      vertex 44.25 111.717 3
      vertex 44.25 116.335 0
      vertex 44.25 116.335 3
    endloop
  endfacet
  facet normal 1 0 0
    outer loop
      vertex 44.25 116.335 0
      vertex 44.25 111.717 3
      vertex 44.25 111.717 0
    endloop
  endfacet
  facet normal 0.500097 -0.865969 0
    outer loop
      vertex 44.25 116.335 0
      vertex 48.25 118.645 3
      vertex 44.25 116.335 3
    endloop
  endfacet
  facet normal 0.500097 -0.865969 0
    outer loop
      vertex 48.25 118.645 3
      vertex 44.25 116.335 0
      vertex 48.25 118.645 0
    endloop
  endfacet
  facet normal -0.500097 -0.865969 0
    outer loop
      vertex 48.25 118.645 0
      vertex 52.25 116.335 3
      vertex 48.25 118.645 3
    endloop
  endfacet
  facet normal -0.500097 -0.865969 -0
    outer loop
      vertex 52.25 116.335 3
      vertex 48.25 118.645 0
      vertex 52.25 116.335 0
    endloop
  endfacet
  facet normal -1 0 0
    outer loop
      vertex 52.25 111.717 0
      vertex 52.25 116.335 3
      vertex 52.25 116.335 0
    endloop
  endfacet
  facet normal -1 -0 0
    outer loop
      vertex 52.25 116.335 3
      vertex 52.25 111.717 0
      vertex 52.25 111.717 3
    endloop
  endfacet
  facet normal -0.500097 0.865969 0
    outer loop
      vertex 52.25 111.717 0
      vertex 48.25 109.407 3
      vertex 52.25 111.717 3
    endloop
  endfacet
  facet normal -0.500097 0.865969 0
    outer loop
      vertex 48.25 109.407 3
      vertex 52.25 111.717 0
      vertex 48.25 109.407 0
    endloop
  endfacet
  facet normal 0.500097 0.865969 -0
    outer loop
      vertex 48.25 109.407 0
      vertex 44.25 111.717 3
      vertex 48.25 109.407 3
    endloop
  endfacet
  facet normal 0.500097 0.865969 0
    outer loop
      vertex 44.25 111.717 3
      vertex 48.25 109.407 0
      vertex 44.25 111.717 0
    endloop
  endfacet
  facet normal 1 -0 0
    outer loop
      vertex 33.75 111.717 3
      vertex 33.75 116.335 0
      vertex 33.75 116.335 3
    endloop
  endfacet
  facet normal 1 0 0
    outer loop
      vertex 33.75 116.335 0
      vertex 33.75 111.717 3
      vertex 33.75 111.717 0
    endloop
  endfacet
  facet normal 0.500097 -0.865969 0
    outer loop
      vertex 33.75 116.335 0
      vertex 37.75 118.645 3
      vertex 33.75 116.335 3
    endloop
  endfacet
  facet normal 0.500097 -0.865969 0
    outer loop
      vertex 37.75 118.645 3
      vertex 33.75 116.335 0
      vertex 37.75 118.645 0
    endloop
  endfacet
  facet normal -0.500097 -0.865969 0
    outer loop
      vertex 37.75 118.645 0
      vertex 41.75 116.335 3
      vertex 37.75 118.645 3
    endloop
  endfacet
  facet normal -0.500097 -0.865969 -0
    outer loop
      vertex 41.75 116.335 3
      vertex 37.75 118.645 0
      vertex 41.75 116.335 0
    endloop
  endfacet
  facet normal -1 0 0
    outer loop
      vertex 41.75 111.717 0
      vertex 41.75 116.335 3
      vertex 41.75 116.335 0
    endloop
  endfacet
  facet normal -1 -0 0
    outer loop
      vertex 41.75 116.335 3
      vertex 41.75 111.717 0
      vertex 41.75 111.717 3
    endloop
  endfacet
  facet normal -0.500097 0.865969 0
    outer loop
      vertex 41.75 111.717 0
      vertex 37.75 109.407 3
      vertex 41.75 111.717 3
    endloop
  endfacet
  facet normal -0.500097 0.865969 0
    outer loop
      vertex 37.75 109.407 3
      vertex 41.75 111.717 0
      vertex 37.75 109.407 0
    endloop
  endfacet
  facet normal 0.500097 0.865969 -0
    outer loop
      vertex 37.75 109.407 0
      vertex 33.75 111.717 3
      vertex 37.75 109.407 3
    endloop
  endfacet
  facet normal 0.500097 0.865969 0
    outer loop
      vertex 33.75 111.717 3
      vertex 37.75 109.407 0
      vertex 33.75 111.717 0
    endloop
  endfacet
  facet normal 1 -0 0
    outer loop
      vertex 54.75 111.717 3
      vertex 54.75 116.335 0
      vertex 54.75 116.335 3
    endloop
  endfacet
  facet normal 1 0 0
    outer loop
      vertex 54.75 116.335 0
      vertex 54.75 111.717 3
      vertex 54.75 111.717 0
    endloop
  endfacet
  facet normal 0.500097 -0.865969 0
    outer loop
      vertex 54.75 116.335 0
      vertex 58.75 118.645 3
      vertex 54.75 116.335 3
    endloop
  endfacet
  facet normal 0.500097 -0.865969 0
    outer loop
      vertex 58.75 118.645 3
      vertex 54.75 116.335 0
      vertex 58.75 118.645 0
    endloop
  endfacet
  facet normal -0.500097 -0.865969 0
    outer loop
      vertex 58.75 118.645 0
      vertex 62.75 116.335 3
      vertex 58.75 118.645 3
    endloop
  endfacet
  facet normal -0.500097 -0.865969 -0
    outer loop
      vertex 62.75 116.335 3
      vertex 58.75 118.645 0
      vertex 62.75 116.335 0
    endloop
  endfacet
  facet normal -1 0 0
    outer loop
      vertex 62.75 111.717 0
      vertex 62.75 116.335 3
      vertex 62.75 116.335 0
    endloop
  endfacet
  facet normal -1 -0 0
    outer loop
      vertex 62.75 116.335 3
      vertex 62.75 111.717 0
      vertex 62.75 111.717 3
    endloop
  endfacet
  facet normal -0.500097 0.865969 0
    outer loop
      vertex 62.75 111.717 0
      vertex 58.75 109.407 3
      vertex 62.75 111.717 3
    endloop
  endfacet
  facet normal -0.500097 0.865969 0
    outer loop
      vertex 58.75 109.407 3
      vertex 62.75 111.717 0
      vertex 58.75 109.407 0
    endloop
  endfacet
  facet normal 0.500097 0.865969 -0
    outer loop
      vertex 58.75 109.407 0
      vertex 54.75 111.717 3
      vertex 58.75 109.407 3
    endloop
  endfacet
  facet normal 0.500097 0.865969 0
    outer loop
      vertex 54.75 111.717 3
      vertex 58.75 109.407 0
      vertex 54.75 111.717 0
    endloop
  endfacet
  facet normal 1 -0 0
    outer loop
      vertex 75.75 111.717 3
      vertex 75.75 116.335 0
      vertex 75.75 116.335 3
    endloop
  endfacet
  facet normal 1 0 0
    outer loop
      vertex 75.75 116.335 0
      vertex 75.75 111.717 3
      vertex 75.75 111.717 0
    endloop
  endfacet
  facet normal 0.500097 -0.865969 0
    outer loop
      vertex 75.75 116.335 0
      vertex 79.75 118.645 3
      vertex 75.75 116.335 3
    endloop
  endfacet
  facet normal 0.500097 -0.865969 0
    outer loop
      vertex 79.75 118.645 3
      vertex 75.75 116.335 0
      vertex 79.75 118.645 0
    endloop
  endfacet
  facet normal -0.500097 -0.865969 0
    outer loop
      vertex 79.75 118.645 0
      vertex 83.75 116.335 3
      vertex 79.75 118.645 3
    endloop
  endfacet
  facet normal -0.500097 -0.865969 -0
    outer loop
      vertex 83.75 116.335 3
      vertex 79.75 118.645 0
      vertex 83.75 116.335 0
    endloop
  endfacet
  facet normal -1 0 0
    outer loop
      vertex 83.75 111.717 0
      vertex 83.75 116.335 3
      vertex 83.75 116.335 0
    endloop
  endfacet
  facet normal -1 -0 0
    outer loop
      vertex 83.75 116.335 3
      vertex 83.75 111.717 0
      vertex 83.75 111.717 3
    endloop
  endfacet
  facet normal -0.500097 0.865969 0
    outer loop
      vertex 83.75 111.717 0
      vertex 79.75 109.407 3
      vertex 83.75 111.717 3
    endloop
  endfacet
  facet normal -0.500097 0.865969 0
    outer loop
      vertex 79.75 109.407 3
      vertex 83.75 111.717 0
      vertex 79.75 109.407 0
    endloop
  endfacet
  facet normal 0.500097 0.865969 -0
    outer loop
      vertex 79.75 109.407 0
      vertex 75.75 111.717 3
      vertex 79.75 109.407 3
    endloop
  endfacet
  facet normal 0.500097 0.865969 0
    outer loop
      vertex 75.75 111.717 3
      vertex 79.75 109.407 0
      vertex 75.75 111.717 0
    endloop
  endfacet
  facet normal 1 -0 0
    outer loop
      vertex 102 102.623 3
      vertex 102 107.242 0
      vertex 102 107.242 3
    endloop
  endfacet
  facet normal 1 0 0
    outer loop
      vertex 102 107.242 0
      vertex 102 102.623 3
      vertex 102 102.623 0
    endloop
  endfacet
  facet normal 0.499935 -0.866063 0
    outer loop
      vertex 102 107.242 0
      vertex 106 109.551 3
      vertex 102 107.242 3
    endloop
  endfacet
  facet normal 0.499935 -0.866063 0
    outer loop
      vertex 106 109.551 3
      vertex 102 107.242 0
      vertex 106 109.551 0
    endloop
  endfacet
  facet normal -0.499935 -0.866063 0
    outer loop
      vertex 106 109.551 0
      vertex 110 107.242 3
      vertex 106 109.551 3
    endloop
  endfacet
  facet normal -0.499935 -0.866063 -0
    outer loop
      vertex 110 107.242 3
      vertex 106 109.551 0
      vertex 110 107.242 0
    endloop
  endfacet
  facet normal -1 0 0
    outer loop
      vertex 110 102.623 0
      vertex 110 107.242 3
      vertex 110 107.242 0
    endloop
  endfacet
  facet normal -1 -0 0
    outer loop
      vertex 110 107.242 3
      vertex 110 102.623 0
      vertex 110 102.623 3
    endloop
  endfacet
  facet normal -0.499935 0.866063 0
    outer loop
      vertex 110 102.623 0
      vertex 106 100.314 3
      vertex 110 102.623 3
    endloop
  endfacet
  facet normal -0.499935 0.866063 0
    outer loop
      vertex 106 100.314 3
      vertex 110 102.623 0
      vertex 106 100.314 0
    endloop
  endfacet
  facet normal 0.499935 0.866063 -0
    outer loop
      vertex 106 100.314 0
      vertex 102 102.623 3
      vertex 106 100.314 3
    endloop
  endfacet
  facet normal 0.499935 0.866063 0
    outer loop
      vertex 102 102.623 3
      vertex 106 100.314 0
      vertex 102 102.623 0
    endloop
  endfacet
  facet normal 1 -0 0
    outer loop
      vertex 91.5 102.623 3
      vertex 91.5 107.242 0
      vertex 91.5 107.242 3
    endloop
  endfacet
  facet normal 1 0 0
    outer loop
      vertex 91.5 107.242 0
      vertex 91.5 102.623 3
      vertex 91.5 102.623 0
    endloop
  endfacet
  facet normal 0.499935 -0.866063 0
    outer loop
      vertex 91.5 107.242 0
      vertex 95.5 109.551 3
      vertex 91.5 107.242 3
    endloop
  endfacet
  facet normal 0.499935 -0.866063 0
    outer loop
      vertex 95.5 109.551 3
      vertex 91.5 107.242 0
      vertex 95.5 109.551 0
    endloop
  endfacet
  facet normal -0.499935 -0.866063 0
    outer loop
      vertex 95.5 109.551 0
      vertex 99.5 107.242 3
      vertex 95.5 109.551 3
    endloop
  endfacet
  facet normal -0.499935 -0.866063 -0
    outer loop
      vertex 99.5 107.242 3
      vertex 95.5 109.551 0
      vertex 99.5 107.242 0
    endloop
  endfacet
  facet normal -1 0 0
    outer loop
      vertex 99.5 102.623 0
      vertex 99.5 107.242 3
      vertex 99.5 107.242 0
    endloop
  endfacet
  facet normal -1 -0 0
    outer loop
      vertex 99.5 107.242 3
      vertex 99.5 102.623 0
      vertex 99.5 102.623 3
    endloop
  endfacet
  facet normal -0.499935 0.866063 0
    outer loop
      vertex 99.5 102.623 0
      vertex 95.5 100.314 3
      vertex 99.5 102.623 3
    endloop
  endfacet
  facet normal -0.499935 0.866063 0
    outer loop
      vertex 95.5 100.314 3
      vertex 99.5 102.623 0
      vertex 95.5 100.314 0
    endloop
  endfacet
  facet normal 0.499935 0.866063 -0
    outer loop
      vertex 95.5 100.314 0
      vertex 91.5 102.623 3
      vertex 95.5 100.314 3
    endloop
  endfacet
  facet normal 0.499935 0.866063 0
    outer loop
      vertex 91.5 102.623 3
      vertex 95.5 100.314 0
      vertex 91.5 102.623 0
    endloop
  endfacet
  facet normal 1 -0 0
    outer loop
      vertex 144 102.623 3
      vertex 144 107.242 0
      vertex 144 107.242 3
    endloop
  endfacet
  facet normal 1 0 0
    outer loop
      vertex 144 107.242 0
      vertex 144 102.623 3
      vertex 144 102.623 0
    endloop
  endfacet
  facet normal 0.499935 -0.866063 0
    outer loop
      vertex 144 107.242 0
      vertex 148 109.551 3
      vertex 144 107.242 3
    endloop
  endfacet
  facet normal 0.499935 -0.866063 0
    outer loop
      vertex 148 109.551 3
      vertex 144 107.242 0
      vertex 148 109.551 0
    endloop
  endfacet
  facet normal -0.499935 -0.866063 0
    outer loop
      vertex 148 109.551 0
      vertex 152 107.242 3
      vertex 148 109.551 3
    endloop
  endfacet
  facet normal -0.499935 -0.866063 -0
    outer loop
      vertex 152 107.242 3
      vertex 148 109.551 0
      vertex 152 107.242 0
    endloop
  endfacet
  facet normal -1 0 0
    outer loop
      vertex 152 102.623 0
      vertex 152 107.242 3
      vertex 152 107.242 0
    endloop
  endfacet
  facet normal -1 -0 0
    outer loop
      vertex 152 107.242 3
      vertex 152 102.623 0
      vertex 152 102.623 3
    endloop
  endfacet
  facet normal -0.499935 0.866063 0
    outer loop
      vertex 152 102.623 0
      vertex 148 100.314 3
      vertex 152 102.623 3
    endloop
  endfacet
  facet normal -0.499935 0.866063 0
    outer loop
      vertex 148 100.314 3
      vertex 152 102.623 0
      vertex 148 100.314 0
    endloop
  endfacet
  facet normal 0.499935 0.866063 -0
    outer loop
      vertex 148 100.314 0
      vertex 144 102.623 3
      vertex 148 100.314 3
    endloop
  endfacet
  facet normal 0.499935 0.866063 0
    outer loop
      vertex 144 102.623 3
      vertex 148 100.314 0
      vertex 144 102.623 0
    endloop
  endfacet
  facet normal 1 -0 0
    outer loop
      vertex 133.5 102.623 3
      vertex 133.5 107.242 0
      vertex 133.5 107.242 3
    endloop
  endfacet
  facet normal 1 0 0
    outer loop
      vertex 133.5 107.242 0
      vertex 133.5 102.623 3
      vertex 133.5 102.623 0
    endloop
  endfacet
  facet normal 0.499935 -0.866063 0
    outer loop
      vertex 133.5 107.242 0
      vertex 137.5 109.551 3
      vertex 133.5 107.242 3
    endloop
  endfacet
  facet normal 0.499935 -0.866063 0
    outer loop
      vertex 137.5 109.551 3
      vertex 133.5 107.242 0
      vertex 137.5 109.551 0
    endloop
  endfacet
  facet normal -0.499935 -0.866063 0
    outer loop
      vertex 137.5 109.551 0
      vertex 141.5 107.242 3
      vertex 137.5 109.551 3
    endloop
  endfacet
  facet normal -0.499935 -0.866063 -0
    outer loop
      vertex 141.5 107.242 3
      vertex 137.5 109.551 0
      vertex 141.5 107.242 0
    endloop
  endfacet
  facet normal -1 0 0
    outer loop
      vertex 141.5 102.623 0
      vertex 141.5 107.242 3
      vertex 141.5 107.242 0
    endloop
  endfacet
  facet normal -1 -0 0
    outer loop
      vertex 141.5 107.242 3
      vertex 141.5 102.623 0
      vertex 141.5 102.623 3
    endloop
  endfacet
  facet normal -0.499935 0.866063 0
    outer loop
      vertex 141.5 102.623 0
      vertex 137.5 100.314 3
      vertex 141.5 102.623 3
    endloop
  endfacet
  facet normal -0.499935 0.866063 0
    outer loop
      vertex 137.5 100.314 3
      vertex 141.5 102.623 0
      vertex 137.5 100.314 0
    endloop
  endfacet
  facet normal 0.499935 0.866063 -0
    outer loop
      vertex 137.5 100.314 0
      vertex 133.5 102.623 3
      vertex 137.5 100.314 3
    endloop
  endfacet
  facet normal 0.499935 0.866063 0
    outer loop
      vertex 133.5 102.623 3
      vertex 137.5 100.314 0
      vertex 133.5 102.623 0
    endloop
  endfacet
  facet normal 1 -0 0
    outer loop
      vertex 123 102.623 3
      vertex 123 107.242 0
      vertex 123 107.242 3
    endloop
  endfacet
  facet normal 1 0 0
    outer loop
      vertex 123 107.242 0
      vertex 123 102.623 3
      vertex 123 102.623 0
    endloop
  endfacet
  facet normal 0.499935 -0.866063 0
    outer loop
      vertex 123 107.242 0
      vertex 127 109.551 3
      vertex 123 107.242 3
    endloop
  endfacet
  facet normal 0.499935 -0.866063 0
    outer loop
      vertex 127 109.551 3
      vertex 123 107.242 0
      vertex 127 109.551 0
    endloop
  endfacet
  facet normal -0.499935 -0.866063 0
    outer loop
      vertex 127 109.551 0
      vertex 131 107.242 3
      vertex 127 109.551 3
    endloop
  endfacet
  facet normal -0.499935 -0.866063 -0
    outer loop
      vertex 131 107.242 3
      vertex 127 109.551 0
      vertex 131 107.242 0
    endloop
  endfacet
  facet normal -1 0 0
    outer loop
      vertex 131 102.623 0
      vertex 131 107.242 3
      vertex 131 107.242 0
    endloop
  endfacet
  facet normal -1 -0 0
    outer loop
      vertex 131 107.242 3
      vertex 131 102.623 0
      vertex 131 102.623 3
    endloop
  endfacet
  facet normal -0.499935 0.866063 0
    outer loop
      vertex 131 102.623 0
      vertex 127 100.314 3
      vertex 131 102.623 3
    endloop
  endfacet
  facet normal -0.499935 0.866063 0
    outer loop
      vertex 127 100.314 3
      vertex 131 102.623 0
      vertex 127 100.314 0
    endloop
  endfacet
  facet normal 0.499935 0.866063 -0
    outer loop
      vertex 127 100.314 0
      vertex 123 102.623 3
      vertex 127 100.314 3
    endloop
  endfacet
  facet normal 0.499935 0.866063 0
    outer loop
      vertex 123 102.623 3
      vertex 127 100.314 0
      vertex 123 102.623 0
    endloop
  endfacet
  facet normal 1 -0 0
    outer loop
      vertex 112.5 102.623 3
      vertex 112.5 107.242 0
      vertex 112.5 107.242 3
    endloop
  endfacet
  facet normal 1 0 0
    outer loop
      vertex 112.5 107.242 0
      vertex 112.5 102.623 3
      vertex 112.5 102.623 0
    endloop
  endfacet
  facet normal 0.499935 -0.866063 0
    outer loop
      vertex 112.5 107.242 0
      vertex 116.5 109.551 3
      vertex 112.5 107.242 3
    endloop
  endfacet
  facet normal 0.499935 -0.866063 0
    outer loop
      vertex 116.5 109.551 3
      vertex 112.5 107.242 0
      vertex 116.5 109.551 0
    endloop
  endfacet
  facet normal -0.499935 -0.866063 0
    outer loop
      vertex 116.5 109.551 0
      vertex 120.5 107.242 3
      vertex 116.5 109.551 3
    endloop
  endfacet
  facet normal -0.499935 -0.866063 -0
    outer loop
      vertex 120.5 107.242 3
      vertex 116.5 109.551 0
      vertex 120.5 107.242 0
    endloop
  endfacet
  facet normal -1 0 0
    outer loop
      vertex 120.5 102.623 0
      vertex 120.5 107.242 3
      vertex 120.5 107.242 0
    endloop
  endfacet
  facet normal -1 -0 0
    outer loop
      vertex 120.5 107.242 3
      vertex 120.5 102.623 0
      vertex 120.5 102.623 3
    endloop
  endfacet
  facet normal -0.499935 0.866063 0
    outer loop
      vertex 120.5 102.623 0
      vertex 116.5 100.314 3
      vertex 120.5 102.623 3
    endloop
  endfacet
  facet normal -0.499935 0.866063 0
    outer loop
      vertex 116.5 100.314 3
      vertex 120.5 102.623 0
      vertex 116.5 100.314 0
    endloop
  endfacet
  facet normal 0.499935 0.866063 -0
    outer loop
      vertex 116.5 100.314 0
      vertex 112.5 102.623 3
      vertex 116.5 100.314 3
    endloop
  endfacet
  facet normal 0.499935 0.866063 0
    outer loop
      vertex 112.5 102.623 3
      vertex 116.5 100.314 0
      vertex 112.5 102.623 0
    endloop
  endfacet
  facet normal 1 -0 0
    outer loop
      vertex 81 102.623 3
      vertex 81 107.242 0
      vertex 81 107.242 3
    endloop
  endfacet
  facet normal 1 0 0
    outer loop
      vertex 81 107.242 0
      vertex 81 102.623 3
      vertex 81 102.623 0
    endloop
  endfacet
  facet normal 0.499935 -0.866063 0
    outer loop
      vertex 81 107.242 0
      vertex 85 109.551 3
      vertex 81 107.242 3
    endloop
  endfacet
  facet normal 0.499935 -0.866063 0
    outer loop
      vertex 85 109.551 3
      vertex 81 107.242 0
      vertex 85 109.551 0
    endloop
  endfacet
  facet normal -0.499935 -0.866063 0
    outer loop
      vertex 85 109.551 0
      vertex 89 107.242 3
      vertex 85 109.551 3
    endloop
  endfacet
  facet normal -0.499935 -0.866063 -0
    outer loop
      vertex 89 107.242 3
      vertex 85 109.551 0
      vertex 89 107.242 0
    endloop
  endfacet
  facet normal -1 0 0
    outer loop
      vertex 89 102.623 0
      vertex 89 107.242 3
      vertex 89 107.242 0
    endloop
  endfacet
  facet normal -1 -0 0
    outer loop
      vertex 89 107.242 3
      vertex 89 102.623 0
      vertex 89 102.623 3
    endloop
  endfacet
  facet normal -0.499935 0.866063 0
    outer loop
      vertex 89 102.623 0
      vertex 85 100.314 3
      vertex 89 102.623 3
    endloop
  endfacet
  facet normal -0.499935 0.866063 0
    outer loop
      vertex 85 100.314 3
      vertex 89 102.623 0
      vertex 85 100.314 0
    endloop
  endfacet
  facet normal 0.499935 0.866063 -0
    outer loop
      vertex 85 100.314 0
      vertex 81 102.623 3
      vertex 85 100.314 3
    endloop
  endfacet
  facet normal 0.499935 0.866063 0
    outer loop
      vertex 81 102.623 3
      vertex 85 100.314 0
      vertex 81 102.623 0
    endloop
  endfacet
  facet normal 1 -0 0
    outer loop
      vertex 70.5 102.623 3
      vertex 70.5 107.242 0
      vertex 70.5 107.242 3
    endloop
  endfacet
  facet normal 1 0 0
    outer loop
      vertex 70.5 107.242 0
      vertex 70.5 102.623 3
      vertex 70.5 102.623 0
    endloop
  endfacet
  facet normal 0.499935 -0.866063 0
    outer loop
      vertex 70.5 107.242 0
      vertex 74.5 109.551 3
      vertex 70.5 107.242 3
    endloop
  endfacet
  facet normal 0.499935 -0.866063 0
    outer loop
      vertex 74.5 109.551 3
      vertex 70.5 107.242 0
      vertex 74.5 109.551 0
    endloop
  endfacet
  facet normal -0.499935 -0.866063 0
    outer loop
      vertex 74.5 109.551 0
      vertex 78.5 107.242 3
      vertex 74.5 109.551 3
    endloop
  endfacet
  facet normal -0.499935 -0.866063 -0
    outer loop
      vertex 78.5 107.242 3
      vertex 74.5 109.551 0
      vertex 78.5 107.242 0
    endloop
  endfacet
  facet normal -1 0 0
    outer loop
      vertex 78.5 102.623 0
      vertex 78.5 107.242 3
      vertex 78.5 107.242 0
    endloop
  endfacet
  facet normal -1 -0 0
    outer loop
      vertex 78.5 107.242 3
      vertex 78.5 102.623 0
      vertex 78.5 102.623 3
    endloop
  endfacet
  facet normal -0.499935 0.866063 0
    outer loop
      vertex 78.5 102.623 0
      vertex 74.5 100.314 3
      vertex 78.5 102.623 3
    endloop
  endfacet
  facet normal -0.499935 0.866063 0
    outer loop
      vertex 74.5 100.314 3
      vertex 78.5 102.623 0
      vertex 74.5 100.314 0
    endloop
  endfacet
  facet normal 0.499935 0.866063 -0
    outer loop
      vertex 74.5 100.314 0
      vertex 70.5 102.623 3
      vertex 74.5 100.314 3
    endloop
  endfacet
  facet normal 0.499935 0.866063 0
    outer loop
      vertex 70.5 102.623 3
      vertex 74.5 100.314 0
      vertex 70.5 102.623 0
    endloop
  endfacet
  facet normal 1 -0 0
    outer loop
      vertex 49.5 102.623 3
      vertex 49.5 107.242 0
      vertex 49.5 107.242 3
    endloop
  endfacet
  facet normal 1 0 0
    outer loop
      vertex 49.5 107.242 0
      vertex 49.5 102.623 3
      vertex 49.5 102.623 0
    endloop
  endfacet
  facet normal 0.499935 -0.866063 0
    outer loop
      vertex 49.5 107.242 0
      vertex 53.5 109.551 3
      vertex 49.5 107.242 3
    endloop
  endfacet
  facet normal 0.499935 -0.866063 0
    outer loop
      vertex 53.5 109.551 3
      vertex 49.5 107.242 0
      vertex 53.5 109.551 0
    endloop
  endfacet
  facet normal -0.499935 -0.866063 0
    outer loop
      vertex 53.5 109.551 0
      vertex 57.5 107.242 3
      vertex 53.5 109.551 3
    endloop
  endfacet
  facet normal -0.499935 -0.866063 -0
    outer loop
      vertex 57.5 107.242 3
      vertex 53.5 109.551 0
      vertex 57.5 107.242 0
    endloop
  endfacet
  facet normal -1 0 0
    outer loop
      vertex 57.5 102.623 0
      vertex 57.5 107.242 3
      vertex 57.5 107.242 0
    endloop
  endfacet
  facet normal -1 -0 0
    outer loop
      vertex 57.5 107.242 3
      vertex 57.5 102.623 0
      vertex 57.5 102.623 3
    endloop
  endfacet
  facet normal -0.499935 0.866063 0
    outer loop
      vertex 57.5 102.623 0
      vertex 53.5 100.314 3
      vertex 57.5 102.623 3
    endloop
  endfacet
  facet normal -0.499935 0.866063 0
    outer loop
      vertex 53.5 100.314 3
      vertex 57.5 102.623 0
      vertex 53.5 100.314 0
    endloop
  endfacet
  facet normal 0.499935 0.866063 -0
    outer loop
      vertex 53.5 100.314 0
      vertex 49.5 102.623 3
      vertex 53.5 100.314 3
    endloop
  endfacet
  facet normal 0.499935 0.866063 0
    outer loop
      vertex 49.5 102.623 3
      vertex 53.5 100.314 0
      vertex 49.5 102.623 0
    endloop
  endfacet
  facet normal 1 -0 0
    outer loop
      vertex 39 102.623 3
      vertex 39 107.242 0
      vertex 39 107.242 3
    endloop
  endfacet
  facet normal 1 0 0
    outer loop
      vertex 39 107.242 0
      vertex 39 102.623 3
      vertex 39 102.623 0
    endloop
  endfacet
  facet normal 0.499935 -0.866063 0
    outer loop
      vertex 39 107.242 0
      vertex 43 109.551 3
      vertex 39 107.242 3
    endloop
  endfacet
  facet normal 0.499935 -0.866063 0
    outer loop
      vertex 43 109.551 3
      vertex 39 107.242 0
      vertex 43 109.551 0
    endloop
  endfacet
  facet normal -0.499935 -0.866063 0
    outer loop
      vertex 43 109.551 0
      vertex 47 107.242 3
      vertex 43 109.551 3
    endloop
  endfacet
  facet normal -0.499935 -0.866063 -0
    outer loop
      vertex 47 107.242 3
      vertex 43 109.551 0
      vertex 47 107.242 0
    endloop
  endfacet
  facet normal -1 0 0
    outer loop
      vertex 47 102.623 0
      vertex 47 107.242 3
      vertex 47 107.242 0
    endloop
  endfacet
  facet normal -1 -0 0
    outer loop
      vertex 47 107.242 3
      vertex 47 102.623 0
      vertex 47 102.623 3
    endloop
  endfacet
  facet normal -0.499935 0.866063 0
    outer loop
      vertex 47 102.623 0
      vertex 43 100.314 3
      vertex 47 102.623 3
    endloop
  endfacet
  facet normal -0.499935 0.866063 0
    outer loop
      vertex 43 100.314 3
      vertex 47 102.623 0
      vertex 43 100.314 0
    endloop
  endfacet
  facet normal 0.499935 0.866063 -0
    outer loop
      vertex 43 100.314 0
      vertex 39 102.623 3
      vertex 43 100.314 3
    endloop
  endfacet
  facet normal 0.499935 0.866063 0
    outer loop
      vertex 39 102.623 3
      vertex 43 100.314 0
      vertex 39 102.623 0
    endloop
  endfacet
  facet normal 1 -0 0
    outer loop
      vertex 28.5 102.623 3
      vertex 28.5 107.242 0
      vertex 28.5 107.242 3
    endloop
  endfacet
  facet normal 1 0 0
    outer loop
      vertex 28.5 107.242 0
      vertex 28.5 102.623 3
      vertex 28.5 102.623 0
    endloop
  endfacet
  facet normal 0.499935 -0.866063 0
    outer loop
      vertex 28.5 107.242 0
      vertex 32.5 109.551 3
      vertex 28.5 107.242 3
    endloop
  endfacet
  facet normal 0.499935 -0.866063 0
    outer loop
      vertex 32.5 109.551 3
      vertex 28.5 107.242 0
      vertex 32.5 109.551 0
    endloop
  endfacet
  facet normal -0.499935 -0.866063 0
    outer loop
      vertex 32.5 109.551 0
      vertex 36.5 107.242 3
      vertex 32.5 109.551 3
    endloop
  endfacet
  facet normal -0.499935 -0.866063 -0
    outer loop
      vertex 36.5 107.242 3
      vertex 32.5 109.551 0
      vertex 36.5 107.242 0
    endloop
  endfacet
  facet normal -1 0 0
    outer loop
      vertex 36.5 102.623 0
      vertex 36.5 107.242 3
      vertex 36.5 107.242 0
    endloop
  endfacet
  facet normal -1 -0 0
    outer loop
      vertex 36.5 107.242 3
      vertex 36.5 102.623 0
      vertex 36.5 102.623 3
    endloop
  endfacet
  facet normal -0.499935 0.866063 0
    outer loop
      vertex 36.5 102.623 0
      vertex 32.5 100.314 3
      vertex 36.5 102.623 3
    endloop
  endfacet
  facet normal -0.499935 0.866063 0
    outer loop
      vertex 32.5 100.314 3
      vertex 36.5 102.623 0
      vertex 32.5 100.314 0
    endloop
  endfacet
  facet normal 0.499935 0.866063 -0
    outer loop
      vertex 32.5 100.314 0
      vertex 28.5 102.623 3
      vertex 32.5 100.314 3
    endloop
  endfacet
  facet normal 0.499935 0.866063 0
    outer loop
      vertex 28.5 102.623 3
      vertex 32.5 100.314 0
      vertex 28.5 102.623 0
    endloop
  endfacet
  facet normal 1 -0 0
    outer loop
      vertex 60 102.623 3
      vertex 60 107.242 0
      vertex 60 107.242 3
    endloop
  endfacet
  facet normal 1 0 0
    outer loop
      vertex 60 107.242 0
      vertex 60 102.623 3
      vertex 60 102.623 0
    endloop
  endfacet
  facet normal 0.499935 -0.866063 0
    outer loop
      vertex 60 107.242 0
      vertex 64 109.551 3
      vertex 60 107.242 3
    endloop
  endfacet
  facet normal 0.499935 -0.866063 0
    outer loop
      vertex 64 109.551 3
      vertex 60 107.242 0
      vertex 64 109.551 0
    endloop
  endfacet
  facet normal -0.499935 -0.866063 0
    outer loop
      vertex 64 109.551 0
      vertex 68 107.242 3
      vertex 64 109.551 3
    endloop
  endfacet
  facet normal -0.499935 -0.866063 -0
    outer loop
      vertex 68 107.242 3
      vertex 64 109.551 0
      vertex 68 107.242 0
    endloop
  endfacet
  facet normal -1 0 0
    outer loop
      vertex 68 102.623 0
      vertex 68 107.242 3
      vertex 68 107.242 0
    endloop
  endfacet
  facet normal -1 -0 0
    outer loop
      vertex 68 107.242 3
      vertex 68 102.623 0
      vertex 68 102.623 3
    endloop
  endfacet
  facet normal -0.499935 0.866063 0
    outer loop
      vertex 68 102.623 0
      vertex 64 100.314 3
      vertex 68 102.623 3
    endloop
  endfacet
  facet normal -0.499935 0.866063 0
    outer loop
      vertex 64 100.314 3
      vertex 68 102.623 0
      vertex 64 100.314 0
    endloop
  endfacet
  facet normal 0.499935 0.866063 -0
    outer loop
      vertex 64 100.314 0
      vertex 60 102.623 3
      vertex 64 100.314 3
    endloop
  endfacet
  facet normal 0.499935 0.866063 0
    outer loop
      vertex 60 102.623 3
      vertex 64 100.314 0
      vertex 60 102.623 0
    endloop
  endfacet
  facet normal 1 -0 0
    outer loop
      vertex 23.25 93.53 3
      vertex 23.25 98.1488 0
      vertex 23.25 98.1488 3
    endloop
  endfacet
  facet normal 1 0 0
    outer loop
      vertex 23.25 98.1488 0
      vertex 23.25 93.53 3
      vertex 23.25 93.53 0
    endloop
  endfacet
  facet normal 0.499967 -0.866044 0
    outer loop
      vertex 23.25 98.1488 0
      vertex 27.25 100.458 3
      vertex 23.25 98.1488 3
    endloop
  endfacet
  facet normal 0.499967 -0.866044 0
    outer loop
      vertex 27.25 100.458 3
      vertex 23.25 98.1488 0
      vertex 27.25 100.458 0
    endloop
  endfacet
  facet normal -0.499967 -0.866044 0
    outer loop
      vertex 27.25 100.458 0
      vertex 31.25 98.1488 3
      vertex 27.25 100.458 3
    endloop
  endfacet
  facet normal -0.499967 -0.866044 -0
    outer loop
      vertex 31.25 98.1488 3
      vertex 27.25 100.458 0
      vertex 31.25 98.1488 0
    endloop
  endfacet
  facet normal -1 0 0
    outer loop
      vertex 31.25 93.53 0
      vertex 31.25 98.1488 3
      vertex 31.25 98.1488 0
    endloop
  endfacet
  facet normal -1 -0 0
    outer loop
      vertex 31.25 98.1488 3
      vertex 31.25 93.53 0
      vertex 31.25 93.53 3
    endloop
  endfacet
  facet normal -0.5 0.866026 0
    outer loop
      vertex 31.25 93.53 0
      vertex 27.25 91.2206 3
      vertex 31.25 93.53 3
    endloop
  endfacet
  facet normal -0.5 0.866026 0
    outer loop
      vertex 27.25 91.2206 3
      vertex 31.25 93.53 0
      vertex 27.25 91.2206 0
    endloop
  endfacet
  facet normal 0.5 0.866026 -0
    outer loop
      vertex 27.25 91.2206 0
      vertex 23.25 93.53 3
      vertex 27.25 91.2206 3
    endloop
  endfacet
  facet normal 0.5 0.866026 0
    outer loop
      vertex 23.25 93.53 3
      vertex 27.25 91.2206 0
      vertex 23.25 93.53 0
    endloop
  endfacet
  facet normal 1 -0 0
    outer loop
      vertex 149.25 93.53 3
      vertex 149.25 98.1488 0
      vertex 149.25 98.1488 3
    endloop
  endfacet
  facet normal 1 0 0
    outer loop
      vertex 149.25 98.1488 0
      vertex 149.25 93.53 3
      vertex 149.25 93.53 0
    endloop
  endfacet
  facet normal 0.499967 -0.866044 0
    outer loop
      vertex 149.25 98.1488 0
      vertex 153.25 100.458 3
      vertex 149.25 98.1488 3
    endloop
  endfacet
  facet normal 0.499967 -0.866044 0
    outer loop
      vertex 153.25 100.458 3
      vertex 149.25 98.1488 0
      vertex 153.25 100.458 0
    endloop
  endfacet
  facet normal -0.499967 -0.866044 0
    outer loop
      vertex 153.25 100.458 0
      vertex 157.25 98.1488 3
      vertex 153.25 100.458 3
    endloop
  endfacet
  facet normal -0.499967 -0.866044 -0
    outer loop
      vertex 157.25 98.1488 3
      vertex 153.25 100.458 0
      vertex 157.25 98.1488 0
    endloop
  endfacet
  facet normal -1 0 0
    outer loop
      vertex 157.25 93.53 0
      vertex 157.25 98.1488 3
      vertex 157.25 98.1488 0
    endloop
  endfacet
  facet normal -1 -0 0
    outer loop
      vertex 157.25 98.1488 3
      vertex 157.25 93.53 0
      vertex 157.25 93.53 3
    endloop
  endfacet
  facet normal -0.5 0.866026 0
    outer loop
      vertex 157.25 93.53 0
      vertex 153.25 91.2206 3
      vertex 157.25 93.53 3
    endloop
  endfacet
  facet normal -0.5 0.866026 0
    outer loop
      vertex 153.25 91.2206 3
      vertex 157.25 93.53 0
      vertex 153.25 91.2206 0
    endloop
  endfacet
  facet normal 0.5 0.866026 -0
    outer loop
      vertex 153.25 91.2206 0
      vertex 149.25 93.53 3
      vertex 153.25 91.2206 3
    endloop
  endfacet
  facet normal 0.5 0.866026 0
    outer loop
      vertex 149.25 93.53 3
      vertex 153.25 91.2206 0
      vertex 149.25 93.53 0
    endloop
  endfacet
  facet normal 1 -0 0
    outer loop
      vertex 138.75 93.53 3
      vertex 138.75 98.1488 0
      vertex 138.75 98.1488 3
    endloop
  endfacet
  facet normal 1 0 0
    outer loop
      vertex 138.75 98.1488 0
      vertex 138.75 93.53 3
      vertex 138.75 93.53 0
    endloop
  endfacet
  facet normal 0.499967 -0.866044 0
    outer loop
      vertex 138.75 98.1488 0
      vertex 142.75 100.458 3
      vertex 138.75 98.1488 3
    endloop
  endfacet
  facet normal 0.499967 -0.866044 0
    outer loop
      vertex 142.75 100.458 3
      vertex 138.75 98.1488 0
      vertex 142.75 100.458 0
    endloop
  endfacet
  facet normal -0.499967 -0.866044 0
    outer loop
      vertex 142.75 100.458 0
      vertex 146.75 98.1488 3
      vertex 142.75 100.458 3
    endloop
  endfacet
  facet normal -0.499967 -0.866044 -0
    outer loop
      vertex 146.75 98.1488 3
      vertex 142.75 100.458 0
      vertex 146.75 98.1488 0
    endloop
  endfacet
  facet normal -1 0 0
    outer loop
      vertex 146.75 93.53 0
      vertex 146.75 98.1488 3
      vertex 146.75 98.1488 0
    endloop
  endfacet
  facet normal -1 -0 0
    outer loop
      vertex 146.75 98.1488 3
      vertex 146.75 93.53 0
      vertex 146.75 93.53 3
    endloop
  endfacet
  facet normal -0.5 0.866026 0
    outer loop
      vertex 146.75 93.53 0
      vertex 142.75 91.2206 3
      vertex 146.75 93.53 3
    endloop
  endfacet
  facet normal -0.5 0.866026 0
    outer loop
      vertex 142.75 91.2206 3
      vertex 146.75 93.53 0
      vertex 142.75 91.2206 0
    endloop
  endfacet
  facet normal 0.5 0.866026 -0
    outer loop
      vertex 142.75 91.2206 0
      vertex 138.75 93.53 3
      vertex 142.75 91.2206 3
    endloop
  endfacet
  facet normal 0.5 0.866026 0
    outer loop
      vertex 138.75 93.53 3
      vertex 142.75 91.2206 0
      vertex 138.75 93.53 0
    endloop
  endfacet
  facet normal 1 -0 0
    outer loop
      vertex 128.25 93.53 3
      vertex 128.25 98.1488 0
      vertex 128.25 98.1488 3
    endloop
  endfacet
  facet normal 1 0 0
    outer loop
      vertex 128.25 98.1488 0
      vertex 128.25 93.53 3
      vertex 128.25 93.53 0
    endloop
  endfacet
  facet normal 0.499967 -0.866044 0
    outer loop
      vertex 128.25 98.1488 0
      vertex 132.25 100.458 3
      vertex 128.25 98.1488 3
    endloop
  endfacet
  facet normal 0.499967 -0.866044 0
    outer loop
      vertex 132.25 100.458 3
      vertex 128.25 98.1488 0
      vertex 132.25 100.458 0
    endloop
  endfacet
  facet normal -0.499967 -0.866044 0
    outer loop
      vertex 132.25 100.458 0
      vertex 136.25 98.1488 3
      vertex 132.25 100.458 3
    endloop
  endfacet
  facet normal -0.499967 -0.866044 -0
    outer loop
      vertex 136.25 98.1488 3
      vertex 132.25 100.458 0
      vertex 136.25 98.1488 0
    endloop
  endfacet
  facet normal -1 0 0
    outer loop
      vertex 136.25 93.53 0
      vertex 136.25 98.1488 3
      vertex 136.25 98.1488 0
    endloop
  endfacet
  facet normal -1 -0 0
    outer loop
      vertex 136.25 98.1488 3
      vertex 136.25 93.53 0
      vertex 136.25 93.53 3
    endloop
  endfacet
  facet normal -0.5 0.866026 0
    outer loop
      vertex 136.25 93.53 0
      vertex 132.25 91.2206 3
      vertex 136.25 93.53 3
    endloop
  endfacet
  facet normal -0.5 0.866026 0
    outer loop
      vertex 132.25 91.2206 3
      vertex 136.25 93.53 0
      vertex 132.25 91.2206 0
    endloop
  endfacet
  facet normal 0.5 0.866026 -0
    outer loop
      vertex 132.25 91.2206 0
      vertex 128.25 93.53 3
      vertex 132.25 91.2206 3
    endloop
  endfacet
  facet normal 0.5 0.866026 0
    outer loop
      vertex 128.25 93.53 3
      vertex 132.25 91.2206 0
      vertex 128.25 93.53 0
    endloop
  endfacet
  facet normal 1 -0 0
    outer loop
      vertex 117.75 93.53 3
      vertex 117.75 98.1488 0
      vertex 117.75 98.1488 3
    endloop
  endfacet
  facet normal 1 0 0
    outer loop
      vertex 117.75 98.1488 0
      vertex 117.75 93.53 3
      vertex 117.75 93.53 0
    endloop
  endfacet
  facet normal 0.499967 -0.866044 0
    outer loop
      vertex 117.75 98.1488 0
      vertex 121.75 100.458 3
      vertex 117.75 98.1488 3
    endloop
  endfacet
  facet normal 0.499967 -0.866044 0
    outer loop
      vertex 121.75 100.458 3
      vertex 117.75 98.1488 0
      vertex 121.75 100.458 0
    endloop
  endfacet
  facet normal -0.499967 -0.866044 0
    outer loop
      vertex 121.75 100.458 0
      vertex 125.75 98.1488 3
      vertex 121.75 100.458 3
    endloop
  endfacet
  facet normal -0.499967 -0.866044 -0
    outer loop
      vertex 125.75 98.1488 3
      vertex 121.75 100.458 0
      vertex 125.75 98.1488 0
    endloop
  endfacet
  facet normal -1 0 0
    outer loop
      vertex 125.75 93.53 0
      vertex 125.75 98.1488 3
      vertex 125.75 98.1488 0
    endloop
  endfacet
  facet normal -1 -0 0
    outer loop
      vertex 125.75 98.1488 3
      vertex 125.75 93.53 0
      vertex 125.75 93.53 3
    endloop
  endfacet
  facet normal -0.5 0.866026 0
    outer loop
      vertex 125.75 93.53 0
      vertex 121.75 91.2206 3
      vertex 125.75 93.53 3
    endloop
  endfacet
  facet normal -0.5 0.866026 0
    outer loop
      vertex 121.75 91.2206 3
      vertex 125.75 93.53 0
      vertex 121.75 91.2206 0
    endloop
  endfacet
  facet normal 0.5 0.866026 -0
    outer loop
      vertex 121.75 91.2206 0
      vertex 117.75 93.53 3
      vertex 121.75 91.2206 3
    endloop
  endfacet
  facet normal 0.5 0.866026 0
    outer loop
      vertex 117.75 93.53 3
      vertex 121.75 91.2206 0
      vertex 117.75 93.53 0
    endloop
  endfacet
  facet normal 1 -0 0
    outer loop
      vertex 107.25 93.53 3
      vertex 107.25 98.1488 0
      vertex 107.25 98.1488 3
    endloop
  endfacet
  facet normal 1 0 0
    outer loop
      vertex 107.25 98.1488 0
      vertex 107.25 93.53 3
      vertex 107.25 93.53 0
    endloop
  endfacet
  facet normal 0.499967 -0.866044 0
    outer loop
      vertex 107.25 98.1488 0
      vertex 111.25 100.458 3
      vertex 107.25 98.1488 3
    endloop
  endfacet
  facet normal 0.499967 -0.866044 0
    outer loop
      vertex 111.25 100.458 3
      vertex 107.25 98.1488 0
      vertex 111.25 100.458 0
    endloop
  endfacet
  facet normal -0.499967 -0.866044 0
    outer loop
      vertex 111.25 100.458 0
      vertex 115.25 98.1488 3
      vertex 111.25 100.458 3
    endloop
  endfacet
  facet normal -0.499967 -0.866044 -0
    outer loop
      vertex 115.25 98.1488 3
      vertex 111.25 100.458 0
      vertex 115.25 98.1488 0
    endloop
  endfacet
  facet normal -1 0 0
    outer loop
      vertex 115.25 93.53 0
      vertex 115.25 98.1488 3
      vertex 115.25 98.1488 0
    endloop
  endfacet
  facet normal -1 -0 0
    outer loop
      vertex 115.25 98.1488 3
      vertex 115.25 93.53 0
      vertex 115.25 93.53 3
    endloop
  endfacet
  facet normal -0.5 0.866026 0
    outer loop
      vertex 115.25 93.53 0
      vertex 111.25 91.2206 3
      vertex 115.25 93.53 3
    endloop
  endfacet
  facet normal -0.5 0.866026 0
    outer loop
      vertex 111.25 91.2206 3
      vertex 115.25 93.53 0
      vertex 111.25 91.2206 0
    endloop
  endfacet
  facet normal 0.5 0.866026 -0
    outer loop
      vertex 111.25 91.2206 0
      vertex 107.25 93.53 3
      vertex 111.25 91.2206 3
    endloop
  endfacet
  facet normal 0.5 0.866026 0
    outer loop
      vertex 107.25 93.53 3
      vertex 111.25 91.2206 0
      vertex 107.25 93.53 0
    endloop
  endfacet
  facet normal 1 -0 0
    outer loop
      vertex 86.25 93.53 3
      vertex 86.25 98.1488 0
      vertex 86.25 98.1488 3
    endloop
  endfacet
  facet normal 1 0 0
    outer loop
      vertex 86.25 98.1488 0
      vertex 86.25 93.53 3
      vertex 86.25 93.53 0
    endloop
  endfacet
  facet normal 0.499967 -0.866044 0
    outer loop
      vertex 86.25 98.1488 0
      vertex 90.25 100.458 3
      vertex 86.25 98.1488 3
    endloop
  endfacet
  facet normal 0.499967 -0.866044 0
    outer loop
      vertex 90.25 100.458 3
      vertex 86.25 98.1488 0
      vertex 90.25 100.458 0
    endloop
  endfacet
  facet normal -0.499967 -0.866044 0
    outer loop
      vertex 90.25 100.458 0
      vertex 94.25 98.1488 3
      vertex 90.25 100.458 3
    endloop
  endfacet
  facet normal -0.499967 -0.866044 -0
    outer loop
      vertex 94.25 98.1488 3
      vertex 90.25 100.458 0
      vertex 94.25 98.1488 0
    endloop
  endfacet
  facet normal -1 0 0
    outer loop
      vertex 94.25 93.53 0
      vertex 94.25 98.1488 3
      vertex 94.25 98.1488 0
    endloop
  endfacet
  facet normal -1 -0 0
    outer loop
      vertex 94.25 98.1488 3
      vertex 94.25 93.53 0
      vertex 94.25 93.53 3
    endloop
  endfacet
  facet normal -0.5 0.866026 0
    outer loop
      vertex 94.25 93.53 0
      vertex 90.25 91.2206 3
      vertex 94.25 93.53 3
    endloop
  endfacet
  facet normal -0.5 0.866026 0
    outer loop
      vertex 90.25 91.2206 3
      vertex 94.25 93.53 0
      vertex 90.25 91.2206 0
    endloop
  endfacet
  facet normal 0.5 0.866026 -0
    outer loop
      vertex 90.25 91.2206 0
      vertex 86.25 93.53 3
      vertex 90.25 91.2206 3
    endloop
  endfacet
  facet normal 0.5 0.866026 0
    outer loop
      vertex 86.25 93.53 3
      vertex 90.25 91.2206 0
      vertex 86.25 93.53 0
    endloop
  endfacet
  facet normal 1 -0 0
    outer loop
      vertex 75.75 93.53 3
      vertex 75.75 98.1488 0
      vertex 75.75 98.1488 3
    endloop
  endfacet
  facet normal 1 0 0
    outer loop
      vertex 75.75 98.1488 0
      vertex 75.75 93.53 3
      vertex 75.75 93.53 0
    endloop
  endfacet
  facet normal 0.499967 -0.866044 0
    outer loop
      vertex 75.75 98.1488 0
      vertex 79.75 100.458 3
      vertex 75.75 98.1488 3
    endloop
  endfacet
  facet normal 0.499967 -0.866044 0
    outer loop
      vertex 79.75 100.458 3
      vertex 75.75 98.1488 0
      vertex 79.75 100.458 0
    endloop
  endfacet
  facet normal -0.499967 -0.866044 0
    outer loop
      vertex 79.75 100.458 0
      vertex 83.75 98.1488 3
      vertex 79.75 100.458 3
    endloop
  endfacet
  facet normal -0.499967 -0.866044 -0
    outer loop
      vertex 83.75 98.1488 3
      vertex 79.75 100.458 0
      vertex 83.75 98.1488 0
    endloop
  endfacet
  facet normal -1 0 0
    outer loop
      vertex 83.75 93.53 0
      vertex 83.75 98.1488 3
      vertex 83.75 98.1488 0
    endloop
  endfacet
  facet normal -1 -0 0
    outer loop
      vertex 83.75 98.1488 3
      vertex 83.75 93.53 0
      vertex 83.75 93.53 3
    endloop
  endfacet
  facet normal -0.5 0.866026 0
    outer loop
      vertex 83.75 93.53 0
      vertex 79.75 91.2206 3
      vertex 83.75 93.53 3
    endloop
  endfacet
  facet normal -0.5 0.866026 0
    outer loop
      vertex 79.75 91.2206 3
      vertex 83.75 93.53 0
      vertex 79.75 91.2206 0
    endloop
  endfacet
  facet normal 0.5 0.866026 -0
    outer loop
      vertex 79.75 91.2206 0
      vertex 75.75 93.53 3
      vertex 79.75 91.2206 3
    endloop
  endfacet
  facet normal 0.5 0.866026 0
    outer loop
      vertex 75.75 93.53 3
      vertex 79.75 91.2206 0
      vertex 75.75 93.53 0
    endloop
  endfacet
  facet normal 1 -0 0
    outer loop
      vertex 65.25 93.53 3
      vertex 65.25 98.1488 0
      vertex 65.25 98.1488 3
    endloop
  endfacet
  facet normal 1 0 0
    outer loop
      vertex 65.25 98.1488 0
      vertex 65.25 93.53 3
      vertex 65.25 93.53 0
    endloop
  endfacet
  facet normal 0.499967 -0.866044 0
    outer loop
      vertex 65.25 98.1488 0
      vertex 69.25 100.458 3
      vertex 65.25 98.1488 3
    endloop
  endfacet
  facet normal 0.499967 -0.866044 0
    outer loop
      vertex 69.25 100.458 3
      vertex 65.25 98.1488 0
      vertex 69.25 100.458 0
    endloop
  endfacet
  facet normal -0.499967 -0.866044 0
    outer loop
      vertex 69.25 100.458 0
      vertex 73.25 98.1488 3
      vertex 69.25 100.458 3
    endloop
  endfacet
  facet normal -0.499967 -0.866044 -0
    outer loop
      vertex 73.25 98.1488 3
      vertex 69.25 100.458 0
      vertex 73.25 98.1488 0
    endloop
  endfacet
  facet normal -1 0 0
    outer loop
      vertex 73.25 93.53 0
      vertex 73.25 98.1488 3
      vertex 73.25 98.1488 0
    endloop
  endfacet
  facet normal -1 -0 0
    outer loop
      vertex 73.25 98.1488 3
      vertex 73.25 93.53 0
      vertex 73.25 93.53 3
    endloop
  endfacet
  facet normal -0.5 0.866026 0
    outer loop
      vertex 73.25 93.53 0
      vertex 69.25 91.2206 3
      vertex 73.25 93.53 3
    endloop
  endfacet
  facet normal -0.5 0.866026 0
    outer loop
      vertex 69.25 91.2206 3
      vertex 73.25 93.53 0
      vertex 69.25 91.2206 0
    endloop
  endfacet
  facet normal 0.5 0.866026 -0
    outer loop
      vertex 69.25 91.2206 0
      vertex 65.25 93.53 3
      vertex 69.25 91.2206 3
    endloop
  endfacet
  facet normal 0.5 0.866026 0
    outer loop
      vertex 65.25 93.53 3
      vertex 69.25 91.2206 0
      vertex 65.25 93.53 0
    endloop
  endfacet
  facet normal 1 -0 0
    outer loop
      vertex 54.75 93.53 3
      vertex 54.75 98.1488 0
      vertex 54.75 98.1488 3
    endloop
  endfacet
  facet normal 1 0 0
    outer loop
      vertex 54.75 98.1488 0
      vertex 54.75 93.53 3
      vertex 54.75 93.53 0
    endloop
  endfacet
  facet normal 0.499967 -0.866044 0
    outer loop
      vertex 54.75 98.1488 0
      vertex 58.75 100.458 3
      vertex 54.75 98.1488 3
    endloop
  endfacet
  facet normal 0.499967 -0.866044 0
    outer loop
      vertex 58.75 100.458 3
      vertex 54.75 98.1488 0
      vertex 58.75 100.458 0
    endloop
  endfacet
  facet normal -0.499967 -0.866044 0
    outer loop
      vertex 58.75 100.458 0
      vertex 62.75 98.1488 3
      vertex 58.75 100.458 3
    endloop
  endfacet
  facet normal -0.499967 -0.866044 -0
    outer loop
      vertex 62.75 98.1488 3
      vertex 58.75 100.458 0
      vertex 62.75 98.1488 0
    endloop
  endfacet
  facet normal -1 0 0
    outer loop
      vertex 62.75 93.53 0
      vertex 62.75 98.1488 3
      vertex 62.75 98.1488 0
    endloop
  endfacet
  facet normal -1 -0 0
    outer loop
      vertex 62.75 98.1488 3
      vertex 62.75 93.53 0
      vertex 62.75 93.53 3
    endloop
  endfacet
  facet normal -0.5 0.866026 0
    outer loop
      vertex 62.75 93.53 0
      vertex 58.75 91.2206 3
      vertex 62.75 93.53 3
    endloop
  endfacet
  facet normal -0.5 0.866026 0
    outer loop
      vertex 58.75 91.2206 3
      vertex 62.75 93.53 0
      vertex 58.75 91.2206 0
    endloop
  endfacet
  facet normal 0.5 0.866026 -0
    outer loop
      vertex 58.75 91.2206 0
      vertex 54.75 93.53 3
      vertex 58.75 91.2206 3
    endloop
  endfacet
  facet normal 0.5 0.866026 0
    outer loop
      vertex 54.75 93.53 3
      vertex 58.75 91.2206 0
      vertex 54.75 93.53 0
    endloop
  endfacet
  facet normal 1 -0 0
    outer loop
      vertex 44.25 93.53 3
      vertex 44.25 98.1488 0
      vertex 44.25 98.1488 3
    endloop
  endfacet
  facet normal 1 0 0
    outer loop
      vertex 44.25 98.1488 0
      vertex 44.25 93.53 3
      vertex 44.25 93.53 0
    endloop
  endfacet
  facet normal 0.499967 -0.866044 0
    outer loop
      vertex 44.25 98.1488 0
      vertex 48.25 100.458 3
      vertex 44.25 98.1488 3
    endloop
  endfacet
  facet normal 0.499967 -0.866044 0
    outer loop
      vertex 48.25 100.458 3
      vertex 44.25 98.1488 0
      vertex 48.25 100.458 0
    endloop
  endfacet
  facet normal -0.499967 -0.866044 0
    outer loop
      vertex 48.25 100.458 0
      vertex 52.25 98.1488 3
      vertex 48.25 100.458 3
    endloop
  endfacet
  facet normal -0.499967 -0.866044 -0
    outer loop
      vertex 52.25 98.1488 3
      vertex 48.25 100.458 0
      vertex 52.25 98.1488 0
    endloop
  endfacet
  facet normal -1 0 0
    outer loop
      vertex 52.25 93.53 0
      vertex 52.25 98.1488 3
      vertex 52.25 98.1488 0
    endloop
  endfacet
  facet normal -1 -0 0
    outer loop
      vertex 52.25 98.1488 3
      vertex 52.25 93.53 0
      vertex 52.25 93.53 3
    endloop
  endfacet
  facet normal -0.5 0.866026 0
    outer loop
      vertex 52.25 93.53 0
      vertex 48.25 91.2206 3
      vertex 52.25 93.53 3
    endloop
  endfacet
  facet normal -0.5 0.866026 0
    outer loop
      vertex 48.25 91.2206 3
      vertex 52.25 93.53 0
      vertex 48.25 91.2206 0
    endloop
  endfacet
  facet normal 0.5 0.866026 -0
    outer loop
      vertex 48.25 91.2206 0
      vertex 44.25 93.53 3
      vertex 48.25 91.2206 3
    endloop
  endfacet
  facet normal 0.5 0.866026 0
    outer loop
      vertex 44.25 93.53 3
      vertex 48.25 91.2206 0
      vertex 44.25 93.53 0
    endloop
  endfacet
  facet normal 1 -0 0
    outer loop
      vertex 33.75 93.53 3
      vertex 33.75 98.1488 0
      vertex 33.75 98.1488 3
    endloop
  endfacet
  facet normal 1 0 0
    outer loop
      vertex 33.75 98.1488 0
      vertex 33.75 93.53 3
      vertex 33.75 93.53 0
    endloop
  endfacet
  facet normal 0.499967 -0.866044 0
    outer loop
      vertex 33.75 98.1488 0
      vertex 37.75 100.458 3
      vertex 33.75 98.1488 3
    endloop
  endfacet
  facet normal 0.499967 -0.866044 0
    outer loop
      vertex 37.75 100.458 3
      vertex 33.75 98.1488 0
      vertex 37.75 100.458 0
    endloop
  endfacet
  facet normal -0.499967 -0.866044 0
    outer loop
      vertex 37.75 100.458 0
      vertex 41.75 98.1488 3
      vertex 37.75 100.458 3
    endloop
  endfacet
  facet normal -0.499967 -0.866044 -0
    outer loop
      vertex 41.75 98.1488 3
      vertex 37.75 100.458 0
      vertex 41.75 98.1488 0
    endloop
  endfacet
  facet normal -1 0 0
    outer loop
      vertex 41.75 93.53 0
      vertex 41.75 98.1488 3
      vertex 41.75 98.1488 0
    endloop
  endfacet
  facet normal -1 -0 0
    outer loop
      vertex 41.75 98.1488 3
      vertex 41.75 93.53 0
      vertex 41.75 93.53 3
    endloop
  endfacet
  facet normal -0.5 0.866026 0
    outer loop
      vertex 41.75 93.53 0
      vertex 37.75 91.2206 3
      vertex 41.75 93.53 3
    endloop
  endfacet
  facet normal -0.5 0.866026 0
    outer loop
      vertex 37.75 91.2206 3
      vertex 41.75 93.53 0
      vertex 37.75 91.2206 0
    endloop
  endfacet
  facet normal 0.5 0.866026 -0
    outer loop
      vertex 37.75 91.2206 0
      vertex 33.75 93.53 3
      vertex 37.75 91.2206 3
    endloop
  endfacet
  facet normal 0.5 0.866026 0
    outer loop
      vertex 33.75 93.53 3
      vertex 37.75 91.2206 0
      vertex 33.75 93.53 0
    endloop
  endfacet
  facet normal 1 -0 0
    outer loop
      vertex 96.75 93.53 3
      vertex 96.75 98.1488 0
      vertex 96.75 98.1488 3
    endloop
  endfacet
  facet normal 1 0 0
    outer loop
      vertex 96.75 98.1488 0
      vertex 96.75 93.53 3
      vertex 96.75 93.53 0
    endloop
  endfacet
  facet normal 0.499967 -0.866044 0
    outer loop
      vertex 96.75 98.1488 0
      vertex 100.75 100.458 3
      vertex 96.75 98.1488 3
    endloop
  endfacet
  facet normal 0.499967 -0.866044 0
    outer loop
      vertex 100.75 100.458 3
      vertex 96.75 98.1488 0
      vertex 100.75 100.458 0
    endloop
  endfacet
  facet normal -0.499967 -0.866044 0
    outer loop
      vertex 100.75 100.458 0
      vertex 104.75 98.1488 3
      vertex 100.75 100.458 3
    endloop
  endfacet
  facet normal -0.499967 -0.866044 -0
    outer loop
      vertex 104.75 98.1488 3
      vertex 100.75 100.458 0
      vertex 104.75 98.1488 0
    endloop
  endfacet
  facet normal -1 0 0
    outer loop
      vertex 104.75 93.53 0
      vertex 104.75 98.1488 3
      vertex 104.75 98.1488 0
    endloop
  endfacet
  facet normal -1 -0 0
    outer loop
      vertex 104.75 98.1488 3
      vertex 104.75 93.53 0
      vertex 104.75 93.53 3
    endloop
  endfacet
  facet normal -0.5 0.866026 0
    outer loop
      vertex 104.75 93.53 0
      vertex 100.75 91.2206 3
      vertex 104.75 93.53 3
    endloop
  endfacet
  facet normal -0.5 0.866026 0
    outer loop
      vertex 100.75 91.2206 3
      vertex 104.75 93.53 0
      vertex 100.75 91.2206 0
    endloop
  endfacet
  facet normal 0.5 0.866026 -0
    outer loop
      vertex 100.75 91.2206 0
      vertex 96.75 93.53 3
      vertex 100.75 91.2206 3
    endloop
  endfacet
  facet normal 0.5 0.866026 0
    outer loop
      vertex 96.75 93.53 3
      vertex 100.75 91.2206 0
      vertex 96.75 93.53 0
    endloop
  endfacet
  facet normal 1 -0 0
    outer loop
      vertex 81 84.4367 3
      vertex 81 89.0555 0
      vertex 81 89.0555 3
    endloop
  endfacet
  facet normal 1 0 0
    outer loop
      vertex 81 89.0555 0
      vertex 81 84.4367 3
      vertex 81 84.4367 0
    endloop
  endfacet
  facet normal 0.5 -0.866026 0
    outer loop
      vertex 81 89.0555 0
      vertex 85 91.3649 3
      vertex 81 89.0555 3
    endloop
  endfacet
  facet normal 0.5 -0.866026 0
    outer loop
      vertex 85 91.3649 3
      vertex 81 89.0555 0
      vertex 85 91.3649 0
    endloop
  endfacet
  facet normal -0.5 -0.866026 0
    outer loop
      vertex 85 91.3649 0
      vertex 89 89.0555 3
      vertex 85 91.3649 3
    endloop
  endfacet
  facet normal -0.5 -0.866026 -0
    outer loop
      vertex 89 89.0555 3
      vertex 85 91.3649 0
      vertex 89 89.0555 0
    endloop
  endfacet
  facet normal -1 0 0
    outer loop
      vertex 89 84.4367 0
      vertex 89 89.0555 3
      vertex 89 89.0555 0
    endloop
  endfacet
  facet normal -1 -0 0
    outer loop
      vertex 89 89.0555 3
      vertex 89 84.4367 0
      vertex 89 84.4367 3
    endloop
  endfacet
  facet normal -0.5 0.866026 0
    outer loop
      vertex 89 84.4367 0
      vertex 85 82.1273 3
      vertex 89 84.4367 3
    endloop
  endfacet
  facet normal -0.5 0.866026 0
    outer loop
      vertex 85 82.1273 3
      vertex 89 84.4367 0
      vertex 85 82.1273 0
    endloop
  endfacet
  facet normal 0.5 0.866026 -0
    outer loop
      vertex 85 82.1273 0
      vertex 81 84.4367 3
      vertex 85 82.1273 3
    endloop
  endfacet
  facet normal 0.5 0.866026 0
    outer loop
      vertex 81 84.4367 3
      vertex 85 82.1273 0
      vertex 81 84.4367 0
    endloop
  endfacet
  facet normal 1 -0 0
    outer loop
      vertex 133.5 84.4367 3
      vertex 133.5 89.0555 0
      vertex 133.5 89.0555 3
    endloop
  endfacet
  facet normal 1 0 0
    outer loop
      vertex 133.5 89.0555 0
      vertex 133.5 84.4367 3
      vertex 133.5 84.4367 0
    endloop
  endfacet
  facet normal 0.5 -0.866026 0
    outer loop
      vertex 133.5 89.0555 0
      vertex 137.5 91.3649 3
      vertex 133.5 89.0555 3
    endloop
  endfacet
  facet normal 0.5 -0.866026 0
    outer loop
      vertex 137.5 91.3649 3
      vertex 133.5 89.0555 0
      vertex 137.5 91.3649 0
    endloop
  endfacet
  facet normal -0.5 -0.866026 0
    outer loop
      vertex 137.5 91.3649 0
      vertex 141.5 89.0555 3
      vertex 137.5 91.3649 3
    endloop
  endfacet
  facet normal -0.5 -0.866026 -0
    outer loop
      vertex 141.5 89.0555 3
      vertex 137.5 91.3649 0
      vertex 141.5 89.0555 0
    endloop
  endfacet
  facet normal -1 0 0
    outer loop
      vertex 141.5 84.4367 0
      vertex 141.5 89.0555 3
      vertex 141.5 89.0555 0
    endloop
  endfacet
  facet normal -1 -0 0
    outer loop
      vertex 141.5 89.0555 3
      vertex 141.5 84.4367 0
      vertex 141.5 84.4367 3
    endloop
  endfacet
  facet normal -0.5 0.866026 0
    outer loop
      vertex 141.5 84.4367 0
      vertex 137.5 82.1273 3
      vertex 141.5 84.4367 3
    endloop
  endfacet
  facet normal -0.5 0.866026 0
    outer loop
      vertex 137.5 82.1273 3
      vertex 141.5 84.4367 0
      vertex 137.5 82.1273 0
    endloop
  endfacet
  facet normal 0.5 0.866026 -0
    outer loop
      vertex 137.5 82.1273 0
      vertex 133.5 84.4367 3
      vertex 137.5 82.1273 3
    endloop
  endfacet
  facet normal 0.5 0.866026 0
    outer loop
      vertex 133.5 84.4367 3
      vertex 137.5 82.1273 0
      vertex 133.5 84.4367 0
    endloop
  endfacet
  facet normal 1 -0 0
    outer loop
      vertex 123 84.4367 3
      vertex 123 89.0555 0
      vertex 123 89.0555 3
    endloop
  endfacet
  facet normal 1 0 0
    outer loop
      vertex 123 89.0555 0
      vertex 123 84.4367 3
      vertex 123 84.4367 0
    endloop
  endfacet
  facet normal 0.5 -0.866026 0
    outer loop
      vertex 123 89.0555 0
      vertex 127 91.3649 3
      vertex 123 89.0555 3
    endloop
  endfacet
  facet normal 0.5 -0.866026 0
    outer loop
      vertex 127 91.3649 3
      vertex 123 89.0555 0
      vertex 127 91.3649 0
    endloop
  endfacet
  facet normal -0.5 -0.866026 0
    outer loop
      vertex 127 91.3649 0
      vertex 131 89.0555 3
      vertex 127 91.3649 3
    endloop
  endfacet
  facet normal -0.5 -0.866026 -0
    outer loop
      vertex 131 89.0555 3
      vertex 127 91.3649 0
      vertex 131 89.0555 0
    endloop
  endfacet
  facet normal -1 0 0
    outer loop
      vertex 131 84.4367 0
      vertex 131 89.0555 3
      vertex 131 89.0555 0
    endloop
  endfacet
  facet normal -1 -0 0
    outer loop
      vertex 131 89.0555 3
      vertex 131 84.4367 0
      vertex 131 84.4367 3
    endloop
  endfacet
  facet normal -0.5 0.866026 0
    outer loop
      vertex 131 84.4367 0
      vertex 127 82.1273 3
      vertex 131 84.4367 3
    endloop
  endfacet
  facet normal -0.5 0.866026 0
    outer loop
      vertex 127 82.1273 3
      vertex 131 84.4367 0
      vertex 127 82.1273 0
    endloop
  endfacet
  facet normal 0.5 0.866026 -0
    outer loop
      vertex 127 82.1273 0
      vertex 123 84.4367 3
      vertex 127 82.1273 3
    endloop
  endfacet
  facet normal 0.5 0.866026 0
    outer loop
      vertex 123 84.4367 3
      vertex 127 82.1273 0
      vertex 123 84.4367 0
    endloop
  endfacet
  facet normal 1 -0 0
    outer loop
      vertex 112.5 84.4367 3
      vertex 112.5 89.0555 0
      vertex 112.5 89.0555 3
    endloop
  endfacet
  facet normal 1 0 0
    outer loop
      vertex 112.5 89.0555 0
      vertex 112.5 84.4367 3
      vertex 112.5 84.4367 0
    endloop
  endfacet
  facet normal 0.5 -0.866026 0
    outer loop
      vertex 112.5 89.0555 0
      vertex 116.5 91.3649 3
      vertex 112.5 89.0555 3
    endloop
  endfacet
  facet normal 0.5 -0.866026 0
    outer loop
      vertex 116.5 91.3649 3
      vertex 112.5 89.0555 0
      vertex 116.5 91.3649 0
    endloop
  endfacet
  facet normal -0.5 -0.866026 0
    outer loop
      vertex 116.5 91.3649 0
      vertex 120.5 89.0555 3
      vertex 116.5 91.3649 3
    endloop
  endfacet
  facet normal -0.5 -0.866026 -0
    outer loop
      vertex 120.5 89.0555 3
      vertex 116.5 91.3649 0
      vertex 120.5 89.0555 0
    endloop
  endfacet
  facet normal -1 0 0
    outer loop
      vertex 120.5 84.4367 0
      vertex 120.5 89.0555 3
      vertex 120.5 89.0555 0
    endloop
  endfacet
  facet normal -1 -0 0
    outer loop
      vertex 120.5 89.0555 3
      vertex 120.5 84.4367 0
      vertex 120.5 84.4367 3
    endloop
  endfacet
  facet normal -0.5 0.866026 0
    outer loop
      vertex 120.5 84.4367 0
      vertex 116.5 82.1273 3
      vertex 120.5 84.4367 3
    endloop
  endfacet
  facet normal -0.5 0.866026 0
    outer loop
      vertex 116.5 82.1273 3
      vertex 120.5 84.4367 0
      vertex 116.5 82.1273 0
    endloop
  endfacet
  facet normal 0.5 0.866026 -0
    outer loop
      vertex 116.5 82.1273 0
      vertex 112.5 84.4367 3
      vertex 116.5 82.1273 3
    endloop
  endfacet
  facet normal 0.5 0.866026 0
    outer loop
      vertex 112.5 84.4367 3
      vertex 116.5 82.1273 0
      vertex 112.5 84.4367 0
    endloop
  endfacet
  facet normal 1 -0 0
    outer loop
      vertex 102 84.4367 3
      vertex 102 89.0555 0
      vertex 102 89.0555 3
    endloop
  endfacet
  facet normal 1 0 0
    outer loop
      vertex 102 89.0555 0
      vertex 102 84.4367 3
      vertex 102 84.4367 0
    endloop
  endfacet
  facet normal 0.5 -0.866026 0
    outer loop
      vertex 102 89.0555 0
      vertex 106 91.3649 3
      vertex 102 89.0555 3
    endloop
  endfacet
  facet normal 0.5 -0.866026 0
    outer loop
      vertex 106 91.3649 3
      vertex 102 89.0555 0
      vertex 106 91.3649 0
    endloop
  endfacet
  facet normal -0.5 -0.866026 0
    outer loop
      vertex 106 91.3649 0
      vertex 110 89.0555 3
      vertex 106 91.3649 3
    endloop
  endfacet
  facet normal -0.5 -0.866026 -0
    outer loop
      vertex 110 89.0555 3
      vertex 106 91.3649 0
      vertex 110 89.0555 0
    endloop
  endfacet
  facet normal -1 0 0
    outer loop
      vertex 110 84.4367 0
      vertex 110 89.0555 3
      vertex 110 89.0555 0
    endloop
  endfacet
  facet normal -1 -0 0
    outer loop
      vertex 110 89.0555 3
      vertex 110 84.4367 0
      vertex 110 84.4367 3
    endloop
  endfacet
  facet normal -0.5 0.866026 0
    outer loop
      vertex 110 84.4367 0
      vertex 106 82.1273 3
      vertex 110 84.4367 3
    endloop
  endfacet
  facet normal -0.5 0.866026 0
    outer loop
      vertex 106 82.1273 3
      vertex 110 84.4367 0
      vertex 106 82.1273 0
    endloop
  endfacet
  facet normal 0.5 0.866026 -0
    outer loop
      vertex 106 82.1273 0
      vertex 102 84.4367 3
      vertex 106 82.1273 3
    endloop
  endfacet
  facet normal 0.5 0.866026 0
    outer loop
      vertex 102 84.4367 3
      vertex 106 82.1273 0
      vertex 102 84.4367 0
    endloop
  endfacet
  facet normal 1 -0 0
    outer loop
      vertex 91.5 84.4367 3
      vertex 91.5 89.0555 0
      vertex 91.5 89.0555 3
    endloop
  endfacet
  facet normal 1 0 0
    outer loop
      vertex 91.5 89.0555 0
      vertex 91.5 84.4367 3
      vertex 91.5 84.4367 0
    endloop
  endfacet
  facet normal 0.5 -0.866026 0
    outer loop
      vertex 91.5 89.0555 0
      vertex 95.5 91.3649 3
      vertex 91.5 89.0555 3
    endloop
  endfacet
  facet normal 0.5 -0.866026 0
    outer loop
      vertex 95.5 91.3649 3
      vertex 91.5 89.0555 0
      vertex 95.5 91.3649 0
    endloop
  endfacet
  facet normal -0.5 -0.866026 0
    outer loop
      vertex 95.5 91.3649 0
      vertex 99.5 89.0555 3
      vertex 95.5 91.3649 3
    endloop
  endfacet
  facet normal -0.5 -0.866026 -0
    outer loop
      vertex 99.5 89.0555 3
      vertex 95.5 91.3649 0
      vertex 99.5 89.0555 0
    endloop
  endfacet
  facet normal -1 0 0
    outer loop
      vertex 99.5 84.4367 0
      vertex 99.5 89.0555 3
      vertex 99.5 89.0555 0
    endloop
  endfacet
  facet normal -1 -0 0
    outer loop
      vertex 99.5 89.0555 3
      vertex 99.5 84.4367 0
      vertex 99.5 84.4367 3
    endloop
  endfacet
  facet normal -0.5 0.866026 0
    outer loop
      vertex 99.5 84.4367 0
      vertex 95.5 82.1273 3
      vertex 99.5 84.4367 3
    endloop
  endfacet
  facet normal -0.5 0.866026 0
    outer loop
      vertex 95.5 82.1273 3
      vertex 99.5 84.4367 0
      vertex 95.5 82.1273 0
    endloop
  endfacet
  facet normal 0.5 0.866026 -0
    outer loop
      vertex 95.5 82.1273 0
      vertex 91.5 84.4367 3
      vertex 95.5 82.1273 3
    endloop
  endfacet
  facet normal 0.5 0.866026 0
    outer loop
      vertex 91.5 84.4367 3
      vertex 95.5 82.1273 0
      vertex 91.5 84.4367 0
    endloop
  endfacet
  facet normal 1 -0 0
    outer loop
      vertex 70.5 84.4367 3
      vertex 70.5 89.0555 0
      vertex 70.5 89.0555 3
    endloop
  endfacet
  facet normal 1 0 0
    outer loop
      vertex 70.5 89.0555 0
      vertex 70.5 84.4367 3
      vertex 70.5 84.4367 0
    endloop
  endfacet
  facet normal 0.5 -0.866026 0
    outer loop
      vertex 70.5 89.0555 0
      vertex 74.5 91.3649 3
      vertex 70.5 89.0555 3
    endloop
  endfacet
  facet normal 0.5 -0.866026 0
    outer loop
      vertex 74.5 91.3649 3
      vertex 70.5 89.0555 0
      vertex 74.5 91.3649 0
    endloop
  endfacet
  facet normal -0.5 -0.866026 0
    outer loop
      vertex 74.5 91.3649 0
      vertex 78.5 89.0555 3
      vertex 74.5 91.3649 3
    endloop
  endfacet
  facet normal -0.5 -0.866026 -0
    outer loop
      vertex 78.5 89.0555 3
      vertex 74.5 91.3649 0
      vertex 78.5 89.0555 0
    endloop
  endfacet
  facet normal -1 0 0
    outer loop
      vertex 78.5 84.4367 0
      vertex 78.5 89.0555 3
      vertex 78.5 89.0555 0
    endloop
  endfacet
  facet normal -1 -0 0
    outer loop
      vertex 78.5 89.0555 3
      vertex 78.5 84.4367 0
      vertex 78.5 84.4367 3
    endloop
  endfacet
  facet normal -0.5 0.866026 0
    outer loop
      vertex 78.5 84.4367 0
      vertex 74.5 82.1273 3
      vertex 78.5 84.4367 3
    endloop
  endfacet
  facet normal -0.5 0.866026 0
    outer loop
      vertex 74.5 82.1273 3
      vertex 78.5 84.4367 0
      vertex 74.5 82.1273 0
    endloop
  endfacet
  facet normal 0.5 0.866026 -0
    outer loop
      vertex 74.5 82.1273 0
      vertex 70.5 84.4367 3
      vertex 74.5 82.1273 3
    endloop
  endfacet
  facet normal 0.5 0.866026 0
    outer loop
      vertex 70.5 84.4367 3
      vertex 74.5 82.1273 0
      vertex 70.5 84.4367 0
    endloop
  endfacet
  facet normal 1 -0 0
    outer loop
      vertex 60 84.4367 3
      vertex 60 89.0555 0
      vertex 60 89.0555 3
    endloop
  endfacet
  facet normal 1 0 0
    outer loop
      vertex 60 89.0555 0
      vertex 60 84.4367 3
      vertex 60 84.4367 0
    endloop
  endfacet
  facet normal 0.5 -0.866026 0
    outer loop
      vertex 60 89.0555 0
      vertex 64 91.3649 3
      vertex 60 89.0555 3
    endloop
  endfacet
  facet normal 0.5 -0.866026 0
    outer loop
      vertex 64 91.3649 3
      vertex 60 89.0555 0
      vertex 64 91.3649 0
    endloop
  endfacet
  facet normal -0.5 -0.866026 0
    outer loop
      vertex 64 91.3649 0
      vertex 68 89.0555 3
      vertex 64 91.3649 3
    endloop
  endfacet
  facet normal -0.5 -0.866026 -0
    outer loop
      vertex 68 89.0555 3
      vertex 64 91.3649 0
      vertex 68 89.0555 0
    endloop
  endfacet
  facet normal -1 0 0
    outer loop
      vertex 68 84.4367 0
      vertex 68 89.0555 3
      vertex 68 89.0555 0
    endloop
  endfacet
  facet normal -1 -0 0
    outer loop
      vertex 68 89.0555 3
      vertex 68 84.4367 0
      vertex 68 84.4367 3
    endloop
  endfacet
  facet normal -0.5 0.866026 0
    outer loop
      vertex 68 84.4367 0
      vertex 64 82.1273 3
      vertex 68 84.4367 3
    endloop
  endfacet
  facet normal -0.5 0.866026 0
    outer loop
      vertex 64 82.1273 3
      vertex 68 84.4367 0
      vertex 64 82.1273 0
    endloop
  endfacet
  facet normal 0.5 0.866026 -0
    outer loop
      vertex 64 82.1273 0
      vertex 60 84.4367 3
      vertex 64 82.1273 3
    endloop
  endfacet
  facet normal 0.5 0.866026 0
    outer loop
      vertex 60 84.4367 3
      vertex 64 82.1273 0
      vertex 60 84.4367 0
    endloop
  endfacet
  facet normal 1 -0 0
    outer loop
      vertex 49.5 84.4367 3
      vertex 49.5 89.0555 0
      vertex 49.5 89.0555 3
    endloop
  endfacet
  facet normal 1 0 0
    outer loop
      vertex 49.5 89.0555 0
      vertex 49.5 84.4367 3
      vertex 49.5 84.4367 0
    endloop
  endfacet
  facet normal 0.5 -0.866026 0
    outer loop
      vertex 49.5 89.0555 0
      vertex 53.5 91.3649 3
      vertex 49.5 89.0555 3
    endloop
  endfacet
  facet normal 0.5 -0.866026 0
    outer loop
      vertex 53.5 91.3649 3
      vertex 49.5 89.0555 0
      vertex 53.5 91.3649 0
    endloop
  endfacet
  facet normal -0.5 -0.866026 0
    outer loop
      vertex 53.5 91.3649 0
      vertex 57.5 89.0555 3
      vertex 53.5 91.3649 3
    endloop
  endfacet
  facet normal -0.5 -0.866026 -0
    outer loop
      vertex 57.5 89.0555 3
      vertex 53.5 91.3649 0
      vertex 57.5 89.0555 0
    endloop
  endfacet
  facet normal -1 0 0
    outer loop
      vertex 57.5 84.4367 0
      vertex 57.5 89.0555 3
      vertex 57.5 89.0555 0
    endloop
  endfacet
  facet normal -1 -0 0
    outer loop
      vertex 57.5 89.0555 3
      vertex 57.5 84.4367 0
      vertex 57.5 84.4367 3
    endloop
  endfacet
  facet normal -0.5 0.866026 0
    outer loop
      vertex 57.5 84.4367 0
      vertex 53.5 82.1273 3
      vertex 57.5 84.4367 3
    endloop
  endfacet
  facet normal -0.5 0.866026 0
    outer loop
      vertex 53.5 82.1273 3
      vertex 57.5 84.4367 0
      vertex 53.5 82.1273 0
    endloop
  endfacet
  facet normal 0.5 0.866026 -0
    outer loop
      vertex 53.5 82.1273 0
      vertex 49.5 84.4367 3
      vertex 53.5 82.1273 3
    endloop
  endfacet
  facet normal 0.5 0.866026 0
    outer loop
      vertex 49.5 84.4367 3
      vertex 53.5 82.1273 0
      vertex 49.5 84.4367 0
    endloop
  endfacet
  facet normal 1 -0 0
    outer loop
      vertex 39 84.4367 3
      vertex 39 89.0555 0
      vertex 39 89.0555 3
    endloop
  endfacet
  facet normal 1 0 0
    outer loop
      vertex 39 89.0555 0
      vertex 39 84.4367 3
      vertex 39 84.4367 0
    endloop
  endfacet
  facet normal 0.5 -0.866026 0
    outer loop
      vertex 39 89.0555 0
      vertex 43 91.3649 3
      vertex 39 89.0555 3
    endloop
  endfacet
  facet normal 0.5 -0.866026 0
    outer loop
      vertex 43 91.3649 3
      vertex 39 89.0555 0
      vertex 43 91.3649 0
    endloop
  endfacet
  facet normal -0.5 -0.866026 0
    outer loop
      vertex 43 91.3649 0
      vertex 47 89.0555 3
      vertex 43 91.3649 3
    endloop
  endfacet
  facet normal -0.5 -0.866026 -0
    outer loop
      vertex 47 89.0555 3
      vertex 43 91.3649 0
      vertex 47 89.0555 0
    endloop
  endfacet
  facet normal -1 0 0
    outer loop
      vertex 47 84.4367 0
      vertex 47 89.0555 3
      vertex 47 89.0555 0
    endloop
  endfacet
  facet normal -1 -0 0
    outer loop
      vertex 47 89.0555 3
      vertex 47 84.4367 0
      vertex 47 84.4367 3
    endloop
  endfacet
  facet normal -0.5 0.866026 0
    outer loop
      vertex 47 84.4367 0
      vertex 43 82.1273 3
      vertex 47 84.4367 3
    endloop
  endfacet
  facet normal -0.5 0.866026 0
    outer loop
      vertex 43 82.1273 3
      vertex 47 84.4367 0
      vertex 43 82.1273 0
    endloop
  endfacet
  facet normal 0.5 0.866026 -0
    outer loop
      vertex 43 82.1273 0
      vertex 39 84.4367 3
      vertex 43 82.1273 3
    endloop
  endfacet
  facet normal 0.5 0.866026 0
    outer loop
      vertex 39 84.4367 3
      vertex 43 82.1273 0
      vertex 39 84.4367 0
    endloop
  endfacet
  facet normal 1 -0 0
    outer loop
      vertex 28.5 84.4367 3
      vertex 28.5 89.0555 0
      vertex 28.5 89.0555 3
    endloop
  endfacet
  facet normal 1 0 0
    outer loop
      vertex 28.5 89.0555 0
      vertex 28.5 84.4367 3
      vertex 28.5 84.4367 0
    endloop
  endfacet
  facet normal 0.5 -0.866026 0
    outer loop
      vertex 28.5 89.0555 0
      vertex 32.5 91.3649 3
      vertex 28.5 89.0555 3
    endloop
  endfacet
  facet normal 0.5 -0.866026 0
    outer loop
      vertex 32.5 91.3649 3
      vertex 28.5 89.0555 0
      vertex 32.5 91.3649 0
    endloop
  endfacet
  facet normal -0.5 -0.866026 0
    outer loop
      vertex 32.5 91.3649 0
      vertex 36.5 89.0555 3
      vertex 32.5 91.3649 3
    endloop
  endfacet
  facet normal -0.5 -0.866026 -0
    outer loop
      vertex 36.5 89.0555 3
      vertex 32.5 91.3649 0
      vertex 36.5 89.0555 0
    endloop
  endfacet
  facet normal -1 0 0
    outer loop
      vertex 36.5 84.4367 0
      vertex 36.5 89.0555 3
      vertex 36.5 89.0555 0
    endloop
  endfacet
  facet normal -1 -0 0
    outer loop
      vertex 36.5 89.0555 3
      vertex 36.5 84.4367 0
      vertex 36.5 84.4367 3
    endloop
  endfacet
  facet normal -0.5 0.866026 0
    outer loop
      vertex 36.5 84.4367 0
      vertex 32.5 82.1273 3
      vertex 36.5 84.4367 3
    endloop
  endfacet
  facet normal -0.5 0.866026 0
    outer loop
      vertex 32.5 82.1273 3
      vertex 36.5 84.4367 0
      vertex 32.5 82.1273 0
    endloop
  endfacet
  facet normal 0.5 0.866026 -0
    outer loop
      vertex 32.5 82.1273 0
      vertex 28.5 84.4367 3
      vertex 32.5 82.1273 3
    endloop
  endfacet
  facet normal 0.5 0.866026 0
    outer loop
      vertex 28.5 84.4367 3
      vertex 32.5 82.1273 0
      vertex 28.5 84.4367 0
    endloop
  endfacet
  facet normal 1 -0 0
    outer loop
      vertex 144 84.4367 3
      vertex 144 89.0555 0
      vertex 144 89.0555 3
    endloop
  endfacet
  facet normal 1 0 0
    outer loop
      vertex 144 89.0555 0
      vertex 144 84.4367 3
      vertex 144 84.4367 0
    endloop
  endfacet
  facet normal 0.5 -0.866026 0
    outer loop
      vertex 144 89.0555 0
      vertex 148 91.3649 3
      vertex 144 89.0555 3
    endloop
  endfacet
  facet normal 0.5 -0.866026 0
    outer loop
      vertex 148 91.3649 3
      vertex 144 89.0555 0
      vertex 148 91.3649 0
    endloop
  endfacet
  facet normal -0.5 -0.866026 0
    outer loop
      vertex 148 91.3649 0
      vertex 152 89.0555 3
      vertex 148 91.3649 3
    endloop
  endfacet
  facet normal -0.5 -0.866026 -0
    outer loop
      vertex 152 89.0555 3
      vertex 148 91.3649 0
      vertex 152 89.0555 0
    endloop
  endfacet
  facet normal -1 0 0
    outer loop
      vertex 152 84.4367 0
      vertex 152 89.0555 3
      vertex 152 89.0555 0
    endloop
  endfacet
  facet normal -1 -0 0
    outer loop
      vertex 152 89.0555 3
      vertex 152 84.4367 0
      vertex 152 84.4367 3
    endloop
  endfacet
  facet normal -0.5 0.866026 0
    outer loop
      vertex 152 84.4367 0
      vertex 148 82.1273 3
      vertex 152 84.4367 3
    endloop
  endfacet
  facet normal -0.5 0.866026 0
    outer loop
      vertex 148 82.1273 3
      vertex 152 84.4367 0
      vertex 148 82.1273 0
    endloop
  endfacet
  facet normal 0.5 0.866026 -0
    outer loop
      vertex 148 82.1273 0
      vertex 144 84.4367 3
      vertex 148 82.1273 3
    endloop
  endfacet
  facet normal 0.5 0.866026 0
    outer loop
      vertex 144 84.4367 3
      vertex 148 82.1273 0
      vertex 144 84.4367 0
    endloop
  endfacet
  facet normal 1 -0 0
    outer loop
      vertex 86.25 75.3435 3
      vertex 86.25 79.9623 0
      vertex 86.25 79.9623 3
    endloop
  endfacet
  facet normal 1 0 0
    outer loop
      vertex 86.25 79.9623 0
      vertex 86.25 75.3435 3
      vertex 86.25 75.3435 0
    endloop
  endfacet
  facet normal 0.5 -0.866026 0
    outer loop
      vertex 86.25 79.9623 0
      vertex 90.25 82.2717 3
      vertex 86.25 79.9623 3
    endloop
  endfacet
  facet normal 0.5 -0.866026 0
    outer loop
      vertex 90.25 82.2717 3
      vertex 86.25 79.9623 0
      vertex 90.25 82.2717 0
    endloop
  endfacet
  facet normal -0.5 -0.866026 0
    outer loop
      vertex 90.25 82.2717 0
      vertex 94.25 79.9623 3
      vertex 90.25 82.2717 3
    endloop
  endfacet
  facet normal -0.5 -0.866026 -0
    outer loop
      vertex 94.25 79.9623 3
      vertex 90.25 82.2717 0
      vertex 94.25 79.9623 0
    endloop
  endfacet
  facet normal -1 0 0
    outer loop
      vertex 94.25 75.3435 0
      vertex 94.25 79.9623 3
      vertex 94.25 79.9623 0
    endloop
  endfacet
  facet normal -1 -0 0
    outer loop
      vertex 94.25 79.9623 3
      vertex 94.25 75.3435 0
      vertex 94.25 75.3435 3
    endloop
  endfacet
  facet normal -0.5 0.866026 0
    outer loop
      vertex 94.25 75.3435 0
      vertex 90.25 73.0341 3
      vertex 94.25 75.3435 3
    endloop
  endfacet
  facet normal -0.5 0.866026 0
    outer loop
      vertex 90.25 73.0341 3
      vertex 94.25 75.3435 0
      vertex 90.25 73.0341 0
    endloop
  endfacet
  facet normal 0.5 0.866026 -0
    outer loop
      vertex 90.25 73.0341 0
      vertex 86.25 75.3435 3
      vertex 90.25 73.0341 3
    endloop
  endfacet
  facet normal 0.5 0.866026 0
    outer loop
      vertex 86.25 75.3435 3
      vertex 90.25 73.0341 0
      vertex 86.25 75.3435 0
    endloop
  endfacet
  facet normal 1 -0 0
    outer loop
      vertex 96.75 75.3435 3
      vertex 96.75 79.9623 0
      vertex 96.75 79.9623 3
    endloop
  endfacet
  facet normal 1 0 0
    outer loop
      vertex 96.75 79.9623 0
      vertex 96.75 75.3435 3
      vertex 96.75 75.3435 0
    endloop
  endfacet
  facet normal 0.5 -0.866026 0
    outer loop
      vertex 96.75 79.9623 0
      vertex 100.75 82.2717 3
      vertex 96.75 79.9623 3
    endloop
  endfacet
  facet normal 0.5 -0.866026 0
    outer loop
      vertex 100.75 82.2717 3
      vertex 96.75 79.9623 0
      vertex 100.75 82.2717 0
    endloop
  endfacet
  facet normal -0.5 -0.866026 0
    outer loop
      vertex 100.75 82.2717 0
      vertex 104.75 79.9623 3
      vertex 100.75 82.2717 3
    endloop
  endfacet
  facet normal -0.5 -0.866026 -0
    outer loop
      vertex 104.75 79.9623 3
      vertex 100.75 82.2717 0
      vertex 104.75 79.9623 0
    endloop
  endfacet
  facet normal -1 0 0
    outer loop
      vertex 104.75 75.3435 0
      vertex 104.75 79.9623 3
      vertex 104.75 79.9623 0
    endloop
  endfacet
  facet normal -1 -0 0
    outer loop
      vertex 104.75 79.9623 3
      vertex 104.75 75.3435 0
      vertex 104.75 75.3435 3
    endloop
  endfacet
  facet normal -0.5 0.866026 0
    outer loop
      vertex 104.75 75.3435 0
      vertex 100.75 73.0341 3
      vertex 104.75 75.3435 3
    endloop
  endfacet
  facet normal -0.5 0.866026 0
    outer loop
      vertex 100.75 73.0341 3
      vertex 104.75 75.3435 0
      vertex 100.75 73.0341 0
    endloop
  endfacet
  facet normal 0.5 0.866026 -0
    outer loop
      vertex 100.75 73.0341 0
      vertex 96.75 75.3435 3
      vertex 100.75 73.0341 3
    endloop
  endfacet
  facet normal 0.5 0.866026 0
    outer loop
      vertex 96.75 75.3435 3
      vertex 100.75 73.0341 0
      vertex 96.75 75.3435 0
    endloop
  endfacet
  facet normal 1 -0 0
    outer loop
      vertex 149.25 75.3435 3
      vertex 149.25 79.9623 0
      vertex 149.25 79.9623 3
    endloop
  endfacet
  facet normal 1 0 0
    outer loop
      vertex 149.25 79.9623 0
      vertex 149.25 75.3435 3
      vertex 149.25 75.3435 0
    endloop
  endfacet
  facet normal 0.5 -0.866026 0
    outer loop
      vertex 149.25 79.9623 0
      vertex 153.25 82.2717 3
      vertex 149.25 79.9623 3
    endloop
  endfacet
  facet normal 0.5 -0.866026 0
    outer loop
      vertex 153.25 82.2717 3
      vertex 149.25 79.9623 0
      vertex 153.25 82.2717 0
    endloop
  endfacet
  facet normal -0.5 -0.866026 0
    outer loop
      vertex 153.25 82.2717 0
      vertex 157.25 79.9623 3
      vertex 153.25 82.2717 3
    endloop
  endfacet
  facet normal -0.5 -0.866026 -0
    outer loop
      vertex 157.25 79.9623 3
      vertex 153.25 82.2717 0
      vertex 157.25 79.9623 0
    endloop
  endfacet
  facet normal -1 0 0
    outer loop
      vertex 157.25 75.3435 0
      vertex 157.25 79.9623 3
      vertex 157.25 79.9623 0
    endloop
  endfacet
  facet normal -1 -0 0
    outer loop
      vertex 157.25 79.9623 3
      vertex 157.25 75.3435 0
      vertex 157.25 75.3435 3
    endloop
  endfacet
  facet normal -0.5 0.866026 0
    outer loop
      vertex 157.25 75.3435 0
      vertex 153.25 73.0341 3
      vertex 157.25 75.3435 3
    endloop
  endfacet
  facet normal -0.5 0.866026 0
    outer loop
      vertex 153.25 73.0341 3
      vertex 157.25 75.3435 0
      vertex 153.25 73.0341 0
    endloop
  endfacet
  facet normal 0.5 0.866026 -0
    outer loop
      vertex 153.25 73.0341 0
      vertex 149.25 75.3435 3
      vertex 153.25 73.0341 3
    endloop
  endfacet
  facet normal 0.5 0.866026 0
    outer loop
      vertex 149.25 75.3435 3
      vertex 153.25 73.0341 0
      vertex 149.25 75.3435 0
    endloop
  endfacet
  facet normal 1 -0 0
    outer loop
      vertex 138.75 75.3435 3
      vertex 138.75 79.9623 0
      vertex 138.75 79.9623 3
    endloop
  endfacet
  facet normal 1 0 0
    outer loop
      vertex 138.75 79.9623 0
      vertex 138.75 75.3435 3
      vertex 138.75 75.3435 0
    endloop
  endfacet
  facet normal 0.5 -0.866026 0
    outer loop
      vertex 138.75 79.9623 0
      vertex 142.75 82.2717 3
      vertex 138.75 79.9623 3
    endloop
  endfacet
  facet normal 0.5 -0.866026 0
    outer loop
      vertex 142.75 82.2717 3
      vertex 138.75 79.9623 0
      vertex 142.75 82.2717 0
    endloop
  endfacet
  facet normal -0.5 -0.866026 0
    outer loop
      vertex 142.75 82.2717 0
      vertex 146.75 79.9623 3
      vertex 142.75 82.2717 3
    endloop
  endfacet
  facet normal -0.5 -0.866026 -0
    outer loop
      vertex 146.75 79.9623 3
      vertex 142.75 82.2717 0
      vertex 146.75 79.9623 0
    endloop
  endfacet
  facet normal -1 0 0
    outer loop
      vertex 146.75 75.3435 0
      vertex 146.75 79.9623 3
      vertex 146.75 79.9623 0
    endloop
  endfacet
  facet normal -1 -0 0
    outer loop
      vertex 146.75 79.9623 3
      vertex 146.75 75.3435 0
      vertex 146.75 75.3435 3
    endloop
  endfacet
  facet normal -0.5 0.866026 0
    outer loop
      vertex 146.75 75.3435 0
      vertex 142.75 73.0341 3
      vertex 146.75 75.3435 3
    endloop
  endfacet
  facet normal -0.5 0.866026 0
    outer loop
      vertex 142.75 73.0341 3
      vertex 146.75 75.3435 0
      vertex 142.75 73.0341 0
    endloop
  endfacet
  facet normal 0.5 0.866026 -0
    outer loop
      vertex 142.75 73.0341 0
      vertex 138.75 75.3435 3
      vertex 142.75 73.0341 3
    endloop
  endfacet
  facet normal 0.5 0.866026 0
    outer loop
      vertex 138.75 75.3435 3
      vertex 142.75 73.0341 0
      vertex 138.75 75.3435 0
    endloop
  endfacet
  facet normal 1 -0 0
    outer loop
      vertex 128.25 75.3435 3
      vertex 128.25 79.9623 0
      vertex 128.25 79.9623 3
    endloop
  endfacet
  facet normal 1 0 0
    outer loop
      vertex 128.25 79.9623 0
      vertex 128.25 75.3435 3
      vertex 128.25 75.3435 0
    endloop
  endfacet
  facet normal 0.5 -0.866026 0
    outer loop
      vertex 128.25 79.9623 0
      vertex 132.25 82.2717 3
      vertex 128.25 79.9623 3
    endloop
  endfacet
  facet normal 0.5 -0.866026 0
    outer loop
      vertex 132.25 82.2717 3
      vertex 128.25 79.9623 0
      vertex 132.25 82.2717 0
    endloop
  endfacet
  facet normal -0.5 -0.866026 0
    outer loop
      vertex 132.25 82.2717 0
      vertex 136.25 79.9623 3
      vertex 132.25 82.2717 3
    endloop
  endfacet
  facet normal -0.5 -0.866026 -0
    outer loop
      vertex 136.25 79.9623 3
      vertex 132.25 82.2717 0
      vertex 136.25 79.9623 0
    endloop
  endfacet
  facet normal -1 0 0
    outer loop
      vertex 136.25 75.3435 0
      vertex 136.25 79.9623 3
      vertex 136.25 79.9623 0
    endloop
  endfacet
  facet normal -1 -0 0
    outer loop
      vertex 136.25 79.9623 3
      vertex 136.25 75.3435 0
      vertex 136.25 75.3435 3
    endloop
  endfacet
  facet normal -0.5 0.866026 0
    outer loop
      vertex 136.25 75.3435 0
      vertex 132.25 73.0341 3
      vertex 136.25 75.3435 3
    endloop
  endfacet
  facet normal -0.5 0.866026 0
    outer loop
      vertex 132.25 73.0341 3
      vertex 136.25 75.3435 0
      vertex 132.25 73.0341 0
    endloop
  endfacet
  facet normal 0.5 0.866026 -0
    outer loop
      vertex 132.25 73.0341 0
      vertex 128.25 75.3435 3
      vertex 132.25 73.0341 3
    endloop
  endfacet
  facet normal 0.5 0.866026 0
    outer loop
      vertex 128.25 75.3435 3
      vertex 132.25 73.0341 0
      vertex 128.25 75.3435 0
    endloop
  endfacet
  facet normal 1 -0 0
    outer loop
      vertex 117.75 75.3435 3
      vertex 117.75 79.9623 0
      vertex 117.75 79.9623 3
    endloop
  endfacet
  facet normal 1 0 0
    outer loop
      vertex 117.75 79.9623 0
      vertex 117.75 75.3435 3
      vertex 117.75 75.3435 0
    endloop
  endfacet
  facet normal 0.5 -0.866026 0
    outer loop
      vertex 117.75 79.9623 0
      vertex 121.75 82.2717 3
      vertex 117.75 79.9623 3
    endloop
  endfacet
  facet normal 0.5 -0.866026 0
    outer loop
      vertex 121.75 82.2717 3
      vertex 117.75 79.9623 0
      vertex 121.75 82.2717 0
    endloop
  endfacet
  facet normal -0.5 -0.866026 0
    outer loop
      vertex 121.75 82.2717 0
      vertex 125.75 79.9623 3
      vertex 121.75 82.2717 3
    endloop
  endfacet
  facet normal -0.5 -0.866026 -0
    outer loop
      vertex 125.75 79.9623 3
      vertex 121.75 82.2717 0
      vertex 125.75 79.9623 0
    endloop
  endfacet
  facet normal -1 0 0
    outer loop
      vertex 125.75 75.3435 0
      vertex 125.75 79.9623 3
      vertex 125.75 79.9623 0
    endloop
  endfacet
  facet normal -1 -0 0
    outer loop
      vertex 125.75 79.9623 3
      vertex 125.75 75.3435 0
      vertex 125.75 75.3435 3
    endloop
  endfacet
  facet normal -0.5 0.866026 0
    outer loop
      vertex 125.75 75.3435 0
      vertex 121.75 73.0341 3
      vertex 125.75 75.3435 3
    endloop
  endfacet
  facet normal -0.5 0.866026 0
    outer loop
      vertex 121.75 73.0341 3
      vertex 125.75 75.3435 0
      vertex 121.75 73.0341 0
    endloop
  endfacet
  facet normal 0.5 0.866026 -0
    outer loop
      vertex 121.75 73.0341 0
      vertex 117.75 75.3435 3
      vertex 121.75 73.0341 3
    endloop
  endfacet
  facet normal 0.5 0.866026 0
    outer loop
      vertex 117.75 75.3435 3
      vertex 121.75 73.0341 0
      vertex 117.75 75.3435 0
    endloop
  endfacet
  facet normal 1 -0 0
    outer loop
      vertex 107.25 75.3435 3
      vertex 107.25 79.9623 0
      vertex 107.25 79.9623 3
    endloop
  endfacet
  facet normal 1 0 0
    outer loop
      vertex 107.25 79.9623 0
      vertex 107.25 75.3435 3
      vertex 107.25 75.3435 0
    endloop
  endfacet
  facet normal 0.5 -0.866026 0
    outer loop
      vertex 107.25 79.9623 0
      vertex 111.25 82.2717 3
      vertex 107.25 79.9623 3
    endloop
  endfacet
  facet normal 0.5 -0.866026 0
    outer loop
      vertex 111.25 82.2717 3
      vertex 107.25 79.9623 0
      vertex 111.25 82.2717 0
    endloop
  endfacet
  facet normal -0.5 -0.866026 0
    outer loop
      vertex 111.25 82.2717 0
      vertex 115.25 79.9623 3
      vertex 111.25 82.2717 3
    endloop
  endfacet
  facet normal -0.5 -0.866026 -0
    outer loop
      vertex 115.25 79.9623 3
      vertex 111.25 82.2717 0
      vertex 115.25 79.9623 0
    endloop
  endfacet
  facet normal -1 0 0
    outer loop
      vertex 115.25 75.3435 0
      vertex 115.25 79.9623 3
      vertex 115.25 79.9623 0
    endloop
  endfacet
  facet normal -1 -0 0
    outer loop
      vertex 115.25 79.9623 3
      vertex 115.25 75.3435 0
      vertex 115.25 75.3435 3
    endloop
  endfacet
  facet normal -0.5 0.866026 0
    outer loop
      vertex 115.25 75.3435 0
      vertex 111.25 73.0341 3
      vertex 115.25 75.3435 3
    endloop
  endfacet
  facet normal -0.5 0.866026 0
    outer loop
      vertex 111.25 73.0341 3
      vertex 115.25 75.3435 0
      vertex 111.25 73.0341 0
    endloop
  endfacet
  facet normal 0.5 0.866026 -0
    outer loop
      vertex 111.25 73.0341 0
      vertex 107.25 75.3435 3
      vertex 111.25 73.0341 3
    endloop
  endfacet
  facet normal 0.5 0.866026 0
    outer loop
      vertex 107.25 75.3435 3
      vertex 111.25 73.0341 0
      vertex 107.25 75.3435 0
    endloop
  endfacet
  facet normal 1 -0 0
    outer loop
      vertex 75.75 75.3435 3
      vertex 75.75 79.9623 0
      vertex 75.75 79.9623 3
    endloop
  endfacet
  facet normal 1 0 0
    outer loop
      vertex 75.75 79.9623 0
      vertex 75.75 75.3435 3
      vertex 75.75 75.3435 0
    endloop
  endfacet
  facet normal 0.5 -0.866026 0
    outer loop
      vertex 75.75 79.9623 0
      vertex 79.75 82.2717 3
      vertex 75.75 79.9623 3
    endloop
  endfacet
  facet normal 0.5 -0.866026 0
    outer loop
      vertex 79.75 82.2717 3
      vertex 75.75 79.9623 0
      vertex 79.75 82.2717 0
    endloop
  endfacet
  facet normal -0.5 -0.866026 0
    outer loop
      vertex 79.75 82.2717 0
      vertex 83.75 79.9623 3
      vertex 79.75 82.2717 3
    endloop
  endfacet
  facet normal -0.5 -0.866026 -0
    outer loop
      vertex 83.75 79.9623 3
      vertex 79.75 82.2717 0
      vertex 83.75 79.9623 0
    endloop
  endfacet
  facet normal -1 0 0
    outer loop
      vertex 83.75 75.3435 0
      vertex 83.75 79.9623 3
      vertex 83.75 79.9623 0
    endloop
  endfacet
  facet normal -1 -0 0
    outer loop
      vertex 83.75 79.9623 3
      vertex 83.75 75.3435 0
      vertex 83.75 75.3435 3
    endloop
  endfacet
  facet normal -0.5 0.866026 0
    outer loop
      vertex 83.75 75.3435 0
      vertex 79.75 73.0341 3
      vertex 83.75 75.3435 3
    endloop
  endfacet
  facet normal -0.5 0.866026 0
    outer loop
      vertex 79.75 73.0341 3
      vertex 83.75 75.3435 0
      vertex 79.75 73.0341 0
    endloop
  endfacet
  facet normal 0.5 0.866026 -0
    outer loop
      vertex 79.75 73.0341 0
      vertex 75.75 75.3435 3
      vertex 79.75 73.0341 3
    endloop
  endfacet
  facet normal 0.5 0.866026 0
    outer loop
      vertex 75.75 75.3435 3
      vertex 79.75 73.0341 0
      vertex 75.75 75.3435 0
    endloop
  endfacet
  facet normal 1 -0 0
    outer loop
      vertex 65.25 75.3435 3
      vertex 65.25 79.9623 0
      vertex 65.25 79.9623 3
    endloop
  endfacet
  facet normal 1 0 0
    outer loop
      vertex 65.25 79.9623 0
      vertex 65.25 75.3435 3
      vertex 65.25 75.3435 0
    endloop
  endfacet
  facet normal 0.5 -0.866026 0
    outer loop
      vertex 65.25 79.9623 0
      vertex 69.25 82.2717 3
      vertex 65.25 79.9623 3
    endloop
  endfacet
  facet normal 0.5 -0.866026 0
    outer loop
      vertex 69.25 82.2717 3
      vertex 65.25 79.9623 0
      vertex 69.25 82.2717 0
    endloop
  endfacet
  facet normal -0.5 -0.866026 0
    outer loop
      vertex 69.25 82.2717 0
      vertex 73.25 79.9623 3
      vertex 69.25 82.2717 3
    endloop
  endfacet
  facet normal -0.5 -0.866026 -0
    outer loop
      vertex 73.25 79.9623 3
      vertex 69.25 82.2717 0
      vertex 73.25 79.9623 0
    endloop
  endfacet
  facet normal -1 0 0
    outer loop
      vertex 73.25 75.3435 0
      vertex 73.25 79.9623 3
      vertex 73.25 79.9623 0
    endloop
  endfacet
  facet normal -1 -0 0
    outer loop
      vertex 73.25 79.9623 3
      vertex 73.25 75.3435 0
      vertex 73.25 75.3435 3
    endloop
  endfacet
  facet normal -0.5 0.866026 0
    outer loop
      vertex 73.25 75.3435 0
      vertex 69.25 73.0341 3
      vertex 73.25 75.3435 3
    endloop
  endfacet
  facet normal -0.5 0.866026 0
    outer loop
      vertex 69.25 73.0341 3
      vertex 73.25 75.3435 0
      vertex 69.25 73.0341 0
    endloop
  endfacet
  facet normal 0.5 0.866026 -0
    outer loop
      vertex 69.25 73.0341 0
      vertex 65.25 75.3435 3
      vertex 69.25 73.0341 3
    endloop
  endfacet
  facet normal 0.5 0.866026 0
    outer loop
      vertex 65.25 75.3435 3
      vertex 69.25 73.0341 0
      vertex 65.25 75.3435 0
    endloop
  endfacet
  facet normal 1 -0 0
    outer loop
      vertex 44.25 75.3435 3
      vertex 44.25 79.9623 0
      vertex 44.25 79.9623 3
    endloop
  endfacet
  facet normal 1 0 0
    outer loop
      vertex 44.25 79.9623 0
      vertex 44.25 75.3435 3
      vertex 44.25 75.3435 0
    endloop
  endfacet
  facet normal 0.5 -0.866026 0
    outer loop
      vertex 44.25 79.9623 0
      vertex 48.25 82.2717 3
      vertex 44.25 79.9623 3
    endloop
  endfacet
  facet normal 0.5 -0.866026 0
    outer loop
      vertex 48.25 82.2717 3
      vertex 44.25 79.9623 0
      vertex 48.25 82.2717 0
    endloop
  endfacet
  facet normal -0.5 -0.866026 0
    outer loop
      vertex 48.25 82.2717 0
      vertex 52.25 79.9623 3
      vertex 48.25 82.2717 3
    endloop
  endfacet
  facet normal -0.5 -0.866026 -0
    outer loop
      vertex 52.25 79.9623 3
      vertex 48.25 82.2717 0
      vertex 52.25 79.9623 0
    endloop
  endfacet
  facet normal -1 0 0
    outer loop
      vertex 52.25 75.3435 0
      vertex 52.25 79.9623 3
      vertex 52.25 79.9623 0
    endloop
  endfacet
  facet normal -1 -0 0
    outer loop
      vertex 52.25 79.9623 3
      vertex 52.25 75.3435 0
      vertex 52.25 75.3435 3
    endloop
  endfacet
  facet normal -0.5 0.866026 0
    outer loop
      vertex 52.25 75.3435 0
      vertex 48.25 73.0341 3
      vertex 52.25 75.3435 3
    endloop
  endfacet
  facet normal -0.5 0.866026 0
    outer loop
      vertex 48.25 73.0341 3
      vertex 52.25 75.3435 0
      vertex 48.25 73.0341 0
    endloop
  endfacet
  facet normal 0.5 0.866026 -0
    outer loop
      vertex 48.25 73.0341 0
      vertex 44.25 75.3435 3
      vertex 48.25 73.0341 3
    endloop
  endfacet
  facet normal 0.5 0.866026 0
    outer loop
      vertex 44.25 75.3435 3
      vertex 48.25 73.0341 0
      vertex 44.25 75.3435 0
    endloop
  endfacet
  facet normal 1 -0 0
    outer loop
      vertex 33.75 75.3435 3
      vertex 33.75 79.9623 0
      vertex 33.75 79.9623 3
    endloop
  endfacet
  facet normal 1 0 0
    outer loop
      vertex 33.75 79.9623 0
      vertex 33.75 75.3435 3
      vertex 33.75 75.3435 0
    endloop
  endfacet
  facet normal 0.5 -0.866026 0
    outer loop
      vertex 33.75 79.9623 0
      vertex 37.75 82.2717 3
      vertex 33.75 79.9623 3
    endloop
  endfacet
  facet normal 0.5 -0.866026 0
    outer loop
      vertex 37.75 82.2717 3
      vertex 33.75 79.9623 0
      vertex 37.75 82.2717 0
    endloop
  endfacet
  facet normal -0.5 -0.866026 0
    outer loop
      vertex 37.75 82.2717 0
      vertex 41.75 79.9623 3
      vertex 37.75 82.2717 3
    endloop
  endfacet
  facet normal -0.5 -0.866026 -0
    outer loop
      vertex 41.75 79.9623 3
      vertex 37.75 82.2717 0
      vertex 41.75 79.9623 0
    endloop
  endfacet
  facet normal -1 0 0
    outer loop
      vertex 41.75 75.3435 0
      vertex 41.75 79.9623 3
      vertex 41.75 79.9623 0
    endloop
  endfacet
  facet normal -1 -0 0
    outer loop
      vertex 41.75 79.9623 3
      vertex 41.75 75.3435 0
      vertex 41.75 75.3435 3
    endloop
  endfacet
  facet normal -0.5 0.866026 0
    outer loop
      vertex 41.75 75.3435 0
      vertex 37.75 73.0341 3
      vertex 41.75 75.3435 3
    endloop
  endfacet
  facet normal -0.5 0.866026 0
    outer loop
      vertex 37.75 73.0341 3
      vertex 41.75 75.3435 0
      vertex 37.75 73.0341 0
    endloop
  endfacet
  facet normal 0.5 0.866026 -0
    outer loop
      vertex 37.75 73.0341 0
      vertex 33.75 75.3435 3
      vertex 37.75 73.0341 3
    endloop
  endfacet
  facet normal 0.5 0.866026 0
    outer loop
      vertex 33.75 75.3435 3
      vertex 37.75 73.0341 0
      vertex 33.75 75.3435 0
    endloop
  endfacet
  facet normal 1 -0 0
    outer loop
      vertex 23.25 75.3435 3
      vertex 23.25 79.9623 0
      vertex 23.25 79.9623 3
    endloop
  endfacet
  facet normal 1 0 0
    outer loop
      vertex 23.25 79.9623 0
      vertex 23.25 75.3435 3
      vertex 23.25 75.3435 0
    endloop
  endfacet
  facet normal 0.5 -0.866026 0
    outer loop
      vertex 23.25 79.9623 0
      vertex 27.25 82.2717 3
      vertex 23.25 79.9623 3
    endloop
  endfacet
  facet normal 0.5 -0.866026 0
    outer loop
      vertex 27.25 82.2717 3
      vertex 23.25 79.9623 0
      vertex 27.25 82.2717 0
    endloop
  endfacet
  facet normal -0.5 -0.866026 0
    outer loop
      vertex 27.25 82.2717 0
      vertex 31.25 79.9623 3
      vertex 27.25 82.2717 3
    endloop
  endfacet
  facet normal -0.5 -0.866026 -0
    outer loop
      vertex 31.25 79.9623 3
      vertex 27.25 82.2717 0
      vertex 31.25 79.9623 0
    endloop
  endfacet
  facet normal -1 0 0
    outer loop
      vertex 31.25 75.3435 0
      vertex 31.25 79.9623 3
      vertex 31.25 79.9623 0
    endloop
  endfacet
  facet normal -1 -0 0
    outer loop
      vertex 31.25 79.9623 3
      vertex 31.25 75.3435 0
      vertex 31.25 75.3435 3
    endloop
  endfacet
  facet normal -0.5 0.866026 0
    outer loop
      vertex 31.25 75.3435 0
      vertex 27.25 73.0341 3
      vertex 31.25 75.3435 3
    endloop
  endfacet
  facet normal -0.5 0.866026 0
    outer loop
      vertex 27.25 73.0341 3
      vertex 31.25 75.3435 0
      vertex 27.25 73.0341 0
    endloop
  endfacet
  facet normal 0.5 0.866026 -0
    outer loop
      vertex 27.25 73.0341 0
      vertex 23.25 75.3435 3
      vertex 27.25 73.0341 3
    endloop
  endfacet
  facet normal 0.5 0.866026 0
    outer loop
      vertex 23.25 75.3435 3
      vertex 27.25 73.0341 0
      vertex 23.25 75.3435 0
    endloop
  endfacet
  facet normal 1 -0 0
    outer loop
      vertex 54.75 75.3435 3
      vertex 54.75 79.9623 0
      vertex 54.75 79.9623 3
    endloop
  endfacet
  facet normal 1 0 0
    outer loop
      vertex 54.75 79.9623 0
      vertex 54.75 75.3435 3
      vertex 54.75 75.3435 0
    endloop
  endfacet
  facet normal 0.5 -0.866026 0
    outer loop
      vertex 54.75 79.9623 0
      vertex 58.75 82.2717 3
      vertex 54.75 79.9623 3
    endloop
  endfacet
  facet normal 0.5 -0.866026 0
    outer loop
      vertex 58.75 82.2717 3
      vertex 54.75 79.9623 0
      vertex 58.75 82.2717 0
    endloop
  endfacet
  facet normal -0.5 -0.866026 0
    outer loop
      vertex 58.75 82.2717 0
      vertex 62.75 79.9623 3
      vertex 58.75 82.2717 3
    endloop
  endfacet
  facet normal -0.5 -0.866026 -0
    outer loop
      vertex 62.75 79.9623 3
      vertex 58.75 82.2717 0
      vertex 62.75 79.9623 0
    endloop
  endfacet
  facet normal -1 0 0
    outer loop
      vertex 62.75 75.3435 0
      vertex 62.75 79.9623 3
      vertex 62.75 79.9623 0
    endloop
  endfacet
  facet normal -1 -0 0
    outer loop
      vertex 62.75 79.9623 3
      vertex 62.75 75.3435 0
      vertex 62.75 75.3435 3
    endloop
  endfacet
  facet normal -0.5 0.866026 0
    outer loop
      vertex 62.75 75.3435 0
      vertex 58.75 73.0341 3
      vertex 62.75 75.3435 3
    endloop
  endfacet
  facet normal -0.5 0.866026 0
    outer loop
      vertex 58.75 73.0341 3
      vertex 62.75 75.3435 0
      vertex 58.75 73.0341 0
    endloop
  endfacet
  facet normal 0.5 0.866026 -0
    outer loop
      vertex 58.75 73.0341 0
      vertex 54.75 75.3435 3
      vertex 58.75 73.0341 3
    endloop
  endfacet
  facet normal 0.5 0.866026 0
    outer loop
      vertex 54.75 75.3435 3
      vertex 58.75 73.0341 0
      vertex 54.75 75.3435 0
    endloop
  endfacet
  facet normal 1 -0 0
    outer loop
      vertex 81 66.2502 3
      vertex 81 70.869 0
      vertex 81 70.869 3
    endloop
  endfacet
  facet normal 1 0 0
    outer loop
      vertex 81 70.869 0
      vertex 81 66.2502 3
      vertex 81 66.2502 0
    endloop
  endfacet
  facet normal 0.5 -0.866026 0
    outer loop
      vertex 81 70.869 0
      vertex 85 73.1784 3
      vertex 81 70.869 3
    endloop
  endfacet
  facet normal 0.5 -0.866026 0
    outer loop
      vertex 85 73.1784 3
      vertex 81 70.869 0
      vertex 85 73.1784 0
    endloop
  endfacet
  facet normal -0.5 -0.866026 0
    outer loop
      vertex 85 73.1784 0
      vertex 89 70.869 3
      vertex 85 73.1784 3
    endloop
  endfacet
  facet normal -0.5 -0.866026 -0
    outer loop
      vertex 89 70.869 3
      vertex 85 73.1784 0
      vertex 89 70.869 0
    endloop
  endfacet
  facet normal -1 0 0
    outer loop
      vertex 89 66.2502 0
      vertex 89 70.869 3
      vertex 89 70.869 0
    endloop
  endfacet
  facet normal -1 -0 0
    outer loop
      vertex 89 70.869 3
      vertex 89 66.2502 0
      vertex 89 66.2502 3
    endloop
  endfacet
  facet normal -0.5 0.866026 0
    outer loop
      vertex 89 66.2502 0
      vertex 85 63.9408 3
      vertex 89 66.2502 3
    endloop
  endfacet
  facet normal -0.5 0.866026 0
    outer loop
      vertex 85 63.9408 3
      vertex 89 66.2502 0
      vertex 85 63.9408 0
    endloop
  endfacet
  facet normal 0.5 0.866026 -0
    outer loop
      vertex 85 63.9408 0
      vertex 81 66.2502 3
      vertex 85 63.9408 3
    endloop
  endfacet
  facet normal 0.5 0.866026 0
    outer loop
      vertex 81 66.2502 3
      vertex 85 63.9408 0
      vertex 81 66.2502 0
    endloop
  endfacet
  facet normal 1 -0 0
    outer loop
      vertex 144 66.2502 3
      vertex 144 70.869 0
      vertex 144 70.869 3
    endloop
  endfacet
  facet normal 1 0 0
    outer loop
      vertex 144 70.869 0
      vertex 144 66.2502 3
      vertex 144 66.2502 0
    endloop
  endfacet
  facet normal 0.5 -0.866026 0
    outer loop
      vertex 144 70.869 0
      vertex 148 73.1784 3
      vertex 144 70.869 3
    endloop
  endfacet
  facet normal 0.5 -0.866026 0
    outer loop
      vertex 148 73.1784 3
      vertex 144 70.869 0
      vertex 148 73.1784 0
    endloop
  endfacet
  facet normal -0.5 -0.866026 0
    outer loop
      vertex 148 73.1784 0
      vertex 152 70.869 3
      vertex 148 73.1784 3
    endloop
  endfacet
  facet normal -0.5 -0.866026 -0
    outer loop
      vertex 152 70.869 3
      vertex 148 73.1784 0
      vertex 152 70.869 0
    endloop
  endfacet
  facet normal -1 0 0
    outer loop
      vertex 152 66.2502 0
      vertex 152 70.869 3
      vertex 152 70.869 0
    endloop
  endfacet
  facet normal -1 -0 0
    outer loop
      vertex 152 70.869 3
      vertex 152 66.2502 0
      vertex 152 66.2502 3
    endloop
  endfacet
  facet normal -0.5 0.866026 0
    outer loop
      vertex 152 66.2502 0
      vertex 148 63.9408 3
      vertex 152 66.2502 3
    endloop
  endfacet
  facet normal -0.5 0.866026 0
    outer loop
      vertex 148 63.9408 3
      vertex 152 66.2502 0
      vertex 148 63.9408 0
    endloop
  endfacet
  facet normal 0.5 0.866026 -0
    outer loop
      vertex 148 63.9408 0
      vertex 144 66.2502 3
      vertex 148 63.9408 3
    endloop
  endfacet
  facet normal 0.5 0.866026 0
    outer loop
      vertex 144 66.2502 3
      vertex 148 63.9408 0
      vertex 144 66.2502 0
    endloop
  endfacet
  facet normal 1 -0 0
    outer loop
      vertex 133.5 66.2502 3
      vertex 133.5 70.869 0
      vertex 133.5 70.869 3
    endloop
  endfacet
  facet normal 1 0 0
    outer loop
      vertex 133.5 70.869 0
      vertex 133.5 66.2502 3
      vertex 133.5 66.2502 0
    endloop
  endfacet
  facet normal 0.5 -0.866026 0
    outer loop
      vertex 133.5 70.869 0
      vertex 137.5 73.1784 3
      vertex 133.5 70.869 3
    endloop
  endfacet
  facet normal 0.5 -0.866026 0
    outer loop
      vertex 137.5 73.1784 3
      vertex 133.5 70.869 0
      vertex 137.5 73.1784 0
    endloop
  endfacet
  facet normal -0.5 -0.866026 0
    outer loop
      vertex 137.5 73.1784 0
      vertex 141.5 70.869 3
      vertex 137.5 73.1784 3
    endloop
  endfacet
  facet normal -0.5 -0.866026 -0
    outer loop
      vertex 141.5 70.869 3
      vertex 137.5 73.1784 0
      vertex 141.5 70.869 0
    endloop
  endfacet
  facet normal -1 0 0
    outer loop
      vertex 141.5 66.2502 0
      vertex 141.5 70.869 3
      vertex 141.5 70.869 0
    endloop
  endfacet
  facet normal -1 -0 0
    outer loop
      vertex 141.5 70.869 3
      vertex 141.5 66.2502 0
      vertex 141.5 66.2502 3
    endloop
  endfacet
  facet normal -0.5 0.866026 0
    outer loop
      vertex 141.5 66.2502 0
      vertex 137.5 63.9408 3
      vertex 141.5 66.2502 3
    endloop
  endfacet
  facet normal -0.5 0.866026 0
    outer loop
      vertex 137.5 63.9408 3
      vertex 141.5 66.2502 0
      vertex 137.5 63.9408 0
    endloop
  endfacet
  facet normal 0.5 0.866026 -0
    outer loop
      vertex 137.5 63.9408 0
      vertex 133.5 66.2502 3
      vertex 137.5 63.9408 3
    endloop
  endfacet
  facet normal 0.5 0.866026 0
    outer loop
      vertex 133.5 66.2502 3
      vertex 137.5 63.9408 0
      vertex 133.5 66.2502 0
    endloop
  endfacet
  facet normal 1 -0 0
    outer loop
      vertex 123 66.2502 3
      vertex 123 70.869 0
      vertex 123 70.869 3
    endloop
  endfacet
  facet normal 1 0 0
    outer loop
      vertex 123 70.869 0
      vertex 123 66.2502 3
      vertex 123 66.2502 0
    endloop
  endfacet
  facet normal 0.5 -0.866026 0
    outer loop
      vertex 123 70.869 0
      vertex 127 73.1784 3
      vertex 123 70.869 3
    endloop
  endfacet
  facet normal 0.5 -0.866026 0
    outer loop
      vertex 127 73.1784 3
      vertex 123 70.869 0
      vertex 127 73.1784 0
    endloop
  endfacet
  facet normal -0.5 -0.866026 0
    outer loop
      vertex 127 73.1784 0
      vertex 131 70.869 3
      vertex 127 73.1784 3
    endloop
  endfacet
  facet normal -0.5 -0.866026 -0
    outer loop
      vertex 131 70.869 3
      vertex 127 73.1784 0
      vertex 131 70.869 0
    endloop
  endfacet
  facet normal -1 0 0
    outer loop
      vertex 131 66.2502 0
      vertex 131 70.869 3
      vertex 131 70.869 0
    endloop
  endfacet
  facet normal -1 -0 0
    outer loop
      vertex 131 70.869 3
      vertex 131 66.2502 0
      vertex 131 66.2502 3
    endloop
  endfacet
  facet normal -0.5 0.866026 0
    outer loop
      vertex 131 66.2502 0
      vertex 127 63.9408 3
      vertex 131 66.2502 3
    endloop
  endfacet
  facet normal -0.5 0.866026 0
    outer loop
      vertex 127 63.9408 3
      vertex 131 66.2502 0
      vertex 127 63.9408 0
    endloop
  endfacet
  facet normal 0.5 0.866026 -0
    outer loop
      vertex 127 63.9408 0
      vertex 123 66.2502 3
      vertex 127 63.9408 3
    endloop
  endfacet
  facet normal 0.5 0.866026 0
    outer loop
      vertex 123 66.2502 3
      vertex 127 63.9408 0
      vertex 123 66.2502 0
    endloop
  endfacet
  facet normal 1 -0 0
    outer loop
      vertex 112.5 66.2502 3
      vertex 112.5 70.869 0
      vertex 112.5 70.869 3
    endloop
  endfacet
  facet normal 1 0 0
    outer loop
      vertex 112.5 70.869 0
      vertex 112.5 66.2502 3
      vertex 112.5 66.2502 0
    endloop
  endfacet
  facet normal 0.5 -0.866026 0
    outer loop
      vertex 112.5 70.869 0
      vertex 116.5 73.1784 3
      vertex 112.5 70.869 3
    endloop
  endfacet
  facet normal 0.5 -0.866026 0
    outer loop
      vertex 116.5 73.1784 3
      vertex 112.5 70.869 0
      vertex 116.5 73.1784 0
    endloop
  endfacet
  facet normal -0.5 -0.866026 0
    outer loop
      vertex 116.5 73.1784 0
      vertex 120.5 70.869 3
      vertex 116.5 73.1784 3
    endloop
  endfacet
  facet normal -0.5 -0.866026 -0
    outer loop
      vertex 120.5 70.869 3
      vertex 116.5 73.1784 0
      vertex 120.5 70.869 0
    endloop
  endfacet
  facet normal -1 0 0
    outer loop
      vertex 120.5 66.2502 0
      vertex 120.5 70.869 3
      vertex 120.5 70.869 0
    endloop
  endfacet
  facet normal -1 -0 0
    outer loop
      vertex 120.5 70.869 3
      vertex 120.5 66.2502 0
      vertex 120.5 66.2502 3
    endloop
  endfacet
  facet normal -0.5 0.866026 0
    outer loop
      vertex 120.5 66.2502 0
      vertex 116.5 63.9408 3
      vertex 120.5 66.2502 3
    endloop
  endfacet
  facet normal -0.5 0.866026 0
    outer loop
      vertex 116.5 63.9408 3
      vertex 120.5 66.2502 0
      vertex 116.5 63.9408 0
    endloop
  endfacet
  facet normal 0.5 0.866026 -0
    outer loop
      vertex 116.5 63.9408 0
      vertex 112.5 66.2502 3
      vertex 116.5 63.9408 3
    endloop
  endfacet
  facet normal 0.5 0.866026 0
    outer loop
      vertex 112.5 66.2502 3
      vertex 116.5 63.9408 0
      vertex 112.5 66.2502 0
    endloop
  endfacet
  facet normal 1 -0 0
    outer loop
      vertex 102 66.2502 3
      vertex 102 70.869 0
      vertex 102 70.869 3
    endloop
  endfacet
  facet normal 1 0 0
    outer loop
      vertex 102 70.869 0
      vertex 102 66.2502 3
      vertex 102 66.2502 0
    endloop
  endfacet
  facet normal 0.5 -0.866026 0
    outer loop
      vertex 102 70.869 0
      vertex 106 73.1784 3
      vertex 102 70.869 3
    endloop
  endfacet
  facet normal 0.5 -0.866026 0
    outer loop
      vertex 106 73.1784 3
      vertex 102 70.869 0
      vertex 106 73.1784 0
    endloop
  endfacet
  facet normal -0.5 -0.866026 0
    outer loop
      vertex 106 73.1784 0
      vertex 110 70.869 3
      vertex 106 73.1784 3
    endloop
  endfacet
  facet normal -0.5 -0.866026 -0
    outer loop
      vertex 110 70.869 3
      vertex 106 73.1784 0
      vertex 110 70.869 0
    endloop
  endfacet
  facet normal -1 0 0
    outer loop
      vertex 110 66.2502 0
      vertex 110 70.869 3
      vertex 110 70.869 0
    endloop
  endfacet
  facet normal -1 -0 0
    outer loop
      vertex 110 70.869 3
      vertex 110 66.2502 0
      vertex 110 66.2502 3
    endloop
  endfacet
  facet normal -0.5 0.866026 0
    outer loop
      vertex 110 66.2502 0
      vertex 106 63.9408 3
      vertex 110 66.2502 3
    endloop
  endfacet
  facet normal -0.5 0.866026 0
    outer loop
      vertex 106 63.9408 3
      vertex 110 66.2502 0
      vertex 106 63.9408 0
    endloop
  endfacet
  facet normal 0.5 0.866026 -0
    outer loop
      vertex 106 63.9408 0
      vertex 102 66.2502 3
      vertex 106 63.9408 3
    endloop
  endfacet
  facet normal 0.5 0.866026 0
    outer loop
      vertex 102 66.2502 3
      vertex 106 63.9408 0
      vertex 102 66.2502 0
    endloop
  endfacet
  facet normal 1 -0 0
    outer loop
      vertex 70.5 66.2502 3
      vertex 70.5 70.869 0
      vertex 70.5 70.869 3
    endloop
  endfacet
  facet normal 1 0 0
    outer loop
      vertex 70.5 70.869 0
      vertex 70.5 66.2502 3
      vertex 70.5 66.2502 0
    endloop
  endfacet
  facet normal 0.5 -0.866026 0
    outer loop
      vertex 70.5 70.869 0
      vertex 74.5 73.1784 3
      vertex 70.5 70.869 3
    endloop
  endfacet
  facet normal 0.5 -0.866026 0
    outer loop
      vertex 74.5 73.1784 3
      vertex 70.5 70.869 0
      vertex 74.5 73.1784 0
    endloop
  endfacet
  facet normal -0.5 -0.866026 0
    outer loop
      vertex 74.5 73.1784 0
      vertex 78.5 70.869 3
      vertex 74.5 73.1784 3
    endloop
  endfacet
  facet normal -0.5 -0.866026 -0
    outer loop
      vertex 78.5 70.869 3
      vertex 74.5 73.1784 0
      vertex 78.5 70.869 0
    endloop
  endfacet
  facet normal -1 0 0
    outer loop
      vertex 78.5 66.2502 0
      vertex 78.5 70.869 3
      vertex 78.5 70.869 0
    endloop
  endfacet
  facet normal -1 -0 0
    outer loop
      vertex 78.5 70.869 3
      vertex 78.5 66.2502 0
      vertex 78.5 66.2502 3
    endloop
  endfacet
  facet normal -0.5 0.866026 0
    outer loop
      vertex 78.5 66.2502 0
      vertex 74.5 63.9408 3
      vertex 78.5 66.2502 3
    endloop
  endfacet
  facet normal -0.5 0.866026 0
    outer loop
      vertex 74.5 63.9408 3
      vertex 78.5 66.2502 0
      vertex 74.5 63.9408 0
    endloop
  endfacet
  facet normal 0.5 0.866026 -0
    outer loop
      vertex 74.5 63.9408 0
      vertex 70.5 66.2502 3
      vertex 74.5 63.9408 3
    endloop
  endfacet
  facet normal 0.5 0.866026 0
    outer loop
      vertex 70.5 66.2502 3
      vertex 74.5 63.9408 0
      vertex 70.5 66.2502 0
    endloop
  endfacet
  facet normal 1 -0 0
    outer loop
      vertex 60 66.2502 3
      vertex 60 70.869 0
      vertex 60 70.869 3
    endloop
  endfacet
  facet normal 1 0 0
    outer loop
      vertex 60 70.869 0
      vertex 60 66.2502 3
      vertex 60 66.2502 0
    endloop
  endfacet
  facet normal 0.5 -0.866026 0
    outer loop
      vertex 60 70.869 0
      vertex 64 73.1784 3
      vertex 60 70.869 3
    endloop
  endfacet
  facet normal 0.5 -0.866026 0
    outer loop
      vertex 64 73.1784 3
      vertex 60 70.869 0
      vertex 64 73.1784 0
    endloop
  endfacet
  facet normal -0.5 -0.866026 0
    outer loop
      vertex 64 73.1784 0
      vertex 68 70.869 3
      vertex 64 73.1784 3
    endloop
  endfacet
  facet normal -0.5 -0.866026 -0
    outer loop
      vertex 68 70.869 3
      vertex 64 73.1784 0
      vertex 68 70.869 0
    endloop
  endfacet
  facet normal -1 0 0
    outer loop
      vertex 68 66.2502 0
      vertex 68 70.869 3
      vertex 68 70.869 0
    endloop
  endfacet
  facet normal -1 -0 0
    outer loop
      vertex 68 70.869 3
      vertex 68 66.2502 0
      vertex 68 66.2502 3
    endloop
  endfacet
  facet normal -0.5 0.866026 0
    outer loop
      vertex 68 66.2502 0
      vertex 64 63.9408 3
      vertex 68 66.2502 3
    endloop
  endfacet
  facet normal -0.5 0.866026 0
    outer loop
      vertex 64 63.9408 3
      vertex 68 66.2502 0
      vertex 64 63.9408 0
    endloop
  endfacet
  facet normal 0.5 0.866026 -0
    outer loop
      vertex 64 63.9408 0
      vertex 60 66.2502 3
      vertex 64 63.9408 3
    endloop
  endfacet
  facet normal 0.5 0.866026 0
    outer loop
      vertex 60 66.2502 3
      vertex 64 63.9408 0
      vertex 60 66.2502 0
    endloop
  endfacet
  facet normal 1 -0 0
    outer loop
      vertex 49.5 66.2502 3
      vertex 49.5 70.869 0
      vertex 49.5 70.869 3
    endloop
  endfacet
  facet normal 1 0 0
    outer loop
      vertex 49.5 70.869 0
      vertex 49.5 66.2502 3
      vertex 49.5 66.2502 0
    endloop
  endfacet
  facet normal 0.5 -0.866026 0
    outer loop
      vertex 49.5 70.869 0
      vertex 53.5 73.1784 3
      vertex 49.5 70.869 3
    endloop
  endfacet
  facet normal 0.5 -0.866026 0
    outer loop
      vertex 53.5 73.1784 3
      vertex 49.5 70.869 0
      vertex 53.5 73.1784 0
    endloop
  endfacet
  facet normal -0.5 -0.866026 0
    outer loop
      vertex 53.5 73.1784 0
      vertex 57.5 70.869 3
      vertex 53.5 73.1784 3
    endloop
  endfacet
  facet normal -0.5 -0.866026 -0
    outer loop
      vertex 57.5 70.869 3
      vertex 53.5 73.1784 0
      vertex 57.5 70.869 0
    endloop
  endfacet
  facet normal -1 0 0
    outer loop
      vertex 57.5 66.2502 0
      vertex 57.5 70.869 3
      vertex 57.5 70.869 0
    endloop
  endfacet
  facet normal -1 -0 0
    outer loop
      vertex 57.5 70.869 3
      vertex 57.5 66.2502 0
      vertex 57.5 66.2502 3
    endloop
  endfacet
  facet normal -0.5 0.866026 0
    outer loop
      vertex 57.5 66.2502 0
      vertex 53.5 63.9408 3
      vertex 57.5 66.2502 3
    endloop
  endfacet
  facet normal -0.5 0.866026 0
    outer loop
      vertex 53.5 63.9408 3
      vertex 57.5 66.2502 0
      vertex 53.5 63.9408 0
    endloop
  endfacet
  facet normal 0.5 0.866026 -0
    outer loop
      vertex 53.5 63.9408 0
      vertex 49.5 66.2502 3
      vertex 53.5 63.9408 3
    endloop
  endfacet
  facet normal 0.5 0.866026 0
    outer loop
      vertex 49.5 66.2502 3
      vertex 53.5 63.9408 0
      vertex 49.5 66.2502 0
    endloop
  endfacet
  facet normal 1 -0 0
    outer loop
      vertex 39 66.2502 3
      vertex 39 70.869 0
      vertex 39 70.869 3
    endloop
  endfacet
  facet normal 1 0 0
    outer loop
      vertex 39 70.869 0
      vertex 39 66.2502 3
      vertex 39 66.2502 0
    endloop
  endfacet
  facet normal 0.5 -0.866026 0
    outer loop
      vertex 39 70.869 0
      vertex 43 73.1784 3
      vertex 39 70.869 3
    endloop
  endfacet
  facet normal 0.5 -0.866026 0
    outer loop
      vertex 43 73.1784 3
      vertex 39 70.869 0
      vertex 43 73.1784 0
    endloop
  endfacet
  facet normal -0.5 -0.866026 0
    outer loop
      vertex 43 73.1784 0
      vertex 47 70.869 3
      vertex 43 73.1784 3
    endloop
  endfacet
  facet normal -0.5 -0.866026 -0
    outer loop
      vertex 47 70.869 3
      vertex 43 73.1784 0
      vertex 47 70.869 0
    endloop
  endfacet
  facet normal -1 0 0
    outer loop
      vertex 47 66.2502 0
      vertex 47 70.869 3
      vertex 47 70.869 0
    endloop
  endfacet
  facet normal -1 -0 0
    outer loop
      vertex 47 70.869 3
      vertex 47 66.2502 0
      vertex 47 66.2502 3
    endloop
  endfacet
  facet normal -0.5 0.866026 0
    outer loop
      vertex 47 66.2502 0
      vertex 43 63.9408 3
      vertex 47 66.2502 3
    endloop
  endfacet
  facet normal -0.5 0.866026 0
    outer loop
      vertex 43 63.9408 3
      vertex 47 66.2502 0
      vertex 43 63.9408 0
    endloop
  endfacet
  facet normal 0.5 0.866026 -0
    outer loop
      vertex 43 63.9408 0
      vertex 39 66.2502 3
      vertex 43 63.9408 3
    endloop
  endfacet
  facet normal 0.5 0.866026 0
    outer loop
      vertex 39 66.2502 3
      vertex 43 63.9408 0
      vertex 39 66.2502 0
    endloop
  endfacet
  facet normal 1 -0 0
    outer loop
      vertex 28.5 66.2502 3
      vertex 28.5 70.869 0
      vertex 28.5 70.869 3
    endloop
  endfacet
  facet normal 1 0 0
    outer loop
      vertex 28.5 70.869 0
      vertex 28.5 66.2502 3
      vertex 28.5 66.2502 0
    endloop
  endfacet
  facet normal 0.5 -0.866026 0
    outer loop
      vertex 28.5 70.869 0
      vertex 32.5 73.1784 3
      vertex 28.5 70.869 3
    endloop
  endfacet
  facet normal 0.5 -0.866026 0
    outer loop
      vertex 32.5 73.1784 3
      vertex 28.5 70.869 0
      vertex 32.5 73.1784 0
    endloop
  endfacet
  facet normal -0.5 -0.866026 0
    outer loop
      vertex 32.5 73.1784 0
      vertex 36.5 70.869 3
      vertex 32.5 73.1784 3
    endloop
  endfacet
  facet normal -0.5 -0.866026 -0
    outer loop
      vertex 36.5 70.869 3
      vertex 32.5 73.1784 0
      vertex 36.5 70.869 0
    endloop
  endfacet
  facet normal -1 0 0
    outer loop
      vertex 36.5 66.2502 0
      vertex 36.5 70.869 3
      vertex 36.5 70.869 0
    endloop
  endfacet
  facet normal -1 -0 0
    outer loop
      vertex 36.5 70.869 3
      vertex 36.5 66.2502 0
      vertex 36.5 66.2502 3
    endloop
  endfacet
  facet normal -0.5 0.866026 0
    outer loop
      vertex 36.5 66.2502 0
      vertex 32.5 63.9408 3
      vertex 36.5 66.2502 3
    endloop
  endfacet
  facet normal -0.5 0.866026 0
    outer loop
      vertex 32.5 63.9408 3
      vertex 36.5 66.2502 0
      vertex 32.5 63.9408 0
    endloop
  endfacet
  facet normal 0.5 0.866026 -0
    outer loop
      vertex 32.5 63.9408 0
      vertex 28.5 66.2502 3
      vertex 32.5 63.9408 3
    endloop
  endfacet
  facet normal 0.5 0.866026 0
    outer loop
      vertex 28.5 66.2502 3
      vertex 32.5 63.9408 0
      vertex 28.5 66.2502 0
    endloop
  endfacet
  facet normal 1 -0 0
    outer loop
      vertex 91.5 66.2502 3
      vertex 91.5 70.869 0
      vertex 91.5 70.869 3
    endloop
  endfacet
  facet normal 1 0 0
    outer loop
      vertex 91.5 70.869 0
      vertex 91.5 66.2502 3
      vertex 91.5 66.2502 0
    endloop
  endfacet
  facet normal 0.5 -0.866026 0
    outer loop
      vertex 91.5 70.869 0
      vertex 95.5 73.1784 3
      vertex 91.5 70.869 3
    endloop
  endfacet
  facet normal 0.5 -0.866026 0
    outer loop
      vertex 95.5 73.1784 3
      vertex 91.5 70.869 0
      vertex 95.5 73.1784 0
    endloop
  endfacet
  facet normal -0.5 -0.866026 0
    outer loop
      vertex 95.5 73.1784 0
      vertex 99.5 70.869 3
      vertex 95.5 73.1784 3
    endloop
  endfacet
  facet normal -0.5 -0.866026 -0
    outer loop
      vertex 99.5 70.869 3
      vertex 95.5 73.1784 0
      vertex 99.5 70.869 0
    endloop
  endfacet
  facet normal -1 0 0
    outer loop
      vertex 99.5 66.2502 0
      vertex 99.5 70.869 3
      vertex 99.5 70.869 0
    endloop
  endfacet
  facet normal -1 -0 0
    outer loop
      vertex 99.5 70.869 3
      vertex 99.5 66.2502 0
      vertex 99.5 66.2502 3
    endloop
  endfacet
  facet normal -0.5 0.866026 0
    outer loop
      vertex 99.5 66.2502 0
      vertex 95.5 63.9408 3
      vertex 99.5 66.2502 3
    endloop
  endfacet
  facet normal -0.5 0.866026 0
    outer loop
      vertex 95.5 63.9408 3
      vertex 99.5 66.2502 0
      vertex 95.5 63.9408 0
    endloop
  endfacet
  facet normal 0.5 0.866026 -0
    outer loop
      vertex 95.5 63.9408 0
      vertex 91.5 66.2502 3
      vertex 95.5 63.9408 3
    endloop
  endfacet
  facet normal 0.5 0.866026 0
    outer loop
      vertex 91.5 66.2502 3
      vertex 95.5 63.9408 0
      vertex 91.5 66.2502 0
    endloop
  endfacet
  facet normal 1 -0 0
    outer loop
      vertex 128.25 57.1569 3
      vertex 128.25 61.7757 0
      vertex 128.25 61.7757 3
    endloop
  endfacet
  facet normal 1 0 0
    outer loop
      vertex 128.25 61.7757 0
      vertex 128.25 57.1569 3
      vertex 128.25 57.1569 0
    endloop
  endfacet
  facet normal 0.5 -0.866026 0
    outer loop
      vertex 128.25 61.7757 0
      vertex 132.25 64.0851 3
      vertex 128.25 61.7757 3
    endloop
  endfacet
  facet normal 0.5 -0.866026 0
    outer loop
      vertex 132.25 64.0851 3
      vertex 128.25 61.7757 0
      vertex 132.25 64.0851 0
    endloop
  endfacet
  facet normal -0.5 -0.866026 0
    outer loop
      vertex 132.25 64.0851 0
      vertex 136.25 61.7757 3
      vertex 132.25 64.0851 3
    endloop
  endfacet
  facet normal -0.5 -0.866026 -0
    outer loop
      vertex 136.25 61.7757 3
      vertex 132.25 64.0851 0
      vertex 136.25 61.7757 0
    endloop
  endfacet
  facet normal -1 0 0
    outer loop
      vertex 136.25 57.1569 0
      vertex 136.25 61.7757 3
      vertex 136.25 61.7757 0
    endloop
  endfacet
  facet normal -1 -0 0
    outer loop
      vertex 136.25 61.7757 3
      vertex 136.25 57.1569 0
      vertex 136.25 57.1569 3
    endloop
  endfacet
  facet normal -0.5 0.866026 0
    outer loop
      vertex 136.25 57.1569 0
      vertex 132.25 54.8475 3
      vertex 136.25 57.1569 3
    endloop
  endfacet
  facet normal -0.5 0.866026 0
    outer loop
      vertex 132.25 54.8475 3
      vertex 136.25 57.1569 0
      vertex 132.25 54.8475 0
    endloop
  endfacet
  facet normal 0.5 0.866026 -0
    outer loop
      vertex 132.25 54.8475 0
      vertex 128.25 57.1569 3
      vertex 132.25 54.8475 3
    endloop
  endfacet
  facet normal 0.5 0.866026 0
    outer loop
      vertex 128.25 57.1569 3
      vertex 132.25 54.8475 0
      vertex 128.25 57.1569 0
    endloop
  endfacet
  facet normal 1 -0 0
    outer loop
      vertex 96.75 57.1569 3
      vertex 96.75 61.7757 0
      vertex 96.75 61.7757 3
    endloop
  endfacet
  facet normal 1 0 0
    outer loop
      vertex 96.75 61.7757 0
      vertex 96.75 57.1569 3
      vertex 96.75 57.1569 0
    endloop
  endfacet
  facet normal 0.5 -0.866026 0
    outer loop
      vertex 96.75 61.7757 0
      vertex 100.75 64.0851 3
      vertex 96.75 61.7757 3
    endloop
  endfacet
  facet normal 0.5 -0.866026 0
    outer loop
      vertex 100.75 64.0851 3
      vertex 96.75 61.7757 0
      vertex 100.75 64.0851 0
    endloop
  endfacet
  facet normal -0.5 -0.866026 0
    outer loop
      vertex 100.75 64.0851 0
      vertex 104.75 61.7757 3
      vertex 100.75 64.0851 3
    endloop
  endfacet
  facet normal -0.5 -0.866026 -0
    outer loop
      vertex 104.75 61.7757 3
      vertex 100.75 64.0851 0
      vertex 104.75 61.7757 0
    endloop
  endfacet
  facet normal -1 0 0
    outer loop
      vertex 104.75 57.1569 0
      vertex 104.75 61.7757 3
      vertex 104.75 61.7757 0
    endloop
  endfacet
  facet normal -1 -0 0
    outer loop
      vertex 104.75 61.7757 3
      vertex 104.75 57.1569 0
      vertex 104.75 57.1569 3
    endloop
  endfacet
  facet normal -0.5 0.866026 0
    outer loop
      vertex 104.75 57.1569 0
      vertex 100.75 54.8475 3
      vertex 104.75 57.1569 3
    endloop
  endfacet
  facet normal -0.5 0.866026 0
    outer loop
      vertex 100.75 54.8475 3
      vertex 104.75 57.1569 0
      vertex 100.75 54.8475 0
    endloop
  endfacet
  facet normal 0.5 0.866026 -0
    outer loop
      vertex 100.75 54.8475 0
      vertex 96.75 57.1569 3
      vertex 100.75 54.8475 3
    endloop
  endfacet
  facet normal 0.5 0.866026 0
    outer loop
      vertex 96.75 57.1569 3
      vertex 100.75 54.8475 0
      vertex 96.75 57.1569 0
    endloop
  endfacet
  facet normal 1 -0 0
    outer loop
      vertex 149.25 57.1569 3
      vertex 149.25 61.7757 0
      vertex 149.25 61.7757 3
    endloop
  endfacet
  facet normal 1 0 0
    outer loop
      vertex 149.25 61.7757 0
      vertex 149.25 57.1569 3
      vertex 149.25 57.1569 0
    endloop
  endfacet
  facet normal 0.5 -0.866026 0
    outer loop
      vertex 149.25 61.7757 0
      vertex 153.25 64.0851 3
      vertex 149.25 61.7757 3
    endloop
  endfacet
  facet normal 0.5 -0.866026 0
    outer loop
      vertex 153.25 64.0851 3
      vertex 149.25 61.7757 0
      vertex 153.25 64.0851 0
    endloop
  endfacet
  facet normal -0.5 -0.866026 0
    outer loop
      vertex 153.25 64.0851 0
      vertex 157.25 61.7757 3
      vertex 153.25 64.0851 3
    endloop
  endfacet
  facet normal -0.5 -0.866026 -0
    outer loop
      vertex 157.25 61.7757 3
      vertex 153.25 64.0851 0
      vertex 157.25 61.7757 0
    endloop
  endfacet
  facet normal -1 0 0
    outer loop
      vertex 157.25 57.1569 0
      vertex 157.25 61.7757 3
      vertex 157.25 61.7757 0
    endloop
  endfacet
  facet normal -1 -0 0
    outer loop
      vertex 157.25 61.7757 3
      vertex 157.25 57.1569 0
      vertex 157.25 57.1569 3
    endloop
  endfacet
  facet normal -0.5 0.866026 0
    outer loop
      vertex 157.25 57.1569 0
      vertex 153.25 54.8475 3
      vertex 157.25 57.1569 3
    endloop
  endfacet
  facet normal -0.5 0.866026 0
    outer loop
      vertex 153.25 54.8475 3
      vertex 157.25 57.1569 0
      vertex 153.25 54.8475 0
    endloop
  endfacet
  facet normal 0.5 0.866026 -0
    outer loop
      vertex 153.25 54.8475 0
      vertex 149.25 57.1569 3
      vertex 153.25 54.8475 3
    endloop
  endfacet
  facet normal 0.5 0.866026 0
    outer loop
      vertex 149.25 57.1569 3
      vertex 153.25 54.8475 0
      vertex 149.25 57.1569 0
    endloop
  endfacet
  facet normal 1 -0 0
    outer loop
      vertex 138.75 57.1569 3
      vertex 138.75 61.7757 0
      vertex 138.75 61.7757 3
    endloop
  endfacet
  facet normal 1 0 0
    outer loop
      vertex 138.75 61.7757 0
      vertex 138.75 57.1569 3
      vertex 138.75 57.1569 0
    endloop
  endfacet
  facet normal 0.5 -0.866026 0
    outer loop
      vertex 138.75 61.7757 0
      vertex 142.75 64.0851 3
      vertex 138.75 61.7757 3
    endloop
  endfacet
  facet normal 0.5 -0.866026 0
    outer loop
      vertex 142.75 64.0851 3
      vertex 138.75 61.7757 0
      vertex 142.75 64.0851 0
    endloop
  endfacet
  facet normal -0.5 -0.866026 0
    outer loop
      vertex 142.75 64.0851 0
      vertex 146.75 61.7757 3
      vertex 142.75 64.0851 3
    endloop
  endfacet
  facet normal -0.5 -0.866026 -0
    outer loop
      vertex 146.75 61.7757 3
      vertex 142.75 64.0851 0
      vertex 146.75 61.7757 0
    endloop
  endfacet
  facet normal -1 0 0
    outer loop
      vertex 146.75 57.1569 0
      vertex 146.75 61.7757 3
      vertex 146.75 61.7757 0
    endloop
  endfacet
  facet normal -1 -0 0
    outer loop
      vertex 146.75 61.7757 3
      vertex 146.75 57.1569 0
      vertex 146.75 57.1569 3
    endloop
  endfacet
  facet normal -0.5 0.866026 0
    outer loop
      vertex 146.75 57.1569 0
      vertex 142.75 54.8475 3
      vertex 146.75 57.1569 3
    endloop
  endfacet
  facet normal -0.5 0.866026 0
    outer loop
      vertex 142.75 54.8475 3
      vertex 146.75 57.1569 0
      vertex 142.75 54.8475 0
    endloop
  endfacet
  facet normal 0.5 0.866026 -0
    outer loop
      vertex 142.75 54.8475 0
      vertex 138.75 57.1569 3
      vertex 142.75 54.8475 3
    endloop
  endfacet
  facet normal 0.5 0.866026 0
    outer loop
      vertex 138.75 57.1569 3
      vertex 142.75 54.8475 0
      vertex 138.75 57.1569 0
    endloop
  endfacet
  facet normal 1 -0 0
    outer loop
      vertex 117.75 57.1569 3
      vertex 117.75 61.7757 0
      vertex 117.75 61.7757 3
    endloop
  endfacet
  facet normal 1 0 0
    outer loop
      vertex 117.75 61.7757 0
      vertex 117.75 57.1569 3
      vertex 117.75 57.1569 0
    endloop
  endfacet
  facet normal 0.5 -0.866026 0
    outer loop
      vertex 117.75 61.7757 0
      vertex 121.75 64.0851 3
      vertex 117.75 61.7757 3
    endloop
  endfacet
  facet normal 0.5 -0.866026 0
    outer loop
      vertex 121.75 64.0851 3
      vertex 117.75 61.7757 0
      vertex 121.75 64.0851 0
    endloop
  endfacet
  facet normal -0.5 -0.866026 0
    outer loop
      vertex 121.75 64.0851 0
      vertex 125.75 61.7757 3
      vertex 121.75 64.0851 3
    endloop
  endfacet
  facet normal -0.5 -0.866026 -0
    outer loop
      vertex 125.75 61.7757 3
      vertex 121.75 64.0851 0
      vertex 125.75 61.7757 0
    endloop
  endfacet
  facet normal -1 0 0
    outer loop
      vertex 125.75 57.1569 0
      vertex 125.75 61.7757 3
      vertex 125.75 61.7757 0
    endloop
  endfacet
  facet normal -1 -0 0
    outer loop
      vertex 125.75 61.7757 3
      vertex 125.75 57.1569 0
      vertex 125.75 57.1569 3
    endloop
  endfacet
  facet normal -0.5 0.866026 0
    outer loop
      vertex 125.75 57.1569 0
      vertex 121.75 54.8475 3
      vertex 125.75 57.1569 3
    endloop
  endfacet
  facet normal -0.5 0.866026 0
    outer loop
      vertex 121.75 54.8475 3
      vertex 125.75 57.1569 0
      vertex 121.75 54.8475 0
    endloop
  endfacet
  facet normal 0.5 0.866026 -0
    outer loop
      vertex 121.75 54.8475 0
      vertex 117.75 57.1569 3
      vertex 121.75 54.8475 3
    endloop
  endfacet
  facet normal 0.5 0.866026 0
    outer loop
      vertex 117.75 57.1569 3
      vertex 121.75 54.8475 0
      vertex 117.75 57.1569 0
    endloop
  endfacet
  facet normal 1 -0 0
    outer loop
      vertex 107.25 57.1569 3
      vertex 107.25 61.7757 0
      vertex 107.25 61.7757 3
    endloop
  endfacet
  facet normal 1 0 0
    outer loop
      vertex 107.25 61.7757 0
      vertex 107.25 57.1569 3
      vertex 107.25 57.1569 0
    endloop
  endfacet
  facet normal 0.5 -0.866026 0
    outer loop
      vertex 107.25 61.7757 0
      vertex 111.25 64.0851 3
      vertex 107.25 61.7757 3
    endloop
  endfacet
  facet normal 0.5 -0.866026 0
    outer loop
      vertex 111.25 64.0851 3
      vertex 107.25 61.7757 0
      vertex 111.25 64.0851 0
    endloop
  endfacet
  facet normal -0.5 -0.866026 0
    outer loop
      vertex 111.25 64.0851 0
      vertex 115.25 61.7757 3
      vertex 111.25 64.0851 3
    endloop
  endfacet
  facet normal -0.5 -0.866026 -0
    outer loop
      vertex 115.25 61.7757 3
      vertex 111.25 64.0851 0
      vertex 115.25 61.7757 0
    endloop
  endfacet
  facet normal -1 0 0
    outer loop
      vertex 115.25 57.1569 0
      vertex 115.25 61.7757 3
      vertex 115.25 61.7757 0
    endloop
  endfacet
  facet normal -1 -0 0
    outer loop
      vertex 115.25 61.7757 3
      vertex 115.25 57.1569 0
      vertex 115.25 57.1569 3
    endloop
  endfacet
  facet normal -0.5 0.866026 0
    outer loop
      vertex 115.25 57.1569 0
      vertex 111.25 54.8475 3
      vertex 115.25 57.1569 3
    endloop
  endfacet
  facet normal -0.5 0.866026 0
    outer loop
      vertex 111.25 54.8475 3
      vertex 115.25 57.1569 0
      vertex 111.25 54.8475 0
    endloop
  endfacet
  facet normal 0.5 0.866026 -0
    outer loop
      vertex 111.25 54.8475 0
      vertex 107.25 57.1569 3
      vertex 111.25 54.8475 3
    endloop
  endfacet
  facet normal 0.5 0.866026 0
    outer loop
      vertex 107.25 57.1569 3
      vertex 111.25 54.8475 0
      vertex 107.25 57.1569 0
    endloop
  endfacet
  facet normal 1 -0 0
    outer loop
      vertex 75.75 57.1569 3
      vertex 75.75 61.7757 0
      vertex 75.75 61.7757 3
    endloop
  endfacet
  facet normal 1 0 0
    outer loop
      vertex 75.75 61.7757 0
      vertex 75.75 57.1569 3
      vertex 75.75 57.1569 0
    endloop
  endfacet
  facet normal 0.5 -0.866026 0
    outer loop
      vertex 75.75 61.7757 0
      vertex 79.75 64.0851 3
      vertex 75.75 61.7757 3
    endloop
  endfacet
  facet normal 0.5 -0.866026 0
    outer loop
      vertex 79.75 64.0851 3
      vertex 75.75 61.7757 0
      vertex 79.75 64.0851 0
    endloop
  endfacet
  facet normal -0.5 -0.866026 0
    outer loop
      vertex 79.75 64.0851 0
      vertex 83.75 61.7757 3
      vertex 79.75 64.0851 3
    endloop
  endfacet
  facet normal -0.5 -0.866026 -0
    outer loop
      vertex 83.75 61.7757 3
      vertex 79.75 64.0851 0
      vertex 83.75 61.7757 0
    endloop
  endfacet
  facet normal -1 0 0
    outer loop
      vertex 83.75 57.1569 0
      vertex 83.75 61.7757 3
      vertex 83.75 61.7757 0
    endloop
  endfacet
  facet normal -1 -0 0
    outer loop
      vertex 83.75 61.7757 3
      vertex 83.75 57.1569 0
      vertex 83.75 57.1569 3
    endloop
  endfacet
  facet normal -0.5 0.866026 0
    outer loop
      vertex 83.75 57.1569 0
      vertex 79.75 54.8475 3
      vertex 83.75 57.1569 3
    endloop
  endfacet
  facet normal -0.5 0.866026 0
    outer loop
      vertex 79.75 54.8475 3
      vertex 83.75 57.1569 0
      vertex 79.75 54.8475 0
    endloop
  endfacet
  facet normal 0.5 0.866026 -0
    outer loop
      vertex 79.75 54.8475 0
      vertex 75.75 57.1569 3
      vertex 79.75 54.8475 3
    endloop
  endfacet
  facet normal 0.5 0.866026 0
    outer loop
      vertex 75.75 57.1569 3
      vertex 79.75 54.8475 0
      vertex 75.75 57.1569 0
    endloop
  endfacet
  facet normal 1 -0 0
    outer loop
      vertex 65.25 57.1569 3
      vertex 65.25 61.7757 0
      vertex 65.25 61.7757 3
    endloop
  endfacet
  facet normal 1 0 0
    outer loop
      vertex 65.25 61.7757 0
      vertex 65.25 57.1569 3
      vertex 65.25 57.1569 0
    endloop
  endfacet
  facet normal 0.5 -0.866026 0
    outer loop
      vertex 65.25 61.7757 0
      vertex 69.25 64.0851 3
      vertex 65.25 61.7757 3
    endloop
  endfacet
  facet normal 0.5 -0.866026 0
    outer loop
      vertex 69.25 64.0851 3
      vertex 65.25 61.7757 0
      vertex 69.25 64.0851 0
    endloop
  endfacet
  facet normal -0.5 -0.866026 0
    outer loop
      vertex 69.25 64.0851 0
      vertex 73.25 61.7757 3
      vertex 69.25 64.0851 3
    endloop
  endfacet
  facet normal -0.5 -0.866026 -0
    outer loop
      vertex 73.25 61.7757 3
      vertex 69.25 64.0851 0
      vertex 73.25 61.7757 0
    endloop
  endfacet
  facet normal -1 0 0
    outer loop
      vertex 73.25 57.1569 0
      vertex 73.25 61.7757 3
      vertex 73.25 61.7757 0
    endloop
  endfacet
  facet normal -1 -0 0
    outer loop
      vertex 73.25 61.7757 3
      vertex 73.25 57.1569 0
      vertex 73.25 57.1569 3
    endloop
  endfacet
  facet normal -0.5 0.866026 0
    outer loop
      vertex 73.25 57.1569 0
      vertex 69.25 54.8475 3
      vertex 73.25 57.1569 3
    endloop
  endfacet
  facet normal -0.5 0.866026 0
    outer loop
      vertex 69.25 54.8475 3
      vertex 73.25 57.1569 0
      vertex 69.25 54.8475 0
    endloop
  endfacet
  facet normal 0.5 0.866026 -0
    outer loop
      vertex 69.25 54.8475 0
      vertex 65.25 57.1569 3
      vertex 69.25 54.8475 3
    endloop
  endfacet
  facet normal 0.5 0.866026 0
    outer loop
      vertex 65.25 57.1569 3
      vertex 69.25 54.8475 0
      vertex 65.25 57.1569 0
    endloop
  endfacet
  facet normal 1 -0 0
    outer loop
      vertex 54.75 57.1569 3
      vertex 54.75 61.7757 0
      vertex 54.75 61.7757 3
    endloop
  endfacet
  facet normal 1 0 0
    outer loop
      vertex 54.75 61.7757 0
      vertex 54.75 57.1569 3
      vertex 54.75 57.1569 0
    endloop
  endfacet
  facet normal 0.5 -0.866026 0
    outer loop
      vertex 54.75 61.7757 0
      vertex 58.75 64.0851 3
      vertex 54.75 61.7757 3
    endloop
  endfacet
  facet normal 0.5 -0.866026 0
    outer loop
      vertex 58.75 64.0851 3
      vertex 54.75 61.7757 0
      vertex 58.75 64.0851 0
    endloop
  endfacet
  facet normal -0.5 -0.866026 0
    outer loop
      vertex 58.75 64.0851 0
      vertex 62.75 61.7757 3
      vertex 58.75 64.0851 3
    endloop
  endfacet
  facet normal -0.5 -0.866026 -0
    outer loop
      vertex 62.75 61.7757 3
      vertex 58.75 64.0851 0
      vertex 62.75 61.7757 0
    endloop
  endfacet
  facet normal -1 0 0
    outer loop
      vertex 62.75 57.1569 0
      vertex 62.75 61.7757 3
      vertex 62.75 61.7757 0
    endloop
  endfacet
  facet normal -1 -0 0
    outer loop
      vertex 62.75 61.7757 3
      vertex 62.75 57.1569 0
      vertex 62.75 57.1569 3
    endloop
  endfacet
  facet normal -0.5 0.866026 0
    outer loop
      vertex 62.75 57.1569 0
      vertex 58.75 54.8475 3
      vertex 62.75 57.1569 3
    endloop
  endfacet
  facet normal -0.5 0.866026 0
    outer loop
      vertex 58.75 54.8475 3
      vertex 62.75 57.1569 0
      vertex 58.75 54.8475 0
    endloop
  endfacet
  facet normal 0.5 0.866026 -0
    outer loop
      vertex 58.75 54.8475 0
      vertex 54.75 57.1569 3
      vertex 58.75 54.8475 3
    endloop
  endfacet
  facet normal 0.5 0.866026 0
    outer loop
      vertex 54.75 57.1569 3
      vertex 58.75 54.8475 0
      vertex 54.75 57.1569 0
    endloop
  endfacet
  facet normal 1 -0 0
    outer loop
      vertex 44.25 57.1569 3
      vertex 44.25 61.7757 0
      vertex 44.25 61.7757 3
    endloop
  endfacet
  facet normal 1 0 0
    outer loop
      vertex 44.25 61.7757 0
      vertex 44.25 57.1569 3
      vertex 44.25 57.1569 0
    endloop
  endfacet
  facet normal 0.5 -0.866026 0
    outer loop
      vertex 44.25 61.7757 0
      vertex 48.25 64.0851 3
      vertex 44.25 61.7757 3
    endloop
  endfacet
  facet normal 0.5 -0.866026 0
    outer loop
      vertex 48.25 64.0851 3
      vertex 44.25 61.7757 0
      vertex 48.25 64.0851 0
    endloop
  endfacet
  facet normal -0.5 -0.866026 0
    outer loop
      vertex 48.25 64.0851 0
      vertex 52.25 61.7757 3
      vertex 48.25 64.0851 3
    endloop
  endfacet
  facet normal -0.5 -0.866026 -0
    outer loop
      vertex 52.25 61.7757 3
      vertex 48.25 64.0851 0
      vertex 52.25 61.7757 0
    endloop
  endfacet
  facet normal -1 0 0
    outer loop
      vertex 52.25 57.1569 0
      vertex 52.25 61.7757 3
      vertex 52.25 61.7757 0
    endloop
  endfacet
  facet normal -1 -0 0
    outer loop
      vertex 52.25 61.7757 3
      vertex 52.25 57.1569 0
      vertex 52.25 57.1569 3
    endloop
  endfacet
  facet normal -0.5 0.866026 0
    outer loop
      vertex 52.25 57.1569 0
      vertex 48.25 54.8475 3
      vertex 52.25 57.1569 3
    endloop
  endfacet
  facet normal -0.5 0.866026 0
    outer loop
      vertex 48.25 54.8475 3
      vertex 52.25 57.1569 0
      vertex 48.25 54.8475 0
    endloop
  endfacet
  facet normal 0.5 0.866026 -0
    outer loop
      vertex 48.25 54.8475 0
      vertex 44.25 57.1569 3
      vertex 48.25 54.8475 3
    endloop
  endfacet
  facet normal 0.5 0.866026 0
    outer loop
      vertex 44.25 57.1569 3
      vertex 48.25 54.8475 0
      vertex 44.25 57.1569 0
    endloop
  endfacet
  facet normal 1 -0 0
    outer loop
      vertex 33.75 57.1569 3
      vertex 33.75 61.7757 0
      vertex 33.75 61.7757 3
    endloop
  endfacet
  facet normal 1 0 0
    outer loop
      vertex 33.75 61.7757 0
      vertex 33.75 57.1569 3
      vertex 33.75 57.1569 0
    endloop
  endfacet
  facet normal 0.5 -0.866026 0
    outer loop
      vertex 33.75 61.7757 0
      vertex 37.75 64.0851 3
      vertex 33.75 61.7757 3
    endloop
  endfacet
  facet normal 0.5 -0.866026 0
    outer loop
      vertex 37.75 64.0851 3
      vertex 33.75 61.7757 0
      vertex 37.75 64.0851 0
    endloop
  endfacet
  facet normal -0.5 -0.866026 0
    outer loop
      vertex 37.75 64.0851 0
      vertex 41.75 61.7757 3
      vertex 37.75 64.0851 3
    endloop
  endfacet
  facet normal -0.5 -0.866026 -0
    outer loop
      vertex 41.75 61.7757 3
      vertex 37.75 64.0851 0
      vertex 41.75 61.7757 0
    endloop
  endfacet
  facet normal -1 0 0
    outer loop
      vertex 41.75 57.1569 0
      vertex 41.75 61.7757 3
      vertex 41.75 61.7757 0
    endloop
  endfacet
  facet normal -1 -0 0
    outer loop
      vertex 41.75 61.7757 3
      vertex 41.75 57.1569 0
      vertex 41.75 57.1569 3
    endloop
  endfacet
  facet normal -0.5 0.866026 0
    outer loop
      vertex 41.75 57.1569 0
      vertex 37.75 54.8475 3
      vertex 41.75 57.1569 3
    endloop
  endfacet
  facet normal -0.5 0.866026 0
    outer loop
      vertex 37.75 54.8475 3
      vertex 41.75 57.1569 0
      vertex 37.75 54.8475 0
    endloop
  endfacet
  facet normal 0.5 0.866026 -0
    outer loop
      vertex 37.75 54.8475 0
      vertex 33.75 57.1569 3
      vertex 37.75 54.8475 3
    endloop
  endfacet
  facet normal 0.5 0.866026 0
    outer loop
      vertex 33.75 57.1569 3
      vertex 37.75 54.8475 0
      vertex 33.75 57.1569 0
    endloop
  endfacet
  facet normal 1 -0 0
    outer loop
      vertex 23.25 57.1569 3
      vertex 23.25 61.7757 0
      vertex 23.25 61.7757 3
    endloop
  endfacet
  facet normal 1 0 0
    outer loop
      vertex 23.25 61.7757 0
      vertex 23.25 57.1569 3
      vertex 23.25 57.1569 0
    endloop
  endfacet
  facet normal 0.5 -0.866026 0
    outer loop
      vertex 23.25 61.7757 0
      vertex 27.25 64.0851 3
      vertex 23.25 61.7757 3
    endloop
  endfacet
  facet normal 0.5 -0.866026 0
    outer loop
      vertex 27.25 64.0851 3
      vertex 23.25 61.7757 0
      vertex 27.25 64.0851 0
    endloop
  endfacet
  facet normal -0.5 -0.866026 0
    outer loop
      vertex 27.25 64.0851 0
      vertex 31.25 61.7757 3
      vertex 27.25 64.0851 3
    endloop
  endfacet
  facet normal -0.5 -0.866026 -0
    outer loop
      vertex 31.25 61.7757 3
      vertex 27.25 64.0851 0
      vertex 31.25 61.7757 0
    endloop
  endfacet
  facet normal -1 0 0
    outer loop
      vertex 31.25 57.1569 0
      vertex 31.25 61.7757 3
      vertex 31.25 61.7757 0
    endloop
  endfacet
  facet normal -1 -0 0
    outer loop
      vertex 31.25 61.7757 3
      vertex 31.25 57.1569 0
      vertex 31.25 57.1569 3
    endloop
  endfacet
  facet normal -0.5 0.866026 0
    outer loop
      vertex 31.25 57.1569 0
      vertex 27.25 54.8475 3
      vertex 31.25 57.1569 3
    endloop
  endfacet
  facet normal -0.5 0.866026 0
    outer loop
      vertex 27.25 54.8475 3
      vertex 31.25 57.1569 0
      vertex 27.25 54.8475 0
    endloop
  endfacet
  facet normal 0.5 0.866026 -0
    outer loop
      vertex 27.25 54.8475 0
      vertex 23.25 57.1569 3
      vertex 27.25 54.8475 3
    endloop
  endfacet
  facet normal 0.5 0.866026 0
    outer loop
      vertex 23.25 57.1569 3
      vertex 27.25 54.8475 0
      vertex 23.25 57.1569 0
    endloop
  endfacet
  facet normal 1 -0 0
    outer loop
      vertex 86.25 57.1569 3
      vertex 86.25 61.7757 0
      vertex 86.25 61.7757 3
    endloop
  endfacet
  facet normal 1 0 0
    outer loop
      vertex 86.25 61.7757 0
      vertex 86.25 57.1569 3
      vertex 86.25 57.1569 0
    endloop
  endfacet
  facet normal 0.5 -0.866026 0
    outer loop
      vertex 86.25 61.7757 0
      vertex 90.25 64.0851 3
      vertex 86.25 61.7757 3
    endloop
  endfacet
  facet normal 0.5 -0.866026 0
    outer loop
      vertex 90.25 64.0851 3
      vertex 86.25 61.7757 0
      vertex 90.25 64.0851 0
    endloop
  endfacet
  facet normal -0.5 -0.866026 0
    outer loop
      vertex 90.25 64.0851 0
      vertex 94.25 61.7757 3
      vertex 90.25 64.0851 3
    endloop
  endfacet
  facet normal -0.5 -0.866026 -0
    outer loop
      vertex 94.25 61.7757 3
      vertex 90.25 64.0851 0
      vertex 94.25 61.7757 0
    endloop
  endfacet
  facet normal -1 0 0
    outer loop
      vertex 94.25 57.1569 0
      vertex 94.25 61.7757 3
      vertex 94.25 61.7757 0
    endloop
  endfacet
  facet normal -1 -0 0
    outer loop
      vertex 94.25 61.7757 3
      vertex 94.25 57.1569 0
      vertex 94.25 57.1569 3
    endloop
  endfacet
  facet normal -0.5 0.866026 0
    outer loop
      vertex 94.25 57.1569 0
      vertex 90.25 54.8475 3
      vertex 94.25 57.1569 3
    endloop
  endfacet
  facet normal -0.5 0.866026 0
    outer loop
      vertex 90.25 54.8475 3
      vertex 94.25 57.1569 0
      vertex 90.25 54.8475 0
    endloop
  endfacet
  facet normal 0.5 0.866026 -0
    outer loop
      vertex 90.25 54.8475 0
      vertex 86.25 57.1569 3
      vertex 90.25 54.8475 3
    endloop
  endfacet
  facet normal 0.5 0.866026 0
    outer loop
      vertex 86.25 57.1569 3
      vertex 90.25 54.8475 0
      vertex 86.25 57.1569 0
    endloop
  endfacet
  facet normal 1 -0 0
    outer loop
      vertex 70.5 48.0637 3
      vertex 70.5 52.6825 0
      vertex 70.5 52.6825 3
    endloop
  endfacet
  facet normal 1 0 0
    outer loop
      vertex 70.5 52.6825 0
      vertex 70.5 48.0637 3
      vertex 70.5 48.0637 0
    endloop
  endfacet
  facet normal 0.5 -0.866026 0
    outer loop
      vertex 70.5 52.6825 0
      vertex 74.5 54.9919 3
      vertex 70.5 52.6825 3
    endloop
  endfacet
  facet normal 0.5 -0.866026 0
    outer loop
      vertex 74.5 54.9919 3
      vertex 70.5 52.6825 0
      vertex 74.5 54.9919 0
    endloop
  endfacet
  facet normal -0.5 -0.866026 0
    outer loop
      vertex 74.5 54.9919 0
      vertex 78.5 52.6825 3
      vertex 74.5 54.9919 3
    endloop
  endfacet
  facet normal -0.5 -0.866026 -0
    outer loop
      vertex 78.5 52.6825 3
      vertex 74.5 54.9919 0
      vertex 78.5 52.6825 0
    endloop
  endfacet
  facet normal -1 0 0
    outer loop
      vertex 78.5 48.0637 0
      vertex 78.5 52.6825 3
      vertex 78.5 52.6825 0
    endloop
  endfacet
  facet normal -1 -0 0
    outer loop
      vertex 78.5 52.6825 3
      vertex 78.5 48.0637 0
      vertex 78.5 48.0637 3
    endloop
  endfacet
  facet normal -0.5 0.866026 0
    outer loop
      vertex 78.5 48.0637 0
      vertex 74.5 45.7543 3
      vertex 78.5 48.0637 3
    endloop
  endfacet
  facet normal -0.5 0.866026 0
    outer loop
      vertex 74.5 45.7543 3
      vertex 78.5 48.0637 0
      vertex 74.5 45.7543 0
    endloop
  endfacet
  facet normal 0.5 0.866026 -0
    outer loop
      vertex 74.5 45.7543 0
      vertex 70.5 48.0637 3
      vertex 74.5 45.7543 3
    endloop
  endfacet
  facet normal 0.5 0.866026 0
    outer loop
      vertex 70.5 48.0637 3
      vertex 74.5 45.7543 0
      vertex 70.5 48.0637 0
    endloop
  endfacet
  facet normal 1 -0 0
    outer loop
      vertex 144 48.0637 3
      vertex 144 52.6825 0
      vertex 144 52.6825 3
    endloop
  endfacet
  facet normal 1 0 0
    outer loop
      vertex 144 52.6825 0
      vertex 144 48.0637 3
      vertex 144 48.0637 0
    endloop
  endfacet
  facet normal 0.5 -0.866026 0
    outer loop
      vertex 144 52.6825 0
      vertex 148 54.9919 3
      vertex 144 52.6825 3
    endloop
  endfacet
  facet normal 0.5 -0.866026 0
    outer loop
      vertex 148 54.9919 3
      vertex 144 52.6825 0
      vertex 148 54.9919 0
    endloop
  endfacet
  facet normal -0.5 -0.866026 0
    outer loop
      vertex 148 54.9919 0
      vertex 152 52.6825 3
      vertex 148 54.9919 3
    endloop
  endfacet
  facet normal -0.5 -0.866026 -0
    outer loop
      vertex 152 52.6825 3
      vertex 148 54.9919 0
      vertex 152 52.6825 0
    endloop
  endfacet
  facet normal -1 0 0
    outer loop
      vertex 152 48.0637 0
      vertex 152 52.6825 3
      vertex 152 52.6825 0
    endloop
  endfacet
  facet normal -1 -0 0
    outer loop
      vertex 152 52.6825 3
      vertex 152 48.0637 0
      vertex 152 48.0637 3
    endloop
  endfacet
  facet normal -0.5 0.866026 0
    outer loop
      vertex 152 48.0637 0
      vertex 148 45.7543 3
      vertex 152 48.0637 3
    endloop
  endfacet
  facet normal -0.5 0.866026 0
    outer loop
      vertex 148 45.7543 3
      vertex 152 48.0637 0
      vertex 148 45.7543 0
    endloop
  endfacet
  facet normal 0.5 0.866026 -0
    outer loop
      vertex 148 45.7543 0
      vertex 144 48.0637 3
      vertex 148 45.7543 3
    endloop
  endfacet
  facet normal 0.5 0.866026 0
    outer loop
      vertex 144 48.0637 3
      vertex 148 45.7543 0
      vertex 144 48.0637 0
    endloop
  endfacet
  facet normal 1 -0 0
    outer loop
      vertex 133.5 48.0637 3
      vertex 133.5 52.6825 0
      vertex 133.5 52.6825 3
    endloop
  endfacet
  facet normal 1 0 0
    outer loop
      vertex 133.5 52.6825 0
      vertex 133.5 48.0637 3
      vertex 133.5 48.0637 0
    endloop
  endfacet
  facet normal 0.5 -0.866026 0
    outer loop
      vertex 133.5 52.6825 0
      vertex 137.5 54.9919 3
      vertex 133.5 52.6825 3
    endloop
  endfacet
  facet normal 0.5 -0.866026 0
    outer loop
      vertex 137.5 54.9919 3
      vertex 133.5 52.6825 0
      vertex 137.5 54.9919 0
    endloop
  endfacet
  facet normal -0.5 -0.866026 0
    outer loop
      vertex 137.5 54.9919 0
      vertex 141.5 52.6825 3
      vertex 137.5 54.9919 3
    endloop
  endfacet
  facet normal -0.5 -0.866026 -0
    outer loop
      vertex 141.5 52.6825 3
      vertex 137.5 54.9919 0
      vertex 141.5 52.6825 0
    endloop
  endfacet
  facet normal -1 0 0
    outer loop
      vertex 141.5 48.0637 0
      vertex 141.5 52.6825 3
      vertex 141.5 52.6825 0
    endloop
  endfacet
  facet normal -1 -0 0
    outer loop
      vertex 141.5 52.6825 3
      vertex 141.5 48.0637 0
      vertex 141.5 48.0637 3
    endloop
  endfacet
  facet normal -0.5 0.866026 0
    outer loop
      vertex 141.5 48.0637 0
      vertex 137.5 45.7543 3
      vertex 141.5 48.0637 3
    endloop
  endfacet
  facet normal -0.5 0.866026 0
    outer loop
      vertex 137.5 45.7543 3
      vertex 141.5 48.0637 0
      vertex 137.5 45.7543 0
    endloop
  endfacet
  facet normal 0.5 0.866026 -0
    outer loop
      vertex 137.5 45.7543 0
      vertex 133.5 48.0637 3
      vertex 137.5 45.7543 3
    endloop
  endfacet
  facet normal 0.5 0.866026 0
    outer loop
      vertex 133.5 48.0637 3
      vertex 137.5 45.7543 0
      vertex 133.5 48.0637 0
    endloop
  endfacet
  facet normal 1 -0 0
    outer loop
      vertex 123 48.0637 3
      vertex 123 52.6825 0
      vertex 123 52.6825 3
    endloop
  endfacet
  facet normal 1 0 0
    outer loop
      vertex 123 52.6825 0
      vertex 123 48.0637 3
      vertex 123 48.0637 0
    endloop
  endfacet
  facet normal 0.5 -0.866026 0
    outer loop
      vertex 123 52.6825 0
      vertex 127 54.9919 3
      vertex 123 52.6825 3
    endloop
  endfacet
  facet normal 0.5 -0.866026 0
    outer loop
      vertex 127 54.9919 3
      vertex 123 52.6825 0
      vertex 127 54.9919 0
    endloop
  endfacet
  facet normal -0.5 -0.866026 0
    outer loop
      vertex 127 54.9919 0
      vertex 131 52.6825 3
      vertex 127 54.9919 3
    endloop
  endfacet
  facet normal -0.5 -0.866026 -0
    outer loop
      vertex 131 52.6825 3
      vertex 127 54.9919 0
      vertex 131 52.6825 0
    endloop
  endfacet
  facet normal -1 0 0
    outer loop
      vertex 131 48.0637 0
      vertex 131 52.6825 3
      vertex 131 52.6825 0
    endloop
  endfacet
  facet normal -1 -0 0
    outer loop
      vertex 131 52.6825 3
      vertex 131 48.0637 0
      vertex 131 48.0637 3
    endloop
  endfacet
  facet normal -0.5 0.866026 0
    outer loop
      vertex 131 48.0637 0
      vertex 127 45.7543 3
      vertex 131 48.0637 3
    endloop
  endfacet
  facet normal -0.5 0.866026 0
    outer loop
      vertex 127 45.7543 3
      vertex 131 48.0637 0
      vertex 127 45.7543 0
    endloop
  endfacet
  facet normal 0.5 0.866026 -0
    outer loop
      vertex 127 45.7543 0
      vertex 123 48.0637 3
      vertex 127 45.7543 3
    endloop
  endfacet
  facet normal 0.5 0.866026 0
    outer loop
      vertex 123 48.0637 3
      vertex 127 45.7543 0
      vertex 123 48.0637 0
    endloop
  endfacet
  facet normal 1 -0 0
    outer loop
      vertex 112.5 48.0637 3
      vertex 112.5 52.6825 0
      vertex 112.5 52.6825 3
    endloop
  endfacet
  facet normal 1 0 0
    outer loop
      vertex 112.5 52.6825 0
      vertex 112.5 48.0637 3
      vertex 112.5 48.0637 0
    endloop
  endfacet
  facet normal 0.5 -0.866026 0
    outer loop
      vertex 112.5 52.6825 0
      vertex 116.5 54.9919 3
      vertex 112.5 52.6825 3
    endloop
  endfacet
  facet normal 0.5 -0.866026 0
    outer loop
      vertex 116.5 54.9919 3
      vertex 112.5 52.6825 0
      vertex 116.5 54.9919 0
    endloop
  endfacet
  facet normal -0.5 -0.866026 0
    outer loop
      vertex 116.5 54.9919 0
      vertex 120.5 52.6825 3
      vertex 116.5 54.9919 3
    endloop
  endfacet
  facet normal -0.5 -0.866026 -0
    outer loop
      vertex 120.5 52.6825 3
      vertex 116.5 54.9919 0
      vertex 120.5 52.6825 0
    endloop
  endfacet
  facet normal -1 0 0
    outer loop
      vertex 120.5 48.0637 0
      vertex 120.5 52.6825 3
      vertex 120.5 52.6825 0
    endloop
  endfacet
  facet normal -1 -0 0
    outer loop
      vertex 120.5 52.6825 3
      vertex 120.5 48.0637 0
      vertex 120.5 48.0637 3
    endloop
  endfacet
  facet normal -0.5 0.866026 0
    outer loop
      vertex 120.5 48.0637 0
      vertex 116.5 45.7543 3
      vertex 120.5 48.0637 3
    endloop
  endfacet
  facet normal -0.5 0.866026 0
    outer loop
      vertex 116.5 45.7543 3
      vertex 120.5 48.0637 0
      vertex 116.5 45.7543 0
    endloop
  endfacet
  facet normal 0.5 0.866026 -0
    outer loop
      vertex 116.5 45.7543 0
      vertex 112.5 48.0637 3
      vertex 116.5 45.7543 3
    endloop
  endfacet
  facet normal 0.5 0.866026 0
    outer loop
      vertex 112.5 48.0637 3
      vertex 116.5 45.7543 0
      vertex 112.5 48.0637 0
    endloop
  endfacet
  facet normal 1 -0 0
    outer loop
      vertex 102 48.0637 3
      vertex 102 52.6825 0
      vertex 102 52.6825 3
    endloop
  endfacet
  facet normal 1 0 0
    outer loop
      vertex 102 52.6825 0
      vertex 102 48.0637 3
      vertex 102 48.0637 0
    endloop
  endfacet
  facet normal 0.5 -0.866026 0
    outer loop
      vertex 102 52.6825 0
      vertex 106 54.9919 3
      vertex 102 52.6825 3
    endloop
  endfacet
  facet normal 0.5 -0.866026 0
    outer loop
      vertex 106 54.9919 3
      vertex 102 52.6825 0
      vertex 106 54.9919 0
    endloop
  endfacet
  facet normal -0.5 -0.866026 0
    outer loop
      vertex 106 54.9919 0
      vertex 110 52.6825 3
      vertex 106 54.9919 3
    endloop
  endfacet
  facet normal -0.5 -0.866026 -0
    outer loop
      vertex 110 52.6825 3
      vertex 106 54.9919 0
      vertex 110 52.6825 0
    endloop
  endfacet
  facet normal -1 0 0
    outer loop
      vertex 110 48.0637 0
      vertex 110 52.6825 3
      vertex 110 52.6825 0
    endloop
  endfacet
  facet normal -1 -0 0
    outer loop
      vertex 110 52.6825 3
      vertex 110 48.0637 0
      vertex 110 48.0637 3
    endloop
  endfacet
  facet normal -0.5 0.866026 0
    outer loop
      vertex 110 48.0637 0
      vertex 106 45.7543 3
      vertex 110 48.0637 3
    endloop
  endfacet
  facet normal -0.5 0.866026 0
    outer loop
      vertex 106 45.7543 3
      vertex 110 48.0637 0
      vertex 106 45.7543 0
    endloop
  endfacet
  facet normal 0.5 0.866026 -0
    outer loop
      vertex 106 45.7543 0
      vertex 102 48.0637 3
      vertex 106 45.7543 3
    endloop
  endfacet
  facet normal 0.5 0.866026 0
    outer loop
      vertex 102 48.0637 3
      vertex 106 45.7543 0
      vertex 102 48.0637 0
    endloop
  endfacet
  facet normal 1 -0 0
    outer loop
      vertex 81 48.0637 3
      vertex 81 52.6825 0
      vertex 81 52.6825 3
    endloop
  endfacet
  facet normal 1 0 0
    outer loop
      vertex 81 52.6825 0
      vertex 81 48.0637 3
      vertex 81 48.0637 0
    endloop
  endfacet
  facet normal 0.5 -0.866026 0
    outer loop
      vertex 81 52.6825 0
      vertex 85 54.9919 3
      vertex 81 52.6825 3
    endloop
  endfacet
  facet normal 0.5 -0.866026 0
    outer loop
      vertex 85 54.9919 3
      vertex 81 52.6825 0
      vertex 85 54.9919 0
    endloop
  endfacet
  facet normal -0.5 -0.866026 0
    outer loop
      vertex 85 54.9919 0
      vertex 89 52.6825 3
      vertex 85 54.9919 3
    endloop
  endfacet
  facet normal -0.5 -0.866026 -0
    outer loop
      vertex 89 52.6825 3
      vertex 85 54.9919 0
      vertex 89 52.6825 0
    endloop
  endfacet
  facet normal -1 0 0
    outer loop
      vertex 89 48.0637 0
      vertex 89 52.6825 3
      vertex 89 52.6825 0
    endloop
  endfacet
  facet normal -1 -0 0
    outer loop
      vertex 89 52.6825 3
      vertex 89 48.0637 0
      vertex 89 48.0637 3
    endloop
  endfacet
  facet normal -0.5 0.866026 0
    outer loop
      vertex 89 48.0637 0
      vertex 85 45.7543 3
      vertex 89 48.0637 3
    endloop
  endfacet
  facet normal -0.5 0.866026 0
    outer loop
      vertex 85 45.7543 3
      vertex 89 48.0637 0
      vertex 85 45.7543 0
    endloop
  endfacet
  facet normal 0.5 0.866026 -0
    outer loop
      vertex 85 45.7543 0
      vertex 81 48.0637 3
      vertex 85 45.7543 3
    endloop
  endfacet
  facet normal 0.5 0.866026 0
    outer loop
      vertex 81 48.0637 3
      vertex 85 45.7543 0
      vertex 81 48.0637 0
    endloop
  endfacet
  facet normal 1 -0 0
    outer loop
      vertex 60 48.0637 3
      vertex 60 52.6825 0
      vertex 60 52.6825 3
    endloop
  endfacet
  facet normal 1 0 0
    outer loop
      vertex 60 52.6825 0
      vertex 60 48.0637 3
      vertex 60 48.0637 0
    endloop
  endfacet
  facet normal 0.5 -0.866026 0
    outer loop
      vertex 60 52.6825 0
      vertex 64 54.9919 3
      vertex 60 52.6825 3
    endloop
  endfacet
  facet normal 0.5 -0.866026 0
    outer loop
      vertex 64 54.9919 3
      vertex 60 52.6825 0
      vertex 64 54.9919 0
    endloop
  endfacet
  facet normal -0.5 -0.866026 0
    outer loop
      vertex 64 54.9919 0
      vertex 68 52.6825 3
      vertex 64 54.9919 3
    endloop
  endfacet
  facet normal -0.5 -0.866026 -0
    outer loop
      vertex 68 52.6825 3
      vertex 64 54.9919 0
      vertex 68 52.6825 0
    endloop
  endfacet
  facet normal -1 0 0
    outer loop
      vertex 68 48.0637 0
      vertex 68 52.6825 3
      vertex 68 52.6825 0
    endloop
  endfacet
  facet normal -1 -0 0
    outer loop
      vertex 68 52.6825 3
      vertex 68 48.0637 0
      vertex 68 48.0637 3
    endloop
  endfacet
  facet normal -0.5 0.866026 0
    outer loop
      vertex 68 48.0637 0
      vertex 64 45.7543 3
      vertex 68 48.0637 3
    endloop
  endfacet
  facet normal -0.5 0.866026 0
    outer loop
      vertex 64 45.7543 3
      vertex 68 48.0637 0
      vertex 64 45.7543 0
    endloop
  endfacet
  facet normal 0.5 0.866026 -0
    outer loop
      vertex 64 45.7543 0
      vertex 60 48.0637 3
      vertex 64 45.7543 3
    endloop
  endfacet
  facet normal 0.5 0.866026 0
    outer loop
      vertex 60 48.0637 3
      vertex 64 45.7543 0
      vertex 60 48.0637 0
    endloop
  endfacet
  facet normal 1 -0 0
    outer loop
      vertex 49.5 48.0637 3
      vertex 49.5 52.6825 0
      vertex 49.5 52.6825 3
    endloop
  endfacet
  facet normal 1 0 0
    outer loop
      vertex 49.5 52.6825 0
      vertex 49.5 48.0637 3
      vertex 49.5 48.0637 0
    endloop
  endfacet
  facet normal 0.5 -0.866026 0
    outer loop
      vertex 49.5 52.6825 0
      vertex 53.5 54.9919 3
      vertex 49.5 52.6825 3
    endloop
  endfacet
  facet normal 0.5 -0.866026 0
    outer loop
      vertex 53.5 54.9919 3
      vertex 49.5 52.6825 0
      vertex 53.5 54.9919 0
    endloop
  endfacet
  facet normal -0.5 -0.866026 0
    outer loop
      vertex 53.5 54.9919 0
      vertex 57.5 52.6825 3
      vertex 53.5 54.9919 3
    endloop
  endfacet
  facet normal -0.5 -0.866026 -0
    outer loop
      vertex 57.5 52.6825 3
      vertex 53.5 54.9919 0
      vertex 57.5 52.6825 0
    endloop
  endfacet
  facet normal -1 0 0
    outer loop
      vertex 57.5 48.0637 0
      vertex 57.5 52.6825 3
      vertex 57.5 52.6825 0
    endloop
  endfacet
  facet normal -1 -0 0
    outer loop
      vertex 57.5 52.6825 3
      vertex 57.5 48.0637 0
      vertex 57.5 48.0637 3
    endloop
  endfacet
  facet normal -0.5 0.866026 0
    outer loop
      vertex 57.5 48.0637 0
      vertex 53.5 45.7543 3
      vertex 57.5 48.0637 3
    endloop
  endfacet
  facet normal -0.5 0.866026 0
    outer loop
      vertex 53.5 45.7543 3
      vertex 57.5 48.0637 0
      vertex 53.5 45.7543 0
    endloop
  endfacet
  facet normal 0.5 0.866026 -0
    outer loop
      vertex 53.5 45.7543 0
      vertex 49.5 48.0637 3
      vertex 53.5 45.7543 3
    endloop
  endfacet
  facet normal 0.5 0.866026 0
    outer loop
      vertex 49.5 48.0637 3
      vertex 53.5 45.7543 0
      vertex 49.5 48.0637 0
    endloop
  endfacet
  facet normal 1 -0 0
    outer loop
      vertex 39 48.0637 3
      vertex 39 52.6825 0
      vertex 39 52.6825 3
    endloop
  endfacet
  facet normal 1 0 0
    outer loop
      vertex 39 52.6825 0
      vertex 39 48.0637 3
      vertex 39 48.0637 0
    endloop
  endfacet
  facet normal 0.5 -0.866026 0
    outer loop
      vertex 39 52.6825 0
      vertex 43 54.9919 3
      vertex 39 52.6825 3
    endloop
  endfacet
  facet normal 0.5 -0.866026 0
    outer loop
      vertex 43 54.9919 3
      vertex 39 52.6825 0
      vertex 43 54.9919 0
    endloop
  endfacet
  facet normal -0.5 -0.866026 0
    outer loop
      vertex 43 54.9919 0
      vertex 47 52.6825 3
      vertex 43 54.9919 3
    endloop
  endfacet
  facet normal -0.5 -0.866026 -0
    outer loop
      vertex 47 52.6825 3
      vertex 43 54.9919 0
      vertex 47 52.6825 0
    endloop
  endfacet
  facet normal -1 0 0
    outer loop
      vertex 47 48.0637 0
      vertex 47 52.6825 3
      vertex 47 52.6825 0
    endloop
  endfacet
  facet normal -1 -0 0
    outer loop
      vertex 47 52.6825 3
      vertex 47 48.0637 0
      vertex 47 48.0637 3
    endloop
  endfacet
  facet normal -0.5 0.866026 0
    outer loop
      vertex 47 48.0637 0
      vertex 43 45.7543 3
      vertex 47 48.0637 3
    endloop
  endfacet
  facet normal -0.5 0.866026 0
    outer loop
      vertex 43 45.7543 3
      vertex 47 48.0637 0
      vertex 43 45.7543 0
    endloop
  endfacet
  facet normal 0.5 0.866026 -0
    outer loop
      vertex 43 45.7543 0
      vertex 39 48.0637 3
      vertex 43 45.7543 3
    endloop
  endfacet
  facet normal 0.5 0.866026 0
    outer loop
      vertex 39 48.0637 3
      vertex 43 45.7543 0
      vertex 39 48.0637 0
    endloop
  endfacet
  facet normal 1 -0 0
    outer loop
      vertex 28.5 48.0637 3
      vertex 28.5 52.6825 0
      vertex 28.5 52.6825 3
    endloop
  endfacet
  facet normal 1 0 0
    outer loop
      vertex 28.5 52.6825 0
      vertex 28.5 48.0637 3
      vertex 28.5 48.0637 0
    endloop
  endfacet
  facet normal 0.5 -0.866026 0
    outer loop
      vertex 28.5 52.6825 0
      vertex 32.5 54.9919 3
      vertex 28.5 52.6825 3
    endloop
  endfacet
  facet normal 0.5 -0.866026 0
    outer loop
      vertex 32.5 54.9919 3
      vertex 28.5 52.6825 0
      vertex 32.5 54.9919 0
    endloop
  endfacet
  facet normal -0.5 -0.866026 0
    outer loop
      vertex 32.5 54.9919 0
      vertex 36.5 52.6825 3
      vertex 32.5 54.9919 3
    endloop
  endfacet
  facet normal -0.5 -0.866026 -0
    outer loop
      vertex 36.5 52.6825 3
      vertex 32.5 54.9919 0
      vertex 36.5 52.6825 0
    endloop
  endfacet
  facet normal -1 0 0
    outer loop
      vertex 36.5 48.0637 0
      vertex 36.5 52.6825 3
      vertex 36.5 52.6825 0
    endloop
  endfacet
  facet normal -1 -0 0
    outer loop
      vertex 36.5 52.6825 3
      vertex 36.5 48.0637 0
      vertex 36.5 48.0637 3
    endloop
  endfacet
  facet normal -0.5 0.866026 0
    outer loop
      vertex 36.5 48.0637 0
      vertex 32.5 45.7543 3
      vertex 36.5 48.0637 3
    endloop
  endfacet
  facet normal -0.5 0.866026 0
    outer loop
      vertex 32.5 45.7543 3
      vertex 36.5 48.0637 0
      vertex 32.5 45.7543 0
    endloop
  endfacet
  facet normal 0.5 0.866026 -0
    outer loop
      vertex 32.5 45.7543 0
      vertex 28.5 48.0637 3
      vertex 32.5 45.7543 3
    endloop
  endfacet
  facet normal 0.5 0.866026 0
    outer loop
      vertex 28.5 48.0637 3
      vertex 32.5 45.7543 0
      vertex 28.5 48.0637 0
    endloop
  endfacet
  facet normal 1 -0 0
    outer loop
      vertex 91.5 48.0637 3
      vertex 91.5 52.6825 0
      vertex 91.5 52.6825 3
    endloop
  endfacet
  facet normal 1 0 0
    outer loop
      vertex 91.5 52.6825 0
      vertex 91.5 48.0637 3
      vertex 91.5 48.0637 0
    endloop
  endfacet
  facet normal 0.5 -0.866026 0
    outer loop
      vertex 91.5 52.6825 0
      vertex 95.5 54.9919 3
      vertex 91.5 52.6825 3
    endloop
  endfacet
  facet normal 0.5 -0.866026 0
    outer loop
      vertex 95.5 54.9919 3
      vertex 91.5 52.6825 0
      vertex 95.5 54.9919 0
    endloop
  endfacet
  facet normal -0.5 -0.866026 0
    outer loop
      vertex 95.5 54.9919 0
      vertex 99.5 52.6825 3
      vertex 95.5 54.9919 3
    endloop
  endfacet
  facet normal -0.5 -0.866026 -0
    outer loop
      vertex 99.5 52.6825 3
      vertex 95.5 54.9919 0
      vertex 99.5 52.6825 0
    endloop
  endfacet
  facet normal -1 0 0
    outer loop
      vertex 99.5 48.0637 0
      vertex 99.5 52.6825 3
      vertex 99.5 52.6825 0
    endloop
  endfacet
  facet normal -1 -0 0
    outer loop
      vertex 99.5 52.6825 3
      vertex 99.5 48.0637 0
      vertex 99.5 48.0637 3
    endloop
  endfacet
  facet normal -0.5 0.866026 0
    outer loop
      vertex 99.5 48.0637 0
      vertex 95.5 45.7543 3
      vertex 99.5 48.0637 3
    endloop
  endfacet
  facet normal -0.5 0.866026 0
    outer loop
      vertex 95.5 45.7543 3
      vertex 99.5 48.0637 0
      vertex 95.5 45.7543 0
    endloop
  endfacet
  facet normal 0.5 0.866026 -0
    outer loop
      vertex 95.5 45.7543 0
      vertex 91.5 48.0637 3
      vertex 95.5 45.7543 3
    endloop
  endfacet
  facet normal 0.5 0.866026 0
    outer loop
      vertex 91.5 48.0637 3
      vertex 95.5 45.7543 0
      vertex 91.5 48.0637 0
    endloop
  endfacet
  facet normal 1 -0 0
    outer loop
      vertex 128.25 38.9704 3
      vertex 128.25 43.5892 0
      vertex 128.25 43.5892 3
    endloop
  endfacet
  facet normal 1 0 0
    outer loop
      vertex 128.25 43.5892 0
      vertex 128.25 38.9704 3
      vertex 128.25 38.9704 0
    endloop
  endfacet
  facet normal 0.5 -0.866026 0
    outer loop
      vertex 128.25 43.5892 0
      vertex 132.25 45.8986 3
      vertex 128.25 43.5892 3
    endloop
  endfacet
  facet normal 0.5 -0.866026 0
    outer loop
      vertex 132.25 45.8986 3
      vertex 128.25 43.5892 0
      vertex 132.25 45.8986 0
    endloop
  endfacet
  facet normal -0.5 -0.866026 0
    outer loop
      vertex 132.25 45.8986 0
      vertex 136.25 43.5892 3
      vertex 132.25 45.8986 3
    endloop
  endfacet
  facet normal -0.5 -0.866026 -0
    outer loop
      vertex 136.25 43.5892 3
      vertex 132.25 45.8986 0
      vertex 136.25 43.5892 0
    endloop
  endfacet
  facet normal -1 0 0
    outer loop
      vertex 136.25 38.9704 0
      vertex 136.25 43.5892 3
      vertex 136.25 43.5892 0
    endloop
  endfacet
  facet normal -1 -0 0
    outer loop
      vertex 136.25 43.5892 3
      vertex 136.25 38.9704 0
      vertex 136.25 38.9704 3
    endloop
  endfacet
  facet normal -0.5 0.866026 0
    outer loop
      vertex 136.25 38.9704 0
      vertex 132.25 36.661 3
      vertex 136.25 38.9704 3
    endloop
  endfacet
  facet normal -0.5 0.866026 0
    outer loop
      vertex 132.25 36.661 3
      vertex 136.25 38.9704 0
      vertex 132.25 36.661 0
    endloop
  endfacet
  facet normal 0.5 0.866026 -0
    outer loop
      vertex 132.25 36.661 0
      vertex 128.25 38.9704 3
      vertex 132.25 36.661 3
    endloop
  endfacet
  facet normal 0.5 0.866026 0
    outer loop
      vertex 128.25 38.9704 3
      vertex 132.25 36.661 0
      vertex 128.25 38.9704 0
    endloop
  endfacet
  facet normal 1 -0 0
    outer loop
      vertex 96.75 38.9704 3
      vertex 96.75 43.5892 0
      vertex 96.75 43.5892 3
    endloop
  endfacet
  facet normal 1 0 0
    outer loop
      vertex 96.75 43.5892 0
      vertex 96.75 38.9704 3
      vertex 96.75 38.9704 0
    endloop
  endfacet
  facet normal 0.5 -0.866026 0
    outer loop
      vertex 96.75 43.5892 0
      vertex 100.75 45.8986 3
      vertex 96.75 43.5892 3
    endloop
  endfacet
  facet normal 0.5 -0.866026 0
    outer loop
      vertex 100.75 45.8986 3
      vertex 96.75 43.5892 0
      vertex 100.75 45.8986 0
    endloop
  endfacet
  facet normal -0.5 -0.866026 0
    outer loop
      vertex 100.75 45.8986 0
      vertex 104.75 43.5892 3
      vertex 100.75 45.8986 3
    endloop
  endfacet
  facet normal -0.5 -0.866026 -0
    outer loop
      vertex 104.75 43.5892 3
      vertex 100.75 45.8986 0
      vertex 104.75 43.5892 0
    endloop
  endfacet
  facet normal -1 0 0
    outer loop
      vertex 104.75 38.9704 0
      vertex 104.75 43.5892 3
      vertex 104.75 43.5892 0
    endloop
  endfacet
  facet normal -1 -0 0
    outer loop
      vertex 104.75 43.5892 3
      vertex 104.75 38.9704 0
      vertex 104.75 38.9704 3
    endloop
  endfacet
  facet normal -0.5 0.866026 0
    outer loop
      vertex 104.75 38.9704 0
      vertex 100.75 36.661 3
      vertex 104.75 38.9704 3
    endloop
  endfacet
  facet normal -0.5 0.866026 0
    outer loop
      vertex 100.75 36.661 3
      vertex 104.75 38.9704 0
      vertex 100.75 36.661 0
    endloop
  endfacet
  facet normal 0.5 0.866026 -0
    outer loop
      vertex 100.75 36.661 0
      vertex 96.75 38.9704 3
      vertex 100.75 36.661 3
    endloop
  endfacet
  facet normal 0.5 0.866026 0
    outer loop
      vertex 96.75 38.9704 3
      vertex 100.75 36.661 0
      vertex 96.75 38.9704 0
    endloop
  endfacet
  facet normal 1 -0 0
    outer loop
      vertex 149.25 38.9704 3
      vertex 149.25 43.5892 0
      vertex 149.25 43.5892 3
    endloop
  endfacet
  facet normal 1 0 0
    outer loop
      vertex 149.25 43.5892 0
      vertex 149.25 38.9704 3
      vertex 149.25 38.9704 0
    endloop
  endfacet
  facet normal 0.5 -0.866026 0
    outer loop
      vertex 149.25 43.5892 0
      vertex 153.25 45.8986 3
      vertex 149.25 43.5892 3
    endloop
  endfacet
  facet normal 0.5 -0.866026 0
    outer loop
      vertex 153.25 45.8986 3
      vertex 149.25 43.5892 0
      vertex 153.25 45.8986 0
    endloop
  endfacet
  facet normal -0.5 -0.866026 0
    outer loop
      vertex 153.25 45.8986 0
      vertex 157.25 43.5892 3
      vertex 153.25 45.8986 3
    endloop
  endfacet
  facet normal -0.5 -0.866026 -0
    outer loop
      vertex 157.25 43.5892 3
      vertex 153.25 45.8986 0
      vertex 157.25 43.5892 0
    endloop
  endfacet
  facet normal -1 0 0
    outer loop
      vertex 157.25 38.9704 0
      vertex 157.25 43.5892 3
      vertex 157.25 43.5892 0
    endloop
  endfacet
  facet normal -1 -0 0
    outer loop
      vertex 157.25 43.5892 3
      vertex 157.25 38.9704 0
      vertex 157.25 38.9704 3
    endloop
  endfacet
  facet normal -0.5 0.866026 0
    outer loop
      vertex 157.25 38.9704 0
      vertex 153.25 36.661 3
      vertex 157.25 38.9704 3
    endloop
  endfacet
  facet normal -0.5 0.866026 0
    outer loop
      vertex 153.25 36.661 3
      vertex 157.25 38.9704 0
      vertex 153.25 36.661 0
    endloop
  endfacet
  facet normal 0.5 0.866026 -0
    outer loop
      vertex 153.25 36.661 0
      vertex 149.25 38.9704 3
      vertex 153.25 36.661 3
    endloop
  endfacet
  facet normal 0.5 0.866026 0
    outer loop
      vertex 149.25 38.9704 3
      vertex 153.25 36.661 0
      vertex 149.25 38.9704 0
    endloop
  endfacet
  facet normal 1 -0 0
    outer loop
      vertex 138.75 38.9704 3
      vertex 138.75 43.5892 0
      vertex 138.75 43.5892 3
    endloop
  endfacet
  facet normal 1 0 0
    outer loop
      vertex 138.75 43.5892 0
      vertex 138.75 38.9704 3
      vertex 138.75 38.9704 0
    endloop
  endfacet
  facet normal 0.5 -0.866026 0
    outer loop
      vertex 138.75 43.5892 0
      vertex 142.75 45.8986 3
      vertex 138.75 43.5892 3
    endloop
  endfacet
  facet normal 0.5 -0.866026 0
    outer loop
      vertex 142.75 45.8986 3
      vertex 138.75 43.5892 0
      vertex 142.75 45.8986 0
    endloop
  endfacet
  facet normal -0.5 -0.866026 0
    outer loop
      vertex 142.75 45.8986 0
      vertex 146.75 43.5892 3
      vertex 142.75 45.8986 3
    endloop
  endfacet
  facet normal -0.5 -0.866026 -0
    outer loop
      vertex 146.75 43.5892 3
      vertex 142.75 45.8986 0
      vertex 146.75 43.5892 0
    endloop
  endfacet
  facet normal -1 0 0
    outer loop
      vertex 146.75 38.9704 0
      vertex 146.75 43.5892 3
      vertex 146.75 43.5892 0
    endloop
  endfacet
  facet normal -1 -0 0
    outer loop
      vertex 146.75 43.5892 3
      vertex 146.75 38.9704 0
      vertex 146.75 38.9704 3
    endloop
  endfacet
  facet normal -0.5 0.866026 0
    outer loop
      vertex 146.75 38.9704 0
      vertex 142.75 36.661 3
      vertex 146.75 38.9704 3
    endloop
  endfacet
  facet normal -0.5 0.866026 0
    outer loop
      vertex 142.75 36.661 3
      vertex 146.75 38.9704 0
      vertex 142.75 36.661 0
    endloop
  endfacet
  facet normal 0.5 0.866026 -0
    outer loop
      vertex 142.75 36.661 0
      vertex 138.75 38.9704 3
      vertex 142.75 36.661 3
    endloop
  endfacet
  facet normal 0.5 0.866026 0
    outer loop
      vertex 138.75 38.9704 3
      vertex 142.75 36.661 0
      vertex 138.75 38.9704 0
    endloop
  endfacet
  facet normal 1 -0 0
    outer loop
      vertex 117.75 38.9704 3
      vertex 117.75 43.5892 0
      vertex 117.75 43.5892 3
    endloop
  endfacet
  facet normal 1 0 0
    outer loop
      vertex 117.75 43.5892 0
      vertex 117.75 38.9704 3
      vertex 117.75 38.9704 0
    endloop
  endfacet
  facet normal 0.5 -0.866026 0
    outer loop
      vertex 117.75 43.5892 0
      vertex 121.75 45.8986 3
      vertex 117.75 43.5892 3
    endloop
  endfacet
  facet normal 0.5 -0.866026 0
    outer loop
      vertex 121.75 45.8986 3
      vertex 117.75 43.5892 0
      vertex 121.75 45.8986 0
    endloop
  endfacet
  facet normal -0.5 -0.866026 0
    outer loop
      vertex 121.75 45.8986 0
      vertex 125.75 43.5892 3
      vertex 121.75 45.8986 3
    endloop
  endfacet
  facet normal -0.5 -0.866026 -0
    outer loop
      vertex 125.75 43.5892 3
      vertex 121.75 45.8986 0
      vertex 125.75 43.5892 0
    endloop
  endfacet
  facet normal -1 0 0
    outer loop
      vertex 125.75 38.9704 0
      vertex 125.75 43.5892 3
      vertex 125.75 43.5892 0
    endloop
  endfacet
  facet normal -1 -0 0
    outer loop
      vertex 125.75 43.5892 3
      vertex 125.75 38.9704 0
      vertex 125.75 38.9704 3
    endloop
  endfacet
  facet normal -0.5 0.866026 0
    outer loop
      vertex 125.75 38.9704 0
      vertex 121.75 36.661 3
      vertex 125.75 38.9704 3
    endloop
  endfacet
  facet normal -0.5 0.866026 0
    outer loop
      vertex 121.75 36.661 3
      vertex 125.75 38.9704 0
      vertex 121.75 36.661 0
    endloop
  endfacet
  facet normal 0.5 0.866026 -0
    outer loop
      vertex 121.75 36.661 0
      vertex 117.75 38.9704 3
      vertex 121.75 36.661 3
    endloop
  endfacet
  facet normal 0.5 0.866026 0
    outer loop
      vertex 117.75 38.9704 3
      vertex 121.75 36.661 0
      vertex 117.75 38.9704 0
    endloop
  endfacet
  facet normal 1 -0 0
    outer loop
      vertex 107.25 38.9704 3
      vertex 107.25 43.5892 0
      vertex 107.25 43.5892 3
    endloop
  endfacet
  facet normal 1 0 0
    outer loop
      vertex 107.25 43.5892 0
      vertex 107.25 38.9704 3
      vertex 107.25 38.9704 0
    endloop
  endfacet
  facet normal 0.5 -0.866026 0
    outer loop
      vertex 107.25 43.5892 0
      vertex 111.25 45.8986 3
      vertex 107.25 43.5892 3
    endloop
  endfacet
  facet normal 0.5 -0.866026 0
    outer loop
      vertex 111.25 45.8986 3
      vertex 107.25 43.5892 0
      vertex 111.25 45.8986 0
    endloop
  endfacet
  facet normal -0.5 -0.866026 0
    outer loop
      vertex 111.25 45.8986 0
      vertex 115.25 43.5892 3
      vertex 111.25 45.8986 3
    endloop
  endfacet
  facet normal -0.5 -0.866026 -0
    outer loop
      vertex 115.25 43.5892 3
      vertex 111.25 45.8986 0
      vertex 115.25 43.5892 0
    endloop
  endfacet
  facet normal -1 0 0
    outer loop
      vertex 115.25 38.9704 0
      vertex 115.25 43.5892 3
      vertex 115.25 43.5892 0
    endloop
  endfacet
  facet normal -1 -0 0
    outer loop
      vertex 115.25 43.5892 3
      vertex 115.25 38.9704 0
      vertex 115.25 38.9704 3
    endloop
  endfacet
  facet normal -0.5 0.866026 0
    outer loop
      vertex 115.25 38.9704 0
      vertex 111.25 36.661 3
      vertex 115.25 38.9704 3
    endloop
  endfacet
  facet normal -0.5 0.866026 0
    outer loop
      vertex 111.25 36.661 3
      vertex 115.25 38.9704 0
      vertex 111.25 36.661 0
    endloop
  endfacet
  facet normal 0.5 0.866026 -0
    outer loop
      vertex 111.25 36.661 0
      vertex 107.25 38.9704 3
      vertex 111.25 36.661 3
    endloop
  endfacet
  facet normal 0.5 0.866026 0
    outer loop
      vertex 107.25 38.9704 3
      vertex 111.25 36.661 0
      vertex 107.25 38.9704 0
    endloop
  endfacet
  facet normal 1 -0 0
    outer loop
      vertex 75.75 38.9704 3
      vertex 75.75 43.5892 0
      vertex 75.75 43.5892 3
    endloop
  endfacet
  facet normal 1 0 0
    outer loop
      vertex 75.75 43.5892 0
      vertex 75.75 38.9704 3
      vertex 75.75 38.9704 0
    endloop
  endfacet
  facet normal 0.5 -0.866026 0
    outer loop
      vertex 75.75 43.5892 0
      vertex 79.75 45.8986 3
      vertex 75.75 43.5892 3
    endloop
  endfacet
  facet normal 0.5 -0.866026 0
    outer loop
      vertex 79.75 45.8986 3
      vertex 75.75 43.5892 0
      vertex 79.75 45.8986 0
    endloop
  endfacet
  facet normal -0.5 -0.866026 0
    outer loop
      vertex 79.75 45.8986 0
      vertex 83.75 43.5892 3
      vertex 79.75 45.8986 3
    endloop
  endfacet
  facet normal -0.5 -0.866026 -0
    outer loop
      vertex 83.75 43.5892 3
      vertex 79.75 45.8986 0
      vertex 83.75 43.5892 0
    endloop
  endfacet
  facet normal -1 0 0
    outer loop
      vertex 83.75 38.9704 0
      vertex 83.75 43.5892 3
      vertex 83.75 43.5892 0
    endloop
  endfacet
  facet normal -1 -0 0
    outer loop
      vertex 83.75 43.5892 3
      vertex 83.75 38.9704 0
      vertex 83.75 38.9704 3
    endloop
  endfacet
  facet normal -0.5 0.866026 0
    outer loop
      vertex 83.75 38.9704 0
      vertex 79.75 36.661 3
      vertex 83.75 38.9704 3
    endloop
  endfacet
  facet normal -0.5 0.866026 0
    outer loop
      vertex 79.75 36.661 3
      vertex 83.75 38.9704 0
      vertex 79.75 36.661 0
    endloop
  endfacet
  facet normal 0.5 0.866026 -0
    outer loop
      vertex 79.75 36.661 0
      vertex 75.75 38.9704 3
      vertex 79.75 36.661 3
    endloop
  endfacet
  facet normal 0.5 0.866026 0
    outer loop
      vertex 75.75 38.9704 3
      vertex 79.75 36.661 0
      vertex 75.75 38.9704 0
    endloop
  endfacet
  facet normal 1 -0 0
    outer loop
      vertex 65.25 38.9704 3
      vertex 65.25 43.5892 0
      vertex 65.25 43.5892 3
    endloop
  endfacet
  facet normal 1 0 0
    outer loop
      vertex 65.25 43.5892 0
      vertex 65.25 38.9704 3
      vertex 65.25 38.9704 0
    endloop
  endfacet
  facet normal 0.5 -0.866026 0
    outer loop
      vertex 65.25 43.5892 0
      vertex 69.25 45.8986 3
      vertex 65.25 43.5892 3
    endloop
  endfacet
  facet normal 0.5 -0.866026 0
    outer loop
      vertex 69.25 45.8986 3
      vertex 65.25 43.5892 0
      vertex 69.25 45.8986 0
    endloop
  endfacet
  facet normal -0.5 -0.866026 0
    outer loop
      vertex 69.25 45.8986 0
      vertex 73.25 43.5892 3
      vertex 69.25 45.8986 3
    endloop
  endfacet
  facet normal -0.5 -0.866026 -0
    outer loop
      vertex 73.25 43.5892 3
      vertex 69.25 45.8986 0
      vertex 73.25 43.5892 0
    endloop
  endfacet
  facet normal -1 0 0
    outer loop
      vertex 73.25 38.9704 0
      vertex 73.25 43.5892 3
      vertex 73.25 43.5892 0
    endloop
  endfacet
  facet normal -1 -0 0
    outer loop
      vertex 73.25 43.5892 3
      vertex 73.25 38.9704 0
      vertex 73.25 38.9704 3
    endloop
  endfacet
  facet normal -0.5 0.866026 0
    outer loop
      vertex 73.25 38.9704 0
      vertex 69.25 36.661 3
      vertex 73.25 38.9704 3
    endloop
  endfacet
  facet normal -0.5 0.866026 0
    outer loop
      vertex 69.25 36.661 3
      vertex 73.25 38.9704 0
      vertex 69.25 36.661 0
    endloop
  endfacet
  facet normal 0.5 0.866026 -0
    outer loop
      vertex 69.25 36.661 0
      vertex 65.25 38.9704 3
      vertex 69.25 36.661 3
    endloop
  endfacet
  facet normal 0.5 0.866026 0
    outer loop
      vertex 65.25 38.9704 3
      vertex 69.25 36.661 0
      vertex 65.25 38.9704 0
    endloop
  endfacet
  facet normal 1 -0 0
    outer loop
      vertex 23.25 38.9704 3
      vertex 23.25 43.5892 0
      vertex 23.25 43.5892 3
    endloop
  endfacet
  facet normal 1 0 0
    outer loop
      vertex 23.25 43.5892 0
      vertex 23.25 38.9704 3
      vertex 23.25 38.9704 0
    endloop
  endfacet
  facet normal 0.5 -0.866026 0
    outer loop
      vertex 23.25 43.5892 0
      vertex 27.25 45.8986 3
      vertex 23.25 43.5892 3
    endloop
  endfacet
  facet normal 0.5 -0.866026 0
    outer loop
      vertex 27.25 45.8986 3
      vertex 23.25 43.5892 0
      vertex 27.25 45.8986 0
    endloop
  endfacet
  facet normal -0.5 -0.866026 0
    outer loop
      vertex 27.25 45.8986 0
      vertex 31.25 43.5892 3
      vertex 27.25 45.8986 3
    endloop
  endfacet
  facet normal -0.5 -0.866026 -0
    outer loop
      vertex 31.25 43.5892 3
      vertex 27.25 45.8986 0
      vertex 31.25 43.5892 0
    endloop
  endfacet
  facet normal -1 0 0
    outer loop
      vertex 31.25 38.9704 0
      vertex 31.25 43.5892 3
      vertex 31.25 43.5892 0
    endloop
  endfacet
  facet normal -1 -0 0
    outer loop
      vertex 31.25 43.5892 3
      vertex 31.25 38.9704 0
      vertex 31.25 38.9704 3
    endloop
  endfacet
  facet normal -0.5 0.866026 0
    outer loop
      vertex 31.25 38.9704 0
      vertex 27.25 36.661 3
      vertex 31.25 38.9704 3
    endloop
  endfacet
  facet normal -0.5 0.866026 0
    outer loop
      vertex 27.25 36.661 3
      vertex 31.25 38.9704 0
      vertex 27.25 36.661 0
    endloop
  endfacet
  facet normal 0.5 0.866026 -0
    outer loop
      vertex 27.25 36.661 0
      vertex 23.25 38.9704 3
      vertex 27.25 36.661 3
    endloop
  endfacet
  facet normal 0.5 0.866026 0
    outer loop
      vertex 23.25 38.9704 3
      vertex 27.25 36.661 0
      vertex 23.25 38.9704 0
    endloop
  endfacet
  facet normal 1 -0 0
    outer loop
      vertex 44.25 38.9704 3
      vertex 44.25 43.5892 0
      vertex 44.25 43.5892 3
    endloop
  endfacet
  facet normal 1 0 0
    outer loop
      vertex 44.25 43.5892 0
      vertex 44.25 38.9704 3
      vertex 44.25 38.9704 0
    endloop
  endfacet
  facet normal 0.5 -0.866026 0
    outer loop
      vertex 44.25 43.5892 0
      vertex 48.25 45.8986 3
      vertex 44.25 43.5892 3
    endloop
  endfacet
  facet normal 0.5 -0.866026 0
    outer loop
      vertex 48.25 45.8986 3
      vertex 44.25 43.5892 0
      vertex 48.25 45.8986 0
    endloop
  endfacet
  facet normal -0.5 -0.866026 0
    outer loop
      vertex 48.25 45.8986 0
      vertex 52.25 43.5892 3
      vertex 48.25 45.8986 3
    endloop
  endfacet
  facet normal -0.5 -0.866026 -0
    outer loop
      vertex 52.25 43.5892 3
      vertex 48.25 45.8986 0
      vertex 52.25 43.5892 0
    endloop
  endfacet
  facet normal -1 0 0
    outer loop
      vertex 52.25 38.9704 0
      vertex 52.25 43.5892 3
      vertex 52.25 43.5892 0
    endloop
  endfacet
  facet normal -1 -0 0
    outer loop
      vertex 52.25 43.5892 3
      vertex 52.25 38.9704 0
      vertex 52.25 38.9704 3
    endloop
  endfacet
  facet normal -0.5 0.866026 0
    outer loop
      vertex 52.25 38.9704 0
      vertex 48.25 36.661 3
      vertex 52.25 38.9704 3
    endloop
  endfacet
  facet normal -0.5 0.866026 0
    outer loop
      vertex 48.25 36.661 3
      vertex 52.25 38.9704 0
      vertex 48.25 36.661 0
    endloop
  endfacet
  facet normal 0.5 0.866026 -0
    outer loop
      vertex 48.25 36.661 0
      vertex 44.25 38.9704 3
      vertex 48.25 36.661 3
    endloop
  endfacet
  facet normal 0.5 0.866026 0
    outer loop
      vertex 44.25 38.9704 3
      vertex 48.25 36.661 0
      vertex 44.25 38.9704 0
    endloop
  endfacet
  facet normal 1 -0 0
    outer loop
      vertex 33.75 38.9704 3
      vertex 33.75 43.5892 0
      vertex 33.75 43.5892 3
    endloop
  endfacet
  facet normal 1 0 0
    outer loop
      vertex 33.75 43.5892 0
      vertex 33.75 38.9704 3
      vertex 33.75 38.9704 0
    endloop
  endfacet
  facet normal 0.5 -0.866026 0
    outer loop
      vertex 33.75 43.5892 0
      vertex 37.75 45.8986 3
      vertex 33.75 43.5892 3
    endloop
  endfacet
  facet normal 0.5 -0.866026 0
    outer loop
      vertex 37.75 45.8986 3
      vertex 33.75 43.5892 0
      vertex 37.75 45.8986 0
    endloop
  endfacet
  facet normal -0.5 -0.866026 0
    outer loop
      vertex 37.75 45.8986 0
      vertex 41.75 43.5892 3
      vertex 37.75 45.8986 3
    endloop
  endfacet
  facet normal -0.5 -0.866026 -0
    outer loop
      vertex 41.75 43.5892 3
      vertex 37.75 45.8986 0
      vertex 41.75 43.5892 0
    endloop
  endfacet
  facet normal -1 0 0
    outer loop
      vertex 41.75 38.9704 0
      vertex 41.75 43.5892 3
      vertex 41.75 43.5892 0
    endloop
  endfacet
  facet normal -1 -0 0
    outer loop
      vertex 41.75 43.5892 3
      vertex 41.75 38.9704 0
      vertex 41.75 38.9704 3
    endloop
  endfacet
  facet normal -0.5 0.866026 0
    outer loop
      vertex 41.75 38.9704 0
      vertex 37.75 36.661 3
      vertex 41.75 38.9704 3
    endloop
  endfacet
  facet normal -0.5 0.866026 0
    outer loop
      vertex 37.75 36.661 3
      vertex 41.75 38.9704 0
      vertex 37.75 36.661 0
    endloop
  endfacet
  facet normal 0.5 0.866026 -0
    outer loop
      vertex 37.75 36.661 0
      vertex 33.75 38.9704 3
      vertex 37.75 36.661 3
    endloop
  endfacet
  facet normal 0.5 0.866026 0
    outer loop
      vertex 33.75 38.9704 3
      vertex 37.75 36.661 0
      vertex 33.75 38.9704 0
    endloop
  endfacet
  facet normal 1 -0 0
    outer loop
      vertex 54.75 38.9704 3
      vertex 54.75 43.5892 0
      vertex 54.75 43.5892 3
    endloop
  endfacet
  facet normal 1 0 0
    outer loop
      vertex 54.75 43.5892 0
      vertex 54.75 38.9704 3
      vertex 54.75 38.9704 0
    endloop
  endfacet
  facet normal 0.5 -0.866026 0
    outer loop
      vertex 54.75 43.5892 0
      vertex 58.75 45.8986 3
      vertex 54.75 43.5892 3
    endloop
  endfacet
  facet normal 0.5 -0.866026 0
    outer loop
      vertex 58.75 45.8986 3
      vertex 54.75 43.5892 0
      vertex 58.75 45.8986 0
    endloop
  endfacet
  facet normal -0.5 -0.866026 0
    outer loop
      vertex 58.75 45.8986 0
      vertex 62.75 43.5892 3
      vertex 58.75 45.8986 3
    endloop
  endfacet
  facet normal -0.5 -0.866026 -0
    outer loop
      vertex 62.75 43.5892 3
      vertex 58.75 45.8986 0
      vertex 62.75 43.5892 0
    endloop
  endfacet
  facet normal -1 0 0
    outer loop
      vertex 62.75 38.9704 0
      vertex 62.75 43.5892 3
      vertex 62.75 43.5892 0
    endloop
  endfacet
  facet normal -1 -0 0
    outer loop
      vertex 62.75 43.5892 3
      vertex 62.75 38.9704 0
      vertex 62.75 38.9704 3
    endloop
  endfacet
  facet normal -0.5 0.866026 0
    outer loop
      vertex 62.75 38.9704 0
      vertex 58.75 36.661 3
      vertex 62.75 38.9704 3
    endloop
  endfacet
  facet normal -0.5 0.866026 0
    outer loop
      vertex 58.75 36.661 3
      vertex 62.75 38.9704 0
      vertex 58.75 36.661 0
    endloop
  endfacet
  facet normal 0.5 0.866026 -0
    outer loop
      vertex 58.75 36.661 0
      vertex 54.75 38.9704 3
      vertex 58.75 36.661 3
    endloop
  endfacet
  facet normal 0.5 0.866026 0
    outer loop
      vertex 54.75 38.9704 3
      vertex 58.75 36.661 0
      vertex 54.75 38.9704 0
    endloop
  endfacet
  facet normal 1 -0 0
    outer loop
      vertex 86.25 38.9704 3
      vertex 86.25 43.5892 0
      vertex 86.25 43.5892 3
    endloop
  endfacet
  facet normal 1 0 0
    outer loop
      vertex 86.25 43.5892 0
      vertex 86.25 38.9704 3
      vertex 86.25 38.9704 0
    endloop
  endfacet
  facet normal 0.5 -0.866026 0
    outer loop
      vertex 86.25 43.5892 0
      vertex 90.25 45.8986 3
      vertex 86.25 43.5892 3
    endloop
  endfacet
  facet normal 0.5 -0.866026 0
    outer loop
      vertex 90.25 45.8986 3
      vertex 86.25 43.5892 0
      vertex 90.25 45.8986 0
    endloop
  endfacet
  facet normal -0.5 -0.866026 0
    outer loop
      vertex 90.25 45.8986 0
      vertex 94.25 43.5892 3
      vertex 90.25 45.8986 3
    endloop
  endfacet
  facet normal -0.5 -0.866026 -0
    outer loop
      vertex 94.25 43.5892 3
      vertex 90.25 45.8986 0
      vertex 94.25 43.5892 0
    endloop
  endfacet
  facet normal -1 0 0
    outer loop
      vertex 94.25 38.9704 0
      vertex 94.25 43.5892 3
      vertex 94.25 43.5892 0
    endloop
  endfacet
  facet normal -1 -0 0
    outer loop
      vertex 94.25 43.5892 3
      vertex 94.25 38.9704 0
      vertex 94.25 38.9704 3
    endloop
  endfacet
  facet normal -0.5 0.866026 0
    outer loop
      vertex 94.25 38.9704 0
      vertex 90.25 36.661 3
      vertex 94.25 38.9704 3
    endloop
  endfacet
  facet normal -0.5 0.866026 0
    outer loop
      vertex 90.25 36.661 3
      vertex 94.25 38.9704 0
      vertex 90.25 36.661 0
    endloop
  endfacet
  facet normal 0.5 0.866026 -0
    outer loop
      vertex 90.25 36.661 0
      vertex 86.25 38.9704 3
      vertex 90.25 36.661 3
    endloop
  endfacet
  facet normal 0.5 0.866026 0
    outer loop
      vertex 86.25 38.9704 3
      vertex 90.25 36.661 0
      vertex 86.25 38.9704 0
    endloop
  endfacet
  facet normal 1 -0 0
    outer loop
      vertex 133.5 29.8771 3
      vertex 133.5 34.4959 0
      vertex 133.5 34.4959 3
    endloop
  endfacet
  facet normal 1 0 0
    outer loop
      vertex 133.5 34.4959 0
      vertex 133.5 29.8771 3
      vertex 133.5 29.8771 0
    endloop
  endfacet
  facet normal 0.5 -0.866026 0
    outer loop
      vertex 133.5 34.4959 0
      vertex 137.5 36.8053 3
      vertex 133.5 34.4959 3
    endloop
  endfacet
  facet normal 0.5 -0.866026 0
    outer loop
      vertex 137.5 36.8053 3
      vertex 133.5 34.4959 0
      vertex 137.5 36.8053 0
    endloop
  endfacet
  facet normal -0.5 -0.866026 0
    outer loop
      vertex 137.5 36.8053 0
      vertex 141.5 34.4959 3
      vertex 137.5 36.8053 3
    endloop
  endfacet
  facet normal -0.5 -0.866026 -0
    outer loop
      vertex 141.5 34.4959 3
      vertex 137.5 36.8053 0
      vertex 141.5 34.4959 0
    endloop
  endfacet
  facet normal -1 0 0
    outer loop
      vertex 141.5 29.8771 0
      vertex 141.5 34.4959 3
      vertex 141.5 34.4959 0
    endloop
  endfacet
  facet normal -1 -0 0
    outer loop
      vertex 141.5 34.4959 3
      vertex 141.5 29.8771 0
      vertex 141.5 29.8771 3
    endloop
  endfacet
  facet normal -0.5 0.866026 0
    outer loop
      vertex 141.5 29.8771 0
      vertex 137.5 27.5677 3
      vertex 141.5 29.8771 3
    endloop
  endfacet
  facet normal -0.5 0.866026 0
    outer loop
      vertex 137.5 27.5677 3
      vertex 141.5 29.8771 0
      vertex 137.5 27.5677 0
    endloop
  endfacet
  facet normal 0.5 0.866026 -0
    outer loop
      vertex 137.5 27.5677 0
      vertex 133.5 29.8771 3
      vertex 137.5 27.5677 3
    endloop
  endfacet
  facet normal 0.5 0.866026 0
    outer loop
      vertex 133.5 29.8771 3
      vertex 137.5 27.5677 0
      vertex 133.5 29.8771 0
    endloop
  endfacet
  facet normal 1 -0 0
    outer loop
      vertex 91.5 29.8771 3
      vertex 91.5 34.4959 0
      vertex 91.5 34.4959 3
    endloop
  endfacet
  facet normal 1 0 0
    outer loop
      vertex 91.5 34.4959 0
      vertex 91.5 29.8771 3
      vertex 91.5 29.8771 0
    endloop
  endfacet
  facet normal 0.5 -0.866026 0
    outer loop
      vertex 91.5 34.4959 0
      vertex 95.5 36.8053 3
      vertex 91.5 34.4959 3
    endloop
  endfacet
  facet normal 0.5 -0.866026 0
    outer loop
      vertex 95.5 36.8053 3
      vertex 91.5 34.4959 0
      vertex 95.5 36.8053 0
    endloop
  endfacet
  facet normal -0.5 -0.866026 0
    outer loop
      vertex 95.5 36.8053 0
      vertex 99.5 34.4959 3
      vertex 95.5 36.8053 3
    endloop
  endfacet
  facet normal -0.5 -0.866026 -0
    outer loop
      vertex 99.5 34.4959 3
      vertex 95.5 36.8053 0
      vertex 99.5 34.4959 0
    endloop
  endfacet
  facet normal -1 0 0
    outer loop
      vertex 99.5 29.8771 0
      vertex 99.5 34.4959 3
      vertex 99.5 34.4959 0
    endloop
  endfacet
  facet normal -1 -0 0
    outer loop
      vertex 99.5 34.4959 3
      vertex 99.5 29.8771 0
      vertex 99.5 29.8771 3
    endloop
  endfacet
  facet normal -0.5 0.866026 0
    outer loop
      vertex 99.5 29.8771 0
      vertex 95.5 27.5677 3
      vertex 99.5 29.8771 3
    endloop
  endfacet
  facet normal -0.5 0.866026 0
    outer loop
      vertex 95.5 27.5677 3
      vertex 99.5 29.8771 0
      vertex 95.5 27.5677 0
    endloop
  endfacet
  facet normal 0.5 0.866026 -0
    outer loop
      vertex 95.5 27.5677 0
      vertex 91.5 29.8771 3
      vertex 95.5 27.5677 3
    endloop
  endfacet
  facet normal 0.5 0.866026 0
    outer loop
      vertex 91.5 29.8771 3
      vertex 95.5 27.5677 0
      vertex 91.5 29.8771 0
    endloop
  endfacet
  facet normal 1 -0 0
    outer loop
      vertex 144 29.8771 3
      vertex 144 34.4959 0
      vertex 144 34.4959 3
    endloop
  endfacet
  facet normal 1 0 0
    outer loop
      vertex 144 34.4959 0
      vertex 144 29.8771 3
      vertex 144 29.8771 0
    endloop
  endfacet
  facet normal 0.5 -0.866026 0
    outer loop
      vertex 144 34.4959 0
      vertex 148 36.8053 3
      vertex 144 34.4959 3
    endloop
  endfacet
  facet normal 0.5 -0.866026 0
    outer loop
      vertex 148 36.8053 3
      vertex 144 34.4959 0
      vertex 148 36.8053 0
    endloop
  endfacet
  facet normal -0.5 -0.866026 0
    outer loop
      vertex 148 36.8053 0
      vertex 152 34.4959 3
      vertex 148 36.8053 3
    endloop
  endfacet
  facet normal -0.5 -0.866026 -0
    outer loop
      vertex 152 34.4959 3
      vertex 148 36.8053 0
      vertex 152 34.4959 0
    endloop
  endfacet
  facet normal -1 0 0
    outer loop
      vertex 152 29.8771 0
      vertex 152 34.4959 3
      vertex 152 34.4959 0
    endloop
  endfacet
  facet normal -1 -0 0
    outer loop
      vertex 152 34.4959 3
      vertex 152 29.8771 0
      vertex 152 29.8771 3
    endloop
  endfacet
  facet normal -0.5 0.866026 0
    outer loop
      vertex 152 29.8771 0
      vertex 148 27.5677 3
      vertex 152 29.8771 3
    endloop
  endfacet
  facet normal -0.5 0.866026 0
    outer loop
      vertex 148 27.5677 3
      vertex 152 29.8771 0
      vertex 148 27.5677 0
    endloop
  endfacet
  facet normal 0.5 0.866026 -0
    outer loop
      vertex 148 27.5677 0
      vertex 144 29.8771 3
      vertex 148 27.5677 3
    endloop
  endfacet
  facet normal 0.5 0.866026 0
    outer loop
      vertex 144 29.8771 3
      vertex 148 27.5677 0
      vertex 144 29.8771 0
    endloop
  endfacet
  facet normal 1 -0 0
    outer loop
      vertex 123 29.8771 3
      vertex 123 34.4959 0
      vertex 123 34.4959 3
    endloop
  endfacet
  facet normal 1 0 0
    outer loop
      vertex 123 34.4959 0
      vertex 123 29.8771 3
      vertex 123 29.8771 0
    endloop
  endfacet
  facet normal 0.5 -0.866026 0
    outer loop
      vertex 123 34.4959 0
      vertex 127 36.8053 3
      vertex 123 34.4959 3
    endloop
  endfacet
  facet normal 0.5 -0.866026 0
    outer loop
      vertex 127 36.8053 3
      vertex 123 34.4959 0
      vertex 127 36.8053 0
    endloop
  endfacet
  facet normal -0.5 -0.866026 0
    outer loop
      vertex 127 36.8053 0
      vertex 131 34.4959 3
      vertex 127 36.8053 3
    endloop
  endfacet
  facet normal -0.5 -0.866026 -0
    outer loop
      vertex 131 34.4959 3
      vertex 127 36.8053 0
      vertex 131 34.4959 0
    endloop
  endfacet
  facet normal -1 0 0
    outer loop
      vertex 131 29.8771 0
      vertex 131 34.4959 3
      vertex 131 34.4959 0
    endloop
  endfacet
  facet normal -1 -0 0
    outer loop
      vertex 131 34.4959 3
      vertex 131 29.8771 0
      vertex 131 29.8771 3
    endloop
  endfacet
  facet normal -0.5 0.866026 0
    outer loop
      vertex 131 29.8771 0
      vertex 127 27.5677 3
      vertex 131 29.8771 3
    endloop
  endfacet
  facet normal -0.5 0.866026 0
    outer loop
      vertex 127 27.5677 3
      vertex 131 29.8771 0
      vertex 127 27.5677 0
    endloop
  endfacet
  facet normal 0.5 0.866026 -0
    outer loop
      vertex 127 27.5677 0
      vertex 123 29.8771 3
      vertex 127 27.5677 3
    endloop
  endfacet
  facet normal 0.5 0.866026 0
    outer loop
      vertex 123 29.8771 3
      vertex 127 27.5677 0
      vertex 123 29.8771 0
    endloop
  endfacet
  facet normal 1 -0 0
    outer loop
      vertex 112.5 29.8771 3
      vertex 112.5 34.4959 0
      vertex 112.5 34.4959 3
    endloop
  endfacet
  facet normal 1 0 0
    outer loop
      vertex 112.5 34.4959 0
      vertex 112.5 29.8771 3
      vertex 112.5 29.8771 0
    endloop
  endfacet
  facet normal 0.5 -0.866026 0
    outer loop
      vertex 112.5 34.4959 0
      vertex 116.5 36.8053 3
      vertex 112.5 34.4959 3
    endloop
  endfacet
  facet normal 0.5 -0.866026 0
    outer loop
      vertex 116.5 36.8053 3
      vertex 112.5 34.4959 0
      vertex 116.5 36.8053 0
    endloop
  endfacet
  facet normal -0.5 -0.866026 0
    outer loop
      vertex 116.5 36.8053 0
      vertex 120.5 34.4959 3
      vertex 116.5 36.8053 3
    endloop
  endfacet
  facet normal -0.5 -0.866026 -0
    outer loop
      vertex 120.5 34.4959 3
      vertex 116.5 36.8053 0
      vertex 120.5 34.4959 0
    endloop
  endfacet
  facet normal -1 0 0
    outer loop
      vertex 120.5 29.8771 0
      vertex 120.5 34.4959 3
      vertex 120.5 34.4959 0
    endloop
  endfacet
  facet normal -1 -0 0
    outer loop
      vertex 120.5 34.4959 3
      vertex 120.5 29.8771 0
      vertex 120.5 29.8771 3
    endloop
  endfacet
  facet normal -0.5 0.866026 0
    outer loop
      vertex 120.5 29.8771 0
      vertex 116.5 27.5677 3
      vertex 120.5 29.8771 3
    endloop
  endfacet
  facet normal -0.5 0.866026 0
    outer loop
      vertex 116.5 27.5677 3
      vertex 120.5 29.8771 0
      vertex 116.5 27.5677 0
    endloop
  endfacet
  facet normal 0.5 0.866026 -0
    outer loop
      vertex 116.5 27.5677 0
      vertex 112.5 29.8771 3
      vertex 116.5 27.5677 3
    endloop
  endfacet
  facet normal 0.5 0.866026 0
    outer loop
      vertex 112.5 29.8771 3
      vertex 116.5 27.5677 0
      vertex 112.5 29.8771 0
    endloop
  endfacet
  facet normal 1 -0 0
    outer loop
      vertex 102 29.8771 3
      vertex 102 34.4959 0
      vertex 102 34.4959 3
    endloop
  endfacet
  facet normal 1 0 0
    outer loop
      vertex 102 34.4959 0
      vertex 102 29.8771 3
      vertex 102 29.8771 0
    endloop
  endfacet
  facet normal 0.5 -0.866026 0
    outer loop
      vertex 102 34.4959 0
      vertex 106 36.8053 3
      vertex 102 34.4959 3
    endloop
  endfacet
  facet normal 0.5 -0.866026 0
    outer loop
      vertex 106 36.8053 3
      vertex 102 34.4959 0
      vertex 106 36.8053 0
    endloop
  endfacet
  facet normal -0.5 -0.866026 0
    outer loop
      vertex 106 36.8053 0
      vertex 110 34.4959 3
      vertex 106 36.8053 3
    endloop
  endfacet
  facet normal -0.5 -0.866026 -0
    outer loop
      vertex 110 34.4959 3
      vertex 106 36.8053 0
      vertex 110 34.4959 0
    endloop
  endfacet
  facet normal -1 0 0
    outer loop
      vertex 110 29.8771 0
      vertex 110 34.4959 3
      vertex 110 34.4959 0
    endloop
  endfacet
  facet normal -1 -0 0
    outer loop
      vertex 110 34.4959 3
      vertex 110 29.8771 0
      vertex 110 29.8771 3
    endloop
  endfacet
  facet normal -0.5 0.866026 0
    outer loop
      vertex 110 29.8771 0
      vertex 106 27.5677 3
      vertex 110 29.8771 3
    endloop
  endfacet
  facet normal -0.5 0.866026 0
    outer loop
      vertex 106 27.5677 3
      vertex 110 29.8771 0
      vertex 106 27.5677 0
    endloop
  endfacet
  facet normal 0.5 0.866026 -0
    outer loop
      vertex 106 27.5677 0
      vertex 102 29.8771 3
      vertex 106 27.5677 3
    endloop
  endfacet
  facet normal 0.5 0.866026 0
    outer loop
      vertex 102 29.8771 3
      vertex 106 27.5677 0
      vertex 102 29.8771 0
    endloop
  endfacet
  facet normal 1 -0 0
    outer loop
      vertex 70.5 29.8771 3
      vertex 70.5 34.4959 0
      vertex 70.5 34.4959 3
    endloop
  endfacet
  facet normal 1 0 0
    outer loop
      vertex 70.5 34.4959 0
      vertex 70.5 29.8771 3
      vertex 70.5 29.8771 0
    endloop
  endfacet
  facet normal 0.5 -0.866026 0
    outer loop
      vertex 70.5 34.4959 0
      vertex 74.5 36.8053 3
      vertex 70.5 34.4959 3
    endloop
  endfacet
  facet normal 0.5 -0.866026 0
    outer loop
      vertex 74.5 36.8053 3
      vertex 70.5 34.4959 0
      vertex 74.5 36.8053 0
    endloop
  endfacet
  facet normal -0.5 -0.866026 0
    outer loop
      vertex 74.5 36.8053 0
      vertex 78.5 34.4959 3
      vertex 74.5 36.8053 3
    endloop
  endfacet
  facet normal -0.5 -0.866026 -0
    outer loop
      vertex 78.5 34.4959 3
      vertex 74.5 36.8053 0
      vertex 78.5 34.4959 0
    endloop
  endfacet
  facet normal -1 0 0
    outer loop
      vertex 78.5 29.8771 0
      vertex 78.5 34.4959 3
      vertex 78.5 34.4959 0
    endloop
  endfacet
  facet normal -1 -0 0
    outer loop
      vertex 78.5 34.4959 3
      vertex 78.5 29.8771 0
      vertex 78.5 29.8771 3
    endloop
  endfacet
  facet normal -0.5 0.866026 0
    outer loop
      vertex 78.5 29.8771 0
      vertex 74.5 27.5677 3
      vertex 78.5 29.8771 3
    endloop
  endfacet
  facet normal -0.5 0.866026 0
    outer loop
      vertex 74.5 27.5677 3
      vertex 78.5 29.8771 0
      vertex 74.5 27.5677 0
    endloop
  endfacet
  facet normal 0.5 0.866026 -0
    outer loop
      vertex 74.5 27.5677 0
      vertex 70.5 29.8771 3
      vertex 74.5 27.5677 3
    endloop
  endfacet
  facet normal 0.5 0.866026 0
    outer loop
      vertex 70.5 29.8771 3
      vertex 74.5 27.5677 0
      vertex 70.5 29.8771 0
    endloop
  endfacet
  facet normal 1 -0 0
    outer loop
      vertex 49.5 29.8771 3
      vertex 49.5 34.4959 0
      vertex 49.5 34.4959 3
    endloop
  endfacet
  facet normal 1 0 0
    outer loop
      vertex 49.5 34.4959 0
      vertex 49.5 29.8771 3
      vertex 49.5 29.8771 0
    endloop
  endfacet
  facet normal 0.5 -0.866026 0
    outer loop
      vertex 49.5 34.4959 0
      vertex 53.5 36.8053 3
      vertex 49.5 34.4959 3
    endloop
  endfacet
  facet normal 0.5 -0.866026 0
    outer loop
      vertex 53.5 36.8053 3
      vertex 49.5 34.4959 0
      vertex 53.5 36.8053 0
    endloop
  endfacet
  facet normal -0.5 -0.866026 0
    outer loop
      vertex 53.5 36.8053 0
      vertex 57.5 34.4959 3
      vertex 53.5 36.8053 3
    endloop
  endfacet
  facet normal -0.5 -0.866026 -0
    outer loop
      vertex 57.5 34.4959 3
      vertex 53.5 36.8053 0
      vertex 57.5 34.4959 0
    endloop
  endfacet
  facet normal -1 0 0
    outer loop
      vertex 57.5 29.8771 0
      vertex 57.5 34.4959 3
      vertex 57.5 34.4959 0
    endloop
  endfacet
  facet normal -1 -0 0
    outer loop
      vertex 57.5 34.4959 3
      vertex 57.5 29.8771 0
      vertex 57.5 29.8771 3
    endloop
  endfacet
  facet normal -0.5 0.866026 0
    outer loop
      vertex 57.5 29.8771 0
      vertex 53.5 27.5677 3
      vertex 57.5 29.8771 3
    endloop
  endfacet
  facet normal -0.5 0.866026 0
    outer loop
      vertex 53.5 27.5677 3
      vertex 57.5 29.8771 0
      vertex 53.5 27.5677 0
    endloop
  endfacet
  facet normal 0.5 0.866026 -0
    outer loop
      vertex 53.5 27.5677 0
      vertex 49.5 29.8771 3
      vertex 53.5 27.5677 3
    endloop
  endfacet
  facet normal 0.5 0.866026 0
    outer loop
      vertex 49.5 29.8771 3
      vertex 53.5 27.5677 0
      vertex 49.5 29.8771 0
    endloop
  endfacet
  facet normal 1 -0 0
    outer loop
      vertex 39 29.8771 3
      vertex 39 34.4959 0
      vertex 39 34.4959 3
    endloop
  endfacet
  facet normal 1 0 0
    outer loop
      vertex 39 34.4959 0
      vertex 39 29.8771 3
      vertex 39 29.8771 0
    endloop
  endfacet
  facet normal 0.5 -0.866026 0
    outer loop
      vertex 39 34.4959 0
      vertex 43 36.8053 3
      vertex 39 34.4959 3
    endloop
  endfacet
  facet normal 0.5 -0.866026 0
    outer loop
      vertex 43 36.8053 3
      vertex 39 34.4959 0
      vertex 43 36.8053 0
    endloop
  endfacet
  facet normal -0.5 -0.866026 0
    outer loop
      vertex 43 36.8053 0
      vertex 47 34.4959 3
      vertex 43 36.8053 3
    endloop
  endfacet
  facet normal -0.5 -0.866026 -0
    outer loop
      vertex 47 34.4959 3
      vertex 43 36.8053 0
      vertex 47 34.4959 0
    endloop
  endfacet
  facet normal -1 0 0
    outer loop
      vertex 47 29.8771 0
      vertex 47 34.4959 3
      vertex 47 34.4959 0
    endloop
  endfacet
  facet normal -1 -0 0
    outer loop
      vertex 47 34.4959 3
      vertex 47 29.8771 0
      vertex 47 29.8771 3
    endloop
  endfacet
  facet normal -0.5 0.866026 0
    outer loop
      vertex 47 29.8771 0
      vertex 43 27.5677 3
      vertex 47 29.8771 3
    endloop
  endfacet
  facet normal -0.5 0.866026 0
    outer loop
      vertex 43 27.5677 3
      vertex 47 29.8771 0
      vertex 43 27.5677 0
    endloop
  endfacet
  facet normal 0.5 0.866026 -0
    outer loop
      vertex 43 27.5677 0
      vertex 39 29.8771 3
      vertex 43 27.5677 3
    endloop
  endfacet
  facet normal 0.5 0.866026 0
    outer loop
      vertex 39 29.8771 3
      vertex 43 27.5677 0
      vertex 39 29.8771 0
    endloop
  endfacet
  facet normal 1 -0 0
    outer loop
      vertex 28.5 29.8771 3
      vertex 28.5 34.4959 0
      vertex 28.5 34.4959 3
    endloop
  endfacet
  facet normal 1 0 0
    outer loop
      vertex 28.5 34.4959 0
      vertex 28.5 29.8771 3
      vertex 28.5 29.8771 0
    endloop
  endfacet
  facet normal 0.5 -0.866026 0
    outer loop
      vertex 28.5 34.4959 0
      vertex 32.5 36.8053 3
      vertex 28.5 34.4959 3
    endloop
  endfacet
  facet normal 0.5 -0.866026 0
    outer loop
      vertex 32.5 36.8053 3
      vertex 28.5 34.4959 0
      vertex 32.5 36.8053 0
    endloop
  endfacet
  facet normal -0.5 -0.866026 0
    outer loop
      vertex 32.5 36.8053 0
      vertex 36.5 34.4959 3
      vertex 32.5 36.8053 3
    endloop
  endfacet
  facet normal -0.5 -0.866026 -0
    outer loop
      vertex 36.5 34.4959 3
      vertex 32.5 36.8053 0
      vertex 36.5 34.4959 0
    endloop
  endfacet
  facet normal -1 0 0
    outer loop
      vertex 36.5 29.8771 0
      vertex 36.5 34.4959 3
      vertex 36.5 34.4959 0
    endloop
  endfacet
  facet normal -1 -0 0
    outer loop
      vertex 36.5 34.4959 3
      vertex 36.5 29.8771 0
      vertex 36.5 29.8771 3
    endloop
  endfacet
  facet normal -0.5 0.866026 0
    outer loop
      vertex 36.5 29.8771 0
      vertex 32.5 27.5677 3
      vertex 36.5 29.8771 3
    endloop
  endfacet
  facet normal -0.5 0.866026 0
    outer loop
      vertex 32.5 27.5677 3
      vertex 36.5 29.8771 0
      vertex 32.5 27.5677 0
    endloop
  endfacet
  facet normal 0.5 0.866026 -0
    outer loop
      vertex 32.5 27.5677 0
      vertex 28.5 29.8771 3
      vertex 32.5 27.5677 3
    endloop
  endfacet
  facet normal 0.5 0.866026 0
    outer loop
      vertex 28.5 29.8771 3
      vertex 32.5 27.5677 0
      vertex 28.5 29.8771 0
    endloop
  endfacet
  facet normal 1 -0 0
    outer loop
      vertex 60 29.8771 3
      vertex 60 34.4959 0
      vertex 60 34.4959 3
    endloop
  endfacet
  facet normal 1 0 0
    outer loop
      vertex 60 34.4959 0
      vertex 60 29.8771 3
      vertex 60 29.8771 0
    endloop
  endfacet
  facet normal 0.5 -0.866026 0
    outer loop
      vertex 60 34.4959 0
      vertex 64 36.8053 3
      vertex 60 34.4959 3
    endloop
  endfacet
  facet normal 0.5 -0.866026 0
    outer loop
      vertex 64 36.8053 3
      vertex 60 34.4959 0
      vertex 64 36.8053 0
    endloop
  endfacet
  facet normal -0.5 -0.866026 0
    outer loop
      vertex 64 36.8053 0
      vertex 68 34.4959 3
      vertex 64 36.8053 3
    endloop
  endfacet
  facet normal -0.5 -0.866026 -0
    outer loop
      vertex 68 34.4959 3
      vertex 64 36.8053 0
      vertex 68 34.4959 0
    endloop
  endfacet
  facet normal -1 0 0
    outer loop
      vertex 68 29.8771 0
      vertex 68 34.4959 3
      vertex 68 34.4959 0
    endloop
  endfacet
  facet normal -1 -0 0
    outer loop
      vertex 68 34.4959 3
      vertex 68 29.8771 0
      vertex 68 29.8771 3
    endloop
  endfacet
  facet normal -0.5 0.866026 0
    outer loop
      vertex 68 29.8771 0
      vertex 64 27.5677 3
      vertex 68 29.8771 3
    endloop
  endfacet
  facet normal -0.5 0.866026 0
    outer loop
      vertex 64 27.5677 3
      vertex 68 29.8771 0
      vertex 64 27.5677 0
    endloop
  endfacet
  facet normal 0.5 0.866026 -0
    outer loop
      vertex 64 27.5677 0
      vertex 60 29.8771 3
      vertex 64 27.5677 3
    endloop
  endfacet
  facet normal 0.5 0.866026 0
    outer loop
      vertex 60 29.8771 3
      vertex 64 27.5677 0
      vertex 60 29.8771 0
    endloop
  endfacet
  facet normal 1 -0 0
    outer loop
      vertex 81 29.8771 3
      vertex 81 34.4959 0
      vertex 81 34.4959 3
    endloop
  endfacet
  facet normal 1 0 0
    outer loop
      vertex 81 34.4959 0
      vertex 81 29.8771 3
      vertex 81 29.8771 0
    endloop
  endfacet
  facet normal 0.5 -0.866026 0
    outer loop
      vertex 81 34.4959 0
      vertex 85 36.8053 3
      vertex 81 34.4959 3
    endloop
  endfacet
  facet normal 0.5 -0.866026 0
    outer loop
      vertex 85 36.8053 3
      vertex 81 34.4959 0
      vertex 85 36.8053 0
    endloop
  endfacet
  facet normal -0.5 -0.866026 0
    outer loop
      vertex 85 36.8053 0
      vertex 89 34.4959 3
      vertex 85 36.8053 3
    endloop
  endfacet
  facet normal -0.5 -0.866026 -0
    outer loop
      vertex 89 34.4959 3
      vertex 85 36.8053 0
      vertex 89 34.4959 0
    endloop
  endfacet
  facet normal -1 0 0
    outer loop
      vertex 89 29.8771 0
      vertex 89 34.4959 3
      vertex 89 34.4959 0
    endloop
  endfacet
  facet normal -1 -0 0
    outer loop
      vertex 89 34.4959 3
      vertex 89 29.8771 0
      vertex 89 29.8771 3
    endloop
  endfacet
  facet normal -0.5 0.866026 0
    outer loop
      vertex 89 29.8771 0
      vertex 85 27.5677 3
      vertex 89 29.8771 3
    endloop
  endfacet
  facet normal -0.5 0.866026 0
    outer loop
      vertex 85 27.5677 3
      vertex 89 29.8771 0
      vertex 85 27.5677 0
    endloop
  endfacet
  facet normal 0.5 0.866026 -0
    outer loop
      vertex 85 27.5677 0
      vertex 81 29.8771 3
      vertex 85 27.5677 3
    endloop
  endfacet
  facet normal 0.5 0.866026 0
    outer loop
      vertex 81 29.8771 3
      vertex 85 27.5677 0
      vertex 81 29.8771 0
    endloop
  endfacet
  facet normal 1 -0 0
    outer loop
      vertex 23.25 20.7839 3
      vertex 23.25 25.4027 0
      vertex 23.25 25.4027 3
    endloop
  endfacet
  facet normal 1 0 0
    outer loop
      vertex 23.25 25.4027 0
      vertex 23.25 20.7839 3
      vertex 23.25 20.7839 0
    endloop
  endfacet
  facet normal 0.5 -0.866026 0
    outer loop
      vertex 23.25 25.4027 0
      vertex 27.25 27.7121 3
      vertex 23.25 25.4027 3
    endloop
  endfacet
  facet normal 0.5 -0.866026 0
    outer loop
      vertex 27.25 27.7121 3
      vertex 23.25 25.4027 0
      vertex 27.25 27.7121 0
    endloop
  endfacet
  facet normal -0.5 -0.866026 0
    outer loop
      vertex 27.25 27.7121 0
      vertex 31.25 25.4027 3
      vertex 27.25 27.7121 3
    endloop
  endfacet
  facet normal -0.5 -0.866026 -0
    outer loop
      vertex 31.25 25.4027 3
      vertex 27.25 27.7121 0
      vertex 31.25 25.4027 0
    endloop
  endfacet
  facet normal -1 0 0
    outer loop
      vertex 31.25 20.7839 0
      vertex 31.25 25.4027 3
      vertex 31.25 25.4027 0
    endloop
  endfacet
  facet normal -1 -0 0
    outer loop
      vertex 31.25 25.4027 3
      vertex 31.25 20.7839 0
      vertex 31.25 20.7839 3
    endloop
  endfacet
  facet normal -0.5 0.866026 0
    outer loop
      vertex 31.25 20.7839 0
      vertex 27.25 18.4745 3
      vertex 31.25 20.7839 3
    endloop
  endfacet
  facet normal -0.5 0.866026 0
    outer loop
      vertex 27.25 18.4745 3
      vertex 31.25 20.7839 0
      vertex 27.25 18.4745 0
    endloop
  endfacet
  facet normal 0.5 0.866026 -0
    outer loop
      vertex 27.25 18.4745 0
      vertex 23.25 20.7839 3
      vertex 27.25 18.4745 3
    endloop
  endfacet
  facet normal 0.5 0.866026 0
    outer loop
      vertex 23.25 20.7839 3
      vertex 27.25 18.4745 0
      vertex 23.25 20.7839 0
    endloop
  endfacet
  facet normal 1 -0 0
    outer loop
      vertex 149.25 20.7839 3
      vertex 149.25 25.4027 0
      vertex 149.25 25.4027 3
    endloop
  endfacet
  facet normal 1 0 0
    outer loop
      vertex 149.25 25.4027 0
      vertex 149.25 20.7839 3
      vertex 149.25 20.7839 0
    endloop
  endfacet
  facet normal 0.5 -0.866026 0
    outer loop
      vertex 149.25 25.4027 0
      vertex 153.25 27.7121 3
      vertex 149.25 25.4027 3
    endloop
  endfacet
  facet normal 0.5 -0.866026 0
    outer loop
      vertex 153.25 27.7121 3
      vertex 149.25 25.4027 0
      vertex 153.25 27.7121 0
    endloop
  endfacet
  facet normal -0.5 -0.866026 0
    outer loop
      vertex 153.25 27.7121 0
      vertex 157.25 25.4027 3
      vertex 153.25 27.7121 3
    endloop
  endfacet
  facet normal -0.5 -0.866026 -0
    outer loop
      vertex 157.25 25.4027 3
      vertex 153.25 27.7121 0
      vertex 157.25 25.4027 0
    endloop
  endfacet
  facet normal -1 0 0
    outer loop
      vertex 157.25 20.7839 0
      vertex 157.25 25.4027 3
      vertex 157.25 25.4027 0
    endloop
  endfacet
  facet normal -1 -0 0
    outer loop
      vertex 157.25 25.4027 3
      vertex 157.25 20.7839 0
      vertex 157.25 20.7839 3
    endloop
  endfacet
  facet normal -0.5 0.866026 0
    outer loop
      vertex 157.25 20.7839 0
      vertex 153.25 18.4745 3
      vertex 157.25 20.7839 3
    endloop
  endfacet
  facet normal -0.5 0.866026 0
    outer loop
      vertex 153.25 18.4745 3
      vertex 157.25 20.7839 0
      vertex 153.25 18.4745 0
    endloop
  endfacet
  facet normal 0.5 0.866026 -0
    outer loop
      vertex 153.25 18.4745 0
      vertex 149.25 20.7839 3
      vertex 153.25 18.4745 3
    endloop
  endfacet
  facet normal 0.5 0.866026 0
    outer loop
      vertex 149.25 20.7839 3
      vertex 153.25 18.4745 0
      vertex 149.25 20.7839 0
    endloop
  endfacet
  facet normal 1 -0 0
    outer loop
      vertex 138.75 20.7839 3
      vertex 138.75 25.4027 0
      vertex 138.75 25.4027 3
    endloop
  endfacet
  facet normal 1 0 0
    outer loop
      vertex 138.75 25.4027 0
      vertex 138.75 20.7839 3
      vertex 138.75 20.7839 0
    endloop
  endfacet
  facet normal 0.5 -0.866026 0
    outer loop
      vertex 138.75 25.4027 0
      vertex 142.75 27.7121 3
      vertex 138.75 25.4027 3
    endloop
  endfacet
  facet normal 0.5 -0.866026 0
    outer loop
      vertex 142.75 27.7121 3
      vertex 138.75 25.4027 0
      vertex 142.75 27.7121 0
    endloop
  endfacet
  facet normal -0.5 -0.866026 0
    outer loop
      vertex 142.75 27.7121 0
      vertex 146.75 25.4027 3
      vertex 142.75 27.7121 3
    endloop
  endfacet
  facet normal -0.5 -0.866026 -0
    outer loop
      vertex 146.75 25.4027 3
      vertex 142.75 27.7121 0
      vertex 146.75 25.4027 0
    endloop
  endfacet
  facet normal -1 0 0
    outer loop
      vertex 146.75 20.7839 0
      vertex 146.75 25.4027 3
      vertex 146.75 25.4027 0
    endloop
  endfacet
  facet normal -1 -0 0
    outer loop
      vertex 146.75 25.4027 3
      vertex 146.75 20.7839 0
      vertex 146.75 20.7839 3
    endloop
  endfacet
  facet normal -0.5 0.866026 0
    outer loop
      vertex 146.75 20.7839 0
      vertex 142.75 18.4745 3
      vertex 146.75 20.7839 3
    endloop
  endfacet
  facet normal -0.5 0.866026 0
    outer loop
      vertex 142.75 18.4745 3
      vertex 146.75 20.7839 0
      vertex 142.75 18.4745 0
    endloop
  endfacet
  facet normal 0.5 0.866026 -0
    outer loop
      vertex 142.75 18.4745 0
      vertex 138.75 20.7839 3
      vertex 142.75 18.4745 3
    endloop
  endfacet
  facet normal 0.5 0.866026 0
    outer loop
      vertex 138.75 20.7839 3
      vertex 142.75 18.4745 0
      vertex 138.75 20.7839 0
    endloop
  endfacet
  facet normal 1 -0 0
    outer loop
      vertex 128.25 20.7839 3
      vertex 128.25 25.4027 0
      vertex 128.25 25.4027 3
    endloop
  endfacet
  facet normal 1 0 0
    outer loop
      vertex 128.25 25.4027 0
      vertex 128.25 20.7839 3
      vertex 128.25 20.7839 0
    endloop
  endfacet
  facet normal 0.5 -0.866026 0
    outer loop
      vertex 128.25 25.4027 0
      vertex 132.25 27.7121 3
      vertex 128.25 25.4027 3
    endloop
  endfacet
  facet normal 0.5 -0.866026 0
    outer loop
      vertex 132.25 27.7121 3
      vertex 128.25 25.4027 0
      vertex 132.25 27.7121 0
    endloop
  endfacet
  facet normal -0.5 -0.866026 0
    outer loop
      vertex 132.25 27.7121 0
      vertex 136.25 25.4027 3
      vertex 132.25 27.7121 3
    endloop
  endfacet
  facet normal -0.5 -0.866026 -0
    outer loop
      vertex 136.25 25.4027 3
      vertex 132.25 27.7121 0
      vertex 136.25 25.4027 0
    endloop
  endfacet
  facet normal -1 0 0
    outer loop
      vertex 136.25 20.7839 0
      vertex 136.25 25.4027 3
      vertex 136.25 25.4027 0
    endloop
  endfacet
  facet normal -1 -0 0
    outer loop
      vertex 136.25 25.4027 3
      vertex 136.25 20.7839 0
      vertex 136.25 20.7839 3
    endloop
  endfacet
  facet normal -0.5 0.866026 0
    outer loop
      vertex 136.25 20.7839 0
      vertex 132.25 18.4745 3
      vertex 136.25 20.7839 3
    endloop
  endfacet
  facet normal -0.5 0.866026 0
    outer loop
      vertex 132.25 18.4745 3
      vertex 136.25 20.7839 0
      vertex 132.25 18.4745 0
    endloop
  endfacet
  facet normal 0.5 0.866026 -0
    outer loop
      vertex 132.25 18.4745 0
      vertex 128.25 20.7839 3
      vertex 132.25 18.4745 3
    endloop
  endfacet
  facet normal 0.5 0.866026 0
    outer loop
      vertex 128.25 20.7839 3
      vertex 132.25 18.4745 0
      vertex 128.25 20.7839 0
    endloop
  endfacet
  facet normal 1 -0 0
    outer loop
      vertex 117.75 20.7839 3
      vertex 117.75 25.4027 0
      vertex 117.75 25.4027 3
    endloop
  endfacet
  facet normal 1 0 0
    outer loop
      vertex 117.75 25.4027 0
      vertex 117.75 20.7839 3
      vertex 117.75 20.7839 0
    endloop
  endfacet
  facet normal 0.5 -0.866026 0
    outer loop
      vertex 117.75 25.4027 0
      vertex 121.75 27.7121 3
      vertex 117.75 25.4027 3
    endloop
  endfacet
  facet normal 0.5 -0.866026 0
    outer loop
      vertex 121.75 27.7121 3
      vertex 117.75 25.4027 0
      vertex 121.75 27.7121 0
    endloop
  endfacet
  facet normal -0.5 -0.866026 0
    outer loop
      vertex 121.75 27.7121 0
      vertex 125.75 25.4027 3
      vertex 121.75 27.7121 3
    endloop
  endfacet
  facet normal -0.5 -0.866026 -0
    outer loop
      vertex 125.75 25.4027 3
      vertex 121.75 27.7121 0
      vertex 125.75 25.4027 0
    endloop
  endfacet
  facet normal -1 0 0
    outer loop
      vertex 125.75 20.7839 0
      vertex 125.75 25.4027 3
      vertex 125.75 25.4027 0
    endloop
  endfacet
  facet normal -1 -0 0
    outer loop
      vertex 125.75 25.4027 3
      vertex 125.75 20.7839 0
      vertex 125.75 20.7839 3
    endloop
  endfacet
  facet normal -0.5 0.866026 0
    outer loop
      vertex 125.75 20.7839 0
      vertex 121.75 18.4745 3
      vertex 125.75 20.7839 3
    endloop
  endfacet
  facet normal -0.5 0.866026 0
    outer loop
      vertex 121.75 18.4745 3
      vertex 125.75 20.7839 0
      vertex 121.75 18.4745 0
    endloop
  endfacet
  facet normal 0.5 0.866026 -0
    outer loop
      vertex 121.75 18.4745 0
      vertex 117.75 20.7839 3
      vertex 121.75 18.4745 3
    endloop
  endfacet
  facet normal 0.5 0.866026 0
    outer loop
      vertex 117.75 20.7839 3
      vertex 121.75 18.4745 0
      vertex 117.75 20.7839 0
    endloop
  endfacet
  facet normal 1 -0 0
    outer loop
      vertex 107.25 20.7839 3
      vertex 107.25 25.4027 0
      vertex 107.25 25.4027 3
    endloop
  endfacet
  facet normal 1 0 0
    outer loop
      vertex 107.25 25.4027 0
      vertex 107.25 20.7839 3
      vertex 107.25 20.7839 0
    endloop
  endfacet
  facet normal 0.5 -0.866026 0
    outer loop
      vertex 107.25 25.4027 0
      vertex 111.25 27.7121 3
      vertex 107.25 25.4027 3
    endloop
  endfacet
  facet normal 0.5 -0.866026 0
    outer loop
      vertex 111.25 27.7121 3
      vertex 107.25 25.4027 0
      vertex 111.25 27.7121 0
    endloop
  endfacet
  facet normal -0.5 -0.866026 0
    outer loop
      vertex 111.25 27.7121 0
      vertex 115.25 25.4027 3
      vertex 111.25 27.7121 3
    endloop
  endfacet
  facet normal -0.5 -0.866026 -0
    outer loop
      vertex 115.25 25.4027 3
      vertex 111.25 27.7121 0
      vertex 115.25 25.4027 0
    endloop
  endfacet
  facet normal -1 0 0
    outer loop
      vertex 115.25 20.7839 0
      vertex 115.25 25.4027 3
      vertex 115.25 25.4027 0
    endloop
  endfacet
  facet normal -1 -0 0
    outer loop
      vertex 115.25 25.4027 3
      vertex 115.25 20.7839 0
      vertex 115.25 20.7839 3
    endloop
  endfacet
  facet normal -0.5 0.866026 0
    outer loop
      vertex 115.25 20.7839 0
      vertex 111.25 18.4745 3
      vertex 115.25 20.7839 3
    endloop
  endfacet
  facet normal -0.5 0.866026 0
    outer loop
      vertex 111.25 18.4745 3
      vertex 115.25 20.7839 0
      vertex 111.25 18.4745 0
    endloop
  endfacet
  facet normal 0.5 0.866026 -0
    outer loop
      vertex 111.25 18.4745 0
      vertex 107.25 20.7839 3
      vertex 111.25 18.4745 3
    endloop
  endfacet
  facet normal 0.5 0.866026 0
    outer loop
      vertex 107.25 20.7839 3
      vertex 111.25 18.4745 0
      vertex 107.25 20.7839 0
    endloop
  endfacet
  facet normal 1 -0 0
    outer loop
      vertex 96.75 20.7839 3
      vertex 96.75 25.4027 0
      vertex 96.75 25.4027 3
    endloop
  endfacet
  facet normal 1 0 0
    outer loop
      vertex 96.75 25.4027 0
      vertex 96.75 20.7839 3
      vertex 96.75 20.7839 0
    endloop
  endfacet
  facet normal 0.5 -0.866026 0
    outer loop
      vertex 96.75 25.4027 0
      vertex 100.75 27.7121 3
      vertex 96.75 25.4027 3
    endloop
  endfacet
  facet normal 0.5 -0.866026 0
    outer loop
      vertex 100.75 27.7121 3
      vertex 96.75 25.4027 0
      vertex 100.75 27.7121 0
    endloop
  endfacet
  facet normal -0.5 -0.866026 0
    outer loop
      vertex 100.75 27.7121 0
      vertex 104.75 25.4027 3
      vertex 100.75 27.7121 3
    endloop
  endfacet
  facet normal -0.5 -0.866026 -0
    outer loop
      vertex 104.75 25.4027 3
      vertex 100.75 27.7121 0
      vertex 104.75 25.4027 0
    endloop
  endfacet
  facet normal -1 0 0
    outer loop
      vertex 104.75 20.7839 0
      vertex 104.75 25.4027 3
      vertex 104.75 25.4027 0
    endloop
  endfacet
  facet normal -1 -0 0
    outer loop
      vertex 104.75 25.4027 3
      vertex 104.75 20.7839 0
      vertex 104.75 20.7839 3
    endloop
  endfacet
  facet normal -0.5 0.866026 0
    outer loop
      vertex 104.75 20.7839 0
      vertex 100.75 18.4745 3
      vertex 104.75 20.7839 3
    endloop
  endfacet
  facet normal -0.5 0.866026 0
    outer loop
      vertex 100.75 18.4745 3
      vertex 104.75 20.7839 0
      vertex 100.75 18.4745 0
    endloop
  endfacet
  facet normal 0.5 0.866026 -0
    outer loop
      vertex 100.75 18.4745 0
      vertex 96.75 20.7839 3
      vertex 100.75 18.4745 3
    endloop
  endfacet
  facet normal 0.5 0.866026 0
    outer loop
      vertex 96.75 20.7839 3
      vertex 100.75 18.4745 0
      vertex 96.75 20.7839 0
    endloop
  endfacet
  facet normal 1 -0 0
    outer loop
      vertex 86.25 20.7839 3
      vertex 86.25 25.4027 0
      vertex 86.25 25.4027 3
    endloop
  endfacet
  facet normal 1 0 0
    outer loop
      vertex 86.25 25.4027 0
      vertex 86.25 20.7839 3
      vertex 86.25 20.7839 0
    endloop
  endfacet
  facet normal 0.5 -0.866026 0
    outer loop
      vertex 86.25 25.4027 0
      vertex 90.25 27.7121 3
      vertex 86.25 25.4027 3
    endloop
  endfacet
  facet normal 0.5 -0.866026 0
    outer loop
      vertex 90.25 27.7121 3
      vertex 86.25 25.4027 0
      vertex 90.25 27.7121 0
    endloop
  endfacet
  facet normal -0.5 -0.866026 0
    outer loop
      vertex 90.25 27.7121 0
      vertex 94.25 25.4027 3
      vertex 90.25 27.7121 3
    endloop
  endfacet
  facet normal -0.5 -0.866026 -0
    outer loop
      vertex 94.25 25.4027 3
      vertex 90.25 27.7121 0
      vertex 94.25 25.4027 0
    endloop
  endfacet
  facet normal -1 0 0
    outer loop
      vertex 94.25 20.7839 0
      vertex 94.25 25.4027 3
      vertex 94.25 25.4027 0
    endloop
  endfacet
  facet normal -1 -0 0
    outer loop
      vertex 94.25 25.4027 3
      vertex 94.25 20.7839 0
      vertex 94.25 20.7839 3
    endloop
  endfacet
  facet normal -0.5 0.866026 0
    outer loop
      vertex 94.25 20.7839 0
      vertex 90.25 18.4745 3
      vertex 94.25 20.7839 3
    endloop
  endfacet
  facet normal -0.5 0.866026 0
    outer loop
      vertex 90.25 18.4745 3
      vertex 94.25 20.7839 0
      vertex 90.25 18.4745 0
    endloop
  endfacet
  facet normal 0.5 0.866026 -0
    outer loop
      vertex 90.25 18.4745 0
      vertex 86.25 20.7839 3
      vertex 90.25 18.4745 3
    endloop
  endfacet
  facet normal 0.5 0.866026 0
    outer loop
      vertex 86.25 20.7839 3
      vertex 90.25 18.4745 0
      vertex 86.25 20.7839 0
    endloop
  endfacet
  facet normal 1 -0 0
    outer loop
      vertex 75.75 20.7839 3
      vertex 75.75 25.4027 0
      vertex 75.75 25.4027 3
    endloop
  endfacet
  facet normal 1 0 0
    outer loop
      vertex 75.75 25.4027 0
      vertex 75.75 20.7839 3
      vertex 75.75 20.7839 0
    endloop
  endfacet
  facet normal 0.5 -0.866026 0
    outer loop
      vertex 75.75 25.4027 0
      vertex 79.75 27.7121 3
      vertex 75.75 25.4027 3
    endloop
  endfacet
  facet normal 0.5 -0.866026 0
    outer loop
      vertex 79.75 27.7121 3
      vertex 75.75 25.4027 0
      vertex 79.75 27.7121 0
    endloop
  endfacet
  facet normal -0.5 -0.866026 0
    outer loop
      vertex 79.75 27.7121 0
      vertex 83.75 25.4027 3
      vertex 79.75 27.7121 3
    endloop
  endfacet
  facet normal -0.5 -0.866026 -0
    outer loop
      vertex 83.75 25.4027 3
      vertex 79.75 27.7121 0
      vertex 83.75 25.4027 0
    endloop
  endfacet
  facet normal -1 0 0
    outer loop
      vertex 83.75 20.7839 0
      vertex 83.75 25.4027 3
      vertex 83.75 25.4027 0
    endloop
  endfacet
  facet normal -1 -0 0
    outer loop
      vertex 83.75 25.4027 3
      vertex 83.75 20.7839 0
      vertex 83.75 20.7839 3
    endloop
  endfacet
  facet normal -0.5 0.866026 0
    outer loop
      vertex 83.75 20.7839 0
      vertex 79.75 18.4745 3
      vertex 83.75 20.7839 3
    endloop
  endfacet
  facet normal -0.5 0.866026 0
    outer loop
      vertex 79.75 18.4745 3
      vertex 83.75 20.7839 0
      vertex 79.75 18.4745 0
    endloop
  endfacet
  facet normal 0.5 0.866026 -0
    outer loop
      vertex 79.75 18.4745 0
      vertex 75.75 20.7839 3
      vertex 79.75 18.4745 3
    endloop
  endfacet
  facet normal 0.5 0.866026 0
    outer loop
      vertex 75.75 20.7839 3
      vertex 79.75 18.4745 0
      vertex 75.75 20.7839 0
    endloop
  endfacet
  facet normal 1 -0 0
    outer loop
      vertex 65.25 20.7839 3
      vertex 65.25 25.4027 0
      vertex 65.25 25.4027 3
    endloop
  endfacet
  facet normal 1 0 0
    outer loop
      vertex 65.25 25.4027 0
      vertex 65.25 20.7839 3
      vertex 65.25 20.7839 0
    endloop
  endfacet
  facet normal 0.5 -0.866026 0
    outer loop
      vertex 65.25 25.4027 0
      vertex 69.25 27.7121 3
      vertex 65.25 25.4027 3
    endloop
  endfacet
  facet normal 0.5 -0.866026 0
    outer loop
      vertex 69.25 27.7121 3
      vertex 65.25 25.4027 0
      vertex 69.25 27.7121 0
    endloop
  endfacet
  facet normal -0.5 -0.866026 0
    outer loop
      vertex 69.25 27.7121 0
      vertex 73.25 25.4027 3
      vertex 69.25 27.7121 3
    endloop
  endfacet
  facet normal -0.5 -0.866026 -0
    outer loop
      vertex 73.25 25.4027 3
      vertex 69.25 27.7121 0
      vertex 73.25 25.4027 0
    endloop
  endfacet
  facet normal -1 0 0
    outer loop
      vertex 73.25 20.7839 0
      vertex 73.25 25.4027 3
      vertex 73.25 25.4027 0
    endloop
  endfacet
  facet normal -1 -0 0
    outer loop
      vertex 73.25 25.4027 3
      vertex 73.25 20.7839 0
      vertex 73.25 20.7839 3
    endloop
  endfacet
  facet normal -0.5 0.866026 0
    outer loop
      vertex 73.25 20.7839 0
      vertex 69.25 18.4745 3
      vertex 73.25 20.7839 3
    endloop
  endfacet
  facet normal -0.5 0.866026 0
    outer loop
      vertex 69.25 18.4745 3
      vertex 73.25 20.7839 0
      vertex 69.25 18.4745 0
    endloop
  endfacet
  facet normal 0.5 0.866026 -0
    outer loop
      vertex 69.25 18.4745 0
      vertex 65.25 20.7839 3
      vertex 69.25 18.4745 3
    endloop
  endfacet
  facet normal 0.5 0.866026 0
    outer loop
      vertex 65.25 20.7839 3
      vertex 69.25 18.4745 0
      vertex 65.25 20.7839 0
    endloop
  endfacet
  facet normal 1 -0 0
    outer loop
      vertex 54.75 20.7839 3
      vertex 54.75 25.4027 0
      vertex 54.75 25.4027 3
    endloop
  endfacet
  facet normal 1 0 0
    outer loop
      vertex 54.75 25.4027 0
      vertex 54.75 20.7839 3
      vertex 54.75 20.7839 0
    endloop
  endfacet
  facet normal 0.5 -0.866026 0
    outer loop
      vertex 54.75 25.4027 0
      vertex 58.75 27.7121 3
      vertex 54.75 25.4027 3
    endloop
  endfacet
  facet normal 0.5 -0.866026 0
    outer loop
      vertex 58.75 27.7121 3
      vertex 54.75 25.4027 0
      vertex 58.75 27.7121 0
    endloop
  endfacet
  facet normal -0.5 -0.866026 0
    outer loop
      vertex 58.75 27.7121 0
      vertex 62.75 25.4027 3
      vertex 58.75 27.7121 3
    endloop
  endfacet
  facet normal -0.5 -0.866026 -0
    outer loop
      vertex 62.75 25.4027 3
      vertex 58.75 27.7121 0
      vertex 62.75 25.4027 0
    endloop
  endfacet
  facet normal -1 0 0
    outer loop
      vertex 62.75 20.7839 0
      vertex 62.75 25.4027 3
      vertex 62.75 25.4027 0
    endloop
  endfacet
  facet normal -1 -0 0
    outer loop
      vertex 62.75 25.4027 3
      vertex 62.75 20.7839 0
      vertex 62.75 20.7839 3
    endloop
  endfacet
  facet normal -0.5 0.866026 0
    outer loop
      vertex 62.75 20.7839 0
      vertex 58.75 18.4745 3
      vertex 62.75 20.7839 3
    endloop
  endfacet
  facet normal -0.5 0.866026 0
    outer loop
      vertex 58.75 18.4745 3
      vertex 62.75 20.7839 0
      vertex 58.75 18.4745 0
    endloop
  endfacet
  facet normal 0.5 0.866026 -0
    outer loop
      vertex 58.75 18.4745 0
      vertex 54.75 20.7839 3
      vertex 58.75 18.4745 3
    endloop
  endfacet
  facet normal 0.5 0.866026 0
    outer loop
      vertex 54.75 20.7839 3
      vertex 58.75 18.4745 0
      vertex 54.75 20.7839 0
    endloop
  endfacet
  facet normal 1 -0 0
    outer loop
      vertex 44.25 20.7839 3
      vertex 44.25 25.4027 0
      vertex 44.25 25.4027 3
    endloop
  endfacet
  facet normal 1 0 0
    outer loop
      vertex 44.25 25.4027 0
      vertex 44.25 20.7839 3
      vertex 44.25 20.7839 0
    endloop
  endfacet
  facet normal 0.5 -0.866026 0
    outer loop
      vertex 44.25 25.4027 0
      vertex 48.25 27.7121 3
      vertex 44.25 25.4027 3
    endloop
  endfacet
  facet normal 0.5 -0.866026 0
    outer loop
      vertex 48.25 27.7121 3
      vertex 44.25 25.4027 0
      vertex 48.25 27.7121 0
    endloop
  endfacet
  facet normal -0.5 -0.866026 0
    outer loop
      vertex 48.25 27.7121 0
      vertex 52.25 25.4027 3
      vertex 48.25 27.7121 3
    endloop
  endfacet
  facet normal -0.5 -0.866026 -0
    outer loop
      vertex 52.25 25.4027 3
      vertex 48.25 27.7121 0
      vertex 52.25 25.4027 0
    endloop
  endfacet
  facet normal -1 0 0
    outer loop
      vertex 52.25 20.7839 0
      vertex 52.25 25.4027 3
      vertex 52.25 25.4027 0
    endloop
  endfacet
  facet normal -1 -0 0
    outer loop
      vertex 52.25 25.4027 3
      vertex 52.25 20.7839 0
      vertex 52.25 20.7839 3
    endloop
  endfacet
  facet normal -0.5 0.866026 0
    outer loop
      vertex 52.25 20.7839 0
      vertex 48.25 18.4745 3
      vertex 52.25 20.7839 3
    endloop
  endfacet
  facet normal -0.5 0.866026 0
    outer loop
      vertex 48.25 18.4745 3
      vertex 52.25 20.7839 0
      vertex 48.25 18.4745 0
    endloop
  endfacet
  facet normal 0.5 0.866026 -0
    outer loop
      vertex 48.25 18.4745 0
      vertex 44.25 20.7839 3
      vertex 48.25 18.4745 3
    endloop
  endfacet
  facet normal 0.5 0.866026 0
    outer loop
      vertex 44.25 20.7839 3
      vertex 48.25 18.4745 0
      vertex 44.25 20.7839 0
    endloop
  endfacet
  facet normal 1 -0 0
    outer loop
      vertex 33.75 20.7839 3
      vertex 33.75 25.4027 0
      vertex 33.75 25.4027 3
    endloop
  endfacet
  facet normal 1 0 0
    outer loop
      vertex 33.75 25.4027 0
      vertex 33.75 20.7839 3
      vertex 33.75 20.7839 0
    endloop
  endfacet
  facet normal 0.5 -0.866026 0
    outer loop
      vertex 33.75 25.4027 0
      vertex 37.75 27.7121 3
      vertex 33.75 25.4027 3
    endloop
  endfacet
  facet normal 0.5 -0.866026 0
    outer loop
      vertex 37.75 27.7121 3
      vertex 33.75 25.4027 0
      vertex 37.75 27.7121 0
    endloop
  endfacet
  facet normal -0.5 -0.866026 0
    outer loop
      vertex 37.75 27.7121 0
      vertex 41.75 25.4027 3
      vertex 37.75 27.7121 3
    endloop
  endfacet
  facet normal -0.5 -0.866026 -0
    outer loop
      vertex 41.75 25.4027 3
      vertex 37.75 27.7121 0
      vertex 41.75 25.4027 0
    endloop
  endfacet
  facet normal -1 0 0
    outer loop
      vertex 41.75 20.7839 0
      vertex 41.75 25.4027 3
      vertex 41.75 25.4027 0
    endloop
  endfacet
  facet normal -1 -0 0
    outer loop
      vertex 41.75 25.4027 3
      vertex 41.75 20.7839 0
      vertex 41.75 20.7839 3
    endloop
  endfacet
  facet normal -0.5 0.866026 0
    outer loop
      vertex 41.75 20.7839 0
      vertex 37.75 18.4745 3
      vertex 41.75 20.7839 3
    endloop
  endfacet
  facet normal -0.5 0.866026 0
    outer loop
      vertex 37.75 18.4745 3
      vertex 41.75 20.7839 0
      vertex 37.75 18.4745 0
    endloop
  endfacet
  facet normal 0.5 0.866026 -0
    outer loop
      vertex 37.75 18.4745 0
      vertex 33.75 20.7839 3
      vertex 37.75 18.4745 3
    endloop
  endfacet
  facet normal 0.5 0.866026 0
    outer loop
      vertex 33.75 20.7839 3
      vertex 37.75 18.4745 0
      vertex 33.75 20.7839 0
    endloop
  endfacet
  facet normal 0 0 1
    outer loop
      vertex 160.9 14 6
      vertex 125.175 12 6
      vertex 137.175 12 6
    endloop
  endfacet
  facet normal 0 0 1
    outer loop
      vertex 160.9 14 6
      vertex 93.45 12 6
      vertex 125.175 12 6
    endloop
  endfacet
  facet normal 0 0 1
    outer loop
      vertex 160.9 14 6
      vertex 81.45 12 6
      vertex 93.45 12 6
    endloop
  endfacet
  facet normal -0 0 1
    outer loop
      vertex 22 14 6
      vertex 81.45 12 6
      vertex 160.9 14 6
    endloop
  endfacet
  facet normal 0 0 1
    outer loop
      vertex 81.45 12 6
      vertex 22 14 6
      vertex 49.725 12 6
    endloop
  endfacet
  facet normal 0 0 1
    outer loop
      vertex 49.725 12 6
      vertex 22 14 6
      vertex 37.725 12 6
    endloop
  endfacet
  facet normal -0 0 1
    outer loop
      vertex 160.9 165.6 6
      vertex 174.9 144.2 6
      vertex 174.9 177.6 6
    endloop
  endfacet
  facet normal 0 0 1
    outer loop
      vertex 160.9 165.6 6
      vertex 162.9 134.7 6
      vertex 162.9 146.7 6
    endloop
  endfacet
  facet normal 0 0 1
    outer loop
      vertex 162.9 134.7 6
      vertex 160.9 165.6 6
      vertex 162.9 99.8 6
    endloop
  endfacet
  facet normal 0 0 1
    outer loop
      vertex 162.9 99.8 6
      vertex 160.9 165.6 6
      vertex 162.9 87.8 6
    endloop
  endfacet
  facet normal 0 0 1
    outer loop
      vertex 160.9 14 6
      vertex 162.9 87.8 6
      vertex 160.9 165.6 6
    endloop
  endfacet
  facet normal 0 0 1
    outer loop
      vertex 162.9 87.8 6
      vertex 160.9 14 6
      vertex 162.9 52.9 6
    endloop
  endfacet
  facet normal 0 0 1
    outer loop
      vertex 174.9 144.2 6
      vertex 160.9 165.6 6
      vertex 162.9 146.7 6
    endloop
  endfacet
  facet normal -0 0 1
    outer loop
      vertex 21 177.6 6
      vertex 160.9 165.6 6
      vertex 174.9 177.6 6
    endloop
  endfacet
  facet normal -0 0 1
    outer loop
      vertex 14.5147 173.828 6
      vertex 22 165.6 6
      vertex 21 177.6 6
    endloop
  endfacet
  facet normal 0 0 1
    outer loop
      vertex 160.9 165.6 6
      vertex 21 177.6 6
      vertex 22 165.6 6
    endloop
  endfacet
  facet normal -0 0 1
    outer loop
      vertex 162.9 134.7 6
      vertex 174.9 97.3 6
      vertex 174.9 137.2 6
    endloop
  endfacet
  facet normal 0 0 1
    outer loop
      vertex 174.9 97.3 6
      vertex 162.9 134.7 6
      vertex 162.9 99.8 6
    endloop
  endfacet
  facet normal -0 0 1
    outer loop
      vertex 162.9 87.8 6
      vertex 174.9 50.4 6
      vertex 174.9 90.3 6
    endloop
  endfacet
  facet normal 0 0 1
    outer loop
      vertex 174.9 50.4 6
      vertex 162.9 87.8 6
      vertex 162.9 52.9 6
    endloop
  endfacet
  facet normal 0 0 1
    outer loop
      vertex 160.9 14 6
      vertex 174.9 43.4 6
      vertex 162.9 40.9 6
    endloop
  endfacet
  facet normal 0 0 1
    outer loop
      vertex 162.9 52.9 6
      vertex 160.9 14 6
      vertex 162.9 40.9 6
    endloop
  endfacet
  facet normal 0 0 1
    outer loop
      vertex 174.9 43.4 6
      vertex 160.9 14 6
      vertex 174.9 0 6
    endloop
  endfacet
  facet normal 0 0 1
    outer loop
      vertex 134.675 0 6
      vertex 160.9 14 6
      vertex 137.175 12 6
    endloop
  endfacet
  facet normal 0 0 1
    outer loop
      vertex 160.9 14 6
      vertex 134.675 0 6
      vertex 174.9 0 6
    endloop
  endfacet
  facet normal -0 0 1
    outer loop
      vertex 93.45 12 6
      vertex 127.675 0 6
      vertex 125.175 12 6
    endloop
  endfacet
  facet normal 0 0 1
    outer loop
      vertex 127.675 0 6
      vertex 93.45 12 6
      vertex 90.95 0 6
    endloop
  endfacet
  facet normal -0 0 1
    outer loop
      vertex 49.725 12 6
      vertex 83.95 0 6
      vertex 81.45 12 6
    endloop
  endfacet
  facet normal 0 0 1
    outer loop
      vertex 83.95 0 6
      vertex 49.725 12 6
      vertex 47.225 0 6
    endloop
  endfacet
  facet normal 0 0 1
    outer loop
      vertex 22 14 6
      vertex 40.225 0 6
      vertex 37.725 12 6
    endloop
  endfacet
  facet normal 0 0 1
    outer loop
      vertex 14.6791 174.334 6
      vertex 21 177.6 6
      vertex 14.7 174.6 6
    endloop
  endfacet
  facet normal 0 0 1
    outer loop
      vertex 14.6168 174.075 6
      vertex 21 177.6 6
      vertex 14.6791 174.334 6
    endloop
  endfacet
  facet normal 0 0 1
    outer loop
      vertex 14.5147 173.828 6
      vertex 21 177.6 6
      vertex 14.6168 174.075 6
    endloop
  endfacet
  facet normal 0 0 1
    outer loop
      vertex 22 165.6 6
      vertex 14.5147 173.828 6
      vertex 14.3753 173.601 6
    endloop
  endfacet
  facet normal 0 0 1
    outer loop
      vertex 22 165.6 6
      vertex 14.3753 173.601 6
      vertex 14.2021 173.398 6
    endloop
  endfacet
  facet normal -0 0 1
    outer loop
      vertex 13.9992 173.225 6
      vertex 22 165.6 6
      vertex 14.2021 173.398 6
    endloop
  endfacet
  facet normal -0 0 1
    outer loop
      vertex 13.7718 173.085 6
      vertex 22 165.6 6
      vertex 13.9992 173.225 6
    endloop
  endfacet
  facet normal 0 0 1
    outer loop
      vertex 22 165.6 6
      vertex 13.7718 173.085 6
      vertex 10 166.6 6
    endloop
  endfacet
  facet normal 0 0 1
    outer loop
      vertex 10 166.6 6
      vertex 13.7718 173.085 6
      vertex 13.5253 172.983 6
    endloop
  endfacet
  facet normal 0 0 1
    outer loop
      vertex 10 166.6 6
      vertex 13.5253 172.983 6
      vertex 13.2659 172.921 6
    endloop
  endfacet
  facet normal 0 0 1
    outer loop
      vertex 10 166.6 6
      vertex 13.2659 172.921 6
      vertex 13 172.9 6
    endloop
  endfacet
  facet normal 0 0 1
    outer loop
      vertex 10 166.6 6
      vertex 13 172.9 6
      vertex 12.7341 172.921 6
    endloop
  endfacet
  facet normal 0 0 1
    outer loop
      vertex 10 166.6 6
      vertex 12.7341 172.921 6
      vertex 12.4747 172.983 6
    endloop
  endfacet
  facet normal 0 0 1
    outer loop
      vertex 10 166.6 6
      vertex 12.4747 172.983 6
      vertex 12.2282 173.085 6
    endloop
  endfacet
  facet normal 0 0 1
    outer loop
      vertex 10 166.6 6
      vertex 12.2282 173.085 6
      vertex 12.0008 173.225 6
    endloop
  endfacet
  facet normal 0 0 1
    outer loop
      vertex 10 166.6 6
      vertex 12.0008 173.225 6
      vertex 11.7979 173.398 6
    endloop
  endfacet
  facet normal 0 0 1
    outer loop
      vertex 7 166.6 6
      vertex 11.7979 173.398 6
      vertex 11.6247 173.601 6
    endloop
  endfacet
  facet normal 0 0 1
    outer loop
      vertex 7 166.6 6
      vertex 11.6247 173.601 6
      vertex 11.4853 173.828 6
    endloop
  endfacet
  facet normal 0 0 1
    outer loop
      vertex 7 166.6 6
      vertex 11.4853 173.828 6
      vertex 11.3832 174.075 6
    endloop
  endfacet
  facet normal 0 0 1
    outer loop
      vertex 7 166.6 6
      vertex 11.3832 174.075 6
      vertex 11.3209 174.334 6
    endloop
  endfacet
  facet normal 0 0 1
    outer loop
      vertex 7 166.6 6
      vertex 11.3209 174.334 6
      vertex 11.3 174.6 6
    endloop
  endfacet
  facet normal 0 0 1
    outer loop
      vertex 22 165.6 6
      vertex 10 166.6 6
      vertex 22 14 6
    endloop
  endfacet
  facet normal 0 0 1
    outer loop
      vertex 22 14 6
      vertex 10 0 6
      vertex 40.225 0 6
    endloop
  endfacet
  facet normal 0 0 1
    outer loop
      vertex 10 0 6
      vertex 22 14 6
      vertex 10 166.6 6
    endloop
  endfacet
  facet normal 0 0 1
    outer loop
      vertex 174.9 187.6 6
      vertex 21 180.6 6
      vertex 174.9 180.6 6
    endloop
  endfacet
  facet normal 0 0 1
    outer loop
      vertex 14.2021 175.802 6
      vertex 21 177.6 6
      vertex 21 180.6 6
    endloop
  endfacet
  facet normal 0 0 1
    outer loop
      vertex 21 177.6 6
      vertex 14.6791 174.866 6
      vertex 14.7 174.6 6
    endloop
  endfacet
  facet normal 0 0 1
    outer loop
      vertex 21 177.6 6
      vertex 14.6168 175.125 6
      vertex 14.6791 174.866 6
    endloop
  endfacet
  facet normal 0 0 1
    outer loop
      vertex 21 177.6 6
      vertex 14.5147 175.372 6
      vertex 14.6168 175.125 6
    endloop
  endfacet
  facet normal 0 0 1
    outer loop
      vertex 21 177.6 6
      vertex 14.3753 175.599 6
      vertex 14.5147 175.372 6
    endloop
  endfacet
  facet normal 0 0 1
    outer loop
      vertex 21 177.6 6
      vertex 14.2021 175.802 6
      vertex 14.3753 175.599 6
    endloop
  endfacet
  facet normal 0 0 1
    outer loop
      vertex 21 180.6 6
      vertex 13.9992 175.975 6
      vertex 14.2021 175.802 6
    endloop
  endfacet
  facet normal 0 0 1
    outer loop
      vertex 21 180.6 6
      vertex 13.7718 176.115 6
      vertex 13.9992 175.975 6
    endloop
  endfacet
  facet normal 0 0 1
    outer loop
      vertex 21 180.6 6
      vertex 13.5253 176.217 6
      vertex 13.7718 176.115 6
    endloop
  endfacet
  facet normal 0 0 1
    outer loop
      vertex 21 180.6 6
      vertex 13.2659 176.279 6
      vertex 13.5253 176.217 6
    endloop
  endfacet
  facet normal 0 0 1
    outer loop
      vertex 21 180.6 6
      vertex 13 176.3 6
      vertex 13.2659 176.279 6
    endloop
  endfacet
  facet normal 0 0 1
    outer loop
      vertex 21 180.6 6
      vertex 12.7341 176.279 6
      vertex 13 176.3 6
    endloop
  endfacet
  facet normal 0 0 1
    outer loop
      vertex 0 187.6 6
      vertex 12.7341 176.279 6
      vertex 21 180.6 6
    endloop
  endfacet
  facet normal 0 0 1
    outer loop
      vertex 12.7341 176.279 6
      vertex 0 187.6 6
      vertex 12.4747 176.217 6
    endloop
  endfacet
  facet normal 0 0 1
    outer loop
      vertex 7 166.6 6
      vertex 11.3 174.6 6
      vertex 11.3209 174.866 6
    endloop
  endfacet
  facet normal 0 0 1
    outer loop
      vertex 11.7979 173.398 6
      vertex 7 166.6 6
      vertex 10 166.6 6
    endloop
  endfacet
  facet normal 0 0 1
    outer loop
      vertex 0 187.6 6
      vertex 11.3209 174.866 6
      vertex 11.3832 175.125 6
    endloop
  endfacet
  facet normal 0 0 1
    outer loop
      vertex 0 187.6 6
      vertex 11.3832 175.125 6
      vertex 11.4853 175.372 6
    endloop
  endfacet
  facet normal -0 0 1
    outer loop
      vertex 0 187.6 6
      vertex 21 180.6 6
      vertex 174.9 187.6 6
    endloop
  endfacet
  facet normal 0 0 1
    outer loop
      vertex 12.4747 176.217 6
      vertex 0 187.6 6
      vertex 12.2282 176.115 6
    endloop
  endfacet
  facet normal 0 0 1
    outer loop
      vertex 0 187.6 6
      vertex 12.0008 175.975 6
      vertex 12.2282 176.115 6
    endloop
  endfacet
  facet normal 0 0 1
    outer loop
      vertex 0 187.6 6
      vertex 11.7979 175.802 6
      vertex 12.0008 175.975 6
    endloop
  endfacet
  facet normal 0 0 1
    outer loop
      vertex 0 187.6 6
      vertex 11.6247 175.599 6
      vertex 11.7979 175.802 6
    endloop
  endfacet
  facet normal 0 0 1
    outer loop
      vertex 0 187.6 6
      vertex 11.4853 175.372 6
      vertex 11.6247 175.599 6
    endloop
  endfacet
  facet normal 0 0 1
    outer loop
      vertex 11.3209 174.866 6
      vertex 0 187.6 6
      vertex 7 166.6 6
    endloop
  endfacet
  facet normal 0 0 1
    outer loop
      vertex 0 0 6
      vertex 7 166.6 6
      vertex 0 187.6 6
    endloop
  endfacet
  facet normal 0 0 1
    outer loop
      vertex 7 166.6 6
      vertex 0 0 6
      vertex 7 0 6
    endloop
  endfacet
  facet normal 1 -0 0
    outer loop
      vertex 22 14 6
      vertex 22 165.6 3
      vertex 22 165.6 6
    endloop
  endfacet
  facet normal 1 0 0
    outer loop
      vertex 22 165.6 3
      vertex 22 14 6
      vertex 22 14 3
    endloop
  endfacet
  facet normal 0 -1 0
    outer loop
      vertex 22 165.6 3
      vertex 160.9 165.6 6
      vertex 22 165.6 6
    endloop
  endfacet
  facet normal 0 -1 -0
    outer loop
      vertex 160.9 165.6 6
      vertex 22 165.6 3
      vertex 160.9 165.6 3
    endloop
  endfacet
  facet normal -1 0 0
    outer loop
      vertex 160.9 14 3
      vertex 160.9 165.6 6
      vertex 160.9 165.6 3
    endloop
  endfacet
  facet normal -1 -0 0
    outer loop
      vertex 160.9 165.6 6
      vertex 160.9 14 3
      vertex 160.9 14 6
    endloop
  endfacet
  facet normal 0 1 -0
    outer loop
      vertex 160.9 14 3
      vertex 22 14 6
      vertex 160.9 14 6
    endloop
  endfacet
  facet normal 0 1 0
    outer loop
      vertex 22 14 6
      vertex 160.9 14 3
      vertex 22 14 3
    endloop
  endfacet
  facet normal -0.996927 -0.07833 0
    outer loop
      vertex 14.7 174.6 1.69
      vertex 14.6791 174.866 6
      vertex 14.6791 174.866 1.69
    endloop
  endfacet
  facet normal -0.996927 -0.07833 0
    outer loop
      vertex 14.6791 174.866 6
      vertex 14.7 174.6 1.69
      vertex 14.7 174.6 6
    endloop
  endfacet
  facet normal 0.996927 -0.07833 0
    outer loop
      vertex 11.3 174.6 6
      vertex 11.3209 174.866 1.69
      vertex 11.3209 174.866 6
    endloop
  endfacet
  facet normal 0.996927 -0.07833 0
    outer loop
      vertex 11.3209 174.866 1.69
      vertex 11.3 174.6 6
      vertex 11.3 174.6 1.69
    endloop
  endfacet
  facet normal 0.0787319 -0.996896 0
    outer loop
      vertex 12.7341 176.279 1.69
      vertex 13 176.3 6
      vertex 12.7341 176.279 6
    endloop
  endfacet
  facet normal 0.0787319 -0.996896 0
    outer loop
      vertex 13 176.3 6
      vertex 12.7341 176.279 1.69
      vertex 13 176.3 1.69
    endloop
  endfacet
  facet normal -0.0787319 0.996896 0
    outer loop
      vertex 13.2659 172.921 1.69
      vertex 13 172.9 6
      vertex 13.2659 172.921 6
    endloop
  endfacet
  facet normal -0.0787319 0.996896 0
    outer loop
      vertex 13 172.9 6
      vertex 13.2659 172.921 1.69
      vertex 13 172.9 1.69
    endloop
  endfacet
  facet normal -0.648813 -0.760948 0
    outer loop
      vertex 13.9992 175.975 1.69
      vertex 14.2021 175.802 6
      vertex 13.9992 175.975 6
    endloop
  endfacet
  facet normal -0.648813 -0.760948 -0
    outer loop
      vertex 14.2021 175.802 6
      vertex 13.9992 175.975 1.69
      vertex 14.2021 175.802 1.69
    endloop
  endfacet
  facet normal 0.648813 -0.760948 0
    outer loop
      vertex 11.7979 175.802 1.69
      vertex 12.0008 175.975 6
      vertex 11.7979 175.802 6
    endloop
  endfacet
  facet normal 0.648813 -0.760948 0
    outer loop
      vertex 12.0008 175.975 6
      vertex 11.7979 175.802 1.69
      vertex 12.0008 175.975 1.69
    endloop
  endfacet
  facet normal 0.382352 -0.924017 0
    outer loop
      vertex 12.2282 176.115 1.69
      vertex 12.4747 176.217 6
      vertex 12.2282 176.115 6
    endloop
  endfacet
  facet normal 0.382352 -0.924017 0
    outer loop
      vertex 12.4747 176.217 6
      vertex 12.2282 176.115 1.69
      vertex 12.4747 176.217 1.69
    endloop
  endfacet
  facet normal -0.924158 0.38201 0
    outer loop
      vertex 14.5147 173.828 1.69
      vertex 14.6168 174.075 6
      vertex 14.6168 174.075 1.69
    endloop
  endfacet
  facet normal -0.924158 0.38201 0
    outer loop
      vertex 14.6168 174.075 6
      vertex 14.5147 173.828 1.69
      vertex 14.5147 173.828 6
    endloop
  endfacet
  facet normal -0.852148 -0.523301 0
    outer loop
      vertex 14.5147 175.372 1.69
      vertex 14.3753 175.599 6
      vertex 14.3753 175.599 1.69
    endloop
  endfacet
  facet normal -0.852148 -0.523301 0
    outer loop
      vertex 14.3753 175.599 6
      vertex 14.5147 175.372 1.69
      vertex 14.5147 175.372 6
    endloop
  endfacet
  facet normal -0.760736 -0.649061 0
    outer loop
      vertex 14.3753 175.599 1.69
      vertex 14.2021 175.802 6
      vertex 14.2021 175.802 1.69
    endloop
  endfacet
  facet normal -0.760736 -0.649061 0
    outer loop
      vertex 14.2021 175.802 6
      vertex 14.3753 175.599 1.69
      vertex 14.3753 175.599 6
    endloop
  endfacet
  facet normal -0.382352 -0.924017 0
    outer loop
      vertex 13.5253 176.217 1.69
      vertex 13.7718 176.115 6
      vertex 13.5253 176.217 6
    endloop
  endfacet
  facet normal -0.382352 -0.924017 -0
    outer loop
      vertex 13.7718 176.115 6
      vertex 13.5253 176.217 1.69
      vertex 13.7718 176.115 1.69
    endloop
  endfacet
  facet normal -0.232465 -0.972605 0
    outer loop
      vertex 13.2659 176.279 1.69
      vertex 13.5253 176.217 6
      vertex 13.2659 176.279 6
    endloop
  endfacet
  facet normal -0.232465 -0.972605 -0
    outer loop
      vertex 13.5253 176.217 6
      vertex 13.2659 176.279 1.69
      vertex 13.5253 176.217 1.69
    endloop
  endfacet
  facet normal -0.524265 -0.851555 0
    outer loop
      vertex 13.7718 176.115 1.69
      vertex 13.9992 175.975 6
      vertex 13.7718 176.115 6
    endloop
  endfacet
  facet normal -0.524265 -0.851555 -0
    outer loop
      vertex 13.9992 175.975 6
      vertex 13.7718 176.115 1.69
      vertex 13.9992 175.975 1.69
    endloop
  endfacet
  facet normal 0.852148 -0.523301 0
    outer loop
      vertex 11.4853 175.372 6
      vertex 11.6247 175.599 1.69
      vertex 11.6247 175.599 6
    endloop
  endfacet
  facet normal 0.852148 -0.523301 0
    outer loop
      vertex 11.6247 175.599 1.69
      vertex 11.4853 175.372 6
      vertex 11.4853 175.372 1.69
    endloop
  endfacet
  facet normal 0.760736 -0.649061 0
    outer loop
      vertex 11.6247 175.599 6
      vertex 11.7979 175.802 1.69
      vertex 11.7979 175.802 6
    endloop
  endfacet
  facet normal 0.760736 -0.649061 0
    outer loop
      vertex 11.7979 175.802 1.69
      vertex 11.6247 175.599 6
      vertex 11.6247 175.599 1.69
    endloop
  endfacet
  facet normal 0.924158 -0.38201 0
    outer loop
      vertex 11.3832 175.125 6
      vertex 11.4853 175.372 1.69
      vertex 11.4853 175.372 6
    endloop
  endfacet
  facet normal 0.924158 -0.38201 0
    outer loop
      vertex 11.4853 175.372 1.69
      vertex 11.3832 175.125 6
      vertex 11.3832 175.125 1.69
    endloop
  endfacet
  facet normal 0.524265 -0.851555 0
    outer loop
      vertex 12.0008 175.975 1.69
      vertex 12.2282 176.115 6
      vertex 12.0008 175.975 6
    endloop
  endfacet
  facet normal 0.524265 -0.851555 0
    outer loop
      vertex 12.2282 176.115 6
      vertex 12.0008 175.975 1.69
      vertex 12.2282 176.115 1.69
    endloop
  endfacet
  facet normal 0.232465 -0.972605 0
    outer loop
      vertex 12.4747 176.217 1.69
      vertex 12.7341 176.279 6
      vertex 12.4747 176.217 6
    endloop
  endfacet
  facet normal 0.232465 -0.972605 0
    outer loop
      vertex 12.7341 176.279 6
      vertex 12.4747 176.217 1.69
      vertex 12.7341 176.279 1.69
    endloop
  endfacet
  facet normal -0.972268 0.23387 0
    outer loop
      vertex 14.6168 174.075 1.69
      vertex 14.6791 174.334 6
      vertex 14.6791 174.334 1.69
    endloop
  endfacet
  facet normal -0.972268 0.23387 0
    outer loop
      vertex 14.6791 174.334 6
      vertex 14.6168 174.075 1.69
      vertex 14.6168 174.075 6
    endloop
  endfacet
  facet normal -0.924158 -0.38201 0
    outer loop
      vertex 14.6168 175.125 1.69
      vertex 14.5147 175.372 6
      vertex 14.5147 175.372 1.69
    endloop
  endfacet
  facet normal -0.924158 -0.38201 0
    outer loop
      vertex 14.5147 175.372 6
      vertex 14.6168 175.125 1.69
      vertex 14.6168 175.125 6
    endloop
  endfacet
  facet normal -0.972268 -0.23387 0
    outer loop
      vertex 14.6791 174.866 1.69
      vertex 14.6168 175.125 6
      vertex 14.6168 175.125 1.69
    endloop
  endfacet
  facet normal -0.972268 -0.23387 0
    outer loop
      vertex 14.6168 175.125 6
      vertex 14.6791 174.866 1.69
      vertex 14.6791 174.866 6
    endloop
  endfacet
  facet normal -0.0787319 -0.996896 0
    outer loop
      vertex 13 176.3 1.69
      vertex 13.2659 176.279 6
      vertex 13 176.3 6
    endloop
  endfacet
  facet normal -0.0787319 -0.996896 -0
    outer loop
      vertex 13.2659 176.279 6
      vertex 13 176.3 1.69
      vertex 13.2659 176.279 1.69
    endloop
  endfacet
  facet normal 0.972268 -0.23387 0
    outer loop
      vertex 11.3209 174.866 6
      vertex 11.3832 175.125 1.69
      vertex 11.3832 175.125 6
    endloop
  endfacet
  facet normal 0.972268 -0.23387 0
    outer loop
      vertex 11.3832 175.125 1.69
      vertex 11.3209 174.866 6
      vertex 11.3209 174.866 1.69
    endloop
  endfacet
  facet normal -0.996927 0.07833 0
    outer loop
      vertex 14.6791 174.334 1.69
      vertex 14.7 174.6 6
      vertex 14.7 174.6 1.69
    endloop
  endfacet
  facet normal -0.996927 0.07833 0
    outer loop
      vertex 14.7 174.6 6
      vertex 14.6791 174.334 1.69
      vertex 14.6791 174.334 6
    endloop
  endfacet
  facet normal -0.852148 0.523301 0
    outer loop
      vertex 14.3753 173.601 1.69
      vertex 14.5147 173.828 6
      vertex 14.5147 173.828 1.69
    endloop
  endfacet
  facet normal -0.852148 0.523301 0
    outer loop
      vertex 14.5147 173.828 6
      vertex 14.3753 173.601 1.69
      vertex 14.3753 173.601 6
    endloop
  endfacet
  facet normal 0.852148 0.523301 0
    outer loop
      vertex 11.6247 173.601 6
      vertex 11.4853 173.828 1.69
      vertex 11.4853 173.828 6
    endloop
  endfacet
  facet normal 0.852148 0.523301 0
    outer loop
      vertex 11.4853 173.828 1.69
      vertex 11.6247 173.601 6
      vertex 11.6247 173.601 1.69
    endloop
  endfacet
  facet normal -0.524265 0.851555 0
    outer loop
      vertex 13.9992 173.225 1.69
      vertex 13.7718 173.085 6
      vertex 13.9992 173.225 6
    endloop
  endfacet
  facet normal -0.524265 0.851555 0
    outer loop
      vertex 13.7718 173.085 6
      vertex 13.9992 173.225 1.69
      vertex 13.7718 173.085 1.69
    endloop
  endfacet
  facet normal 0.0787319 0.996896 -0
    outer loop
      vertex 13 172.9 1.69
      vertex 12.7341 172.921 6
      vertex 13 172.9 6
    endloop
  endfacet
  facet normal 0.0787319 0.996896 0
    outer loop
      vertex 12.7341 172.921 6
      vertex 13 172.9 1.69
      vertex 12.7341 172.921 1.69
    endloop
  endfacet
  facet normal 0.924158 0.38201 0
    outer loop
      vertex 11.4853 173.828 6
      vertex 11.3832 174.075 1.69
      vertex 11.3832 174.075 6
    endloop
  endfacet
  facet normal 0.924158 0.38201 0
    outer loop
      vertex 11.3832 174.075 1.69
      vertex 11.4853 173.828 6
      vertex 11.4853 173.828 1.69
    endloop
  endfacet
  facet normal -0.382352 0.924017 0
    outer loop
      vertex 13.7718 173.085 1.69
      vertex 13.5253 172.983 6
      vertex 13.7718 173.085 6
    endloop
  endfacet
  facet normal -0.382352 0.924017 0
    outer loop
      vertex 13.5253 172.983 6
      vertex 13.7718 173.085 1.69
      vertex 13.5253 172.983 1.69
    endloop
  endfacet
  facet normal -0.232465 0.972605 0
    outer loop
      vertex 13.5253 172.983 1.69
      vertex 13.2659 172.921 6
      vertex 13.5253 172.983 6
    endloop
  endfacet
  facet normal -0.232465 0.972605 0
    outer loop
      vertex 13.2659 172.921 6
      vertex 13.5253 172.983 1.69
      vertex 13.2659 172.921 1.69
    endloop
  endfacet
  facet normal -0.760736 0.649061 0
    outer loop
      vertex 14.2021 173.398 1.69
      vertex 14.3753 173.601 6
      vertex 14.3753 173.601 1.69
    endloop
  endfacet
  facet normal -0.760736 0.649061 0
    outer loop
      vertex 14.3753 173.601 6
      vertex 14.2021 173.398 1.69
      vertex 14.2021 173.398 6
    endloop
  endfacet
  facet normal 0.524265 0.851555 -0
    outer loop
      vertex 12.2282 173.085 1.69
      vertex 12.0008 173.225 6
      vertex 12.2282 173.085 6
    endloop
  endfacet
  facet normal 0.524265 0.851555 0
    outer loop
      vertex 12.0008 173.225 6
      vertex 12.2282 173.085 1.69
      vertex 12.0008 173.225 1.69
    endloop
  endfacet
  facet normal 0.760736 0.649061 0
    outer loop
      vertex 11.7979 173.398 6
      vertex 11.6247 173.601 1.69
      vertex 11.6247 173.601 6
    endloop
  endfacet
  facet normal 0.760736 0.649061 0
    outer loop
      vertex 11.6247 173.601 1.69
      vertex 11.7979 173.398 6
      vertex 11.7979 173.398 1.69
    endloop
  endfacet
  facet normal 0.648813 0.760948 -0
    outer loop
      vertex 12.0008 173.225 1.69
      vertex 11.7979 173.398 6
      vertex 12.0008 173.225 6
    endloop
  endfacet
  facet normal 0.648813 0.760948 0
    outer loop
      vertex 11.7979 173.398 6
      vertex 12.0008 173.225 1.69
      vertex 11.7979 173.398 1.69
    endloop
  endfacet
  facet normal 0.972268 0.23387 0
    outer loop
      vertex 11.3832 174.075 6
      vertex 11.3209 174.334 1.69
      vertex 11.3209 174.334 6
    endloop
  endfacet
  facet normal 0.972268 0.23387 0
    outer loop
      vertex 11.3209 174.334 1.69
      vertex 11.3832 174.075 6
      vertex 11.3832 174.075 1.69
    endloop
  endfacet
  facet normal 0.996927 0.07833 0
    outer loop
      vertex 11.3209 174.334 6
      vertex 11.3 174.6 1.69
      vertex 11.3 174.6 6
    endloop
  endfacet
  facet normal 0.996927 0.07833 0
    outer loop
      vertex 11.3 174.6 1.69
      vertex 11.3209 174.334 6
      vertex 11.3209 174.334 1.69
    endloop
  endfacet
  facet normal -0.648813 0.760948 0
    outer loop
      vertex 14.2021 173.398 1.69
      vertex 13.9992 173.225 6
      vertex 14.2021 173.398 6
    endloop
  endfacet
  facet normal -0.648813 0.760948 0
    outer loop
      vertex 13.9992 173.225 6
      vertex 14.2021 173.398 1.69
      vertex 13.9992 173.225 1.69
    endloop
  endfacet
  facet normal 0.382352 0.924017 -0
    outer loop
      vertex 12.4747 172.983 1.69
      vertex 12.2282 173.085 6
      vertex 12.4747 172.983 6
    endloop
  endfacet
  facet normal 0.382352 0.924017 0
    outer loop
      vertex 12.2282 173.085 6
      vertex 12.4747 172.983 1.69
      vertex 12.2282 173.085 1.69
    endloop
  endfacet
  facet normal 0.232465 0.972605 -0
    outer loop
      vertex 12.7341 172.921 1.69
      vertex 12.4747 172.983 6
      vertex 12.7341 172.921 6
    endloop
  endfacet
  facet normal 0.232465 0.972605 0
    outer loop
      vertex 12.4747 172.983 6
      vertex 12.7341 172.921 1.69
      vertex 12.4747 172.983 1.69
    endloop
  endfacet
  facet normal -0.706016 -0.0555204 -0.706016
    outer loop
      vertex 16.3484 175.129 0
      vertex 16.39 174.6 0
      vertex 14.7 174.6 1.69
    endloop
  endfacet
  facet normal -0.688642 -0.165354 -0.705996
    outer loop
      vertex 16.2244 175.646 0
      vertex 16.3483 175.13 0
      vertex 14.6791 174.866 1.69
    endloop
  endfacet
  facet normal -0.654136 0.271247 -0.706068
    outer loop
      vertex 16.0205 173.061 0
      vertex 14.6168 174.075 1.69
      vertex 16.2241 173.552 0
    endloop
  endfacet
  facet normal -0.654523 0.270554 -0.705974
    outer loop
      vertex 14.6168 174.075 1.69
      vertex 16.0205 173.061 0
      vertex 14.5147 173.828 1.69
    endloop
  endfacet
  facet normal 0.538764 -0.459675 -0.705997
    outer loop
      vertex 11.6247 175.599 1.69
      vertex 10.6029 176.997 0
      vertex 11.7979 175.802 1.69
    endloop
  endfacet
  facet normal 0.53816 -0.460234 -0.706094
    outer loop
      vertex 10.6029 176.997 0
      vertex 11.6247 175.599 1.69
      vertex 10.2574 176.593 0
    endloop
  endfacet
  facet normal 0.706016 -0.0555337 -0.706016
    outer loop
      vertex 9.65161 175.129 0
      vertex 11.3 174.6 1.69
      vertex 9.61 174.6 0
    endloop
  endfacet
  facet normal -0.37084 -0.603349 -0.706008
    outer loop
      vertex 14.539 177.621 0
      vertex 14.9913 177.343 0
      vertex 13.7718 176.115 1.69
    endloop
  endfacet
  facet normal -0.614041 -0.368425 -0.698009
    outer loop
      vertex 14.6168 175.125 1.69
      vertex 16.2235 175.649 0
      vertex 16.2241 175.648 0
    endloop
  endfacet
  facet normal -0.654442 -0.27052 -0.706062
    outer loop
      vertex 16.2235 175.649 0
      vertex 14.6168 175.125 1.69
      vertex 14.5147 175.372 1.69
    endloop
  endfacet
  facet normal -0.706016 0.0555204 -0.706016
    outer loop
      vertex 16.39 174.6 0
      vertex 16.3484 174.071 0
      vertex 14.7 174.6 1.69
    endloop
  endfacet
  facet normal 0.654303 -0.271028 -0.705997
    outer loop
      vertex 9.97949 176.139 0
      vertex 11.4853 175.372 1.69
      vertex 9.77652 175.649 0
    endloop
  endfacet
  facet normal 0.45939 -0.538787 -0.706165
    outer loop
      vertex 11.7979 175.802 1.69
      vertex 11.0074 177.343 0
      vertex 12.0008 175.975 1.69
    endloop
  endfacet
  facet normal 0.460329 -0.53816 -0.706032
    outer loop
      vertex 11.0074 177.343 0
      vertex 11.7979 175.802 1.69
      vertex 10.6029 176.997 0
    endloop
  endfacet
  facet normal 0 -0.707107 -0.707107
    outer loop
      vertex 13 176.3 1.69
      vertex 12.9984 177.99 0
      vertex 13 177.99 0
    endloop
  endfacet
  facet normal 0.0557563 -0.70598 -0.706033
    outer loop
      vertex 12.9984 177.99 0
      vertex 13 176.3 1.69
      vertex 12.7341 176.279 1.69
    endloop
  endfacet
  facet normal 0.688672 -0.165241 -0.705993
    outer loop
      vertex 9.77555 175.646 0
      vertex 11.3209 174.866 1.69
      vertex 9.65174 175.13 0
    endloop
  endfacet
  facet normal 0.706027 -0.0554736 -0.706008
    outer loop
      vertex 9.65161 175.129 0
      vertex 11.3209 174.866 1.69
      vertex 11.3 174.6 1.69
    endloop
  endfacet
  facet normal 0.701359 -0.0911766 -0.706953
    outer loop
      vertex 11.3209 174.866 1.69
      vertex 9.65161 175.129 0
      vertex 9.65174 175.13 0
    endloop
  endfacet
  facet normal 0.45939 0.538787 -0.706165
    outer loop
      vertex 11.0074 171.857 0
      vertex 11.7979 173.398 1.69
      vertex 12.0008 173.225 1.69
    endloop
  endfacet
  facet normal 0.460329 0.53816 -0.706032
    outer loop
      vertex 11.7979 173.398 1.69
      vertex 11.0074 171.857 0
      vertex 10.6029 172.203 0
    endloop
  endfacet
  facet normal -0.165548 -0.688625 -0.705968
    outer loop
      vertex 13.5318 177.948 0
      vertex 14.0476 177.824 0
      vertex 13.5253 176.217 1.69
    endloop
  endfacet
  facet normal -0.270393 -0.654537 -0.706023
    outer loop
      vertex 13.7718 176.115 1.69
      vertex 14.0476 177.824 0
      vertex 14.539 177.621 0
    endloop
  endfacet
  facet normal -0.270796 -0.654424 -0.705974
    outer loop
      vertex 14.0476 177.824 0
      vertex 13.7718 176.115 1.69
      vertex 13.5253 176.217 1.69
    endloop
  endfacet
  facet normal -0.53816 -0.460234 -0.706094
    outer loop
      vertex 14.3753 175.599 1.69
      vertex 15.3971 176.997 0
      vertex 15.7426 176.593 0
    endloop
  endfacet
  facet normal -0.538764 -0.459675 -0.705997
    outer loop
      vertex 15.3971 176.997 0
      vertex 14.3753 175.599 1.69
      vertex 14.2021 175.802 1.69
    endloop
  endfacet
  facet normal 0 -0.777266 -0.629172
    outer loop
      vertex 13.9992 175.975 1.69
      vertex 14.9913 177.343 0
      vertex 14.9926 177.343 0
    endloop
  endfacet
  facet normal -0.371254 -0.603023 -0.706069
    outer loop
      vertex 14.9913 177.343 0
      vertex 13.9992 175.975 1.69
      vertex 13.7718 176.115 1.69
    endloop
  endfacet
  facet normal 0.0560842 -0.705993 -0.705995
    outer loop
      vertex 12.9984 177.99 0
      vertex 12.7341 176.279 1.69
      vertex 12.4697 177.948 0
    endloop
  endfacet
  facet normal -0.164617 -0.688735 -0.706077
    outer loop
      vertex 13.2659 176.279 1.69
      vertex 13.5318 177.948 0
      vertex 13.5253 176.217 1.69
    endloop
  endfacet
  facet normal -0 -0.711514 -0.702672
    outer loop
      vertex 13.5318 177.948 0
      vertex 13.2659 176.279 1.69
      vertex 13.5303 177.948 0
    endloop
  endfacet
  facet normal -0.0560842 -0.705993 -0.705995
    outer loop
      vertex 13.5303 177.948 0
      vertex 13.2659 176.279 1.69
      vertex 13.0016 177.99 0
    endloop
  endfacet
  facet normal 0.603397 -0.370544 -0.706122
    outer loop
      vertex 11.4853 175.372 1.69
      vertex 10.2574 176.593 0
      vertex 11.6247 175.599 1.69
    endloop
  endfacet
  facet normal 0.604026 -0.369747 -0.706003
    outer loop
      vertex 10.2574 176.593 0
      vertex 11.4853 175.372 1.69
      vertex 9.97949 176.139 0
    endloop
  endfacet
  facet normal 0.654446 -0.270522 -0.706058
    outer loop
      vertex 11.3832 175.125 1.69
      vertex 9.77652 175.649 0
      vertex 11.4853 175.372 1.69
    endloop
  endfacet
  facet normal 0.614045 -0.368427 -0.698005
    outer loop
      vertex 9.77652 175.649 0
      vertex 11.3832 175.125 1.69
      vertex 9.77592 175.648 0
    endloop
  endfacet
  facet normal 0.0560842 0.705993 -0.705995
    outer loop
      vertex 12.7341 172.921 1.69
      vertex 12.9984 171.21 0
      vertex 12.4697 171.252 0
    endloop
  endfacet
  facet normal 0.26992 0.654755 -0.706002
    outer loop
      vertex 12.2282 173.085 1.69
      vertex 11.951 171.377 0
      vertex 11.461 171.579 0
    endloop
  endfacet
  facet normal 0.60409 0.369508 -0.706073
    outer loop
      vertex 11.6247 173.601 1.69
      vertex 10.2574 172.607 0
      vertex 9.98031 173.06 0
    endloop
  endfacet
  facet normal 0.603564 0.370647 -0.705926
    outer loop
      vertex 9.98031 173.06 0
      vertex 11.4853 173.828 1.69
      vertex 11.6247 173.601 1.69
    endloop
  endfacet
  facet normal 0.553172 0.453601 -0.698747
    outer loop
      vertex 11.4853 173.828 1.69
      vertex 9.98031 173.06 0
      vertex 9.97949 173.061 0
    endloop
  endfacet
  facet normal -0.26992 0.654755 -0.706002
    outer loop
      vertex 14.539 171.579 0
      vertex 14.049 171.377 0
      vertex 13.7718 173.085 1.69
    endloop
  endfacet
  facet normal 0 0.777266 -0.629172
    outer loop
      vertex 14.9913 171.857 0
      vertex 13.9992 173.225 1.69
      vertex 14.9926 171.857 0
    endloop
  endfacet
  facet normal -0.371254 0.603023 -0.706069
    outer loop
      vertex 13.9992 173.225 1.69
      vertex 14.9913 171.857 0
      vertex 13.7718 173.085 1.69
    endloop
  endfacet
  facet normal -0.557909 0.446327 -0.699664
    outer loop
      vertex 16.0197 173.06 0
      vertex 14.5147 173.828 1.69
      vertex 16.0205 173.061 0
    endloop
  endfacet
  facet normal -0.603563 0.370646 -0.705928
    outer loop
      vertex 14.5147 173.828 1.69
      vertex 16.0197 173.06 0
      vertex 14.3753 173.601 1.69
    endloop
  endfacet
  facet normal -0.460329 -0.53816 -0.706032
    outer loop
      vertex 14.2021 175.802 1.69
      vertex 14.9926 177.343 0
      vertex 15.3971 176.997 0
    endloop
  endfacet
  facet normal -0.45939 -0.538787 -0.706165
    outer loop
      vertex 14.9926 177.343 0
      vertex 14.2021 175.802 1.69
      vertex 13.9992 175.975 1.69
    endloop
  endfacet
  facet normal -0.688543 -0.165622 -0.70603
    outer loop
      vertex 14.6168 175.125 1.69
      vertex 16.2244 175.646 0
      vertex 14.6791 174.866 1.69
    endloop
  endfacet
  facet normal -0.704037 -0.105606 -0.702267
    outer loop
      vertex 16.2244 175.646 0
      vertex 14.6168 175.125 1.69
      vertex 16.2241 175.648 0
    endloop
  endfacet
  facet normal -0.654289 -0.271063 -0.705996
    outer loop
      vertex 16.0205 176.139 0
      vertex 16.2235 175.649 0
      vertex 14.5147 175.372 1.69
    endloop
  endfacet
  facet normal -0.604033 -0.369738 -0.706001
    outer loop
      vertex 14.5147 175.372 1.69
      vertex 15.7426 176.593 0
      vertex 16.0205 176.139 0
    endloop
  endfacet
  facet normal -0.603397 -0.370544 -0.706122
    outer loop
      vertex 15.7426 176.593 0
      vertex 14.5147 175.372 1.69
      vertex 14.3753 175.599 1.69
    endloop
  endfacet
  facet normal 0.164617 -0.688735 -0.706077
    outer loop
      vertex 12.4682 177.948 0
      vertex 12.7341 176.279 1.69
      vertex 12.4747 176.217 1.69
    endloop
  endfacet
  facet normal 0 -0.711514 -0.702672
    outer loop
      vertex 12.7341 176.279 1.69
      vertex 12.4682 177.948 0
      vertex 12.4697 177.948 0
    endloop
  endfacet
  facet normal 0.165548 -0.688625 -0.705968
    outer loop
      vertex 12.4682 177.948 0
      vertex 12.4747 176.217 1.69
      vertex 11.9524 177.824 0
    endloop
  endfacet
  facet normal 0.37084 -0.603349 -0.706008
    outer loop
      vertex 11.461 177.621 0
      vertex 12.2282 176.115 1.69
      vertex 11.0087 177.343 0
    endloop
  endfacet
  facet normal 0.270796 -0.654424 -0.705974
    outer loop
      vertex 12.2282 176.115 1.69
      vertex 11.9524 177.824 0
      vertex 12.4747 176.217 1.69
    endloop
  endfacet
  facet normal 0.270393 -0.654537 -0.706023
    outer loop
      vertex 11.9524 177.824 0
      vertex 12.2282 176.115 1.69
      vertex 11.461 177.621 0
    endloop
  endfacet
  facet normal 0.371254 -0.603023 -0.706069
    outer loop
      vertex 12.0008 175.975 1.69
      vertex 11.0087 177.343 0
      vertex 12.2282 176.115 1.69
    endloop
  endfacet
  facet normal -0 -0.777266 -0.629172
    outer loop
      vertex 11.0087 177.343 0
      vertex 12.0008 175.975 1.69
      vertex 11.0074 177.343 0
    endloop
  endfacet
  facet normal -0.0557563 -0.70598 -0.706033
    outer loop
      vertex 13 176.3 1.69
      vertex 13.0016 177.99 0
      vertex 13.2659 176.279 1.69
    endloop
  endfacet
  facet normal -0 -0.707107 -0.707107
    outer loop
      vertex 13.0016 177.99 0
      vertex 13 176.3 1.69
      vertex 13 177.99 0
    endloop
  endfacet
  facet normal 0.688533 -0.16562 -0.70604
    outer loop
      vertex 9.77555 175.646 0
      vertex 11.3832 175.125 1.69
      vertex 11.3209 174.866 1.69
    endloop
  endfacet
  facet normal 0.698276 -0.129181 -0.704075
    outer loop
      vertex 11.3832 175.125 1.69
      vertex 9.77555 175.646 0
      vertex 9.77592 175.648 0
    endloop
  endfacet
  facet normal -0.0557563 0.70598 -0.706033
    outer loop
      vertex 13.0016 171.21 0
      vertex 13 172.9 1.69
      vertex 13.2659 172.921 1.69
    endloop
  endfacet
  facet normal 0 0.707107 -0.707107
    outer loop
      vertex 13 172.9 1.69
      vertex 13.0016 171.21 0
      vertex 13 171.21 0
    endloop
  endfacet
  facet normal 0.165578 0.688618 -0.705966
    outer loop
      vertex 12.7341 172.921 1.69
      vertex 12.4697 171.252 0
      vertex 11.954 171.376 0
    endloop
  endfacet
  facet normal 0.164669 0.688953 -0.705853
    outer loop
      vertex 11.954 171.376 0
      vertex 12.4747 172.983 1.69
      vertex 12.7341 172.921 1.69
    endloop
  endfacet
  facet normal 0 0.724678 -0.689087
    outer loop
      vertex 12.4747 172.983 1.69
      vertex 11.954 171.376 0
      vertex 11.9524 171.376 0
    endloop
  endfacet
  facet normal 0.538251 0.460118 -0.7061
    outer loop
      vertex 11.6247 173.601 1.69
      vertex 10.6019 172.204 0
      vertex 10.2574 172.607 0
    endloop
  endfacet
  facet normal 0.500002 0.500002 -0.707104
    outer loop
      vertex 10.6019 172.204 0
      vertex 11.7979 173.398 1.69
      vertex 10.6029 172.203 0
    endloop
  endfacet
  facet normal 0.538747 0.45966 -0.706021
    outer loop
      vertex 11.7979 173.398 1.69
      vertex 10.6019 172.204 0
      vertex 11.6247 173.601 1.69
    endloop
  endfacet
  facet normal 0.654522 0.270553 -0.705976
    outer loop
      vertex 9.97949 173.061 0
      vertex 11.3832 174.075 1.69
      vertex 11.4853 173.828 1.69
    endloop
  endfacet
  facet normal 0.654152 0.271213 -0.706065
    outer loop
      vertex 11.3832 174.075 1.69
      vertex 9.97949 173.061 0
      vertex 9.77592 173.552 0
    endloop
  endfacet
  facet normal 0.701359 0.0911766 -0.706953
    outer loop
      vertex 9.65161 174.071 0
      vertex 11.3209 174.334 1.69
      vertex 9.65174 174.07 0
    endloop
  endfacet
  facet normal 0.706027 0.0554736 -0.706008
    outer loop
      vertex 11.3209 174.334 1.69
      vertex 9.65161 174.071 0
      vertex 11.3 174.6 1.69
    endloop
  endfacet
  facet normal 0.706016 0.0555337 -0.706016
    outer loop
      vertex 11.3 174.6 1.69
      vertex 9.65161 174.071 0
      vertex 9.61 174.6 0
    endloop
  endfacet
  facet normal -0.37084 0.603349 -0.706008
    outer loop
      vertex 14.9913 171.857 0
      vertex 14.539 171.579 0
      vertex 13.7718 173.085 1.69
    endloop
  endfacet
  facet normal -0.500002 0.500002 -0.707104
    outer loop
      vertex 14.2021 173.398 1.69
      vertex 15.3981 172.204 0
      vertex 15.3971 172.203 0
    endloop
  endfacet
  facet normal -0.538747 0.45966 -0.706021
    outer loop
      vertex 15.3981 172.204 0
      vertex 14.2021 173.398 1.69
      vertex 14.3753 173.601 1.69
    endloop
  endfacet
  facet normal -0.460329 0.53816 -0.706032
    outer loop
      vertex 14.9926 171.857 0
      vertex 14.2021 173.398 1.69
      vertex 15.3971 172.203 0
    endloop
  endfacet
  facet normal -0.45939 0.538787 -0.706165
    outer loop
      vertex 14.2021 173.398 1.69
      vertex 14.9926 171.857 0
      vertex 13.9992 173.225 1.69
    endloop
  endfacet
  facet normal -0.688687 0.165125 -0.706006
    outer loop
      vertex 16.2241 173.552 0
      vertex 14.6791 174.334 1.69
      vertex 16.3483 174.07 0
    endloop
  endfacet
  facet normal -0.688507 0.165614 -0.706067
    outer loop
      vertex 14.6791 174.334 1.69
      vertex 16.2241 173.552 0
      vertex 14.6168 174.075 1.69
    endloop
  endfacet
  facet normal -0.704184 0.0704184 -0.706517
    outer loop
      vertex 14.6791 174.334 1.69
      vertex 16.3484 174.071 0
      vertex 16.3483 174.07 0
    endloop
  endfacet
  facet normal -0.706025 0.0554734 -0.70601
    outer loop
      vertex 16.3484 174.071 0
      vertex 14.6791 174.334 1.69
      vertex 14.7 174.6 1.69
    endloop
  endfacet
  facet normal -0.706025 -0.0554734 -0.70601
    outer loop
      vertex 14.6791 174.866 1.69
      vertex 16.3484 175.129 0
      vertex 14.7 174.6 1.69
    endloop
  endfacet
  facet normal -0.704184 -0.0704184 -0.706517
    outer loop
      vertex 16.3484 175.129 0
      vertex 14.6791 174.866 1.69
      vertex 16.3483 175.13 0
    endloop
  endfacet
  facet normal -0.165578 0.688618 -0.705966
    outer loop
      vertex 14.046 171.376 0
      vertex 13.5303 171.252 0
      vertex 13.2659 172.921 1.69
    endloop
  endfacet
  facet normal -0.0560842 0.705993 -0.705995
    outer loop
      vertex 13.2659 172.921 1.69
      vertex 13.5303 171.252 0
      vertex 13.0016 171.21 0
    endloop
  endfacet
  facet normal 0 0.724678 -0.689087
    outer loop
      vertex 14.046 171.376 0
      vertex 13.5253 172.983 1.69
      vertex 14.0476 171.376 0
    endloop
  endfacet
  facet normal -0.164669 0.688953 -0.705853
    outer loop
      vertex 13.5253 172.983 1.69
      vertex 14.046 171.376 0
      vertex 13.2659 172.921 1.69
    endloop
  endfacet
  facet normal -0.420682 0.588955 -0.690043
    outer loop
      vertex 13.5253 172.983 1.69
      vertex 14.049 171.377 0
      vertex 14.0476 171.376 0
    endloop
  endfacet
  facet normal -0.270827 0.654499 -0.705892
    outer loop
      vertex 14.049 171.377 0
      vertex 13.5253 172.983 1.69
      vertex 13.7718 173.085 1.69
    endloop
  endfacet
  facet normal 0 0.707107 -0.707107
    outer loop
      vertex 12.9984 171.21 0
      vertex 13 172.9 1.69
      vertex 13 171.21 0
    endloop
  endfacet
  facet normal 0.0557563 0.70598 -0.706033
    outer loop
      vertex 13 172.9 1.69
      vertex 12.9984 171.21 0
      vertex 12.7341 172.921 1.69
    endloop
  endfacet
  facet normal 0.371254 0.603023 -0.706069
    outer loop
      vertex 11.0087 171.857 0
      vertex 12.0008 173.225 1.69
      vertex 12.2282 173.085 1.69
    endloop
  endfacet
  facet normal 0 0.777266 -0.629172
    outer loop
      vertex 12.0008 173.225 1.69
      vertex 11.0087 171.857 0
      vertex 11.0074 171.857 0
    endloop
  endfacet
  facet normal 0.37084 0.603349 -0.706008
    outer loop
      vertex 12.2282 173.085 1.69
      vertex 11.461 171.579 0
      vertex 11.0087 171.857 0
    endloop
  endfacet
  facet normal 0.420682 0.588955 -0.690043
    outer loop
      vertex 11.951 171.377 0
      vertex 12.4747 172.983 1.69
      vertex 11.9524 171.376 0
    endloop
  endfacet
  facet normal 0.270827 0.654499 -0.705892
    outer loop
      vertex 12.4747 172.983 1.69
      vertex 11.951 171.377 0
      vertex 12.2282 173.085 1.69
    endloop
  endfacet
  facet normal 0.688511 0.165615 -0.706063
    outer loop
      vertex 9.77592 173.552 0
      vertex 11.3209 174.334 1.69
      vertex 11.3832 174.075 1.69
    endloop
  endfacet
  facet normal 0.6887 0.165102 -0.705998
    outer loop
      vertex 11.3209 174.334 1.69
      vertex 9.77592 173.552 0
      vertex 9.65174 174.07 0
    endloop
  endfacet
  facet normal -0.604084 0.369518 -0.706073
    outer loop
      vertex 16.0197 173.06 0
      vertex 15.7426 172.607 0
      vertex 14.3753 173.601 1.69
    endloop
  endfacet
  facet normal -0.538251 0.460118 -0.7061
    outer loop
      vertex 15.7426 172.607 0
      vertex 15.3981 172.204 0
      vertex 14.3753 173.601 1.69
    endloop
  endfacet
  facet normal 0 0 1
    outer loop
      vertex 162.9 52.9 2
      vertex 174.9 43.4 2
      vertex 174.9 50.4 2
    endloop
  endfacet
  facet normal 0 0 1
    outer loop
      vertex 174.9 43.4 2
      vertex 162.9 52.9 2
      vertex 162.9 40.9 2
    endloop
  endfacet
  facet normal -0.203954 -0.97898 0
    outer loop
      vertex 162.9 52.9 2
      vertex 174.9 50.4 6
      vertex 162.9 52.9 6
    endloop
  endfacet
  facet normal -0.203954 -0.97898 -0
    outer loop
      vertex 174.9 50.4 6
      vertex 162.9 52.9 2
      vertex 174.9 50.4 2
    endloop
  endfacet
  facet normal 1 -0 0
    outer loop
      vertex 162.9 40.9 6
      vertex 162.9 52.9 2
      vertex 162.9 52.9 6
    endloop
  endfacet
  facet normal 1 0 0
    outer loop
      vertex 162.9 52.9 2
      vertex 162.9 40.9 6
      vertex 162.9 40.9 2
    endloop
  endfacet
  facet normal -0.203954 0.97898 0
    outer loop
      vertex 174.9 43.4 2
      vertex 162.9 40.9 6
      vertex 174.9 43.4 6
    endloop
  endfacet
  facet normal -0.203954 0.97898 0
    outer loop
      vertex 162.9 40.9 6
      vertex 174.9 43.4 2
      vertex 162.9 40.9 2
    endloop
  endfacet
  facet normal 0 0 1
    outer loop
      vertex 162.9 99.8 2
      vertex 174.9 90.3 2
      vertex 174.9 97.3 2
    endloop
  endfacet
  facet normal 0 0 1
    outer loop
      vertex 174.9 90.3 2
      vertex 162.9 99.8 2
      vertex 162.9 87.8 2
    endloop
  endfacet
  facet normal -0.203954 -0.97898 0
    outer loop
      vertex 162.9 99.8 2
      vertex 174.9 97.3 6
      vertex 162.9 99.8 6
    endloop
  endfacet
  facet normal -0.203954 -0.97898 -0
    outer loop
      vertex 174.9 97.3 6
      vertex 162.9 99.8 2
      vertex 174.9 97.3 2
    endloop
  endfacet
  facet normal 1 -0 0
    outer loop
      vertex 162.9 87.8 6
      vertex 162.9 99.8 2
      vertex 162.9 99.8 6
    endloop
  endfacet
  facet normal 1 0 0
    outer loop
      vertex 162.9 99.8 2
      vertex 162.9 87.8 6
      vertex 162.9 87.8 2
    endloop
  endfacet
  facet normal -0.203954 0.97898 0
    outer loop
      vertex 174.9 90.3 2
      vertex 162.9 87.8 6
      vertex 174.9 90.3 6
    endloop
  endfacet
  facet normal -0.203954 0.97898 0
    outer loop
      vertex 162.9 87.8 6
      vertex 174.9 90.3 2
      vertex 162.9 87.8 2
    endloop
  endfacet
  facet normal 0 0 1
    outer loop
      vertex 162.9 146.7 2
      vertex 174.9 137.2 2
      vertex 174.9 144.2 2
    endloop
  endfacet
  facet normal 0 0 1
    outer loop
      vertex 174.9 137.2 2
      vertex 162.9 146.7 2
      vertex 162.9 134.7 2
    endloop
  endfacet
  facet normal -0.203954 -0.97898 0
    outer loop
      vertex 162.9 146.7 2
      vertex 174.9 144.2 6
      vertex 162.9 146.7 6
    endloop
  endfacet
  facet normal -0.203954 -0.97898 -0
    outer loop
      vertex 174.9 144.2 6
      vertex 162.9 146.7 2
      vertex 174.9 144.2 2
    endloop
  endfacet
  facet normal 1 -0 0
    outer loop
      vertex 162.9 134.7 6
      vertex 162.9 146.7 2
      vertex 162.9 146.7 6
    endloop
  endfacet
  facet normal 1 0 0
    outer loop
      vertex 162.9 146.7 2
      vertex 162.9 134.7 6
      vertex 162.9 134.7 2
    endloop
  endfacet
  facet normal -0.203954 0.97898 0
    outer loop
      vertex 174.9 137.2 2
      vertex 162.9 134.7 6
      vertex 174.9 137.2 6
    endloop
  endfacet
  facet normal -0.203954 0.97898 0
    outer loop
      vertex 162.9 134.7 6
      vertex 174.9 137.2 2
      vertex 162.9 134.7 2
    endloop
  endfacet
  facet normal 0 0 1
    outer loop
      vertex 49.725 12 2
      vertex 40.225 0 2
      vertex 47.225 0 2
    endloop
  endfacet
  facet normal 0 -0 1
    outer loop
      vertex 40.225 0 2
      vertex 49.725 12 2
      vertex 37.725 12 2
    endloop
  endfacet
  facet normal 0.97898 0.203954 0
    outer loop
      vertex 40.225 0 6
      vertex 37.725 12 2
      vertex 37.725 12 6
    endloop
  endfacet
  facet normal 0.97898 0.203954 0
    outer loop
      vertex 37.725 12 2
      vertex 40.225 0 6
      vertex 40.225 0 2
    endloop
  endfacet
  facet normal -0.97898 0.203954 0
    outer loop
      vertex 47.225 0 2
      vertex 49.725 12 6
      vertex 49.725 12 2
    endloop
  endfacet
  facet normal -0.97898 0.203954 0
    outer loop
      vertex 49.725 12 6
      vertex 47.225 0 2
      vertex 47.225 0 6
    endloop
  endfacet
  facet normal 0 -1 0
    outer loop
      vertex 37.725 12 2
      vertex 49.725 12 6
      vertex 37.725 12 6
    endloop
  endfacet
  facet normal 0 -1 -0
    outer loop
      vertex 49.725 12 6
      vertex 37.725 12 2
      vertex 49.725 12 2
    endloop
  endfacet
  facet normal 0 0 1
    outer loop
      vertex 93.45 12 2
      vertex 83.95 0 2
      vertex 90.95 0 2
    endloop
  endfacet
  facet normal 0 -0 1
    outer loop
      vertex 83.95 0 2
      vertex 93.45 12 2
      vertex 81.45 12 2
    endloop
  endfacet
  facet normal 0.97898 0.203954 0
    outer loop
      vertex 83.95 0 6
      vertex 81.45 12 2
      vertex 81.45 12 6
    endloop
  endfacet
  facet normal 0.97898 0.203954 0
    outer loop
      vertex 81.45 12 2
      vertex 83.95 0 6
      vertex 83.95 0 2
    endloop
  endfacet
  facet normal -0.97898 0.203954 0
    outer loop
      vertex 90.95 0 2
      vertex 93.45 12 6
      vertex 93.45 12 2
    endloop
  endfacet
  facet normal -0.97898 0.203954 0
    outer loop
      vertex 93.45 12 6
      vertex 90.95 0 2
      vertex 90.95 0 6
    endloop
  endfacet
  facet normal 0 -1 0
    outer loop
      vertex 81.45 12 2
      vertex 93.45 12 6
      vertex 81.45 12 6
    endloop
  endfacet
  facet normal 0 -1 -0
    outer loop
      vertex 93.45 12 6
      vertex 81.45 12 2
      vertex 93.45 12 2
    endloop
  endfacet
  facet normal 0 0 1
    outer loop
      vertex 137.175 12 2
      vertex 127.675 0 2
      vertex 134.675 0 2
    endloop
  endfacet
  facet normal 0 -0 1
    outer loop
      vertex 127.675 0 2
      vertex 137.175 12 2
      vertex 125.175 12 2
    endloop
  endfacet
  facet normal 0.97898 0.203954 0
    outer loop
      vertex 127.675 0 6
      vertex 125.175 12 2
      vertex 125.175 12 6
    endloop
  endfacet
  facet normal 0.97898 0.203954 0
    outer loop
      vertex 125.175 12 2
      vertex 127.675 0 6
      vertex 127.675 0 2
    endloop
  endfacet
  facet normal -0.97898 0.203954 0
    outer loop
      vertex 134.675 0 2
      vertex 137.175 12 6
      vertex 137.175 12 2
    endloop
  endfacet
  facet normal -0.97898 0.203954 0
    outer loop
      vertex 137.175 12 6
      vertex 134.675 0 2
      vertex 134.675 0 6
    endloop
  endfacet
  facet normal 0 -1 0
    outer loop
      vertex 125.175 12 2
      vertex 137.175 12 6
      vertex 125.175 12 6
    endloop
  endfacet
  facet normal 0 -1 -0
    outer loop
      vertex 137.175 12 6
      vertex 125.175 12 2
      vertex 137.175 12 2
    endloop
  endfacet
endsolid OpenSCAD_Model
