solid OpenSCAD_Model
  facet normal -0.999961 0.00884581 0
    outer loop
      vertex -4 331.2 0
      vertex -3.99954 331.252 12
      vertex -3.99954 331.252 0
    endloop
  endfacet
  facet normal -0.999961 0.00884581 0
    outer loop
      vertex -3.99954 331.252 12
      vertex -4 331.2 0
      vertex -4 331.2 12
    endloop
  endfacet
  facet normal -0.999666 0.0258404 0
    outer loop
      vertex -3.99954 331.252 0
      vertex -3.99817 331.305 12
      vertex -3.99817 331.305 0
    endloop
  endfacet
  facet normal -0.999666 0.0258404 0
    outer loop
      vertex -3.99817 331.305 12
      vertex -3.99954 331.252 0
      vertex -3.99954 331.252 12
    endloop
  endfacet
  facet normal -0.999032 0.0439958 0
    outer loop
      vertex -3.99817 331.305 0
      vertex -3.99588 331.357 12
      vertex -3.99588 331.357 0
    endloop
  endfacet
  facet normal -0.999032 0.0439958 0
    outer loop
      vertex -3.99588 331.357 12
      vertex -3.99817 331.305 0
      vertex -3.99817 331.305 12
    endloop
  endfacet
  facet normal -0.998124 0.061231 0
    outer loop
      vertex -3.99588 331.357 0
      vertex -3.99269 331.409 12
      vertex -3.99269 331.409 0
    endloop
  endfacet
  facet normal -0.998124 0.061231 0
    outer loop
      vertex -3.99269 331.409 12
      vertex -3.99588 331.357 0
      vertex -3.99588 331.357 12
    endloop
  endfacet
  facet normal -0.996876 0.0789832 0
    outer loop
      vertex -3.99269 331.409 0
      vertex -3.98857 331.461 12
      vertex -3.98857 331.461 0
    endloop
  endfacet
  facet normal -0.996876 0.0789832 0
    outer loop
      vertex -3.98857 331.461 12
      vertex -3.99269 331.409 0
      vertex -3.99269 331.409 12
    endloop
  endfacet
  facet normal -0.995544 0.094295 0
    outer loop
      vertex -3.98857 331.461 0
      vertex -3.98355 331.514 12
      vertex -3.98355 331.514 0
    endloop
  endfacet
  facet normal -0.995544 0.094295 0
    outer loop
      vertex -3.98355 331.514 12
      vertex -3.98857 331.461 0
      vertex -3.98857 331.461 12
    endloop
  endfacet
  facet normal -0.993582 0.113115 0
    outer loop
      vertex -3.98355 331.514 0
      vertex -3.97763 331.566 12
      vertex -3.97763 331.566 0
    endloop
  endfacet
  facet normal -0.993582 0.113115 0
    outer loop
      vertex -3.97763 331.566 12
      vertex -3.98355 331.514 0
      vertex -3.98355 331.514 12
    endloop
  endfacet
  facet normal -0.991459 0.130415 0
    outer loop
      vertex -3.97763 331.566 0
      vertex -3.97079 331.618 12
      vertex -3.97079 331.618 0
    endloop
  endfacet
  facet normal -0.991459 0.130415 0
    outer loop
      vertex -3.97079 331.618 12
      vertex -3.97763 331.566 0
      vertex -3.97763 331.566 12
    endloop
  endfacet
  facet normal -0.988708 0.149857 0
    outer loop
      vertex -3.97079 331.618 0
      vertex -3.96306 331.669 12
      vertex -3.96306 331.669 0
    endloop
  endfacet
  facet normal -0.988708 0.149857 0
    outer loop
      vertex -3.96306 331.669 12
      vertex -3.97079 331.618 0
      vertex -3.97079 331.618 12
    endloop
  endfacet
  facet normal -0.986476 0.163907 0
    outer loop
      vertex -3.96306 331.669 0
      vertex -3.95442 331.721 12
      vertex -3.95442 331.721 0
    endloop
  endfacet
  facet normal -0.986476 0.163907 0
    outer loop
      vertex -3.95442 331.721 12
      vertex -3.96306 331.669 0
      vertex -3.96306 331.669 12
    endloop
  endfacet
  facet normal -0.982916 0.184056 0
    outer loop
      vertex -3.95442 331.721 0
      vertex -3.94487 331.772 12
      vertex -3.94487 331.772 0
    endloop
  endfacet
  facet normal -0.982916 0.184056 0
    outer loop
      vertex -3.94487 331.772 12
      vertex -3.95442 331.721 0
      vertex -3.95442 331.721 12
    endloop
  endfacet
  facet normal -0.980435 0.196841 0
    outer loop
      vertex -3.94487 331.772 0
      vertex -3.93443 331.824 12
      vertex -3.93443 331.824 0
    endloop
  endfacet
  facet normal -0.980435 0.196841 0
    outer loop
      vertex -3.93443 331.824 12
      vertex -3.94487 331.772 0
      vertex -3.94487 331.772 12
    endloop
  endfacet
  facet normal -0.97616 0.217052 0
    outer loop
      vertex -3.93443 331.824 0
      vertex -3.92309 331.875 12
      vertex -3.92309 331.875 0
    endloop
  endfacet
  facet normal -0.97616 0.217052 0
    outer loop
      vertex -3.92309 331.875 12
      vertex -3.93443 331.824 0
      vertex -3.93443 331.824 12
    endloop
  endfacet
  facet normal -0.972474 0.233012 0
    outer loop
      vertex -3.92309 331.875 0
      vertex -3.91087 331.926 12
      vertex -3.91087 331.926 0
    endloop
  endfacet
  facet normal -0.972474 0.233012 0
    outer loop
      vertex -3.91087 331.926 12
      vertex -3.92309 331.875 0
      vertex -3.92309 331.875 12
    endloop
  endfacet
  facet normal -0.96735 0.253446 0
    outer loop
      vertex -3.91087 331.926 0
      vertex -3.89777 331.976 12
      vertex -3.89777 331.976 0
    endloop
  endfacet
  facet normal -0.96735 0.253446 0
    outer loop
      vertex -3.89777 331.976 12
      vertex -3.91087 331.926 0
      vertex -3.91087 331.926 12
    endloop
  endfacet
  facet normal -0.964326 0.264717 0
    outer loop
      vertex -3.89777 331.976 0
      vertex -3.88377 332.027 12
      vertex -3.88377 332.027 0
    endloop
  endfacet
  facet normal -0.964326 0.264717 0
    outer loop
      vertex -3.88377 332.027 12
      vertex -3.89777 331.976 0
      vertex -3.89777 331.976 12
    endloop
  endfacet
  facet normal -0.958562 0.284885 0
    outer loop
      vertex -3.88377 332.027 0
      vertex -3.86891 332.077 12
      vertex -3.86891 332.077 0
    endloop
  endfacet
  facet normal -0.958562 0.284885 0
    outer loop
      vertex -3.86891 332.077 12
      vertex -3.88377 332.027 0
      vertex -3.88377 332.027 12
    endloop
  endfacet
  facet normal -0.953799 0.300447 0
    outer loop
      vertex -3.86891 332.077 0
      vertex -3.85316 332.127 12
      vertex -3.85316 332.127 0
    endloop
  endfacet
  facet normal -0.953799 0.300447 0
    outer loop
      vertex -3.85316 332.127 12
      vertex -3.86891 332.077 0
      vertex -3.86891 332.077 12
    endloop
  endfacet
  facet normal -0.949005 0.31526 0
    outer loop
      vertex -3.85316 332.127 0
      vertex -3.83655 332.177 12
      vertex -3.83655 332.177 0
    endloop
  endfacet
  facet normal -0.949005 0.31526 0
    outer loop
      vertex -3.83655 332.177 12
      vertex -3.85316 332.127 0
      vertex -3.85316 332.127 12
    endloop
  endfacet
  facet normal -0.941924 0.335825 0
    outer loop
      vertex -3.83655 332.177 0
      vertex -3.81908 332.226 12
      vertex -3.81908 332.226 0
    endloop
  endfacet
  facet normal -0.941924 0.335825 0
    outer loop
      vertex -3.81908 332.226 12
      vertex -3.83655 332.177 0
      vertex -3.83655 332.177 12
    endloop
  endfacet
  facet normal -0.936486 0.350705 0
    outer loop
      vertex -3.81908 332.226 0
      vertex -3.80073 332.275 12
      vertex -3.80073 332.275 0
    endloop
  endfacet
  facet normal -0.936486 0.350705 0
    outer loop
      vertex -3.80073 332.275 12
      vertex -3.81908 332.226 0
      vertex -3.81908 332.226 12
    endloop
  endfacet
  facet normal -0.931139 0.364664 0
    outer loop
      vertex -3.80073 332.275 0
      vertex -3.78154 332.324 12
      vertex -3.78154 332.324 0
    endloop
  endfacet
  facet normal -0.931139 0.364664 0
    outer loop
      vertex -3.78154 332.324 12
      vertex -3.80073 332.275 0
      vertex -3.80073 332.275 12
    endloop
  endfacet
  facet normal -0.922804 0.385271 0
    outer loop
      vertex -3.78154 332.324 0
      vertex -3.7615 332.372 12
      vertex -3.7615 332.372 0
    endloop
  endfacet
  facet normal -0.922804 0.385271 0
    outer loop
      vertex -3.7615 332.372 12
      vertex -3.78154 332.324 0
      vertex -3.78154 332.324 12
    endloop
  endfacet
  facet normal -0.917067 0.398733 0
    outer loop
      vertex -3.7615 332.372 0
      vertex -3.74063 332.42 12
      vertex -3.74063 332.42 0
    endloop
  endfacet
  facet normal -0.917067 0.398733 0
    outer loop
      vertex -3.74063 332.42 12
      vertex -3.7615 332.372 0
      vertex -3.7615 332.372 12
    endloop
  endfacet
  facet normal -0.911138 0.4121 0
    outer loop
      vertex -3.74063 332.42 0
      vertex -3.71892 332.468 12
      vertex -3.71892 332.468 0
    endloop
  endfacet
  facet normal -0.911138 0.4121 0
    outer loop
      vertex -3.71892 332.468 12
      vertex -3.74063 332.42 0
      vertex -3.74063 332.42 12
    endloop
  endfacet
  facet normal -0.901673 0.432419 0
    outer loop
      vertex -3.71892 332.468 0
      vertex -3.69638 332.515 12
      vertex -3.69638 332.515 0
    endloop
  endfacet
  facet normal -0.901673 0.432419 0
    outer loop
      vertex -3.69638 332.515 12
      vertex -3.71892 332.468 0
      vertex -3.71892 332.468 12
    endloop
  endfacet
  facet normal -0.895492 0.445078 0
    outer loop
      vertex -3.69638 332.515 0
      vertex -3.67302 332.562 12
      vertex -3.67302 332.562 0
    endloop
  endfacet
  facet normal -0.895492 0.445078 0
    outer loop
      vertex -3.67302 332.562 12
      vertex -3.69638 332.515 0
      vertex -3.69638 332.515 12
    endloop
  endfacet
  facet normal -0.885081 0.465437 0
    outer loop
      vertex -3.67302 332.562 0
      vertex -3.64883 332.608 12
      vertex -3.64883 332.608 0
    endloop
  endfacet
  facet normal -0.885081 0.465437 0
    outer loop
      vertex -3.64883 332.608 12
      vertex -3.67302 332.562 0
      vertex -3.67302 332.562 12
    endloop
  endfacet
  facet normal -0.878785 0.477218 0
    outer loop
      vertex -3.64883 332.608 0
      vertex -3.62385 332.654 12
      vertex -3.62385 332.654 0
    endloop
  endfacet
  facet normal -0.878785 0.477218 0
    outer loop
      vertex -3.62385 332.654 12
      vertex -3.64883 332.608 0
      vertex -3.64883 332.608 12
    endloop
  endfacet
  facet normal -0.872344 0.488892 0
    outer loop
      vertex -3.62385 332.654 0
      vertex -3.59807 332.7 12
      vertex -3.59807 332.7 0
    endloop
  endfacet
  facet normal -0.872344 0.488892 0
    outer loop
      vertex -3.59807 332.7 12
      vertex -3.62385 332.654 0
      vertex -3.62385 332.654 12
    endloop
  endfacet
  facet normal -0.861018 0.508575 0
    outer loop
      vertex -3.59807 332.7 0
      vertex -3.57149 332.745 12
      vertex -3.57149 332.745 0
    endloop
  endfacet
  facet normal -0.861018 0.508575 0
    outer loop
      vertex -3.57149 332.745 12
      vertex -3.59807 332.7 0
      vertex -3.59807 332.7 12
    endloop
  endfacet
  facet normal -0.854547 0.519375 0
    outer loop
      vertex -3.57149 332.745 0
      vertex -3.54414 332.79 12
      vertex -3.54414 332.79 0
    endloop
  endfacet
  facet normal -0.854547 0.519375 0
    outer loop
      vertex -3.54414 332.79 12
      vertex -3.57149 332.745 0
      vertex -3.57149 332.745 12
    endloop
  endfacet
  facet normal -0.842532 0.538646 0
    outer loop
      vertex -3.54414 332.79 0
      vertex -3.51601 332.834 12
      vertex -3.51601 332.834 0
    endloop
  endfacet
  facet normal -0.842532 0.538646 0
    outer loop
      vertex -3.51601 332.834 12
      vertex -3.54414 332.79 0
      vertex -3.54414 332.79 12
    endloop
  endfacet
  facet normal -0.83583 0.548988 0
    outer loop
      vertex -3.51601 332.834 0
      vertex -3.48711 332.878 12
      vertex -3.48711 332.878 0
    endloop
  endfacet
  facet normal -0.83583 0.548988 0
    outer loop
      vertex -3.48711 332.878 12
      vertex -3.51601 332.834 0
      vertex -3.51601 332.834 12
    endloop
  endfacet
  facet normal -0.82308 0.567925 0
    outer loop
      vertex -3.48711 332.878 0
      vertex -3.45744 332.921 12
      vertex -3.45744 332.921 0
    endloop
  endfacet
  facet normal -0.82308 0.567925 0
    outer loop
      vertex -3.45744 332.921 12
      vertex -3.48711 332.878 0
      vertex -3.48711 332.878 12
    endloop
  endfacet
  facet normal -0.81016 0.586209 0
    outer loop
      vertex -3.45744 332.921 0
      vertex -3.42705 332.963 12
      vertex -3.42705 332.963 0
    endloop
  endfacet
  facet normal -0.81016 0.586209 0
    outer loop
      vertex -3.42705 332.963 12
      vertex -3.45744 332.921 0
      vertex -3.45744 332.921 12
    endloop
  endfacet
  facet normal -0.803201 0.595708 0
    outer loop
      vertex -3.42705 332.963 0
      vertex -3.3959 333.005 12
      vertex -3.3959 333.005 0
    endloop
  endfacet
  facet normal -0.803201 0.595708 0
    outer loop
      vertex -3.3959 333.005 12
      vertex -3.42705 332.963 0
      vertex -3.42705 332.963 12
    endloop
  endfacet
  facet normal -0.796619 0.604482 0
    outer loop
      vertex -3.3959 333.005 0
      vertex -3.36403 333.047 12
      vertex -3.36403 333.047 0
    endloop
  endfacet
  facet normal -0.796619 0.604482 0
    outer loop
      vertex -3.36403 333.047 12
      vertex -3.3959 333.005 0
      vertex -3.3959 333.005 12
    endloop
  endfacet
  facet normal -0.782821 0.622247 0
    outer loop
      vertex -3.36403 333.047 0
      vertex -3.33144 333.088 12
      vertex -3.33144 333.088 0
    endloop
  endfacet
  facet normal -0.782821 0.622247 0
    outer loop
      vertex -3.33144 333.088 12
      vertex -3.36403 333.047 0
      vertex -3.36403 333.047 12
    endloop
  endfacet
  facet normal -0.768442 0.63992 0
    outer loop
      vertex -3.33144 333.088 0
      vertex -3.29813 333.128 12
      vertex -3.29813 333.128 0
    endloop
  endfacet
  facet normal -0.768442 0.63992 0
    outer loop
      vertex -3.29813 333.128 12
      vertex -3.33144 333.088 0
      vertex -3.33144 333.088 12
    endloop
  endfacet
  facet normal -0.761751 0.64787 0
    outer loop
      vertex -3.29813 333.128 0
      vertex -3.26411 333.168 12
      vertex -3.26411 333.168 0
    endloop
  endfacet
  facet normal -0.761751 0.64787 0
    outer loop
      vertex -3.26411 333.168 12
      vertex -3.29813 333.128 0
      vertex -3.29813 333.128 12
    endloop
  endfacet
  facet normal -0.747282 0.664507 0
    outer loop
      vertex -3.26411 333.168 0
      vertex -3.22943 333.207 12
      vertex -3.22943 333.207 0
    endloop
  endfacet
  facet normal -0.747282 0.664507 0
    outer loop
      vertex -3.22943 333.207 12
      vertex -3.26411 333.168 0
      vertex -3.26411 333.168 12
    endloop
  endfacet
  facet normal -0.740644 0.671897 0
    outer loop
      vertex -3.22943 333.207 0
      vertex -3.19405 333.246 12
      vertex -3.19405 333.246 0
    endloop
  endfacet
  facet normal -0.740644 0.671897 0
    outer loop
      vertex -3.19405 333.246 12
      vertex -3.22943 333.207 0
      vertex -3.22943 333.207 12
    endloop
  endfacet
  facet normal -0.725476 0.688248 0
    outer loop
      vertex -3.19405 333.246 0
      vertex -3.158 333.284 12
      vertex -3.158 333.284 0
    endloop
  endfacet
  facet normal -0.725476 0.688248 0
    outer loop
      vertex -3.158 333.284 12
      vertex -3.19405 333.246 0
      vertex -3.19405 333.246 12
    endloop
  endfacet
  facet normal -0.710075 0.704126 0
    outer loop
      vertex -3.158 333.284 0
      vertex -3.12131 333.321 12
      vertex -3.12131 333.321 0
    endloop
  endfacet
  facet normal -0.710075 0.704126 0
    outer loop
      vertex -3.12131 333.321 12
      vertex -3.158 333.284 0
      vertex -3.158 333.284 12
    endloop
  endfacet
  facet normal -0.703865 0.710333 0
    outer loop
      vertex -3.08397 333.358 0
      vertex -3.12131 333.321 12
      vertex -3.08397 333.358 12
    endloop
  endfacet
  facet normal -0.703865 0.710333 0
    outer loop
      vertex -3.12131 333.321 12
      vertex -3.08397 333.358 0
      vertex -3.12131 333.321 0
    endloop
  endfacet
  facet normal -0.687935 0.725772 0
    outer loop
      vertex -3.04599 333.394 0
      vertex -3.08397 333.358 12
      vertex -3.04599 333.394 12
    endloop
  endfacet
  facet normal -0.687935 0.725772 0
    outer loop
      vertex -3.08397 333.358 12
      vertex -3.04599 333.394 0
      vertex -3.08397 333.358 0
    endloop
  endfacet
  facet normal -0.671621 0.740894 0
    outer loop
      vertex -3.00738 333.429 0
      vertex -3.04599 333.394 12
      vertex -3.00738 333.429 12
    endloop
  endfacet
  facet normal -0.671621 0.740894 0
    outer loop
      vertex -3.04599 333.394 12
      vertex -3.00738 333.429 0
      vertex -3.04599 333.394 0
    endloop
  endfacet
  facet normal -0.665921 0.746022 0
    outer loop
      vertex -2.96817 333.464 0
      vertex -3.00738 333.429 12
      vertex -2.96817 333.464 12
    endloop
  endfacet
  facet normal -0.665921 0.746022 0
    outer loop
      vertex -3.00738 333.429 12
      vertex -2.96817 333.464 0
      vertex -3.00738 333.429 0
    endloop
  endfacet
  facet normal -0.649438 0.760415 0
    outer loop
      vertex -2.92836 333.498 0
      vertex -2.96817 333.464 12
      vertex -2.92836 333.498 12
    endloop
  endfacet
  facet normal -0.649438 0.760415 0
    outer loop
      vertex -2.96817 333.464 12
      vertex -2.92836 333.498 0
      vertex -2.96817 333.464 0
    endloop
  endfacet
  facet normal -0.632517 0.774546 0
    outer loop
      vertex -2.88795 333.531 0
      vertex -2.92836 333.498 12
      vertex -2.88795 333.531 12
    endloop
  endfacet
  facet normal -0.632517 0.774546 0
    outer loop
      vertex -2.92836 333.498 12
      vertex -2.88795 333.531 0
      vertex -2.92836 333.498 0
    endloop
  endfacet
  facet normal -0.627195 0.778862 0
    outer loop
      vertex -2.84697 333.564 0
      vertex -2.88795 333.531 12
      vertex -2.84697 333.564 12
    endloop
  endfacet
  facet normal -0.627195 0.778862 0
    outer loop
      vertex -2.88795 333.531 12
      vertex -2.84697 333.564 0
      vertex -2.88795 333.531 0
    endloop
  endfacet
  facet normal -0.610264 0.792198 0
    outer loop
      vertex -2.80543 333.596 0
      vertex -2.84697 333.564 12
      vertex -2.80543 333.596 12
    endloop
  endfacet
  facet normal -0.610264 0.792198 0
    outer loop
      vertex -2.84697 333.564 12
      vertex -2.80543 333.596 0
      vertex -2.84697 333.564 0
    endloop
  endfacet
  facet normal -0.593121 0.805114 0
    outer loop
      vertex -2.76335 333.627 0
      vertex -2.80543 333.596 12
      vertex -2.76335 333.627 12
    endloop
  endfacet
  facet normal -0.593121 0.805114 0
    outer loop
      vertex -2.80543 333.596 12
      vertex -2.76335 333.627 0
      vertex -2.80543 333.596 0
    endloop
  endfacet
  facet normal -0.575508 0.817796 0
    outer loop
      vertex -2.72072 333.657 0
      vertex -2.76335 333.627 12
      vertex -2.72072 333.657 12
    endloop
  endfacet
  facet normal -0.575508 0.817796 0
    outer loop
      vertex -2.76335 333.627 12
      vertex -2.72072 333.657 0
      vertex -2.76335 333.627 0
    endloop
  endfacet
  facet normal -0.570841 0.82106 0
    outer loop
      vertex -2.67757 333.687 0
      vertex -2.72072 333.657 12
      vertex -2.67757 333.687 12
    endloop
  endfacet
  facet normal -0.570841 0.82106 0
    outer loop
      vertex -2.72072 333.657 12
      vertex -2.67757 333.687 0
      vertex -2.72072 333.657 0
    endloop
  endfacet
  facet normal -0.55329 0.832988 0
    outer loop
      vertex -2.63391 333.716 0
      vertex -2.67757 333.687 12
      vertex -2.63391 333.716 12
    endloop
  endfacet
  facet normal -0.55329 0.832988 0
    outer loop
      vertex -2.67757 333.687 12
      vertex -2.63391 333.716 0
      vertex -2.67757 333.687 0
    endloop
  endfacet
  facet normal -0.535489 0.844542 0
    outer loop
      vertex -2.58975 333.744 0
      vertex -2.63391 333.716 12
      vertex -2.58975 333.744 12
    endloop
  endfacet
  facet normal -0.535489 0.844542 0
    outer loop
      vertex -2.63391 333.716 12
      vertex -2.58975 333.744 0
      vertex -2.63391 333.716 0
    endloop
  endfacet
  facet normal -0.517452 0.855712 0
    outer loop
      vertex -2.5451 333.771 0
      vertex -2.58975 333.744 12
      vertex -2.5451 333.771 12
    endloop
  endfacet
  facet normal -0.517452 0.855712 0
    outer loop
      vertex -2.58975 333.744 12
      vertex -2.5451 333.771 0
      vertex -2.58975 333.744 0
    endloop
  endfacet
  facet normal -0.513656 0.857996 0
    outer loop
      vertex -2.5 333.798 0
      vertex -2.5451 333.771 12
      vertex -2.5 333.798 12
    endloop
  endfacet
  facet normal -0.513656 0.857996 0
    outer loop
      vertex -2.5451 333.771 12
      vertex -2.5 333.798 0
      vertex -2.5451 333.771 0
    endloop
  endfacet
  facet normal -0.495482 0.868618 0
    outer loop
      vertex -2.45442 333.824 0
      vertex -2.5 333.798 12
      vertex -2.45442 333.824 12
    endloop
  endfacet
  facet normal -0.495482 0.868618 0
    outer loop
      vertex -2.5 333.798 12
      vertex -2.45442 333.824 0
      vertex -2.5 333.798 0
    endloop
  endfacet
  facet normal -0.477353 0.878712 0
    outer loop
      vertex -2.4084 333.849 0
      vertex -2.45442 333.824 12
      vertex -2.4084 333.849 12
    endloop
  endfacet
  facet normal -0.477353 0.878712 0
    outer loop
      vertex -2.45442 333.824 12
      vertex -2.4084 333.849 0
      vertex -2.45442 333.824 0
    endloop
  endfacet
  facet normal -0.459189 0.888339 0
    outer loop
      vertex -2.36197 333.873 0
      vertex -2.4084 333.849 12
      vertex -2.36197 333.873 12
    endloop
  endfacet
  facet normal -0.459189 0.888339 0
    outer loop
      vertex -2.4084 333.849 12
      vertex -2.36197 333.873 0
      vertex -2.4084 333.849 0
    endloop
  endfacet
  facet normal -0.440611 0.897698 0
    outer loop
      vertex -2.31511 333.896 0
      vertex -2.36197 333.873 12
      vertex -2.31511 333.896 12
    endloop
  endfacet
  facet normal -0.440611 0.897698 0
    outer loop
      vertex -2.36197 333.873 12
      vertex -2.31511 333.896 0
      vertex -2.36197 333.873 0
    endloop
  endfacet
  facet normal -0.437599 0.89917 0
    outer loop
      vertex -2.26785 333.919 0
      vertex -2.31511 333.896 12
      vertex -2.26785 333.919 12
    endloop
  endfacet
  facet normal -0.437599 0.89917 0
    outer loop
      vertex -2.31511 333.896 12
      vertex -2.26785 333.919 0
      vertex -2.31511 333.896 0
    endloop
  endfacet
  facet normal -0.419179 0.907904 0
    outer loop
      vertex -2.2202 333.941 0
      vertex -2.26785 333.919 12
      vertex -2.2202 333.941 12
    endloop
  endfacet
  facet normal -0.419179 0.907904 0
    outer loop
      vertex -2.26785 333.919 12
      vertex -2.2202 333.941 0
      vertex -2.26785 333.919 0
    endloop
  endfacet
  facet normal -0.400679 0.916219 0
    outer loop
      vertex -2.17218 333.962 0
      vertex -2.2202 333.941 12
      vertex -2.17218 333.962 12
    endloop
  endfacet
  facet normal -0.400679 0.916219 0
    outer loop
      vertex -2.2202 333.941 12
      vertex -2.17218 333.962 0
      vertex -2.2202 333.941 0
    endloop
  endfacet
  facet normal -0.382104 0.924119 0
    outer loop
      vertex -2.12381 333.982 0
      vertex -2.17218 333.962 12
      vertex -2.12381 333.982 12
    endloop
  endfacet
  facet normal -0.382104 0.924119 0
    outer loop
      vertex -2.17218 333.962 12
      vertex -2.12381 333.982 0
      vertex -2.17218 333.962 0
    endloop
  endfacet
  facet normal -0.363397 0.931634 0
    outer loop
      vertex -2.0751 334.001 0
      vertex -2.12381 333.982 12
      vertex -2.0751 334.001 12
    endloop
  endfacet
  facet normal -0.363397 0.931634 0
    outer loop
      vertex -2.12381 333.982 12
      vertex -2.0751 334.001 0
      vertex -2.12381 333.982 0
    endloop
  endfacet
  facet normal -0.344508 0.938783 0
    outer loop
      vertex -2.02605 334.019 0
      vertex -2.0751 334.001 12
      vertex -2.02605 334.019 12
    endloop
  endfacet
  facet normal -0.344508 0.938783 0
    outer loop
      vertex -2.0751 334.001 12
      vertex -2.02605 334.019 0
      vertex -2.0751 334.001 0
    endloop
  endfacet
  facet normal -0.34266 0.939459 0
    outer loop
      vertex -1.9767 334.037 0
      vertex -2.02605 334.019 12
      vertex -1.9767 334.037 12
    endloop
  endfacet
  facet normal -0.34266 0.939459 0
    outer loop
      vertex -2.02605 334.019 12
      vertex -1.9767 334.037 0
      vertex -2.02605 334.019 0
    endloop
  endfacet
  facet normal -0.306723 0.951799 0
    outer loop
      vertex -1.92705 334.053 0
      vertex -1.9767 334.037 12
      vertex -1.92705 334.053 12
    endloop
  endfacet
  facet normal -0.306723 0.951799 0
    outer loop
      vertex -1.9767 334.037 12
      vertex -1.92705 334.053 0
      vertex -1.9767 334.037 0
    endloop
  endfacet
  facet normal -0.305052 0.952336 0
    outer loop
      vertex -1.8771 334.069 0
      vertex -1.92705 334.053 12
      vertex -1.8771 334.069 12
    endloop
  endfacet
  facet normal -0.305052 0.952336 0
    outer loop
      vertex -1.92705 334.053 12
      vertex -1.8771 334.069 0
      vertex -1.92705 334.053 0
    endloop
  endfacet
  facet normal -0.286297 0.958141 0
    outer loop
      vertex -1.8269 334.084 0
      vertex -1.8771 334.069 12
      vertex -1.8269 334.084 12
    endloop
  endfacet
  facet normal -0.286297 0.958141 0
    outer loop
      vertex -1.8771 334.069 12
      vertex -1.8269 334.084 0
      vertex -1.8771 334.069 0
    endloop
  endfacet
  facet normal -0.267348 0.9636 0
    outer loop
      vertex -1.77644 334.098 0
      vertex -1.8269 334.084 12
      vertex -1.77644 334.098 12
    endloop
  endfacet
  facet normal -0.267348 0.9636 0
    outer loop
      vertex -1.8269 334.084 12
      vertex -1.77644 334.098 0
      vertex -1.8269 334.084 0
    endloop
  endfacet
  facet normal -0.248421 0.968652 0
    outer loop
      vertex -1.72575 334.111 0
      vertex -1.77644 334.098 12
      vertex -1.72575 334.111 12
    endloop
  endfacet
  facet normal -0.248421 0.968652 0
    outer loop
      vertex -1.77644 334.098 12
      vertex -1.72575 334.111 0
      vertex -1.77644 334.098 0
    endloop
  endfacet
  facet normal -0.229466 0.973317 0
    outer loop
      vertex -1.67485 334.123 0
      vertex -1.72575 334.111 12
      vertex -1.67485 334.123 12
    endloop
  endfacet
  facet normal -0.229466 0.973317 0
    outer loop
      vertex -1.72575 334.111 12
      vertex -1.67485 334.123 0
      vertex -1.72575 334.111 0
    endloop
  endfacet
  facet normal -0.210365 0.977623 0
    outer loop
      vertex -1.62373 334.134 0
      vertex -1.67485 334.123 12
      vertex -1.62373 334.134 12
    endloop
  endfacet
  facet normal -0.210365 0.977623 0
    outer loop
      vertex -1.67485 334.123 12
      vertex -1.62373 334.134 0
      vertex -1.67485 334.123 0
    endloop
  endfacet
  facet normal -0.20962 0.977783 0
    outer loop
      vertex -1.57242 334.145 0
      vertex -1.62373 334.134 12
      vertex -1.57242 334.145 12
    endloop
  endfacet
  facet normal -0.20962 0.977783 0
    outer loop
      vertex -1.62373 334.134 12
      vertex -1.57242 334.145 0
      vertex -1.62373 334.134 0
    endloop
  endfacet
  facet normal -0.172181 0.985065 0
    outer loop
      vertex -1.52093 334.154 0
      vertex -1.57242 334.145 12
      vertex -1.52093 334.154 12
    endloop
  endfacet
  facet normal -0.172181 0.985065 0
    outer loop
      vertex -1.57242 334.145 12
      vertex -1.52093 334.154 0
      vertex -1.57242 334.145 0
    endloop
  endfacet
  facet normal -0.171728 0.985144 0
    outer loop
      vertex -1.4693 334.163 0
      vertex -1.52093 334.154 12
      vertex -1.4693 334.163 12
    endloop
  endfacet
  facet normal -0.171728 0.985144 0
    outer loop
      vertex -1.52093 334.154 12
      vertex -1.4693 334.163 0
      vertex -1.52093 334.154 0
    endloop
  endfacet
  facet normal -0.152659 0.988279 0
    outer loop
      vertex -1.41751 334.171 0
      vertex -1.4693 334.163 12
      vertex -1.41751 334.171 12
    endloop
  endfacet
  facet normal -0.152659 0.988279 0
    outer loop
      vertex -1.4693 334.163 12
      vertex -1.41751 334.171 0
      vertex -1.4693 334.163 0
    endloop
  endfacet
  facet normal -0.133639 0.99103 0
    outer loop
      vertex -1.3656 334.178 0
      vertex -1.41751 334.171 12
      vertex -1.3656 334.178 12
    endloop
  endfacet
  facet normal -0.133639 0.99103 0
    outer loop
      vertex -1.41751 334.171 12
      vertex -1.3656 334.178 0
      vertex -1.41751 334.171 0
    endloop
  endfacet
  facet normal -0.114581 0.993414 0
    outer loop
      vertex -1.31358 334.184 0
      vertex -1.3656 334.178 12
      vertex -1.31358 334.184 12
    endloop
  endfacet
  facet normal -0.114581 0.993414 0
    outer loop
      vertex -1.3656 334.178 12
      vertex -1.31358 334.184 0
      vertex -1.3656 334.178 0
    endloop
  endfacet
  facet normal -0.0954941 0.99543 0
    outer loop
      vertex -1.26146 334.189 0
      vertex -1.31358 334.184 12
      vertex -1.26146 334.189 12
    endloop
  endfacet
  facet normal -0.0954941 0.99543 0
    outer loop
      vertex -1.31358 334.184 12
      vertex -1.26146 334.189 0
      vertex -1.31358 334.184 0
    endloop
  endfacet
  facet normal -0.0764044 0.997077 0
    outer loop
      vertex -1.20926 334.193 0
      vertex -1.26146 334.189 12
      vertex -1.20926 334.193 12
    endloop
  endfacet
  facet normal -0.0764044 0.997077 0
    outer loop
      vertex -1.26146 334.189 12
      vertex -1.20926 334.193 0
      vertex -1.26146 334.189 0
    endloop
  endfacet
  facet normal -0.0573109 0.998356 0
    outer loop
      vertex -1.157 334.196 0
      vertex -1.20926 334.193 12
      vertex -1.157 334.196 12
    endloop
  endfacet
  facet normal -0.0573109 0.998356 0
    outer loop
      vertex -1.20926 334.193 12
      vertex -1.157 334.196 0
      vertex -1.20926 334.193 0
    endloop
  endfacet
  facet normal -0.0382057 0.99927 0
    outer loop
      vertex -1.10469 334.198 0
      vertex -1.157 334.196 12
      vertex -1.10469 334.198 12
    endloop
  endfacet
  facet normal -0.0382057 0.99927 0
    outer loop
      vertex -1.157 334.196 12
      vertex -1.10469 334.198 0
      vertex -1.157 334.196 0
    endloop
  endfacet
  facet normal -0.0381838 0.999271 0
    outer loop
      vertex -1.05235 334.2 0
      vertex -1.10469 334.198 12
      vertex -1.05235 334.2 12
    endloop
  endfacet
  facet normal -0.0381838 0.999271 0
    outer loop
      vertex -1.10469 334.198 12
      vertex -1.05235 334.2 0
      vertex -1.10469 334.198 0
    endloop
  endfacet
  facet normal 0 1 -0
    outer loop
      vertex -0.999999 334.2 0
      vertex -1.05235 334.2 12
      vertex -0.999999 334.2 12
    endloop
  endfacet
  facet normal 0 1 0
    outer loop
      vertex -1.05235 334.2 12
      vertex -0.999999 334.2 0
      vertex -1.05235 334.2 0
    endloop
  endfacet
  facet normal -1 0 0
    outer loop
      vertex -4 153.1 0
      vertex -4 331.2 12
      vertex -4 331.2 0
    endloop
  endfacet
  facet normal -1 -0 0
    outer loop
      vertex -4 331.2 12
      vertex -4 153.1 0
      vertex -4 153.1 12
    endloop
  endfacet
  facet normal -0 0 1
    outer loop
      vertex -0.999999 334.2 12
      vertex 153.71 332.2 12
      vertex 153.71 334.2 12
    endloop
  endfacet
  facet normal 0 0 1
    outer loop
      vertex -0.999999 334.2 12
      vertex -0.999999 332.2 12
      vertex 153.71 332.2 12
    endloop
  endfacet
  facet normal 0 0 1
    outer loop
      vertex -0.999999 334.2 12
      vertex -1.01744 332.2 12
      vertex -0.999999 332.2 12
    endloop
  endfacet
  facet normal -0 0 1
    outer loop
      vertex -1.05235 334.2 12
      vertex -1.01744 332.2 12
      vertex -0.999999 334.2 12
    endloop
  endfacet
  facet normal 0 0 1
    outer loop
      vertex -1.01744 332.2 12
      vertex -1.05235 334.2 12
      vertex -1.0349 332.199 12
    endloop
  endfacet
  facet normal -0 0 1
    outer loop
      vertex -1.10469 334.198 12
      vertex -1.0349 332.199 12
      vertex -1.05235 334.2 12
    endloop
  endfacet
  facet normal 0 0 1
    outer loop
      vertex -1.0349 332.199 12
      vertex -1.10469 334.198 12
      vertex -1.05232 332.199 12
    endloop
  endfacet
  facet normal -0 0 1
    outer loop
      vertex -1.157 334.196 12
      vertex -1.05232 332.199 12
      vertex -1.10469 334.198 12
    endloop
  endfacet
  facet normal 0 0 1
    outer loop
      vertex -1.05232 332.199 12
      vertex -1.157 334.196 12
      vertex -1.06975 332.198 12
    endloop
  endfacet
  facet normal -0 0 1
    outer loop
      vertex -1.20926 334.193 12
      vertex -1.06975 332.198 12
      vertex -1.157 334.196 12
    endloop
  endfacet
  facet normal 0 0 1
    outer loop
      vertex -1.06975 332.198 12
      vertex -1.20926 334.193 12
      vertex -1.08714 332.196 12
    endloop
  endfacet
  facet normal -0 0 1
    outer loop
      vertex -1.26146 334.189 12
      vertex -1.08714 332.196 12
      vertex -1.20926 334.193 12
    endloop
  endfacet
  facet normal 0 0 1
    outer loop
      vertex -1.08714 332.196 12
      vertex -1.26146 334.189 12
      vertex -1.10452 332.195 12
    endloop
  endfacet
  facet normal -0 0 1
    outer loop
      vertex -1.31358 334.184 12
      vertex -1.10452 332.195 12
      vertex -1.26146 334.189 12
    endloop
  endfacet
  facet normal 0 0 1
    outer loop
      vertex -1.10452 332.195 12
      vertex -1.31358 334.184 12
      vertex -1.12186 332.193 12
    endloop
  endfacet
  facet normal -0 0 1
    outer loop
      vertex -1.3656 334.178 12
      vertex -1.12186 332.193 12
      vertex -1.31358 334.184 12
    endloop
  endfacet
  facet normal 0 0 1
    outer loop
      vertex -1.12186 332.193 12
      vertex -1.3656 334.178 12
      vertex -1.13916 332.19 12
    endloop
  endfacet
  facet normal -0 0 1
    outer loop
      vertex -1.41751 334.171 12
      vertex -1.13916 332.19 12
      vertex -1.3656 334.178 12
    endloop
  endfacet
  facet normal 0 0 1
    outer loop
      vertex -1.13916 332.19 12
      vertex -1.41751 334.171 12
      vertex -1.15643 332.188 12
    endloop
  endfacet
  facet normal -0 0 1
    outer loop
      vertex -1.4693 334.163 12
      vertex -1.15643 332.188 12
      vertex -1.41751 334.171 12
    endloop
  endfacet
  facet normal 0 0 1
    outer loop
      vertex -1.15643 332.188 12
      vertex -1.4693 334.163 12
      vertex -1.17364 332.185 12
    endloop
  endfacet
  facet normal -0 0 1
    outer loop
      vertex -1.52093 334.154 12
      vertex -1.17364 332.185 12
      vertex -1.4693 334.163 12
    endloop
  endfacet
  facet normal 0 0 1
    outer loop
      vertex -1.17364 332.185 12
      vertex -1.52093 334.154 12
      vertex -1.19079 332.182 12
    endloop
  endfacet
  facet normal -0 0 1
    outer loop
      vertex -1.57242 334.145 12
      vertex -1.19079 332.182 12
      vertex -1.52093 334.154 12
    endloop
  endfacet
  facet normal 0 0 1
    outer loop
      vertex -1.19079 332.182 12
      vertex -1.57242 334.145 12
      vertex -1.2079 332.178 12
    endloop
  endfacet
  facet normal -0 0 1
    outer loop
      vertex -1.62373 334.134 12
      vertex -1.2079 332.178 12
      vertex -1.57242 334.145 12
    endloop
  endfacet
  facet normal 0 0 1
    outer loop
      vertex -1.2079 332.178 12
      vertex -1.62373 334.134 12
      vertex -1.22494 332.174 12
    endloop
  endfacet
  facet normal -0 0 1
    outer loop
      vertex -1.67485 334.123 12
      vertex -1.22494 332.174 12
      vertex -1.62373 334.134 12
    endloop
  endfacet
  facet normal 0 0 1
    outer loop
      vertex -1.22494 332.174 12
      vertex -1.67485 334.123 12
      vertex -1.24191 332.17 12
    endloop
  endfacet
  facet normal -0 0 1
    outer loop
      vertex -1.72575 334.111 12
      vertex -1.24191 332.17 12
      vertex -1.67485 334.123 12
    endloop
  endfacet
  facet normal 0 0 1
    outer loop
      vertex -1.24191 332.17 12
      vertex -1.72575 334.111 12
      vertex -1.2588 332.166 12
    endloop
  endfacet
  facet normal -0 0 1
    outer loop
      vertex -1.77644 334.098 12
      vertex -1.2588 332.166 12
      vertex -1.72575 334.111 12
    endloop
  endfacet
  facet normal 0 0 1
    outer loop
      vertex -1.2588 332.166 12
      vertex -1.77644 334.098 12
      vertex -1.27563 332.161 12
    endloop
  endfacet
  facet normal -0 0 1
    outer loop
      vertex -1.8269 334.084 12
      vertex -1.27563 332.161 12
      vertex -1.77644 334.098 12
    endloop
  endfacet
  facet normal 0 0 1
    outer loop
      vertex -1.27563 332.161 12
      vertex -1.8269 334.084 12
      vertex -1.29236 332.156 12
    endloop
  endfacet
  facet normal -0 0 1
    outer loop
      vertex -1.8771 334.069 12
      vertex -1.29236 332.156 12
      vertex -1.8269 334.084 12
    endloop
  endfacet
  facet normal 0 0 1
    outer loop
      vertex -1.29236 332.156 12
      vertex -1.8771 334.069 12
      vertex -1.309 332.151 12
    endloop
  endfacet
  facet normal -0 0 1
    outer loop
      vertex -1.92705 334.053 12
      vertex -1.309 332.151 12
      vertex -1.8771 334.069 12
    endloop
  endfacet
  facet normal 0 0 1
    outer loop
      vertex -1.309 332.151 12
      vertex -1.92705 334.053 12
      vertex -1.32556 332.146 12
    endloop
  endfacet
  facet normal -0 0 1
    outer loop
      vertex -1.9767 334.037 12
      vertex -1.32556 332.146 12
      vertex -1.92705 334.053 12
    endloop
  endfacet
  facet normal 0 0 1
    outer loop
      vertex -1.32556 332.146 12
      vertex -1.9767 334.037 12
      vertex -1.34201 332.14 12
    endloop
  endfacet
  facet normal -0 0 1
    outer loop
      vertex -2.02605 334.019 12
      vertex -1.34201 332.14 12
      vertex -1.9767 334.037 12
    endloop
  endfacet
  facet normal 0 0 1
    outer loop
      vertex -1.34201 332.14 12
      vertex -2.02605 334.019 12
      vertex -1.35837 332.134 12
    endloop
  endfacet
  facet normal -0 0 1
    outer loop
      vertex -2.0751 334.001 12
      vertex -1.35837 332.134 12
      vertex -2.02605 334.019 12
    endloop
  endfacet
  facet normal 0 0 1
    outer loop
      vertex -1.35837 332.134 12
      vertex -2.0751 334.001 12
      vertex -1.3746 332.127 12
    endloop
  endfacet
  facet normal -0 0 1
    outer loop
      vertex -2.12381 333.982 12
      vertex -1.3746 332.127 12
      vertex -2.0751 334.001 12
    endloop
  endfacet
  facet normal 0 0 1
    outer loop
      vertex -1.3746 332.127 12
      vertex -2.12381 333.982 12
      vertex -1.39072 332.121 12
    endloop
  endfacet
  facet normal -0 0 1
    outer loop
      vertex -2.17218 333.962 12
      vertex -1.39072 332.121 12
      vertex -2.12381 333.982 12
    endloop
  endfacet
  facet normal 0 0 1
    outer loop
      vertex -1.39072 332.121 12
      vertex -2.17218 333.962 12
      vertex -1.40672 332.114 12
    endloop
  endfacet
  facet normal -0 0 1
    outer loop
      vertex -2.2202 333.941 12
      vertex -1.40672 332.114 12
      vertex -2.17218 333.962 12
    endloop
  endfacet
  facet normal 0 0 1
    outer loop
      vertex -1.40672 332.114 12
      vertex -2.2202 333.941 12
      vertex -1.42261 332.106 12
    endloop
  endfacet
  facet normal -0 0 1
    outer loop
      vertex -2.26785 333.919 12
      vertex -1.42261 332.106 12
      vertex -2.2202 333.941 12
    endloop
  endfacet
  facet normal 0 0 1
    outer loop
      vertex -1.42261 332.106 12
      vertex -2.26785 333.919 12
      vertex -1.43837 332.099 12
    endloop
  endfacet
  facet normal -0 0 1
    outer loop
      vertex -2.31511 333.896 12
      vertex -1.43837 332.099 12
      vertex -2.26785 333.919 12
    endloop
  endfacet
  facet normal 0 0 1
    outer loop
      vertex -1.43837 332.099 12
      vertex -2.31511 333.896 12
      vertex -1.45398 332.091 12
    endloop
  endfacet
  facet normal -0 0 1
    outer loop
      vertex -2.36197 333.873 12
      vertex -1.45398 332.091 12
      vertex -2.31511 333.896 12
    endloop
  endfacet
  facet normal 0 0 1
    outer loop
      vertex -1.45398 332.091 12
      vertex -2.36197 333.873 12
      vertex -1.46947 332.083 12
    endloop
  endfacet
  facet normal -0 0 1
    outer loop
      vertex -2.4084 333.849 12
      vertex -1.46947 332.083 12
      vertex -2.36197 333.873 12
    endloop
  endfacet
  facet normal 0 0 1
    outer loop
      vertex -1.46947 332.083 12
      vertex -2.4084 333.849 12
      vertex -1.4848 332.075 12
    endloop
  endfacet
  facet normal -0 0 1
    outer loop
      vertex -2.45442 333.824 12
      vertex -1.4848 332.075 12
      vertex -2.4084 333.849 12
    endloop
  endfacet
  facet normal 0 0 1
    outer loop
      vertex -1.4848 332.075 12
      vertex -2.45442 333.824 12
      vertex -1.5 332.066 12
    endloop
  endfacet
  facet normal -0 0 1
    outer loop
      vertex -2.5 333.798 12
      vertex -1.5 332.066 12
      vertex -2.45442 333.824 12
    endloop
  endfacet
  facet normal 0 0 1
    outer loop
      vertex -1.5 332.066 12
      vertex -2.5 333.798 12
      vertex -1.51503 332.057 12
    endloop
  endfacet
  facet normal -0 0 1
    outer loop
      vertex -2.5451 333.771 12
      vertex -1.51503 332.057 12
      vertex -2.5 333.798 12
    endloop
  endfacet
  facet normal 0 0 1
    outer loop
      vertex -1.51503 332.057 12
      vertex -2.5451 333.771 12
      vertex -1.52991 332.048 12
    endloop
  endfacet
  facet normal -0 0 1
    outer loop
      vertex -2.58975 333.744 12
      vertex -1.52991 332.048 12
      vertex -2.5451 333.771 12
    endloop
  endfacet
  facet normal 0 0 1
    outer loop
      vertex -1.52991 332.048 12
      vertex -2.58975 333.744 12
      vertex -1.54463 332.039 12
    endloop
  endfacet
  facet normal -0 0 1
    outer loop
      vertex -2.63391 333.716 12
      vertex -1.54463 332.039 12
      vertex -2.58975 333.744 12
    endloop
  endfacet
  facet normal 0 0 1
    outer loop
      vertex -1.54463 332.039 12
      vertex -2.63391 333.716 12
      vertex -1.55919 332.029 12
    endloop
  endfacet
  facet normal -0 0 1
    outer loop
      vertex -2.67757 333.687 12
      vertex -1.55919 332.029 12
      vertex -2.63391 333.716 12
    endloop
  endfacet
  facet normal 0 0 1
    outer loop
      vertex -1.55919 332.029 12
      vertex -2.67757 333.687 12
      vertex -1.57356 332.019 12
    endloop
  endfacet
  facet normal -0 0 1
    outer loop
      vertex -2.72072 333.657 12
      vertex -1.57356 332.019 12
      vertex -2.67757 333.687 12
    endloop
  endfacet
  facet normal 0 0 1
    outer loop
      vertex -1.57356 332.019 12
      vertex -2.72072 333.657 12
      vertex -1.58778 332.009 12
    endloop
  endfacet
  facet normal -0 0 1
    outer loop
      vertex -2.76335 333.627 12
      vertex -1.58778 332.009 12
      vertex -2.72072 333.657 12
    endloop
  endfacet
  facet normal 0 0 1
    outer loop
      vertex -1.58778 332.009 12
      vertex -2.76335 333.627 12
      vertex -1.60181 331.999 12
    endloop
  endfacet
  facet normal -0 0 1
    outer loop
      vertex -2.80543 333.596 12
      vertex -1.60181 331.999 12
      vertex -2.76335 333.627 12
    endloop
  endfacet
  facet normal 0 0 1
    outer loop
      vertex -1.60181 331.999 12
      vertex -2.80543 333.596 12
      vertex -1.61565 331.988 12
    endloop
  endfacet
  facet normal -0 0 1
    outer loop
      vertex -2.84697 333.564 12
      vertex -1.61565 331.988 12
      vertex -2.80543 333.596 12
    endloop
  endfacet
  facet normal 0 0 1
    outer loop
      vertex -1.61565 331.988 12
      vertex -2.84697 333.564 12
      vertex -1.62932 331.977 12
    endloop
  endfacet
  facet normal -0 0 1
    outer loop
      vertex -2.88795 333.531 12
      vertex -1.62932 331.977 12
      vertex -2.84697 333.564 12
    endloop
  endfacet
  facet normal 0 0 1
    outer loop
      vertex -1.62932 331.977 12
      vertex -2.88795 333.531 12
      vertex -1.64278 331.966 12
    endloop
  endfacet
  facet normal -0 0 1
    outer loop
      vertex -2.92836 333.498 12
      vertex -1.64278 331.966 12
      vertex -2.88795 333.531 12
    endloop
  endfacet
  facet normal 0 0 1
    outer loop
      vertex -1.64278 331.966 12
      vertex -2.92836 333.498 12
      vertex -1.65605 331.955 12
    endloop
  endfacet
  facet normal -0 0 1
    outer loop
      vertex -2.96817 333.464 12
      vertex -1.65605 331.955 12
      vertex -2.92836 333.498 12
    endloop
  endfacet
  facet normal 0 0 1
    outer loop
      vertex -1.65605 331.955 12
      vertex -2.96817 333.464 12
      vertex -1.66913 331.943 12
    endloop
  endfacet
  facet normal -0 0 1
    outer loop
      vertex -3.00738 333.429 12
      vertex -1.66913 331.943 12
      vertex -2.96817 333.464 12
    endloop
  endfacet
  facet normal 0 0 1
    outer loop
      vertex -1.66913 331.943 12
      vertex -3.00738 333.429 12
      vertex -1.68199 331.931 12
    endloop
  endfacet
  facet normal -0 0 1
    outer loop
      vertex -3.04599 333.394 12
      vertex -1.68199 331.931 12
      vertex -3.00738 333.429 12
    endloop
  endfacet
  facet normal 0 0 1
    outer loop
      vertex -1.68199 331.931 12
      vertex -3.04599 333.394 12
      vertex -1.69466 331.919 12
    endloop
  endfacet
  facet normal -0 0 1
    outer loop
      vertex -3.08397 333.358 12
      vertex -1.69466 331.919 12
      vertex -3.04599 333.394 12
    endloop
  endfacet
  facet normal 0 0 1
    outer loop
      vertex -1.69466 331.919 12
      vertex -3.08397 333.358 12
      vertex -1.70709 331.907 12
    endloop
  endfacet
  facet normal -0 0 1
    outer loop
      vertex -3.12131 333.321 12
      vertex -1.70709 331.907 12
      vertex -3.08397 333.358 12
    endloop
  endfacet
  facet normal 0 0 1
    outer loop
      vertex -1.70709 331.907 12
      vertex -3.12131 333.321 12
      vertex -1.71933 331.895 12
    endloop
  endfacet
  facet normal -0 0 1
    outer loop
      vertex -3.158 333.284 12
      vertex -1.71933 331.895 12
      vertex -3.12131 333.321 12
    endloop
  endfacet
  facet normal 0 0 1
    outer loop
      vertex -1.71933 331.895 12
      vertex -3.158 333.284 12
      vertex -1.73134 331.882 12
    endloop
  endfacet
  facet normal -0 0 1
    outer loop
      vertex -3.19405 333.246 12
      vertex -1.73134 331.882 12
      vertex -3.158 333.284 12
    endloop
  endfacet
  facet normal 0 0 1
    outer loop
      vertex -1.73134 331.882 12
      vertex -3.19405 333.246 12
      vertex -1.74313 331.869 12
    endloop
  endfacet
  facet normal -0 0 1
    outer loop
      vertex -3.22943 333.207 12
      vertex -1.74313 331.869 12
      vertex -3.19405 333.246 12
    endloop
  endfacet
  facet normal 0 0 1
    outer loop
      vertex -1.74313 331.869 12
      vertex -3.22943 333.207 12
      vertex -1.7547 331.856 12
    endloop
  endfacet
  facet normal -0 0 1
    outer loop
      vertex -3.26411 333.168 12
      vertex -1.7547 331.856 12
      vertex -3.22943 333.207 12
    endloop
  endfacet
  facet normal 0 0 1
    outer loop
      vertex -1.7547 331.856 12
      vertex -3.26411 333.168 12
      vertex -1.76604 331.843 12
    endloop
  endfacet
  facet normal -0 0 1
    outer loop
      vertex -3.29813 333.128 12
      vertex -1.76604 331.843 12
      vertex -3.26411 333.168 12
    endloop
  endfacet
  facet normal 0 0 1
    outer loop
      vertex -1.76604 331.843 12
      vertex -3.29813 333.128 12
      vertex -1.77714 331.829 12
    endloop
  endfacet
  facet normal -0 0 1
    outer loop
      vertex -3.33144 333.088 12
      vertex -1.77714 331.829 12
      vertex -3.29813 333.128 12
    endloop
  endfacet
  facet normal 0 0 1
    outer loop
      vertex -1.77714 331.829 12
      vertex -3.33144 333.088 12
      vertex -1.78801 331.816 12
    endloop
  endfacet
  facet normal -0 0 1
    outer loop
      vertex -3.36403 333.047 12
      vertex -1.78801 331.816 12
      vertex -3.33144 333.088 12
    endloop
  endfacet
  facet normal 0 0 1
    outer loop
      vertex -1.78801 331.816 12
      vertex -3.36403 333.047 12
      vertex -1.79863 331.802 12
    endloop
  endfacet
  facet normal -0 0 1
    outer loop
      vertex -3.3959 333.005 12
      vertex -1.79863 331.802 12
      vertex -3.36403 333.047 12
    endloop
  endfacet
  facet normal 0 0 1
    outer loop
      vertex -1.79863 331.802 12
      vertex -3.3959 333.005 12
      vertex -1.809 331.788 12
    endloop
  endfacet
  facet normal -0 0 1
    outer loop
      vertex -3.42705 332.963 12
      vertex -1.809 331.788 12
      vertex -3.3959 333.005 12
    endloop
  endfacet
  facet normal 0 0 1
    outer loop
      vertex -1.809 331.788 12
      vertex -3.42705 332.963 12
      vertex -1.81914 331.774 12
    endloop
  endfacet
  facet normal 0 0 1
    outer loop
      vertex -1.81914 331.774 12
      vertex -3.45744 332.921 12
      vertex -1.82902 331.759 12
    endloop
  endfacet
  facet normal -0 0 1
    outer loop
      vertex -3.45744 332.921 12
      vertex -1.81914 331.774 12
      vertex -3.42705 332.963 12
    endloop
  endfacet
  facet normal -0 0 1
    outer loop
      vertex -2 157.1 12
      vertex 4 153.1 12
      vertex 4 157.1 12
    endloop
  endfacet
  facet normal -0 0 1
    outer loop
      vertex -3.48711 332.878 12
      vertex -1.82902 331.759 12
      vertex -3.45744 332.921 12
    endloop
  endfacet
  facet normal 0 0 1
    outer loop
      vertex -1.82902 331.759 12
      vertex -3.48711 332.878 12
      vertex -1.83867 331.745 12
    endloop
  endfacet
  facet normal -0 0 1
    outer loop
      vertex -3.51601 332.834 12
      vertex -1.83867 331.745 12
      vertex -3.48711 332.878 12
    endloop
  endfacet
  facet normal 0 0 1
    outer loop
      vertex -1.83867 331.745 12
      vertex -3.51601 332.834 12
      vertex -1.84804 331.73 12
    endloop
  endfacet
  facet normal -0 0 1
    outer loop
      vertex -3.54414 332.79 12
      vertex -1.84804 331.73 12
      vertex -3.51601 332.834 12
    endloop
  endfacet
  facet normal 0 0 1
    outer loop
      vertex -1.84804 331.73 12
      vertex -3.54414 332.79 12
      vertex -1.85716 331.715 12
    endloop
  endfacet
  facet normal -0 0 1
    outer loop
      vertex -3.57149 332.745 12
      vertex -1.85716 331.715 12
      vertex -3.54414 332.79 12
    endloop
  endfacet
  facet normal 0 0 1
    outer loop
      vertex -1.85716 331.715 12
      vertex -3.57149 332.745 12
      vertex -1.86601 331.7 12
    endloop
  endfacet
  facet normal -0 0 1
    outer loop
      vertex -3.59807 332.7 12
      vertex -1.86601 331.7 12
      vertex -3.57149 332.745 12
    endloop
  endfacet
  facet normal 0 0 1
    outer loop
      vertex -1.86601 331.7 12
      vertex -3.59807 332.7 12
      vertex -1.87462 331.685 12
    endloop
  endfacet
  facet normal -0 0 1
    outer loop
      vertex -3.62385 332.654 12
      vertex -1.87462 331.685 12
      vertex -3.59807 332.7 12
    endloop
  endfacet
  facet normal 0 0 1
    outer loop
      vertex -1.87462 331.685 12
      vertex -3.62385 332.654 12
      vertex -1.88293 331.669 12
    endloop
  endfacet
  facet normal -0 0 1
    outer loop
      vertex -3.64883 332.608 12
      vertex -1.88293 331.669 12
      vertex -3.62385 332.654 12
    endloop
  endfacet
  facet normal 0 0 1
    outer loop
      vertex -1.88293 331.669 12
      vertex -3.64883 332.608 12
      vertex -1.89101 331.654 12
    endloop
  endfacet
  facet normal -0 0 1
    outer loop
      vertex -3.67302 332.562 12
      vertex -1.89101 331.654 12
      vertex -3.64883 332.608 12
    endloop
  endfacet
  facet normal 0 0 1
    outer loop
      vertex -1.89101 331.654 12
      vertex -3.67302 332.562 12
      vertex -1.89879 331.638 12
    endloop
  endfacet
  facet normal -0 0 1
    outer loop
      vertex -3.69638 332.515 12
      vertex -1.89879 331.638 12
      vertex -3.67302 332.562 12
    endloop
  endfacet
  facet normal 0 0 1
    outer loop
      vertex -1.89879 331.638 12
      vertex -3.69638 332.515 12
      vertex -1.90629 331.623 12
    endloop
  endfacet
  facet normal -0 0 1
    outer loop
      vertex -3.71892 332.468 12
      vertex -1.90629 331.623 12
      vertex -3.69638 332.515 12
    endloop
  endfacet
  facet normal 0 0 1
    outer loop
      vertex -1.90629 331.623 12
      vertex -3.71892 332.468 12
      vertex -1.91354 331.607 12
    endloop
  endfacet
  facet normal -0 0 1
    outer loop
      vertex -3.74063 332.42 12
      vertex -1.91354 331.607 12
      vertex -3.71892 332.468 12
    endloop
  endfacet
  facet normal 0 0 1
    outer loop
      vertex -1.91354 331.607 12
      vertex -3.74063 332.42 12
      vertex -1.9205 331.591 12
    endloop
  endfacet
  facet normal -0 0 1
    outer loop
      vertex -3.7615 332.372 12
      vertex -1.9205 331.591 12
      vertex -3.74063 332.42 12
    endloop
  endfacet
  facet normal 0 0 1
    outer loop
      vertex -1.9205 331.591 12
      vertex -3.7615 332.372 12
      vertex -1.92717 331.575 12
    endloop
  endfacet
  facet normal -0 0 1
    outer loop
      vertex -3.78154 332.324 12
      vertex -1.92717 331.575 12
      vertex -3.7615 332.372 12
    endloop
  endfacet
  facet normal 0 0 1
    outer loop
      vertex -1.92717 331.575 12
      vertex -3.78154 332.324 12
      vertex -1.93358 331.558 12
    endloop
  endfacet
  facet normal -0 0 1
    outer loop
      vertex -3.80073 332.275 12
      vertex -1.93358 331.558 12
      vertex -3.78154 332.324 12
    endloop
  endfacet
  facet normal 0 0 1
    outer loop
      vertex -1.93358 331.558 12
      vertex -3.80073 332.275 12
      vertex -1.93968 331.542 12
    endloop
  endfacet
  facet normal -0 0 1
    outer loop
      vertex -3.81908 332.226 12
      vertex -1.93968 331.542 12
      vertex -3.80073 332.275 12
    endloop
  endfacet
  facet normal 0 0 1
    outer loop
      vertex -1.93968 331.542 12
      vertex -3.81908 332.226 12
      vertex -1.94551 331.526 12
    endloop
  endfacet
  facet normal -0 0 1
    outer loop
      vertex -3.83655 332.177 12
      vertex -1.94551 331.526 12
      vertex -3.81908 332.226 12
    endloop
  endfacet
  facet normal 0 0 1
    outer loop
      vertex -1.94551 331.526 12
      vertex -3.83655 332.177 12
      vertex -1.95105 331.509 12
    endloop
  endfacet
  facet normal -0 0 1
    outer loop
      vertex -3.85316 332.127 12
      vertex -1.95105 331.509 12
      vertex -3.83655 332.177 12
    endloop
  endfacet
  facet normal 0 0 1
    outer loop
      vertex -1.95105 331.509 12
      vertex -3.85316 332.127 12
      vertex -1.9563 331.492 12
    endloop
  endfacet
  facet normal -0 0 1
    outer loop
      vertex -3.86891 332.077 12
      vertex -1.9563 331.492 12
      vertex -3.85316 332.127 12
    endloop
  endfacet
  facet normal 0 0 1
    outer loop
      vertex -1.9563 331.492 12
      vertex -3.86891 332.077 12
      vertex -1.96126 331.476 12
    endloop
  endfacet
  facet normal -0 0 1
    outer loop
      vertex -3.88377 332.027 12
      vertex -1.96126 331.476 12
      vertex -3.86891 332.077 12
    endloop
  endfacet
  facet normal 0 0 1
    outer loop
      vertex -1.96126 331.476 12
      vertex -3.88377 332.027 12
      vertex -1.96591 331.459 12
    endloop
  endfacet
  facet normal -0 0 1
    outer loop
      vertex -3.89777 331.976 12
      vertex -1.96591 331.459 12
      vertex -3.88377 332.027 12
    endloop
  endfacet
  facet normal 0 0 1
    outer loop
      vertex -1.96591 331.459 12
      vertex -3.89777 331.976 12
      vertex -1.97029 331.442 12
    endloop
  endfacet
  facet normal -0 0 1
    outer loop
      vertex -3.91087 331.926 12
      vertex -1.97029 331.442 12
      vertex -3.89777 331.976 12
    endloop
  endfacet
  facet normal 0 0 1
    outer loop
      vertex -1.97029 331.442 12
      vertex -3.91087 331.926 12
      vertex -1.97436 331.425 12
    endloop
  endfacet
  facet normal -0 0 1
    outer loop
      vertex -3.92309 331.875 12
      vertex -1.97436 331.425 12
      vertex -3.91087 331.926 12
    endloop
  endfacet
  facet normal 0 0 1
    outer loop
      vertex -1.97436 331.425 12
      vertex -3.92309 331.875 12
      vertex -1.97813 331.408 12
    endloop
  endfacet
  facet normal -0 0 1
    outer loop
      vertex -3.93443 331.824 12
      vertex -1.97813 331.408 12
      vertex -3.92309 331.875 12
    endloop
  endfacet
  facet normal 0 0 1
    outer loop
      vertex -1.97813 331.408 12
      vertex -3.93443 331.824 12
      vertex -1.98161 331.391 12
    endloop
  endfacet
  facet normal -0 0 1
    outer loop
      vertex -3.94487 331.772 12
      vertex -1.98161 331.391 12
      vertex -3.93443 331.824 12
    endloop
  endfacet
  facet normal 0 0 1
    outer loop
      vertex -1.98161 331.391 12
      vertex -3.94487 331.772 12
      vertex -1.9848 331.374 12
    endloop
  endfacet
  facet normal -0 0 1
    outer loop
      vertex -3.95442 331.721 12
      vertex -1.9848 331.374 12
      vertex -3.94487 331.772 12
    endloop
  endfacet
  facet normal 0 0 1
    outer loop
      vertex -1.9848 331.374 12
      vertex -3.95442 331.721 12
      vertex -1.98769 331.356 12
    endloop
  endfacet
  facet normal -0 0 1
    outer loop
      vertex -3.96306 331.669 12
      vertex -1.98769 331.356 12
      vertex -3.95442 331.721 12
    endloop
  endfacet
  facet normal 0 0 1
    outer loop
      vertex -1.98769 331.356 12
      vertex -3.96306 331.669 12
      vertex -1.99026 331.339 12
    endloop
  endfacet
  facet normal -0 0 1
    outer loop
      vertex -3.97079 331.618 12
      vertex -1.99026 331.339 12
      vertex -3.96306 331.669 12
    endloop
  endfacet
  facet normal 0 0 1
    outer loop
      vertex -1.99026 331.339 12
      vertex -3.97079 331.618 12
      vertex -1.99254 331.322 12
    endloop
  endfacet
  facet normal -0 0 1
    outer loop
      vertex -3.97763 331.566 12
      vertex -1.99254 331.322 12
      vertex -3.97079 331.618 12
    endloop
  endfacet
  facet normal 0 0 1
    outer loop
      vertex -1.99254 331.322 12
      vertex -3.97763 331.566 12
      vertex -1.99451 331.305 12
    endloop
  endfacet
  facet normal -0 0 1
    outer loop
      vertex -3.98355 331.514 12
      vertex -1.99451 331.305 12
      vertex -3.97763 331.566 12
    endloop
  endfacet
  facet normal 0 0 1
    outer loop
      vertex -1.99451 331.305 12
      vertex -3.98355 331.514 12
      vertex -1.99618 331.287 12
    endloop
  endfacet
  facet normal -0 0 1
    outer loop
      vertex -3.98857 331.461 12
      vertex -1.99618 331.287 12
      vertex -3.98355 331.514 12
    endloop
  endfacet
  facet normal 0 0 1
    outer loop
      vertex -1.99618 331.287 12
      vertex -3.98857 331.461 12
      vertex -1.99756 331.27 12
    endloop
  endfacet
  facet normal -0 0 1
    outer loop
      vertex -3.99269 331.409 12
      vertex -1.99756 331.27 12
      vertex -3.98857 331.461 12
    endloop
  endfacet
  facet normal 0 0 1
    outer loop
      vertex -1.99756 331.27 12
      vertex -3.99269 331.409 12
      vertex -1.99863 331.252 12
    endloop
  endfacet
  facet normal -0 0 1
    outer loop
      vertex -3.99588 331.357 12
      vertex -1.99863 331.252 12
      vertex -3.99269 331.409 12
    endloop
  endfacet
  facet normal 0 0 1
    outer loop
      vertex -1.99863 331.252 12
      vertex -3.99588 331.357 12
      vertex -1.99939 331.235 12
    endloop
  endfacet
  facet normal -0 0 1
    outer loop
      vertex -3.99817 331.305 12
      vertex -1.99939 331.235 12
      vertex -3.99588 331.357 12
    endloop
  endfacet
  facet normal 0 0 1
    outer loop
      vertex -1.99939 331.235 12
      vertex -3.99817 331.305 12
      vertex -1.99985 331.217 12
    endloop
  endfacet
  facet normal -0 0 1
    outer loop
      vertex -3.99954 331.252 12
      vertex -1.99985 331.217 12
      vertex -3.99817 331.305 12
    endloop
  endfacet
  facet normal 0 0 1
    outer loop
      vertex -1.99985 331.217 12
      vertex -3.99954 331.252 12
      vertex -2 331.2 12
    endloop
  endfacet
  facet normal 0 0 1
    outer loop
      vertex -2 331.2 12
      vertex -3.99954 331.252 12
      vertex -4 331.2 12
    endloop
  endfacet
  facet normal 0 0 1
    outer loop
      vertex -2 331.2 12
      vertex -4 331.2 12
      vertex -2 157.1 12
    endloop
  endfacet
  facet normal 0 0 1
    outer loop
      vertex -2 157.1 12
      vertex -4 153.1 12
      vertex 4 153.1 12
    endloop
  endfacet
  facet normal 0 0 1
    outer loop
      vertex -4 153.1 12
      vertex -2 157.1 12
      vertex -4 331.2 12
    endloop
  endfacet
  facet normal 0 0 -1
    outer loop
      vertex 11.3312 320.3 0
      vertex 153.71 334.2 0
      vertex 153.71 153.1 0
    endloop
  endfacet
  facet normal 0 0 -1
    outer loop
      vertex 153.71 334.2 0
      vertex 12.2447 322.355 0
      vertex 12.2525 322.58 0
    endloop
  endfacet
  facet normal 0 0 -1
    outer loop
      vertex 153.71 334.2 0
      vertex 12.2445 322.351 0
      vertex 12.2447 322.355 0
    endloop
  endfacet
  facet normal 0 0 -1
    outer loop
      vertex 153.71 334.2 0
      vertex 12.221 322.128 0
      vertex 12.2445 322.351 0
    endloop
  endfacet
  facet normal 0 0 -1
    outer loop
      vertex 153.71 334.2 0
      vertex 12.2206 322.123 0
      vertex 12.221 322.128 0
    endloop
  endfacet
  facet normal 0 0 -1
    outer loop
      vertex 153.71 334.2 0
      vertex 12.2198 322.119 0
      vertex 12.2206 322.123 0
    endloop
  endfacet
  facet normal 0 0 -1
    outer loop
      vertex 153.71 334.2 0
      vertex 12.1808 321.898 0
      vertex 12.2198 322.119 0
    endloop
  endfacet
  facet normal 0 0 -1
    outer loop
      vertex 153.71 334.2 0
      vertex 12.1264 321.679 0
      vertex 12.1808 321.898 0
    endloop
  endfacet
  facet normal 0 0 -1
    outer loop
      vertex 153.71 334.2 0
      vertex 12.1253 321.675 0
      vertex 12.1264 321.679 0
    endloop
  endfacet
  facet normal 0 0 -1
    outer loop
      vertex 153.71 334.2 0
      vertex 12.0559 321.461 0
      vertex 12.1253 321.675 0
    endloop
  endfacet
  facet normal 0 0 -1
    outer loop
      vertex 153.71 334.2 0
      vertex 12.0545 321.457 0
      vertex 12.0559 321.461 0
    endloop
  endfacet
  facet normal 0 0 -1
    outer loop
      vertex 153.71 334.2 0
      vertex 11.9703 321.249 0
      vertex 12.0545 321.457 0
    endloop
  endfacet
  facet normal 0 0 -1
    outer loop
      vertex 153.71 334.2 0
      vertex 11.9687 321.245 0
      vertex 11.9703 321.249 0
    endloop
  endfacet
  facet normal 0 0 -1
    outer loop
      vertex 153.71 334.2 0
      vertex 11.9668 321.241 0
      vertex 11.9687 321.245 0
    endloop
  endfacet
  facet normal 0 0 -1
    outer loop
      vertex 153.71 334.2 0
      vertex 11.8683 321.039 0
      vertex 11.9668 321.241 0
    endloop
  endfacet
  facet normal 0 0 -1
    outer loop
      vertex 153.71 334.2 0
      vertex 11.8661 321.035 0
      vertex 11.8683 321.039 0
    endloop
  endfacet
  facet normal 0 0 -1
    outer loop
      vertex 153.71 334.2 0
      vertex 11.7537 320.841 0
      vertex 11.8661 321.035 0
    endloop
  endfacet
  facet normal 0 0 -1
    outer loop
      vertex 153.71 334.2 0
      vertex 11.628 320.654 0
      vertex 11.7537 320.841 0
    endloop
  endfacet
  facet normal 0 0 -1
    outer loop
      vertex 153.71 334.2 0
      vertex 11.6256 320.651 0
      vertex 11.628 320.654 0
    endloop
  endfacet
  facet normal 0 0 -1
    outer loop
      vertex 153.71 334.2 0
      vertex 11.6229 320.647 0
      vertex 11.6256 320.651 0
    endloop
  endfacet
  facet normal 0 0 -1
    outer loop
      vertex 153.71 334.2 0
      vertex 11.4845 320.47 0
      vertex 11.6229 320.647 0
    endloop
  endfacet
  facet normal 0 0 -1
    outer loop
      vertex 153.71 334.2 0
      vertex 11.4816 320.467 0
      vertex 11.4845 320.47 0
    endloop
  endfacet
  facet normal 0 0 -1
    outer loop
      vertex 153.71 334.2 0
      vertex 11.3312 320.3 0
      vertex 11.4816 320.467 0
    endloop
  endfacet
  facet normal 0 0 -1
    outer loop
      vertex 153.71 153.1 0
      vertex 11.1696 320.144 0
      vertex 11.3312 320.3 0
    endloop
  endfacet
  facet normal 0 0 -1
    outer loop
      vertex 153.71 153.1 0
      vertex 11.1664 320.141 0
      vertex 11.1696 320.144 0
    endloop
  endfacet
  facet normal 0 0 -1
    outer loop
      vertex 153.71 153.1 0
      vertex 11.1631 320.138 0
      vertex 11.1664 320.141 0
    endloop
  endfacet
  facet normal 0 0 -1
    outer loop
      vertex 153.71 153.1 0
      vertex 10.9909 319.993 0
      vertex 11.1631 320.138 0
    endloop
  endfacet
  facet normal 0 0 -1
    outer loop
      vertex 153.71 153.1 0
      vertex 10.9874 319.991 0
      vertex 10.9909 319.993 0
    endloop
  endfacet
  facet normal 0 0 -1
    outer loop
      vertex 153.71 153.1 0
      vertex 10.8056 319.859 0
      vertex 10.9874 319.991 0
    endloop
  endfacet
  facet normal 0 0 -1
    outer loop
      vertex -4 153.1 0
      vertex 10.8056 319.859 0
      vertex 153.71 153.1 0
    endloop
  endfacet
  facet normal 0 0 -1
    outer loop
      vertex 10.8056 319.859 0
      vertex -4 153.1 0
      vertex 10.8019 319.856 0
    endloop
  endfacet
  facet normal 0 0 -1
    outer loop
      vertex 10.8019 319.856 0
      vertex -4 153.1 0
      vertex 10.6112 319.737 0
    endloop
  endfacet
  facet normal 0 0 -1
    outer loop
      vertex 10.6112 319.737 0
      vertex -4 153.1 0
      vertex 10.4128 319.632 0
    endloop
  endfacet
  facet normal 0 0 -1
    outer loop
      vertex 10.4128 319.632 0
      vertex -4 153.1 0
      vertex 10.409 319.63 0
    endloop
  endfacet
  facet normal 0 0 -1
    outer loop
      vertex 10.409 319.63 0
      vertex -4 153.1 0
      vertex 10.405 319.628 0
    endloop
  endfacet
  facet normal 0 0 -1
    outer loop
      vertex 10.405 319.628 0
      vertex -4 153.1 0
      vertex 10.1996 319.537 0
    endloop
  endfacet
  facet normal 0 0 -1
    outer loop
      vertex 10.1996 319.537 0
      vertex -4 153.1 0
      vertex 9.98845 319.46 0
    endloop
  endfacet
  facet normal 0 0 -1
    outer loop
      vertex 9.98845 319.46 0
      vertex -4 153.1 0
      vertex 9.98435 319.458 0
    endloop
  endfacet
  facet normal 0 0 -1
    outer loop
      vertex 9.98435 319.458 0
      vertex -4 153.1 0
      vertex 9.98015 319.457 0
    endloop
  endfacet
  facet normal 0 0 -1
    outer loop
      vertex 9.98015 319.457 0
      vertex -4 153.1 0
      vertex 9.76411 319.395 0
    endloop
  endfacet
  facet normal 0 0 -1
    outer loop
      vertex 9.76411 319.395 0
      vertex -4 153.1 0
      vertex 9.54427 319.348 0
    endloop
  endfacet
  facet normal 0 0 -1
    outer loop
      vertex 9.54427 319.348 0
      vertex -4 153.1 0
      vertex 9.54 319.347 0
    endloop
  endfacet
  facet normal -0 0 -1
    outer loop
      vertex 9.54 319.347 0
      vertex -4 153.1 0
      vertex 9.53568 319.347 0
    endloop
  endfacet
  facet normal 0 0 -1
    outer loop
      vertex 9.53568 319.347 0
      vertex -4 153.1 0
      vertex 9.31311 319.315 0
    endloop
  endfacet
  facet normal 0 0 -1
    outer loop
      vertex 9.31311 319.315 0
      vertex -4 153.1 0
      vertex 9.08891 319.3 0
    endloop
  endfacet
  facet normal 0 0 -1
    outer loop
      vertex 9.08891 319.3 0
      vertex -4 153.1 0
      vertex 9.08456 319.299 0
    endloop
  endfacet
  facet normal -0 0 -1
    outer loop
      vertex 9.08456 319.299 0
      vertex -4 153.1 0
      vertex 8.85544 319.299 0
    endloop
  endfacet
  facet normal -0 0 -1
    outer loop
      vertex 8.85544 319.299 0
      vertex -4 153.1 0
      vertex 8.85109 319.3 0
    endloop
  endfacet
  facet normal -0 0 -1
    outer loop
      vertex 8.85109 319.3 0
      vertex -4 153.1 0
      vertex 8.62689 319.315 0
    endloop
  endfacet
  facet normal -0 0 -1
    outer loop
      vertex 8.62689 319.315 0
      vertex -4 153.1 0
      vertex 8.40432 319.347 0
    endloop
  endfacet
  facet normal -0 0 -1
    outer loop
      vertex 8.40432 319.347 0
      vertex -4 153.1 0
      vertex 8.4 319.347 0
    endloop
  endfacet
  facet normal -0 0 -1
    outer loop
      vertex 8.4 319.347 0
      vertex -4 153.1 0
      vertex 8.39573 319.348 0
    endloop
  endfacet
  facet normal -0 0 -1
    outer loop
      vertex 8.39573 319.348 0
      vertex -4 153.1 0
      vertex 8.17589 319.395 0
    endloop
  endfacet
  facet normal -0 0 -1
    outer loop
      vertex 8.17589 319.395 0
      vertex -4 153.1 0
      vertex 7.95985 319.457 0
    endloop
  endfacet
  facet normal -0 0 -1
    outer loop
      vertex 7.95985 319.457 0
      vertex -4 153.1 0
      vertex 7.95565 319.458 0
    endloop
  endfacet
  facet normal -0 0 -1
    outer loop
      vertex 7.95565 319.458 0
      vertex -4 153.1 0
      vertex 7.95155 319.46 0
    endloop
  endfacet
  facet normal -0 0 -1
    outer loop
      vertex 7.95155 319.46 0
      vertex -4 153.1 0
      vertex 7.74035 319.537 0
    endloop
  endfacet
  facet normal -0 0 -1
    outer loop
      vertex 7.74035 319.537 0
      vertex -4 153.1 0
      vertex 7.53503 319.628 0
    endloop
  endfacet
  facet normal -0 0 -1
    outer loop
      vertex 7.53503 319.628 0
      vertex -4 153.1 0
      vertex 7.53105 319.63 0
    endloop
  endfacet
  facet normal -0 0 -1
    outer loop
      vertex 7.53105 319.63 0
      vertex -4 153.1 0
      vertex 7.5272 319.632 0
    endloop
  endfacet
  facet normal -0 0 -1
    outer loop
      vertex 7.5272 319.632 0
      vertex -4 153.1 0
      vertex 7.32875 319.737 0
    endloop
  endfacet
  facet normal -0 0 -1
    outer loop
      vertex 7.32875 319.737 0
      vertex -4 153.1 0
      vertex 7.13815 319.856 0
    endloop
  endfacet
  facet normal -0 0 -1
    outer loop
      vertex 7.13815 319.856 0
      vertex -4 153.1 0
      vertex 7.13445 319.859 0
    endloop
  endfacet
  facet normal -0 0 -1
    outer loop
      vertex 7.13445 319.859 0
      vertex -4 153.1 0
      vertex 6.95262 319.991 0
    endloop
  endfacet
  facet normal -0 0 -1
    outer loop
      vertex 6.95262 319.991 0
      vertex -4 153.1 0
      vertex 6.94909 319.993 0
    endloop
  endfacet
  facet normal -0 0 -1
    outer loop
      vertex 6.94909 319.993 0
      vertex -4 153.1 0
      vertex 6.77692 320.138 0
    endloop
  endfacet
  facet normal -0 0 -1
    outer loop
      vertex 6.77692 320.138 0
      vertex -4 153.1 0
      vertex 6.77358 320.141 0
    endloop
  endfacet
  facet normal -0 0 -1
    outer loop
      vertex 6.77358 320.141 0
      vertex -4 153.1 0
      vertex 6.77044 320.144 0
    endloop
  endfacet
  facet normal -0 0 -1
    outer loop
      vertex 6.77044 320.144 0
      vertex -4 153.1 0
      vertex 6.60877 320.3 0
    endloop
  endfacet
  facet normal -0 0 -1
    outer loop
      vertex 6.60877 320.3 0
      vertex -4 153.1 0
      vertex 6.45838 320.467 0
    endloop
  endfacet
  facet normal 0 0 1
    outer loop
      vertex 6.07172 321.039 0
      vertex 5.97129 321.245 0
      vertex 5.9732 321.241 0
    endloop
  endfacet
  facet normal 0 0 1
    outer loop
      vertex 5.97129 321.245 0
      vertex 5.88546 321.457 0
      vertex 5.96965 321.249 0
    endloop
  endfacet
  facet normal 0 0 1
    outer loop
      vertex 5.88546 321.457 0
      vertex 5.81466 321.675 0
      vertex 5.88411 321.461 0
    endloop
  endfacet
  facet normal 0 0 -1
    outer loop
      vertex -4 331.2 0
      vertex 5.69534 322.355 0
      vertex 5.6955 322.351 0
    endloop
  endfacet
  facet normal 0 0 -1
    outer loop
      vertex 5.69534 322.355 0
      vertex -4 331.2 0
      vertex 5.6875 322.58 0
    endloop
  endfacet
  facet normal 0 0 -1
    outer loop
      vertex -4 331.2 0
      vertex 5.6955 322.351 0
      vertex 5.71899 322.128 0
    endloop
  endfacet
  facet normal 0 0 -1
    outer loop
      vertex -4 331.2 0
      vertex 5.71899 322.128 0
      vertex 5.71945 322.123 0
    endloop
  endfacet
  facet normal 0 0 -1
    outer loop
      vertex -4 331.2 0
      vertex 5.71945 322.123 0
      vertex 5.7202 322.119 0
    endloop
  endfacet
  facet normal 0 0 -1
    outer loop
      vertex -4 331.2 0
      vertex 5.7202 322.119 0
      vertex 5.75923 321.898 0
    endloop
  endfacet
  facet normal 0 0 -1
    outer loop
      vertex -4 331.2 0
      vertex 5.75923 321.898 0
      vertex 5.8136 321.679 0
    endloop
  endfacet
  facet normal 0 0 -1
    outer loop
      vertex -4 331.2 0
      vertex 5.8136 321.679 0
      vertex 5.81466 321.675 0
    endloop
  endfacet
  facet normal 0 0 -1
    outer loop
      vertex -4 331.2 0
      vertex 5.81466 321.675 0
      vertex 5.88546 321.457 0
    endloop
  endfacet
  facet normal 0 0 -1
    outer loop
      vertex -4 331.2 0
      vertex 5.88546 321.457 0
      vertex 5.97129 321.245 0
    endloop
  endfacet
  facet normal 0 0 -1
    outer loop
      vertex -4 331.2 0
      vertex 5.97129 321.245 0
      vertex 6.07172 321.039 0
    endloop
  endfacet
  facet normal 0 0 -1
    outer loop
      vertex 5.6875 322.58 0
      vertex -4 331.2 0
      vertex -0.999999 334.2 0
    endloop
  endfacet
  facet normal -0 0 -1
    outer loop
      vertex -0.999999 334.2 0
      vertex -4 331.2 0
      vertex -1.05235 334.2 0
    endloop
  endfacet
  facet normal 0 0 -1
    outer loop
      vertex -1.05235 334.2 0
      vertex -4 331.2 0
      vertex -1.10469 334.198 0
    endloop
  endfacet
  facet normal 0 0 -1
    outer loop
      vertex -1.10469 334.198 0
      vertex -4 331.2 0
      vertex -1.157 334.196 0
    endloop
  endfacet
  facet normal 0 0 -1
    outer loop
      vertex -1.157 334.196 0
      vertex -4 331.2 0
      vertex -1.20926 334.193 0
    endloop
  endfacet
  facet normal 0 0 -1
    outer loop
      vertex -1.20926 334.193 0
      vertex -4 331.2 0
      vertex -1.26146 334.189 0
    endloop
  endfacet
  facet normal 0 0 -1
    outer loop
      vertex -1.26146 334.189 0
      vertex -4 331.2 0
      vertex -1.31358 334.184 0
    endloop
  endfacet
  facet normal 0 0 -1
    outer loop
      vertex -1.31358 334.184 0
      vertex -4 331.2 0
      vertex -1.3656 334.178 0
    endloop
  endfacet
  facet normal 0 0 -1
    outer loop
      vertex -1.3656 334.178 0
      vertex -4 331.2 0
      vertex -1.41751 334.171 0
    endloop
  endfacet
  facet normal 0 0 -1
    outer loop
      vertex -1.41751 334.171 0
      vertex -4 331.2 0
      vertex -1.4693 334.163 0
    endloop
  endfacet
  facet normal 0 0 -1
    outer loop
      vertex -4 331.2 0
      vertex 6.07172 321.039 0
      vertex 6.07391 321.035 0
    endloop
  endfacet
  facet normal 0 0 -1
    outer loop
      vertex -4 331.2 0
      vertex 6.07391 321.035 0
      vertex 6.18628 320.841 0
    endloop
  endfacet
  facet normal 0 0 -1
    outer loop
      vertex -1.4693 334.163 0
      vertex -4 331.2 0
      vertex -1.52093 334.154 0
    endloop
  endfacet
  facet normal 0 0 -1
    outer loop
      vertex -1.52093 334.154 0
      vertex -4 331.2 0
      vertex -1.57242 334.145 0
    endloop
  endfacet
  facet normal 0 0 -1
    outer loop
      vertex -1.57242 334.145 0
      vertex -4 331.2 0
      vertex -1.62373 334.134 0
    endloop
  endfacet
  facet normal 0 0 -1
    outer loop
      vertex -1.62373 334.134 0
      vertex -4 331.2 0
      vertex -1.67485 334.123 0
    endloop
  endfacet
  facet normal 0 0 -1
    outer loop
      vertex -1.67485 334.123 0
      vertex -4 331.2 0
      vertex -1.72575 334.111 0
    endloop
  endfacet
  facet normal 0 0 -1
    outer loop
      vertex -1.72575 334.111 0
      vertex -4 331.2 0
      vertex -1.77644 334.098 0
    endloop
  endfacet
  facet normal 0 0 -1
    outer loop
      vertex -1.77644 334.098 0
      vertex -4 331.2 0
      vertex -1.8269 334.084 0
    endloop
  endfacet
  facet normal 0 0 -1
    outer loop
      vertex -1.8269 334.084 0
      vertex -4 331.2 0
      vertex -1.8771 334.069 0
    endloop
  endfacet
  facet normal 0 0 -1
    outer loop
      vertex -1.8771 334.069 0
      vertex -4 331.2 0
      vertex -1.92705 334.053 0
    endloop
  endfacet
  facet normal 0 0 -1
    outer loop
      vertex -1.92705 334.053 0
      vertex -4 331.2 0
      vertex -1.9767 334.037 0
    endloop
  endfacet
  facet normal 0 0 -1
    outer loop
      vertex -1.9767 334.037 0
      vertex -4 331.2 0
      vertex -2.02605 334.019 0
    endloop
  endfacet
  facet normal 0 0 -1
    outer loop
      vertex -2.02605 334.019 0
      vertex -4 331.2 0
      vertex -2.0751 334.001 0
    endloop
  endfacet
  facet normal 0 0 -1
    outer loop
      vertex -2.0751 334.001 0
      vertex -4 331.2 0
      vertex -2.12381 333.982 0
    endloop
  endfacet
  facet normal 0 0 -1
    outer loop
      vertex -2.12381 333.982 0
      vertex -4 331.2 0
      vertex -2.17218 333.962 0
    endloop
  endfacet
  facet normal 0 0 -1
    outer loop
      vertex -2.17218 333.962 0
      vertex -4 331.2 0
      vertex -2.2202 333.941 0
    endloop
  endfacet
  facet normal 0 0 -1
    outer loop
      vertex -2.2202 333.941 0
      vertex -4 331.2 0
      vertex -2.26785 333.919 0
    endloop
  endfacet
  facet normal 0 0 -1
    outer loop
      vertex -2.26785 333.919 0
      vertex -4 331.2 0
      vertex -2.31511 333.896 0
    endloop
  endfacet
  facet normal 0 0 -1
    outer loop
      vertex -2.31511 333.896 0
      vertex -4 331.2 0
      vertex -2.36197 333.873 0
    endloop
  endfacet
  facet normal 0 0 -1
    outer loop
      vertex -2.36197 333.873 0
      vertex -4 331.2 0
      vertex -2.4084 333.849 0
    endloop
  endfacet
  facet normal 0 0 -1
    outer loop
      vertex -2.4084 333.849 0
      vertex -4 331.2 0
      vertex -2.45442 333.824 0
    endloop
  endfacet
  facet normal 0 0 -1
    outer loop
      vertex -2.45442 333.824 0
      vertex -4 331.2 0
      vertex -2.5 333.798 0
    endloop
  endfacet
  facet normal 0 0 -1
    outer loop
      vertex -4 331.2 0
      vertex 6.18628 320.841 0
      vertex 6.31196 320.654 0
    endloop
  endfacet
  facet normal 0 0 -1
    outer loop
      vertex -2.5 333.798 0
      vertex -4 331.2 0
      vertex -2.5451 333.771 0
    endloop
  endfacet
  facet normal 0 0 -1
    outer loop
      vertex -4 331.2 0
      vertex 6.31196 320.654 0
      vertex 6.3144 320.651 0
    endloop
  endfacet
  facet normal 0 0 -1
    outer loop
      vertex -2.5451 333.771 0
      vertex -4 331.2 0
      vertex -2.58975 333.744 0
    endloop
  endfacet
  facet normal 0 0 -1
    outer loop
      vertex -2.58975 333.744 0
      vertex -4 331.2 0
      vertex -2.63391 333.716 0
    endloop
  endfacet
  facet normal 0 0 -1
    outer loop
      vertex -2.63391 333.716 0
      vertex -4 331.2 0
      vertex -2.67757 333.687 0
    endloop
  endfacet
  facet normal 0 0 -1
    outer loop
      vertex -2.67757 333.687 0
      vertex -4 331.2 0
      vertex -2.72072 333.657 0
    endloop
  endfacet
  facet normal 0 0 -1
    outer loop
      vertex -2.72072 333.657 0
      vertex -4 331.2 0
      vertex -2.76335 333.627 0
    endloop
  endfacet
  facet normal 0 0 -1
    outer loop
      vertex -2.76335 333.627 0
      vertex -4 331.2 0
      vertex -2.80543 333.596 0
    endloop
  endfacet
  facet normal 0 0 -1
    outer loop
      vertex -2.80543 333.596 0
      vertex -4 331.2 0
      vertex -2.84697 333.564 0
    endloop
  endfacet
  facet normal 0 0 -1
    outer loop
      vertex -2.84697 333.564 0
      vertex -4 331.2 0
      vertex -2.88795 333.531 0
    endloop
  endfacet
  facet normal 0 0 -1
    outer loop
      vertex -2.88795 333.531 0
      vertex -4 331.2 0
      vertex -2.92836 333.498 0
    endloop
  endfacet
  facet normal 0 0 -1
    outer loop
      vertex -2.92836 333.498 0
      vertex -4 331.2 0
      vertex -2.96817 333.464 0
    endloop
  endfacet
  facet normal 0 0 -1
    outer loop
      vertex -2.96817 333.464 0
      vertex -4 331.2 0
      vertex -3.00738 333.429 0
    endloop
  endfacet
  facet normal 0 0 -1
    outer loop
      vertex -3.00738 333.429 0
      vertex -4 331.2 0
      vertex -3.04599 333.394 0
    endloop
  endfacet
  facet normal 0 0 -1
    outer loop
      vertex -3.04599 333.394 0
      vertex -4 331.2 0
      vertex -3.08397 333.358 0
    endloop
  endfacet
  facet normal 0 0 -1
    outer loop
      vertex -3.08397 333.358 0
      vertex -4 331.2 0
      vertex -3.12131 333.321 0
    endloop
  endfacet
  facet normal 0 0 -1
    outer loop
      vertex -3.12131 333.321 0
      vertex -4 331.2 0
      vertex -3.158 333.284 0
    endloop
  endfacet
  facet normal 0 0 -1
    outer loop
      vertex -3.158 333.284 0
      vertex -4 331.2 0
      vertex -3.19405 333.246 0
    endloop
  endfacet
  facet normal 0 0 -1
    outer loop
      vertex -3.19405 333.246 0
      vertex -4 331.2 0
      vertex -3.22943 333.207 0
    endloop
  endfacet
  facet normal 0 0 -1
    outer loop
      vertex -3.22943 333.207 0
      vertex -4 331.2 0
      vertex -3.26411 333.168 0
    endloop
  endfacet
  facet normal 0 0 -1
    outer loop
      vertex -3.26411 333.168 0
      vertex -4 331.2 0
      vertex -3.29813 333.128 0
    endloop
  endfacet
  facet normal 0 0 -1
    outer loop
      vertex -3.29813 333.128 0
      vertex -4 331.2 0
      vertex -3.33144 333.088 0
    endloop
  endfacet
  facet normal 0 0 -1
    outer loop
      vertex -4 331.2 0
      vertex 6.3144 320.651 0
      vertex 6.31709 320.647 0
    endloop
  endfacet
  facet normal 0 0 -1
    outer loop
      vertex -3.33144 333.088 0
      vertex -4 331.2 0
      vertex -3.36403 333.047 0
    endloop
  endfacet
  facet normal 0 0 -1
    outer loop
      vertex -4 331.2 0
      vertex 6.31709 320.647 0
      vertex 6.45546 320.47 0
    endloop
  endfacet
  facet normal 0 0 -1
    outer loop
      vertex -3.36403 333.047 0
      vertex -4 331.2 0
      vertex -3.3959 333.005 0
    endloop
  endfacet
  facet normal 0 0 -1
    outer loop
      vertex -3.3959 333.005 0
      vertex -4 331.2 0
      vertex -3.42705 332.963 0
    endloop
  endfacet
  facet normal 0 0 -1
    outer loop
      vertex -3.42705 332.963 0
      vertex -4 331.2 0
      vertex -3.45744 332.921 0
    endloop
  endfacet
  facet normal 0 0 -1
    outer loop
      vertex -3.45744 332.921 0
      vertex -4 331.2 0
      vertex -3.48711 332.878 0
    endloop
  endfacet
  facet normal 0 0 -1
    outer loop
      vertex -3.48711 332.878 0
      vertex -4 331.2 0
      vertex -3.51601 332.834 0
    endloop
  endfacet
  facet normal 0 0 -1
    outer loop
      vertex -3.51601 332.834 0
      vertex -4 331.2 0
      vertex -3.54414 332.79 0
    endloop
  endfacet
  facet normal 0 0 -1
    outer loop
      vertex -3.54414 332.79 0
      vertex -4 331.2 0
      vertex -3.57149 332.745 0
    endloop
  endfacet
  facet normal 0 0 -1
    outer loop
      vertex -3.57149 332.745 0
      vertex -4 331.2 0
      vertex -3.59807 332.7 0
    endloop
  endfacet
  facet normal 0 0 -1
    outer loop
      vertex -3.59807 332.7 0
      vertex -4 331.2 0
      vertex -3.62385 332.654 0
    endloop
  endfacet
  facet normal 0 0 -1
    outer loop
      vertex -3.62385 332.654 0
      vertex -4 331.2 0
      vertex -3.64883 332.608 0
    endloop
  endfacet
  facet normal 0 0 -1
    outer loop
      vertex -3.64883 332.608 0
      vertex -4 331.2 0
      vertex -3.67302 332.562 0
    endloop
  endfacet
  facet normal 0 0 -1
    outer loop
      vertex -3.67302 332.562 0
      vertex -4 331.2 0
      vertex -3.69638 332.515 0
    endloop
  endfacet
  facet normal 0 0 -1
    outer loop
      vertex -3.69638 332.515 0
      vertex -4 331.2 0
      vertex -3.71892 332.468 0
    endloop
  endfacet
  facet normal 0 0 -1
    outer loop
      vertex -3.71892 332.468 0
      vertex -4 331.2 0
      vertex -3.74063 332.42 0
    endloop
  endfacet
  facet normal 0 0 -1
    outer loop
      vertex -3.74063 332.42 0
      vertex -4 331.2 0
      vertex -3.7615 332.372 0
    endloop
  endfacet
  facet normal 0 0 -1
    outer loop
      vertex -3.7615 332.372 0
      vertex -4 331.2 0
      vertex -3.78154 332.324 0
    endloop
  endfacet
  facet normal 0 0 -1
    outer loop
      vertex -3.78154 332.324 0
      vertex -4 331.2 0
      vertex -3.80073 332.275 0
    endloop
  endfacet
  facet normal 0 0 -1
    outer loop
      vertex -3.80073 332.275 0
      vertex -4 331.2 0
      vertex -3.81908 332.226 0
    endloop
  endfacet
  facet normal 0 0 -1
    outer loop
      vertex -3.81908 332.226 0
      vertex -4 331.2 0
      vertex -3.83655 332.177 0
    endloop
  endfacet
  facet normal -0 0 -1
    outer loop
      vertex 6.45838 320.467 0
      vertex -4 153.1 0
      vertex 6.45546 320.47 0
    endloop
  endfacet
  facet normal 0 0 -1
    outer loop
      vertex -3.83655 332.177 0
      vertex -4 331.2 0
      vertex -3.85316 332.127 0
    endloop
  endfacet
  facet normal 0 0 -1
    outer loop
      vertex -3.85316 332.127 0
      vertex -4 331.2 0
      vertex -3.86891 332.077 0
    endloop
  endfacet
  facet normal 0 0 -1
    outer loop
      vertex -3.86891 332.077 0
      vertex -4 331.2 0
      vertex -3.88377 332.027 0
    endloop
  endfacet
  facet normal 0 0 -1
    outer loop
      vertex -3.88377 332.027 0
      vertex -4 331.2 0
      vertex -3.89777 331.976 0
    endloop
  endfacet
  facet normal 0 0 -1
    outer loop
      vertex -3.89777 331.976 0
      vertex -4 331.2 0
      vertex -3.91087 331.926 0
    endloop
  endfacet
  facet normal 0 0 -1
    outer loop
      vertex -3.91087 331.926 0
      vertex -4 331.2 0
      vertex -3.92309 331.875 0
    endloop
  endfacet
  facet normal 0 0 -1
    outer loop
      vertex -3.92309 331.875 0
      vertex -4 331.2 0
      vertex -3.93443 331.824 0
    endloop
  endfacet
  facet normal 0 0 -1
    outer loop
      vertex -3.93443 331.824 0
      vertex -4 331.2 0
      vertex -3.94487 331.772 0
    endloop
  endfacet
  facet normal 0 0 -1
    outer loop
      vertex -3.94487 331.772 0
      vertex -4 331.2 0
      vertex -3.95442 331.721 0
    endloop
  endfacet
  facet normal 0 0 -1
    outer loop
      vertex -3.95442 331.721 0
      vertex -4 331.2 0
      vertex -3.96306 331.669 0
    endloop
  endfacet
  facet normal 0 0 -1
    outer loop
      vertex -3.96306 331.669 0
      vertex -4 331.2 0
      vertex -3.97079 331.618 0
    endloop
  endfacet
  facet normal 0 0 -1
    outer loop
      vertex -3.97079 331.618 0
      vertex -4 331.2 0
      vertex -3.97763 331.566 0
    endloop
  endfacet
  facet normal 0 0 -1
    outer loop
      vertex -3.97763 331.566 0
      vertex -4 331.2 0
      vertex -3.98355 331.514 0
    endloop
  endfacet
  facet normal 0 0 -1
    outer loop
      vertex -3.98355 331.514 0
      vertex -4 331.2 0
      vertex -3.98857 331.461 0
    endloop
  endfacet
  facet normal 0 0 -1
    outer loop
      vertex -3.98857 331.461 0
      vertex -4 331.2 0
      vertex -3.99269 331.409 0
    endloop
  endfacet
  facet normal 0 0 -1
    outer loop
      vertex -3.99269 331.409 0
      vertex -4 331.2 0
      vertex -3.99588 331.357 0
    endloop
  endfacet
  facet normal 0 0 -1
    outer loop
      vertex -3.99588 331.357 0
      vertex -4 331.2 0
      vertex -3.99817 331.305 0
    endloop
  endfacet
  facet normal -0 0 -1
    outer loop
      vertex 6.45546 320.47 0
      vertex -4 153.1 0
      vertex -4 331.2 0
    endloop
  endfacet
  facet normal 0 0 -1
    outer loop
      vertex -3.99817 331.305 0
      vertex -4 331.2 0
      vertex -3.99954 331.252 0
    endloop
  endfacet
  facet normal 0 0 -1
    outer loop
      vertex 12.2447 322.805 0
      vertex 153.71 334.2 0
      vertex 12.2525 322.58 0
    endloop
  endfacet
  facet normal 0 0 -1
    outer loop
      vertex 12.2445 322.809 0
      vertex 153.71 334.2 0
      vertex 12.2447 322.805 0
    endloop
  endfacet
  facet normal 0 0 -1
    outer loop
      vertex 12.221 323.033 0
      vertex 153.71 334.2 0
      vertex 12.2445 322.809 0
    endloop
  endfacet
  facet normal 0 0 -1
    outer loop
      vertex 12.2206 323.037 0
      vertex 153.71 334.2 0
      vertex 12.221 323.033 0
    endloop
  endfacet
  facet normal 0 0 -1
    outer loop
      vertex 12.2198 323.041 0
      vertex 153.71 334.2 0
      vertex 12.2206 323.037 0
    endloop
  endfacet
  facet normal 0 0 -1
    outer loop
      vertex 12.1808 323.262 0
      vertex 153.71 334.2 0
      vertex 12.2198 323.041 0
    endloop
  endfacet
  facet normal 0 0 -1
    outer loop
      vertex 12.1264 323.481 0
      vertex 153.71 334.2 0
      vertex 12.1808 323.262 0
    endloop
  endfacet
  facet normal 0 0 -1
    outer loop
      vertex 12.1253 323.485 0
      vertex 153.71 334.2 0
      vertex 12.1264 323.481 0
    endloop
  endfacet
  facet normal 0 0 -1
    outer loop
      vertex 12.0559 323.699 0
      vertex 153.71 334.2 0
      vertex 12.1253 323.485 0
    endloop
  endfacet
  facet normal 0 0 -1
    outer loop
      vertex 12.0545 323.703 0
      vertex 153.71 334.2 0
      vertex 12.0559 323.699 0
    endloop
  endfacet
  facet normal 0 0 -1
    outer loop
      vertex 11.9703 323.911 0
      vertex 153.71 334.2 0
      vertex 12.0545 323.703 0
    endloop
  endfacet
  facet normal 0 0 -1
    outer loop
      vertex 11.9687 323.915 0
      vertex 153.71 334.2 0
      vertex 11.9703 323.911 0
    endloop
  endfacet
  facet normal 0 0 -1
    outer loop
      vertex 11.9668 323.919 0
      vertex 153.71 334.2 0
      vertex 11.9687 323.915 0
    endloop
  endfacet
  facet normal 0 0 -1
    outer loop
      vertex 11.8683 324.121 0
      vertex 153.71 334.2 0
      vertex 11.9668 323.919 0
    endloop
  endfacet
  facet normal 0 0 -1
    outer loop
      vertex 11.8661 324.125 0
      vertex 153.71 334.2 0
      vertex 11.8683 324.121 0
    endloop
  endfacet
  facet normal 0 0 -1
    outer loop
      vertex 11.7537 324.319 0
      vertex 153.71 334.2 0
      vertex 11.8661 324.125 0
    endloop
  endfacet
  facet normal 0 0 -1
    outer loop
      vertex 11.628 324.506 0
      vertex 153.71 334.2 0
      vertex 11.7537 324.319 0
    endloop
  endfacet
  facet normal 0 0 -1
    outer loop
      vertex 11.6256 324.509 0
      vertex 153.71 334.2 0
      vertex 11.628 324.506 0
    endloop
  endfacet
  facet normal 0 0 -1
    outer loop
      vertex 11.6229 324.513 0
      vertex 153.71 334.2 0
      vertex 11.6256 324.509 0
    endloop
  endfacet
  facet normal 0 0 -1
    outer loop
      vertex 11.4845 324.69 0
      vertex 153.71 334.2 0
      vertex 11.6229 324.513 0
    endloop
  endfacet
  facet normal 0 0 -1
    outer loop
      vertex 11.4816 324.693 0
      vertex 153.71 334.2 0
      vertex 11.4845 324.69 0
    endloop
  endfacet
  facet normal 0 0 -1
    outer loop
      vertex 11.3312 324.86 0
      vertex 153.71 334.2 0
      vertex 11.4816 324.693 0
    endloop
  endfacet
  facet normal 0 0 -1
    outer loop
      vertex 11.1696 325.016 0
      vertex 153.71 334.2 0
      vertex 11.3312 324.86 0
    endloop
  endfacet
  facet normal 0 0 -1
    outer loop
      vertex 11.1664 325.019 0
      vertex 153.71 334.2 0
      vertex 11.1696 325.016 0
    endloop
  endfacet
  facet normal 0 0 -1
    outer loop
      vertex 11.1631 325.022 0
      vertex 153.71 334.2 0
      vertex 11.1664 325.019 0
    endloop
  endfacet
  facet normal 0 0 -1
    outer loop
      vertex 10.9909 325.167 0
      vertex 153.71 334.2 0
      vertex 11.1631 325.022 0
    endloop
  endfacet
  facet normal 0 0 -1
    outer loop
      vertex 10.9874 325.169 0
      vertex 153.71 334.2 0
      vertex 10.9909 325.167 0
    endloop
  endfacet
  facet normal 0 0 -1
    outer loop
      vertex 10.8056 325.301 0
      vertex 153.71 334.2 0
      vertex 10.9874 325.169 0
    endloop
  endfacet
  facet normal 0 0 1
    outer loop
      vertex -0.999999 334.2 0
      vertex 10.8056 325.301 0
      vertex 10.8019 325.304 0
    endloop
  endfacet
  facet normal 0 0 -1
    outer loop
      vertex -0.999999 334.2 0
      vertex 10.8019 325.304 0
      vertex 10.6112 325.423 0
    endloop
  endfacet
  facet normal 0 0 -1
    outer loop
      vertex -0.999999 334.2 0
      vertex 10.6112 325.423 0
      vertex 10.4128 325.528 0
    endloop
  endfacet
  facet normal 0 0 -1
    outer loop
      vertex -0.999999 334.2 0
      vertex 10.4128 325.528 0
      vertex 10.409 325.53 0
    endloop
  endfacet
  facet normal 0 0 -1
    outer loop
      vertex -0.999999 334.2 0
      vertex 10.409 325.53 0
      vertex 10.405 325.532 0
    endloop
  endfacet
  facet normal 0 0 -1
    outer loop
      vertex -0.999999 334.2 0
      vertex 10.405 325.532 0
      vertex 10.1996 325.623 0
    endloop
  endfacet
  facet normal 0 0 -1
    outer loop
      vertex -0.999999 334.2 0
      vertex 10.1996 325.623 0
      vertex 9.98845 325.7 0
    endloop
  endfacet
  facet normal 0 0 -1
    outer loop
      vertex -0.999999 334.2 0
      vertex 9.98845 325.7 0
      vertex 9.98435 325.702 0
    endloop
  endfacet
  facet normal 0 0 -1
    outer loop
      vertex -0.999999 334.2 0
      vertex 9.98435 325.702 0
      vertex 9.98015 325.703 0
    endloop
  endfacet
  facet normal 0 0 -1
    outer loop
      vertex -0.999999 334.2 0
      vertex 9.98015 325.703 0
      vertex 9.76411 325.765 0
    endloop
  endfacet
  facet normal 0 0 -1
    outer loop
      vertex -0.999999 334.2 0
      vertex 9.76411 325.765 0
      vertex 9.54427 325.812 0
    endloop
  endfacet
  facet normal 0 0 -1
    outer loop
      vertex -0.999999 334.2 0
      vertex 9.54427 325.812 0
      vertex 9.54 325.813 0
    endloop
  endfacet
  facet normal 0 0 -1
    outer loop
      vertex -0.999999 334.2 0
      vertex 9.54 325.813 0
      vertex 9.53568 325.813 0
    endloop
  endfacet
  facet normal 0 0 -1
    outer loop
      vertex -0.999999 334.2 0
      vertex 9.53568 325.813 0
      vertex 9.31311 325.845 0
    endloop
  endfacet
  facet normal 0 0 -1
    outer loop
      vertex -0.999999 334.2 0
      vertex 9.31311 325.845 0
      vertex 9.08891 325.86 0
    endloop
  endfacet
  facet normal 0 0 -1
    outer loop
      vertex -0.999999 334.2 0
      vertex 9.08891 325.86 0
      vertex 9.08456 325.861 0
    endloop
  endfacet
  facet normal 0 0 -1
    outer loop
      vertex -0.999999 334.2 0
      vertex 9.08456 325.861 0
      vertex 8.85544 325.861 0
    endloop
  endfacet
  facet normal 0 0 -1
    outer loop
      vertex -0.999999 334.2 0
      vertex 8.85109 325.86 0
      vertex 8.62689 325.845 0
    endloop
  endfacet
  facet normal 0 0 -1
    outer loop
      vertex -0.999999 334.2 0
      vertex 7.95985 325.703 0
      vertex 7.95565 325.702 0
    endloop
  endfacet
  facet normal 0 0 -1
    outer loop
      vertex -0.999999 334.2 0
      vertex 7.95155 325.7 0
      vertex 7.74035 325.623 0
    endloop
  endfacet
  facet normal 0 0 -1
    outer loop
      vertex -0.999999 334.2 0
      vertex 7.53503 325.532 0
      vertex 7.53105 325.53 0
    endloop
  endfacet
  facet normal 0 0 -1
    outer loop
      vertex -0.999999 334.2 0
      vertex 7.5272 325.528 0
      vertex 7.32875 325.423 0
    endloop
  endfacet
  facet normal 0 0 -1
    outer loop
      vertex -0.999999 334.2 0
      vertex 7.13815 325.304 0
      vertex 7.13445 325.301 0
    endloop
  endfacet
  facet normal 0 0 -1
    outer loop
      vertex -0.999999 334.2 0
      vertex 6.95262 325.169 0
      vertex 6.94909 325.167 0
    endloop
  endfacet
  facet normal 0 0 -1
    outer loop
      vertex -0.999999 334.2 0
      vertex 5.88411 323.699 0
      vertex 5.81466 323.485 0
    endloop
  endfacet
  facet normal 0 0 1
    outer loop
      vertex 5.6875 322.58 0
      vertex 5.6955 322.809 0
      vertex 5.69534 322.805 0
    endloop
  endfacet
  facet normal 0 0 -1
    outer loop
      vertex 10.8056 325.301 0
      vertex -0.999999 334.2 0
      vertex 153.71 334.2 0
    endloop
  endfacet
  facet normal 0 0 -1
    outer loop
      vertex 8.85109 325.86 0
      vertex -0.999999 334.2 0
      vertex 8.85544 325.861 0
    endloop
  endfacet
  facet normal 0 0 -1
    outer loop
      vertex 8.40432 325.813 0
      vertex -0.999999 334.2 0
      vertex 8.62689 325.845 0
    endloop
  endfacet
  facet normal 0 0 -1
    outer loop
      vertex 8.4 325.813 0
      vertex -0.999999 334.2 0
      vertex 8.40432 325.813 0
    endloop
  endfacet
  facet normal 0 0 -1
    outer loop
      vertex 8.39573 325.812 0
      vertex -0.999999 334.2 0
      vertex 8.4 325.813 0
    endloop
  endfacet
  facet normal 0 0 -1
    outer loop
      vertex 8.17589 325.765 0
      vertex -0.999999 334.2 0
      vertex 8.39573 325.812 0
    endloop
  endfacet
  facet normal 0 0 -1
    outer loop
      vertex 7.95985 325.703 0
      vertex -0.999999 334.2 0
      vertex 8.17589 325.765 0
    endloop
  endfacet
  facet normal 0 0 -1
    outer loop
      vertex 7.95155 325.7 0
      vertex -0.999999 334.2 0
      vertex 7.95565 325.702 0
    endloop
  endfacet
  facet normal 0 0 -1
    outer loop
      vertex 7.53503 325.532 0
      vertex -0.999999 334.2 0
      vertex 7.74035 325.623 0
    endloop
  endfacet
  facet normal 0 0 -1
    outer loop
      vertex 7.5272 325.528 0
      vertex -0.999999 334.2 0
      vertex 7.53105 325.53 0
    endloop
  endfacet
  facet normal 0 0 -1
    outer loop
      vertex 7.13815 325.304 0
      vertex -0.999999 334.2 0
      vertex 7.32875 325.423 0
    endloop
  endfacet
  facet normal 0 0 -1
    outer loop
      vertex 6.95262 325.169 0
      vertex -0.999999 334.2 0
      vertex 7.13445 325.301 0
    endloop
  endfacet
  facet normal 0 0 -1
    outer loop
      vertex 6.77692 325.022 0
      vertex -0.999999 334.2 0
      vertex 6.94909 325.167 0
    endloop
  endfacet
  facet normal 0 0 -1
    outer loop
      vertex 6.77358 325.019 0
      vertex -0.999999 334.2 0
      vertex 6.77692 325.022 0
    endloop
  endfacet
  facet normal 0 0 -1
    outer loop
      vertex 6.77044 325.016 0
      vertex -0.999999 334.2 0
      vertex 6.77358 325.019 0
    endloop
  endfacet
  facet normal 0 0 -1
    outer loop
      vertex 6.60877 324.86 0
      vertex -0.999999 334.2 0
      vertex 6.77044 325.016 0
    endloop
  endfacet
  facet normal 0 0 -1
    outer loop
      vertex 6.45838 324.693 0
      vertex -0.999999 334.2 0
      vertex 6.60877 324.86 0
    endloop
  endfacet
  facet normal 0 0 -1
    outer loop
      vertex 6.45546 324.69 0
      vertex -0.999999 334.2 0
      vertex 6.45838 324.693 0
    endloop
  endfacet
  facet normal 0 0 -1
    outer loop
      vertex 6.31709 324.513 0
      vertex -0.999999 334.2 0
      vertex 6.45546 324.69 0
    endloop
  endfacet
  facet normal 0 0 -1
    outer loop
      vertex 6.3144 324.509 0
      vertex -0.999999 334.2 0
      vertex 6.31709 324.513 0
    endloop
  endfacet
  facet normal 0 0 -1
    outer loop
      vertex 6.31196 324.506 0
      vertex -0.999999 334.2 0
      vertex 6.3144 324.509 0
    endloop
  endfacet
  facet normal 0 0 -1
    outer loop
      vertex 6.18628 324.319 0
      vertex -0.999999 334.2 0
      vertex 6.31196 324.506 0
    endloop
  endfacet
  facet normal 0 0 -1
    outer loop
      vertex 6.07391 324.125 0
      vertex -0.999999 334.2 0
      vertex 6.18628 324.319 0
    endloop
  endfacet
  facet normal 0 0 -1
    outer loop
      vertex 6.07172 324.121 0
      vertex -0.999999 334.2 0
      vertex 6.07391 324.125 0
    endloop
  endfacet
  facet normal 0 0 -1
    outer loop
      vertex 5.9732 323.919 0
      vertex -0.999999 334.2 0
      vertex 6.07172 324.121 0
    endloop
  endfacet
  facet normal 0 0 -1
    outer loop
      vertex 5.97129 323.915 0
      vertex -0.999999 334.2 0
      vertex 5.9732 323.919 0
    endloop
  endfacet
  facet normal 0 0 -1
    outer loop
      vertex 5.96965 323.911 0
      vertex -0.999999 334.2 0
      vertex 5.97129 323.915 0
    endloop
  endfacet
  facet normal 0 0 -1
    outer loop
      vertex 5.88546 323.703 0
      vertex -0.999999 334.2 0
      vertex 5.96965 323.911 0
    endloop
  endfacet
  facet normal 0 0 -1
    outer loop
      vertex 5.88411 323.699 0
      vertex -0.999999 334.2 0
      vertex 5.88546 323.703 0
    endloop
  endfacet
  facet normal 0 0 -1
    outer loop
      vertex 5.8136 323.481 0
      vertex -0.999999 334.2 0
      vertex 5.81466 323.485 0
    endloop
  endfacet
  facet normal 0 0 -1
    outer loop
      vertex 5.75923 323.262 0
      vertex -0.999999 334.2 0
      vertex 5.8136 323.481 0
    endloop
  endfacet
  facet normal 0 0 -1
    outer loop
      vertex 5.7202 323.041 0
      vertex -0.999999 334.2 0
      vertex 5.75923 323.262 0
    endloop
  endfacet
  facet normal 0 0 -1
    outer loop
      vertex 5.71945 323.037 0
      vertex -0.999999 334.2 0
      vertex 5.7202 323.041 0
    endloop
  endfacet
  facet normal 0 0 -1
    outer loop
      vertex 5.71899 323.033 0
      vertex -0.999999 334.2 0
      vertex 5.71945 323.037 0
    endloop
  endfacet
  facet normal 0 0 -1
    outer loop
      vertex 5.6955 322.809 0
      vertex -0.999999 334.2 0
      vertex 5.71899 323.033 0
    endloop
  endfacet
  facet normal 0 0 -1
    outer loop
      vertex -0.999999 334.2 0
      vertex 5.6955 322.809 0
      vertex 5.6875 322.58 0
    endloop
  endfacet
  facet normal 0 1 -0
    outer loop
      vertex 153.71 334.2 0
      vertex -0.999999 334.2 12
      vertex 153.71 334.2 12
    endloop
  endfacet
  facet normal 0 1 0
    outer loop
      vertex -0.999999 334.2 12
      vertex 153.71 334.2 0
      vertex -0.999999 334.2 0
    endloop
  endfacet
  facet normal 0.999961 -0.00882319 0
    outer loop
      vertex -2 331.2 12
      vertex -1.99985 331.217 2
      vertex -1.99985 331.217 12
    endloop
  endfacet
  facet normal 0.999961 -0.00882319 0
    outer loop
      vertex -1.99985 331.217 2
      vertex -2 331.2 12
      vertex -2 331.2 2
    endloop
  endfacet
  facet normal 0.999674 -0.0255472 0
    outer loop
      vertex -1.99985 331.217 12
      vertex -1.99939 331.235 2
      vertex -1.99939 331.235 12
    endloop
  endfacet
  facet normal 0.999674 -0.0255472 0
    outer loop
      vertex -1.99939 331.235 2
      vertex -1.99985 331.217 12
      vertex -1.99985 331.217 2
    endloop
  endfacet
  facet normal 0.999002 -0.0446613 0
    outer loop
      vertex -1.99939 331.235 12
      vertex -1.99863 331.252 2
      vertex -1.99863 331.252 12
    endloop
  endfacet
  facet normal 0.999002 -0.0446613 0
    outer loop
      vertex -1.99863 331.252 2
      vertex -1.99939 331.235 12
      vertex -1.99939 331.235 2
    endloop
  endfacet
  facet normal 0.998238 -0.0593397 0
    outer loop
      vertex -1.99863 331.252 12
      vertex -1.99756 331.27 2
      vertex -1.99756 331.27 12
    endloop
  endfacet
  facet normal 0.998238 -0.0593397 0
    outer loop
      vertex -1.99756 331.27 2
      vertex -1.99863 331.252 12
      vertex -1.99863 331.252 2
    endloop
  endfacet
  facet normal 0.996721 -0.0809103 0
    outer loop
      vertex -1.99756 331.27 12
      vertex -1.99618 331.287 2
      vertex -1.99618 331.287 12
    endloop
  endfacet
  facet normal 0.996721 -0.0809103 0
    outer loop
      vertex -1.99618 331.287 2
      vertex -1.99756 331.27 12
      vertex -1.99756 331.27 2
    endloop
  endfacet
  facet normal 0.995724 -0.092381 0
    outer loop
      vertex -1.99618 331.287 12
      vertex -1.99451 331.305 2
      vertex -1.99451 331.305 12
    endloop
  endfacet
  facet normal 0.995724 -0.092381 0
    outer loop
      vertex -1.99451 331.305 2
      vertex -1.99618 331.287 12
      vertex -1.99618 331.287 2
    endloop
  endfacet
  facet normal 0.993353 -0.115112 0
    outer loop
      vertex -1.99451 331.305 12
      vertex -1.99254 331.322 2
      vertex -1.99254 331.322 12
    endloop
  endfacet
  facet normal 0.993353 -0.115112 0
    outer loop
      vertex -1.99254 331.322 2
      vertex -1.99451 331.305 12
      vertex -1.99451 331.305 2
    endloop
  endfacet
  facet normal 0.991126 -0.132927 0
    outer loop
      vertex -1.99254 331.322 12
      vertex -1.99026 331.339 2
      vertex -1.99026 331.339 12
    endloop
  endfacet
  facet normal 0.991126 -0.132927 0
    outer loop
      vertex -1.99026 331.339 2
      vertex -1.99254 331.322 12
      vertex -1.99254 331.322 2
    endloop
  endfacet
  facet normal 0.988765 -0.149478 0
    outer loop
      vertex -1.99026 331.339 12
      vertex -1.98769 331.356 2
      vertex -1.98769 331.356 12
    endloop
  endfacet
  facet normal 0.988765 -0.149478 0
    outer loop
      vertex -1.98769 331.356 2
      vertex -1.99026 331.339 12
      vertex -1.99026 331.339 2
    endloop
  endfacet
  facet normal 0.987355 -0.158525 0
    outer loop
      vertex -1.98769 331.356 12
      vertex -1.9848 331.374 2
      vertex -1.9848 331.374 12
    endloop
  endfacet
  facet normal 0.987355 -0.158525 0
    outer loop
      vertex -1.9848 331.374 2
      vertex -1.98769 331.356 12
      vertex -1.98769 331.356 2
    endloop
  endfacet
  facet normal 0.982846 -0.184428 0
    outer loop
      vertex -1.9848 331.374 12
      vertex -1.98161 331.391 2
      vertex -1.98161 331.391 12
    endloop
  endfacet
  facet normal 0.982846 -0.184428 0
    outer loop
      vertex -1.98161 331.391 2
      vertex -1.9848 331.374 12
      vertex -1.9848 331.374 2
    endloop
  endfacet
  facet normal 0.979684 -0.200547 0
    outer loop
      vertex -1.98161 331.391 12
      vertex -1.97813 331.408 2
      vertex -1.97813 331.408 12
    endloop
  endfacet
  facet normal 0.979684 -0.200547 0
    outer loop
      vertex -1.97813 331.408 2
      vertex -1.98161 331.391 12
      vertex -1.98161 331.391 2
    endloop
  endfacet
  facet normal 0.976282 -0.216505 0
    outer loop
      vertex -1.97813 331.408 12
      vertex -1.97436 331.425 2
      vertex -1.97436 331.425 12
    endloop
  endfacet
  facet normal 0.976282 -0.216505 0
    outer loop
      vertex -1.97436 331.425 2
      vertex -1.97813 331.408 12
      vertex -1.97813 331.408 2
    endloop
  endfacet
  facet normal 0.972517 -0.232832 0
    outer loop
      vertex -1.97436 331.425 12
      vertex -1.97029 331.442 2
      vertex -1.97029 331.442 12
    endloop
  endfacet
  facet normal 0.972517 -0.232832 0
    outer loop
      vertex -1.97029 331.442 2
      vertex -1.97436 331.425 12
      vertex -1.97436 331.425 2
    endloop
  endfacet
  facet normal 0.968375 -0.249499 0
    outer loop
      vertex -1.97029 331.442 12
      vertex -1.96591 331.459 2
      vertex -1.96591 331.459 12
    endloop
  endfacet
  facet normal 0.968375 -0.249499 0
    outer loop
      vertex -1.96591 331.459 2
      vertex -1.97029 331.442 12
      vertex -1.97029 331.442 2
    endloop
  endfacet
  facet normal 0.964567 -0.263837 0
    outer loop
      vertex -1.96591 331.459 12
      vertex -1.96126 331.476 2
      vertex -1.96126 331.476 12
    endloop
  endfacet
  facet normal 0.964567 -0.263837 0
    outer loop
      vertex -1.96126 331.476 2
      vertex -1.96591 331.459 12
      vertex -1.96591 331.459 2
    endloop
  endfacet
  facet normal 0.955157 -0.296099 0
    outer loop
      vertex -1.96126 331.476 12
      vertex -1.9563 331.492 2
      vertex -1.9563 331.492 12
    endloop
  endfacet
  facet normal 0.955157 -0.296099 0
    outer loop
      vertex -1.9563 331.492 2
      vertex -1.96126 331.476 12
      vertex -1.96126 331.476 2
    endloop
  endfacet
  facet normal 0.955475 -0.295073 0
    outer loop
      vertex -1.9563 331.492 12
      vertex -1.95105 331.509 2
      vertex -1.95105 331.509 12
    endloop
  endfacet
  facet normal 0.955475 -0.295073 0
    outer loop
      vertex -1.95105 331.509 2
      vertex -1.9563 331.492 12
      vertex -1.9563 331.492 2
    endloop
  endfacet
  facet normal 0.950787 -0.309845 0
    outer loop
      vertex -1.95105 331.509 12
      vertex -1.94551 331.526 2
      vertex -1.94551 331.526 12
    endloop
  endfacet
  facet normal 0.950787 -0.309845 0
    outer loop
      vertex -1.94551 331.526 2
      vertex -1.95105 331.509 12
      vertex -1.95105 331.509 2
    endloop
  endfacet
  facet normal 0.93957 -0.342356 0
    outer loop
      vertex -1.94551 331.526 12
      vertex -1.93968 331.542 2
      vertex -1.93968 331.542 12
    endloop
  endfacet
  facet normal 0.93957 -0.342356 0
    outer loop
      vertex -1.93968 331.542 2
      vertex -1.94551 331.526 12
      vertex -1.94551 331.526 2
    endloop
  endfacet
  facet normal 0.934395 -0.356238 0
    outer loop
      vertex -1.93968 331.542 12
      vertex -1.93358 331.558 2
      vertex -1.93358 331.558 12
    endloop
  endfacet
  facet normal 0.934395 -0.356238 0
    outer loop
      vertex -1.93358 331.558 2
      vertex -1.93968 331.542 12
      vertex -1.93968 331.542 2
    endloop
  endfacet
  facet normal 0.935694 -0.352812 0
    outer loop
      vertex -1.93358 331.558 12
      vertex -1.92717 331.575 2
      vertex -1.92717 331.575 12
    endloop
  endfacet
  facet normal 0.935694 -0.352812 0
    outer loop
      vertex -1.92717 331.575 2
      vertex -1.93358 331.558 12
      vertex -1.93358 331.558 2
    endloop
  endfacet
  facet normal 0.923009 -0.384779 0
    outer loop
      vertex -1.92717 331.575 12
      vertex -1.9205 331.591 2
      vertex -1.9205 331.591 12
    endloop
  endfacet
  facet normal 0.923009 -0.384779 0
    outer loop
      vertex -1.9205 331.591 2
      vertex -1.92717 331.575 12
      vertex -1.92717 331.575 2
    endloop
  endfacet
  facet normal 0.916997 -0.398894 0
    outer loop
      vertex -1.9205 331.591 12
      vertex -1.91354 331.607 2
      vertex -1.91354 331.607 12
    endloop
  endfacet
  facet normal 0.916997 -0.398894 0
    outer loop
      vertex -1.91354 331.607 2
      vertex -1.9205 331.591 12
      vertex -1.9205 331.591 2
    endloop
  endfacet
  facet normal 0.910853 -0.41273 0
    outer loop
      vertex -1.91354 331.607 12
      vertex -1.90629 331.623 2
      vertex -1.90629 331.623 12
    endloop
  endfacet
  facet normal 0.910853 -0.41273 0
    outer loop
      vertex -1.90629 331.623 2
      vertex -1.91354 331.607 12
      vertex -1.91354 331.607 2
    endloop
  endfacet
  facet normal 0.894427 -0.447214 0
    outer loop
      vertex -1.90629 331.623 12
      vertex -1.89879 331.638 2
      vertex -1.89879 331.638 12
    endloop
  endfacet
  facet normal 0.894427 -0.447214 0
    outer loop
      vertex -1.89879 331.638 2
      vertex -1.90629 331.623 12
      vertex -1.90629 331.623 2
    endloop
  endfacet
  facet normal 0.899319 -0.437294 0
    outer loop
      vertex -1.89879 331.638 12
      vertex -1.89101 331.654 2
      vertex -1.89101 331.654 12
    endloop
  endfacet
  facet normal 0.899319 -0.437294 0
    outer loop
      vertex -1.89101 331.654 2
      vertex -1.89879 331.638 12
      vertex -1.89879 331.638 2
    endloop
  endfacet
  facet normal 0.880396 -0.47424 0
    outer loop
      vertex -1.89101 331.654 12
      vertex -1.88293 331.669 2
      vertex -1.88293 331.669 12
    endloop
  endfacet
  facet normal 0.880396 -0.47424 0
    outer loop
      vertex -1.88293 331.669 2
      vertex -1.89101 331.654 12
      vertex -1.89101 331.654 2
    endloop
  endfacet
  facet normal 0.887444 -0.460916 0
    outer loop
      vertex -1.88293 331.669 12
      vertex -1.87462 331.685 2
      vertex -1.87462 331.685 12
    endloop
  endfacet
  facet normal 0.887444 -0.460916 0
    outer loop
      vertex -1.87462 331.685 2
      vertex -1.88293 331.669 12
      vertex -1.88293 331.669 2
    endloop
  endfacet
  facet normal 0.867281 -0.497819 0
    outer loop
      vertex -1.87462 331.685 12
      vertex -1.86601 331.7 2
      vertex -1.86601 331.7 12
    endloop
  endfacet
  facet normal 0.867281 -0.497819 0
    outer loop
      vertex -1.86601 331.7 2
      vertex -1.87462 331.685 12
      vertex -1.87462 331.685 2
    endloop
  endfacet
  facet normal 0.861269 -0.508149 0
    outer loop
      vertex -1.86601 331.7 12
      vertex -1.85716 331.715 2
      vertex -1.85716 331.715 12
    endloop
  endfacet
  facet normal 0.861269 -0.508149 0
    outer loop
      vertex -1.85716 331.715 2
      vertex -1.86601 331.7 12
      vertex -1.86601 331.7 2
    endloop
  endfacet
  facet normal 0.854462 -0.519513 0
    outer loop
      vertex -1.85716 331.715 12
      vertex -1.84804 331.73 2
      vertex -1.84804 331.73 12
    endloop
  endfacet
  facet normal 0.854462 -0.519513 0
    outer loop
      vertex -1.84804 331.73 2
      vertex -1.85716 331.715 12
      vertex -1.85716 331.715 2
    endloop
  endfacet
  facet normal 0.848125 -0.529796 0
    outer loop
      vertex -1.84804 331.73 12
      vertex -1.83867 331.745 2
      vertex -1.83867 331.745 12
    endloop
  endfacet
  facet normal 0.848125 -0.529796 0
    outer loop
      vertex -1.83867 331.745 2
      vertex -1.84804 331.73 12
      vertex -1.84804 331.73 2
    endloop
  endfacet
  facet normal 0.823355 -0.567527 0
    outer loop
      vertex -1.83867 331.745 12
      vertex -1.82902 331.759 2
      vertex -1.82902 331.759 12
    endloop
  endfacet
  facet normal 0.823355 -0.567527 0
    outer loop
      vertex -1.82902 331.759 2
      vertex -1.83867 331.745 12
      vertex -1.83867 331.745 2
    endloop
  endfacet
  facet normal 0.835121 -0.550066 0
    outer loop
      vertex -1.82902 331.759 12
      vertex -1.81914 331.774 2
      vertex -1.81914 331.774 12
    endloop
  endfacet
  facet normal 0.835121 -0.550066 0
    outer loop
      vertex -1.81914 331.774 2
      vertex -1.82902 331.759 12
      vertex -1.82902 331.759 2
    endloop
  endfacet
  facet normal 0.809885 -0.586588 0
    outer loop
      vertex -1.81914 331.774 12
      vertex -1.809 331.788 2
      vertex -1.809 331.788 12
    endloop
  endfacet
  facet normal 0.809885 -0.586588 0
    outer loop
      vertex -1.809 331.788 2
      vertex -1.81914 331.774 12
      vertex -1.81914 331.774 2
    endloop
  endfacet
  facet normal 0.803567 -0.595214 0
    outer loop
      vertex -1.809 331.788 12
      vertex -1.79863 331.802 2
      vertex -1.79863 331.802 12
    endloop
  endfacet
  facet normal 0.803567 -0.595214 0
    outer loop
      vertex -1.79863 331.802 2
      vertex -1.809 331.788 12
      vertex -1.809 331.788 2
    endloop
  endfacet
  facet normal 0.79671 -0.604362 0
    outer loop
      vertex -1.79863 331.802 12
      vertex -1.78801 331.816 2
      vertex -1.78801 331.816 12
    endloop
  endfacet
  facet normal 0.79671 -0.604362 0
    outer loop
      vertex -1.78801 331.816 2
      vertex -1.79863 331.802 12
      vertex -1.79863 331.802 2
    endloop
  endfacet
  facet normal 0.767156 -0.64146 0
    outer loop
      vertex -1.78801 331.816 12
      vertex -1.77714 331.829 2
      vertex -1.77714 331.829 12
    endloop
  endfacet
  facet normal 0.767156 -0.64146 0
    outer loop
      vertex -1.77714 331.829 2
      vertex -1.78801 331.816 12
      vertex -1.78801 331.816 2
    endloop
  endfacet
  facet normal 0.783592 -0.621276 0
    outer loop
      vertex -1.77714 331.829 12
      vertex -1.76604 331.843 2
      vertex -1.76604 331.843 12
    endloop
  endfacet
  facet normal 0.783592 -0.621276 0
    outer loop
      vertex -1.76604 331.843 2
      vertex -1.77714 331.829 12
      vertex -1.77714 331.829 2
    endloop
  endfacet
  facet normal 0.753581 -0.657355 0
    outer loop
      vertex -1.76604 331.843 12
      vertex -1.7547 331.856 2
      vertex -1.7547 331.856 12
    endloop
  endfacet
  facet normal 0.753581 -0.657355 0
    outer loop
      vertex -1.7547 331.856 2
      vertex -1.76604 331.843 12
      vertex -1.76604 331.843 2
    endloop
  endfacet
  facet normal 0.746997 -0.664827 0
    outer loop
      vertex -1.7547 331.856 12
      vertex -1.74313 331.869 2
      vertex -1.74313 331.869 12
    endloop
  endfacet
  facet normal 0.746997 -0.664827 0
    outer loop
      vertex -1.74313 331.869 2
      vertex -1.7547 331.856 12
      vertex -1.7547 331.856 2
    endloop
  endfacet
  facet normal 0.740739 -0.671793 0
    outer loop
      vertex -1.74313 331.869 12
      vertex -1.73134 331.882 2
      vertex -1.73134 331.882 12
    endloop
  endfacet
  facet normal 0.740739 -0.671793 0
    outer loop
      vertex -1.73134 331.882 2
      vertex -1.74313 331.869 12
      vertex -1.74313 331.869 2
    endloop
  endfacet
  facet normal 0.734522 -0.678585 0
    outer loop
      vertex -1.73134 331.882 12
      vertex -1.71933 331.895 2
      vertex -1.71933 331.895 12
    endloop
  endfacet
  facet normal 0.734522 -0.678585 0
    outer loop
      vertex -1.71933 331.895 2
      vertex -1.73134 331.882 12
      vertex -1.73134 331.882 2
    endloop
  endfacet
  facet normal 0.700071 -0.714073 0
    outer loop
      vertex -1.71933 331.895 12
      vertex -1.70709 331.907 2
      vertex -1.70709 331.907 12
    endloop
  endfacet
  facet normal 0.700071 -0.714073 0
    outer loop
      vertex -1.70709 331.907 2
      vertex -1.71933 331.895 12
      vertex -1.71933 331.895 2
    endloop
  endfacet
  facet normal 0.694553 -0.719441 0
    outer loop
      vertex -1.70709 331.907 2
      vertex -1.69466 331.919 12
      vertex -1.70709 331.907 12
    endloop
  endfacet
  facet normal 0.694553 -0.719441 0
    outer loop
      vertex -1.69466 331.919 12
      vertex -1.70709 331.907 2
      vertex -1.69466 331.919 2
    endloop
  endfacet
  facet normal 0.687649 -0.726043 0
    outer loop
      vertex -1.69466 331.919 2
      vertex -1.68199 331.931 12
      vertex -1.69466 331.919 12
    endloop
  endfacet
  facet normal 0.687649 -0.726043 0
    outer loop
      vertex -1.68199 331.931 12
      vertex -1.69466 331.919 2
      vertex -1.68199 331.931 2
    endloop
  endfacet
  facet normal 0.682237 -0.731131 0
    outer loop
      vertex -1.68199 331.931 2
      vertex -1.66913 331.943 12
      vertex -1.68199 331.931 12
    endloop
  endfacet
  facet normal 0.682237 -0.731131 0
    outer loop
      vertex -1.66913 331.943 12
      vertex -1.68199 331.931 2
      vertex -1.66913 331.943 2
    endloop
  endfacet
  facet normal 0.676031 -0.736873 0
    outer loop
      vertex -1.66913 331.943 2
      vertex -1.65605 331.955 12
      vertex -1.66913 331.943 12
    endloop
  endfacet
  facet normal 0.676031 -0.736873 0
    outer loop
      vertex -1.65605 331.955 12
      vertex -1.66913 331.943 2
      vertex -1.65605 331.955 2
    endloop
  endfacet
  facet normal 0.638185 -0.769883 0
    outer loop
      vertex -1.65605 331.955 2
      vertex -1.64278 331.966 12
      vertex -1.65605 331.955 12
    endloop
  endfacet
  facet normal 0.638185 -0.769883 0
    outer loop
      vertex -1.64278 331.966 12
      vertex -1.65605 331.955 2
      vertex -1.64278 331.966 2
    endloop
  endfacet
  facet normal 0.632799 -0.774316 0
    outer loop
      vertex -1.64278 331.966 2
      vertex -1.62932 331.977 12
      vertex -1.64278 331.966 12
    endloop
  endfacet
  facet normal 0.632799 -0.774316 0
    outer loop
      vertex -1.62932 331.977 12
      vertex -1.64278 331.966 2
      vertex -1.62932 331.977 2
    endloop
  endfacet
  facet normal 0.626917 -0.779086 0
    outer loop
      vertex -1.62932 331.977 2
      vertex -1.61565 331.988 12
      vertex -1.62932 331.977 12
    endloop
  endfacet
  facet normal 0.626917 -0.779086 0
    outer loop
      vertex -1.61565 331.988 12
      vertex -1.62932 331.977 2
      vertex -1.61565 331.988 2
    endloop
  endfacet
  facet normal 0.622209 -0.782852 0
    outer loop
      vertex -1.61565 331.988 2
      vertex -1.60181 331.999 12
      vertex -1.61565 331.988 12
    endloop
  endfacet
  facet normal 0.622209 -0.782852 0
    outer loop
      vertex -1.60181 331.999 12
      vertex -1.61565 331.988 2
      vertex -1.60181 331.999 2
    endloop
  endfacet
  facet normal 0.580414 -0.814321 0
    outer loop
      vertex -1.60181 331.999 2
      vertex -1.58778 332.009 12
      vertex -1.60181 331.999 12
    endloop
  endfacet
  facet normal 0.580414 -0.814321 0
    outer loop
      vertex -1.58778 332.009 12
      vertex -1.60181 331.999 2
      vertex -1.58778 332.009 2
    endloop
  endfacet
  facet normal 0.575237 -0.817987 0
    outer loop
      vertex -1.58778 332.009 2
      vertex -1.57356 332.019 12
      vertex -1.58778 332.009 12
    endloop
  endfacet
  facet normal 0.575237 -0.817987 0
    outer loop
      vertex -1.57356 332.019 12
      vertex -1.58778 332.009 2
      vertex -1.57356 332.019 2
    endloop
  endfacet
  facet normal 0.571198 -0.820812 0
    outer loop
      vertex -1.57356 332.019 2
      vertex -1.55919 332.029 12
      vertex -1.57356 332.019 12
    endloop
  endfacet
  facet normal 0.571198 -0.820812 0
    outer loop
      vertex -1.55919 332.029 12
      vertex -1.57356 332.019 2
      vertex -1.55919 332.029 2
    endloop
  endfacet
  facet normal 0.566144 -0.824306 0
    outer loop
      vertex -1.55919 332.029 2
      vertex -1.54463 332.039 12
      vertex -1.55919 332.029 12
    endloop
  endfacet
  facet normal 0.566144 -0.824306 0
    outer loop
      vertex -1.54463 332.039 12
      vertex -1.55919 332.029 2
      vertex -1.54463 332.039 2
    endloop
  endfacet
  facet normal 0.521638 -0.853167 0
    outer loop
      vertex -1.54463 332.039 2
      vertex -1.52991 332.048 12
      vertex -1.54463 332.039 12
    endloop
  endfacet
  facet normal 0.521638 -0.853167 0
    outer loop
      vertex -1.52991 332.048 12
      vertex -1.54463 332.039 2
      vertex -1.52991 332.048 2
    endloop
  endfacet
  facet normal 0.517537 -0.855661 0
    outer loop
      vertex -1.52991 332.048 2
      vertex -1.51503 332.057 12
      vertex -1.52991 332.048 12
    endloop
  endfacet
  facet normal 0.517537 -0.855661 0
    outer loop
      vertex -1.51503 332.057 12
      vertex -1.52991 332.048 2
      vertex -1.51503 332.057 2
    endloop
  endfacet
  facet normal 0.51374 -0.857946 0
    outer loop
      vertex -1.51503 332.057 2
      vertex -1.5 332.066 12
      vertex -1.51503 332.057 12
    endloop
  endfacet
  facet normal 0.51374 -0.857946 0
    outer loop
      vertex -1.5 332.066 12
      vertex -1.51503 332.057 2
      vertex -1.5 332.066 2
    endloop
  endfacet
  facet normal 0.509492 -0.860475 0
    outer loop
      vertex -1.5 332.066 2
      vertex -1.4848 332.075 12
      vertex -1.5 332.066 12
    endloop
  endfacet
  facet normal 0.509492 -0.860475 0
    outer loop
      vertex -1.4848 332.075 12
      vertex -1.5 332.066 2
      vertex -1.4848 332.075 2
    endloop
  endfacet
  facet normal 0.462645 -0.886544 0
    outer loop
      vertex -1.4848 332.075 2
      vertex -1.46947 332.083 12
      vertex -1.4848 332.075 12
    endloop
  endfacet
  facet normal 0.462645 -0.886544 0
    outer loop
      vertex -1.46947 332.083 12
      vertex -1.4848 332.075 2
      vertex -1.46947 332.083 2
    endloop
  endfacet
  facet normal 0.458877 -0.8885 0
    outer loop
      vertex -1.46947 332.083 2
      vertex -1.45398 332.091 12
      vertex -1.46947 332.083 12
    endloop
  endfacet
  facet normal 0.458877 -0.8885 0
    outer loop
      vertex -1.45398 332.091 12
      vertex -1.46947 332.083 2
      vertex -1.45398 332.091 2
    endloop
  endfacet
  facet normal 0.456085 -0.889936 0
    outer loop
      vertex -1.45398 332.091 2
      vertex -1.43837 332.099 12
      vertex -1.45398 332.091 12
    endloop
  endfacet
  facet normal 0.456085 -0.889936 0
    outer loop
      vertex -1.43837 332.099 12
      vertex -1.45398 332.091 2
      vertex -1.43837 332.099 2
    endloop
  endfacet
  facet normal 0.405923 -0.913907 0
    outer loop
      vertex -1.43837 332.099 2
      vertex -1.42261 332.106 12
      vertex -1.43837 332.099 12
    endloop
  endfacet
  facet normal 0.405923 -0.913907 0
    outer loop
      vertex -1.42261 332.106 12
      vertex -1.43837 332.099 2
      vertex -1.42261 332.106 2
    endloop
  endfacet
  facet normal 0.449685 -0.893187 0
    outer loop
      vertex -1.42261 332.106 2
      vertex -1.40672 332.114 12
      vertex -1.42261 332.106 12
    endloop
  endfacet
  facet normal 0.449685 -0.893187 0
    outer loop
      vertex -1.40672 332.114 12
      vertex -1.42261 332.106 2
      vertex -1.40672 332.114 2
    endloop
  endfacet
  facet normal 0.400819 -0.916157 0
    outer loop
      vertex -1.40672 332.114 2
      vertex -1.39072 332.121 12
      vertex -1.40672 332.114 12
    endloop
  endfacet
  facet normal 0.400819 -0.916157 0
    outer loop
      vertex -1.39072 332.121 12
      vertex -1.40672 332.114 2
      vertex -1.39072 332.121 2
    endloop
  endfacet
  facet normal 0.348829 -0.937186 0
    outer loop
      vertex -1.39072 332.121 2
      vertex -1.3746 332.127 12
      vertex -1.39072 332.121 12
    endloop
  endfacet
  facet normal 0.348829 -0.937186 0
    outer loop
      vertex -1.3746 332.127 12
      vertex -1.39072 332.121 2
      vertex -1.3746 332.127 2
    endloop
  endfacet
  facet normal 0.396035 -0.918235 0
    outer loop
      vertex -1.3746 332.127 2
      vertex -1.35837 332.134 12
      vertex -1.3746 332.127 12
    endloop
  endfacet
  facet normal 0.396035 -0.918235 0
    outer loop
      vertex -1.35837 332.134 12
      vertex -1.3746 332.127 2
      vertex -1.35837 332.134 2
    endloop
  endfacet
  facet normal 0.344322 -0.938852 0
    outer loop
      vertex -1.35837 332.134 2
      vertex -1.34201 332.14 12
      vertex -1.35837 332.134 12
    endloop
  endfacet
  facet normal 0.344322 -0.938852 0
    outer loop
      vertex -1.34201 332.14 12
      vertex -1.35837 332.134 2
      vertex -1.34201 332.14 2
    endloop
  endfacet
  facet normal 0.34266 -0.939459 0
    outer loop
      vertex -1.34201 332.14 2
      vertex -1.32556 332.146 12
      vertex -1.34201 332.14 12
    endloop
  endfacet
  facet normal 0.34266 -0.939459 0
    outer loop
      vertex -1.32556 332.146 12
      vertex -1.34201 332.14 2
      vertex -1.32556 332.146 2
    endloop
  endfacet
  facet normal 0.289045 -0.957316 0
    outer loop
      vertex -1.32556 332.146 2
      vertex -1.309 332.151 12
      vertex -1.32556 332.146 12
    endloop
  endfacet
  facet normal 0.289045 -0.957316 0
    outer loop
      vertex -1.309 332.151 12
      vertex -1.32556 332.146 2
      vertex -1.309 332.151 2
    endloop
  endfacet
  facet normal 0.28777 -0.957699 0
    outer loop
      vertex -1.309 332.151 2
      vertex -1.29236 332.156 12
      vertex -1.309 332.151 12
    endloop
  endfacet
  facet normal 0.28777 -0.957699 0
    outer loop
      vertex -1.29236 332.156 12
      vertex -1.309 332.151 2
      vertex -1.29236 332.156 2
    endloop
  endfacet
  facet normal 0.286349 -0.958125 0
    outer loop
      vertex -1.29236 332.156 2
      vertex -1.27563 332.161 12
      vertex -1.29236 332.156 12
    endloop
  endfacet
  facet normal 0.286349 -0.958125 0
    outer loop
      vertex -1.27563 332.161 12
      vertex -1.29236 332.156 2
      vertex -1.27563 332.161 2
    endloop
  endfacet
  facet normal 0.284786 -0.958591 0
    outer loop
      vertex -1.27563 332.161 2
      vertex -1.2588 332.166 12
      vertex -1.27563 332.161 12
    endloop
  endfacet
  facet normal 0.284786 -0.958591 0
    outer loop
      vertex -1.2588 332.166 12
      vertex -1.27563 332.161 2
      vertex -1.2588 332.166 2
    endloop
  endfacet
  facet normal 0.230452 -0.973084 0
    outer loop
      vertex -1.2588 332.166 2
      vertex -1.24191 332.17 12
      vertex -1.2588 332.166 12
    endloop
  endfacet
  facet normal 0.230452 -0.973084 0
    outer loop
      vertex -1.24191 332.17 12
      vertex -1.2588 332.166 2
      vertex -1.24191 332.17 2
    endloop
  endfacet
  facet normal 0.229423 -0.973327 0
    outer loop
      vertex -1.24191 332.17 2
      vertex -1.22494 332.174 12
      vertex -1.24191 332.17 12
    endloop
  endfacet
  facet normal 0.229423 -0.973327 0
    outer loop
      vertex -1.22494 332.174 12
      vertex -1.24191 332.17 2
      vertex -1.22494 332.174 2
    endloop
  endfacet
  facet normal 0.22853 -0.973537 0
    outer loop
      vertex -1.22494 332.174 2
      vertex -1.2079 332.178 12
      vertex -1.22494 332.174 12
    endloop
  endfacet
  facet normal 0.22853 -0.973537 0
    outer loop
      vertex -1.2079 332.178 12
      vertex -1.22494 332.174 2
      vertex -1.2079 332.178 2
    endloop
  endfacet
  facet normal 0.227643 -0.973745 0
    outer loop
      vertex -1.2079 332.178 2
      vertex -1.19079 332.182 12
      vertex -1.2079 332.178 12
    endloop
  endfacet
  facet normal 0.227643 -0.973745 0
    outer loop
      vertex -1.19079 332.182 12
      vertex -1.2079 332.178 2
      vertex -1.19079 332.182 2
    endloop
  endfacet
  facet normal 0.172311 -0.985043 0
    outer loop
      vertex -1.19079 332.182 2
      vertex -1.17364 332.185 12
      vertex -1.19079 332.182 12
    endloop
  endfacet
  facet normal 0.172311 -0.985043 0
    outer loop
      vertex -1.17364 332.185 12
      vertex -1.19079 332.182 2
      vertex -1.17364 332.185 2
    endloop
  endfacet
  facet normal 0.171728 -0.985144 0
    outer loop
      vertex -1.17364 332.185 2
      vertex -1.15643 332.188 12
      vertex -1.17364 332.185 12
    endloop
  endfacet
  facet normal 0.171728 -0.985144 0
    outer loop
      vertex -1.15643 332.188 12
      vertex -1.17364 332.185 2
      vertex -1.15643 332.188 2
    endloop
  endfacet
  facet normal 0.115039 -0.993361 0
    outer loop
      vertex -1.15643 332.188 2
      vertex -1.13916 332.19 12
      vertex -1.15643 332.188 12
    endloop
  endfacet
  facet normal 0.115039 -0.993361 0
    outer loop
      vertex -1.13916 332.19 12
      vertex -1.15643 332.188 2
      vertex -1.13916 332.19 2
    endloop
  endfacet
  facet normal 0.17086 -0.985295 0
    outer loop
      vertex -1.13916 332.19 2
      vertex -1.12186 332.193 12
      vertex -1.13916 332.19 12
    endloop
  endfacet
  facet normal 0.17086 -0.985295 0
    outer loop
      vertex -1.12186 332.193 12
      vertex -1.13916 332.19 2
      vertex -1.12186 332.193 2
    endloop
  endfacet
  facet normal 0.114581 -0.993414 0
    outer loop
      vertex -1.12186 332.193 2
      vertex -1.10452 332.195 12
      vertex -1.12186 332.193 12
    endloop
  endfacet
  facet normal 0.114581 -0.993414 0
    outer loop
      vertex -1.10452 332.195 12
      vertex -1.12186 332.193 2
      vertex -1.10452 332.195 2
    endloop
  endfacet
  facet normal 0.0574424 -0.998349 0
    outer loop
      vertex -1.10452 332.195 2
      vertex -1.08714 332.196 12
      vertex -1.10452 332.195 12
    endloop
  endfacet
  facet normal 0.0574424 -0.998349 0
    outer loop
      vertex -1.08714 332.196 12
      vertex -1.10452 332.195 2
      vertex -1.08714 332.196 2
    endloop
  endfacet
  facet normal 0.114255 -0.993451 0
    outer loop
      vertex -1.08714 332.196 2
      vertex -1.06975 332.198 12
      vertex -1.08714 332.196 12
    endloop
  endfacet
  facet normal 0.114255 -0.993451 0
    outer loop
      vertex -1.06975 332.198 12
      vertex -1.08714 332.196 2
      vertex -1.06975 332.198 2
    endloop
  endfacet
  facet normal 0.0572782 -0.998358 0
    outer loop
      vertex -1.06975 332.198 2
      vertex -1.05232 332.199 12
      vertex -1.06975 332.198 12
    endloop
  endfacet
  facet normal 0.0572782 -0.998358 0
    outer loop
      vertex -1.05232 332.199 12
      vertex -1.06975 332.198 2
      vertex -1.05232 332.199 2
    endloop
  endfacet
  facet normal 0 -1 0
    outer loop
      vertex -1.05232 332.199 2
      vertex -1.0349 332.199 12
      vertex -1.05232 332.199 12
    endloop
  endfacet
  facet normal 0 -1 -0
    outer loop
      vertex -1.0349 332.199 12
      vertex -1.05232 332.199 2
      vertex -1.0349 332.199 2
    endloop
  endfacet
  facet normal 0.0571801 -0.998364 0
    outer loop
      vertex -1.0349 332.199 2
      vertex -1.01744 332.2 12
      vertex -1.0349 332.199 12
    endloop
  endfacet
  facet normal 0.0571801 -0.998364 0
    outer loop
      vertex -1.01744 332.2 12
      vertex -1.0349 332.199 2
      vertex -1.01744 332.2 2
    endloop
  endfacet
  facet normal 0 -1 0
    outer loop
      vertex -1.01744 332.2 2
      vertex -0.999999 332.2 12
      vertex -1.01744 332.2 12
    endloop
  endfacet
  facet normal 0 -1 -0
    outer loop
      vertex -0.999999 332.2 12
      vertex -1.01744 332.2 2
      vertex -0.999999 332.2 2
    endloop
  endfacet
  facet normal 1 -0 0
    outer loop
      vertex -2 157.1 12
      vertex -2 331.2 2
      vertex -2 331.2 12
    endloop
  endfacet
  facet normal 1 0 0
    outer loop
      vertex -2 331.2 2
      vertex -2 157.1 12
      vertex -2 157.1 2
    endloop
  endfacet
  facet normal 0 -1 0
    outer loop
      vertex -0.999999 332.2 2
      vertex 153.71 332.2 12
      vertex -0.999999 332.2 12
    endloop
  endfacet
  facet normal 0 -1 -0
    outer loop
      vertex 153.71 332.2 12
      vertex -0.999999 332.2 2
      vertex 153.71 332.2 2
    endloop
  endfacet
  facet normal 0 0 1
    outer loop
      vertex 13.9578 322.231 2
      vertex 149.71 332.2 2
      vertex 13.97 322.58 2
    endloop
  endfacet
  facet normal 0 0 1
    outer loop
      vertex 149.71 332.2 2
      vertex 13.9578 322.929 2
      vertex 13.97 322.58 2
    endloop
  endfacet
  facet normal 0 0 1
    outer loop
      vertex 149.71 332.2 2
      vertex 13.9213 323.276 2
      vertex 13.9578 322.929 2
    endloop
  endfacet
  facet normal 0 0 1
    outer loop
      vertex 149.71 332.2 2
      vertex 13.8607 323.62 2
      vertex 13.9213 323.276 2
    endloop
  endfacet
  facet normal 0 0 1
    outer loop
      vertex 149.71 332.2 2
      vertex 13.7763 323.958 2
      vertex 13.8607 323.62 2
    endloop
  endfacet
  facet normal 0 0 1
    outer loop
      vertex 149.71 332.2 2
      vertex 13.6685 324.29 2
      vertex 13.7763 323.958 2
    endloop
  endfacet
  facet normal 0 0 1
    outer loop
      vertex 149.71 332.2 2
      vertex 13.5377 324.614 2
      vertex 13.6685 324.29 2
    endloop
  endfacet
  facet normal 0 0 1
    outer loop
      vertex 149.71 332.2 2
      vertex 13.3847 324.927 2
      vertex 13.5377 324.614 2
    endloop
  endfacet
  facet normal 0 0 1
    outer loop
      vertex 149.71 332.2 2
      vertex 13.2102 325.23 2
      vertex 13.3847 324.927 2
    endloop
  endfacet
  facet normal 0 0 1
    outer loop
      vertex 149.71 332.2 2
      vertex 13.0151 325.519 2
      vertex 13.2102 325.23 2
    endloop
  endfacet
  facet normal 0 0 1
    outer loop
      vertex 149.71 332.2 2
      vertex 12.8002 325.794 2
      vertex 13.0151 325.519 2
    endloop
  endfacet
  facet normal 0 0 1
    outer loop
      vertex 149.71 332.2 2
      vertex 12.5667 326.053 2
      vertex 12.8002 325.794 2
    endloop
  endfacet
  facet normal 0 0 1
    outer loop
      vertex 149.71 332.2 2
      vertex 12.3157 326.296 2
      vertex 12.5667 326.053 2
    endloop
  endfacet
  facet normal 0 0 1
    outer loop
      vertex 149.71 332.2 2
      vertex 12.0483 326.52 2
      vertex 12.3157 326.296 2
    endloop
  endfacet
  facet normal 0 0 1
    outer loop
      vertex 149.71 332.2 2
      vertex 11.766 326.725 2
      vertex 12.0483 326.52 2
    endloop
  endfacet
  facet normal 0 0 1
    outer loop
      vertex 149.71 332.2 2
      vertex 11.47 326.91 2
      vertex 11.766 326.725 2
    endloop
  endfacet
  facet normal 0 0 1
    outer loop
      vertex 149.71 332.2 2
      vertex 11.1619 327.074 2
      vertex 11.47 326.91 2
    endloop
  endfacet
  facet normal 0 0 1
    outer loop
      vertex 149.71 332.2 2
      vertex 10.843 327.216 2
      vertex 11.1619 327.074 2
    endloop
  endfacet
  facet normal -0 0 1
    outer loop
      vertex -0.999999 332.2 2
      vertex 10.843 327.216 2
      vertex 149.71 332.2 2
    endloop
  endfacet
  facet normal 0 0 1
    outer loop
      vertex 10.843 327.216 2
      vertex -0.999999 332.2 2
      vertex 10.5151 327.335 2
    endloop
  endfacet
  facet normal 0 0 1
    outer loop
      vertex 10.5151 327.335 2
      vertex -0.999999 332.2 2
      vertex 10.1796 327.431 2
    endloop
  endfacet
  facet normal 0 0 1
    outer loop
      vertex 10.1796 327.431 2
      vertex -0.999999 332.2 2
      vertex 9.83824 327.504 2
    endloop
  endfacet
  facet normal 0 0 1
    outer loop
      vertex 9.83824 327.504 2
      vertex -0.999999 332.2 2
      vertex 9.49264 327.553 2
    endloop
  endfacet
  facet normal 0 0 1
    outer loop
      vertex 9.49264 327.553 2
      vertex -0.999999 332.2 2
      vertex 9.1445 327.577 2
    endloop
  endfacet
  facet normal 0 0 1
    outer loop
      vertex 4.01866 323.276 2
      vertex -2 331.2 2
      vertex 3.98218 322.929 2
    endloop
  endfacet
  facet normal 0 0 1
    outer loop
      vertex 4.07926 323.62 2
      vertex -2 331.2 2
      vertex 4.01866 323.276 2
    endloop
  endfacet
  facet normal 0 0 1
    outer loop
      vertex 4.16369 323.958 2
      vertex -2 331.2 2
      vertex 4.07926 323.62 2
    endloop
  endfacet
  facet normal 0 0 1
    outer loop
      vertex 4.27154 324.29 2
      vertex -2 331.2 2
      vertex 4.16369 323.958 2
    endloop
  endfacet
  facet normal 0 0 1
    outer loop
      vertex 4.40227 324.614 2
      vertex -2 331.2 2
      vertex 4.27154 324.29 2
    endloop
  endfacet
  facet normal 0 0 1
    outer loop
      vertex 4.55526 324.927 2
      vertex -2 331.2 2
      vertex 4.40227 324.614 2
    endloop
  endfacet
  facet normal 0 0 1
    outer loop
      vertex 4.72976 325.23 2
      vertex -2 331.2 2
      vertex 4.55526 324.927 2
    endloop
  endfacet
  facet normal 0 0 1
    outer loop
      vertex 4.92491 325.519 2
      vertex -2 331.2 2
      vertex 4.72976 325.23 2
    endloop
  endfacet
  facet normal 0 0 1
    outer loop
      vertex 5.13978 325.794 2
      vertex -2 331.2 2
      vertex 4.92491 325.519 2
    endloop
  endfacet
  facet normal -0 0 1
    outer loop
      vertex -2 331.2 2
      vertex 5.13978 325.794 2
      vertex -0.999999 332.2 2
    endloop
  endfacet
  facet normal 0 0 1
    outer loop
      vertex 5.3733 326.053 2
      vertex -0.999999 332.2 2
      vertex 5.13978 325.794 2
    endloop
  endfacet
  facet normal 0 0 1
    outer loop
      vertex 5.62435 326.296 2
      vertex -0.999999 332.2 2
      vertex 5.3733 326.053 2
    endloop
  endfacet
  facet normal 0 0 1
    outer loop
      vertex 5.89169 326.52 2
      vertex -0.999999 332.2 2
      vertex 5.62435 326.296 2
    endloop
  endfacet
  facet normal 0 0 1
    outer loop
      vertex 6.17404 326.725 2
      vertex -0.999999 332.2 2
      vertex 5.89169 326.52 2
    endloop
  endfacet
  facet normal 0 0 1
    outer loop
      vertex 6.47 326.91 2
      vertex -0.999999 332.2 2
      vertex 6.17404 326.725 2
    endloop
  endfacet
  facet normal 0 0 1
    outer loop
      vertex 6.77814 327.074 2
      vertex -0.999999 332.2 2
      vertex 6.47 326.91 2
    endloop
  endfacet
  facet normal 0 0 1
    outer loop
      vertex 7.09697 327.216 2
      vertex -0.999999 332.2 2
      vertex 6.77814 327.074 2
    endloop
  endfacet
  facet normal 0 0 1
    outer loop
      vertex 7.42491 327.335 2
      vertex -0.999999 332.2 2
      vertex 7.09697 327.216 2
    endloop
  endfacet
  facet normal 0 0 1
    outer loop
      vertex 7.76039 327.431 2
      vertex -0.999999 332.2 2
      vertex 7.42491 327.335 2
    endloop
  endfacet
  facet normal 0 0 1
    outer loop
      vertex 8.10176 327.504 2
      vertex -0.999999 332.2 2
      vertex 7.76039 327.431 2
    endloop
  endfacet
  facet normal 0 0 1
    outer loop
      vertex 8.44736 327.553 2
      vertex -0.999999 332.2 2
      vertex 8.10176 327.504 2
    endloop
  endfacet
  facet normal 0 0 1
    outer loop
      vertex 8.7955 327.577 2
      vertex -0.999999 332.2 2
      vertex 8.44736 327.553 2
    endloop
  endfacet
  facet normal 0 0 1
    outer loop
      vertex 9.1445 327.577 2
      vertex -0.999999 332.2 2
      vertex 8.7955 327.577 2
    endloop
  endfacet
  facet normal 0 0 1
    outer loop
      vertex 13.9213 321.884 2
      vertex 149.71 332.2 2
      vertex 13.9578 322.231 2
    endloop
  endfacet
  facet normal 0 0 1
    outer loop
      vertex 13.8607 321.54 2
      vertex 149.71 332.2 2
      vertex 13.9213 321.884 2
    endloop
  endfacet
  facet normal 0 0 1
    outer loop
      vertex 13.7763 321.202 2
      vertex 149.71 332.2 2
      vertex 13.8607 321.54 2
    endloop
  endfacet
  facet normal 0 0 1
    outer loop
      vertex 13.6685 320.87 2
      vertex 149.71 332.2 2
      vertex 13.7763 321.202 2
    endloop
  endfacet
  facet normal 0 0 1
    outer loop
      vertex 13.5377 320.546 2
      vertex 149.71 332.2 2
      vertex 13.6685 320.87 2
    endloop
  endfacet
  facet normal 0 0 1
    outer loop
      vertex 13.3847 320.233 2
      vertex 149.71 332.2 2
      vertex 13.5377 320.546 2
    endloop
  endfacet
  facet normal 0 0 1
    outer loop
      vertex 13.2102 319.93 2
      vertex 149.71 332.2 2
      vertex 13.3847 320.233 2
    endloop
  endfacet
  facet normal 0 0 1
    outer loop
      vertex 13.0151 319.641 2
      vertex 149.71 332.2 2
      vertex 13.2102 319.93 2
    endloop
  endfacet
  facet normal 0 0 1
    outer loop
      vertex 12.8002 319.366 2
      vertex 149.71 332.2 2
      vertex 13.0151 319.641 2
    endloop
  endfacet
  facet normal 0 0 1
    outer loop
      vertex 12.5667 319.107 2
      vertex 149.71 332.2 2
      vertex 12.8002 319.366 2
    endloop
  endfacet
  facet normal 0 0 1
    outer loop
      vertex 149.71 332.2 2
      vertex 12.5667 319.107 2
      vertex 149.71 157.1 2
    endloop
  endfacet
  facet normal -0 0 1
    outer loop
      vertex 12.3157 318.864 2
      vertex 149.71 157.1 2
      vertex 12.5667 319.107 2
    endloop
  endfacet
  facet normal -0 0 1
    outer loop
      vertex 12.0483 318.64 2
      vertex 149.71 157.1 2
      vertex 12.3157 318.864 2
    endloop
  endfacet
  facet normal -0 0 1
    outer loop
      vertex 11.766 318.435 2
      vertex 149.71 157.1 2
      vertex 12.0483 318.64 2
    endloop
  endfacet
  facet normal 0 0 1
    outer loop
      vertex -2 157.1 2
      vertex 11.766 318.435 2
      vertex 11.47 318.25 2
    endloop
  endfacet
  facet normal 0 0 1
    outer loop
      vertex -2 157.1 2
      vertex 11.47 318.25 2
      vertex 11.1619 318.086 2
    endloop
  endfacet
  facet normal 0 0 1
    outer loop
      vertex -2 157.1 2
      vertex 11.1619 318.086 2
      vertex 10.843 317.944 2
    endloop
  endfacet
  facet normal 0 0 1
    outer loop
      vertex -2 157.1 2
      vertex 10.843 317.944 2
      vertex 10.5151 317.825 2
    endloop
  endfacet
  facet normal 0 0 1
    outer loop
      vertex -2 157.1 2
      vertex 10.5151 317.825 2
      vertex 10.1796 317.729 2
    endloop
  endfacet
  facet normal 0 0 1
    outer loop
      vertex -2 157.1 2
      vertex 10.1796 317.729 2
      vertex 9.83824 317.656 2
    endloop
  endfacet
  facet normal 0 0 1
    outer loop
      vertex -2 157.1 2
      vertex 9.83824 317.656 2
      vertex 9.49264 317.607 2
    endloop
  endfacet
  facet normal 0 0 1
    outer loop
      vertex -2 157.1 2
      vertex 9.49264 317.607 2
      vertex 9.1445 317.583 2
    endloop
  endfacet
  facet normal 0 0 1
    outer loop
      vertex -2 157.1 2
      vertex 9.1445 317.583 2
      vertex 8.7955 317.583 2
    endloop
  endfacet
  facet normal 0 0 1
    outer loop
      vertex -2 157.1 2
      vertex 8.7955 317.583 2
      vertex 8.44736 317.607 2
    endloop
  endfacet
  facet normal 0 0 1
    outer loop
      vertex -2 157.1 2
      vertex 8.44736 317.607 2
      vertex 8.10176 317.656 2
    endloop
  endfacet
  facet normal 0 0 1
    outer loop
      vertex -2 157.1 2
      vertex 8.10176 317.656 2
      vertex 7.76039 317.729 2
    endloop
  endfacet
  facet normal 0 0 1
    outer loop
      vertex -2 157.1 2
      vertex 7.76039 317.729 2
      vertex 7.42491 317.825 2
    endloop
  endfacet
  facet normal 0 0 1
    outer loop
      vertex -2 157.1 2
      vertex 7.42491 317.825 2
      vertex 7.09697 317.944 2
    endloop
  endfacet
  facet normal 0 0 1
    outer loop
      vertex -2 157.1 2
      vertex 7.09697 317.944 2
      vertex 6.77814 318.086 2
    endloop
  endfacet
  facet normal 0 0 1
    outer loop
      vertex -2 157.1 2
      vertex 6.77814 318.086 2
      vertex 6.47 318.25 2
    endloop
  endfacet
  facet normal 0 0 1
    outer loop
      vertex -2 157.1 2
      vertex 6.47 318.25 2
      vertex 6.17404 318.435 2
    endloop
  endfacet
  facet normal 0 0 1
    outer loop
      vertex -2 157.1 2
      vertex 6.17404 318.435 2
      vertex 5.89169 318.64 2
    endloop
  endfacet
  facet normal 0 0 1
    outer loop
      vertex -2 157.1 2
      vertex 5.89169 318.64 2
      vertex 5.62435 318.864 2
    endloop
  endfacet
  facet normal 0 0 1
    outer loop
      vertex -2 157.1 2
      vertex 5.62435 318.864 2
      vertex 5.3733 319.107 2
    endloop
  endfacet
  facet normal 0 0 1
    outer loop
      vertex -2 157.1 2
      vertex 5.3733 319.107 2
      vertex 5.13978 319.366 2
    endloop
  endfacet
  facet normal 0 0 1
    outer loop
      vertex 3.98218 322.929 2
      vertex -2 331.2 2
      vertex 3.97 322.58 2
    endloop
  endfacet
  facet normal 0 0 1
    outer loop
      vertex 3.97 322.58 2
      vertex -2 331.2 2
      vertex 3.98218 322.231 2
    endloop
  endfacet
  facet normal 0 0 1
    outer loop
      vertex 3.98218 322.231 2
      vertex -2 331.2 2
      vertex 4.01866 321.884 2
    endloop
  endfacet
  facet normal 0 0 1
    outer loop
      vertex 4.01866 321.884 2
      vertex -2 331.2 2
      vertex 4.07926 321.54 2
    endloop
  endfacet
  facet normal 0 0 1
    outer loop
      vertex 4.07926 321.54 2
      vertex -2 331.2 2
      vertex 4.16369 321.202 2
    endloop
  endfacet
  facet normal 0 0 1
    outer loop
      vertex 4.16369 321.202 2
      vertex -2 331.2 2
      vertex 4.27154 320.87 2
    endloop
  endfacet
  facet normal 0 0 1
    outer loop
      vertex -2 331.2 2
      vertex -0.999999 332.2 2
      vertex -1.01744 332.2 2
    endloop
  endfacet
  facet normal 0 0 1
    outer loop
      vertex -2 331.2 2
      vertex -1.01744 332.2 2
      vertex -1.0349 332.199 2
    endloop
  endfacet
  facet normal 0 0 1
    outer loop
      vertex -2 331.2 2
      vertex -1.0349 332.199 2
      vertex -1.05232 332.199 2
    endloop
  endfacet
  facet normal 0 0 1
    outer loop
      vertex -2 331.2 2
      vertex -1.05232 332.199 2
      vertex -1.06975 332.198 2
    endloop
  endfacet
  facet normal 0 0 1
    outer loop
      vertex -2 331.2 2
      vertex -1.06975 332.198 2
      vertex -1.08714 332.196 2
    endloop
  endfacet
  facet normal 0 0 1
    outer loop
      vertex -2 331.2 2
      vertex -1.08714 332.196 2
      vertex -1.10452 332.195 2
    endloop
  endfacet
  facet normal 0 0 1
    outer loop
      vertex -2 331.2 2
      vertex -1.10452 332.195 2
      vertex -1.12186 332.193 2
    endloop
  endfacet
  facet normal 0 0 1
    outer loop
      vertex -2 331.2 2
      vertex -1.12186 332.193 2
      vertex -1.13916 332.19 2
    endloop
  endfacet
  facet normal 0 0 1
    outer loop
      vertex -2 331.2 2
      vertex -1.13916 332.19 2
      vertex -1.15643 332.188 2
    endloop
  endfacet
  facet normal 0 0 1
    outer loop
      vertex -2 331.2 2
      vertex -1.15643 332.188 2
      vertex -1.17364 332.185 2
    endloop
  endfacet
  facet normal 0 0 1
    outer loop
      vertex -2 331.2 2
      vertex -1.17364 332.185 2
      vertex -1.19079 332.182 2
    endloop
  endfacet
  facet normal 0 0 1
    outer loop
      vertex -2 331.2 2
      vertex -1.19079 332.182 2
      vertex -1.2079 332.178 2
    endloop
  endfacet
  facet normal 0 0 1
    outer loop
      vertex -2 331.2 2
      vertex -1.2079 332.178 2
      vertex -1.22494 332.174 2
    endloop
  endfacet
  facet normal 0 0 1
    outer loop
      vertex -2 331.2 2
      vertex -1.22494 332.174 2
      vertex -1.24191 332.17 2
    endloop
  endfacet
  facet normal 0 0 1
    outer loop
      vertex -2 331.2 2
      vertex -1.24191 332.17 2
      vertex -1.2588 332.166 2
    endloop
  endfacet
  facet normal 0 0 1
    outer loop
      vertex -2 331.2 2
      vertex -1.2588 332.166 2
      vertex -1.27563 332.161 2
    endloop
  endfacet
  facet normal 0 0 1
    outer loop
      vertex 4.27154 320.87 2
      vertex -2 331.2 2
      vertex 4.40227 320.546 2
    endloop
  endfacet
  facet normal 0 0 1
    outer loop
      vertex -2 331.2 2
      vertex -1.27563 332.161 2
      vertex -1.29236 332.156 2
    endloop
  endfacet
  facet normal 0 0 1
    outer loop
      vertex -2 331.2 2
      vertex -1.29236 332.156 2
      vertex -1.309 332.151 2
    endloop
  endfacet
  facet normal 0 0 1
    outer loop
      vertex -2 331.2 2
      vertex -1.309 332.151 2
      vertex -1.32556 332.146 2
    endloop
  endfacet
  facet normal 0 0 1
    outer loop
      vertex -2 331.2 2
      vertex -1.32556 332.146 2
      vertex -1.34201 332.14 2
    endloop
  endfacet
  facet normal 0 0 1
    outer loop
      vertex -2 331.2 2
      vertex -1.34201 332.14 2
      vertex -1.35837 332.134 2
    endloop
  endfacet
  facet normal 0 0 1
    outer loop
      vertex -2 331.2 2
      vertex -1.35837 332.134 2
      vertex -1.3746 332.127 2
    endloop
  endfacet
  facet normal 0 0 1
    outer loop
      vertex -2 331.2 2
      vertex -1.3746 332.127 2
      vertex -1.39072 332.121 2
    endloop
  endfacet
  facet normal 0 0 1
    outer loop
      vertex -2 331.2 2
      vertex -1.39072 332.121 2
      vertex -1.40672 332.114 2
    endloop
  endfacet
  facet normal 0 0 1
    outer loop
      vertex -2 331.2 2
      vertex -1.40672 332.114 2
      vertex -1.42261 332.106 2
    endloop
  endfacet
  facet normal 0 0 1
    outer loop
      vertex -2 331.2 2
      vertex -1.42261 332.106 2
      vertex -1.43837 332.099 2
    endloop
  endfacet
  facet normal 0 0 1
    outer loop
      vertex -2 331.2 2
      vertex -1.43837 332.099 2
      vertex -1.45398 332.091 2
    endloop
  endfacet
  facet normal 0 0 1
    outer loop
      vertex -2 331.2 2
      vertex -1.45398 332.091 2
      vertex -1.46947 332.083 2
    endloop
  endfacet
  facet normal 0 0 1
    outer loop
      vertex -2 331.2 2
      vertex -1.46947 332.083 2
      vertex -1.4848 332.075 2
    endloop
  endfacet
  facet normal 0 0 1
    outer loop
      vertex -2 331.2 2
      vertex -1.4848 332.075 2
      vertex -1.5 332.066 2
    endloop
  endfacet
  facet normal 0 0 1
    outer loop
      vertex -2 331.2 2
      vertex -1.5 332.066 2
      vertex -1.51503 332.057 2
    endloop
  endfacet
  facet normal 0 0 1
    outer loop
      vertex -2 331.2 2
      vertex -1.51503 332.057 2
      vertex -1.52991 332.048 2
    endloop
  endfacet
  facet normal 0 0 1
    outer loop
      vertex -2 331.2 2
      vertex -1.52991 332.048 2
      vertex -1.54463 332.039 2
    endloop
  endfacet
  facet normal 0 0 1
    outer loop
      vertex -2 331.2 2
      vertex -1.54463 332.039 2
      vertex -1.55919 332.029 2
    endloop
  endfacet
  facet normal 0 0 1
    outer loop
      vertex -2 331.2 2
      vertex -1.55919 332.029 2
      vertex -1.57356 332.019 2
    endloop
  endfacet
  facet normal 0 0 1
    outer loop
      vertex -2 331.2 2
      vertex -1.57356 332.019 2
      vertex -1.58778 332.009 2
    endloop
  endfacet
  facet normal 0 0 1
    outer loop
      vertex -2 331.2 2
      vertex -1.58778 332.009 2
      vertex -1.60181 331.999 2
    endloop
  endfacet
  facet normal 0 0 1
    outer loop
      vertex -2 331.2 2
      vertex -1.60181 331.999 2
      vertex -1.61565 331.988 2
    endloop
  endfacet
  facet normal 0 0 1
    outer loop
      vertex -2 331.2 2
      vertex -1.61565 331.988 2
      vertex -1.62932 331.977 2
    endloop
  endfacet
  facet normal 0 0 1
    outer loop
      vertex -2 331.2 2
      vertex -1.62932 331.977 2
      vertex -1.64278 331.966 2
    endloop
  endfacet
  facet normal 0 0 1
    outer loop
      vertex -2 331.2 2
      vertex -1.64278 331.966 2
      vertex -1.65605 331.955 2
    endloop
  endfacet
  facet normal 0 0 1
    outer loop
      vertex -2 331.2 2
      vertex -1.65605 331.955 2
      vertex -1.66913 331.943 2
    endloop
  endfacet
  facet normal 0 0 1
    outer loop
      vertex -2 331.2 2
      vertex -1.66913 331.943 2
      vertex -1.68199 331.931 2
    endloop
  endfacet
  facet normal 0 0 1
    outer loop
      vertex -2 331.2 2
      vertex -1.68199 331.931 2
      vertex -1.69466 331.919 2
    endloop
  endfacet
  facet normal 0 0 1
    outer loop
      vertex -2 331.2 2
      vertex -1.69466 331.919 2
      vertex -1.70709 331.907 2
    endloop
  endfacet
  facet normal 0 0 1
    outer loop
      vertex -2 331.2 2
      vertex -1.70709 331.907 2
      vertex -1.71933 331.895 2
    endloop
  endfacet
  facet normal 0 0 1
    outer loop
      vertex -2 331.2 2
      vertex -1.71933 331.895 2
      vertex -1.73134 331.882 2
    endloop
  endfacet
  facet normal 0 0 1
    outer loop
      vertex -2 331.2 2
      vertex -1.73134 331.882 2
      vertex -1.74313 331.869 2
    endloop
  endfacet
  facet normal 0 0 1
    outer loop
      vertex -2 331.2 2
      vertex -1.74313 331.869 2
      vertex -1.7547 331.856 2
    endloop
  endfacet
  facet normal 0 0 1
    outer loop
      vertex -2 331.2 2
      vertex -1.7547 331.856 2
      vertex -1.76604 331.843 2
    endloop
  endfacet
  facet normal 0 0 1
    outer loop
      vertex -2 331.2 2
      vertex -1.76604 331.843 2
      vertex -1.77714 331.829 2
    endloop
  endfacet
  facet normal 0 0 1
    outer loop
      vertex -2 331.2 2
      vertex -1.77714 331.829 2
      vertex -1.78801 331.816 2
    endloop
  endfacet
  facet normal 0 0 1
    outer loop
      vertex -2 331.2 2
      vertex -1.78801 331.816 2
      vertex -1.79863 331.802 2
    endloop
  endfacet
  facet normal 0 0 1
    outer loop
      vertex -2 331.2 2
      vertex -1.79863 331.802 2
      vertex -1.809 331.788 2
    endloop
  endfacet
  facet normal 0 0 1
    outer loop
      vertex -2 331.2 2
      vertex -1.809 331.788 2
      vertex -1.81914 331.774 2
    endloop
  endfacet
  facet normal 0 0 1
    outer loop
      vertex -2 331.2 2
      vertex -1.81914 331.774 2
      vertex -1.82902 331.759 2
    endloop
  endfacet
  facet normal 0 0 1
    outer loop
      vertex -2 331.2 2
      vertex -1.82902 331.759 2
      vertex -1.83867 331.745 2
    endloop
  endfacet
  facet normal 0 0 1
    outer loop
      vertex -2 331.2 2
      vertex -1.83867 331.745 2
      vertex -1.84804 331.73 2
    endloop
  endfacet
  facet normal 0 0 1
    outer loop
      vertex -2 331.2 2
      vertex -1.84804 331.73 2
      vertex -1.85716 331.715 2
    endloop
  endfacet
  facet normal 0 0 1
    outer loop
      vertex -2 331.2 2
      vertex -1.85716 331.715 2
      vertex -1.86601 331.7 2
    endloop
  endfacet
  facet normal 0 0 1
    outer loop
      vertex -2 331.2 2
      vertex -1.86601 331.7 2
      vertex -1.87462 331.685 2
    endloop
  endfacet
  facet normal 0 0 1
    outer loop
      vertex -2 331.2 2
      vertex -1.87462 331.685 2
      vertex -1.88293 331.669 2
    endloop
  endfacet
  facet normal 0 0 1
    outer loop
      vertex -2 331.2 2
      vertex -1.88293 331.669 2
      vertex -1.89101 331.654 2
    endloop
  endfacet
  facet normal 0 0 1
    outer loop
      vertex -2 331.2 2
      vertex -1.89101 331.654 2
      vertex -1.89879 331.638 2
    endloop
  endfacet
  facet normal 0 0 1
    outer loop
      vertex -2 331.2 2
      vertex -1.89879 331.638 2
      vertex -1.90629 331.623 2
    endloop
  endfacet
  facet normal 0 0 1
    outer loop
      vertex -2 331.2 2
      vertex -1.90629 331.623 2
      vertex -1.91354 331.607 2
    endloop
  endfacet
  facet normal 0 0 1
    outer loop
      vertex -2 331.2 2
      vertex -1.91354 331.607 2
      vertex -1.9205 331.591 2
    endloop
  endfacet
  facet normal 0 0 1
    outer loop
      vertex -2 331.2 2
      vertex -1.9205 331.591 2
      vertex -1.92717 331.575 2
    endloop
  endfacet
  facet normal 0 0 1
    outer loop
      vertex -2 331.2 2
      vertex -1.92717 331.575 2
      vertex -1.93358 331.558 2
    endloop
  endfacet
  facet normal 0 0 1
    outer loop
      vertex -2 331.2 2
      vertex -1.93358 331.558 2
      vertex -1.93968 331.542 2
    endloop
  endfacet
  facet normal 0 0 1
    outer loop
      vertex -2 331.2 2
      vertex -1.93968 331.542 2
      vertex -1.94551 331.526 2
    endloop
  endfacet
  facet normal 0 0 1
    outer loop
      vertex -2 331.2 2
      vertex -1.94551 331.526 2
      vertex -1.95105 331.509 2
    endloop
  endfacet
  facet normal 0 0 1
    outer loop
      vertex -2 331.2 2
      vertex -1.95105 331.509 2
      vertex -1.9563 331.492 2
    endloop
  endfacet
  facet normal 0 0 1
    outer loop
      vertex 4.40227 320.546 2
      vertex -2 331.2 2
      vertex 4.55526 320.233 2
    endloop
  endfacet
  facet normal 0 0 1
    outer loop
      vertex -2 331.2 2
      vertex -1.9563 331.492 2
      vertex -1.96126 331.476 2
    endloop
  endfacet
  facet normal 0 0 1
    outer loop
      vertex -2 331.2 2
      vertex -1.96126 331.476 2
      vertex -1.96591 331.459 2
    endloop
  endfacet
  facet normal 0 0 1
    outer loop
      vertex -2 331.2 2
      vertex -1.96591 331.459 2
      vertex -1.97029 331.442 2
    endloop
  endfacet
  facet normal 0 0 1
    outer loop
      vertex -2 331.2 2
      vertex -1.97029 331.442 2
      vertex -1.97436 331.425 2
    endloop
  endfacet
  facet normal 0 0 1
    outer loop
      vertex -2 331.2 2
      vertex -1.97436 331.425 2
      vertex -1.97813 331.408 2
    endloop
  endfacet
  facet normal 0 0 1
    outer loop
      vertex -2 331.2 2
      vertex -1.97813 331.408 2
      vertex -1.98161 331.391 2
    endloop
  endfacet
  facet normal 0 0 1
    outer loop
      vertex -2 331.2 2
      vertex -1.98161 331.391 2
      vertex -1.9848 331.374 2
    endloop
  endfacet
  facet normal 0 0 1
    outer loop
      vertex -2 331.2 2
      vertex -1.9848 331.374 2
      vertex -1.98769 331.356 2
    endloop
  endfacet
  facet normal 0 0 1
    outer loop
      vertex -2 331.2 2
      vertex -1.98769 331.356 2
      vertex -1.99026 331.339 2
    endloop
  endfacet
  facet normal 0 0 1
    outer loop
      vertex -2 331.2 2
      vertex -1.99026 331.339 2
      vertex -1.99254 331.322 2
    endloop
  endfacet
  facet normal 0 0 1
    outer loop
      vertex -2 331.2 2
      vertex -1.99254 331.322 2
      vertex -1.99451 331.305 2
    endloop
  endfacet
  facet normal 0 0 1
    outer loop
      vertex -2 331.2 2
      vertex -1.99451 331.305 2
      vertex -1.99618 331.287 2
    endloop
  endfacet
  facet normal 0 0 1
    outer loop
      vertex -2 331.2 2
      vertex -1.99618 331.287 2
      vertex -1.99756 331.27 2
    endloop
  endfacet
  facet normal 0 0 1
    outer loop
      vertex -2 331.2 2
      vertex -1.99756 331.27 2
      vertex -1.99863 331.252 2
    endloop
  endfacet
  facet normal 0 0 1
    outer loop
      vertex -2 331.2 2
      vertex -1.99863 331.252 2
      vertex -1.99939 331.235 2
    endloop
  endfacet
  facet normal 0 0 1
    outer loop
      vertex -2 331.2 2
      vertex -1.99939 331.235 2
      vertex -1.99985 331.217 2
    endloop
  endfacet
  facet normal 0 0 1
    outer loop
      vertex -2 157.1 2
      vertex 4.55526 320.233 2
      vertex -2 331.2 2
    endloop
  endfacet
  facet normal 0 0 1
    outer loop
      vertex 11.766 318.435 2
      vertex -2 157.1 2
      vertex 149.71 157.1 2
    endloop
  endfacet
  facet normal 0 0 1
    outer loop
      vertex 4.92491 319.641 2
      vertex -2 157.1 2
      vertex 5.13978 319.366 2
    endloop
  endfacet
  facet normal 0 0 1
    outer loop
      vertex 4.72976 319.93 2
      vertex -2 157.1 2
      vertex 4.92491 319.641 2
    endloop
  endfacet
  facet normal 0 0 1
    outer loop
      vertex 4.55526 320.233 2
      vertex -2 157.1 2
      vertex 4.72976 319.93 2
    endloop
  endfacet
  facet normal 0 -0 0
    outer loop
      vertex 149.71 332.2 2
      vertex 153.71 332.2 2
      vertex -0.999999 332.2 2
    endloop
  endfacet
  facet normal 0.500162 0.865932 -0
    outer loop
      vertex 11.47 324.023 4
      vertex 8.97 325.467 10
      vertex 11.47 324.023 10
    endloop
  endfacet
  facet normal 0.500162 0.865932 0
    outer loop
      vertex 8.97 325.467 10
      vertex 11.47 324.023 4
      vertex 8.97 325.467 4
    endloop
  endfacet
  facet normal -1 0 0
    outer loop
      vertex 6.47 321.137 4
      vertex 6.47 324.023 10
      vertex 6.47 324.023 4
    endloop
  endfacet
  facet normal -1 -0 0
    outer loop
      vertex 6.47 324.023 10
      vertex 6.47 321.137 4
      vertex 6.47 321.137 10
    endloop
  endfacet
  facet normal -0.500162 0.865932 0
    outer loop
      vertex 8.97 325.467 4
      vertex 6.47 324.023 10
      vertex 8.97 325.467 10
    endloop
  endfacet
  facet normal -0.500162 0.865932 0
    outer loop
      vertex 6.47 324.023 10
      vertex 8.97 325.467 4
      vertex 6.47 324.023 4
    endloop
  endfacet
  facet normal 0 0 1
    outer loop
      vertex 11.47 324.023 10
      vertex 10.47 322.58 10
      vertex 11.47 321.137 10
    endloop
  endfacet
  facet normal 0 0 1
    outer loop
      vertex 11.47 324.023 10
      vertex 10.4663 322.685 10
      vertex 10.47 322.58 10
    endloop
  endfacet
  facet normal 0 0 1
    outer loop
      vertex 11.47 324.023 10
      vertex 10.4554 322.789 10
      vertex 10.4663 322.685 10
    endloop
  endfacet
  facet normal 0 0 1
    outer loop
      vertex 11.47 324.023 10
      vertex 10.4372 322.892 10
      vertex 10.4554 322.789 10
    endloop
  endfacet
  facet normal 0 0 1
    outer loop
      vertex 11.47 324.023 10
      vertex 10.4119 322.993 10
      vertex 10.4372 322.892 10
    endloop
  endfacet
  facet normal 0 0 1
    outer loop
      vertex 11.47 324.023 10
      vertex 10.3795 323.093 10
      vertex 10.4119 322.993 10
    endloop
  endfacet
  facet normal 0 0 1
    outer loop
      vertex 11.47 324.023 10
      vertex 10.3403 323.19 10
      vertex 10.3795 323.093 10
    endloop
  endfacet
  facet normal 0 0 1
    outer loop
      vertex 11.47 324.023 10
      vertex 10.2944 323.284 10
      vertex 10.3403 323.19 10
    endloop
  endfacet
  facet normal 0 0 1
    outer loop
      vertex 11.47 324.023 10
      vertex 10.2421 323.375 10
      vertex 10.2944 323.284 10
    endloop
  endfacet
  facet normal 0 0 1
    outer loop
      vertex 11.47 324.023 10
      vertex 10.1835 323.462 10
      vertex 10.2421 323.375 10
    endloop
  endfacet
  facet normal 0 0 1
    outer loop
      vertex 11.47 324.023 10
      vertex 10.1191 323.544 10
      vertex 10.1835 323.462 10
    endloop
  endfacet
  facet normal 0 0 1
    outer loop
      vertex 11.47 324.023 10
      vertex 10.049 323.622 10
      vertex 10.1191 323.544 10
    endloop
  endfacet
  facet normal 0 0 1
    outer loop
      vertex 11.47 324.023 10
      vertex 9.9737 323.695 10
      vertex 10.049 323.622 10
    endloop
  endfacet
  facet normal 0 0 1
    outer loop
      vertex 11.47 324.023 10
      vertex 9.89349 323.762 10
      vertex 9.9737 323.695 10
    endloop
  endfacet
  facet normal 0 0 1
    outer loop
      vertex 11.47 324.023 10
      vertex 9.80879 323.824 10
      vertex 9.89349 323.762 10
    endloop
  endfacet
  facet normal 0 0 1
    outer loop
      vertex 11.47 324.023 10
      vertex 9.72 323.879 10
      vertex 9.80879 323.824 10
    endloop
  endfacet
  facet normal 0 0 1
    outer loop
      vertex 8.97 325.467 10
      vertex 9.72 323.879 10
      vertex 11.47 324.023 10
    endloop
  endfacet
  facet normal 0 0 1
    outer loop
      vertex 9.72 323.879 10
      vertex 8.97 325.467 10
      vertex 9.62756 323.928 10
    endloop
  endfacet
  facet normal 0 0 1
    outer loop
      vertex 9.62756 323.928 10
      vertex 8.97 325.467 10
      vertex 9.53191 323.971 10
    endloop
  endfacet
  facet normal 0 0 1
    outer loop
      vertex 9.53191 323.971 10
      vertex 8.97 325.467 10
      vertex 9.43353 324.007 10
    endloop
  endfacet
  facet normal 0 0 1
    outer loop
      vertex 9.43353 324.007 10
      vertex 8.97 325.467 10
      vertex 9.33288 324.035 10
    endloop
  endfacet
  facet normal 0 0 1
    outer loop
      vertex 9.33288 324.035 10
      vertex 8.97 325.467 10
      vertex 9.23047 324.057 10
    endloop
  endfacet
  facet normal 0 0 1
    outer loop
      vertex 9.23047 324.057 10
      vertex 8.97 325.467 10
      vertex 9.12679 324.072 10
    endloop
  endfacet
  facet normal 0 0 1
    outer loop
      vertex 9.12679 324.072 10
      vertex 8.97 325.467 10
      vertex 9.02235 324.079 10
    endloop
  endfacet
  facet normal 0 0 1
    outer loop
      vertex 8.97 325.467 10
      vertex 8.91765 324.079 10
      vertex 9.02235 324.079 10
    endloop
  endfacet
  facet normal 0 0 1
    outer loop
      vertex 8.97 325.467 10
      vertex 8.81321 324.072 10
      vertex 8.91765 324.079 10
    endloop
  endfacet
  facet normal 0 0 1
    outer loop
      vertex 8.97 325.467 10
      vertex 8.70953 324.057 10
      vertex 8.81321 324.072 10
    endloop
  endfacet
  facet normal 0 0 1
    outer loop
      vertex 8.97 325.467 10
      vertex 8.60712 324.035 10
      vertex 8.70953 324.057 10
    endloop
  endfacet
  facet normal 0 0 1
    outer loop
      vertex 8.97 325.467 10
      vertex 8.50648 324.007 10
      vertex 8.60712 324.035 10
    endloop
  endfacet
  facet normal 0 0 1
    outer loop
      vertex 8.97 325.467 10
      vertex 8.40809 323.971 10
      vertex 8.50648 324.007 10
    endloop
  endfacet
  facet normal 0 0 1
    outer loop
      vertex 8.97 325.467 10
      vertex 8.31244 323.928 10
      vertex 8.40809 323.971 10
    endloop
  endfacet
  facet normal 0 0 1
    outer loop
      vertex 8.97 325.467 10
      vertex 8.22 323.879 10
      vertex 8.31244 323.928 10
    endloop
  endfacet
  facet normal -0 0 1
    outer loop
      vertex 6.47 324.023 10
      vertex 8.22 323.879 10
      vertex 8.97 325.467 10
    endloop
  endfacet
  facet normal 0 0 1
    outer loop
      vertex 8.22 323.879 10
      vertex 6.47 324.023 10
      vertex 8.13121 323.824 10
    endloop
  endfacet
  facet normal 0 0 1
    outer loop
      vertex 8.13121 323.824 10
      vertex 6.47 324.023 10
      vertex 8.04651 323.762 10
    endloop
  endfacet
  facet normal 0 0 1
    outer loop
      vertex 8.04651 323.762 10
      vertex 6.47 324.023 10
      vertex 7.9663 323.695 10
    endloop
  endfacet
  facet normal 0 0 1
    outer loop
      vertex 7.9663 323.695 10
      vertex 6.47 324.023 10
      vertex 7.89099 323.622 10
    endloop
  endfacet
  facet normal 0 0 1
    outer loop
      vertex 7.89099 323.622 10
      vertex 6.47 324.023 10
      vertex 7.82093 323.544 10
    endloop
  endfacet
  facet normal 0 0 1
    outer loop
      vertex 7.82093 323.544 10
      vertex 6.47 324.023 10
      vertex 7.75647 323.462 10
    endloop
  endfacet
  facet normal 0 0 1
    outer loop
      vertex 7.47365 322.685 10
      vertex 6.47 324.023 10
      vertex 7.47 322.58 10
    endloop
  endfacet
  facet normal 0 0 1
    outer loop
      vertex 7.4846 322.789 10
      vertex 6.47 324.023 10
      vertex 7.47365 322.685 10
    endloop
  endfacet
  facet normal 0 0 1
    outer loop
      vertex 7.50278 322.892 10
      vertex 6.47 324.023 10
      vertex 7.4846 322.789 10
    endloop
  endfacet
  facet normal 0 0 1
    outer loop
      vertex 7.52811 322.993 10
      vertex 6.47 324.023 10
      vertex 7.50278 322.892 10
    endloop
  endfacet
  facet normal 0 0 1
    outer loop
      vertex 7.56046 323.093 10
      vertex 6.47 324.023 10
      vertex 7.52811 322.993 10
    endloop
  endfacet
  facet normal 0 0 1
    outer loop
      vertex 7.59968 323.19 10
      vertex 6.47 324.023 10
      vertex 7.56046 323.093 10
    endloop
  endfacet
  facet normal 0 0 1
    outer loop
      vertex 7.64558 323.284 10
      vertex 6.47 324.023 10
      vertex 7.59968 323.19 10
    endloop
  endfacet
  facet normal 0 0 1
    outer loop
      vertex 7.69793 323.375 10
      vertex 6.47 324.023 10
      vertex 7.64558 323.284 10
    endloop
  endfacet
  facet normal 0 0 1
    outer loop
      vertex 7.75647 323.462 10
      vertex 6.47 324.023 10
      vertex 7.69793 323.375 10
    endloop
  endfacet
  facet normal -0 0 1
    outer loop
      vertex 10.4663 322.475 10
      vertex 11.47 321.137 10
      vertex 10.47 322.58 10
    endloop
  endfacet
  facet normal -0 0 1
    outer loop
      vertex 10.4554 322.371 10
      vertex 11.47 321.137 10
      vertex 10.4663 322.475 10
    endloop
  endfacet
  facet normal -0 0 1
    outer loop
      vertex 10.4372 322.268 10
      vertex 11.47 321.137 10
      vertex 10.4554 322.371 10
    endloop
  endfacet
  facet normal -0 0 1
    outer loop
      vertex 10.4119 322.167 10
      vertex 11.47 321.137 10
      vertex 10.4372 322.268 10
    endloop
  endfacet
  facet normal -0 0 1
    outer loop
      vertex 10.3795 322.067 10
      vertex 11.47 321.137 10
      vertex 10.4119 322.167 10
    endloop
  endfacet
  facet normal -0 0 1
    outer loop
      vertex 10.3403 321.97 10
      vertex 11.47 321.137 10
      vertex 10.3795 322.067 10
    endloop
  endfacet
  facet normal -0 0 1
    outer loop
      vertex 10.2944 321.876 10
      vertex 11.47 321.137 10
      vertex 10.3403 321.97 10
    endloop
  endfacet
  facet normal -0 0 1
    outer loop
      vertex 10.2421 321.785 10
      vertex 11.47 321.137 10
      vertex 10.2944 321.876 10
    endloop
  endfacet
  facet normal -0 0 1
    outer loop
      vertex 10.1835 321.698 10
      vertex 11.47 321.137 10
      vertex 10.2421 321.785 10
    endloop
  endfacet
  facet normal -0 0 1
    outer loop
      vertex 10.1191 321.616 10
      vertex 11.47 321.137 10
      vertex 10.1835 321.698 10
    endloop
  endfacet
  facet normal -0 0 1
    outer loop
      vertex 10.049 321.538 10
      vertex 11.47 321.137 10
      vertex 10.1191 321.616 10
    endloop
  endfacet
  facet normal -0 0 1
    outer loop
      vertex 9.9737 321.465 10
      vertex 11.47 321.137 10
      vertex 10.049 321.538 10
    endloop
  endfacet
  facet normal -0 0 1
    outer loop
      vertex 9.89349 321.398 10
      vertex 11.47 321.137 10
      vertex 9.9737 321.465 10
    endloop
  endfacet
  facet normal -0 0 1
    outer loop
      vertex 9.80879 321.336 10
      vertex 11.47 321.137 10
      vertex 9.89349 321.398 10
    endloop
  endfacet
  facet normal -0 0 1
    outer loop
      vertex 9.72 321.281 10
      vertex 11.47 321.137 10
      vertex 9.80879 321.336 10
    endloop
  endfacet
  facet normal 0 0 1
    outer loop
      vertex 8.97 319.693 10
      vertex 9.72 321.281 10
      vertex 9.62756 321.232 10
    endloop
  endfacet
  facet normal 0 0 1
    outer loop
      vertex 8.97 319.693 10
      vertex 9.62756 321.232 10
      vertex 9.53191 321.189 10
    endloop
  endfacet
  facet normal 0 0 1
    outer loop
      vertex 8.97 319.693 10
      vertex 9.53191 321.189 10
      vertex 9.43353 321.153 10
    endloop
  endfacet
  facet normal 0 0 1
    outer loop
      vertex 8.97 319.693 10
      vertex 9.43353 321.153 10
      vertex 9.33288 321.125 10
    endloop
  endfacet
  facet normal 0 0 1
    outer loop
      vertex 8.97 319.693 10
      vertex 9.33288 321.125 10
      vertex 9.23047 321.103 10
    endloop
  endfacet
  facet normal 0 0 1
    outer loop
      vertex 8.97 319.693 10
      vertex 9.23047 321.103 10
      vertex 9.12679 321.088 10
    endloop
  endfacet
  facet normal 0 0 1
    outer loop
      vertex 8.97 319.693 10
      vertex 9.12679 321.088 10
      vertex 9.02235 321.081 10
    endloop
  endfacet
  facet normal 0 0 1
    outer loop
      vertex 9.72 321.281 10
      vertex 8.97 319.693 10
      vertex 11.47 321.137 10
    endloop
  endfacet
  facet normal -0 0 1
    outer loop
      vertex 8.91765 321.081 10
      vertex 8.97 319.693 10
      vertex 9.02235 321.081 10
    endloop
  endfacet
  facet normal 0 0 1
    outer loop
      vertex 8.81321 321.088 10
      vertex 8.97 319.693 10
      vertex 8.91765 321.081 10
    endloop
  endfacet
  facet normal 0 0 1
    outer loop
      vertex 8.70953 321.103 10
      vertex 8.97 319.693 10
      vertex 8.81321 321.088 10
    endloop
  endfacet
  facet normal 0 0 1
    outer loop
      vertex 8.60712 321.125 10
      vertex 8.97 319.693 10
      vertex 8.70953 321.103 10
    endloop
  endfacet
  facet normal 0 0 1
    outer loop
      vertex 8.50648 321.153 10
      vertex 8.97 319.693 10
      vertex 8.60712 321.125 10
    endloop
  endfacet
  facet normal 0 0 1
    outer loop
      vertex 8.40809 321.189 10
      vertex 8.97 319.693 10
      vertex 8.50648 321.153 10
    endloop
  endfacet
  facet normal 0 0 1
    outer loop
      vertex 8.31244 321.232 10
      vertex 8.97 319.693 10
      vertex 8.40809 321.189 10
    endloop
  endfacet
  facet normal 0 0 1
    outer loop
      vertex 8.22 321.281 10
      vertex 8.97 319.693 10
      vertex 8.31244 321.232 10
    endloop
  endfacet
  facet normal 0 0 1
    outer loop
      vertex 6.47 321.137 10
      vertex 8.22 321.281 10
      vertex 8.13121 321.336 10
    endloop
  endfacet
  facet normal 0 0 1
    outer loop
      vertex 6.47 321.137 10
      vertex 8.13121 321.336 10
      vertex 8.04651 321.398 10
    endloop
  endfacet
  facet normal 0 0 1
    outer loop
      vertex 6.47 321.137 10
      vertex 8.04651 321.398 10
      vertex 7.9663 321.465 10
    endloop
  endfacet
  facet normal 0 0 1
    outer loop
      vertex 6.47 321.137 10
      vertex 7.9663 321.465 10
      vertex 7.89099 321.538 10
    endloop
  endfacet
  facet normal 0 0 1
    outer loop
      vertex 6.47 321.137 10
      vertex 7.89099 321.538 10
      vertex 7.82093 321.616 10
    endloop
  endfacet
  facet normal 0 0 1
    outer loop
      vertex 6.47 321.137 10
      vertex 7.82093 321.616 10
      vertex 7.75647 321.698 10
    endloop
  endfacet
  facet normal 0 0 1
    outer loop
      vertex 6.47 321.137 10
      vertex 7.75647 321.698 10
      vertex 7.69793 321.785 10
    endloop
  endfacet
  facet normal 0 0 1
    outer loop
      vertex 6.47 321.137 10
      vertex 7.47 322.58 10
      vertex 6.47 324.023 10
    endloop
  endfacet
  facet normal 0 0 1
    outer loop
      vertex 7.47 322.58 10
      vertex 6.47 321.137 10
      vertex 7.47365 322.475 10
    endloop
  endfacet
  facet normal 0 0 1
    outer loop
      vertex 7.47365 322.475 10
      vertex 6.47 321.137 10
      vertex 7.4846 322.371 10
    endloop
  endfacet
  facet normal 0 0 1
    outer loop
      vertex 7.4846 322.371 10
      vertex 6.47 321.137 10
      vertex 7.50278 322.268 10
    endloop
  endfacet
  facet normal 0 0 1
    outer loop
      vertex 7.50278 322.268 10
      vertex 6.47 321.137 10
      vertex 7.52811 322.167 10
    endloop
  endfacet
  facet normal 0 0 1
    outer loop
      vertex 7.52811 322.167 10
      vertex 6.47 321.137 10
      vertex 7.56046 322.067 10
    endloop
  endfacet
  facet normal 0 0 1
    outer loop
      vertex 7.56046 322.067 10
      vertex 6.47 321.137 10
      vertex 7.59968 321.97 10
    endloop
  endfacet
  facet normal 0 0 1
    outer loop
      vertex 8.22 321.281 10
      vertex 6.47 321.137 10
      vertex 8.97 319.693 10
    endloop
  endfacet
  facet normal 0 0 1
    outer loop
      vertex 7.64558 321.876 10
      vertex 6.47 321.137 10
      vertex 7.69793 321.785 10
    endloop
  endfacet
  facet normal 0 0 1
    outer loop
      vertex 7.59968 321.97 10
      vertex 6.47 321.137 10
      vertex 7.64558 321.876 10
    endloop
  endfacet
  facet normal 0.500162 -0.865932 0
    outer loop
      vertex 8.97 319.693 4
      vertex 11.47 321.137 10
      vertex 8.97 319.693 10
    endloop
  endfacet
  facet normal 0.500162 -0.865932 0
    outer loop
      vertex 11.47 321.137 10
      vertex 8.97 319.693 4
      vertex 11.47 321.137 4
    endloop
  endfacet
  facet normal -0.500162 -0.865932 0
    outer loop
      vertex 6.47 321.137 4
      vertex 8.97 319.693 10
      vertex 6.47 321.137 10
    endloop
  endfacet
  facet normal -0.500162 -0.865932 -0
    outer loop
      vertex 8.97 319.693 10
      vertex 6.47 321.137 4
      vertex 8.97 319.693 4
    endloop
  endfacet
  facet normal 1 -0 0
    outer loop
      vertex 11.47 321.137 10
      vertex 11.47 324.023 4
      vertex 11.47 324.023 10
    endloop
  endfacet
  facet normal 1 0 0
    outer loop
      vertex 11.47 324.023 4
      vertex 11.47 321.137 10
      vertex 11.47 321.137 4
    endloop
  endfacet
  facet normal 0.866566 0.499062 0
    outer loop
      vertex 13.3847 324.927 4
      vertex 13.2102 325.23 2
      vertex 13.2102 325.23 4
    endloop
  endfacet
  facet normal 0.866566 0.499062 0
    outer loop
      vertex 13.2102 325.23 2
      vertex 13.3847 324.927 4
      vertex 13.3847 324.927 2
    endloop
  endfacet
  facet normal 0.341145 0.940011 -0
    outer loop
      vertex 10.843 327.216 2
      vertex 10.5151 327.335 4
      vertex 10.843 327.216 4
    endloop
  endfacet
  facet normal 0.341145 0.940011 0
    outer loop
      vertex 10.5151 327.335 4
      vertex 10.843 327.216 2
      vertex 10.5151 327.335 2
    endloop
  endfacet
  facet normal -0.406851 0.913495 0
    outer loop
      vertex 7.09697 327.216 2
      vertex 6.77814 327.074 4
      vertex 7.09697 327.216 4
    endloop
  endfacet
  facet normal -0.406851 0.913495 0
    outer loop
      vertex 6.77814 327.074 4
      vertex 7.09697 327.216 2
      vertex 6.77814 327.074 2
    endloop
  endfacet
  facet normal -0.898421 0.439135 0
    outer loop
      vertex 4.40227 324.614 2
      vertex 4.55526 324.927 4
      vertex 4.55526 324.927 2
    endloop
  endfacet
  facet normal -0.898421 0.439135 0
    outer loop
      vertex 4.55526 324.927 4
      vertex 4.40227 324.614 2
      vertex 4.40227 324.614 4
    endloop
  endfacet
  facet normal 0.994513 -0.10461 0
    outer loop
      vertex 13.9213 321.884 4
      vertex 13.9578 322.231 2
      vertex 13.9578 322.231 4
    endloop
  endfacet
  facet normal 0.994513 -0.10461 0
    outer loop
      vertex 13.9578 322.231 2
      vertex 13.9213 321.884 4
      vertex 13.9213 321.884 2
    endloop
  endfacet
  facet normal 0.529999 0.847998 -0
    outer loop
      vertex 11.766 326.725 2
      vertex 11.47 326.91 4
      vertex 11.766 326.725 4
    endloop
  endfacet
  facet normal 0.529999 0.847998 0
    outer loop
      vertex 11.47 326.91 4
      vertex 11.766 326.725 2
      vertex 11.47 326.91 2
    endloop
  endfacet
  facet normal -0.742695 0.66963 0
    outer loop
      vertex 5.13978 325.794 2
      vertex 5.3733 326.053 4
      vertex 5.3733 326.053 2
    endloop
  endfacet
  facet normal -0.742695 0.66963 0
    outer loop
      vertex 5.3733 326.053 4
      vertex 5.13978 325.794 2
      vertex 5.13978 325.794 4
    endloop
  endfacet
  facet normal -0.209116 0.977891 0
    outer loop
      vertex 8.10176 327.504 2
      vertex 7.76039 327.431 4
      vertex 8.10176 327.504 4
    endloop
  endfacet
  facet normal -0.209116 0.977891 0
    outer loop
      vertex 7.76039 327.431 4
      vertex 8.10176 327.504 2
      vertex 7.76039 327.431 2
    endloop
  endfacet
  facet normal 0.469874 -0.882733 0
    outer loop
      vertex 11.1619 318.086 2
      vertex 11.47 318.25 4
      vertex 11.1619 318.086 4
    endloop
  endfacet
  facet normal 0.469874 -0.882733 0
    outer loop
      vertex 11.47 318.25 4
      vertex 11.1619 318.086 2
      vertex 11.47 318.25 2
    endloop
  endfacet
  facet normal 0.927288 0.374349 0
    outer loop
      vertex 13.6685 324.29 4
      vertex 13.5377 324.614 2
      vertex 13.5377 324.614 4
    endloop
  endfacet
  facet normal 0.927288 0.374349 0
    outer loop
      vertex 13.5377 324.614 2
      vertex 13.6685 324.29 4
      vertex 13.6685 324.29 2
    endloop
  endfacet
  facet normal 0.787946 0.615744 0
    outer loop
      vertex 13.0151 325.519 4
      vertex 12.8002 325.794 2
      vertex 12.8002 325.794 4
    endloop
  endfacet
  facet normal 0.787946 0.615744 0
    outer loop
      vertex 12.8002 325.794 2
      vertex 13.0151 325.519 4
      vertex 13.0151 325.519 2
    endloop
  endfacet
  facet normal 0.695564 0.718464 -0
    outer loop
      vertex 12.5667 326.053 2
      vertex 12.3157 326.296 4
      vertex 12.5667 326.053 4
    endloop
  endfacet
  facet normal 0.695564 0.718464 0
    outer loop
      vertex 12.3157 326.296 4
      vertex 12.5667 326.053 2
      vertex 12.3157 326.296 2
    endloop
  endfacet
  facet normal 0 1 -0
    outer loop
      vertex 9.1445 327.577 2
      vertex 8.7955 327.577 4
      vertex 9.1445 327.577 4
    endloop
  endfacet
  facet normal 0 1 0
    outer loop
      vertex 8.7955 327.577 4
      vertex 9.1445 327.577 2
      vertex 8.7955 327.577 2
    endloop
  endfacet
  facet normal 0.2751 0.961416 -0
    outer loop
      vertex 10.5151 327.335 2
      vertex 10.1796 327.431 4
      vertex 10.5151 327.335 4
    endloop
  endfacet
  facet normal 0.2751 0.961416 0
    outer loop
      vertex 10.1796 327.431 4
      vertex 10.5151 327.335 2
      vertex 10.1796 327.431 2
    endloop
  endfacet
  facet normal 0.209122 0.97789 -0
    outer loop
      vertex 10.1796 327.431 2
      vertex 9.83824 327.504 4
      vertex 10.1796 327.431 4
    endloop
  endfacet
  facet normal 0.209122 0.97789 0
    outer loop
      vertex 9.83824 327.504 4
      vertex 10.1796 327.431 2
      vertex 9.83824 327.504 2
    endloop
  endfacet
  facet normal 0.469874 0.882733 -0
    outer loop
      vertex 11.47 326.91 2
      vertex 11.1619 327.074 4
      vertex 11.47 326.91 4
    endloop
  endfacet
  facet normal 0.469874 0.882733 0
    outer loop
      vertex 11.1619 327.074 4
      vertex 11.47 326.91 2
      vertex 11.1619 327.074 2
    endloop
  endfacet
  facet normal 0.587592 0.809157 -0
    outer loop
      vertex 12.0483 326.52 2
      vertex 11.766 326.725 4
      vertex 12.0483 326.52 4
    endloop
  endfacet
  facet normal 0.587592 0.809157 0
    outer loop
      vertex 11.766 326.725 4
      vertex 12.0483 326.52 2
      vertex 11.766 326.725 2
    endloop
  endfacet
  facet normal -0.994519 0.104553 0
    outer loop
      vertex 3.98218 322.929 2
      vertex 4.01866 323.276 4
      vertex 4.01866 323.276 2
    endloop
  endfacet
  facet normal -0.994519 0.104553 0
    outer loop
      vertex 4.01866 323.276 4
      vertex 3.98218 322.929 2
      vertex 3.98218 322.929 4
    endloop
  endfacet
  facet normal -0.927357 0.374177 0
    outer loop
      vertex 4.27154 324.29 2
      vertex 4.40227 324.614 4
      vertex 4.40227 324.614 2
    endloop
  endfacet
  facet normal -0.927357 0.374177 0
    outer loop
      vertex 4.40227 324.614 4
      vertex 4.27154 324.29 2
      vertex 4.27154 324.29 4
    endloop
  endfacet
  facet normal -0.97019 0.242347 0
    outer loop
      vertex 4.07926 323.62 2
      vertex 4.16369 323.958 4
      vertex 4.16369 323.958 2
    endloop
  endfacet
  facet normal -0.97019 0.242347 0
    outer loop
      vertex 4.16369 323.958 4
      vertex 4.07926 323.62 2
      vertex 4.07926 323.62 4
    endloop
  endfacet
  facet normal -0.787988 0.615691 0
    outer loop
      vertex 4.92491 325.519 2
      vertex 5.13978 325.794 4
      vertex 5.13978 325.794 2
    endloop
  endfacet
  facet normal -0.787988 0.615691 0
    outer loop
      vertex 5.13978 325.794 4
      vertex 4.92491 325.519 2
      vertex 4.92491 325.519 4
    endloop
  endfacet
  facet normal -0.275115 0.961411 0
    outer loop
      vertex 7.76039 327.431 2
      vertex 7.42491 327.335 4
      vertex 7.76039 327.431 4
    endloop
  endfacet
  facet normal -0.275115 0.961411 0
    outer loop
      vertex 7.42491 327.335 4
      vertex 7.76039 327.431 2
      vertex 7.42491 327.335 2
    endloop
  endfacet
  facet normal -0.0687746 0.997632 0
    outer loop
      vertex 8.7955 327.577 2
      vertex 8.44736 327.553 4
      vertex 8.7955 327.577 4
    endloop
  endfacet
  facet normal -0.0687746 0.997632 0
    outer loop
      vertex 8.44736 327.553 4
      vertex 8.7955 327.577 2
      vertex 8.44736 327.553 2
    endloop
  endfacet
  facet normal -0.53005 0.847966 0
    outer loop
      vertex 6.47 326.91 2
      vertex 6.17404 326.725 4
      vertex 6.47 326.91 4
    endloop
  endfacet
  facet normal -0.53005 0.847966 0
    outer loop
      vertex 6.17404 326.725 4
      vertex 6.47 326.91 2
      vertex 6.17404 326.725 2
    endloop
  endfacet
  facet normal -0.469827 0.882759 0
    outer loop
      vertex 6.77814 327.074 2
      vertex 6.47 326.91 4
      vertex 6.77814 327.074 4
    endloop
  endfacet
  facet normal -0.469827 0.882759 0
    outer loop
      vertex 6.47 326.91 4
      vertex 6.77814 327.074 2
      vertex 6.47 326.91 2
    endloop
  endfacet
  facet normal -0.695493 0.718533 0
    outer loop
      vertex 5.62435 326.296 2
      vertex 5.3733 326.053 4
      vertex 5.62435 326.296 4
    endloop
  endfacet
  facet normal -0.695493 0.718533 0
    outer loop
      vertex 5.3733 326.053 4
      vertex 5.62435 326.296 2
      vertex 5.3733 326.053 2
    endloop
  endfacet
  facet normal 0.99939 0.0349357 0
    outer loop
      vertex 13.97 322.58 4
      vertex 13.9578 322.929 2
      vertex 13.9578 322.929 4
    endloop
  endfacet
  facet normal 0.99939 0.0349357 0
    outer loop
      vertex 13.9578 322.929 2
      vertex 13.97 322.58 4
      vertex 13.97 322.58 2
    endloop
  endfacet
  facet normal -0.898421 -0.439135 0
    outer loop
      vertex 4.55526 320.233 2
      vertex 4.40227 320.546 4
      vertex 4.40227 320.546 2
    endloop
  endfacet
  facet normal -0.898421 -0.439135 0
    outer loop
      vertex 4.40227 320.546 4
      vertex 4.55526 320.233 2
      vertex 4.55526 320.233 4
    endloop
  endfacet
  facet normal 0.89841 0.439159 0
    outer loop
      vertex 13.5377 324.614 4
      vertex 13.3847 324.927 2
      vertex 13.3847 324.927 4
    endloop
  endfacet
  facet normal 0.89841 0.439159 0
    outer loop
      vertex 13.3847 324.927 2
      vertex 13.5377 324.614 4
      vertex 13.5377 324.614 2
    endloop
  endfacet
  facet normal 0.984835 0.173491 0
    outer loop
      vertex 13.9213 323.276 4
      vertex 13.8607 323.62 2
      vertex 13.8607 323.62 4
    endloop
  endfacet
  facet normal 0.984835 0.173491 0
    outer loop
      vertex 13.8607 323.62 2
      vertex 13.9213 323.276 4
      vertex 13.9213 323.276 2
    endloop
  endfacet
  facet normal 0.97021 0.242265 0
    outer loop
      vertex 13.8607 323.62 4
      vertex 13.7763 323.958 2
      vertex 13.7763 323.958 4
    endloop
  endfacet
  facet normal 0.97021 0.242265 0
    outer loop
      vertex 13.7763 323.958 2
      vertex 13.8607 323.62 4
      vertex 13.8607 323.62 2
    endloop
  endfacet
  facet normal 0.828815 0.559522 0
    outer loop
      vertex 13.2102 325.23 4
      vertex 13.0151 325.519 2
      vertex 13.0151 325.519 4
    endloop
  endfacet
  facet normal 0.828815 0.559522 0
    outer loop
      vertex 13.0151 325.519 2
      vertex 13.2102 325.23 4
      vertex 13.2102 325.23 2
    endloop
  endfacet
  facet normal 0.742724 0.669598 0
    outer loop
      vertex 12.8002 325.794 4
      vertex 12.5667 326.053 2
      vertex 12.5667 326.053 4
    endloop
  endfacet
  facet normal 0.742724 0.669598 0
    outer loop
      vertex 12.5667 326.053 2
      vertex 12.8002 325.794 4
      vertex 12.8002 325.794 2
    endloop
  endfacet
  facet normal 0.140378 0.990098 -0
    outer loop
      vertex 9.83824 327.504 2
      vertex 9.49264 327.553 4
      vertex 9.83824 327.504 4
    endloop
  endfacet
  facet normal 0.140378 0.990098 0
    outer loop
      vertex 9.49264 327.553 4
      vertex 9.83824 327.504 2
      vertex 9.49264 327.553 2
    endloop
  endfacet
  facet normal 0.0687746 0.997632 -0
    outer loop
      vertex 9.49264 327.553 2
      vertex 9.1445 327.577 4
      vertex 9.49264 327.553 4
    endloop
  endfacet
  facet normal 0.0687746 0.997632 0
    outer loop
      vertex 9.1445 327.577 4
      vertex 9.49264 327.553 2
      vertex 9.1445 327.577 2
    endloop
  endfacet
  facet normal 0.406776 0.913528 -0
    outer loop
      vertex 11.1619 327.074 2
      vertex 10.843 327.216 4
      vertex 11.1619 327.074 4
    endloop
  endfacet
  facet normal 0.406776 0.913528 0
    outer loop
      vertex 10.843 327.216 4
      vertex 11.1619 327.074 2
      vertex 10.843 327.216 2
    endloop
  endfacet
  facet normal 0.642156 0.766574 -0
    outer loop
      vertex 12.3157 326.296 2
      vertex 12.0483 326.52 4
      vertex 12.3157 326.296 4
    endloop
  endfacet
  facet normal 0.642156 0.766574 0
    outer loop
      vertex 12.0483 326.52 4
      vertex 12.3157 326.296 2
      vertex 12.0483 326.52 2
    endloop
  endfacet
  facet normal -0.999392 0.0348785 0
    outer loop
      vertex 3.97 322.58 2
      vertex 3.98218 322.929 4
      vertex 3.98218 322.929 2
    endloop
  endfacet
  facet normal -0.999392 0.0348785 0
    outer loop
      vertex 3.98218 322.929 4
      vertex 3.97 322.58 2
      vertex 3.97 322.58 4
    endloop
  endfacet
  facet normal -0.984835 0.173491 0
    outer loop
      vertex 4.01866 323.276 2
      vertex 4.07926 323.62 4
      vertex 4.07926 323.62 2
    endloop
  endfacet
  facet normal -0.984835 0.173491 0
    outer loop
      vertex 4.07926 323.62 4
      vertex 4.01866 323.276 2
      vertex 4.01866 323.276 4
    endloop
  endfacet
  facet normal -0.951076 0.308957 0
    outer loop
      vertex 4.16369 323.958 2
      vertex 4.27154 324.29 4
      vertex 4.27154 324.29 2
    endloop
  endfacet
  facet normal -0.951076 0.308957 0
    outer loop
      vertex 4.27154 324.29 4
      vertex 4.16369 323.958 2
      vertex 4.16369 323.958 4
    endloop
  endfacet
  facet normal -0.828749 0.559621 0
    outer loop
      vertex 4.72976 325.23 2
      vertex 4.92491 325.519 4
      vertex 4.92491 325.519 2
    endloop
  endfacet
  facet normal -0.828749 0.559621 0
    outer loop
      vertex 4.92491 325.519 4
      vertex 4.72976 325.23 2
      vertex 4.72976 325.23 4
    endloop
  endfacet
  facet normal -0.866566 0.499062 0
    outer loop
      vertex 4.55526 324.927 2
      vertex 4.72976 325.23 4
      vertex 4.72976 325.23 2
    endloop
  endfacet
  facet normal -0.866566 0.499062 0
    outer loop
      vertex 4.72976 325.23 4
      vertex 4.55526 324.927 2
      vertex 4.55526 324.927 4
    endloop
  endfacet
  facet normal -0.341108 0.940024 0
    outer loop
      vertex 7.42491 327.335 2
      vertex 7.09697 327.216 4
      vertex 7.42491 327.335 4
    endloop
  endfacet
  facet normal -0.341108 0.940024 0
    outer loop
      vertex 7.09697 327.216 4
      vertex 7.42491 327.335 2
      vertex 7.09697 327.216 2
    endloop
  endfacet
  facet normal -0.140378 0.990098 0
    outer loop
      vertex 8.44736 327.553 2
      vertex 8.10176 327.504 4
      vertex 8.44736 327.553 4
    endloop
  endfacet
  facet normal -0.140378 0.990098 0
    outer loop
      vertex 8.10176 327.504 4
      vertex 8.44736 327.553 2
      vertex 8.10176 327.504 2
    endloop
  endfacet
  facet normal -0.642241 0.766503 0
    outer loop
      vertex 5.89169 326.52 2
      vertex 5.62435 326.296 4
      vertex 5.89169 326.52 4
    endloop
  endfacet
  facet normal -0.642241 0.766503 0
    outer loop
      vertex 5.62435 326.296 4
      vertex 5.89169 326.52 2
      vertex 5.62435 326.296 2
    endloop
  endfacet
  facet normal -0.587524 0.809207 0
    outer loop
      vertex 6.17404 326.725 2
      vertex 5.89169 326.52 4
      vertex 6.17404 326.725 4
    endloop
  endfacet
  facet normal -0.587524 0.809207 0
    outer loop
      vertex 5.89169 326.52 4
      vertex 6.17404 326.725 2
      vertex 5.89169 326.52 2
    endloop
  endfacet
  facet normal 0.99939 -0.0349357 0
    outer loop
      vertex 13.9578 322.231 4
      vertex 13.97 322.58 2
      vertex 13.97 322.58 4
    endloop
  endfacet
  facet normal 0.99939 -0.0349357 0
    outer loop
      vertex 13.97 322.58 2
      vertex 13.9578 322.231 4
      vertex 13.9578 322.231 2
    endloop
  endfacet
  facet normal 0.984835 -0.173491 0
    outer loop
      vertex 13.8607 321.54 4
      vertex 13.9213 321.884 2
      vertex 13.9213 321.884 4
    endloop
  endfacet
  facet normal 0.984835 -0.173491 0
    outer loop
      vertex 13.9213 321.884 2
      vertex 13.8607 321.54 4
      vertex 13.8607 321.54 2
    endloop
  endfacet
  facet normal 0.695564 -0.718464 0
    outer loop
      vertex 12.3157 318.864 2
      vertex 12.5667 319.107 4
      vertex 12.3157 318.864 4
    endloop
  endfacet
  facet normal 0.695564 -0.718464 0
    outer loop
      vertex 12.5667 319.107 4
      vertex 12.3157 318.864 2
      vertex 12.5667 319.107 2
    endloop
  endfacet
  facet normal 0.787946 -0.615744 0
    outer loop
      vertex 12.8002 319.366 4
      vertex 13.0151 319.641 2
      vertex 13.0151 319.641 4
    endloop
  endfacet
  facet normal 0.787946 -0.615744 0
    outer loop
      vertex 13.0151 319.641 2
      vertex 12.8002 319.366 4
      vertex 12.8002 319.366 2
    endloop
  endfacet
  facet normal 0.89841 -0.439159 0
    outer loop
      vertex 13.3847 320.233 4
      vertex 13.5377 320.546 2
      vertex 13.5377 320.546 4
    endloop
  endfacet
  facet normal 0.89841 -0.439159 0
    outer loop
      vertex 13.5377 320.546 2
      vertex 13.3847 320.233 4
      vertex 13.3847 320.233 2
    endloop
  endfacet
  facet normal -0.927357 -0.374177 0
    outer loop
      vertex 4.40227 320.546 2
      vertex 4.27154 320.87 4
      vertex 4.27154 320.87 2
    endloop
  endfacet
  facet normal -0.927357 -0.374177 0
    outer loop
      vertex 4.27154 320.87 4
      vertex 4.40227 320.546 2
      vertex 4.40227 320.546 4
    endloop
  endfacet
  facet normal -0.97019 -0.242347 0
    outer loop
      vertex 4.16369 321.202 2
      vertex 4.07926 321.54 4
      vertex 4.07926 321.54 2
    endloop
  endfacet
  facet normal -0.97019 -0.242347 0
    outer loop
      vertex 4.07926 321.54 4
      vertex 4.16369 321.202 2
      vertex 4.16369 321.202 4
    endloop
  endfacet
  facet normal 0.0687746 -0.997632 0
    outer loop
      vertex 9.1445 317.583 2
      vertex 9.49264 317.607 4
      vertex 9.1445 317.583 4
    endloop
  endfacet
  facet normal 0.0687746 -0.997632 0
    outer loop
      vertex 9.49264 317.607 4
      vertex 9.1445 317.583 2
      vertex 9.49264 317.607 2
    endloop
  endfacet
  facet normal 0.341145 -0.940011 0
    outer loop
      vertex 10.5151 317.825 2
      vertex 10.843 317.944 4
      vertex 10.5151 317.825 4
    endloop
  endfacet
  facet normal 0.341145 -0.940011 0
    outer loop
      vertex 10.843 317.944 4
      vertex 10.5151 317.825 2
      vertex 10.843 317.944 2
    endloop
  endfacet
  facet normal 0.406776 -0.913528 0
    outer loop
      vertex 10.843 317.944 2
      vertex 11.1619 318.086 4
      vertex 10.843 317.944 4
    endloop
  endfacet
  facet normal 0.406776 -0.913528 0
    outer loop
      vertex 11.1619 318.086 4
      vertex 10.843 317.944 2
      vertex 11.1619 318.086 2
    endloop
  endfacet
  facet normal 0.951118 0.308827 0
    outer loop
      vertex 13.7763 323.958 4
      vertex 13.6685 324.29 2
      vertex 13.6685 324.29 4
    endloop
  endfacet
  facet normal 0.951118 0.308827 0
    outer loop
      vertex 13.6685 324.29 2
      vertex 13.7763 323.958 4
      vertex 13.7763 323.958 2
    endloop
  endfacet
  facet normal 0.994513 0.10461 0
    outer loop
      vertex 13.9578 322.929 4
      vertex 13.9213 323.276 2
      vertex 13.9213 323.276 4
    endloop
  endfacet
  facet normal 0.994513 0.10461 0
    outer loop
      vertex 13.9213 323.276 2
      vertex 13.9578 322.929 4
      vertex 13.9578 322.929 2
    endloop
  endfacet
  facet normal 0 0 1
    outer loop
      vertex 8.97 325.467 4
      vertex 11.47 326.91 4
      vertex 11.1619 327.074 4
    endloop
  endfacet
  facet normal 0 0 1
    outer loop
      vertex 8.97 325.467 4
      vertex 11.1619 327.074 4
      vertex 10.843 327.216 4
    endloop
  endfacet
  facet normal 0 0 1
    outer loop
      vertex 8.97 325.467 4
      vertex 10.843 327.216 4
      vertex 10.5151 327.335 4
    endloop
  endfacet
  facet normal 0 0 1
    outer loop
      vertex 8.97 325.467 4
      vertex 10.5151 327.335 4
      vertex 10.1796 327.431 4
    endloop
  endfacet
  facet normal 0 0 1
    outer loop
      vertex 8.97 325.467 4
      vertex 10.1796 327.431 4
      vertex 9.83824 327.504 4
    endloop
  endfacet
  facet normal 0 0 1
    outer loop
      vertex 8.97 325.467 4
      vertex 9.83824 327.504 4
      vertex 9.49264 327.553 4
    endloop
  endfacet
  facet normal 0 0 1
    outer loop
      vertex 8.97 325.467 4
      vertex 9.49264 327.553 4
      vertex 9.1445 327.577 4
    endloop
  endfacet
  facet normal 0 0 1
    outer loop
      vertex 11.47 326.91 4
      vertex 8.97 325.467 4
      vertex 11.47 324.023 4
    endloop
  endfacet
  facet normal -0 0 1
    outer loop
      vertex 8.7955 327.577 4
      vertex 8.97 325.467 4
      vertex 9.1445 327.577 4
    endloop
  endfacet
  facet normal -0 0 1
    outer loop
      vertex 8.44736 327.553 4
      vertex 8.97 325.467 4
      vertex 8.7955 327.577 4
    endloop
  endfacet
  facet normal -0 0 1
    outer loop
      vertex 8.10176 327.504 4
      vertex 8.97 325.467 4
      vertex 8.44736 327.553 4
    endloop
  endfacet
  facet normal -0 0 1
    outer loop
      vertex 7.76039 327.431 4
      vertex 8.97 325.467 4
      vertex 8.10176 327.504 4
    endloop
  endfacet
  facet normal -0 0 1
    outer loop
      vertex 7.42491 327.335 4
      vertex 8.97 325.467 4
      vertex 7.76039 327.431 4
    endloop
  endfacet
  facet normal -0 0 1
    outer loop
      vertex 7.09697 327.216 4
      vertex 8.97 325.467 4
      vertex 7.42491 327.335 4
    endloop
  endfacet
  facet normal -0 0 1
    outer loop
      vertex 6.77814 327.074 4
      vertex 8.97 325.467 4
      vertex 7.09697 327.216 4
    endloop
  endfacet
  facet normal -0 0 1
    outer loop
      vertex 6.47 326.91 4
      vertex 8.97 325.467 4
      vertex 6.77814 327.074 4
    endloop
  endfacet
  facet normal 0 0 1
    outer loop
      vertex 6.47 326.91 4
      vertex 6.47 324.023 4
      vertex 8.97 325.467 4
    endloop
  endfacet
  facet normal -0 0 1
    outer loop
      vertex 6.17404 326.725 4
      vertex 6.47 324.023 4
      vertex 6.47 326.91 4
    endloop
  endfacet
  facet normal -0 0 1
    outer loop
      vertex 5.89169 326.52 4
      vertex 6.47 324.023 4
      vertex 6.17404 326.725 4
    endloop
  endfacet
  facet normal -0 0 1
    outer loop
      vertex 5.62435 326.296 4
      vertex 6.47 324.023 4
      vertex 5.89169 326.52 4
    endloop
  endfacet
  facet normal 0 0 1
    outer loop
      vertex 6.47 321.137 4
      vertex 6.17404 318.435 4
      vertex 6.47 318.25 4
    endloop
  endfacet
  facet normal -0 0 1
    outer loop
      vertex 5.3733 326.053 4
      vertex 6.47 324.023 4
      vertex 5.62435 326.296 4
    endloop
  endfacet
  facet normal 0 0 1
    outer loop
      vertex 6.47 321.137 4
      vertex 5.89169 318.64 4
      vertex 6.17404 318.435 4
    endloop
  endfacet
  facet normal -0 0 1
    outer loop
      vertex 5.13978 325.794 4
      vertex 6.47 324.023 4
      vertex 5.3733 326.053 4
    endloop
  endfacet
  facet normal 0 0 1
    outer loop
      vertex 6.47 321.137 4
      vertex 5.62435 318.864 4
      vertex 5.89169 318.64 4
    endloop
  endfacet
  facet normal -0 0 1
    outer loop
      vertex 4.92491 325.519 4
      vertex 6.47 324.023 4
      vertex 5.13978 325.794 4
    endloop
  endfacet
  facet normal 0 0 1
    outer loop
      vertex 6.47 321.137 4
      vertex 5.3733 319.107 4
      vertex 5.62435 318.864 4
    endloop
  endfacet
  facet normal -0 0 1
    outer loop
      vertex 4.72976 325.23 4
      vertex 6.47 324.023 4
      vertex 4.92491 325.519 4
    endloop
  endfacet
  facet normal 0 0 1
    outer loop
      vertex 6.47 321.137 4
      vertex 5.13978 319.366 4
      vertex 5.3733 319.107 4
    endloop
  endfacet
  facet normal -0 0 1
    outer loop
      vertex 4.55526 324.927 4
      vertex 6.47 324.023 4
      vertex 4.72976 325.23 4
    endloop
  endfacet
  facet normal 0 0 1
    outer loop
      vertex 6.47 321.137 4
      vertex 4.92491 319.641 4
      vertex 5.13978 319.366 4
    endloop
  endfacet
  facet normal -0 0 1
    outer loop
      vertex 4.40227 324.614 4
      vertex 6.47 324.023 4
      vertex 4.55526 324.927 4
    endloop
  endfacet
  facet normal 0 0 1
    outer loop
      vertex 6.47 321.137 4
      vertex 4.72976 319.93 4
      vertex 4.92491 319.641 4
    endloop
  endfacet
  facet normal -0 0 1
    outer loop
      vertex 4.27154 324.29 4
      vertex 6.47 324.023 4
      vertex 4.40227 324.614 4
    endloop
  endfacet
  facet normal 0 0 1
    outer loop
      vertex 6.47 321.137 4
      vertex 4.55526 320.233 4
      vertex 4.72976 319.93 4
    endloop
  endfacet
  facet normal 0 0 1
    outer loop
      vertex 4.16369 323.958 4
      vertex 6.47 324.023 4
      vertex 4.27154 324.29 4
    endloop
  endfacet
  facet normal 0 0 1
    outer loop
      vertex 6.47 321.137 4
      vertex 4.40227 320.546 4
      vertex 4.55526 320.233 4
    endloop
  endfacet
  facet normal 0 0 1
    outer loop
      vertex 4.07926 323.62 4
      vertex 6.47 324.023 4
      vertex 4.16369 323.958 4
    endloop
  endfacet
  facet normal 0 0 1
    outer loop
      vertex 6.47 321.137 4
      vertex 4.27154 320.87 4
      vertex 4.40227 320.546 4
    endloop
  endfacet
  facet normal 0 0 1
    outer loop
      vertex 4.01866 323.276 4
      vertex 6.47 324.023 4
      vertex 4.07926 323.62 4
    endloop
  endfacet
  facet normal 0 0 1
    outer loop
      vertex 6.47 321.137 4
      vertex 4.16369 321.202 4
      vertex 4.27154 320.87 4
    endloop
  endfacet
  facet normal 0 0 1
    outer loop
      vertex 3.98218 322.929 4
      vertex 6.47 324.023 4
      vertex 4.01866 323.276 4
    endloop
  endfacet
  facet normal 0 0 1
    outer loop
      vertex 6.47 321.137 4
      vertex 4.07926 321.54 4
      vertex 4.16369 321.202 4
    endloop
  endfacet
  facet normal 0 0 1
    outer loop
      vertex 3.97 322.58 4
      vertex 6.47 324.023 4
      vertex 3.98218 322.929 4
    endloop
  endfacet
  facet normal 0 0 1
    outer loop
      vertex 6.47 321.137 4
      vertex 4.01866 321.884 4
      vertex 4.07926 321.54 4
    endloop
  endfacet
  facet normal 0 0 1
    outer loop
      vertex 6.47 324.023 4
      vertex 3.97 322.58 4
      vertex 6.47 321.137 4
    endloop
  endfacet
  facet normal 0 0 1
    outer loop
      vertex 6.47 321.137 4
      vertex 3.98218 322.231 4
      vertex 4.01866 321.884 4
    endloop
  endfacet
  facet normal 0 0 1
    outer loop
      vertex 6.47 321.137 4
      vertex 3.97 322.58 4
      vertex 3.98218 322.231 4
    endloop
  endfacet
  facet normal 0 0 1
    outer loop
      vertex 11.47 324.023 4
      vertex 13.97 322.58 4
      vertex 13.9578 322.929 4
    endloop
  endfacet
  facet normal 0 0 1
    outer loop
      vertex 11.47 324.023 4
      vertex 13.9578 322.929 4
      vertex 13.9213 323.276 4
    endloop
  endfacet
  facet normal 0 0 1
    outer loop
      vertex 11.47 321.137 4
      vertex 13.97 322.58 4
      vertex 11.47 324.023 4
    endloop
  endfacet
  facet normal 0 0 1
    outer loop
      vertex 11.47 324.023 4
      vertex 13.9213 323.276 4
      vertex 13.8607 323.62 4
    endloop
  endfacet
  facet normal 0 0 1
    outer loop
      vertex 13.97 322.58 4
      vertex 11.47 321.137 4
      vertex 13.9578 322.231 4
    endloop
  endfacet
  facet normal 0 0 1
    outer loop
      vertex 11.47 324.023 4
      vertex 13.8607 323.62 4
      vertex 13.7763 323.958 4
    endloop
  endfacet
  facet normal 0 0 1
    outer loop
      vertex 13.9578 322.231 4
      vertex 11.47 321.137 4
      vertex 13.9213 321.884 4
    endloop
  endfacet
  facet normal -0 0 1
    outer loop
      vertex 11.47 324.023 4
      vertex 13.7763 323.958 4
      vertex 13.6685 324.29 4
    endloop
  endfacet
  facet normal 0 0 1
    outer loop
      vertex 13.9213 321.884 4
      vertex 11.47 321.137 4
      vertex 13.8607 321.54 4
    endloop
  endfacet
  facet normal 0 0 1
    outer loop
      vertex 11.47 324.023 4
      vertex 13.6685 324.29 4
      vertex 13.5377 324.614 4
    endloop
  endfacet
  facet normal 0 0 1
    outer loop
      vertex 13.8607 321.54 4
      vertex 11.47 321.137 4
      vertex 13.7763 321.202 4
    endloop
  endfacet
  facet normal 0 0 1
    outer loop
      vertex 11.47 324.023 4
      vertex 13.5377 324.614 4
      vertex 13.3847 324.927 4
    endloop
  endfacet
  facet normal 0 0 1
    outer loop
      vertex 13.7763 321.202 4
      vertex 11.47 321.137 4
      vertex 13.6685 320.87 4
    endloop
  endfacet
  facet normal 0 0 1
    outer loop
      vertex 11.47 324.023 4
      vertex 13.3847 324.927 4
      vertex 13.2102 325.23 4
    endloop
  endfacet
  facet normal 0 0 1
    outer loop
      vertex 13.6685 320.87 4
      vertex 11.47 321.137 4
      vertex 13.5377 320.546 4
    endloop
  endfacet
  facet normal 0 0 1
    outer loop
      vertex 11.47 324.023 4
      vertex 13.2102 325.23 4
      vertex 13.0151 325.519 4
    endloop
  endfacet
  facet normal 0 0 1
    outer loop
      vertex 13.5377 320.546 4
      vertex 11.47 321.137 4
      vertex 13.3847 320.233 4
    endloop
  endfacet
  facet normal 0 0 1
    outer loop
      vertex 11.47 324.023 4
      vertex 13.0151 325.519 4
      vertex 12.8002 325.794 4
    endloop
  endfacet
  facet normal 0 0 1
    outer loop
      vertex 13.3847 320.233 4
      vertex 11.47 321.137 4
      vertex 13.2102 319.93 4
    endloop
  endfacet
  facet normal 0 0 1
    outer loop
      vertex 11.47 324.023 4
      vertex 12.8002 325.794 4
      vertex 12.5667 326.053 4
    endloop
  endfacet
  facet normal 0 0 1
    outer loop
      vertex 13.2102 319.93 4
      vertex 11.47 321.137 4
      vertex 13.0151 319.641 4
    endloop
  endfacet
  facet normal 0 0 1
    outer loop
      vertex 11.47 324.023 4
      vertex 12.5667 326.053 4
      vertex 12.3157 326.296 4
    endloop
  endfacet
  facet normal 0 0 1
    outer loop
      vertex 13.0151 319.641 4
      vertex 11.47 321.137 4
      vertex 12.8002 319.366 4
    endloop
  endfacet
  facet normal 0 0 1
    outer loop
      vertex 11.47 324.023 4
      vertex 12.3157 326.296 4
      vertex 12.0483 326.52 4
    endloop
  endfacet
  facet normal 0 0 1
    outer loop
      vertex 12.8002 319.366 4
      vertex 11.47 321.137 4
      vertex 12.5667 319.107 4
    endloop
  endfacet
  facet normal 0 0 1
    outer loop
      vertex 11.47 324.023 4
      vertex 12.0483 326.52 4
      vertex 11.766 326.725 4
    endloop
  endfacet
  facet normal 0 0 1
    outer loop
      vertex 12.5667 319.107 4
      vertex 11.47 321.137 4
      vertex 12.3157 318.864 4
    endloop
  endfacet
  facet normal 0 0 1
    outer loop
      vertex 11.47 324.023 4
      vertex 11.766 326.725 4
      vertex 11.47 326.91 4
    endloop
  endfacet
  facet normal 0 0 1
    outer loop
      vertex 12.3157 318.864 4
      vertex 11.47 321.137 4
      vertex 12.0483 318.64 4
    endloop
  endfacet
  facet normal 0 0 1
    outer loop
      vertex 12.0483 318.64 4
      vertex 11.47 321.137 4
      vertex 11.766 318.435 4
    endloop
  endfacet
  facet normal 0 0 1
    outer loop
      vertex 11.47 321.137 4
      vertex 11.47 318.25 4
      vertex 11.766 318.435 4
    endloop
  endfacet
  facet normal -0 0 1
    outer loop
      vertex 8.97 319.693 4
      vertex 11.47 318.25 4
      vertex 11.47 321.137 4
    endloop
  endfacet
  facet normal 0 0 1
    outer loop
      vertex 11.47 318.25 4
      vertex 8.97 319.693 4
      vertex 11.1619 318.086 4
    endloop
  endfacet
  facet normal 0 0 1
    outer loop
      vertex 11.1619 318.086 4
      vertex 8.97 319.693 4
      vertex 10.843 317.944 4
    endloop
  endfacet
  facet normal 0 0 1
    outer loop
      vertex 10.843 317.944 4
      vertex 8.97 319.693 4
      vertex 10.5151 317.825 4
    endloop
  endfacet
  facet normal 0 0 1
    outer loop
      vertex 10.5151 317.825 4
      vertex 8.97 319.693 4
      vertex 10.1796 317.729 4
    endloop
  endfacet
  facet normal 0 0 1
    outer loop
      vertex 10.1796 317.729 4
      vertex 8.97 319.693 4
      vertex 9.83824 317.656 4
    endloop
  endfacet
  facet normal 0 0 1
    outer loop
      vertex 9.83824 317.656 4
      vertex 8.97 319.693 4
      vertex 9.49264 317.607 4
    endloop
  endfacet
  facet normal 0 0 1
    outer loop
      vertex 9.49264 317.607 4
      vertex 8.97 319.693 4
      vertex 9.1445 317.583 4
    endloop
  endfacet
  facet normal 0 0 1
    outer loop
      vertex 8.97 319.693 4
      vertex 8.7955 317.583 4
      vertex 9.1445 317.583 4
    endloop
  endfacet
  facet normal 0 0 1
    outer loop
      vertex 8.97 319.693 4
      vertex 8.44736 317.607 4
      vertex 8.7955 317.583 4
    endloop
  endfacet
  facet normal 0 0 1
    outer loop
      vertex 8.97 319.693 4
      vertex 8.10176 317.656 4
      vertex 8.44736 317.607 4
    endloop
  endfacet
  facet normal 0 0 1
    outer loop
      vertex 8.97 319.693 4
      vertex 7.76039 317.729 4
      vertex 8.10176 317.656 4
    endloop
  endfacet
  facet normal 0 0 1
    outer loop
      vertex 8.97 319.693 4
      vertex 7.42491 317.825 4
      vertex 7.76039 317.729 4
    endloop
  endfacet
  facet normal 0 0 1
    outer loop
      vertex 8.97 319.693 4
      vertex 7.09697 317.944 4
      vertex 7.42491 317.825 4
    endloop
  endfacet
  facet normal 0 0 1
    outer loop
      vertex 8.97 319.693 4
      vertex 6.77814 318.086 4
      vertex 7.09697 317.944 4
    endloop
  endfacet
  facet normal 0 0 1
    outer loop
      vertex 6.47 318.25 4
      vertex 8.97 319.693 4
      vertex 6.47 321.137 4
    endloop
  endfacet
  facet normal 0 0 1
    outer loop
      vertex 8.97 319.693 4
      vertex 6.47 318.25 4
      vertex 6.77814 318.086 4
    endloop
  endfacet
  facet normal 0.951118 -0.308827 0
    outer loop
      vertex 13.6685 320.87 4
      vertex 13.7763 321.202 2
      vertex 13.7763 321.202 4
    endloop
  endfacet
  facet normal 0.951118 -0.308827 0
    outer loop
      vertex 13.7763 321.202 2
      vertex 13.6685 320.87 4
      vertex 13.6685 320.87 2
    endloop
  endfacet
  facet normal 0.587592 -0.809157 0
    outer loop
      vertex 11.766 318.435 2
      vertex 12.0483 318.64 4
      vertex 11.766 318.435 4
    endloop
  endfacet
  facet normal 0.587592 -0.809157 0
    outer loop
      vertex 12.0483 318.64 4
      vertex 11.766 318.435 2
      vertex 12.0483 318.64 2
    endloop
  endfacet
  facet normal 0.642156 -0.766574 0
    outer loop
      vertex 12.0483 318.64 2
      vertex 12.3157 318.864 4
      vertex 12.0483 318.64 4
    endloop
  endfacet
  facet normal 0.642156 -0.766574 0
    outer loop
      vertex 12.3157 318.864 4
      vertex 12.0483 318.64 2
      vertex 12.3157 318.864 2
    endloop
  endfacet
  facet normal 0.927288 -0.374349 0
    outer loop
      vertex 13.5377 320.546 4
      vertex 13.6685 320.87 2
      vertex 13.6685 320.87 4
    endloop
  endfacet
  facet normal 0.927288 -0.374349 0
    outer loop
      vertex 13.6685 320.87 2
      vertex 13.5377 320.546 4
      vertex 13.5377 320.546 2
    endloop
  endfacet
  facet normal 0.828815 -0.559522 0
    outer loop
      vertex 13.0151 319.641 4
      vertex 13.2102 319.93 2
      vertex 13.2102 319.93 4
    endloop
  endfacet
  facet normal 0.828815 -0.559522 0
    outer loop
      vertex 13.2102 319.93 2
      vertex 13.0151 319.641 4
      vertex 13.0151 319.641 2
    endloop
  endfacet
  facet normal 0.866566 -0.499062 0
    outer loop
      vertex 13.2102 319.93 4
      vertex 13.3847 320.233 2
      vertex 13.3847 320.233 4
    endloop
  endfacet
  facet normal 0.866566 -0.499062 0
    outer loop
      vertex 13.3847 320.233 2
      vertex 13.2102 319.93 4
      vertex 13.2102 319.93 2
    endloop
  endfacet
  facet normal -0.275115 -0.961411 0
    outer loop
      vertex 7.42491 317.825 2
      vertex 7.76039 317.729 4
      vertex 7.42491 317.825 4
    endloop
  endfacet
  facet normal -0.275115 -0.961411 -0
    outer loop
      vertex 7.76039 317.729 4
      vertex 7.42491 317.825 2
      vertex 7.76039 317.729 2
    endloop
  endfacet
  facet normal 0 -1 0
    outer loop
      vertex 8.7955 317.583 2
      vertex 9.1445 317.583 4
      vertex 8.7955 317.583 4
    endloop
  endfacet
  facet normal 0 -1 -0
    outer loop
      vertex 9.1445 317.583 4
      vertex 8.7955 317.583 2
      vertex 9.1445 317.583 2
    endloop
  endfacet
  facet normal -0.999392 -0.0348785 0
    outer loop
      vertex 3.98218 322.231 2
      vertex 3.97 322.58 4
      vertex 3.97 322.58 2
    endloop
  endfacet
  facet normal -0.999392 -0.0348785 0
    outer loop
      vertex 3.97 322.58 4
      vertex 3.98218 322.231 2
      vertex 3.98218 322.231 4
    endloop
  endfacet
  facet normal -0.787988 -0.615691 0
    outer loop
      vertex 5.13978 319.366 2
      vertex 4.92491 319.641 4
      vertex 4.92491 319.641 2
    endloop
  endfacet
  facet normal -0.787988 -0.615691 0
    outer loop
      vertex 4.92491 319.641 4
      vertex 5.13978 319.366 2
      vertex 5.13978 319.366 4
    endloop
  endfacet
  facet normal -0.984835 -0.173491 0
    outer loop
      vertex 4.07926 321.54 2
      vertex 4.01866 321.884 4
      vertex 4.01866 321.884 2
    endloop
  endfacet
  facet normal -0.984835 -0.173491 0
    outer loop
      vertex 4.01866 321.884 4
      vertex 4.07926 321.54 2
      vertex 4.07926 321.54 4
    endloop
  endfacet
  facet normal 0.140378 -0.990098 0
    outer loop
      vertex 9.49264 317.607 2
      vertex 9.83824 317.656 4
      vertex 9.49264 317.607 4
    endloop
  endfacet
  facet normal 0.140378 -0.990098 0
    outer loop
      vertex 9.83824 317.656 4
      vertex 9.49264 317.607 2
      vertex 9.83824 317.656 2
    endloop
  endfacet
  facet normal 0.2751 -0.961416 0
    outer loop
      vertex 10.1796 317.729 2
      vertex 10.5151 317.825 4
      vertex 10.1796 317.729 4
    endloop
  endfacet
  facet normal 0.2751 -0.961416 0
    outer loop
      vertex 10.5151 317.825 4
      vertex 10.1796 317.729 2
      vertex 10.5151 317.825 2
    endloop
  endfacet
  facet normal 0.97021 -0.242265 0
    outer loop
      vertex 13.7763 321.202 4
      vertex 13.8607 321.54 2
      vertex 13.8607 321.54 4
    endloop
  endfacet
  facet normal 0.97021 -0.242265 0
    outer loop
      vertex 13.8607 321.54 2
      vertex 13.7763 321.202 4
      vertex 13.7763 321.202 2
    endloop
  endfacet
  facet normal 0.742724 -0.669598 0
    outer loop
      vertex 12.5667 319.107 4
      vertex 12.8002 319.366 2
      vertex 12.8002 319.366 4
    endloop
  endfacet
  facet normal 0.742724 -0.669598 0
    outer loop
      vertex 12.8002 319.366 2
      vertex 12.5667 319.107 4
      vertex 12.5667 319.107 2
    endloop
  endfacet
  facet normal 0.529999 -0.847998 0
    outer loop
      vertex 11.47 318.25 2
      vertex 11.766 318.435 4
      vertex 11.47 318.25 4
    endloop
  endfacet
  facet normal 0.529999 -0.847998 0
    outer loop
      vertex 11.766 318.435 4
      vertex 11.47 318.25 2
      vertex 11.766 318.435 2
    endloop
  endfacet
  facet normal -0.469827 -0.882759 0
    outer loop
      vertex 6.47 318.25 2
      vertex 6.77814 318.086 4
      vertex 6.47 318.25 4
    endloop
  endfacet
  facet normal -0.469827 -0.882759 -0
    outer loop
      vertex 6.77814 318.086 4
      vertex 6.47 318.25 2
      vertex 6.77814 318.086 2
    endloop
  endfacet
  facet normal -0.53005 -0.847966 0
    outer loop
      vertex 6.17404 318.435 2
      vertex 6.47 318.25 4
      vertex 6.17404 318.435 4
    endloop
  endfacet
  facet normal -0.53005 -0.847966 -0
    outer loop
      vertex 6.47 318.25 4
      vertex 6.17404 318.435 2
      vertex 6.47 318.25 2
    endloop
  endfacet
  facet normal -0.209116 -0.977891 0
    outer loop
      vertex 7.76039 317.729 2
      vertex 8.10176 317.656 4
      vertex 7.76039 317.729 4
    endloop
  endfacet
  facet normal -0.209116 -0.977891 -0
    outer loop
      vertex 8.10176 317.656 4
      vertex 7.76039 317.729 2
      vertex 8.10176 317.656 2
    endloop
  endfacet
  facet normal -0.406851 -0.913495 0
    outer loop
      vertex 6.77814 318.086 2
      vertex 7.09697 317.944 4
      vertex 6.77814 318.086 4
    endloop
  endfacet
  facet normal -0.406851 -0.913495 -0
    outer loop
      vertex 7.09697 317.944 4
      vertex 6.77814 318.086 2
      vertex 7.09697 317.944 2
    endloop
  endfacet
  facet normal -0.341108 -0.940024 0
    outer loop
      vertex 7.09697 317.944 2
      vertex 7.42491 317.825 4
      vertex 7.09697 317.944 4
    endloop
  endfacet
  facet normal -0.341108 -0.940024 -0
    outer loop
      vertex 7.42491 317.825 4
      vertex 7.09697 317.944 2
      vertex 7.42491 317.825 2
    endloop
  endfacet
  facet normal -0.866566 -0.499062 0
    outer loop
      vertex 4.72976 319.93 2
      vertex 4.55526 320.233 4
      vertex 4.55526 320.233 2
    endloop
  endfacet
  facet normal -0.866566 -0.499062 0
    outer loop
      vertex 4.55526 320.233 4
      vertex 4.72976 319.93 2
      vertex 4.72976 319.93 4
    endloop
  endfacet
  facet normal -0.828749 -0.559621 0
    outer loop
      vertex 4.92491 319.641 2
      vertex 4.72976 319.93 4
      vertex 4.72976 319.93 2
    endloop
  endfacet
  facet normal -0.828749 -0.559621 0
    outer loop
      vertex 4.72976 319.93 4
      vertex 4.92491 319.641 2
      vertex 4.92491 319.641 4
    endloop
  endfacet
  facet normal -0.742695 -0.66963 0
    outer loop
      vertex 5.3733 319.107 2
      vertex 5.13978 319.366 4
      vertex 5.13978 319.366 2
    endloop
  endfacet
  facet normal -0.742695 -0.66963 0
    outer loop
      vertex 5.13978 319.366 4
      vertex 5.3733 319.107 2
      vertex 5.3733 319.107 4
    endloop
  endfacet
  facet normal -0.695493 -0.718533 0
    outer loop
      vertex 5.3733 319.107 2
      vertex 5.62435 318.864 4
      vertex 5.3733 319.107 4
    endloop
  endfacet
  facet normal -0.695493 -0.718533 -0
    outer loop
      vertex 5.62435 318.864 4
      vertex 5.3733 319.107 2
      vertex 5.62435 318.864 2
    endloop
  endfacet
  facet normal -0.994519 -0.104553 0
    outer loop
      vertex 4.01866 321.884 2
      vertex 3.98218 322.231 4
      vertex 3.98218 322.231 2
    endloop
  endfacet
  facet normal -0.994519 -0.104553 0
    outer loop
      vertex 3.98218 322.231 4
      vertex 4.01866 321.884 2
      vertex 4.01866 321.884 4
    endloop
  endfacet
  facet normal -0.951076 -0.308957 0
    outer loop
      vertex 4.27154 320.87 2
      vertex 4.16369 321.202 4
      vertex 4.16369 321.202 2
    endloop
  endfacet
  facet normal -0.951076 -0.308957 0
    outer loop
      vertex 4.16369 321.202 4
      vertex 4.27154 320.87 2
      vertex 4.27154 320.87 4
    endloop
  endfacet
  facet normal 0.209122 -0.97789 0
    outer loop
      vertex 9.83824 317.656 2
      vertex 10.1796 317.729 4
      vertex 9.83824 317.656 4
    endloop
  endfacet
  facet normal 0.209122 -0.97789 0
    outer loop
      vertex 10.1796 317.729 4
      vertex 9.83824 317.656 2
      vertex 10.1796 317.729 2
    endloop
  endfacet
  facet normal -0.587524 -0.809207 0
    outer loop
      vertex 5.89169 318.64 2
      vertex 6.17404 318.435 4
      vertex 5.89169 318.64 4
    endloop
  endfacet
  facet normal -0.587524 -0.809207 -0
    outer loop
      vertex 6.17404 318.435 4
      vertex 5.89169 318.64 2
      vertex 6.17404 318.435 2
    endloop
  endfacet
  facet normal -0.642241 -0.766503 0
    outer loop
      vertex 5.62435 318.864 2
      vertex 5.89169 318.64 4
      vertex 5.62435 318.864 4
    endloop
  endfacet
  facet normal -0.642241 -0.766503 -0
    outer loop
      vertex 5.89169 318.64 4
      vertex 5.62435 318.864 2
      vertex 5.89169 318.64 2
    endloop
  endfacet
  facet normal -0.0687746 -0.997632 0
    outer loop
      vertex 8.44736 317.607 2
      vertex 8.7955 317.583 4
      vertex 8.44736 317.607 4
    endloop
  endfacet
  facet normal -0.0687746 -0.997632 -0
    outer loop
      vertex 8.7955 317.583 4
      vertex 8.44736 317.607 2
      vertex 8.7955 317.583 2
    endloop
  endfacet
  facet normal -0.140378 -0.990098 0
    outer loop
      vertex 8.10176 317.656 2
      vertex 8.44736 317.607 4
      vertex 8.10176 317.656 4
    endloop
  endfacet
  facet normal -0.140378 -0.990098 -0
    outer loop
      vertex 8.44736 317.607 4
      vertex 8.10176 317.656 2
      vertex 8.44736 317.607 2
    endloop
  endfacet
  facet normal -0.867009 -0.498292 0
    outer loop
      vertex 10.2944 323.284 2.3
      vertex 10.2421 323.375 10
      vertex 10.2421 323.375 2.3
    endloop
  endfacet
  facet normal -0.867009 -0.498292 0
    outer loop
      vertex 10.2421 323.375 10
      vertex 10.2944 323.284 2.3
      vertex 10.2944 323.284 10
    endloop
  endfacet
  facet normal -0.410028 -0.912073 0
    outer loop
      vertex 9.53191 323.971 2.3
      vertex 9.62756 323.928 10
      vertex 9.53191 323.971 10
    endloop
  endfacet
  facet normal -0.410028 -0.912073 -0
    outer loop
      vertex 9.62756 323.928 10
      vertex 9.53191 323.971 2.3
      vertex 9.62756 323.928 2.3
    endloop
  endfacet
  facet normal 0.343612 -0.939112 0
    outer loop
      vertex 8.40809 323.971 2.3
      vertex 8.50648 324.007 10
      vertex 8.40809 323.971 10
    endloop
  endfacet
  facet normal 0.343612 -0.939112 0
    outer loop
      vertex 8.50648 324.007 10
      vertex 8.40809 323.971 2.3
      vertex 8.50648 324.007 2.3
    endloop
  endfacet
  facet normal 0.590661 -0.80692 0
    outer loop
      vertex 8.04651 323.762 2.3
      vertex 8.13121 323.824 10
      vertex 8.04651 323.762 10
    endloop
  endfacet
  facet normal 0.590661 -0.80692 0
    outer loop
      vertex 8.13121 323.824 10
      vertex 8.04651 323.762 2.3
      vertex 8.13121 323.824 2.3
    endloop
  endfacet
  facet normal -0.984745 -0.174003 0
    outer loop
      vertex 10.4554 322.789 2.3
      vertex 10.4372 322.892 10
      vertex 10.4372 322.892 2.3
    endloop
  endfacet
  facet normal -0.984745 -0.174003 0
    outer loop
      vertex 10.4372 322.892 10
      vertex 10.4554 322.789 2.3
      vertex 10.4554 322.789 10
    endloop
  endfacet
  facet normal -0.970029 -0.242988 0
    outer loop
      vertex 10.4372 322.892 2.3
      vertex 10.4119 322.993 10
      vertex 10.4119 322.993 2.3
    endloop
  endfacet
  facet normal -0.970029 -0.242988 0
    outer loop
      vertex 10.4119 322.993 10
      vertex 10.4372 322.892 2.3
      vertex 10.4372 322.892 10
    endloop
  endfacet
  facet normal -0.829401 -0.558654 0
    outer loop
      vertex 10.2421 323.375 2.3
      vertex 10.1835 323.462 10
      vertex 10.1835 323.462 2.3
    endloop
  endfacet
  facet normal -0.829401 -0.558654 0
    outer loop
      vertex 10.1835 323.462 10
      vertex 10.2421 323.375 2.3
      vertex 10.2421 323.375 10
    endloop
  endfacet
  facet normal -0.696056 -0.717987 0
    outer loop
      vertex 9.9737 323.695 2.3
      vertex 10.049 323.622 10
      vertex 9.9737 323.695 10
    endloop
  endfacet
  facet normal -0.696056 -0.717987 -0
    outer loop
      vertex 10.049 323.622 10
      vertex 9.9737 323.695 2.3
      vertex 10.049 323.622 2.3
    endloop
  endfacet
  facet normal -0.743768 -0.668438 0
    outer loop
      vertex 10.1191 323.544 2.3
      vertex 10.049 323.622 10
      vertex 10.049 323.622 2.3
    endloop
  endfacet
  facet normal -0.743768 -0.668438 0
    outer loop
      vertex 10.049 323.622 10
      vertex 10.1191 323.544 2.3
      vertex 10.1191 323.544 10
    endloop
  endfacet
  facet normal -0.210031 -0.977695 0
    outer loop
      vertex 9.23047 324.057 2.3
      vertex 9.33288 324.035 10
      vertex 9.23047 324.057 10
    endloop
  endfacet
  facet normal -0.210031 -0.977695 -0
    outer loop
      vertex 9.33288 324.035 10
      vertex 9.23047 324.057 2.3
      vertex 9.33288 324.035 2.3
    endloop
  endfacet
  facet normal -0.590661 -0.80692 0
    outer loop
      vertex 9.80879 323.824 2.3
      vertex 9.89349 323.762 10
      vertex 9.80879 323.824 10
    endloop
  endfacet
  facet normal -0.590661 -0.80692 -0
    outer loop
      vertex 9.89349 323.762 10
      vertex 9.80879 323.824 2.3
      vertex 9.89349 323.762 2.3
    endloop
  endfacet
  facet normal -0.468344 -0.883546 0
    outer loop
      vertex 9.62756 323.928 2.3
      vertex 9.72 323.879 10
      vertex 9.62756 323.928 10
    endloop
  endfacet
  facet normal -0.468344 -0.883546 -0
    outer loop
      vertex 9.72 323.879 10
      vertex 9.62756 323.928 2.3
      vertex 9.72 323.879 2.3
    endloop
  endfacet
  facet normal -0.526595 -0.850116 0
    outer loop
      vertex 9.72 323.879 2.3
      vertex 9.80879 323.824 10
      vertex 9.72 323.879 10
    endloop
  endfacet
  facet normal -0.526595 -0.850116 -0
    outer loop
      vertex 9.80879 323.824 10
      vertex 9.72 323.879 2.3
      vertex 9.80879 323.824 2.3
    endloop
  endfacet
  facet normal 0.999396 -0.0347409 0
    outer loop
      vertex 7.47 322.58 10
      vertex 7.47365 322.685 2.3
      vertex 7.47365 322.685 10
    endloop
  endfacet
  facet normal 0.999396 -0.0347409 0
    outer loop
      vertex 7.47365 322.685 2.3
      vertex 7.47 322.58 10
      vertex 7.47 322.58 2.3
    endloop
  endfacet
  facet normal 0.969961 -0.243259 0
    outer loop
      vertex 7.50278 322.892 10
      vertex 7.52811 322.993 2.3
      vertex 7.52811 322.993 10
    endloop
  endfacet
  facet normal 0.969961 -0.243259 0
    outer loop
      vertex 7.52811 322.993 2.3
      vertex 7.50278 322.892 10
      vertex 7.50278 322.892 2.3
    endloop
  endfacet
  facet normal 0.994503 -0.10471 0
    outer loop
      vertex 7.47365 322.685 10
      vertex 7.4846 322.789 2.3
      vertex 7.4846 322.789 10
    endloop
  endfacet
  facet normal 0.994503 -0.10471 0
    outer loop
      vertex 7.4846 322.789 2.3
      vertex 7.47365 322.685 10
      vertex 7.47365 322.685 2.3
    endloop
  endfacet
  facet normal 0.786172 -0.618008 0
    outer loop
      vertex 7.75647 323.462 10
      vertex 7.82093 323.544 2.3
      vertex 7.82093 323.544 10
    endloop
  endfacet
  facet normal 0.786172 -0.618008 0
    outer loop
      vertex 7.82093 323.544 2.3
      vertex 7.75647 323.462 10
      vertex 7.75647 323.462 2.3
    endloop
  endfacet
  facet normal 0.829666 -0.55826 0
    outer loop
      vertex 7.69793 323.375 10
      vertex 7.75647 323.462 2.3
      vertex 7.75647 323.462 10
    endloop
  endfacet
  facet normal 0.829666 -0.55826 0
    outer loop
      vertex 7.75647 323.462 2.3
      vertex 7.69793 323.375 10
      vertex 7.69793 323.375 2.3
    endloop
  endfacet
  facet normal 0.0668741 -0.997761 0
    outer loop
      vertex 8.81321 324.072 2.3
      vertex 8.91765 324.079 10
      vertex 8.81321 324.072 10
    endloop
  endfacet
  facet normal 0.0668741 -0.997761 0
    outer loop
      vertex 8.91765 324.079 10
      vertex 8.81321 324.072 2.3
      vertex 8.91765 324.079 2.3
    endloop
  endfacet
  facet normal 0.268039 -0.963408 0
    outer loop
      vertex 8.50648 324.007 2.3
      vertex 8.60712 324.035 10
      vertex 8.50648 324.007 10
    endloop
  endfacet
  facet normal 0.268039 -0.963408 0
    outer loop
      vertex 8.60712 324.035 10
      vertex 8.50648 324.007 2.3
      vertex 8.60712 324.035 2.3
    endloop
  endfacet
  facet normal 0.468344 -0.883546 0
    outer loop
      vertex 8.22 323.879 2.3
      vertex 8.31244 323.928 10
      vertex 8.22 323.879 10
    endloop
  endfacet
  facet normal 0.468344 -0.883546 0
    outer loop
      vertex 8.31244 323.928 10
      vertex 8.22 323.879 2.3
      vertex 8.31244 323.928 2.3
    endloop
  endfacet
  facet normal 0.526595 -0.850116 0
    outer loop
      vertex 8.13121 323.824 2.3
      vertex 8.22 323.879 10
      vertex 8.13121 323.824 10
    endloop
  endfacet
  facet normal 0.526595 -0.850116 0
    outer loop
      vertex 8.22 323.879 10
      vertex 8.13121 323.824 2.3
      vertex 8.22 323.879 2.3
    endloop
  endfacet
  facet normal 0.696009 -0.718033 0
    outer loop
      vertex 7.89099 323.622 2.3
      vertex 7.9663 323.695 10
      vertex 7.89099 323.622 10
    endloop
  endfacet
  facet normal 0.696009 -0.718033 0
    outer loop
      vertex 7.9663 323.695 10
      vertex 7.89099 323.622 2.3
      vertex 7.9663 323.695 2.3
    endloop
  endfacet
  facet normal -0.99938 -0.0352162 0
    outer loop
      vertex 10.47 322.58 2.3
      vertex 10.4663 322.685 10
      vertex 10.4663 322.685 2.3
    endloop
  endfacet
  facet normal -0.99938 -0.0352162 0
    outer loop
      vertex 10.4663 322.685 10
      vertex 10.47 322.58 2.3
      vertex 10.47 322.58 10
    endloop
  endfacet
  facet normal 0.829666 0.55826 0
    outer loop
      vertex 7.75647 321.698 10
      vertex 7.69793 321.785 2.3
      vertex 7.69793 321.785 10
    endloop
  endfacet
  facet normal 0.829666 0.55826 0
    outer loop
      vertex 7.69793 321.785 2.3
      vertex 7.75647 321.698 10
      vertex 7.75647 321.698 2.3
    endloop
  endfacet
  facet normal 0.969961 0.243259 0
    outer loop
      vertex 7.52811 322.167 10
      vertex 7.50278 322.268 2.3
      vertex 7.50278 322.268 10
    endloop
  endfacet
  facet normal 0.969961 0.243259 0
    outer loop
      vertex 7.50278 322.268 2.3
      vertex 7.52811 322.167 10
      vertex 7.52811 322.167 2.3
    endloop
  endfacet
  facet normal -0.268014 0.963415 0
    outer loop
      vertex 9.43353 321.153 2.3
      vertex 9.33288 321.125 10
      vertex 9.43353 321.153 10
    endloop
  endfacet
  facet normal -0.268014 0.963415 0
    outer loop
      vertex 9.33288 321.125 10
      vertex 9.43353 321.153 2.3
      vertex 9.33288 321.125 2.3
    endloop
  endfacet
  facet normal -0.994553 -0.104237 0
    outer loop
      vertex 10.4663 322.685 2.3
      vertex 10.4554 322.789 10
      vertex 10.4554 322.789 2.3
    endloop
  endfacet
  facet normal -0.994553 -0.104237 0
    outer loop
      vertex 10.4554 322.789 10
      vertex 10.4663 322.685 2.3
      vertex 10.4663 322.685 10
    endloop
  endfacet
  facet normal -0.951313 -0.308226 0
    outer loop
      vertex 10.4119 322.993 2.3
      vertex 10.3795 323.093 10
      vertex 10.3795 323.093 2.3
    endloop
  endfacet
  facet normal -0.951313 -0.308226 0
    outer loop
      vertex 10.3795 323.093 10
      vertex 10.4119 322.993 2.3
      vertex 10.4119 322.993 10
    endloop
  endfacet
  facet normal 0 -1 0
    outer loop
      vertex 8.91765 324.079 2.3
      vertex 9.02235 324.079 10
      vertex 8.91765 324.079 10
    endloop
  endfacet
  facet normal 0 -1 -0
    outer loop
      vertex 9.02235 324.079 10
      vertex 8.91765 324.079 2.3
      vertex 9.02235 324.079 2.3
    endloop
  endfacet
  facet normal -0.143185 -0.989696 0
    outer loop
      vertex 9.12679 324.072 2.3
      vertex 9.23047 324.057 10
      vertex 9.12679 324.072 10
    endloop
  endfacet
  facet normal -0.143185 -0.989696 -0
    outer loop
      vertex 9.23047 324.057 10
      vertex 9.12679 324.072 2.3
      vertex 9.23047 324.057 2.3
    endloop
  endfacet
  facet normal -0.268014 -0.963415 0
    outer loop
      vertex 9.33288 324.035 2.3
      vertex 9.43353 324.007 10
      vertex 9.33288 324.035 10
    endloop
  endfacet
  facet normal -0.268014 -0.963415 -0
    outer loop
      vertex 9.43353 324.007 10
      vertex 9.33288 324.035 2.3
      vertex 9.43353 324.007 2.3
    endloop
  endfacet
  facet normal -0.641078 -0.767476 0
    outer loop
      vertex 9.89349 323.762 2.3
      vertex 9.9737 323.695 10
      vertex 9.89349 323.762 10
    endloop
  endfacet
  facet normal -0.641078 -0.767476 -0
    outer loop
      vertex 9.9737 323.695 10
      vertex 9.89349 323.762 2.3
      vertex 9.9737 323.695 2.3
    endloop
  endfacet
  facet normal 0.951453 -0.307795 0
    outer loop
      vertex 7.52811 322.993 10
      vertex 7.56046 323.093 2.3
      vertex 7.56046 323.093 10
    endloop
  endfacet
  facet normal 0.951453 -0.307795 0
    outer loop
      vertex 7.56046 323.093 2.3
      vertex 7.52811 322.993 10
      vertex 7.52811 322.993 2.3
    endloop
  endfacet
  facet normal 0.984778 -0.173818 0
    outer loop
      vertex 7.4846 322.789 10
      vertex 7.50278 322.892 2.3
      vertex 7.50278 322.892 10
    endloop
  endfacet
  facet normal 0.984778 -0.173818 0
    outer loop
      vertex 7.50278 322.892 2.3
      vertex 7.4846 322.789 10
      vertex 7.4846 322.789 2.3
    endloop
  endfacet
  facet normal 0.927086 -0.374849 0
    outer loop
      vertex 7.56046 323.093 10
      vertex 7.59968 323.19 2.3
      vertex 7.59968 323.19 10
    endloop
  endfacet
  facet normal 0.927086 -0.374849 0
    outer loop
      vertex 7.59968 323.19 2.3
      vertex 7.56046 323.093 10
      vertex 7.56046 323.093 2.3
    endloop
  endfacet
  facet normal 0.866803 -0.49865 0
    outer loop
      vertex 7.64558 323.284 10
      vertex 7.69793 323.375 2.3
      vertex 7.69793 323.375 10
    endloop
  endfacet
  facet normal 0.866803 -0.49865 0
    outer loop
      vertex 7.69793 323.375 2.3
      vertex 7.64558 323.284 10
      vertex 7.64558 323.284 2.3
    endloop
  endfacet
  facet normal 0.743958 -0.668227 0
    outer loop
      vertex 7.82093 323.544 10
      vertex 7.89099 323.622 2.3
      vertex 7.89099 323.622 10
    endloop
  endfacet
  facet normal 0.743958 -0.668227 0
    outer loop
      vertex 7.89099 323.622 2.3
      vertex 7.82093 323.544 10
      vertex 7.82093 323.544 2.3
    endloop
  endfacet
  facet normal 0.143185 -0.989696 0
    outer loop
      vertex 8.70953 324.057 2.3
      vertex 8.81321 324.072 10
      vertex 8.70953 324.057 10
    endloop
  endfacet
  facet normal 0.143185 -0.989696 0
    outer loop
      vertex 8.81321 324.072 10
      vertex 8.70953 324.057 2.3
      vertex 8.81321 324.072 2.3
    endloop
  endfacet
  facet normal 0.210031 -0.977695 0
    outer loop
      vertex 8.60712 324.035 2.3
      vertex 8.70953 324.057 10
      vertex 8.60712 324.035 10
    endloop
  endfacet
  facet normal 0.210031 -0.977695 0
    outer loop
      vertex 8.70953 324.057 10
      vertex 8.60712 324.035 2.3
      vertex 8.70953 324.057 2.3
    endloop
  endfacet
  facet normal 0.410028 -0.912073 0
    outer loop
      vertex 8.31244 323.928 2.3
      vertex 8.40809 323.971 10
      vertex 8.31244 323.928 10
    endloop
  endfacet
  facet normal 0.410028 -0.912073 0
    outer loop
      vertex 8.40809 323.971 10
      vertex 8.31244 323.928 2.3
      vertex 8.40809 323.971 2.3
    endloop
  endfacet
  facet normal 0.641078 -0.767476 0
    outer loop
      vertex 7.9663 323.695 2.3
      vertex 8.04651 323.762 10
      vertex 7.9663 323.695 10
    endloop
  endfacet
  facet normal 0.641078 -0.767476 0
    outer loop
      vertex 8.04651 323.762 10
      vertex 7.9663 323.695 2.3
      vertex 8.04651 323.762 2.3
    endloop
  endfacet
  facet normal -0.984745 0.174003 0
    outer loop
      vertex 10.4372 322.268 2.3
      vertex 10.4554 322.371 10
      vertex 10.4554 322.371 2.3
    endloop
  endfacet
  facet normal -0.984745 0.174003 0
    outer loop
      vertex 10.4554 322.371 10
      vertex 10.4372 322.268 2.3
      vertex 10.4372 322.268 10
    endloop
  endfacet
  facet normal -0.951313 0.308226 0
    outer loop
      vertex 10.3795 322.067 2.3
      vertex 10.4119 322.167 10
      vertex 10.4119 322.167 2.3
    endloop
  endfacet
  facet normal -0.951313 0.308226 0
    outer loop
      vertex 10.4119 322.167 10
      vertex 10.3795 322.067 2.3
      vertex 10.3795 322.067 10
    endloop
  endfacet
  facet normal -0.867009 0.498292 0
    outer loop
      vertex 10.2421 321.785 2.3
      vertex 10.2944 321.876 10
      vertex 10.2944 321.876 2.3
    endloop
  endfacet
  facet normal -0.867009 0.498292 0
    outer loop
      vertex 10.2944 321.876 10
      vertex 10.2421 321.785 2.3
      vertex 10.2421 321.785 10
    endloop
  endfacet
  facet normal 0.999396 0.0347409 0
    outer loop
      vertex 7.47365 322.475 10
      vertex 7.47 322.58 2.3
      vertex 7.47 322.58 10
    endloop
  endfacet
  facet normal 0.999396 0.0347409 0
    outer loop
      vertex 7.47 322.58 2.3
      vertex 7.47365 322.475 10
      vertex 7.47365 322.475 2.3
    endloop
  endfacet
  facet normal 0.951453 0.307795 0
    outer loop
      vertex 7.56046 322.067 10
      vertex 7.52811 322.167 2.3
      vertex 7.52811 322.167 10
    endloop
  endfacet
  facet normal 0.951453 0.307795 0
    outer loop
      vertex 7.52811 322.167 2.3
      vertex 7.56046 322.067 10
      vertex 7.56046 322.067 2.3
    endloop
  endfacet
  facet normal -0.0668741 0.997761 0
    outer loop
      vertex 9.12679 321.088 2.3
      vertex 9.02235 321.081 10
      vertex 9.12679 321.088 10
    endloop
  endfacet
  facet normal -0.0668741 0.997761 0
    outer loop
      vertex 9.02235 321.081 10
      vertex 9.12679 321.088 2.3
      vertex 9.02235 321.081 2.3
    endloop
  endfacet
  facet normal -0.210031 0.977695 0
    outer loop
      vertex 9.33288 321.125 2.3
      vertex 9.23047 321.103 10
      vertex 9.33288 321.125 10
    endloop
  endfacet
  facet normal -0.210031 0.977695 0
    outer loop
      vertex 9.23047 321.103 10
      vertex 9.33288 321.125 2.3
      vertex 9.23047 321.103 2.3
    endloop
  endfacet
  facet normal -0.143185 0.989696 0
    outer loop
      vertex 9.23047 321.103 2.3
      vertex 9.12679 321.088 10
      vertex 9.23047 321.103 10
    endloop
  endfacet
  facet normal -0.143185 0.989696 0
    outer loop
      vertex 9.12679 321.088 10
      vertex 9.23047 321.103 2.3
      vertex 9.12679 321.088 2.3
    endloop
  endfacet
  facet normal -0.343643 0.9391 0
    outer loop
      vertex 9.53191 321.189 2.3
      vertex 9.43353 321.153 10
      vertex 9.53191 321.189 10
    endloop
  endfacet
  facet normal -0.343643 0.9391 0
    outer loop
      vertex 9.43353 321.153 10
      vertex 9.53191 321.189 2.3
      vertex 9.43353 321.153 2.3
    endloop
  endfacet
  facet normal -0.898594 -0.438781 0
    outer loop
      vertex 10.3403 323.19 2.3
      vertex 10.2944 323.284 10
      vertex 10.2944 323.284 2.3
    endloop
  endfacet
  facet normal -0.898594 -0.438781 0
    outer loop
      vertex 10.2944 323.284 10
      vertex 10.3403 323.19 2.3
      vertex 10.3403 323.19 10
    endloop
  endfacet
  facet normal -0.927152 -0.374684 0
    outer loop
      vertex 10.3795 323.093 2.3
      vertex 10.3403 323.19 10
      vertex 10.3403 323.19 2.3
    endloop
  endfacet
  facet normal -0.927152 -0.374684 0
    outer loop
      vertex 10.3403 323.19 10
      vertex 10.3795 323.093 2.3
      vertex 10.3795 323.093 10
    endloop
  endfacet
  facet normal -0.786451 -0.617652 0
    outer loop
      vertex 10.1835 323.462 2.3
      vertex 10.1191 323.544 10
      vertex 10.1191 323.544 2.3
    endloop
  endfacet
  facet normal -0.786451 -0.617652 0
    outer loop
      vertex 10.1191 323.544 10
      vertex 10.1835 323.462 2.3
      vertex 10.1835 323.462 10
    endloop
  endfacet
  facet normal -0.0668741 -0.997761 0
    outer loop
      vertex 9.02235 324.079 2.3
      vertex 9.12679 324.072 10
      vertex 9.02235 324.079 10
    endloop
  endfacet
  facet normal -0.0668741 -0.997761 -0
    outer loop
      vertex 9.12679 324.072 10
      vertex 9.02235 324.079 2.3
      vertex 9.12679 324.072 2.3
    endloop
  endfacet
  facet normal -0.343643 -0.9391 0
    outer loop
      vertex 9.43353 324.007 2.3
      vertex 9.53191 323.971 10
      vertex 9.43353 324.007 10
    endloop
  endfacet
  facet normal -0.343643 -0.9391 -0
    outer loop
      vertex 9.53191 323.971 10
      vertex 9.43353 324.007 2.3
      vertex 9.53191 323.971 2.3
    endloop
  endfacet
  facet normal 0.898594 -0.438781 0
    outer loop
      vertex 7.59968 323.19 10
      vertex 7.64558 323.284 2.3
      vertex 7.64558 323.284 10
    endloop
  endfacet
  facet normal 0.898594 -0.438781 0
    outer loop
      vertex 7.64558 323.284 2.3
      vertex 7.59968 323.19 10
      vertex 7.59968 323.19 2.3
    endloop
  endfacet
  facet normal -0.99938 0.0352162 0
    outer loop
      vertex 10.4663 322.475 2.3
      vertex 10.47 322.58 10
      vertex 10.47 322.58 2.3
    endloop
  endfacet
  facet normal -0.99938 0.0352162 0
    outer loop
      vertex 10.47 322.58 10
      vertex 10.4663 322.475 2.3
      vertex 10.4663 322.475 10
    endloop
  endfacet
  facet normal -0.970029 0.242988 0
    outer loop
      vertex 10.4119 322.167 2.3
      vertex 10.4372 322.268 10
      vertex 10.4372 322.268 2.3
    endloop
  endfacet
  facet normal -0.970029 0.242988 0
    outer loop
      vertex 10.4372 322.268 10
      vertex 10.4119 322.167 2.3
      vertex 10.4119 322.167 10
    endloop
  endfacet
  facet normal -0.410028 0.912073 0
    outer loop
      vertex 9.62756 321.232 2.3
      vertex 9.53191 321.189 10
      vertex 9.62756 321.232 10
    endloop
  endfacet
  facet normal -0.410028 0.912073 0
    outer loop
      vertex 9.53191 321.189 10
      vertex 9.62756 321.232 2.3
      vertex 9.53191 321.189 2.3
    endloop
  endfacet
  facet normal -0.468344 0.883546 0
    outer loop
      vertex 9.72 321.281 2.3
      vertex 9.62756 321.232 10
      vertex 9.72 321.281 10
    endloop
  endfacet
  facet normal -0.468344 0.883546 0
    outer loop
      vertex 9.62756 321.232 10
      vertex 9.72 321.281 2.3
      vertex 9.62756 321.232 2.3
    endloop
  endfacet
  facet normal -0.743768 0.668438 0
    outer loop
      vertex 10.049 321.538 2.3
      vertex 10.1191 321.616 10
      vertex 10.1191 321.616 2.3
    endloop
  endfacet
  facet normal -0.743768 0.668438 0
    outer loop
      vertex 10.1191 321.616 10
      vertex 10.049 321.538 2.3
      vertex 10.049 321.538 10
    endloop
  endfacet
  facet normal -0.927152 0.374684 0
    outer loop
      vertex 10.3403 321.97 2.3
      vertex 10.3795 322.067 10
      vertex 10.3795 322.067 2.3
    endloop
  endfacet
  facet normal -0.927152 0.374684 0
    outer loop
      vertex 10.3795 322.067 10
      vertex 10.3403 321.97 2.3
      vertex 10.3403 321.97 10
    endloop
  endfacet
  facet normal -0.898594 0.438781 0
    outer loop
      vertex 10.2944 321.876 2.3
      vertex 10.3403 321.97 10
      vertex 10.3403 321.97 2.3
    endloop
  endfacet
  facet normal -0.898594 0.438781 0
    outer loop
      vertex 10.3403 321.97 10
      vertex 10.2944 321.876 2.3
      vertex 10.2944 321.876 10
    endloop
  endfacet
  facet normal 0.696009 0.718033 -0
    outer loop
      vertex 7.9663 321.465 2.3
      vertex 7.89099 321.538 10
      vertex 7.9663 321.465 10
    endloop
  endfacet
  facet normal 0.696009 0.718033 0
    outer loop
      vertex 7.89099 321.538 10
      vertex 7.9663 321.465 2.3
      vertex 7.89099 321.538 2.3
    endloop
  endfacet
  facet normal 0.526595 0.850116 -0
    outer loop
      vertex 8.22 321.281 2.3
      vertex 8.13121 321.336 10
      vertex 8.22 321.281 10
    endloop
  endfacet
  facet normal 0.526595 0.850116 0
    outer loop
      vertex 8.13121 321.336 10
      vertex 8.22 321.281 2.3
      vertex 8.13121 321.336 2.3
    endloop
  endfacet
  facet normal 0.984778 0.173818 0
    outer loop
      vertex 7.50278 322.268 10
      vertex 7.4846 322.371 2.3
      vertex 7.4846 322.371 10
    endloop
  endfacet
  facet normal 0.984778 0.173818 0
    outer loop
      vertex 7.4846 322.371 2.3
      vertex 7.50278 322.268 10
      vertex 7.50278 322.268 2.3
    endloop
  endfacet
  facet normal 0.994503 0.10471 0
    outer loop
      vertex 7.4846 322.371 10
      vertex 7.47365 322.475 2.3
      vertex 7.47365 322.475 10
    endloop
  endfacet
  facet normal 0.994503 0.10471 0
    outer loop
      vertex 7.47365 322.475 2.3
      vertex 7.4846 322.371 10
      vertex 7.4846 322.371 2.3
    endloop
  endfacet
  facet normal 0.866803 0.49865 0
    outer loop
      vertex 7.69793 321.785 10
      vertex 7.64558 321.876 2.3
      vertex 7.64558 321.876 10
    endloop
  endfacet
  facet normal 0.866803 0.49865 0
    outer loop
      vertex 7.64558 321.876 2.3
      vertex 7.69793 321.785 10
      vertex 7.69793 321.785 2.3
    endloop
  endfacet
  facet normal 0.927086 0.374849 0
    outer loop
      vertex 7.59968 321.97 10
      vertex 7.56046 322.067 2.3
      vertex 7.56046 322.067 10
    endloop
  endfacet
  facet normal 0.927086 0.374849 0
    outer loop
      vertex 7.56046 322.067 2.3
      vertex 7.59968 321.97 10
      vertex 7.59968 321.97 2.3
    endloop
  endfacet
  facet normal -0.994553 0.104237 0
    outer loop
      vertex 10.4554 322.371 2.3
      vertex 10.4663 322.475 10
      vertex 10.4663 322.475 2.3
    endloop
  endfacet
  facet normal -0.994553 0.104237 0
    outer loop
      vertex 10.4663 322.475 10
      vertex 10.4554 322.371 2.3
      vertex 10.4554 322.371 10
    endloop
  endfacet
  facet normal -0.696056 0.717987 0
    outer loop
      vertex 10.049 321.538 2.3
      vertex 9.9737 321.465 10
      vertex 10.049 321.538 10
    endloop
  endfacet
  facet normal -0.696056 0.717987 0
    outer loop
      vertex 9.9737 321.465 10
      vertex 10.049 321.538 2.3
      vertex 9.9737 321.465 2.3
    endloop
  endfacet
  facet normal -0.829401 0.558654 0
    outer loop
      vertex 10.1835 321.698 2.3
      vertex 10.2421 321.785 10
      vertex 10.2421 321.785 2.3
    endloop
  endfacet
  facet normal -0.829401 0.558654 0
    outer loop
      vertex 10.2421 321.785 10
      vertex 10.1835 321.698 2.3
      vertex 10.1835 321.698 10
    endloop
  endfacet
  facet normal -0.786451 0.617652 0
    outer loop
      vertex 10.1191 321.616 2.3
      vertex 10.1835 321.698 10
      vertex 10.1835 321.698 2.3
    endloop
  endfacet
  facet normal -0.786451 0.617652 0
    outer loop
      vertex 10.1835 321.698 10
      vertex 10.1191 321.616 2.3
      vertex 10.1191 321.616 10
    endloop
  endfacet
  facet normal 0 1 -0
    outer loop
      vertex 9.02235 321.081 2.3
      vertex 8.91765 321.081 10
      vertex 9.02235 321.081 10
    endloop
  endfacet
  facet normal 0 1 0
    outer loop
      vertex 8.91765 321.081 10
      vertex 9.02235 321.081 2.3
      vertex 8.91765 321.081 2.3
    endloop
  endfacet
  facet normal 0.0668741 0.997761 -0
    outer loop
      vertex 8.91765 321.081 2.3
      vertex 8.81321 321.088 10
      vertex 8.91765 321.081 10
    endloop
  endfacet
  facet normal 0.0668741 0.997761 0
    outer loop
      vertex 8.81321 321.088 10
      vertex 8.91765 321.081 2.3
      vertex 8.81321 321.088 2.3
    endloop
  endfacet
  facet normal 0.143185 0.989696 -0
    outer loop
      vertex 8.81321 321.088 2.3
      vertex 8.70953 321.103 10
      vertex 8.81321 321.088 10
    endloop
  endfacet
  facet normal 0.143185 0.989696 0
    outer loop
      vertex 8.70953 321.103 10
      vertex 8.81321 321.088 2.3
      vertex 8.70953 321.103 2.3
    endloop
  endfacet
  facet normal 0.343612 0.939112 -0
    outer loop
      vertex 8.50648 321.153 2.3
      vertex 8.40809 321.189 10
      vertex 8.50648 321.153 10
    endloop
  endfacet
  facet normal 0.343612 0.939112 0
    outer loop
      vertex 8.40809 321.189 10
      vertex 8.50648 321.153 2.3
      vertex 8.40809 321.189 2.3
    endloop
  endfacet
  facet normal 0.641078 0.767476 -0
    outer loop
      vertex 8.04651 321.398 2.3
      vertex 7.9663 321.465 10
      vertex 8.04651 321.398 10
    endloop
  endfacet
  facet normal 0.641078 0.767476 0
    outer loop
      vertex 7.9663 321.465 10
      vertex 8.04651 321.398 2.3
      vertex 7.9663 321.465 2.3
    endloop
  endfacet
  facet normal 0.468344 0.883546 -0
    outer loop
      vertex 8.31244 321.232 2.3
      vertex 8.22 321.281 10
      vertex 8.31244 321.232 10
    endloop
  endfacet
  facet normal 0.468344 0.883546 0
    outer loop
      vertex 8.22 321.281 10
      vertex 8.31244 321.232 2.3
      vertex 8.22 321.281 2.3
    endloop
  endfacet
  facet normal 0.743958 0.668227 0
    outer loop
      vertex 7.89099 321.538 10
      vertex 7.82093 321.616 2.3
      vertex 7.82093 321.616 10
    endloop
  endfacet
  facet normal 0.743958 0.668227 0
    outer loop
      vertex 7.82093 321.616 2.3
      vertex 7.89099 321.538 10
      vertex 7.89099 321.538 2.3
    endloop
  endfacet
  facet normal 0.786172 0.618008 0
    outer loop
      vertex 7.82093 321.616 10
      vertex 7.75647 321.698 2.3
      vertex 7.75647 321.698 10
    endloop
  endfacet
  facet normal 0.786172 0.618008 0
    outer loop
      vertex 7.75647 321.698 2.3
      vertex 7.82093 321.616 10
      vertex 7.82093 321.616 2.3
    endloop
  endfacet
  facet normal 0.898594 0.438781 0
    outer loop
      vertex 7.64558 321.876 10
      vertex 7.59968 321.97 2.3
      vertex 7.59968 321.97 10
    endloop
  endfacet
  facet normal 0.898594 0.438781 0
    outer loop
      vertex 7.59968 321.97 2.3
      vertex 7.64558 321.876 10
      vertex 7.64558 321.876 2.3
    endloop
  endfacet
  facet normal -0.526595 0.850116 0
    outer loop
      vertex 9.80879 321.336 2.3
      vertex 9.72 321.281 10
      vertex 9.80879 321.336 10
    endloop
  endfacet
  facet normal -0.526595 0.850116 0
    outer loop
      vertex 9.72 321.281 10
      vertex 9.80879 321.336 2.3
      vertex 9.72 321.281 2.3
    endloop
  endfacet
  facet normal 0.210031 0.977695 -0
    outer loop
      vertex 8.70953 321.103 2.3
      vertex 8.60712 321.125 10
      vertex 8.70953 321.103 10
    endloop
  endfacet
  facet normal 0.210031 0.977695 0
    outer loop
      vertex 8.60712 321.125 10
      vertex 8.70953 321.103 2.3
      vertex 8.60712 321.125 2.3
    endloop
  endfacet
  facet normal 0.590661 0.80692 -0
    outer loop
      vertex 8.13121 321.336 2.3
      vertex 8.04651 321.398 10
      vertex 8.13121 321.336 10
    endloop
  endfacet
  facet normal 0.590661 0.80692 0
    outer loop
      vertex 8.04651 321.398 10
      vertex 8.13121 321.336 2.3
      vertex 8.04651 321.398 2.3
    endloop
  endfacet
  facet normal 0.410028 0.912073 -0
    outer loop
      vertex 8.40809 321.189 2.3
      vertex 8.31244 321.232 10
      vertex 8.40809 321.189 10
    endloop
  endfacet
  facet normal 0.410028 0.912073 0
    outer loop
      vertex 8.31244 321.232 10
      vertex 8.40809 321.189 2.3
      vertex 8.31244 321.232 2.3
    endloop
  endfacet
  facet normal -0.641078 0.767476 0
    outer loop
      vertex 9.9737 321.465 2.3
      vertex 9.89349 321.398 10
      vertex 9.9737 321.465 10
    endloop
  endfacet
  facet normal -0.641078 0.767476 0
    outer loop
      vertex 9.89349 321.398 10
      vertex 9.9737 321.465 2.3
      vertex 9.89349 321.398 2.3
    endloop
  endfacet
  facet normal -0.590661 0.80692 0
    outer loop
      vertex 9.89349 321.398 2.3
      vertex 9.80879 321.336 10
      vertex 9.89349 321.398 10
    endloop
  endfacet
  facet normal -0.590661 0.80692 0
    outer loop
      vertex 9.80879 321.336 10
      vertex 9.89349 321.398 2.3
      vertex 9.80879 321.336 2.3
    endloop
  endfacet
  facet normal 0.268039 0.963408 -0
    outer loop
      vertex 8.60712 321.125 2.3
      vertex 8.50648 321.153 10
      vertex 8.60712 321.125 10
    endloop
  endfacet
  facet normal 0.268039 0.963408 0
    outer loop
      vertex 8.50648 321.153 10
      vertex 8.60712 321.125 2.3
      vertex 8.50648 321.153 2.3
    endloop
  endfacet
  facet normal -0.790118 -0.0273908 -0.612342
    outer loop
      vertex 12.2447 322.805 0
      vertex 12.2525 322.58 0
      vertex 10.47 322.58 2.3
    endloop
  endfacet
  facet normal 0.6562 0.441023 -0.612291
    outer loop
      vertex 7.69793 321.785 2.3
      vertex 6.31196 320.654 0
      vertex 6.18628 320.841 0
    endloop
  endfacet
  facet normal -0.766856 0.192094 -0.612398
    outer loop
      vertex 12.1264 321.679 0
      vertex 10.4119 322.167 2.3
      vertex 10.4372 322.268 2.3
    endloop
  endfacet
  facet normal -0.762118 0.209583 -0.612577
    outer loop
      vertex 10.4119 322.167 2.3
      vertex 12.1264 321.679 0
      vertex 12.1253 321.675 0
    endloop
  endfacet
  facet normal -0.320279 -0.722916 -0.61222
    outer loop
      vertex 10.1996 325.623 0
      vertex 10.405 325.532 0
      vertex 9.53191 323.971 2.3
    endloop
  endfacet
  facet normal 0.348608 -0.714647 -0.606425
    outer loop
      vertex 7.95565 325.702 0
      vertex 8.40809 323.971 2.3
      vertex 7.95155 325.7 0
    endloop
  endfacet
  facet normal 0.271678 -0.742512 -0.612264
    outer loop
      vertex 8.40809 323.971 2.3
      vertex 7.95565 325.702 0
      vertex 8.50648 324.007 2.3
    endloop
  endfacet
  facet normal -0.684108 0.396359 -0.612287
    outer loop
      vertex 11.8661 321.035 0
      vertex 11.7537 320.841 0
      vertex 10.2421 321.785 2.3
    endloop
  endfacet
  facet normal 0.550327 -0.567741 -0.612217
    outer loop
      vertex 6.77044 325.016 0
      vertex 7.9663 323.695 2.3
      vertex 7.89099 323.622 2.3
    endloop
  endfacet
  facet normal 0.546167 -0.571654 -0.612302
    outer loop
      vertex 7.9663 323.695 2.3
      vertex 6.77044 325.016 0
      vertex 6.77358 325.019 0
    endloop
  endfacet
  facet normal 0.790115 -0.0275311 -0.612339
    outer loop
      vertex 5.69534 322.805 0
      vertex 7.47 322.58 2.3
      vertex 5.6875 322.58 0
    endloop
  endfacet
  facet normal 0.6562 -0.441023 -0.612291
    outer loop
      vertex 6.31196 324.506 0
      vertex 7.69793 323.375 2.3
      vertex 6.18628 324.319 0
    endloop
  endfacet
  facet normal 0.684148 -0.396277 -0.612295
    outer loop
      vertex 6.18628 324.319 0
      vertex 7.69793 323.375 2.3
      vertex 6.07391 324.125 0
    endloop
  endfacet
  facet normal 0.588163 0.528291 -0.612351
    outer loop
      vertex 6.45838 320.467 0
      vertex 7.82093 321.616 2.3
      vertex 7.89099 321.538 2.3
    endloop
  endfacet
  facet normal 0.566968 0.551849 -0.611564
    outer loop
      vertex 7.82093 321.616 2.3
      vertex 6.45838 320.467 0
      vertex 6.45546 320.47 0
    endloop
  endfacet
  facet normal -0.16527 -0.773041 -0.612448
    outer loop
      vertex 9.54427 325.812 0
      vertex 9.76411 325.765 0
      vertex 9.33288 324.035 2.3
    endloop
  endfacet
  facet normal 0 -0.790498 -0.612464
    outer loop
      vertex 8.85544 325.861 0
      vertex 9.02235 324.079 2.3
      vertex 8.91765 324.079 2.3
    endloop
  endfacet
  facet normal 0 -0.790498 -0.612464
    outer loop
      vertex 9.02235 324.079 2.3
      vertex 8.85544 325.861 0
      vertex 9.08456 325.861 0
    endloop
  endfacet
  facet normal -0.767285 -0.190595 -0.61233
    outer loop
      vertex 12.1264 323.481 0
      vertex 12.1808 323.262 0
      vertex 10.4372 322.892 2.3
    endloop
  endfacet
  facet normal -0.549115 -0.568827 -0.612297
    outer loop
      vertex 11.1696 325.016 0
      vertex 11.3312 324.86 0
      vertex 10.049 323.622 2.3
    endloop
  endfacet
  facet normal -0.324144 -0.721032 -0.612408
    outer loop
      vertex 10.405 325.532 0
      vertex 9.62756 323.928 2.3
      vertex 9.53191 323.971 2.3
    endloop
  endfacet
  facet normal -0.353496 -0.706992 -0.612538
    outer loop
      vertex 9.62756 323.928 2.3
      vertex 10.405 325.532 0
      vertex 10.409 325.53 0
    endloop
  endfacet
  facet normal -0.789483 -0.0394742 -0.612502
    outer loop
      vertex 12.2447 322.805 0
      vertex 10.4663 322.685 2.3
      vertex 12.2445 322.809 0
    endloop
  endfacet
  facet normal -0.790087 -0.0278412 -0.612362
    outer loop
      vertex 10.4663 322.685 2.3
      vertex 12.2447 322.805 0
      vertex 10.47 322.58 2.3
    endloop
  endfacet
  facet normal -0.733004 0.296224 -0.612337
    outer loop
      vertex 11.9703 321.249 0
      vertex 10.3403 321.97 2.3
      vertex 10.3795 322.067 2.3
    endloop
  endfacet
  facet normal -0.734084 0.293634 -0.61229
    outer loop
      vertex 10.3403 321.97 2.3
      vertex 11.9703 321.249 0
      vertex 11.9687 321.245 0
    endloop
  endfacet
  facet normal -0.752007 0.243875 -0.612381
    outer loop
      vertex 12.1253 321.675 0
      vertex 12.0559 321.461 0
      vertex 10.4119 322.167 2.3
    endloop
  endfacet
  facet normal -0.767285 0.190595 -0.61233
    outer loop
      vertex 12.1808 321.898 0
      vertex 12.1264 321.679 0
      vertex 10.4372 322.268 2.3
    endloop
  endfacet
  facet normal 0.548992 -0.568946 -0.612297
    outer loop
      vertex 6.77044 325.016 0
      vertex 7.89099 323.622 2.3
      vertex 6.60877 324.86 0
    endloop
  endfacet
  facet normal 0.777366 -0.145756 -0.611929
    outer loop
      vertex 7.50278 322.892 2.3
      vertex 5.71945 323.037 0
      vertex 5.7202 323.041 0
    endloop
  endfacet
  facet normal 0.778566 -0.137421 -0.612333
    outer loop
      vertex 5.71945 323.037 0
      vertex 7.50278 322.892 2.3
      vertex 7.4846 322.789 2.3
    endloop
  endfacet
  facet normal 0.613603 -0.499064 -0.611904
    outer loop
      vertex 7.75647 323.462 2.3
      vertex 6.31196 324.506 0
      vertex 6.3144 324.509 0
    endloop
  endfacet
  facet normal 0.655948 -0.44137 -0.612311
    outer loop
      vertex 6.31196 324.506 0
      vertex 7.75647 323.462 2.3
      vertex 7.69793 323.375 2.3
    endloop
  endfacet
  facet normal 0.732827 -0.296619 -0.612358
    outer loop
      vertex 5.96965 323.911 0
      vertex 7.56046 323.093 2.3
      vertex 5.88546 323.703 0
    endloop
  endfacet
  facet normal 0.369729 0.698788 -0.612369
    outer loop
      vertex 8.22 321.281 2.3
      vertex 7.5272 319.632 0
      vertex 7.32875 319.737 0
    endloop
  endfacet
  facet normal 0.41635 0.672141 -0.612274
    outer loop
      vertex 7.13815 319.856 0
      vertex 8.13121 321.336 2.3
      vertex 8.22 321.281 2.3
    endloop
  endfacet
  facet normal 0.498588 0.614925 -0.610964
    outer loop
      vertex 8.13121 321.336 2.3
      vertex 7.13815 319.856 0
      vertex 7.13445 319.859 0
    endloop
  endfacet
  facet normal 0.218066 0.759855 -0.612428
    outer loop
      vertex 8.60712 321.125 2.3
      vertex 8.17589 319.395 0
      vertex 7.95985 319.457 0
    endloop
  endfacet
  facet normal -0.540695 0.576741 -0.612388
    outer loop
      vertex 9.9737 321.465 2.3
      vertex 11.1696 320.144 0
      vertex 11.1664 320.141 0
    endloop
  endfacet
  facet normal -0.550362 0.567702 -0.612223
    outer loop
      vertex 11.1696 320.144 0
      vertex 9.9737 321.465 2.3
      vertex 10.049 321.538 2.3
    endloop
  endfacet
  facet normal -0.166035 -0.772892 -0.612431
    outer loop
      vertex 9.54 325.813 0
      vertex 9.33288 324.035 2.3
      vertex 9.23047 324.057 2.3
    endloop
  endfacet
  facet normal -0.180388 -0.770259 -0.611688
    outer loop
      vertex 9.33288 324.035 2.3
      vertex 9.54 325.813 0
      vertex 9.54427 325.812 0
    endloop
  endfacet
  facet normal -0.416348 -0.672137 -0.612279
    outer loop
      vertex 10.8019 325.304 0
      vertex 9.80879 323.824 2.3
      vertex 9.72 323.879 2.3
    endloop
  endfacet
  facet normal -0.498585 -0.614921 -0.610971
    outer loop
      vertex 9.80879 323.824 2.3
      vertex 10.8019 325.304 0
      vertex 10.8056 325.301 0
    endloop
  endfacet
  facet normal -0.0527757 -0.788821 -0.612353
    outer loop
      vertex 9.31311 325.845 0
      vertex 9.12679 324.072 2.3
      vertex 9.08891 325.86 0
    endloop
  endfacet
  facet normal 0.0527757 -0.788821 -0.612353
    outer loop
      vertex 8.85109 325.86 0
      vertex 8.81321 324.072 2.3
      vertex 8.62689 325.845 0
    endloop
  endfacet
  facet normal 0.218066 -0.759855 -0.612428
    outer loop
      vertex 8.17589 325.765 0
      vertex 8.60712 324.035 2.3
      vertex 7.95985 325.703 0
    endloop
  endfacet
  facet normal -0.778573 -0.137395 -0.612329
    outer loop
      vertex 12.1808 323.262 0
      vertex 12.2198 323.041 0
      vertex 10.4372 322.892 2.3
    endloop
  endfacet
  facet normal -0.732815 -0.296649 -0.612357
    outer loop
      vertex 11.9703 323.911 0
      vertex 12.0545 323.703 0
      vertex 10.3795 323.093 2.3
    endloop
  endfacet
  facet normal -0.710597 -0.346504 -0.612362
    outer loop
      vertex 11.8683 324.121 0
      vertex 11.9668 323.919 0
      vertex 10.2944 323.284 2.3
    endloop
  endfacet
  facet normal -0.531749 -0.584924 -0.612459
    outer loop
      vertex 9.9737 323.695 2.3
      vertex 11.1631 325.022 0
      vertex 11.1664 325.019 0
    endloop
  endfacet
  facet normal -0.506884 -0.606824 -0.612236
    outer loop
      vertex 11.1631 325.022 0
      vertex 9.9737 323.695 2.3
      vertex 9.89349 323.762 2.3
    endloop
  endfacet
  facet normal -0.418516 -0.670681 -0.612397
    outer loop
      vertex 10.6112 325.423 0
      vertex 10.8019 325.304 0
      vertex 9.72 323.879 2.3
    endloop
  endfacet
  facet normal -0.369803 -0.698752 -0.612366
    outer loop
      vertex 10.4128 325.528 0
      vertex 10.6112 325.423 0
      vertex 9.72 323.879 2.3
    endloop
  endfacet
  facet normal -0.656174 0.441075 -0.612281
    outer loop
      vertex 11.7537 320.841 0
      vertex 11.628 320.654 0
      vertex 10.2421 321.785 2.3
    endloop
  endfacet
  facet normal -0.790118 0.0273908 -0.612342
    outer loop
      vertex 12.2525 322.58 0
      vertex 12.2447 322.355 0
      vertex 10.47 322.58 2.3
    endloop
  endfacet
  facet normal 0.587506 -0.529072 -0.612306
    outer loop
      vertex 6.60877 324.86 0
      vertex 7.89099 323.622 2.3
      vertex 6.45838 324.693 0
    endloop
  endfacet
  facet normal 0.498588 -0.614925 -0.610964
    outer loop
      vertex 7.13815 325.304 0
      vertex 8.13121 323.824 2.3
      vertex 7.13445 325.301 0
    endloop
  endfacet
  facet normal 0.41635 -0.672141 -0.612274
    outer loop
      vertex 8.13121 323.824 2.3
      vertex 7.13815 325.304 0
      vertex 8.22 323.879 2.3
    endloop
  endfacet
  facet normal 0.509263 -0.604688 -0.612375
    outer loop
      vertex 6.94909 325.167 0
      vertex 8.04651 323.762 2.3
      vertex 6.77692 325.022 0
    endloop
  endfacet
  facet normal 0.270838 -0.742869 -0.612204
    outer loop
      vertex 7.95155 325.7 0
      vertex 8.40809 323.971 2.3
      vertex 7.74035 325.623 0
    endloop
  endfacet
  facet normal 0.320383 -0.722868 -0.612222
    outer loop
      vertex 7.74035 325.623 0
      vertex 8.40809 323.971 2.3
      vertex 7.53503 325.532 0
    endloop
  endfacet
  facet normal 0.418673 -0.670581 -0.6124
    outer loop
      vertex 7.32875 325.423 0
      vertex 8.22 323.879 2.3
      vertex 7.13815 325.304 0
    endloop
  endfacet
  facet normal 0.764073 -0.202479 -0.612531
    outer loop
      vertex 7.52811 322.993 2.3
      vertex 5.8136 323.481 0
      vertex 5.81466 323.485 0
    endloop
  endfacet
  facet normal 0.766798 -0.192307 -0.612404
    outer loop
      vertex 5.8136 323.481 0
      vertex 7.52811 322.993 2.3
      vertex 7.50278 322.892 2.3
    endloop
  endfacet
  facet normal 0.786289 -0.082455 -0.612332
    outer loop
      vertex 5.71899 323.033 0
      vertex 7.47365 322.685 2.3
      vertex 5.6955 322.809 0
    endloop
  endfacet
  facet normal 0.789919 -0.0315968 -0.612397
    outer loop
      vertex 7.47365 322.685 2.3
      vertex 5.69534 322.805 0
      vertex 5.6955 322.809 0
    endloop
  endfacet
  facet normal 0.79012 -0.0274661 -0.612337
    outer loop
      vertex 5.69534 322.805 0
      vertex 7.47365 322.685 2.3
      vertex 7.47 322.58 2.3
    endloop
  endfacet
  facet normal 0.767316 -0.190498 -0.612321
    outer loop
      vertex 5.8136 323.481 0
      vertex 7.50278 322.892 2.3
      vertex 5.75923 323.262 0
    endloop
  endfacet
  facet normal 0.778562 -0.137499 -0.61232
    outer loop
      vertex 5.75923 323.262 0
      vertex 7.50278 322.892 2.3
      vertex 5.7202 323.041 0
    endloop
  endfacet
  facet normal 0.655045 -0.440518 -0.613889
    outer loop
      vertex 7.82093 323.544 2.3
      vertex 6.3144 324.509 0
      vertex 6.31709 324.513 0
    endloop
  endfacet
  facet normal 0.621629 -0.488661 -0.6122
    outer loop
      vertex 6.3144 324.509 0
      vertex 7.82093 323.544 2.3
      vertex 7.75647 323.462 2.3
    endloop
  endfacet
  facet normal 0.692988 -0.379411 -0.613037
    outer loop
      vertex 7.69793 323.375 2.3
      vertex 6.07172 324.121 0
      vertex 6.07391 324.125 0
    endloop
  endfacet
  facet normal 0.685265 -0.394215 -0.612378
    outer loop
      vertex 6.07172 324.121 0
      vertex 7.69793 323.375 2.3
      vertex 7.64558 323.284 2.3
    endloop
  endfacet
  facet normal 0.710574 -0.346563 -0.612355
    outer loop
      vertex 6.07172 324.121 0
      vertex 7.64558 323.284 2.3
      vertex 5.9732 323.919 0
    endloop
  endfacet
  facet normal 0.786261 0.0827842 -0.612324
    outer loop
      vertex 7.4846 322.371 2.3
      vertex 5.71899 322.128 0
      vertex 7.47365 322.475 2.3
    endloop
  endfacet
  facet normal 0.787431 0.0724437 -0.612131
    outer loop
      vertex 5.71899 322.128 0
      vertex 7.4846 322.371 2.3
      vertex 5.71945 322.123 0
    endloop
  endfacet
  facet normal 0.767316 0.190498 -0.612321
    outer loop
      vertex 7.50278 322.268 2.3
      vertex 5.8136 321.679 0
      vertex 5.75923 321.898 0
    endloop
  endfacet
  facet normal 0.548992 0.568946 -0.612297
    outer loop
      vertex 7.89099 321.538 2.3
      vertex 6.77044 320.144 0
      vertex 6.60877 320.3 0
    endloop
  endfacet
  facet normal 0.113197 0.782418 -0.61238
    outer loop
      vertex 8.40432 319.347 0
      vertex 8.70953 321.103 2.3
      vertex 8.81321 321.088 2.3
    endloop
  endfacet
  facet normal 0 0.794828 -0.606834
    outer loop
      vertex 8.70953 321.103 2.3
      vertex 8.40432 319.347 0
      vertex 8.4 319.347 0
    endloop
  endfacet
  facet normal 0.16527 0.773041 -0.612448
    outer loop
      vertex 8.60712 321.125 2.3
      vertex 8.39573 319.348 0
      vertex 8.17589 319.395 0
    endloop
  endfacet
  facet normal 0.270838 0.742869 -0.612204
    outer loop
      vertex 8.40809 321.189 2.3
      vertex 7.95155 319.46 0
      vertex 7.74035 319.537 0
    endloop
  endfacet
  facet normal 0 0.794828 -0.606834
    outer loop
      vertex 9.53568 319.347 0
      vertex 9.23047 321.103 2.3
      vertex 9.54 319.347 0
    endloop
  endfacet
  facet normal -0.113197 0.782418 -0.61238
    outer loop
      vertex 9.23047 321.103 2.3
      vertex 9.53568 319.347 0
      vertex 9.12679 321.088 2.3
    endloop
  endfacet
  facet normal -0.36818 0.699541 -0.612443
    outer loop
      vertex 10.409 319.63 0
      vertex 9.72 321.281 2.3
      vertex 10.4128 319.632 0
    endloop
  endfacet
  facet normal -0.37027 0.698526 -0.612341
    outer loop
      vertex 9.72 321.281 2.3
      vertex 10.409 319.63 0
      vertex 9.62756 321.232 2.3
    endloop
  endfacet
  facet normal -0.464559 0.639825 -0.612217
    outer loop
      vertex 10.9874 319.991 0
      vertex 10.8056 319.859 0
      vertex 9.80879 321.336 2.3
    endloop
  endfacet
  facet normal -0.218066 -0.759855 -0.612428
    outer loop
      vertex 9.76411 325.765 0
      vertex 9.98015 325.703 0
      vertex 9.33288 324.035 2.3
    endloop
  endfacet
  facet normal -0.11251 -0.78254 -0.61235
    outer loop
      vertex 9.31311 325.845 0
      vertex 9.53568 325.813 0
      vertex 9.12679 324.072 2.3
    endloop
  endfacet
  facet normal -0.0528619 -0.7887 -0.612501
    outer loop
      vertex 9.08456 325.861 0
      vertex 9.12679 324.072 2.3
      vertex 9.02235 324.079 2.3
    endloop
  endfacet
  facet normal -0.178894 -0.77819 -0.602012
    outer loop
      vertex 9.12679 324.072 2.3
      vertex 9.08456 325.861 0
      vertex 9.08891 325.86 0
    endloop
  endfacet
  facet normal 0.16527 -0.773041 -0.612448
    outer loop
      vertex 8.39573 325.812 0
      vertex 8.60712 324.035 2.3
      vertex 8.17589 325.765 0
    endloop
  endfacet
  facet normal -0 -0.794828 -0.606834
    outer loop
      vertex 8.40432 325.813 0
      vertex 8.70953 324.057 2.3
      vertex 8.4 325.813 0
    endloop
  endfacet
  facet normal 0.113197 -0.782418 -0.61238
    outer loop
      vertex 8.70953 324.057 2.3
      vertex 8.40432 325.813 0
      vertex 8.81321 324.072 2.3
    endloop
  endfacet
  facet normal -0.786278 -0.0824889 -0.612342
    outer loop
      vertex 12.221 323.033 0
      vertex 12.2445 322.809 0
      vertex 10.4663 322.685 2.3
    endloop
  endfacet
  facet normal -0.762118 -0.209583 -0.612577
    outer loop
      vertex 12.1264 323.481 0
      vertex 10.4119 322.993 2.3
      vertex 12.1253 323.485 0
    endloop
  endfacet
  facet normal -0.766856 -0.192094 -0.612398
    outer loop
      vertex 10.4119 322.993 2.3
      vertex 12.1264 323.481 0
      vertex 10.4372 322.892 2.3
    endloop
  endfacet
  facet normal -0.752007 -0.243875 -0.612381
    outer loop
      vertex 12.0559 323.699 0
      vertex 12.1253 323.485 0
      vertex 10.4119 322.993 2.3
    endloop
  endfacet
  facet normal -0.734084 -0.293634 -0.61229
    outer loop
      vertex 11.9703 323.911 0
      vertex 10.3403 323.19 2.3
      vertex 11.9687 323.915 0
    endloop
  endfacet
  facet normal -0.733004 -0.296224 -0.612337
    outer loop
      vertex 10.3403 323.19 2.3
      vertex 11.9703 323.911 0
      vertex 10.3795 323.093 2.3
    endloop
  endfacet
  facet normal -0.713875 -0.339091 -0.612699
    outer loop
      vertex 11.9687 323.915 0
      vertex 10.2944 323.284 2.3
      vertex 11.9668 323.919 0
    endloop
  endfacet
  facet normal -0.710429 -0.346901 -0.612333
    outer loop
      vertex 10.2944 323.284 2.3
      vertex 11.9687 323.915 0
      vertex 10.3403 323.19 2.3
    endloop
  endfacet
  facet normal -0.692295 -0.380762 -0.612982
    outer loop
      vertex 11.8683 324.121 0
      vertex 10.2421 323.375 2.3
      vertex 11.8661 324.125 0
    endloop
  endfacet
  facet normal -0.685419 -0.393928 -0.61239
    outer loop
      vertex 10.2421 323.375 2.3
      vertex 11.8683 324.121 0
      vertex 10.2944 323.284 2.3
    endloop
  endfacet
  facet normal -0.684108 -0.396359 -0.612287
    outer loop
      vertex 11.7537 324.319 0
      vertex 11.8661 324.125 0
      vertex 10.2421 323.375 2.3
    endloop
  endfacet
  facet normal -0.550362 -0.567702 -0.612223
    outer loop
      vertex 9.9737 323.695 2.3
      vertex 11.1696 325.016 0
      vertex 10.049 323.622 2.3
    endloop
  endfacet
  facet normal -0.540695 -0.576741 -0.612388
    outer loop
      vertex 11.1696 325.016 0
      vertex 9.9737 323.695 2.3
      vertex 11.1664 325.019 0
    endloop
  endfacet
  facet normal -0.509211 -0.604732 -0.612375
    outer loop
      vertex 10.9909 325.167 0
      vertex 11.1631 325.022 0
      vertex 9.89349 323.762 2.3
    endloop
  endfacet
  facet normal -0.37027 -0.698526 -0.612341
    outer loop
      vertex 10.409 325.53 0
      vertex 9.72 323.879 2.3
      vertex 9.62756 323.928 2.3
    endloop
  endfacet
  facet normal -0.36818 -0.699541 -0.612443
    outer loop
      vertex 9.72 323.879 2.3
      vertex 10.409 325.53 0
      vertex 10.4128 325.528 0
    endloop
  endfacet
  facet normal -0.466969 -0.63794 -0.61235
    outer loop
      vertex 10.9874 325.169 0
      vertex 9.89349 323.762 2.3
      vertex 9.80879 323.824 2.3
    endloop
  endfacet
  facet normal -0.393655 -0.688896 -0.608652
    outer loop
      vertex 9.89349 323.762 2.3
      vertex 10.9874 325.169 0
      vertex 10.9909 325.167 0
    endloop
  endfacet
  facet normal -0.464559 -0.639825 -0.612217
    outer loop
      vertex 10.8056 325.301 0
      vertex 10.9874 325.169 0
      vertex 9.80879 323.824 2.3
    endloop
  endfacet
  facet normal -0.58749 0.529093 -0.612303
    outer loop
      vertex 11.4816 320.467 0
      vertex 11.3312 320.3 0
      vertex 10.049 321.538 2.3
    endloop
  endfacet
  facet normal -0.732815 0.296649 -0.612357
    outer loop
      vertex 12.0545 321.457 0
      vertex 11.9703 321.249 0
      vertex 10.3795 322.067 2.3
    endloop
  endfacet
  facet normal -0.778573 0.137395 -0.612329
    outer loop
      vertex 12.2198 322.119 0
      vertex 12.1808 321.898 0
      vertex 10.4372 322.268 2.3
    endloop
  endfacet
  facet normal -0.655736 0.44168 -0.612315
    outer loop
      vertex 11.628 320.654 0
      vertex 10.1835 321.698 2.3
      vertex 10.2421 321.785 2.3
    endloop
  endfacet
  facet normal -0.617516 0.494013 -0.612066
    outer loop
      vertex 10.1835 321.698 2.3
      vertex 11.628 320.654 0
      vertex 11.6256 320.651 0
    endloop
  endfacet
  facet normal 0.506886 -0.606825 -0.612233
    outer loop
      vertex 7.9663 323.695 2.3
      vertex 6.77692 325.022 0
      vertex 8.04651 323.762 2.3
    endloop
  endfacet
  facet normal 0.528231 -0.588097 -0.612466
    outer loop
      vertex 6.77692 325.022 0
      vertex 7.9663 323.695 2.3
      vertex 6.77358 325.019 0
    endloop
  endfacet
  facet normal 0.391203 -0.690473 -0.608447
    outer loop
      vertex 6.95262 325.169 0
      vertex 8.04651 323.762 2.3
      vertex 6.94909 325.167 0
    endloop
  endfacet
  facet normal 0.46697 -0.637942 -0.612347
    outer loop
      vertex 8.04651 323.762 2.3
      vertex 6.95262 325.169 0
      vertex 8.13121 323.824 2.3
    endloop
  endfacet
  facet normal 0.464511 -0.639864 -0.612211
    outer loop
      vertex 7.13445 325.301 0
      vertex 8.13121 323.824 2.3
      vertex 6.95262 325.169 0
    endloop
  endfacet
  facet normal 0.183308 -0.769894 -0.611279
    outer loop
      vertex 7.95985 325.703 0
      vertex 8.50648 324.007 2.3
      vertex 7.95565 325.702 0
    endloop
  endfacet
  facet normal 0.211953 -0.76182 -0.612133
    outer loop
      vertex 8.50648 324.007 2.3
      vertex 7.95985 325.703 0
      vertex 8.60712 324.035 2.3
    endloop
  endfacet
  facet normal 0.369729 -0.698788 -0.612369
    outer loop
      vertex 7.5272 325.528 0
      vertex 8.22 323.879 2.3
      vertex 7.32875 325.423 0
    endloop
  endfacet
  facet normal 0.785335 -0.0903135 -0.612448
    outer loop
      vertex 7.4846 322.789 2.3
      vertex 5.71899 323.033 0
      vertex 5.71945 323.037 0
    endloop
  endfacet
  facet normal 0.786243 -0.0827823 -0.612347
    outer loop
      vertex 5.71899 323.033 0
      vertex 7.4846 322.789 2.3
      vertex 7.47365 322.685 2.3
    endloop
  endfacet
  facet normal 0.748973 -0.252778 -0.612489
    outer loop
      vertex 7.56046 323.093 2.3
      vertex 5.88411 323.699 0
      vertex 5.88546 323.703 0
    endloop
  endfacet
  facet normal 0.752202 -0.243337 -0.612355
    outer loop
      vertex 5.88411 323.699 0
      vertex 7.56046 323.093 2.3
      vertex 7.52811 322.993 2.3
    endloop
  endfacet
  facet normal 0.75195 -0.244032 -0.612388
    outer loop
      vertex 5.88411 323.699 0
      vertex 7.52811 322.993 2.3
      vertex 5.81466 323.485 0
    endloop
  endfacet
  facet normal 0.588163 -0.528291 -0.612351
    outer loop
      vertex 7.82093 323.544 2.3
      vertex 6.45838 324.693 0
      vertex 7.89099 323.622 2.3
    endloop
  endfacet
  facet normal 0.566968 -0.551849 -0.611564
    outer loop
      vertex 6.45838 324.693 0
      vertex 7.82093 323.544 2.3
      vertex 6.45546 324.69 0
    endloop
  endfacet
  facet normal 0.622837 -0.486903 -0.612372
    outer loop
      vertex 6.45546 324.69 0
      vertex 7.82093 323.544 2.3
      vertex 6.31709 324.513 0
    endloop
  endfacet
  facet normal 0.731456 -0.299897 -0.6124
    outer loop
      vertex 7.59968 323.19 2.3
      vertex 5.96965 323.911 0
      vertex 5.97129 323.915 0
    endloop
  endfacet
  facet normal 0.732946 -0.296352 -0.612345
    outer loop
      vertex 5.96965 323.911 0
      vertex 7.59968 323.19 2.3
      vertex 7.56046 323.093 2.3
    endloop
  endfacet
  facet normal 0.790115 0.0275311 -0.612339
    outer loop
      vertex 7.47 322.58 2.3
      vertex 5.69534 322.355 0
      vertex 5.6875 322.58 0
    endloop
  endfacet
  facet normal 0.75195 0.244032 -0.612388
    outer loop
      vertex 7.52811 322.167 2.3
      vertex 5.88411 321.461 0
      vertex 5.81466 321.675 0
    endloop
  endfacet
  facet normal 0.752202 0.243337 -0.612355
    outer loop
      vertex 7.56046 322.067 2.3
      vertex 5.88411 321.461 0
      vertex 7.52811 322.167 2.3
    endloop
  endfacet
  facet normal 0.748973 0.252778 -0.612489
    outer loop
      vertex 5.88411 321.461 0
      vertex 7.56046 322.067 2.3
      vertex 5.88546 321.457 0
    endloop
  endfacet
  facet normal 0.684148 0.396277 -0.612295
    outer loop
      vertex 7.69793 321.785 2.3
      vertex 6.18628 320.841 0
      vertex 6.07391 321.035 0
    endloop
  endfacet
  facet normal 0.766798 0.192307 -0.612404
    outer loop
      vertex 7.52811 322.167 2.3
      vertex 5.8136 321.679 0
      vertex 7.50278 322.268 2.3
    endloop
  endfacet
  facet normal 0.764073 0.202479 -0.612531
    outer loop
      vertex 5.8136 321.679 0
      vertex 7.52811 322.167 2.3
      vertex 5.81466 321.675 0
    endloop
  endfacet
  facet normal 0.587506 0.529072 -0.612306
    outer loop
      vertex 7.89099 321.538 2.3
      vertex 6.60877 320.3 0
      vertex 6.45838 320.467 0
    endloop
  endfacet
  facet normal 0.622837 0.486903 -0.612372
    outer loop
      vertex 7.82093 321.616 2.3
      vertex 6.45546 320.47 0
      vertex 6.31709 320.647 0
    endloop
  endfacet
  facet normal 0.418673 0.670581 -0.6124
    outer loop
      vertex 8.22 321.281 2.3
      vertex 7.32875 319.737 0
      vertex 7.13815 319.856 0
    endloop
  endfacet
  facet normal 0.211953 0.76182 -0.612133
    outer loop
      vertex 7.95985 319.457 0
      vertex 8.50648 321.153 2.3
      vertex 8.60712 321.125 2.3
    endloop
  endfacet
  facet normal 0.183308 0.769894 -0.611279
    outer loop
      vertex 8.50648 321.153 2.3
      vertex 7.95985 319.457 0
      vertex 7.95565 319.458 0
    endloop
  endfacet
  facet normal 0.506886 0.606825 -0.612233
    outer loop
      vertex 6.77692 320.138 0
      vertex 7.9663 321.465 2.3
      vertex 8.04651 321.398 2.3
    endloop
  endfacet
  facet normal 0.528231 0.588097 -0.612466
    outer loop
      vertex 7.9663 321.465 2.3
      vertex 6.77692 320.138 0
      vertex 6.77358 320.141 0
    endloop
  endfacet
  facet normal 0.464511 0.639864 -0.612211
    outer loop
      vertex 8.13121 321.336 2.3
      vertex 7.13445 319.859 0
      vertex 6.95262 319.991 0
    endloop
  endfacet
  facet normal 0.166035 0.772892 -0.612431
    outer loop
      vertex 8.4 319.347 0
      vertex 8.60712 321.125 2.3
      vertex 8.70953 321.103 2.3
    endloop
  endfacet
  facet normal 0.180388 0.770259 -0.611688
    outer loop
      vertex 8.60712 321.125 2.3
      vertex 8.4 319.347 0
      vertex 8.39573 319.348 0
    endloop
  endfacet
  facet normal 0.0527757 0.788821 -0.612353
    outer loop
      vertex 8.81321 321.088 2.3
      vertex 8.85109 319.3 0
      vertex 8.62689 319.315 0
    endloop
  endfacet
  facet normal 0.11251 0.78254 -0.61235
    outer loop
      vertex 8.81321 321.088 2.3
      vertex 8.62689 319.315 0
      vertex 8.40432 319.347 0
    endloop
  endfacet
  facet normal 0.0528619 0.7887 -0.612501
    outer loop
      vertex 8.85544 319.299 0
      vertex 8.81321 321.088 2.3
      vertex 8.91765 321.081 2.3
    endloop
  endfacet
  facet normal 0.178894 0.77819 -0.602012
    outer loop
      vertex 8.81321 321.088 2.3
      vertex 8.85544 319.299 0
      vertex 8.85109 319.3 0
    endloop
  endfacet
  facet normal 0 0.790498 -0.612464
    outer loop
      vertex 9.08456 319.299 0
      vertex 8.91765 321.081 2.3
      vertex 9.02235 321.081 2.3
    endloop
  endfacet
  facet normal 0 0.790498 -0.612464
    outer loop
      vertex 8.91765 321.081 2.3
      vertex 9.08456 319.299 0
      vertex 8.85544 319.299 0
    endloop
  endfacet
  facet normal -0.0527757 0.788821 -0.612353
    outer loop
      vertex 9.12679 321.088 2.3
      vertex 9.31311 319.315 0
      vertex 9.08891 319.3 0
    endloop
  endfacet
  facet normal -0.16527 0.773041 -0.612448
    outer loop
      vertex 9.76411 319.395 0
      vertex 9.54427 319.348 0
      vertex 9.33288 321.125 2.3
    endloop
  endfacet
  facet normal -0.320279 0.722916 -0.61222
    outer loop
      vertex 10.405 319.628 0
      vertex 10.1996 319.537 0
      vertex 9.53191 321.189 2.3
    endloop
  endfacet
  facet normal -0.549115 0.568827 -0.612297
    outer loop
      vertex 11.3312 320.3 0
      vertex 11.1696 320.144 0
      vertex 10.049 321.538 2.3
    endloop
  endfacet
  facet normal -0.621842 0.488374 -0.612212
    outer loop
      vertex 11.6256 320.651 0
      vertex 10.1191 321.616 2.3
      vertex 10.1835 321.698 2.3
    endloop
  endfacet
  facet normal -0.6543 0.441653 -0.613869
    outer loop
      vertex 10.1191 321.616 2.3
      vertex 11.6256 320.651 0
      vertex 11.6229 320.647 0
    endloop
  endfacet
  facet normal -0.369803 0.698752 -0.612366
    outer loop
      vertex 10.6112 319.737 0
      vertex 10.4128 319.632 0
      vertex 9.72 321.281 2.3
    endloop
  endfacet
  facet normal -0.418516 0.670681 -0.612397
    outer loop
      vertex 10.8019 319.856 0
      vertex 10.6112 319.737 0
      vertex 9.72 321.281 2.3
    endloop
  endfacet
  facet normal -0.113197 -0.782418 -0.61238
    outer loop
      vertex 9.53568 325.813 0
      vertex 9.23047 324.057 2.3
      vertex 9.12679 324.072 2.3
    endloop
  endfacet
  facet normal 0 -0.794828 -0.606834
    outer loop
      vertex 9.23047 324.057 2.3
      vertex 9.53568 325.813 0
      vertex 9.54 325.813 0
    endloop
  endfacet
  facet normal -0.270895 -0.74285 -0.612201
    outer loop
      vertex 9.98845 325.7 0
      vertex 10.1996 325.623 0
      vertex 9.53191 323.971 2.3
    endloop
  endfacet
  facet normal 0.178894 -0.77819 -0.602012
    outer loop
      vertex 8.85544 325.861 0
      vertex 8.81321 324.072 2.3
      vertex 8.85109 325.86 0
    endloop
  endfacet
  facet normal 0.0528619 -0.7887 -0.612501
    outer loop
      vertex 8.81321 324.072 2.3
      vertex 8.85544 325.861 0
      vertex 8.91765 324.079 2.3
    endloop
  endfacet
  facet normal 0.11251 -0.78254 -0.61235
    outer loop
      vertex 8.62689 325.845 0
      vertex 8.81321 324.072 2.3
      vertex 8.40432 325.813 0
    endloop
  endfacet
  facet normal 0.180388 -0.770259 -0.611688
    outer loop
      vertex 8.4 325.813 0
      vertex 8.60712 324.035 2.3
      vertex 8.39573 325.812 0
    endloop
  endfacet
  facet normal 0.166035 -0.772892 -0.612431
    outer loop
      vertex 8.60712 324.035 2.3
      vertex 8.4 325.813 0
      vertex 8.70953 324.057 2.3
    endloop
  endfacet
  facet normal -0.786721 -0.0786721 -0.612275
    outer loop
      vertex 12.221 323.033 0
      vertex 10.4554 322.789 2.3
      vertex 12.2206 323.037 0
    endloop
  endfacet
  facet normal -0.786289 -0.0824091 -0.612339
    outer loop
      vertex 10.4554 322.789 2.3
      vertex 12.221 323.033 0
      vertex 10.4663 322.685 2.3
    endloop
  endfacet
  facet normal -0.77593 -0.155186 -0.611433
    outer loop
      vertex 12.2206 323.037 0
      vertex 10.4372 322.892 2.3
      vertex 12.2198 323.041 0
    endloop
  endfacet
  facet normal -0.778533 -0.137566 -0.612341
    outer loop
      vertex 10.4372 322.892 2.3
      vertex 12.2206 323.037 0
      vertex 10.4554 322.789 2.3
    endloop
  endfacet
  facet normal -0.746044 -0.261115 -0.612567
    outer loop
      vertex 12.0559 323.699 0
      vertex 10.3795 323.093 2.3
      vertex 12.0545 323.703 0
    endloop
  endfacet
  facet normal -0.75208 -0.243674 -0.612371
    outer loop
      vertex 10.3795 323.093 2.3
      vertex 12.0559 323.699 0
      vertex 10.4119 322.993 2.3
    endloop
  endfacet
  facet normal -0.656174 -0.441075 -0.612281
    outer loop
      vertex 11.628 324.506 0
      vertex 11.7537 324.319 0
      vertex 10.2421 323.375 2.3
    endloop
  endfacet
  facet normal -0.617516 -0.494013 -0.612066
    outer loop
      vertex 11.628 324.506 0
      vertex 10.1835 323.462 2.3
      vertex 11.6256 324.509 0
    endloop
  endfacet
  facet normal -0.655736 -0.44168 -0.612315
    outer loop
      vertex 10.1835 323.462 2.3
      vertex 11.628 324.506 0
      vertex 10.2421 323.375 2.3
    endloop
  endfacet
  facet normal -0.568814 -0.549853 -0.611648
    outer loop
      vertex 10.1191 323.544 2.3
      vertex 11.4816 324.693 0
      vertex 11.4845 324.69 0
    endloop
  endfacet
  facet normal -0.588019 -0.528463 -0.612339
    outer loop
      vertex 11.4816 324.693 0
      vertex 10.1191 323.544 2.3
      vertex 10.049 323.622 2.3
    endloop
  endfacet
  facet normal -0.58749 -0.529093 -0.612303
    outer loop
      vertex 11.3312 324.86 0
      vertex 11.4816 324.693 0
      vertex 10.049 323.622 2.3
    endloop
  endfacet
  facet normal -0.75208 0.243674 -0.612371
    outer loop
      vertex 12.0559 321.461 0
      vertex 10.3795 322.067 2.3
      vertex 10.4119 322.167 2.3
    endloop
  endfacet
  facet normal -0.746044 0.261115 -0.612567
    outer loop
      vertex 10.3795 322.067 2.3
      vertex 12.0559 321.461 0
      vertex 12.0545 321.457 0
    endloop
  endfacet
  facet normal -0.790087 0.0278412 -0.612362
    outer loop
      vertex 12.2447 322.355 0
      vertex 10.4663 322.475 2.3
      vertex 10.47 322.58 2.3
    endloop
  endfacet
  facet normal -0.789483 0.0394742 -0.612502
    outer loop
      vertex 10.4663 322.475 2.3
      vertex 12.2447 322.355 0
      vertex 12.2445 322.351 0
    endloop
  endfacet
  facet normal -0.685419 0.393928 -0.61239
    outer loop
      vertex 11.8683 321.039 0
      vertex 10.2421 321.785 2.3
      vertex 10.2944 321.876 2.3
    endloop
  endfacet
  facet normal -0.692295 0.380762 -0.612982
    outer loop
      vertex 10.2421 321.785 2.3
      vertex 11.8683 321.039 0
      vertex 11.8661 321.035 0
    endloop
  endfacet
  facet normal 0.35492 -0.70629 -0.612525
    outer loop
      vertex 7.53503 325.532 0
      vertex 8.31244 323.928 2.3
      vertex 7.53105 325.53 0
    endloop
  endfacet
  facet normal 0.324145 -0.721034 -0.612405
    outer loop
      vertex 8.31244 323.928 2.3
      vertex 7.53503 325.532 0
      vertex 8.40809 323.971 2.3
    endloop
  endfacet
  facet normal 0.364358 -0.701388 -0.612616
    outer loop
      vertex 7.53105 325.53 0
      vertex 8.22 323.879 2.3
      vertex 7.5272 325.528 0
    endloop
  endfacet
  facet normal 0.370272 -0.69853 -0.612335
    outer loop
      vertex 8.22 323.879 2.3
      vertex 7.53105 325.53 0
      vertex 8.31244 323.928 2.3
    endloop
  endfacet
  facet normal 0.71323 -0.340567 -0.612631
    outer loop
      vertex 7.64558 323.284 2.3
      vertex 5.97129 323.915 0
      vertex 5.9732 323.919 0
    endloop
  endfacet
  facet normal 0.71043 -0.346901 -0.612331
    outer loop
      vertex 5.97129 323.915 0
      vertex 7.64558 323.284 2.3
      vertex 7.59968 323.19 2.3
    endloop
  endfacet
  facet normal 0.71043 0.346901 -0.612331
    outer loop
      vertex 7.64558 321.876 2.3
      vertex 5.97129 321.245 0
      vertex 7.59968 321.97 2.3
    endloop
  endfacet
  facet normal 0.71323 0.340567 -0.612631
    outer loop
      vertex 5.97129 321.245 0
      vertex 7.64558 321.876 2.3
      vertex 5.9732 321.241 0
    endloop
  endfacet
  facet normal 0.732946 0.296352 -0.612345
    outer loop
      vertex 7.59968 321.97 2.3
      vertex 5.96965 321.249 0
      vertex 7.56046 322.067 2.3
    endloop
  endfacet
  facet normal 0.731456 0.299897 -0.6124
    outer loop
      vertex 5.96965 321.249 0
      vertex 7.59968 321.97 2.3
      vertex 5.97129 321.245 0
    endloop
  endfacet
  facet normal 0.732827 0.296619 -0.612358
    outer loop
      vertex 7.56046 322.067 2.3
      vertex 5.96965 321.249 0
      vertex 5.88546 321.457 0
    endloop
  endfacet
  facet normal 0.778566 0.137421 -0.612333
    outer loop
      vertex 7.50278 322.268 2.3
      vertex 5.71945 322.123 0
      vertex 7.4846 322.371 2.3
    endloop
  endfacet
  facet normal 0.777366 0.145756 -0.611929
    outer loop
      vertex 5.71945 322.123 0
      vertex 7.50278 322.268 2.3
      vertex 5.7202 322.119 0
    endloop
  endfacet
  facet normal 0.778562 0.137499 -0.61232
    outer loop
      vertex 7.50278 322.268 2.3
      vertex 5.75923 321.898 0
      vertex 5.7202 322.119 0
    endloop
  endfacet
  facet normal 0.79012 0.0274661 -0.612337
    outer loop
      vertex 7.47365 322.475 2.3
      vertex 5.69534 322.355 0
      vertex 7.47 322.58 2.3
    endloop
  endfacet
  facet normal 0.789919 0.0315968 -0.612397
    outer loop
      vertex 5.69534 322.355 0
      vertex 7.47365 322.475 2.3
      vertex 5.6955 322.351 0
    endloop
  endfacet
  facet normal 0.786255 0.0828212 -0.612326
    outer loop
      vertex 7.47365 322.475 2.3
      vertex 5.71899 322.128 0
      vertex 5.6955 322.351 0
    endloop
  endfacet
  facet normal 0.621629 0.488661 -0.6122
    outer loop
      vertex 7.82093 321.616 2.3
      vertex 6.3144 320.651 0
      vertex 7.75647 321.698 2.3
    endloop
  endfacet
  facet normal 0.655045 0.440518 -0.613889
    outer loop
      vertex 6.3144 320.651 0
      vertex 7.82093 321.616 2.3
      vertex 6.31709 320.647 0
    endloop
  endfacet
  facet normal 0.320383 0.722868 -0.612222
    outer loop
      vertex 8.40809 321.189 2.3
      vertex 7.74035 319.537 0
      vertex 7.53503 319.628 0
    endloop
  endfacet
  facet normal 0.370272 0.69853 -0.612335
    outer loop
      vertex 7.53105 319.63 0
      vertex 8.22 321.281 2.3
      vertex 8.31244 321.232 2.3
    endloop
  endfacet
  facet normal 0.364358 0.701388 -0.612616
    outer loop
      vertex 8.22 321.281 2.3
      vertex 7.53105 319.63 0
      vertex 7.5272 319.632 0
    endloop
  endfacet
  facet normal 0.271678 0.742512 -0.612264
    outer loop
      vertex 7.95565 319.458 0
      vertex 8.40809 321.189 2.3
      vertex 8.50648 321.153 2.3
    endloop
  endfacet
  facet normal 0.348608 0.714647 -0.606425
    outer loop
      vertex 8.40809 321.189 2.3
      vertex 7.95565 319.458 0
      vertex 7.95155 319.46 0
    endloop
  endfacet
  facet normal 0.46697 0.637942 -0.612347
    outer loop
      vertex 6.95262 319.991 0
      vertex 8.04651 321.398 2.3
      vertex 8.13121 321.336 2.3
    endloop
  endfacet
  facet normal 0.391203 0.690473 -0.608447
    outer loop
      vertex 8.04651 321.398 2.3
      vertex 6.95262 319.991 0
      vertex 6.94909 319.993 0
    endloop
  endfacet
  facet normal 0.546167 0.571654 -0.612302
    outer loop
      vertex 6.77044 320.144 0
      vertex 7.9663 321.465 2.3
      vertex 6.77358 320.141 0
    endloop
  endfacet
  facet normal 0.550327 0.567741 -0.612217
    outer loop
      vertex 7.9663 321.465 2.3
      vertex 6.77044 320.144 0
      vertex 7.89099 321.538 2.3
    endloop
  endfacet
  facet normal 0.509263 0.604688 -0.612375
    outer loop
      vertex 8.04651 321.398 2.3
      vertex 6.94909 319.993 0
      vertex 6.77692 320.138 0
    endloop
  endfacet
  facet normal -0.178894 0.77819 -0.602012
    outer loop
      vertex 9.08456 319.299 0
      vertex 9.12679 321.088 2.3
      vertex 9.08891 319.3 0
    endloop
  endfacet
  facet normal -0.0528619 0.7887 -0.612501
    outer loop
      vertex 9.12679 321.088 2.3
      vertex 9.08456 319.299 0
      vertex 9.02235 321.081 2.3
    endloop
  endfacet
  facet normal -0.11251 0.78254 -0.61235
    outer loop
      vertex 9.53568 319.347 0
      vertex 9.31311 319.315 0
      vertex 9.12679 321.088 2.3
    endloop
  endfacet
  facet normal -0.270895 0.74285 -0.612201
    outer loop
      vertex 10.1996 319.537 0
      vertex 9.98845 319.46 0
      vertex 9.53191 321.189 2.3
    endloop
  endfacet
  facet normal -0.509211 0.604732 -0.612375
    outer loop
      vertex 11.1631 320.138 0
      vertex 10.9909 319.993 0
      vertex 9.89349 321.398 2.3
    endloop
  endfacet
  facet normal -0.531749 0.584924 -0.612459
    outer loop
      vertex 11.1631 320.138 0
      vertex 9.9737 321.465 2.3
      vertex 11.1664 320.141 0
    endloop
  endfacet
  facet normal -0.506884 0.606824 -0.612236
    outer loop
      vertex 9.9737 321.465 2.3
      vertex 11.1631 320.138 0
      vertex 9.89349 321.398 2.3
    endloop
  endfacet
  facet normal -0.568814 0.549853 -0.611648
    outer loop
      vertex 11.4816 320.467 0
      vertex 10.1191 321.616 2.3
      vertex 11.4845 320.47 0
    endloop
  endfacet
  facet normal -0.588019 0.528463 -0.612339
    outer loop
      vertex 10.1191 321.616 2.3
      vertex 11.4816 320.467 0
      vertex 10.049 321.538 2.3
    endloop
  endfacet
  facet normal -0.622792 0.486974 -0.612362
    outer loop
      vertex 11.6229 320.647 0
      vertex 11.4845 320.47 0
      vertex 10.1191 321.616 2.3
    endloop
  endfacet
  facet normal -0.353496 0.706992 -0.612538
    outer loop
      vertex 10.405 319.628 0
      vertex 9.62756 321.232 2.3
      vertex 10.409 319.63 0
    endloop
  endfacet
  facet normal -0.324144 0.721032 -0.612408
    outer loop
      vertex 9.62756 321.232 2.3
      vertex 10.405 319.628 0
      vertex 9.53191 321.189 2.3
    endloop
  endfacet
  facet normal -0.271703 -0.742504 -0.612262
    outer loop
      vertex 9.98435 325.702 0
      vertex 9.53191 323.971 2.3
      vertex 9.43353 324.007 2.3
    endloop
  endfacet
  facet normal -0.348608 -0.714647 -0.606425
    outer loop
      vertex 9.53191 323.971 2.3
      vertex 9.98435 325.702 0
      vertex 9.98845 325.7 0
    endloop
  endfacet
  facet normal -0.211934 -0.761826 -0.612132
    outer loop
      vertex 9.98015 325.703 0
      vertex 9.43353 324.007 2.3
      vertex 9.33288 324.035 2.3
    endloop
  endfacet
  facet normal -0.183308 -0.769894 -0.611278
    outer loop
      vertex 9.43353 324.007 2.3
      vertex 9.98015 325.703 0
      vertex 9.98435 325.702 0
    endloop
  endfacet
  facet normal -0.6543 -0.441653 -0.613869
    outer loop
      vertex 11.6256 324.509 0
      vertex 10.1191 323.544 2.3
      vertex 11.6229 324.513 0
    endloop
  endfacet
  facet normal -0.621842 -0.488374 -0.612212
    outer loop
      vertex 10.1191 323.544 2.3
      vertex 11.6256 324.509 0
      vertex 10.1835 323.462 2.3
    endloop
  endfacet
  facet normal -0.622792 -0.486974 -0.612362
    outer loop
      vertex 11.4845 324.69 0
      vertex 11.6229 324.513 0
      vertex 10.1191 323.544 2.3
    endloop
  endfacet
  facet normal -0.778533 0.137566 -0.612341
    outer loop
      vertex 12.2206 322.123 0
      vertex 10.4372 322.268 2.3
      vertex 10.4554 322.371 2.3
    endloop
  endfacet
  facet normal -0.77593 0.155186 -0.611433
    outer loop
      vertex 10.4372 322.268 2.3
      vertex 12.2206 322.123 0
      vertex 12.2198 322.119 0
    endloop
  endfacet
  facet normal -0.786244 0.0828553 -0.612336
    outer loop
      vertex 12.2445 322.351 0
      vertex 12.221 322.128 0
      vertex 10.4663 322.475 2.3
    endloop
  endfacet
  facet normal -0.710597 0.346504 -0.612362
    outer loop
      vertex 11.9668 321.241 0
      vertex 11.8683 321.039 0
      vertex 10.2944 321.876 2.3
    endloop
  endfacet
  facet normal -0.710429 0.346901 -0.612333
    outer loop
      vertex 11.9687 321.245 0
      vertex 10.2944 321.876 2.3
      vertex 10.3403 321.97 2.3
    endloop
  endfacet
  facet normal -0.713875 0.339091 -0.612699
    outer loop
      vertex 10.2944 321.876 2.3
      vertex 11.9687 321.245 0
      vertex 11.9668 321.241 0
    endloop
  endfacet
  facet normal 0.710574 0.346563 -0.612355
    outer loop
      vertex 7.64558 321.876 2.3
      vertex 6.07172 321.039 0
      vertex 5.9732 321.241 0
    endloop
  endfacet
  facet normal 0.655948 0.44137 -0.612311
    outer loop
      vertex 7.75647 321.698 2.3
      vertex 6.31196 320.654 0
      vertex 7.69793 321.785 2.3
    endloop
  endfacet
  facet normal 0.613603 0.499064 -0.611904
    outer loop
      vertex 6.31196 320.654 0
      vertex 7.75647 321.698 2.3
      vertex 6.3144 320.651 0
    endloop
  endfacet
  facet normal 0.324145 0.721034 -0.612405
    outer loop
      vertex 7.53503 319.628 0
      vertex 8.31244 321.232 2.3
      vertex 8.40809 321.189 2.3
    endloop
  endfacet
  facet normal 0.35492 0.70629 -0.612525
    outer loop
      vertex 8.31244 321.232 2.3
      vertex 7.53503 319.628 0
      vertex 7.53105 319.63 0
    endloop
  endfacet
  facet normal -0.180388 0.770259 -0.611688
    outer loop
      vertex 9.54 319.347 0
      vertex 9.33288 321.125 2.3
      vertex 9.54427 319.348 0
    endloop
  endfacet
  facet normal -0.166035 0.772892 -0.612431
    outer loop
      vertex 9.33288 321.125 2.3
      vertex 9.54 319.347 0
      vertex 9.23047 321.103 2.3
    endloop
  endfacet
  facet normal -0.218066 0.759855 -0.612428
    outer loop
      vertex 9.98015 319.457 0
      vertex 9.76411 319.395 0
      vertex 9.33288 321.125 2.3
    endloop
  endfacet
  facet normal -0.393655 0.688896 -0.608652
    outer loop
      vertex 10.9874 319.991 0
      vertex 9.89349 321.398 2.3
      vertex 10.9909 319.993 0
    endloop
  endfacet
  facet normal -0.466969 0.63794 -0.61235
    outer loop
      vertex 9.89349 321.398 2.3
      vertex 10.9874 319.991 0
      vertex 9.80879 321.336 2.3
    endloop
  endfacet
  facet normal -0.786306 0.0824109 -0.612316
    outer loop
      vertex 12.221 322.128 0
      vertex 10.4554 322.371 2.3
      vertex 10.4663 322.475 2.3
    endloop
  endfacet
  facet normal -0.788419 0.0630736 -0.611896
    outer loop
      vertex 10.4554 322.371 2.3
      vertex 12.221 322.128 0
      vertex 12.2206 322.123 0
    endloop
  endfacet
  facet normal 0.685265 0.394215 -0.612378
    outer loop
      vertex 7.69793 321.785 2.3
      vertex 6.07172 321.039 0
      vertex 7.64558 321.876 2.3
    endloop
  endfacet
  facet normal 0.692988 0.379411 -0.613037
    outer loop
      vertex 6.07172 321.039 0
      vertex 7.69793 321.785 2.3
      vertex 6.07391 321.035 0
    endloop
  endfacet
  facet normal -0.183308 0.769894 -0.611278
    outer loop
      vertex 9.98015 319.457 0
      vertex 9.43353 321.153 2.3
      vertex 9.98435 319.458 0
    endloop
  endfacet
  facet normal -0.211934 0.761826 -0.612132
    outer loop
      vertex 9.43353 321.153 2.3
      vertex 9.98015 319.457 0
      vertex 9.33288 321.125 2.3
    endloop
  endfacet
  facet normal -0.348608 0.714647 -0.606425
    outer loop
      vertex 9.98435 319.458 0
      vertex 9.53191 321.189 2.3
      vertex 9.98845 319.46 0
    endloop
  endfacet
  facet normal -0.271703 0.742504 -0.612262
    outer loop
      vertex 9.53191 321.189 2.3
      vertex 9.98435 319.458 0
      vertex 9.43353 321.153 2.3
    endloop
  endfacet
  facet normal -0.498585 0.614921 -0.610971
    outer loop
      vertex 10.8019 319.856 0
      vertex 9.80879 321.336 2.3
      vertex 10.8056 319.859 0
    endloop
  endfacet
  facet normal -0.416348 0.672137 -0.612279
    outer loop
      vertex 9.80879 321.336 2.3
      vertex 10.8019 319.856 0
      vertex 9.72 321.281 2.3
    endloop
  endfacet
  facet normal 1 0 0
    outer loop
      vertex 153.71 326.2 8
      vertex 153.71 321.842 5.43999
      vertex 153.71 321.9 5
    endloop
  endfacet
  facet normal 1 0 0
    outer loop
      vertex 153.71 326.2 8
      vertex 153.71 321.672 5.85
      vertex 153.71 321.842 5.43999
    endloop
  endfacet
  facet normal 1 0 0
    outer loop
      vertex 153.71 326.2 8
      vertex 153.71 321.402 6.20208
      vertex 153.71 321.672 5.85
    endloop
  endfacet
  facet normal 1 0 0
    outer loop
      vertex 153.71 326.2 8
      vertex 153.71 321.05 6.47224
      vertex 153.71 321.402 6.20208
    endloop
  endfacet
  facet normal 1 0 0
    outer loop
      vertex 153.71 326.2 8
      vertex 153.71 320.64 6.64207
      vertex 153.71 321.05 6.47224
    endloop
  endfacet
  facet normal 1 0 0
    outer loop
      vertex 153.71 326.2 8
      vertex 153.71 320.2 6.7
      vertex 153.71 320.64 6.64207
    endloop
  endfacet
  facet normal 1 0 0
    outer loop
      vertex 153.71 326.2 8
      vertex 153.71 319.76 6.64207
      vertex 153.71 320.2 6.7
    endloop
  endfacet
  facet normal 1 0 0
    outer loop
      vertex 153.71 318.558 5.43999
      vertex 153.71 283.125 5
      vertex 153.71 318.5 5
    endloop
  endfacet
  facet normal 1 0 0
    outer loop
      vertex 153.71 283.067 5.43999
      vertex 153.71 318.558 5.43999
      vertex 153.71 318.728 5.85
    endloop
  endfacet
  facet normal 1 0 0
    outer loop
      vertex 153.71 282.897 5.85
      vertex 153.71 318.728 5.85
      vertex 153.71 318.998 6.20208
    endloop
  endfacet
  facet normal 1 0 0
    outer loop
      vertex 153.71 282.627 6.20208
      vertex 153.71 318.998 6.20208
      vertex 153.71 319.35 6.47224
    endloop
  endfacet
  facet normal 1 0 0
    outer loop
      vertex 153.71 282.275 6.47224
      vertex 153.71 319.35 6.47224
      vertex 153.71 319.76 6.64207
    endloop
  endfacet
  facet normal 1 0 0
    outer loop
      vertex 153.71 281.865 6.64207
      vertex 153.71 319.76 6.64207
      vertex 153.71 326.2 8
    endloop
  endfacet
  facet normal 1 0 0
    outer loop
      vertex 153.71 318.558 5.43999
      vertex 153.71 283.067 5.43999
      vertex 153.71 283.125 5
    endloop
  endfacet
  facet normal 1 0 0
    outer loop
      vertex 153.71 318.728 5.85
      vertex 153.71 282.897 5.85
      vertex 153.71 283.067 5.43999
    endloop
  endfacet
  facet normal 1 0 0
    outer loop
      vertex 153.71 318.998 6.20208
      vertex 153.71 282.627 6.20208
      vertex 153.71 282.897 5.85
    endloop
  endfacet
  facet normal 1 0 0
    outer loop
      vertex 153.71 319.35 6.47224
      vertex 153.71 282.275 6.47224
      vertex 153.71 282.627 6.20208
    endloop
  endfacet
  facet normal 1 0 0
    outer loop
      vertex 153.71 319.76 6.64207
      vertex 153.71 281.865 6.64207
      vertex 153.71 282.275 6.47224
    endloop
  endfacet
  facet normal 1 0 0
    outer loop
      vertex 153.71 326.2 8
      vertex 153.71 281.425 6.7
      vertex 153.71 281.865 6.64207
    endloop
  endfacet
  facet normal 1 0 0
    outer loop
      vertex 153.71 279.783 5.43999
      vertex 153.71 244.35 5
      vertex 153.71 279.725 5
    endloop
  endfacet
  facet normal 1 0 0
    outer loop
      vertex 153.71 244.292 5.43999
      vertex 153.71 279.783 5.43999
      vertex 153.71 279.953 5.85
    endloop
  endfacet
  facet normal 1 0 0
    outer loop
      vertex 153.71 244.122 5.85
      vertex 153.71 279.953 5.85
      vertex 153.71 280.223 6.20208
    endloop
  endfacet
  facet normal 1 0 0
    outer loop
      vertex 153.71 243.852 6.20208
      vertex 153.71 280.223 6.20208
      vertex 153.71 280.575 6.47224
    endloop
  endfacet
  facet normal 1 0 0
    outer loop
      vertex 153.71 243.5 6.47224
      vertex 153.71 280.575 6.47224
      vertex 153.71 280.985 6.64207
    endloop
  endfacet
  facet normal 1 0 0
    outer loop
      vertex 153.71 243.09 6.64207
      vertex 153.71 280.985 6.64207
      vertex 153.71 281.425 6.7
    endloop
  endfacet
  facet normal 1 0 0
    outer loop
      vertex 153.71 279.783 5.43999
      vertex 153.71 244.292 5.43999
      vertex 153.71 244.35 5
    endloop
  endfacet
  facet normal 1 0 0
    outer loop
      vertex 153.71 279.953 5.85
      vertex 153.71 244.122 5.85
      vertex 153.71 244.292 5.43999
    endloop
  endfacet
  facet normal 1 0 0
    outer loop
      vertex 153.71 242.65 6.7
      vertex 153.71 281.425 6.7
      vertex 153.71 326.2 8
    endloop
  endfacet
  facet normal 1 0 0
    outer loop
      vertex 153.71 280.223 6.20208
      vertex 153.71 243.852 6.20208
      vertex 153.71 244.122 5.85
    endloop
  endfacet
  facet normal 1 0 0
    outer loop
      vertex 153.71 280.575 6.47224
      vertex 153.71 243.5 6.47224
      vertex 153.71 243.852 6.20208
    endloop
  endfacet
  facet normal 1 0 0
    outer loop
      vertex 153.71 280.985 6.64207
      vertex 153.71 243.09 6.64207
      vertex 153.71 243.5 6.47224
    endloop
  endfacet
  facet normal 1 0 0
    outer loop
      vertex 153.71 281.425 6.7
      vertex 153.71 242.65 6.7
      vertex 153.71 243.09 6.64207
    endloop
  endfacet
  facet normal 1 0 0
    outer loop
      vertex 153.71 241.008 5.43999
      vertex 153.71 205.575 5
      vertex 153.71 240.95 5
    endloop
  endfacet
  facet normal 1 0 0
    outer loop
      vertex 153.71 205.517 5.43999
      vertex 153.71 241.008 5.43999
      vertex 153.71 241.178 5.85
    endloop
  endfacet
  facet normal 1 0 0
    outer loop
      vertex 153.71 205.347 5.85
      vertex 153.71 241.178 5.85
      vertex 153.71 241.448 6.20208
    endloop
  endfacet
  facet normal 1 0 0
    outer loop
      vertex 153.71 205.077 6.20208
      vertex 153.71 241.448 6.20208
      vertex 153.71 241.8 6.47224
    endloop
  endfacet
  facet normal 1 0 0
    outer loop
      vertex 153.71 204.725 6.47224
      vertex 153.71 241.8 6.47224
      vertex 153.71 242.21 6.64207
    endloop
  endfacet
  facet normal 1 0 0
    outer loop
      vertex 153.71 204.315 6.64207
      vertex 153.71 242.21 6.64207
      vertex 153.71 242.65 6.7
    endloop
  endfacet
  facet normal 1 0 0
    outer loop
      vertex 153.71 241.008 5.43999
      vertex 153.71 205.517 5.43999
      vertex 153.71 205.575 5
    endloop
  endfacet
  facet normal 1 0 0
    outer loop
      vertex 153.71 241.178 5.85
      vertex 153.71 205.347 5.85
      vertex 153.71 205.517 5.43999
    endloop
  endfacet
  facet normal 1 0 0
    outer loop
      vertex 153.71 241.448 6.20208
      vertex 153.71 205.077 6.20208
      vertex 153.71 205.347 5.85
    endloop
  endfacet
  facet normal 1 -0 0
    outer loop
      vertex 153.71 153.1 8
      vertex 153.71 242.65 6.7
      vertex 153.71 326.2 8
    endloop
  endfacet
  facet normal 1 0 0
    outer loop
      vertex 153.71 241.8 6.47224
      vertex 153.71 204.725 6.47224
      vertex 153.71 205.077 6.20208
    endloop
  endfacet
  facet normal 1 0 0
    outer loop
      vertex 153.71 242.21 6.64207
      vertex 153.71 204.315 6.64207
      vertex 153.71 204.725 6.47224
    endloop
  endfacet
  facet normal 1 0 0
    outer loop
      vertex 153.71 242.65 6.7
      vertex 153.71 203.875 6.7
      vertex 153.71 204.315 6.64207
    endloop
  endfacet
  facet normal 1 0 0
    outer loop
      vertex 153.71 202.233 5.43999
      vertex 153.71 166.8 5
      vertex 153.71 202.175 5
    endloop
  endfacet
  facet normal 1 0 0
    outer loop
      vertex 153.71 166.742 5.43999
      vertex 153.71 202.233 5.43999
      vertex 153.71 202.403 5.85
    endloop
  endfacet
  facet normal 1 0 0
    outer loop
      vertex 153.71 166.572 5.85
      vertex 153.71 202.403 5.85
      vertex 153.71 202.673 6.20208
    endloop
  endfacet
  facet normal 1 0 0
    outer loop
      vertex 153.71 166.302 6.20208
      vertex 153.71 202.673 6.20208
      vertex 153.71 203.025 6.47224
    endloop
  endfacet
  facet normal 1 0 0
    outer loop
      vertex 153.71 165.95 6.47224
      vertex 153.71 203.025 6.47224
      vertex 153.71 203.435 6.64207
    endloop
  endfacet
  facet normal 1 0 0
    outer loop
      vertex 153.71 165.54 6.64207
      vertex 153.71 203.435 6.64207
      vertex 153.71 203.875 6.7
    endloop
  endfacet
  facet normal 1 0 0
    outer loop
      vertex 153.71 202.233 5.43999
      vertex 153.71 166.742 5.43999
      vertex 153.71 166.8 5
    endloop
  endfacet
  facet normal 1 0 0
    outer loop
      vertex 153.71 202.403 5.85
      vertex 153.71 166.572 5.85
      vertex 153.71 166.742 5.43999
    endloop
  endfacet
  facet normal 1 0 0
    outer loop
      vertex 153.71 202.673 6.20208
      vertex 153.71 166.302 6.20208
      vertex 153.71 166.572 5.85
    endloop
  endfacet
  facet normal 1 0 0
    outer loop
      vertex 153.71 203.025 6.47224
      vertex 153.71 165.95 6.47224
      vertex 153.71 166.302 6.20208
    endloop
  endfacet
  facet normal 1 0 0
    outer loop
      vertex 153.71 242.65 6.7
      vertex 153.71 153.1 8
      vertex 153.71 203.875 6.7
    endloop
  endfacet
  facet normal 1 0 0
    outer loop
      vertex 153.71 203.435 6.64207
      vertex 153.71 165.54 6.64207
      vertex 153.71 165.95 6.47224
    endloop
  endfacet
  facet normal 1 0 0
    outer loop
      vertex 153.71 203.875 6.7
      vertex 153.71 165.1 6.7
      vertex 153.71 165.54 6.64207
    endloop
  endfacet
  facet normal 1 0 0
    outer loop
      vertex 153.71 163.458 5.43999
      vertex 153.71 153.1 8
      vertex 153.71 163.4 5
    endloop
  endfacet
  facet normal 1 0 0
    outer loop
      vertex 153.71 163.628 5.85
      vertex 153.71 153.1 8
      vertex 153.71 163.458 5.43999
    endloop
  endfacet
  facet normal 1 0 0
    outer loop
      vertex 153.71 163.898 6.20208
      vertex 153.71 153.1 8
      vertex 153.71 163.628 5.85
    endloop
  endfacet
  facet normal 1 0 0
    outer loop
      vertex 153.71 164.25 6.47224
      vertex 153.71 153.1 8
      vertex 153.71 163.898 6.20208
    endloop
  endfacet
  facet normal 1 0 0
    outer loop
      vertex 153.71 164.66 6.64207
      vertex 153.71 153.1 8
      vertex 153.71 164.25 6.47224
    endloop
  endfacet
  facet normal 1 0 0
    outer loop
      vertex 153.71 165.1 6.7
      vertex 153.71 153.1 8
      vertex 153.71 164.66 6.64207
    endloop
  endfacet
  facet normal 1 0 0
    outer loop
      vertex 153.71 203.875 6.7
      vertex 153.71 153.1 8
      vertex 153.71 165.1 6.7
    endloop
  endfacet
  facet normal 1 -0 0
    outer loop
      vertex 153.71 332.2 12
      vertex 153.71 334.2 0
      vertex 153.71 334.2 12
    endloop
  endfacet
  facet normal 1 0 0
    outer loop
      vertex 153.71 326.2 8
      vertex 153.71 332.2 12
      vertex 153.71 326.2 12
    endloop
  endfacet
  facet normal 1 0 0
    outer loop
      vertex 153.71 332.2 12
      vertex 153.71 326.2 8
      vertex 153.71 334.2 0
    endloop
  endfacet
  facet normal 1 0 0
    outer loop
      vertex 153.71 321.842 4.56001
      vertex 153.71 326.2 8
      vertex 153.71 321.9 5
    endloop
  endfacet
  facet normal 1 0 0
    outer loop
      vertex 153.71 321.672 4.15
      vertex 153.71 326.2 8
      vertex 153.71 321.842 4.56001
    endloop
  endfacet
  facet normal 1 0 0
    outer loop
      vertex 153.71 326.2 8
      vertex 153.71 321.672 4.15
      vertex 153.71 334.2 0
    endloop
  endfacet
  facet normal 1 -0 0
    outer loop
      vertex 153.71 321.402 3.79792
      vertex 153.71 334.2 0
      vertex 153.71 321.672 4.15
    endloop
  endfacet
  facet normal 1 -0 0
    outer loop
      vertex 153.71 321.05 3.52776
      vertex 153.71 334.2 0
      vertex 153.71 321.402 3.79792
    endloop
  endfacet
  facet normal 1 -0 0
    outer loop
      vertex 153.71 320.64 3.35793
      vertex 153.71 334.2 0
      vertex 153.71 321.05 3.52776
    endloop
  endfacet
  facet normal 1 -0 0
    outer loop
      vertex 153.71 320.2 3.3
      vertex 153.71 334.2 0
      vertex 153.71 320.64 3.35793
    endloop
  endfacet
  facet normal 1 0 0
    outer loop
      vertex 153.71 319.76 3.35793
      vertex 153.71 334.2 0
      vertex 153.71 320.2 3.3
    endloop
  endfacet
  facet normal 1 -0 0
    outer loop
      vertex 153.71 283.125 5
      vertex 153.71 318.558 4.56001
      vertex 153.71 318.5 5
    endloop
  endfacet
  facet normal 1 0 0
    outer loop
      vertex 153.71 283.067 4.56001
      vertex 153.71 318.558 4.56001
      vertex 153.71 283.125 5
    endloop
  endfacet
  facet normal 1 0 0
    outer loop
      vertex 153.71 318.558 4.56001
      vertex 153.71 283.067 4.56001
      vertex 153.71 318.728 4.15
    endloop
  endfacet
  facet normal 1 0 0
    outer loop
      vertex 153.71 282.897 4.15
      vertex 153.71 318.728 4.15
      vertex 153.71 283.067 4.56001
    endloop
  endfacet
  facet normal 1 0 0
    outer loop
      vertex 153.71 318.728 4.15
      vertex 153.71 282.897 4.15
      vertex 153.71 318.998 3.79792
    endloop
  endfacet
  facet normal 1 0 0
    outer loop
      vertex 153.71 282.627 3.79792
      vertex 153.71 318.998 3.79792
      vertex 153.71 282.897 4.15
    endloop
  endfacet
  facet normal 1 0 0
    outer loop
      vertex 153.71 318.998 3.79792
      vertex 153.71 282.627 3.79792
      vertex 153.71 319.35 3.52776
    endloop
  endfacet
  facet normal 1 0 0
    outer loop
      vertex 153.71 282.275 3.52776
      vertex 153.71 319.35 3.52776
      vertex 153.71 282.627 3.79792
    endloop
  endfacet
  facet normal 1 0 0
    outer loop
      vertex 153.71 319.35 3.52776
      vertex 153.71 282.275 3.52776
      vertex 153.71 319.76 3.35793
    endloop
  endfacet
  facet normal 1 0 0
    outer loop
      vertex 153.71 281.865 3.35793
      vertex 153.71 319.76 3.35793
      vertex 153.71 282.275 3.52776
    endloop
  endfacet
  facet normal 1 0 0
    outer loop
      vertex 153.71 319.76 3.35793
      vertex 153.71 281.865 3.35793
      vertex 153.71 334.2 0
    endloop
  endfacet
  facet normal 1 -0 0
    outer loop
      vertex 153.71 281.425 3.3
      vertex 153.71 334.2 0
      vertex 153.71 281.865 3.35793
    endloop
  endfacet
  facet normal 1 -0 0
    outer loop
      vertex 153.71 244.35 5
      vertex 153.71 279.783 4.56001
      vertex 153.71 279.725 5
    endloop
  endfacet
  facet normal 1 0 0
    outer loop
      vertex 153.71 244.292 4.56001
      vertex 153.71 279.783 4.56001
      vertex 153.71 244.35 5
    endloop
  endfacet
  facet normal 1 0 0
    outer loop
      vertex 153.71 279.783 4.56001
      vertex 153.71 244.292 4.56001
      vertex 153.71 279.953 4.15
    endloop
  endfacet
  facet normal 1 0 0
    outer loop
      vertex 153.71 244.122 4.15
      vertex 153.71 279.953 4.15
      vertex 153.71 244.292 4.56001
    endloop
  endfacet
  facet normal 1 0 0
    outer loop
      vertex 153.71 279.953 4.15
      vertex 153.71 244.122 4.15
      vertex 153.71 280.223 3.79792
    endloop
  endfacet
  facet normal 1 0 0
    outer loop
      vertex 153.71 243.852 3.79792
      vertex 153.71 280.223 3.79792
      vertex 153.71 244.122 4.15
    endloop
  endfacet
  facet normal 1 0 0
    outer loop
      vertex 153.71 280.223 3.79792
      vertex 153.71 243.852 3.79792
      vertex 153.71 280.575 3.52776
    endloop
  endfacet
  facet normal 1 0 0
    outer loop
      vertex 153.71 243.5 3.52776
      vertex 153.71 280.575 3.52776
      vertex 153.71 243.852 3.79792
    endloop
  endfacet
  facet normal 1 0 0
    outer loop
      vertex 153.71 280.575 3.52776
      vertex 153.71 243.5 3.52776
      vertex 153.71 280.985 3.35793
    endloop
  endfacet
  facet normal 1 0 0
    outer loop
      vertex 153.71 243.09 3.35793
      vertex 153.71 280.985 3.35793
      vertex 153.71 243.5 3.52776
    endloop
  endfacet
  facet normal 1 0 0
    outer loop
      vertex 153.71 280.985 3.35793
      vertex 153.71 243.09 3.35793
      vertex 153.71 281.425 3.3
    endloop
  endfacet
  facet normal 1 0 0
    outer loop
      vertex 153.71 242.65 3.3
      vertex 153.71 281.425 3.3
      vertex 153.71 243.09 3.35793
    endloop
  endfacet
  facet normal 1 0 0
    outer loop
      vertex 153.71 281.425 3.3
      vertex 153.71 242.65 3.3
      vertex 153.71 334.2 0
    endloop
  endfacet
  facet normal 1 -0 0
    outer loop
      vertex 153.71 205.575 5
      vertex 153.71 241.008 4.56001
      vertex 153.71 240.95 5
    endloop
  endfacet
  facet normal 1 0 0
    outer loop
      vertex 153.71 205.517 4.56001
      vertex 153.71 241.008 4.56001
      vertex 153.71 205.575 5
    endloop
  endfacet
  facet normal 1 0 0
    outer loop
      vertex 153.71 241.008 4.56001
      vertex 153.71 205.517 4.56001
      vertex 153.71 241.178 4.15
    endloop
  endfacet
  facet normal 1 0 0
    outer loop
      vertex 153.71 205.347 4.15
      vertex 153.71 241.178 4.15
      vertex 153.71 205.517 4.56001
    endloop
  endfacet
  facet normal 1 0 0
    outer loop
      vertex 153.71 241.178 4.15
      vertex 153.71 205.347 4.15
      vertex 153.71 241.448 3.79792
    endloop
  endfacet
  facet normal 1 0 0
    outer loop
      vertex 153.71 205.077 3.79792
      vertex 153.71 241.448 3.79792
      vertex 153.71 205.347 4.15
    endloop
  endfacet
  facet normal 1 0 0
    outer loop
      vertex 153.71 241.448 3.79792
      vertex 153.71 205.077 3.79792
      vertex 153.71 241.8 3.52776
    endloop
  endfacet
  facet normal 1 0 0
    outer loop
      vertex 153.71 204.725 3.52776
      vertex 153.71 241.8 3.52776
      vertex 153.71 205.077 3.79792
    endloop
  endfacet
  facet normal 1 0 0
    outer loop
      vertex 153.71 241.8 3.52776
      vertex 153.71 204.725 3.52776
      vertex 153.71 242.21 3.35793
    endloop
  endfacet
  facet normal 1 0 0
    outer loop
      vertex 153.71 204.315 3.35793
      vertex 153.71 242.21 3.35793
      vertex 153.71 204.725 3.52776
    endloop
  endfacet
  facet normal 1 0 0
    outer loop
      vertex 153.71 242.21 3.35793
      vertex 153.71 204.315 3.35793
      vertex 153.71 242.65 3.3
    endloop
  endfacet
  facet normal 1 0 0
    outer loop
      vertex 153.71 203.875 3.3
      vertex 153.71 242.65 3.3
      vertex 153.71 204.315 3.35793
    endloop
  endfacet
  facet normal 1 0 0
    outer loop
      vertex 153.71 153.1 0
      vertex 153.71 242.65 3.3
      vertex 153.71 203.875 3.3
    endloop
  endfacet
  facet normal 1 -0 0
    outer loop
      vertex 153.71 166.8 5
      vertex 153.71 202.233 4.56001
      vertex 153.71 202.175 5
    endloop
  endfacet
  facet normal 1 0 0
    outer loop
      vertex 153.71 166.742 4.56001
      vertex 153.71 202.233 4.56001
      vertex 153.71 166.8 5
    endloop
  endfacet
  facet normal 1 0 0
    outer loop
      vertex 153.71 202.233 4.56001
      vertex 153.71 166.742 4.56001
      vertex 153.71 202.403 4.15
    endloop
  endfacet
  facet normal 1 0 0
    outer loop
      vertex 153.71 166.572 4.15
      vertex 153.71 202.403 4.15
      vertex 153.71 166.742 4.56001
    endloop
  endfacet
  facet normal 1 0 0
    outer loop
      vertex 153.71 202.403 4.15
      vertex 153.71 166.572 4.15
      vertex 153.71 202.673 3.79792
    endloop
  endfacet
  facet normal 1 0 0
    outer loop
      vertex 153.71 166.302 3.79792
      vertex 153.71 202.673 3.79792
      vertex 153.71 166.572 4.15
    endloop
  endfacet
  facet normal 1 0 0
    outer loop
      vertex 153.71 202.673 3.79792
      vertex 153.71 166.302 3.79792
      vertex 153.71 203.025 3.52776
    endloop
  endfacet
  facet normal 1 0 0
    outer loop
      vertex 153.71 165.95 3.52776
      vertex 153.71 203.025 3.52776
      vertex 153.71 166.302 3.79792
    endloop
  endfacet
  facet normal 1 0 0
    outer loop
      vertex 153.71 203.025 3.52776
      vertex 153.71 165.95 3.52776
      vertex 153.71 203.435 3.35793
    endloop
  endfacet
  facet normal 1 0 0
    outer loop
      vertex 153.71 165.54 3.35793
      vertex 153.71 203.435 3.35793
      vertex 153.71 165.95 3.52776
    endloop
  endfacet
  facet normal 1 0 0
    outer loop
      vertex 153.71 153.1 0
      vertex 153.71 203.435 3.35793
      vertex 153.71 165.54 3.35793
    endloop
  endfacet
  facet normal 1 0 0
    outer loop
      vertex 153.71 203.435 3.35793
      vertex 153.71 153.1 0
      vertex 153.71 203.875 3.3
    endloop
  endfacet
  facet normal 1 0 0
    outer loop
      vertex 153.71 153.1 0
      vertex 153.71 165.54 3.35793
      vertex 153.71 165.1 3.3
    endloop
  endfacet
  facet normal 1 0 0
    outer loop
      vertex 153.71 153.1 8
      vertex 153.71 163.458 4.56001
      vertex 153.71 163.4 5
    endloop
  endfacet
  facet normal 1 0 0
    outer loop
      vertex 153.71 153.1 0
      vertex 153.71 163.458 4.56001
      vertex 153.71 153.1 8
    endloop
  endfacet
  facet normal 1 0 0
    outer loop
      vertex 153.71 163.458 4.56001
      vertex 153.71 153.1 0
      vertex 153.71 163.628 4.15
    endloop
  endfacet
  facet normal 1 0 0
    outer loop
      vertex 153.71 163.628 4.15
      vertex 153.71 153.1 0
      vertex 153.71 163.898 3.79792
    endloop
  endfacet
  facet normal 1 0 0
    outer loop
      vertex 153.71 163.898 3.79792
      vertex 153.71 153.1 0
      vertex 153.71 164.25 3.52776
    endloop
  endfacet
  facet normal 1 0 0
    outer loop
      vertex 153.71 242.65 3.3
      vertex 153.71 153.1 0
      vertex 153.71 334.2 0
    endloop
  endfacet
  facet normal 1 0 0
    outer loop
      vertex 153.71 164.66 3.35793
      vertex 153.71 153.1 0
      vertex 153.71 165.1 3.3
    endloop
  endfacet
  facet normal 1 0 0
    outer loop
      vertex 153.71 164.25 3.52776
      vertex 153.71 153.1 0
      vertex 153.71 164.66 3.35793
    endloop
  endfacet
  facet normal 0 -1 0
    outer loop
      vertex 92.56 153.1 6.64207
      vertex 133.18 153.1 6.7
      vertex 92.12 153.1 6.7
    endloop
  endfacet
  facet normal 0 -1 0
    outer loop
      vertex 92.56 153.1 6.64207
      vertex 132.74 153.1 6.64207
      vertex 133.18 153.1 6.7
    endloop
  endfacet
  facet normal 0 -1 0
    outer loop
      vertex 92.97 153.1 6.47224
      vertex 132.74 153.1 6.64207
      vertex 92.56 153.1 6.64207
    endloop
  endfacet
  facet normal 0 -1 0
    outer loop
      vertex 92.97 153.1 6.47224
      vertex 132.33 153.1 6.47224
      vertex 132.74 153.1 6.64207
    endloop
  endfacet
  facet normal 0 -1 0
    outer loop
      vertex 93.3221 153.1 6.20208
      vertex 132.33 153.1 6.47224
      vertex 92.97 153.1 6.47224
    endloop
  endfacet
  facet normal 0 -1 0
    outer loop
      vertex 93.3221 153.1 6.20208
      vertex 131.978 153.1 6.20208
      vertex 132.33 153.1 6.47224
    endloop
  endfacet
  facet normal 0 -1 0
    outer loop
      vertex 93.5922 153.1 5.85
      vertex 131.978 153.1 6.20208
      vertex 93.3221 153.1 6.20208
    endloop
  endfacet
  facet normal 0 -1 0
    outer loop
      vertex 93.5922 153.1 5.85
      vertex 131.708 153.1 5.85
      vertex 131.978 153.1 6.20208
    endloop
  endfacet
  facet normal 0 -1 0
    outer loop
      vertex 93.7621 153.1 5.43999
      vertex 131.708 153.1 5.85
      vertex 93.5922 153.1 5.85
    endloop
  endfacet
  facet normal 0 -1 0
    outer loop
      vertex 93.7621 153.1 5.43999
      vertex 131.538 153.1 5.43999
      vertex 131.708 153.1 5.85
    endloop
  endfacet
  facet normal 0 -1 0
    outer loop
      vertex 93.82 153.1 5
      vertex 131.538 153.1 5.43999
      vertex 93.7621 153.1 5.43999
    endloop
  endfacet
  facet normal 0 -1 0
    outer loop
      vertex 93.82 153.1 5
      vertex 131.48 153.1 5
      vertex 131.538 153.1 5.43999
    endloop
  endfacet
  facet normal 0 -1 0
    outer loop
      vertex 93.7621 153.1 4.56001
      vertex 131.48 153.1 5
      vertex 93.82 153.1 5
    endloop
  endfacet
  facet normal 0 -1 0
    outer loop
      vertex 93.7621 153.1 4.56001
      vertex 131.538 153.1 4.56001
      vertex 131.48 153.1 5
    endloop
  endfacet
  facet normal 0 -1 0
    outer loop
      vertex 93.5922 153.1 4.15
      vertex 131.538 153.1 4.56001
      vertex 93.7621 153.1 4.56001
    endloop
  endfacet
  facet normal 0 -1 0
    outer loop
      vertex 93.5922 153.1 4.15
      vertex 131.708 153.1 4.15
      vertex 131.538 153.1 4.56001
    endloop
  endfacet
  facet normal 0 -1 0
    outer loop
      vertex 93.3221 153.1 3.79792
      vertex 131.708 153.1 4.15
      vertex 93.5922 153.1 4.15
    endloop
  endfacet
  facet normal 0 -1 0
    outer loop
      vertex 93.3221 153.1 3.79792
      vertex 131.978 153.1 3.79792
      vertex 131.708 153.1 4.15
    endloop
  endfacet
  facet normal 0 -1 0
    outer loop
      vertex 92.97 153.1 3.52776
      vertex 131.978 153.1 3.79792
      vertex 93.3221 153.1 3.79792
    endloop
  endfacet
  facet normal 0 -1 0
    outer loop
      vertex 92.97 153.1 3.52776
      vertex 132.33 153.1 3.52776
      vertex 131.978 153.1 3.79792
    endloop
  endfacet
  facet normal 0 -1 0
    outer loop
      vertex 92.56 153.1 3.35793
      vertex 132.33 153.1 3.52776
      vertex 92.97 153.1 3.52776
    endloop
  endfacet
  facet normal 0 -1 0
    outer loop
      vertex 92.56 153.1 3.35793
      vertex 132.74 153.1 3.35793
      vertex 132.33 153.1 3.52776
    endloop
  endfacet
  facet normal 0 -1 0
    outer loop
      vertex 92.12 153.1 3.3
      vertex 132.74 153.1 3.35793
      vertex 92.56 153.1 3.35793
    endloop
  endfacet
  facet normal 0 -1 -0
    outer loop
      vertex 132.74 153.1 3.35793
      vertex 92.12 153.1 3.3
      vertex 133.18 153.1 3.3
    endloop
  endfacet
  facet normal 0 -1 0
    outer loop
      vertex 51.5 153.1 6.64207
      vertex 92.12 153.1 6.7
      vertex 51.06 153.1 6.7
    endloop
  endfacet
  facet normal 0 -1 0
    outer loop
      vertex 51.5 153.1 6.64207
      vertex 91.68 153.1 6.64207
      vertex 92.12 153.1 6.7
    endloop
  endfacet
  facet normal 0 -1 0
    outer loop
      vertex 51.91 153.1 6.47224
      vertex 91.68 153.1 6.64207
      vertex 51.5 153.1 6.64207
    endloop
  endfacet
  facet normal 0 -1 0
    outer loop
      vertex 51.91 153.1 6.47224
      vertex 91.27 153.1 6.47224
      vertex 91.68 153.1 6.64207
    endloop
  endfacet
  facet normal 0 -1 0
    outer loop
      vertex 52.2621 153.1 6.20208
      vertex 91.27 153.1 6.47224
      vertex 51.91 153.1 6.47224
    endloop
  endfacet
  facet normal 0 -1 0
    outer loop
      vertex 52.2621 153.1 6.20208
      vertex 90.9179 153.1 6.20208
      vertex 91.27 153.1 6.47224
    endloop
  endfacet
  facet normal 0 -1 0
    outer loop
      vertex 52.5322 153.1 5.85
      vertex 90.9179 153.1 6.20208
      vertex 52.2621 153.1 6.20208
    endloop
  endfacet
  facet normal 0 -1 0
    outer loop
      vertex 52.5322 153.1 5.85
      vertex 90.6478 153.1 5.85
      vertex 90.9179 153.1 6.20208
    endloop
  endfacet
  facet normal 0 -1 0
    outer loop
      vertex 52.7021 153.1 5.43999
      vertex 90.6478 153.1 5.85
      vertex 52.5322 153.1 5.85
    endloop
  endfacet
  facet normal 0 -1 0
    outer loop
      vertex 52.7021 153.1 5.43999
      vertex 90.4779 153.1 5.43999
      vertex 90.6478 153.1 5.85
    endloop
  endfacet
  facet normal 0 -1 0
    outer loop
      vertex 52.76 153.1 5
      vertex 90.4779 153.1 5.43999
      vertex 52.7021 153.1 5.43999
    endloop
  endfacet
  facet normal 0 -1 0
    outer loop
      vertex 52.76 153.1 5
      vertex 90.42 153.1 5
      vertex 90.4779 153.1 5.43999
    endloop
  endfacet
  facet normal 0 -1 0
    outer loop
      vertex 52.7021 153.1 4.56001
      vertex 90.42 153.1 5
      vertex 52.76 153.1 5
    endloop
  endfacet
  facet normal 0 -1 0
    outer loop
      vertex 52.7021 153.1 4.56001
      vertex 90.4779 153.1 4.56001
      vertex 90.42 153.1 5
    endloop
  endfacet
  facet normal 0 -1 0
    outer loop
      vertex 52.5322 153.1 4.15
      vertex 90.4779 153.1 4.56001
      vertex 52.7021 153.1 4.56001
    endloop
  endfacet
  facet normal 0 -1 0
    outer loop
      vertex 52.5322 153.1 4.15
      vertex 90.6478 153.1 4.15
      vertex 90.4779 153.1 4.56001
    endloop
  endfacet
  facet normal 0 -1 0
    outer loop
      vertex 52.2621 153.1 3.79792
      vertex 90.6478 153.1 4.15
      vertex 52.5322 153.1 4.15
    endloop
  endfacet
  facet normal 0 -1 0
    outer loop
      vertex 52.2621 153.1 3.79792
      vertex 90.9179 153.1 3.79792
      vertex 90.6478 153.1 4.15
    endloop
  endfacet
  facet normal 0 -1 0
    outer loop
      vertex 51.91 153.1 3.52776
      vertex 90.9179 153.1 3.79792
      vertex 52.2621 153.1 3.79792
    endloop
  endfacet
  facet normal 0 -1 0
    outer loop
      vertex 51.91 153.1 3.52776
      vertex 91.27 153.1 3.52776
      vertex 90.9179 153.1 3.79792
    endloop
  endfacet
  facet normal 0 -1 0
    outer loop
      vertex 51.5 153.1 3.35793
      vertex 91.27 153.1 3.52776
      vertex 51.91 153.1 3.52776
    endloop
  endfacet
  facet normal 0 -1 0
    outer loop
      vertex 51.5 153.1 3.35793
      vertex 91.68 153.1 3.35793
      vertex 91.27 153.1 3.52776
    endloop
  endfacet
  facet normal 0 -1 0
    outer loop
      vertex 51.06 153.1 3.3
      vertex 91.68 153.1 3.35793
      vertex 51.5 153.1 3.35793
    endloop
  endfacet
  facet normal 0 -1 -0
    outer loop
      vertex 91.68 153.1 3.35793
      vertex 51.06 153.1 3.3
      vertex 92.12 153.1 3.3
    endloop
  endfacet
  facet normal 0 -1 0
    outer loop
      vertex 50.62 153.1 6.64207
      vertex 4 153.1 8
      vertex 10.44 153.1 6.64207
    endloop
  endfacet
  facet normal 0 -1 0
    outer loop
      vertex 4 153.1 8
      vertex 50.62 153.1 6.64207
      vertex 51.06 153.1 6.7
    endloop
  endfacet
  facet normal 0 -1 0
    outer loop
      vertex 10.85 153.1 6.47224
      vertex 50.62 153.1 6.64207
      vertex 10.44 153.1 6.64207
    endloop
  endfacet
  facet normal 0 -1 0
    outer loop
      vertex 10.85 153.1 6.47224
      vertex 50.21 153.1 6.47224
      vertex 50.62 153.1 6.64207
    endloop
  endfacet
  facet normal 0 -1 0
    outer loop
      vertex 11.2021 153.1 6.20208
      vertex 50.21 153.1 6.47224
      vertex 10.85 153.1 6.47224
    endloop
  endfacet
  facet normal 0 -1 0
    outer loop
      vertex 11.2021 153.1 6.20208
      vertex 49.8579 153.1 6.20208
      vertex 50.21 153.1 6.47224
    endloop
  endfacet
  facet normal 0 -1 0
    outer loop
      vertex 11.4722 153.1 5.85
      vertex 49.8579 153.1 6.20208
      vertex 11.2021 153.1 6.20208
    endloop
  endfacet
  facet normal 0 -1 0
    outer loop
      vertex 11.4722 153.1 5.85
      vertex 49.5878 153.1 5.85
      vertex 49.8579 153.1 6.20208
    endloop
  endfacet
  facet normal 0 -1 0
    outer loop
      vertex 11.6421 153.1 5.43999
      vertex 49.5878 153.1 5.85
      vertex 11.4722 153.1 5.85
    endloop
  endfacet
  facet normal 0 -1 0
    outer loop
      vertex 11.6421 153.1 5.43999
      vertex 49.4179 153.1 5.43999
      vertex 49.5878 153.1 5.85
    endloop
  endfacet
  facet normal 0 -1 0
    outer loop
      vertex 11.7 153.1 5
      vertex 49.4179 153.1 5.43999
      vertex 11.6421 153.1 5.43999
    endloop
  endfacet
  facet normal 0 -1 0
    outer loop
      vertex 11.7 153.1 5
      vertex 49.36 153.1 5
      vertex 49.4179 153.1 5.43999
    endloop
  endfacet
  facet normal 0 -1 0
    outer loop
      vertex 11.6421 153.1 4.56001
      vertex 49.36 153.1 5
      vertex 11.7 153.1 5
    endloop
  endfacet
  facet normal 0 -1 0
    outer loop
      vertex 11.6421 153.1 4.56001
      vertex 49.4179 153.1 4.56001
      vertex 49.36 153.1 5
    endloop
  endfacet
  facet normal 0 -1 0
    outer loop
      vertex 11.4722 153.1 4.15
      vertex 49.4179 153.1 4.56001
      vertex 11.6421 153.1 4.56001
    endloop
  endfacet
  facet normal 0 -1 0
    outer loop
      vertex 11.4722 153.1 4.15
      vertex 49.5878 153.1 4.15
      vertex 49.4179 153.1 4.56001
    endloop
  endfacet
  facet normal 0 -1 0
    outer loop
      vertex 11.2021 153.1 3.79792
      vertex 49.5878 153.1 4.15
      vertex 11.4722 153.1 4.15
    endloop
  endfacet
  facet normal 0 -1 0
    outer loop
      vertex 11.2021 153.1 3.79792
      vertex 49.8579 153.1 3.79792
      vertex 49.5878 153.1 4.15
    endloop
  endfacet
  facet normal 0 -1 0
    outer loop
      vertex 10.85 153.1 3.52776
      vertex 49.8579 153.1 3.79792
      vertex 11.2021 153.1 3.79792
    endloop
  endfacet
  facet normal 0 -1 0
    outer loop
      vertex 10.85 153.1 3.52776
      vertex 50.21 153.1 3.52776
      vertex 49.8579 153.1 3.79792
    endloop
  endfacet
  facet normal 0 -1 0
    outer loop
      vertex 10.44 153.1 3.35793
      vertex 50.21 153.1 3.52776
      vertex 10.85 153.1 3.52776
    endloop
  endfacet
  facet normal 0 -1 0
    outer loop
      vertex 10.44 153.1 3.35793
      vertex 50.62 153.1 3.35793
      vertex 50.21 153.1 3.52776
    endloop
  endfacet
  facet normal 0 -1 0
    outer loop
      vertex -4 153.1 0
      vertex 10.44 153.1 3.35793
      vertex 10 153.1 3.3
    endloop
  endfacet
  facet normal 0 -1 -0
    outer loop
      vertex 10.44 153.1 3.35793
      vertex -4 153.1 0
      vertex 50.62 153.1 3.35793
    endloop
  endfacet
  facet normal 0 -1 0
    outer loop
      vertex -4 153.1 12
      vertex 4 153.1 8
      vertex 4 153.1 12
    endloop
  endfacet
  facet normal 0 -1 0
    outer loop
      vertex 10.44 153.1 6.64207
      vertex 4 153.1 8
      vertex 10 153.1 6.7
    endloop
  endfacet
  facet normal 0 -1 0
    outer loop
      vertex 4 153.1 8
      vertex 9.56001 153.1 6.64207
      vertex 10 153.1 6.7
    endloop
  endfacet
  facet normal 0 -1 0
    outer loop
      vertex 4 153.1 8
      vertex 9.15 153.1 6.47224
      vertex 9.56001 153.1 6.64207
    endloop
  endfacet
  facet normal 0 -1 0
    outer loop
      vertex 4 153.1 8
      vertex 8.79792 153.1 6.20208
      vertex 9.15 153.1 6.47224
    endloop
  endfacet
  facet normal 0 -1 0
    outer loop
      vertex 4 153.1 8
      vertex 8.52776 153.1 5.85
      vertex 8.79792 153.1 6.20208
    endloop
  endfacet
  facet normal 0 -1 0
    outer loop
      vertex 4 153.1 8
      vertex 8.35793 153.1 5.43999
      vertex 8.52776 153.1 5.85
    endloop
  endfacet
  facet normal 0 -1 0
    outer loop
      vertex -4 153.1 0
      vertex 4 153.1 8
      vertex -4 153.1 12
    endloop
  endfacet
  facet normal 0 -1 0
    outer loop
      vertex 4 153.1 8
      vertex 8.3 153.1 5
      vertex 8.35793 153.1 5.43999
    endloop
  endfacet
  facet normal -0 -1 0
    outer loop
      vertex 8.52776 153.1 4.15
      vertex 4 153.1 8
      vertex -4 153.1 0
    endloop
  endfacet
  facet normal 0 -1 0
    outer loop
      vertex 4 153.1 8
      vertex 8.35793 153.1 4.56001
      vertex 8.3 153.1 5
    endloop
  endfacet
  facet normal 0 -1 0
    outer loop
      vertex 4 153.1 8
      vertex 8.52776 153.1 4.15
      vertex 8.35793 153.1 4.56001
    endloop
  endfacet
  facet normal 0 -1 -0
    outer loop
      vertex 8.52776 153.1 4.15
      vertex -4 153.1 0
      vertex 8.79792 153.1 3.79792
    endloop
  endfacet
  facet normal 0 -1 -0
    outer loop
      vertex 50.62 153.1 3.35793
      vertex -4 153.1 0
      vertex 51.06 153.1 3.3
    endloop
  endfacet
  facet normal 0 -1 -0
    outer loop
      vertex 51.06 153.1 3.3
      vertex -4 153.1 0
      vertex 92.12 153.1 3.3
    endloop
  endfacet
  facet normal 0 -1 0
    outer loop
      vertex 153.71 153.1 0
      vertex 92.12 153.1 3.3
      vertex -4 153.1 0
    endloop
  endfacet
  facet normal 0 -1 -0
    outer loop
      vertex 9.56001 153.1 3.35793
      vertex -4 153.1 0
      vertex 10 153.1 3.3
    endloop
  endfacet
  facet normal 0 -1 -0
    outer loop
      vertex 9.15 153.1 3.52776
      vertex -4 153.1 0
      vertex 9.56001 153.1 3.35793
    endloop
  endfacet
  facet normal 0 -1 -0
    outer loop
      vertex 8.79792 153.1 3.79792
      vertex -4 153.1 0
      vertex 9.15 153.1 3.52776
    endloop
  endfacet
  facet normal 0 -1 0
    outer loop
      vertex 4 153.1 8
      vertex 51.06 153.1 6.7
      vertex 153.71 153.1 8
    endloop
  endfacet
  facet normal 0 -1 0
    outer loop
      vertex 92.12 153.1 6.7
      vertex 153.71 153.1 8
      vertex 51.06 153.1 6.7
    endloop
  endfacet
  facet normal 0 -1 0
    outer loop
      vertex 133.18 153.1 6.7
      vertex 153.71 153.1 8
      vertex 92.12 153.1 6.7
    endloop
  endfacet
  facet normal 0 -1 0
    outer loop
      vertex 133.62 153.1 6.64207
      vertex 153.71 153.1 8
      vertex 133.18 153.1 6.7
    endloop
  endfacet
  facet normal 0 -1 0
    outer loop
      vertex 134.03 153.1 6.47224
      vertex 153.71 153.1 8
      vertex 133.62 153.1 6.64207
    endloop
  endfacet
  facet normal 0 -1 0
    outer loop
      vertex 134.382 153.1 6.20208
      vertex 153.71 153.1 8
      vertex 134.03 153.1 6.47224
    endloop
  endfacet
  facet normal 0 -1 0
    outer loop
      vertex 134.652 153.1 5.85
      vertex 153.71 153.1 8
      vertex 134.382 153.1 6.20208
    endloop
  endfacet
  facet normal 0 -1 0
    outer loop
      vertex 134.822 153.1 5.43999
      vertex 153.71 153.1 8
      vertex 134.652 153.1 5.85
    endloop
  endfacet
  facet normal 0 -1 0
    outer loop
      vertex 134.88 153.1 5
      vertex 153.71 153.1 8
      vertex 134.822 153.1 5.43999
    endloop
  endfacet
  facet normal 0 -1 0
    outer loop
      vertex 153.71 153.1 0
      vertex 134.88 153.1 5
      vertex 134.822 153.1 4.56001
    endloop
  endfacet
  facet normal 0 -1 0
    outer loop
      vertex 153.71 153.1 0
      vertex 134.822 153.1 4.56001
      vertex 134.652 153.1 4.15
    endloop
  endfacet
  facet normal 0 -1 0
    outer loop
      vertex 153.71 153.1 0
      vertex 134.652 153.1 4.15
      vertex 134.382 153.1 3.79792
    endloop
  endfacet
  facet normal 0 -1 0
    outer loop
      vertex 153.71 153.1 0
      vertex 134.382 153.1 3.79792
      vertex 134.03 153.1 3.52776
    endloop
  endfacet
  facet normal 0 -1 0
    outer loop
      vertex 153.71 153.1 0
      vertex 134.03 153.1 3.52776
      vertex 133.62 153.1 3.35793
    endloop
  endfacet
  facet normal 0 -1 0
    outer loop
      vertex 134.88 153.1 5
      vertex 153.71 153.1 0
      vertex 153.71 153.1 8
    endloop
  endfacet
  facet normal 0 -1 0
    outer loop
      vertex 133.18 153.1 3.3
      vertex 153.71 153.1 0
      vertex 133.62 153.1 3.35793
    endloop
  endfacet
  facet normal 0 -1 0
    outer loop
      vertex 92.12 153.1 3.3
      vertex 153.71 153.1 0
      vertex 133.18 153.1 3.3
    endloop
  endfacet
  facet normal -1 0 0
    outer loop
      vertex 149.71 332.2 2
      vertex 149.71 326.2 8
      vertex 149.71 332.2 12
    endloop
  endfacet
  facet normal -1 0 0
    outer loop
      vertex 149.71 321.842 4.56001
      vertex 149.71 326.2 8
      vertex 149.71 332.2 2
    endloop
  endfacet
  facet normal -1 0 0
    outer loop
      vertex 149.71 326.2 8
      vertex 149.71 321.842 4.56001
      vertex 149.71 321.9 5
    endloop
  endfacet
  facet normal -1 0 0
    outer loop
      vertex 149.71 332.2 2
      vertex 149.71 321.672 4.15
      vertex 149.71 321.842 4.56001
    endloop
  endfacet
  facet normal -1 0 0
    outer loop
      vertex 149.71 332.2 2
      vertex 149.71 321.402 3.79792
      vertex 149.71 321.672 4.15
    endloop
  endfacet
  facet normal -1 0 0
    outer loop
      vertex 149.71 332.2 2
      vertex 149.71 321.05 3.52776
      vertex 149.71 321.402 3.79792
    endloop
  endfacet
  facet normal -1 0 0
    outer loop
      vertex 149.71 332.2 2
      vertex 149.71 320.64 3.35793
      vertex 149.71 321.05 3.52776
    endloop
  endfacet
  facet normal -1 0 0
    outer loop
      vertex 149.71 332.2 2
      vertex 149.71 320.2 3.3
      vertex 149.71 320.64 3.35793
    endloop
  endfacet
  facet normal -1 0 0
    outer loop
      vertex 149.71 318.558 4.56001
      vertex 149.71 283.125 5
      vertex 149.71 318.5 5
    endloop
  endfacet
  facet normal -1 0 0
    outer loop
      vertex 149.71 283.067 4.56001
      vertex 149.71 318.558 4.56001
      vertex 149.71 318.728 4.15
    endloop
  endfacet
  facet normal -1 0 0
    outer loop
      vertex 149.71 282.897 4.15
      vertex 149.71 318.728 4.15
      vertex 149.71 318.998 3.79792
    endloop
  endfacet
  facet normal -1 0 0
    outer loop
      vertex 149.71 282.627 3.79792
      vertex 149.71 318.998 3.79792
      vertex 149.71 319.35 3.52776
    endloop
  endfacet
  facet normal -1 0 0
    outer loop
      vertex 149.71 282.275 3.52776
      vertex 149.71 319.35 3.52776
      vertex 149.71 319.76 3.35793
    endloop
  endfacet
  facet normal -1 0 0
    outer loop
      vertex 149.71 281.865 3.35793
      vertex 149.71 319.76 3.35793
      vertex 149.71 320.2 3.3
    endloop
  endfacet
  facet normal -1 0 0
    outer loop
      vertex 149.71 281.425 3.3
      vertex 149.71 320.2 3.3
      vertex 149.71 332.2 2
    endloop
  endfacet
  facet normal -1 0 0
    outer loop
      vertex 149.71 318.558 4.56001
      vertex 149.71 283.067 4.56001
      vertex 149.71 283.125 5
    endloop
  endfacet
  facet normal -1 0 0
    outer loop
      vertex 149.71 318.728 4.15
      vertex 149.71 282.897 4.15
      vertex 149.71 283.067 4.56001
    endloop
  endfacet
  facet normal -1 0 0
    outer loop
      vertex 149.71 318.998 3.79792
      vertex 149.71 282.627 3.79792
      vertex 149.71 282.897 4.15
    endloop
  endfacet
  facet normal -1 0 0
    outer loop
      vertex 149.71 319.35 3.52776
      vertex 149.71 282.275 3.52776
      vertex 149.71 282.627 3.79792
    endloop
  endfacet
  facet normal -1 0 0
    outer loop
      vertex 149.71 319.76 3.35793
      vertex 149.71 281.865 3.35793
      vertex 149.71 282.275 3.52776
    endloop
  endfacet
  facet normal -1 0 0
    outer loop
      vertex 149.71 320.2 3.3
      vertex 149.71 281.425 3.3
      vertex 149.71 281.865 3.35793
    endloop
  endfacet
  facet normal -1 0 0
    outer loop
      vertex 149.71 279.783 4.56001
      vertex 149.71 244.35 5
      vertex 149.71 279.725 5
    endloop
  endfacet
  facet normal -1 0 0
    outer loop
      vertex 149.71 244.292 4.56001
      vertex 149.71 279.783 4.56001
      vertex 149.71 279.953 4.15
    endloop
  endfacet
  facet normal -1 0 0
    outer loop
      vertex 149.71 244.122 4.15
      vertex 149.71 279.953 4.15
      vertex 149.71 280.223 3.79792
    endloop
  endfacet
  facet normal -1 0 0
    outer loop
      vertex 149.71 243.852 3.79792
      vertex 149.71 280.223 3.79792
      vertex 149.71 280.575 3.52776
    endloop
  endfacet
  facet normal -1 0 0
    outer loop
      vertex 149.71 243.5 3.52776
      vertex 149.71 280.575 3.52776
      vertex 149.71 280.985 3.35793
    endloop
  endfacet
  facet normal -1 0 0
    outer loop
      vertex 149.71 243.09 3.35793
      vertex 149.71 280.985 3.35793
      vertex 149.71 281.425 3.3
    endloop
  endfacet
  facet normal -1 0 0
    outer loop
      vertex 149.71 279.783 4.56001
      vertex 149.71 244.292 4.56001
      vertex 149.71 244.35 5
    endloop
  endfacet
  facet normal -1 0 0
    outer loop
      vertex 149.71 279.953 4.15
      vertex 149.71 244.122 4.15
      vertex 149.71 244.292 4.56001
    endloop
  endfacet
  facet normal -1 0 0
    outer loop
      vertex 149.71 242.65 3.3
      vertex 149.71 281.425 3.3
      vertex 149.71 332.2 2
    endloop
  endfacet
  facet normal -1 0 0
    outer loop
      vertex 149.71 280.223 3.79792
      vertex 149.71 243.852 3.79792
      vertex 149.71 244.122 4.15
    endloop
  endfacet
  facet normal -1 0 0
    outer loop
      vertex 149.71 280.575 3.52776
      vertex 149.71 243.5 3.52776
      vertex 149.71 243.852 3.79792
    endloop
  endfacet
  facet normal -1 0 0
    outer loop
      vertex 149.71 280.985 3.35793
      vertex 149.71 243.09 3.35793
      vertex 149.71 243.5 3.52776
    endloop
  endfacet
  facet normal -1 0 0
    outer loop
      vertex 149.71 281.425 3.3
      vertex 149.71 242.65 3.3
      vertex 149.71 243.09 3.35793
    endloop
  endfacet
  facet normal -1 0 0
    outer loop
      vertex 149.71 241.008 4.56001
      vertex 149.71 205.575 5
      vertex 149.71 240.95 5
    endloop
  endfacet
  facet normal -1 0 0
    outer loop
      vertex 149.71 205.517 4.56001
      vertex 149.71 241.008 4.56001
      vertex 149.71 241.178 4.15
    endloop
  endfacet
  facet normal -1 0 0
    outer loop
      vertex 149.71 205.347 4.15
      vertex 149.71 241.178 4.15
      vertex 149.71 241.448 3.79792
    endloop
  endfacet
  facet normal -1 0 0
    outer loop
      vertex 149.71 205.077 3.79792
      vertex 149.71 241.448 3.79792
      vertex 149.71 241.8 3.52776
    endloop
  endfacet
  facet normal -1 0 0
    outer loop
      vertex 149.71 204.725 3.52776
      vertex 149.71 241.8 3.52776
      vertex 149.71 242.21 3.35793
    endloop
  endfacet
  facet normal -1 0 0
    outer loop
      vertex 149.71 204.315 3.35793
      vertex 149.71 242.21 3.35793
      vertex 149.71 242.65 3.3
    endloop
  endfacet
  facet normal -1 0 0
    outer loop
      vertex 149.71 241.008 4.56001
      vertex 149.71 205.517 4.56001
      vertex 149.71 205.575 5
    endloop
  endfacet
  facet normal -1 0 0
    outer loop
      vertex 149.71 241.178 4.15
      vertex 149.71 205.347 4.15
      vertex 149.71 205.517 4.56001
    endloop
  endfacet
  facet normal -1 0 0
    outer loop
      vertex 149.71 241.448 3.79792
      vertex 149.71 205.077 3.79792
      vertex 149.71 205.347 4.15
    endloop
  endfacet
  facet normal -1 0 0
    outer loop
      vertex 149.71 157.1 2
      vertex 149.71 242.65 3.3
      vertex 149.71 332.2 2
    endloop
  endfacet
  facet normal -1 0 0
    outer loop
      vertex 149.71 241.8 3.52776
      vertex 149.71 204.725 3.52776
      vertex 149.71 205.077 3.79792
    endloop
  endfacet
  facet normal -1 0 0
    outer loop
      vertex 149.71 242.21 3.35793
      vertex 149.71 204.315 3.35793
      vertex 149.71 204.725 3.52776
    endloop
  endfacet
  facet normal -1 0 0
    outer loop
      vertex 149.71 242.65 3.3
      vertex 149.71 203.875 3.3
      vertex 149.71 204.315 3.35793
    endloop
  endfacet
  facet normal -1 0 0
    outer loop
      vertex 149.71 202.233 4.56001
      vertex 149.71 166.8 5
      vertex 149.71 202.175 5
    endloop
  endfacet
  facet normal -1 0 0
    outer loop
      vertex 149.71 166.742 4.56001
      vertex 149.71 202.233 4.56001
      vertex 149.71 202.403 4.15
    endloop
  endfacet
  facet normal -1 0 0
    outer loop
      vertex 149.71 166.572 4.15
      vertex 149.71 202.403 4.15
      vertex 149.71 202.673 3.79792
    endloop
  endfacet
  facet normal -1 0 0
    outer loop
      vertex 149.71 166.302 3.79792
      vertex 149.71 202.673 3.79792
      vertex 149.71 203.025 3.52776
    endloop
  endfacet
  facet normal -1 0 0
    outer loop
      vertex 149.71 165.95 3.52776
      vertex 149.71 203.025 3.52776
      vertex 149.71 203.435 3.35793
    endloop
  endfacet
  facet normal -1 0 0
    outer loop
      vertex 149.71 165.54 3.35793
      vertex 149.71 203.435 3.35793
      vertex 149.71 203.875 3.3
    endloop
  endfacet
  facet normal -1 0 0
    outer loop
      vertex 149.71 202.233 4.56001
      vertex 149.71 166.742 4.56001
      vertex 149.71 166.8 5
    endloop
  endfacet
  facet normal -1 0 0
    outer loop
      vertex 149.71 202.403 4.15
      vertex 149.71 166.572 4.15
      vertex 149.71 166.742 4.56001
    endloop
  endfacet
  facet normal -1 0 0
    outer loop
      vertex 149.71 202.673 3.79792
      vertex 149.71 166.302 3.79792
      vertex 149.71 166.572 4.15
    endloop
  endfacet
  facet normal -1 0 0
    outer loop
      vertex 149.71 203.025 3.52776
      vertex 149.71 165.95 3.52776
      vertex 149.71 166.302 3.79792
    endloop
  endfacet
  facet normal -1 -0 0
    outer loop
      vertex 149.71 242.65 3.3
      vertex 149.71 157.1 2
      vertex 149.71 203.875 3.3
    endloop
  endfacet
  facet normal -1 0 0
    outer loop
      vertex 149.71 203.435 3.35793
      vertex 149.71 165.54 3.35793
      vertex 149.71 165.95 3.52776
    endloop
  endfacet
  facet normal -1 -0 0
    outer loop
      vertex 149.71 203.875 3.3
      vertex 149.71 157.1 2
      vertex 149.71 165.54 3.35793
    endloop
  endfacet
  facet normal -1 -0 0
    outer loop
      vertex 149.71 163.458 4.56001
      vertex 149.71 157.1 2
      vertex 149.71 163.4 5
    endloop
  endfacet
  facet normal -1 -0 0
    outer loop
      vertex 149.71 163.628 4.15
      vertex 149.71 157.1 2
      vertex 149.71 163.458 4.56001
    endloop
  endfacet
  facet normal -1 -0 0
    outer loop
      vertex 149.71 163.898 3.79792
      vertex 149.71 157.1 2
      vertex 149.71 163.628 4.15
    endloop
  endfacet
  facet normal -1 -0 0
    outer loop
      vertex 149.71 164.25 3.52776
      vertex 149.71 157.1 2
      vertex 149.71 163.898 3.79792
    endloop
  endfacet
  facet normal -1 -0 0
    outer loop
      vertex 149.71 164.66 3.35793
      vertex 149.71 157.1 2
      vertex 149.71 164.25 3.52776
    endloop
  endfacet
  facet normal -1 -0 0
    outer loop
      vertex 149.71 165.1 3.3
      vertex 149.71 157.1 2
      vertex 149.71 164.66 3.35793
    endloop
  endfacet
  facet normal -1 0 0
    outer loop
      vertex 149.71 165.54 3.35793
      vertex 149.71 157.1 2
      vertex 149.71 165.1 3.3
    endloop
  endfacet
  facet normal -1 -0 0
    outer loop
      vertex 149.71 332.2 12
      vertex 149.71 326.2 8
      vertex 149.71 326.2 12
    endloop
  endfacet
  facet normal -1 0 0
    outer loop
      vertex 149.71 321.842 5.43999
      vertex 149.71 326.2 8
      vertex 149.71 321.9 5
    endloop
  endfacet
  facet normal -1 0 0
    outer loop
      vertex 149.71 321.672 5.85
      vertex 149.71 326.2 8
      vertex 149.71 321.842 5.43999
    endloop
  endfacet
  facet normal -1 0 0
    outer loop
      vertex 149.71 321.402 6.20208
      vertex 149.71 326.2 8
      vertex 149.71 321.672 5.85
    endloop
  endfacet
  facet normal -1 0 0
    outer loop
      vertex 149.71 321.05 6.47224
      vertex 149.71 326.2 8
      vertex 149.71 321.402 6.20208
    endloop
  endfacet
  facet normal -1 0 0
    outer loop
      vertex 149.71 320.64 6.64207
      vertex 149.71 326.2 8
      vertex 149.71 321.05 6.47224
    endloop
  endfacet
  facet normal -1 0 0
    outer loop
      vertex 149.71 320.2 6.7
      vertex 149.71 326.2 8
      vertex 149.71 320.64 6.64207
    endloop
  endfacet
  facet normal -1 0 0
    outer loop
      vertex 149.71 319.76 6.64207
      vertex 149.71 326.2 8
      vertex 149.71 320.2 6.7
    endloop
  endfacet
  facet normal -1 0 0
    outer loop
      vertex 149.71 283.125 5
      vertex 149.71 318.558 5.43999
      vertex 149.71 318.5 5
    endloop
  endfacet
  facet normal -1 0 0
    outer loop
      vertex 149.71 283.067 5.43999
      vertex 149.71 318.558 5.43999
      vertex 149.71 283.125 5
    endloop
  endfacet
  facet normal -1 0 0
    outer loop
      vertex 149.71 318.558 5.43999
      vertex 149.71 283.067 5.43999
      vertex 149.71 318.728 5.85
    endloop
  endfacet
  facet normal -1 0 0
    outer loop
      vertex 149.71 282.897 5.85
      vertex 149.71 318.728 5.85
      vertex 149.71 283.067 5.43999
    endloop
  endfacet
  facet normal -1 0 0
    outer loop
      vertex 149.71 318.728 5.85
      vertex 149.71 282.897 5.85
      vertex 149.71 318.998 6.20208
    endloop
  endfacet
  facet normal -1 0 0
    outer loop
      vertex 149.71 282.627 6.20208
      vertex 149.71 318.998 6.20208
      vertex 149.71 282.897 5.85
    endloop
  endfacet
  facet normal -1 0 0
    outer loop
      vertex 149.71 318.998 6.20208
      vertex 149.71 282.627 6.20208
      vertex 149.71 319.35 6.47224
    endloop
  endfacet
  facet normal -1 0 0
    outer loop
      vertex 149.71 282.275 6.47224
      vertex 149.71 319.35 6.47224
      vertex 149.71 282.627 6.20208
    endloop
  endfacet
  facet normal -1 0 0
    outer loop
      vertex 149.71 319.35 6.47224
      vertex 149.71 282.275 6.47224
      vertex 149.71 319.76 6.64207
    endloop
  endfacet
  facet normal -1 0 0
    outer loop
      vertex 149.71 281.865 6.64207
      vertex 149.71 319.76 6.64207
      vertex 149.71 282.275 6.47224
    endloop
  endfacet
  facet normal -1 0 0
    outer loop
      vertex 149.71 319.76 6.64207
      vertex 149.71 281.865 6.64207
      vertex 149.71 326.2 8
    endloop
  endfacet
  facet normal -1 0 0
    outer loop
      vertex 149.71 281.425 6.7
      vertex 149.71 326.2 8
      vertex 149.71 281.865 6.64207
    endloop
  endfacet
  facet normal -1 0 0
    outer loop
      vertex 149.71 244.35 5
      vertex 149.71 279.783 5.43999
      vertex 149.71 279.725 5
    endloop
  endfacet
  facet normal -1 0 0
    outer loop
      vertex 149.71 244.292 5.43999
      vertex 149.71 279.783 5.43999
      vertex 149.71 244.35 5
    endloop
  endfacet
  facet normal -1 0 0
    outer loop
      vertex 149.71 279.783 5.43999
      vertex 149.71 244.292 5.43999
      vertex 149.71 279.953 5.85
    endloop
  endfacet
  facet normal -1 0 0
    outer loop
      vertex 149.71 244.122 5.85
      vertex 149.71 279.953 5.85
      vertex 149.71 244.292 5.43999
    endloop
  endfacet
  facet normal -1 0 0
    outer loop
      vertex 149.71 279.953 5.85
      vertex 149.71 244.122 5.85
      vertex 149.71 280.223 6.20208
    endloop
  endfacet
  facet normal -1 0 0
    outer loop
      vertex 149.71 243.852 6.20208
      vertex 149.71 280.223 6.20208
      vertex 149.71 244.122 5.85
    endloop
  endfacet
  facet normal -1 0 0
    outer loop
      vertex 149.71 280.223 6.20208
      vertex 149.71 243.852 6.20208
      vertex 149.71 280.575 6.47224
    endloop
  endfacet
  facet normal -1 0 0
    outer loop
      vertex 149.71 243.5 6.47224
      vertex 149.71 280.575 6.47224
      vertex 149.71 243.852 6.20208
    endloop
  endfacet
  facet normal -1 0 0
    outer loop
      vertex 149.71 280.575 6.47224
      vertex 149.71 243.5 6.47224
      vertex 149.71 280.985 6.64207
    endloop
  endfacet
  facet normal -1 0 0
    outer loop
      vertex 149.71 243.09 6.64207
      vertex 149.71 280.985 6.64207
      vertex 149.71 243.5 6.47224
    endloop
  endfacet
  facet normal -1 0 0
    outer loop
      vertex 149.71 280.985 6.64207
      vertex 149.71 243.09 6.64207
      vertex 149.71 281.425 6.7
    endloop
  endfacet
  facet normal -1 0 0
    outer loop
      vertex 149.71 242.65 6.7
      vertex 149.71 281.425 6.7
      vertex 149.71 243.09 6.64207
    endloop
  endfacet
  facet normal -1 0 0
    outer loop
      vertex 149.71 281.425 6.7
      vertex 149.71 242.65 6.7
      vertex 149.71 326.2 8
    endloop
  endfacet
  facet normal -1 0 0
    outer loop
      vertex 149.71 205.575 5
      vertex 149.71 241.008 5.43999
      vertex 149.71 240.95 5
    endloop
  endfacet
  facet normal -1 0 0
    outer loop
      vertex 149.71 205.517 5.43999
      vertex 149.71 241.008 5.43999
      vertex 149.71 205.575 5
    endloop
  endfacet
  facet normal -1 0 0
    outer loop
      vertex 149.71 241.008 5.43999
      vertex 149.71 205.517 5.43999
      vertex 149.71 241.178 5.85
    endloop
  endfacet
  facet normal -1 0 0
    outer loop
      vertex 149.71 205.347 5.85
      vertex 149.71 241.178 5.85
      vertex 149.71 205.517 5.43999
    endloop
  endfacet
  facet normal -1 0 0
    outer loop
      vertex 149.71 241.178 5.85
      vertex 149.71 205.347 5.85
      vertex 149.71 241.448 6.20208
    endloop
  endfacet
  facet normal -1 0 0
    outer loop
      vertex 149.71 205.077 6.20208
      vertex 149.71 241.448 6.20208
      vertex 149.71 205.347 5.85
    endloop
  endfacet
  facet normal -1 0 0
    outer loop
      vertex 149.71 241.448 6.20208
      vertex 149.71 205.077 6.20208
      vertex 149.71 241.8 6.47224
    endloop
  endfacet
  facet normal -1 0 0
    outer loop
      vertex 149.71 204.725 6.47224
      vertex 149.71 241.8 6.47224
      vertex 149.71 205.077 6.20208
    endloop
  endfacet
  facet normal -1 0 0
    outer loop
      vertex 149.71 241.8 6.47224
      vertex 149.71 204.725 6.47224
      vertex 149.71 242.21 6.64207
    endloop
  endfacet
  facet normal -1 0 0
    outer loop
      vertex 149.71 204.315 6.64207
      vertex 149.71 242.21 6.64207
      vertex 149.71 204.725 6.47224
    endloop
  endfacet
  facet normal -1 0 0
    outer loop
      vertex 149.71 242.21 6.64207
      vertex 149.71 204.315 6.64207
      vertex 149.71 242.65 6.7
    endloop
  endfacet
  facet normal -1 0 0
    outer loop
      vertex 149.71 203.875 6.7
      vertex 149.71 242.65 6.7
      vertex 149.71 204.315 6.64207
    endloop
  endfacet
  facet normal -1 0 0
    outer loop
      vertex 149.71 157.1 8
      vertex 149.71 242.65 6.7
      vertex 149.71 203.875 6.7
    endloop
  endfacet
  facet normal -1 0 0
    outer loop
      vertex 149.71 166.8 5
      vertex 149.71 202.233 5.43999
      vertex 149.71 202.175 5
    endloop
  endfacet
  facet normal -1 0 0
    outer loop
      vertex 149.71 166.742 5.43999
      vertex 149.71 202.233 5.43999
      vertex 149.71 166.8 5
    endloop
  endfacet
  facet normal -1 0 0
    outer loop
      vertex 149.71 202.233 5.43999
      vertex 149.71 166.742 5.43999
      vertex 149.71 202.403 5.85
    endloop
  endfacet
  facet normal -1 0 0
    outer loop
      vertex 149.71 166.572 5.85
      vertex 149.71 202.403 5.85
      vertex 149.71 166.742 5.43999
    endloop
  endfacet
  facet normal -1 0 0
    outer loop
      vertex 149.71 202.403 5.85
      vertex 149.71 166.572 5.85
      vertex 149.71 202.673 6.20208
    endloop
  endfacet
  facet normal -1 0 0
    outer loop
      vertex 149.71 166.302 6.20208
      vertex 149.71 202.673 6.20208
      vertex 149.71 166.572 5.85
    endloop
  endfacet
  facet normal -1 0 0
    outer loop
      vertex 149.71 202.673 6.20208
      vertex 149.71 166.302 6.20208
      vertex 149.71 203.025 6.47224
    endloop
  endfacet
  facet normal -1 0 0
    outer loop
      vertex 149.71 165.95 6.47224
      vertex 149.71 203.025 6.47224
      vertex 149.71 166.302 6.20208
    endloop
  endfacet
  facet normal -1 0 0
    outer loop
      vertex 149.71 203.025 6.47224
      vertex 149.71 165.95 6.47224
      vertex 149.71 203.435 6.64207
    endloop
  endfacet
  facet normal -1 0 0
    outer loop
      vertex 149.71 165.54 6.64207
      vertex 149.71 203.435 6.64207
      vertex 149.71 165.95 6.47224
    endloop
  endfacet
  facet normal -1 0 0
    outer loop
      vertex 149.71 203.435 6.64207
      vertex 149.71 165.54 6.64207
      vertex 149.71 203.875 6.7
    endloop
  endfacet
  facet normal -1 0 0
    outer loop
      vertex 149.71 157.1 8
      vertex 149.71 203.875 6.7
      vertex 149.71 165.54 6.64207
    endloop
  endfacet
  facet normal -1 0 0
    outer loop
      vertex 149.71 157.1 8
      vertex 149.71 165.54 6.64207
      vertex 149.71 165.1 6.7
    endloop
  endfacet
  facet normal -1 0 0
    outer loop
      vertex 149.71 157.1 8
      vertex 149.71 163.4 5
      vertex 149.71 157.1 2
    endloop
  endfacet
  facet normal -1 0 0
    outer loop
      vertex 149.71 163.4 5
      vertex 149.71 157.1 8
      vertex 149.71 163.458 5.43999
    endloop
  endfacet
  facet normal -1 0 0
    outer loop
      vertex 149.71 163.458 5.43999
      vertex 149.71 157.1 8
      vertex 149.71 163.628 5.85
    endloop
  endfacet
  facet normal -1 0 0
    outer loop
      vertex 149.71 163.628 5.85
      vertex 149.71 157.1 8
      vertex 149.71 163.898 6.20208
    endloop
  endfacet
  facet normal -1 0 0
    outer loop
      vertex 149.71 242.65 6.7
      vertex 149.71 157.1 8
      vertex 149.71 326.2 8
    endloop
  endfacet
  facet normal -1 0 0
    outer loop
      vertex 149.71 164.66 6.64207
      vertex 149.71 157.1 8
      vertex 149.71 165.1 6.7
    endloop
  endfacet
  facet normal -1 0 0
    outer loop
      vertex 149.71 164.25 6.47224
      vertex 149.71 157.1 8
      vertex 149.71 164.66 6.64207
    endloop
  endfacet
  facet normal -1 0 0
    outer loop
      vertex 149.71 163.898 6.20208
      vertex 149.71 157.1 8
      vertex 149.71 164.25 6.47224
    endloop
  endfacet
  facet normal 0 -1 0
    outer loop
      vertex 149.71 326.2 8
      vertex 153.71 326.2 12
      vertex 149.71 326.2 12
    endloop
  endfacet
  facet normal 0 -1 -0
    outer loop
      vertex 153.71 326.2 12
      vertex 149.71 326.2 8
      vertex 153.71 326.2 8
    endloop
  endfacet
  facet normal 0 0 1
    outer loop
      vertex 149.71 157.1 8
      vertex 153.71 326.2 8
      vertex 149.71 326.2 8
    endloop
  endfacet
  facet normal 0 0 1
    outer loop
      vertex 153.71 326.2 8
      vertex 149.71 157.1 8
      vertex 153.71 153.1 8
    endloop
  endfacet
  facet normal 0 0 1
    outer loop
      vertex 4 153.1 8
      vertex 149.71 157.1 8
      vertex 4 157.1 8
    endloop
  endfacet
  facet normal 0 0 1
    outer loop
      vertex 149.71 157.1 8
      vertex 4 153.1 8
      vertex 153.71 153.1 8
    endloop
  endfacet
  facet normal 0 1 -0
    outer loop
      vertex 153.71 332.2 2
      vertex 149.71 332.2 12
      vertex 153.71 332.2 12
    endloop
  endfacet
  facet normal 0 1 0
    outer loop
      vertex 149.71 332.2 12
      vertex 153.71 332.2 2
      vertex 149.71 332.2 2
    endloop
  endfacet
  facet normal -0 0 1
    outer loop
      vertex 149.71 332.2 12
      vertex 153.71 326.2 12
      vertex 153.71 332.2 12
    endloop
  endfacet
  facet normal 0 0 1
    outer loop
      vertex 153.71 326.2 12
      vertex 149.71 332.2 12
      vertex 149.71 326.2 12
    endloop
  endfacet
  facet normal 0 1 -0
    outer loop
      vertex 10.44 157.1 6.64207
      vertex 4 157.1 8
      vertex 50.62 157.1 6.64207
    endloop
  endfacet
  facet normal 0 1 0
    outer loop
      vertex 4 157.1 8
      vertex 10.44 157.1 6.64207
      vertex 10 157.1 6.7
    endloop
  endfacet
  facet normal 0 1 -0
    outer loop
      vertex 50.21 157.1 6.47224
      vertex 10.44 157.1 6.64207
      vertex 50.62 157.1 6.64207
    endloop
  endfacet
  facet normal 0 1 0
    outer loop
      vertex 50.21 157.1 6.47224
      vertex 10.85 157.1 6.47224
      vertex 10.44 157.1 6.64207
    endloop
  endfacet
  facet normal 0 1 -0
    outer loop
      vertex 49.8579 157.1 6.20208
      vertex 10.85 157.1 6.47224
      vertex 50.21 157.1 6.47224
    endloop
  endfacet
  facet normal 0 1 0
    outer loop
      vertex 49.8579 157.1 6.20208
      vertex 11.2021 157.1 6.20208
      vertex 10.85 157.1 6.47224
    endloop
  endfacet
  facet normal 0 1 -0
    outer loop
      vertex 49.5878 157.1 5.85
      vertex 11.2021 157.1 6.20208
      vertex 49.8579 157.1 6.20208
    endloop
  endfacet
  facet normal 0 1 0
    outer loop
      vertex 49.5878 157.1 5.85
      vertex 11.4722 157.1 5.85
      vertex 11.2021 157.1 6.20208
    endloop
  endfacet
  facet normal 0 1 -0
    outer loop
      vertex 49.4179 157.1 5.43999
      vertex 11.4722 157.1 5.85
      vertex 49.5878 157.1 5.85
    endloop
  endfacet
  facet normal 0 1 0
    outer loop
      vertex 49.4179 157.1 5.43999
      vertex 11.6421 157.1 5.43999
      vertex 11.4722 157.1 5.85
    endloop
  endfacet
  facet normal 0 1 -0
    outer loop
      vertex 49.36 157.1 5
      vertex 11.6421 157.1 5.43999
      vertex 49.4179 157.1 5.43999
    endloop
  endfacet
  facet normal 0 1 0
    outer loop
      vertex 49.36 157.1 5
      vertex 11.7 157.1 5
      vertex 11.6421 157.1 5.43999
    endloop
  endfacet
  facet normal 0 1 0
    outer loop
      vertex 49.4179 157.1 4.56001
      vertex 11.7 157.1 5
      vertex 49.36 157.1 5
    endloop
  endfacet
  facet normal 0 1 0
    outer loop
      vertex 49.4179 157.1 4.56001
      vertex 11.6421 157.1 4.56001
      vertex 11.7 157.1 5
    endloop
  endfacet
  facet normal 0 1 0
    outer loop
      vertex 49.5878 157.1 4.15
      vertex 11.6421 157.1 4.56001
      vertex 49.4179 157.1 4.56001
    endloop
  endfacet
  facet normal 0 1 0
    outer loop
      vertex 49.5878 157.1 4.15
      vertex 11.4722 157.1 4.15
      vertex 11.6421 157.1 4.56001
    endloop
  endfacet
  facet normal 0 1 0
    outer loop
      vertex 49.8579 157.1 3.79792
      vertex 11.4722 157.1 4.15
      vertex 49.5878 157.1 4.15
    endloop
  endfacet
  facet normal 0 1 0
    outer loop
      vertex 49.8579 157.1 3.79792
      vertex 11.2021 157.1 3.79792
      vertex 11.4722 157.1 4.15
    endloop
  endfacet
  facet normal 0 1 0
    outer loop
      vertex 50.21 157.1 3.52776
      vertex 11.2021 157.1 3.79792
      vertex 49.8579 157.1 3.79792
    endloop
  endfacet
  facet normal 0 1 0
    outer loop
      vertex 50.21 157.1 3.52776
      vertex 10.85 157.1 3.52776
      vertex 11.2021 157.1 3.79792
    endloop
  endfacet
  facet normal 0 1 0
    outer loop
      vertex 50.62 157.1 3.35793
      vertex 10.85 157.1 3.52776
      vertex 50.21 157.1 3.52776
    endloop
  endfacet
  facet normal 0 1 0
    outer loop
      vertex 50.62 157.1 3.35793
      vertex 10.44 157.1 3.35793
      vertex 10.85 157.1 3.52776
    endloop
  endfacet
  facet normal 0 1 0
    outer loop
      vertex 51.06 157.1 3.3
      vertex 10.44 157.1 3.35793
      vertex 50.62 157.1 3.35793
    endloop
  endfacet
  facet normal 0 1 0
    outer loop
      vertex 10.44 157.1 3.35793
      vertex 51.06 157.1 3.3
      vertex 10 157.1 3.3
    endloop
  endfacet
  facet normal 0 1 -0
    outer loop
      vertex 91.68 157.1 6.64207
      vertex 51.06 157.1 6.7
      vertex 92.12 157.1 6.7
    endloop
  endfacet
  facet normal 0 1 0
    outer loop
      vertex 91.68 157.1 6.64207
      vertex 51.5 157.1 6.64207
      vertex 51.06 157.1 6.7
    endloop
  endfacet
  facet normal 0 1 -0
    outer loop
      vertex 91.27 157.1 6.47224
      vertex 51.5 157.1 6.64207
      vertex 91.68 157.1 6.64207
    endloop
  endfacet
  facet normal 0 1 0
    outer loop
      vertex 91.27 157.1 6.47224
      vertex 51.91 157.1 6.47224
      vertex 51.5 157.1 6.64207
    endloop
  endfacet
  facet normal 0 1 -0
    outer loop
      vertex 90.9179 157.1 6.20208
      vertex 51.91 157.1 6.47224
      vertex 91.27 157.1 6.47224
    endloop
  endfacet
  facet normal 0 1 0
    outer loop
      vertex 90.9179 157.1 6.20208
      vertex 52.2621 157.1 6.20208
      vertex 51.91 157.1 6.47224
    endloop
  endfacet
  facet normal 0 1 -0
    outer loop
      vertex 90.6478 157.1 5.85
      vertex 52.2621 157.1 6.20208
      vertex 90.9179 157.1 6.20208
    endloop
  endfacet
  facet normal 0 1 0
    outer loop
      vertex 90.6478 157.1 5.85
      vertex 52.5322 157.1 5.85
      vertex 52.2621 157.1 6.20208
    endloop
  endfacet
  facet normal 0 1 -0
    outer loop
      vertex 90.4779 157.1 5.43999
      vertex 52.5322 157.1 5.85
      vertex 90.6478 157.1 5.85
    endloop
  endfacet
  facet normal 0 1 0
    outer loop
      vertex 90.4779 157.1 5.43999
      vertex 52.7021 157.1 5.43999
      vertex 52.5322 157.1 5.85
    endloop
  endfacet
  facet normal 0 1 -0
    outer loop
      vertex 90.42 157.1 5
      vertex 52.7021 157.1 5.43999
      vertex 90.4779 157.1 5.43999
    endloop
  endfacet
  facet normal 0 1 0
    outer loop
      vertex 90.42 157.1 5
      vertex 52.76 157.1 5
      vertex 52.7021 157.1 5.43999
    endloop
  endfacet
  facet normal 0 1 0
    outer loop
      vertex 90.4779 157.1 4.56001
      vertex 52.76 157.1 5
      vertex 90.42 157.1 5
    endloop
  endfacet
  facet normal 0 1 0
    outer loop
      vertex 90.4779 157.1 4.56001
      vertex 52.7021 157.1 4.56001
      vertex 52.76 157.1 5
    endloop
  endfacet
  facet normal 0 1 0
    outer loop
      vertex 90.6478 157.1 4.15
      vertex 52.7021 157.1 4.56001
      vertex 90.4779 157.1 4.56001
    endloop
  endfacet
  facet normal 0 1 0
    outer loop
      vertex 90.6478 157.1 4.15
      vertex 52.5322 157.1 4.15
      vertex 52.7021 157.1 4.56001
    endloop
  endfacet
  facet normal 0 1 0
    outer loop
      vertex 90.9179 157.1 3.79792
      vertex 52.5322 157.1 4.15
      vertex 90.6478 157.1 4.15
    endloop
  endfacet
  facet normal 0 1 0
    outer loop
      vertex 90.9179 157.1 3.79792
      vertex 52.2621 157.1 3.79792
      vertex 52.5322 157.1 4.15
    endloop
  endfacet
  facet normal 0 1 0
    outer loop
      vertex 91.27 157.1 3.52776
      vertex 52.2621 157.1 3.79792
      vertex 90.9179 157.1 3.79792
    endloop
  endfacet
  facet normal 0 1 0
    outer loop
      vertex 91.27 157.1 3.52776
      vertex 51.91 157.1 3.52776
      vertex 52.2621 157.1 3.79792
    endloop
  endfacet
  facet normal 0 1 0
    outer loop
      vertex 91.68 157.1 3.35793
      vertex 51.91 157.1 3.52776
      vertex 91.27 157.1 3.52776
    endloop
  endfacet
  facet normal 0 1 0
    outer loop
      vertex 91.68 157.1 3.35793
      vertex 51.5 157.1 3.35793
      vertex 51.91 157.1 3.52776
    endloop
  endfacet
  facet normal 0 1 0
    outer loop
      vertex 92.12 157.1 3.3
      vertex 51.5 157.1 3.35793
      vertex 91.68 157.1 3.35793
    endloop
  endfacet
  facet normal 0 1 0
    outer loop
      vertex 51.5 157.1 3.35793
      vertex 92.12 157.1 3.3
      vertex 51.06 157.1 3.3
    endloop
  endfacet
  facet normal 0 1 -0
    outer loop
      vertex 132.74 157.1 6.64207
      vertex 92.12 157.1 6.7
      vertex 133.18 157.1 6.7
    endloop
  endfacet
  facet normal 0 1 0
    outer loop
      vertex 132.74 157.1 6.64207
      vertex 92.56 157.1 6.64207
      vertex 92.12 157.1 6.7
    endloop
  endfacet
  facet normal 0 1 -0
    outer loop
      vertex 132.33 157.1 6.47224
      vertex 92.56 157.1 6.64207
      vertex 132.74 157.1 6.64207
    endloop
  endfacet
  facet normal 0 1 0
    outer loop
      vertex 132.33 157.1 6.47224
      vertex 92.97 157.1 6.47224
      vertex 92.56 157.1 6.64207
    endloop
  endfacet
  facet normal 0 1 -0
    outer loop
      vertex 131.978 157.1 6.20208
      vertex 92.97 157.1 6.47224
      vertex 132.33 157.1 6.47224
    endloop
  endfacet
  facet normal 0 1 0
    outer loop
      vertex 131.978 157.1 6.20208
      vertex 93.3221 157.1 6.20208
      vertex 92.97 157.1 6.47224
    endloop
  endfacet
  facet normal 0 1 -0
    outer loop
      vertex 131.708 157.1 5.85
      vertex 93.3221 157.1 6.20208
      vertex 131.978 157.1 6.20208
    endloop
  endfacet
  facet normal 0 1 0
    outer loop
      vertex 131.708 157.1 5.85
      vertex 93.5922 157.1 5.85
      vertex 93.3221 157.1 6.20208
    endloop
  endfacet
  facet normal 0 1 -0
    outer loop
      vertex 131.538 157.1 5.43999
      vertex 93.5922 157.1 5.85
      vertex 131.708 157.1 5.85
    endloop
  endfacet
  facet normal 0 1 0
    outer loop
      vertex 131.538 157.1 5.43999
      vertex 93.7621 157.1 5.43999
      vertex 93.5922 157.1 5.85
    endloop
  endfacet
  facet normal 0 1 -0
    outer loop
      vertex 131.48 157.1 5
      vertex 93.7621 157.1 5.43999
      vertex 131.538 157.1 5.43999
    endloop
  endfacet
  facet normal 0 1 0
    outer loop
      vertex 131.48 157.1 5
      vertex 93.82 157.1 5
      vertex 93.7621 157.1 5.43999
    endloop
  endfacet
  facet normal 0 1 0
    outer loop
      vertex 131.538 157.1 4.56001
      vertex 93.82 157.1 5
      vertex 131.48 157.1 5
    endloop
  endfacet
  facet normal 0 1 0
    outer loop
      vertex 131.538 157.1 4.56001
      vertex 93.7621 157.1 4.56001
      vertex 93.82 157.1 5
    endloop
  endfacet
  facet normal 0 1 0
    outer loop
      vertex 131.708 157.1 4.15
      vertex 93.7621 157.1 4.56001
      vertex 131.538 157.1 4.56001
    endloop
  endfacet
  facet normal 0 1 0
    outer loop
      vertex 131.708 157.1 4.15
      vertex 93.5922 157.1 4.15
      vertex 93.7621 157.1 4.56001
    endloop
  endfacet
  facet normal 0 1 0
    outer loop
      vertex 131.978 157.1 3.79792
      vertex 93.5922 157.1 4.15
      vertex 131.708 157.1 4.15
    endloop
  endfacet
  facet normal 0 1 0
    outer loop
      vertex 131.978 157.1 3.79792
      vertex 93.3221 157.1 3.79792
      vertex 93.5922 157.1 4.15
    endloop
  endfacet
  facet normal 0 1 0
    outer loop
      vertex 132.33 157.1 3.52776
      vertex 93.3221 157.1 3.79792
      vertex 131.978 157.1 3.79792
    endloop
  endfacet
  facet normal 0 1 0
    outer loop
      vertex 132.33 157.1 3.52776
      vertex 92.97 157.1 3.52776
      vertex 93.3221 157.1 3.79792
    endloop
  endfacet
  facet normal 0 1 0
    outer loop
      vertex 132.74 157.1 3.35793
      vertex 92.97 157.1 3.52776
      vertex 132.33 157.1 3.52776
    endloop
  endfacet
  facet normal 0 1 0
    outer loop
      vertex 132.74 157.1 3.35793
      vertex 92.56 157.1 3.35793
      vertex 92.97 157.1 3.52776
    endloop
  endfacet
  facet normal 0 1 0
    outer loop
      vertex 133.18 157.1 3.3
      vertex 92.56 157.1 3.35793
      vertex 132.74 157.1 3.35793
    endloop
  endfacet
  facet normal 0 1 0
    outer loop
      vertex 92.56 157.1 3.35793
      vertex 133.18 157.1 3.3
      vertex 92.12 157.1 3.3
    endloop
  endfacet
  facet normal 0 1 0
    outer loop
      vertex 92.12 157.1 6.7
      vertex 149.71 157.1 8
      vertex 133.18 157.1 6.7
    endloop
  endfacet
  facet normal 0 1 0
    outer loop
      vertex 149.71 157.1 8
      vertex 133.62 157.1 6.64207
      vertex 133.18 157.1 6.7
    endloop
  endfacet
  facet normal 0 1 0
    outer loop
      vertex 149.71 157.1 8
      vertex 134.03 157.1 6.47224
      vertex 133.62 157.1 6.64207
    endloop
  endfacet
  facet normal 0 1 0
    outer loop
      vertex 149.71 157.1 8
      vertex 134.382 157.1 6.20208
      vertex 134.03 157.1 6.47224
    endloop
  endfacet
  facet normal 0 1 0
    outer loop
      vertex 149.71 157.1 8
      vertex 134.652 157.1 5.85
      vertex 134.382 157.1 6.20208
    endloop
  endfacet
  facet normal 0 1 0
    outer loop
      vertex 149.71 157.1 8
      vertex 134.822 157.1 5.43999
      vertex 134.652 157.1 5.85
    endloop
  endfacet
  facet normal 0 1 0
    outer loop
      vertex 149.71 157.1 8
      vertex 134.88 157.1 5
      vertex 134.822 157.1 5.43999
    endloop
  endfacet
  facet normal 0 1 -0
    outer loop
      vertex 149.71 157.1 2
      vertex 134.88 157.1 5
      vertex 149.71 157.1 8
    endloop
  endfacet
  facet normal 0 1 0
    outer loop
      vertex 134.88 157.1 5
      vertex 149.71 157.1 2
      vertex 134.822 157.1 4.56001
    endloop
  endfacet
  facet normal 0 1 0
    outer loop
      vertex 134.822 157.1 4.56001
      vertex 149.71 157.1 2
      vertex 134.652 157.1 4.15
    endloop
  endfacet
  facet normal 0 1 0
    outer loop
      vertex 134.652 157.1 4.15
      vertex 149.71 157.1 2
      vertex 134.382 157.1 3.79792
    endloop
  endfacet
  facet normal 0 1 0
    outer loop
      vertex 134.382 157.1 3.79792
      vertex 149.71 157.1 2
      vertex 134.03 157.1 3.52776
    endloop
  endfacet
  facet normal 0 1 0
    outer loop
      vertex 149.71 157.1 2
      vertex 92.12 157.1 3.3
      vertex 133.18 157.1 3.3
    endloop
  endfacet
  facet normal 0 1 0
    outer loop
      vertex 92.12 157.1 3.3
      vertex 149.71 157.1 2
      vertex 51.06 157.1 3.3
    endloop
  endfacet
  facet normal 0 1 0
    outer loop
      vertex 51.06 157.1 3.3
      vertex 149.71 157.1 2
      vertex -2 157.1 2
    endloop
  endfacet
  facet normal 0 1 0
    outer loop
      vertex 133.62 157.1 3.35793
      vertex 149.71 157.1 2
      vertex 133.18 157.1 3.3
    endloop
  endfacet
  facet normal 0 1 0
    outer loop
      vertex 134.03 157.1 3.52776
      vertex 149.71 157.1 2
      vertex 133.62 157.1 3.35793
    endloop
  endfacet
  facet normal 0 1 -0
    outer loop
      vertex 4 157.1 8
      vertex -2 157.1 12
      vertex 4 157.1 12
    endloop
  endfacet
  facet normal 0 1 0
    outer loop
      vertex 149.71 157.1 8
      vertex 92.12 157.1 6.7
      vertex 4 157.1 8
    endloop
  endfacet
  facet normal 0 1 -0
    outer loop
      vertex 51.06 157.1 6.7
      vertex 4 157.1 8
      vertex 92.12 157.1 6.7
    endloop
  endfacet
  facet normal 0 1 -0
    outer loop
      vertex 50.62 157.1 6.64207
      vertex 4 157.1 8
      vertex 51.06 157.1 6.7
    endloop
  endfacet
  facet normal 0 1 -0
    outer loop
      vertex 9.56001 157.1 6.64207
      vertex 4 157.1 8
      vertex 10 157.1 6.7
    endloop
  endfacet
  facet normal 0 1 -0
    outer loop
      vertex 9.15 157.1 6.47224
      vertex 4 157.1 8
      vertex 9.56001 157.1 6.64207
    endloop
  endfacet
  facet normal 0 1 -0
    outer loop
      vertex 8.79792 157.1 6.20208
      vertex 4 157.1 8
      vertex 9.15 157.1 6.47224
    endloop
  endfacet
  facet normal 0 1 -0
    outer loop
      vertex 8.52776 157.1 5.85
      vertex 4 157.1 8
      vertex 8.79792 157.1 6.20208
    endloop
  endfacet
  facet normal 0 1 -0
    outer loop
      vertex 8.35793 157.1 5.43999
      vertex 4 157.1 8
      vertex 8.52776 157.1 5.85
    endloop
  endfacet
  facet normal 0 1 -0
    outer loop
      vertex 8.3 157.1 5
      vertex 4 157.1 8
      vertex 8.35793 157.1 5.43999
    endloop
  endfacet
  facet normal 0 1 0
    outer loop
      vertex 8.35793 157.1 4.56001
      vertex 4 157.1 8
      vertex 8.3 157.1 5
    endloop
  endfacet
  facet normal 0 1 0
    outer loop
      vertex 4 157.1 8
      vertex 8.35793 157.1 4.56001
      vertex -2 157.1 2
    endloop
  endfacet
  facet normal 0 1 0
    outer loop
      vertex -2 157.1 2
      vertex 8.35793 157.1 4.56001
      vertex 8.52776 157.1 4.15
    endloop
  endfacet
  facet normal 0 1 0
    outer loop
      vertex -2 157.1 2
      vertex 8.52776 157.1 4.15
      vertex 8.79792 157.1 3.79792
    endloop
  endfacet
  facet normal 0 1 0
    outer loop
      vertex -2 157.1 2
      vertex 8.79792 157.1 3.79792
      vertex 9.15 157.1 3.52776
    endloop
  endfacet
  facet normal 0 1 0
    outer loop
      vertex 4 157.1 8
      vertex -2 157.1 2
      vertex -2 157.1 12
    endloop
  endfacet
  facet normal 0 1 0
    outer loop
      vertex 9.56001 157.1 3.35793
      vertex -2 157.1 2
      vertex 9.15 157.1 3.52776
    endloop
  endfacet
  facet normal 0 1 0
    outer loop
      vertex 10 157.1 3.3
      vertex -2 157.1 2
      vertex 9.56001 157.1 3.35793
    endloop
  endfacet
  facet normal 0 1 0
    outer loop
      vertex 51.06 157.1 3.3
      vertex -2 157.1 2
      vertex 10 157.1 3.3
    endloop
  endfacet
  facet normal 1 -0 0
    outer loop
      vertex 4 153.1 12
      vertex 4 157.1 8
      vertex 4 157.1 12
    endloop
  endfacet
  facet normal 1 0 0
    outer loop
      vertex 4 157.1 8
      vertex 4 153.1 12
      vertex 4 153.1 8
    endloop
  endfacet
  facet normal 0 -0.130533 0.991444
    outer loop
      vertex 149.71 165.54 3.35793
      vertex 153.71 165.1 3.3
      vertex 153.71 165.54 3.35793
    endloop
  endfacet
  facet normal 0 -0.130533 0.991444
    outer loop
      vertex 153.71 165.1 3.3
      vertex 149.71 165.54 3.35793
      vertex 149.71 165.1 3.3
    endloop
  endfacet
  facet normal 0 -0.130533 -0.991444
    outer loop
      vertex 149.71 165.1 6.7
      vertex 153.71 165.54 6.64207
      vertex 153.71 165.1 6.7
    endloop
  endfacet
  facet normal -0 -0.130533 -0.991444
    outer loop
      vertex 153.71 165.54 6.64207
      vertex 149.71 165.1 6.7
      vertex 149.71 165.54 6.64207
    endloop
  endfacet
  facet normal 0 0.991423 0.130691
    outer loop
      vertex 153.71 163.458 4.56001
      vertex 149.71 163.4 5
      vertex 153.71 163.4 5
    endloop
  endfacet
  facet normal 0 0.991423 0.130691
    outer loop
      vertex 149.71 163.4 5
      vertex 153.71 163.458 4.56001
      vertex 149.71 163.458 4.56001
    endloop
  endfacet
  facet normal -0 0.608848 0.793287
    outer loop
      vertex 149.71 164.25 3.52776
      vertex 153.71 163.898 3.79792
      vertex 153.71 164.25 3.52776
    endloop
  endfacet
  facet normal 0 0.608848 0.793287
    outer loop
      vertex 153.71 163.898 3.79792
      vertex 149.71 164.25 3.52776
      vertex 149.71 163.898 3.79792
    endloop
  endfacet
  facet normal 0 -0.923745 0.383007
    outer loop
      vertex 149.71 166.572 4.15
      vertex 153.71 166.742 4.56001
      vertex 149.71 166.742 4.56001
    endloop
  endfacet
  facet normal 0 -0.923745 0.383007
    outer loop
      vertex 153.71 166.742 4.56001
      vertex 149.71 166.572 4.15
      vertex 153.71 166.572 4.15
    endloop
  endfacet
  facet normal 0 -0.793528 -0.608534
    outer loop
      vertex 149.71 166.572 5.85
      vertex 153.71 166.302 6.20208
      vertex 149.71 166.302 6.20208
    endloop
  endfacet
  facet normal 0 -0.793528 -0.608534
    outer loop
      vertex 153.71 166.302 6.20208
      vertex 149.71 166.572 5.85
      vertex 153.71 166.572 5.85
    endloop
  endfacet
  facet normal 0 -0.923745 -0.383007
    outer loop
      vertex 149.71 166.742 5.43999
      vertex 153.71 166.572 5.85
      vertex 149.71 166.572 5.85
    endloop
  endfacet
  facet normal 0 -0.923745 -0.383007
    outer loop
      vertex 153.71 166.572 5.85
      vertex 149.71 166.742 5.43999
      vertex 153.71 166.742 5.43999
    endloop
  endfacet
  facet normal 0 -0.382688 0.923878
    outer loop
      vertex 149.71 165.95 3.52776
      vertex 153.71 165.54 3.35793
      vertex 153.71 165.95 3.52776
    endloop
  endfacet
  facet normal 0 -0.382688 0.923878
    outer loop
      vertex 153.71 165.54 3.35793
      vertex 149.71 165.95 3.52776
      vertex 149.71 165.54 3.35793
    endloop
  endfacet
  facet normal 0 -0.793528 0.608534
    outer loop
      vertex 149.71 166.302 3.79792
      vertex 153.71 166.572 4.15
      vertex 149.71 166.572 4.15
    endloop
  endfacet
  facet normal 0 -0.793528 0.608534
    outer loop
      vertex 153.71 166.572 4.15
      vertex 149.71 166.302 3.79792
      vertex 153.71 166.302 3.79792
    endloop
  endfacet
  facet normal 0 -0.991423 0.130691
    outer loop
      vertex 149.71 166.742 4.56001
      vertex 153.71 166.8 5
      vertex 149.71 166.8 5
    endloop
  endfacet
  facet normal 0 -0.991423 0.130691
    outer loop
      vertex 153.71 166.8 5
      vertex 149.71 166.742 4.56001
      vertex 153.71 166.742 4.56001
    endloop
  endfacet
  facet normal 0 -0.608848 -0.793287
    outer loop
      vertex 149.71 165.95 6.47224
      vertex 153.71 166.302 6.20208
      vertex 153.71 165.95 6.47224
    endloop
  endfacet
  facet normal -0 -0.608848 -0.793287
    outer loop
      vertex 153.71 166.302 6.20208
      vertex 149.71 165.95 6.47224
      vertex 149.71 166.302 6.20208
    endloop
  endfacet
  facet normal 0 -0.382688 -0.923878
    outer loop
      vertex 149.71 165.54 6.64207
      vertex 153.71 165.95 6.47224
      vertex 153.71 165.54 6.64207
    endloop
  endfacet
  facet normal -0 -0.382688 -0.923878
    outer loop
      vertex 153.71 165.95 6.47224
      vertex 149.71 165.54 6.64207
      vertex 149.71 165.95 6.47224
    endloop
  endfacet
  facet normal 0 -0.991423 -0.130691
    outer loop
      vertex 149.71 166.8 5
      vertex 153.71 166.742 5.43999
      vertex 149.71 166.742 5.43999
    endloop
  endfacet
  facet normal 0 -0.991423 -0.130691
    outer loop
      vertex 153.71 166.742 5.43999
      vertex 149.71 166.8 5
      vertex 153.71 166.8 5
    endloop
  endfacet
  facet normal 0 0.608848 -0.793287
    outer loop
      vertex 149.71 163.898 6.20208
      vertex 153.71 164.25 6.47224
      vertex 153.71 163.898 6.20208
    endloop
  endfacet
  facet normal 0 0.608848 -0.793287
    outer loop
      vertex 153.71 164.25 6.47224
      vertex 149.71 163.898 6.20208
      vertex 149.71 164.25 6.47224
    endloop
  endfacet
  facet normal -0 0.382688 0.923878
    outer loop
      vertex 149.71 164.66 3.35793
      vertex 153.71 164.25 3.52776
      vertex 153.71 164.66 3.35793
    endloop
  endfacet
  facet normal 0 0.382688 0.923878
    outer loop
      vertex 153.71 164.25 3.52776
      vertex 149.71 164.66 3.35793
      vertex 149.71 164.25 3.52776
    endloop
  endfacet
  facet normal 0 -0.608848 0.793287
    outer loop
      vertex 149.71 166.302 3.79792
      vertex 153.71 165.95 3.52776
      vertex 153.71 166.302 3.79792
    endloop
  endfacet
  facet normal 0 -0.608848 0.793287
    outer loop
      vertex 153.71 165.95 3.52776
      vertex 149.71 166.302 3.79792
      vertex 149.71 165.95 3.52776
    endloop
  endfacet
  facet normal 0 0.923745 -0.383007
    outer loop
      vertex 153.71 163.458 5.43999
      vertex 149.71 163.628 5.85
      vertex 153.71 163.628 5.85
    endloop
  endfacet
  facet normal 0 0.923745 -0.383007
    outer loop
      vertex 149.71 163.628 5.85
      vertex 153.71 163.458 5.43999
      vertex 149.71 163.458 5.43999
    endloop
  endfacet
  facet normal 0 0.793528 0.608534
    outer loop
      vertex 153.71 163.898 3.79792
      vertex 149.71 163.628 4.15
      vertex 153.71 163.628 4.15
    endloop
  endfacet
  facet normal 0 0.793528 0.608534
    outer loop
      vertex 149.71 163.628 4.15
      vertex 153.71 163.898 3.79792
      vertex 149.71 163.898 3.79792
    endloop
  endfacet
  facet normal 0 0.923745 0.383007
    outer loop
      vertex 153.71 163.628 4.15
      vertex 149.71 163.458 4.56001
      vertex 153.71 163.458 4.56001
    endloop
  endfacet
  facet normal 0 0.923745 0.383007
    outer loop
      vertex 149.71 163.458 4.56001
      vertex 153.71 163.628 4.15
      vertex 149.71 163.628 4.15
    endloop
  endfacet
  facet normal -0 0.130533 0.991444
    outer loop
      vertex 149.71 165.1 3.3
      vertex 153.71 164.66 3.35793
      vertex 153.71 165.1 3.3
    endloop
  endfacet
  facet normal 0 0.130533 0.991444
    outer loop
      vertex 153.71 164.66 3.35793
      vertex 149.71 165.1 3.3
      vertex 149.71 164.66 3.35793
    endloop
  endfacet
  facet normal 0 0.991423 -0.130691
    outer loop
      vertex 153.71 163.4 5
      vertex 149.71 163.458 5.43999
      vertex 153.71 163.458 5.43999
    endloop
  endfacet
  facet normal 0 0.991423 -0.130691
    outer loop
      vertex 149.71 163.458 5.43999
      vertex 153.71 163.4 5
      vertex 149.71 163.4 5
    endloop
  endfacet
  facet normal 0 0.793528 -0.608534
    outer loop
      vertex 153.71 163.628 5.85
      vertex 149.71 163.898 6.20208
      vertex 153.71 163.898 6.20208
    endloop
  endfacet
  facet normal 0 0.793528 -0.608534
    outer loop
      vertex 149.71 163.898 6.20208
      vertex 153.71 163.628 5.85
      vertex 149.71 163.628 5.85
    endloop
  endfacet
  facet normal 0 0.382688 -0.923878
    outer loop
      vertex 149.71 164.25 6.47224
      vertex 153.71 164.66 6.64207
      vertex 153.71 164.25 6.47224
    endloop
  endfacet
  facet normal 0 0.382688 -0.923878
    outer loop
      vertex 153.71 164.66 6.64207
      vertex 149.71 164.25 6.47224
      vertex 149.71 164.66 6.64207
    endloop
  endfacet
  facet normal 0 0.130533 -0.991444
    outer loop
      vertex 149.71 164.66 6.64207
      vertex 153.71 165.1 6.7
      vertex 153.71 164.66 6.64207
    endloop
  endfacet
  facet normal 0 0.130533 -0.991444
    outer loop
      vertex 153.71 165.1 6.7
      vertex 149.71 164.66 6.64207
      vertex 149.71 165.1 6.7
    endloop
  endfacet
  facet normal 0 -0.130533 0.991444
    outer loop
      vertex 149.71 204.315 3.35793
      vertex 153.71 203.875 3.3
      vertex 153.71 204.315 3.35793
    endloop
  endfacet
  facet normal 0 -0.130533 0.991444
    outer loop
      vertex 153.71 203.875 3.3
      vertex 149.71 204.315 3.35793
      vertex 149.71 203.875 3.3
    endloop
  endfacet
  facet normal 0 0.130533 -0.991444
    outer loop
      vertex 149.71 203.435 6.64207
      vertex 153.71 203.875 6.7
      vertex 153.71 203.435 6.64207
    endloop
  endfacet
  facet normal 0 0.130533 -0.991444
    outer loop
      vertex 153.71 203.875 6.7
      vertex 149.71 203.435 6.64207
      vertex 149.71 203.875 6.7
    endloop
  endfacet
  facet normal 0 -0.991423 -0.130691
    outer loop
      vertex 149.71 205.575 5
      vertex 153.71 205.517 5.43999
      vertex 149.71 205.517 5.43999
    endloop
  endfacet
  facet normal 0 -0.991423 -0.130691
    outer loop
      vertex 153.71 205.517 5.43999
      vertex 149.71 205.575 5
      vertex 153.71 205.575 5
    endloop
  endfacet
  facet normal 0 0.991423 0.130691
    outer loop
      vertex 153.71 202.233 4.56001
      vertex 149.71 202.175 5
      vertex 153.71 202.175 5
    endloop
  endfacet
  facet normal 0 0.991423 0.130691
    outer loop
      vertex 149.71 202.175 5
      vertex 153.71 202.233 4.56001
      vertex 149.71 202.233 4.56001
    endloop
  endfacet
  facet normal 0 0.793528 -0.608534
    outer loop
      vertex 153.71 202.403 5.85
      vertex 149.71 202.673 6.20208
      vertex 153.71 202.673 6.20208
    endloop
  endfacet
  facet normal 0 0.793528 -0.608534
    outer loop
      vertex 149.71 202.673 6.20208
      vertex 153.71 202.403 5.85
      vertex 149.71 202.403 5.85
    endloop
  endfacet
  facet normal 0 -0.923745 0.383007
    outer loop
      vertex 149.71 205.347 4.15
      vertex 153.71 205.517 4.56001
      vertex 149.71 205.517 4.56001
    endloop
  endfacet
  facet normal 0 -0.923745 0.383007
    outer loop
      vertex 153.71 205.517 4.56001
      vertex 149.71 205.347 4.15
      vertex 153.71 205.347 4.15
    endloop
  endfacet
  facet normal 0 -0.608848 -0.793287
    outer loop
      vertex 149.71 204.725 6.47224
      vertex 153.71 205.077 6.20208
      vertex 153.71 204.725 6.47224
    endloop
  endfacet
  facet normal -0 -0.608848 -0.793287
    outer loop
      vertex 153.71 205.077 6.20208
      vertex 149.71 204.725 6.47224
      vertex 149.71 205.077 6.20208
    endloop
  endfacet
  facet normal 0 -0.382688 -0.923878
    outer loop
      vertex 149.71 204.315 6.64207
      vertex 153.71 204.725 6.47224
      vertex 153.71 204.315 6.64207
    endloop
  endfacet
  facet normal -0 -0.382688 -0.923878
    outer loop
      vertex 153.71 204.725 6.47224
      vertex 149.71 204.315 6.64207
      vertex 149.71 204.725 6.47224
    endloop
  endfacet
  facet normal 0 -0.793528 -0.608534
    outer loop
      vertex 149.71 205.347 5.85
      vertex 153.71 205.077 6.20208
      vertex 149.71 205.077 6.20208
    endloop
  endfacet
  facet normal 0 -0.793528 -0.608534
    outer loop
      vertex 153.71 205.077 6.20208
      vertex 149.71 205.347 5.85
      vertex 153.71 205.347 5.85
    endloop
  endfacet
  facet normal -0 0.382688 0.923878
    outer loop
      vertex 149.71 203.435 3.35793
      vertex 153.71 203.025 3.52776
      vertex 153.71 203.435 3.35793
    endloop
  endfacet
  facet normal 0 0.382688 0.923878
    outer loop
      vertex 153.71 203.025 3.52776
      vertex 149.71 203.435 3.35793
      vertex 149.71 203.025 3.52776
    endloop
  endfacet
  facet normal 0 0.923745 -0.383007
    outer loop
      vertex 153.71 202.233 5.43999
      vertex 149.71 202.403 5.85
      vertex 153.71 202.403 5.85
    endloop
  endfacet
  facet normal 0 0.923745 -0.383007
    outer loop
      vertex 149.71 202.403 5.85
      vertex 153.71 202.233 5.43999
      vertex 149.71 202.233 5.43999
    endloop
  endfacet
  facet normal 0 0.608848 -0.793287
    outer loop
      vertex 149.71 202.673 6.20208
      vertex 153.71 203.025 6.47224
      vertex 153.71 202.673 6.20208
    endloop
  endfacet
  facet normal 0 0.608848 -0.793287
    outer loop
      vertex 153.71 203.025 6.47224
      vertex 149.71 202.673 6.20208
      vertex 149.71 203.025 6.47224
    endloop
  endfacet
  facet normal 0 -0.382688 0.923878
    outer loop
      vertex 149.71 204.725 3.52776
      vertex 153.71 204.315 3.35793
      vertex 153.71 204.725 3.52776
    endloop
  endfacet
  facet normal 0 -0.382688 0.923878
    outer loop
      vertex 153.71 204.315 3.35793
      vertex 149.71 204.725 3.52776
      vertex 149.71 204.315 3.35793
    endloop
  endfacet
  facet normal 0 -0.793528 0.608534
    outer loop
      vertex 149.71 205.077 3.79792
      vertex 153.71 205.347 4.15
      vertex 149.71 205.347 4.15
    endloop
  endfacet
  facet normal 0 -0.793528 0.608534
    outer loop
      vertex 153.71 205.347 4.15
      vertex 149.71 205.077 3.79792
      vertex 153.71 205.077 3.79792
    endloop
  endfacet
  facet normal 0 -0.991423 0.130691
    outer loop
      vertex 149.71 205.517 4.56001
      vertex 153.71 205.575 5
      vertex 149.71 205.575 5
    endloop
  endfacet
  facet normal 0 -0.991423 0.130691
    outer loop
      vertex 153.71 205.575 5
      vertex 149.71 205.517 4.56001
      vertex 153.71 205.517 4.56001
    endloop
  endfacet
  facet normal 0 -0.130533 -0.991444
    outer loop
      vertex 149.71 203.875 6.7
      vertex 153.71 204.315 6.64207
      vertex 153.71 203.875 6.7
    endloop
  endfacet
  facet normal -0 -0.130533 -0.991444
    outer loop
      vertex 153.71 204.315 6.64207
      vertex 149.71 203.875 6.7
      vertex 149.71 204.315 6.64207
    endloop
  endfacet
  facet normal 0 -0.923745 -0.383007
    outer loop
      vertex 149.71 205.517 5.43999
      vertex 153.71 205.347 5.85
      vertex 149.71 205.347 5.85
    endloop
  endfacet
  facet normal 0 -0.923745 -0.383007
    outer loop
      vertex 153.71 205.347 5.85
      vertex 149.71 205.517 5.43999
      vertex 153.71 205.517 5.43999
    endloop
  endfacet
  facet normal -0 0.130533 0.991444
    outer loop
      vertex 149.71 203.875 3.3
      vertex 153.71 203.435 3.35793
      vertex 153.71 203.875 3.3
    endloop
  endfacet
  facet normal 0 0.130533 0.991444
    outer loop
      vertex 153.71 203.435 3.35793
      vertex 149.71 203.875 3.3
      vertex 149.71 203.435 3.35793
    endloop
  endfacet
  facet normal 0 0.923745 0.383007
    outer loop
      vertex 153.71 202.403 4.15
      vertex 149.71 202.233 4.56001
      vertex 153.71 202.233 4.56001
    endloop
  endfacet
  facet normal 0 0.923745 0.383007
    outer loop
      vertex 149.71 202.233 4.56001
      vertex 153.71 202.403 4.15
      vertex 149.71 202.403 4.15
    endloop
  endfacet
  facet normal -0 0.608848 0.793287
    outer loop
      vertex 149.71 203.025 3.52776
      vertex 153.71 202.673 3.79792
      vertex 153.71 203.025 3.52776
    endloop
  endfacet
  facet normal 0 0.608848 0.793287
    outer loop
      vertex 153.71 202.673 3.79792
      vertex 149.71 203.025 3.52776
      vertex 149.71 202.673 3.79792
    endloop
  endfacet
  facet normal 0 0.991423 -0.130691
    outer loop
      vertex 153.71 202.175 5
      vertex 149.71 202.233 5.43999
      vertex 153.71 202.233 5.43999
    endloop
  endfacet
  facet normal 0 0.991423 -0.130691
    outer loop
      vertex 149.71 202.233 5.43999
      vertex 153.71 202.175 5
      vertex 149.71 202.175 5
    endloop
  endfacet
  facet normal 0 0.382688 -0.923878
    outer loop
      vertex 149.71 203.025 6.47224
      vertex 153.71 203.435 6.64207
      vertex 153.71 203.025 6.47224
    endloop
  endfacet
  facet normal 0 0.382688 -0.923878
    outer loop
      vertex 153.71 203.435 6.64207
      vertex 149.71 203.025 6.47224
      vertex 149.71 203.435 6.64207
    endloop
  endfacet
  facet normal 0 -0.608848 0.793287
    outer loop
      vertex 149.71 205.077 3.79792
      vertex 153.71 204.725 3.52776
      vertex 153.71 205.077 3.79792
    endloop
  endfacet
  facet normal 0 -0.608848 0.793287
    outer loop
      vertex 153.71 204.725 3.52776
      vertex 149.71 205.077 3.79792
      vertex 149.71 204.725 3.52776
    endloop
  endfacet
  facet normal 0 0.793528 0.608534
    outer loop
      vertex 153.71 202.673 3.79792
      vertex 149.71 202.403 4.15
      vertex 153.71 202.403 4.15
    endloop
  endfacet
  facet normal 0 0.793528 0.608534
    outer loop
      vertex 149.71 202.403 4.15
      vertex 153.71 202.673 3.79792
      vertex 149.71 202.673 3.79792
    endloop
  endfacet
  facet normal 0 -0.130533 0.991444
    outer loop
      vertex 149.71 243.09 3.35793
      vertex 153.71 242.65 3.3
      vertex 153.71 243.09 3.35793
    endloop
  endfacet
  facet normal 0 -0.130533 0.991444
    outer loop
      vertex 153.71 242.65 3.3
      vertex 149.71 243.09 3.35793
      vertex 149.71 242.65 3.3
    endloop
  endfacet
  facet normal 0 0.130533 -0.991444
    outer loop
      vertex 149.71 242.21 6.64207
      vertex 153.71 242.65 6.7
      vertex 153.71 242.21 6.64207
    endloop
  endfacet
  facet normal 0 0.130533 -0.991444
    outer loop
      vertex 153.71 242.65 6.7
      vertex 149.71 242.21 6.64207
      vertex 149.71 242.65 6.7
    endloop
  endfacet
  facet normal 0 -0.991423 -0.130691
    outer loop
      vertex 149.71 244.35 5
      vertex 153.71 244.292 5.43999
      vertex 149.71 244.292 5.43999
    endloop
  endfacet
  facet normal 0 -0.991423 -0.130691
    outer loop
      vertex 153.71 244.292 5.43999
      vertex 149.71 244.35 5
      vertex 153.71 244.35 5
    endloop
  endfacet
  facet normal 0 0.991423 0.130691
    outer loop
      vertex 153.71 241.008 4.56001
      vertex 149.71 240.95 5
      vertex 153.71 240.95 5
    endloop
  endfacet
  facet normal 0 0.991423 0.130691
    outer loop
      vertex 149.71 240.95 5
      vertex 153.71 241.008 4.56001
      vertex 149.71 241.008 4.56001
    endloop
  endfacet
  facet normal 0 0.793528 -0.608534
    outer loop
      vertex 153.71 241.178 5.85
      vertex 149.71 241.448 6.20208
      vertex 153.71 241.448 6.20208
    endloop
  endfacet
  facet normal 0 0.793528 -0.608534
    outer loop
      vertex 149.71 241.448 6.20208
      vertex 153.71 241.178 5.85
      vertex 149.71 241.178 5.85
    endloop
  endfacet
  facet normal 0 -0.608848 -0.793287
    outer loop
      vertex 149.71 243.5 6.47224
      vertex 153.71 243.852 6.20208
      vertex 153.71 243.5 6.47224
    endloop
  endfacet
  facet normal -0 -0.608848 -0.793287
    outer loop
      vertex 153.71 243.852 6.20208
      vertex 149.71 243.5 6.47224
      vertex 149.71 243.852 6.20208
    endloop
  endfacet
  facet normal 0 -0.382688 -0.923878
    outer loop
      vertex 149.71 243.09 6.64207
      vertex 153.71 243.5 6.47224
      vertex 153.71 243.09 6.64207
    endloop
  endfacet
  facet normal -0 -0.382688 -0.923878
    outer loop
      vertex 153.71 243.5 6.47224
      vertex 149.71 243.09 6.64207
      vertex 149.71 243.5 6.47224
    endloop
  endfacet
  facet normal 0 -0.793528 -0.608534
    outer loop
      vertex 149.71 244.122 5.85
      vertex 153.71 243.852 6.20208
      vertex 149.71 243.852 6.20208
    endloop
  endfacet
  facet normal 0 -0.793528 -0.608534
    outer loop
      vertex 153.71 243.852 6.20208
      vertex 149.71 244.122 5.85
      vertex 153.71 244.122 5.85
    endloop
  endfacet
  facet normal -0 0.608848 0.793287
    outer loop
      vertex 149.71 241.8 3.52776
      vertex 153.71 241.448 3.79792
      vertex 153.71 241.8 3.52776
    endloop
  endfacet
  facet normal 0 0.608848 0.793287
    outer loop
      vertex 153.71 241.448 3.79792
      vertex 149.71 241.8 3.52776
      vertex 149.71 241.448 3.79792
    endloop
  endfacet
  facet normal 0 0.923745 0.383007
    outer loop
      vertex 153.71 241.178 4.15
      vertex 149.71 241.008 4.56001
      vertex 153.71 241.008 4.56001
    endloop
  endfacet
  facet normal 0 0.923745 0.383007
    outer loop
      vertex 149.71 241.008 4.56001
      vertex 153.71 241.178 4.15
      vertex 149.71 241.178 4.15
    endloop
  endfacet
  facet normal -0 0.382688 0.923878
    outer loop
      vertex 149.71 242.21 3.35793
      vertex 153.71 241.8 3.52776
      vertex 153.71 242.21 3.35793
    endloop
  endfacet
  facet normal 0 0.382688 0.923878
    outer loop
      vertex 153.71 241.8 3.52776
      vertex 149.71 242.21 3.35793
      vertex 149.71 241.8 3.52776
    endloop
  endfacet
  facet normal 0 0.608848 -0.793287
    outer loop
      vertex 149.71 241.448 6.20208
      vertex 153.71 241.8 6.47224
      vertex 153.71 241.448 6.20208
    endloop
  endfacet
  facet normal 0 0.608848 -0.793287
    outer loop
      vertex 153.71 241.8 6.47224
      vertex 149.71 241.448 6.20208
      vertex 149.71 241.8 6.47224
    endloop
  endfacet
  facet normal 0 -0.382688 0.923878
    outer loop
      vertex 149.71 243.5 3.52776
      vertex 153.71 243.09 3.35793
      vertex 153.71 243.5 3.52776
    endloop
  endfacet
  facet normal 0 -0.382688 0.923878
    outer loop
      vertex 153.71 243.09 3.35793
      vertex 149.71 243.5 3.52776
      vertex 149.71 243.09 3.35793
    endloop
  endfacet
  facet normal 0 -0.793528 0.608534
    outer loop
      vertex 149.71 243.852 3.79792
      vertex 153.71 244.122 4.15
      vertex 149.71 244.122 4.15
    endloop
  endfacet
  facet normal 0 -0.793528 0.608534
    outer loop
      vertex 153.71 244.122 4.15
      vertex 149.71 243.852 3.79792
      vertex 153.71 243.852 3.79792
    endloop
  endfacet
  facet normal 0 -0.923745 0.383007
    outer loop
      vertex 149.71 244.122 4.15
      vertex 153.71 244.292 4.56001
      vertex 149.71 244.292 4.56001
    endloop
  endfacet
  facet normal 0 -0.923745 0.383007
    outer loop
      vertex 153.71 244.292 4.56001
      vertex 149.71 244.122 4.15
      vertex 153.71 244.122 4.15
    endloop
  endfacet
  facet normal 0 -0.130533 -0.991444
    outer loop
      vertex 149.71 242.65 6.7
      vertex 153.71 243.09 6.64207
      vertex 153.71 242.65 6.7
    endloop
  endfacet
  facet normal -0 -0.130533 -0.991444
    outer loop
      vertex 153.71 243.09 6.64207
      vertex 149.71 242.65 6.7
      vertex 149.71 243.09 6.64207
    endloop
  endfacet
  facet normal 0 -0.923745 -0.383007
    outer loop
      vertex 149.71 244.292 5.43999
      vertex 153.71 244.122 5.85
      vertex 149.71 244.122 5.85
    endloop
  endfacet
  facet normal 0 -0.923745 -0.383007
    outer loop
      vertex 153.71 244.122 5.85
      vertex 149.71 244.292 5.43999
      vertex 153.71 244.292 5.43999
    endloop
  endfacet
  facet normal -0 0.130533 0.991444
    outer loop
      vertex 149.71 242.65 3.3
      vertex 153.71 242.21 3.35793
      vertex 153.71 242.65 3.3
    endloop
  endfacet
  facet normal 0 0.130533 0.991444
    outer loop
      vertex 153.71 242.21 3.35793
      vertex 149.71 242.65 3.3
      vertex 149.71 242.21 3.35793
    endloop
  endfacet
  facet normal 0 0.793528 0.608534
    outer loop
      vertex 153.71 241.448 3.79792
      vertex 149.71 241.178 4.15
      vertex 153.71 241.178 4.15
    endloop
  endfacet
  facet normal 0 0.793528 0.608534
    outer loop
      vertex 149.71 241.178 4.15
      vertex 153.71 241.448 3.79792
      vertex 149.71 241.448 3.79792
    endloop
  endfacet
  facet normal 0 0.923745 -0.383007
    outer loop
      vertex 153.71 241.008 5.43999
      vertex 149.71 241.178 5.85
      vertex 153.71 241.178 5.85
    endloop
  endfacet
  facet normal 0 0.923745 -0.383007
    outer loop
      vertex 149.71 241.178 5.85
      vertex 153.71 241.008 5.43999
      vertex 149.71 241.008 5.43999
    endloop
  endfacet
  facet normal 0 0.991423 -0.130691
    outer loop
      vertex 153.71 240.95 5
      vertex 149.71 241.008 5.43999
      vertex 153.71 241.008 5.43999
    endloop
  endfacet
  facet normal 0 0.991423 -0.130691
    outer loop
      vertex 149.71 241.008 5.43999
      vertex 153.71 240.95 5
      vertex 149.71 240.95 5
    endloop
  endfacet
  facet normal 0 0.382688 -0.923878
    outer loop
      vertex 149.71 241.8 6.47224
      vertex 153.71 242.21 6.64207
      vertex 153.71 241.8 6.47224
    endloop
  endfacet
  facet normal 0 0.382688 -0.923878
    outer loop
      vertex 153.71 242.21 6.64207
      vertex 149.71 241.8 6.47224
      vertex 149.71 242.21 6.64207
    endloop
  endfacet
  facet normal 0 -0.608848 0.793287
    outer loop
      vertex 149.71 243.852 3.79792
      vertex 153.71 243.5 3.52776
      vertex 153.71 243.852 3.79792
    endloop
  endfacet
  facet normal 0 -0.608848 0.793287
    outer loop
      vertex 153.71 243.5 3.52776
      vertex 149.71 243.852 3.79792
      vertex 149.71 243.5 3.52776
    endloop
  endfacet
  facet normal 0 -0.991423 0.130691
    outer loop
      vertex 149.71 244.292 4.56001
      vertex 153.71 244.35 5
      vertex 149.71 244.35 5
    endloop
  endfacet
  facet normal 0 -0.991423 0.130691
    outer loop
      vertex 153.71 244.35 5
      vertex 149.71 244.292 4.56001
      vertex 153.71 244.292 4.56001
    endloop
  endfacet
  facet normal 0 -0.130533 0.991444
    outer loop
      vertex 149.71 281.865 3.35793
      vertex 153.71 281.425 3.3
      vertex 153.71 281.865 3.35793
    endloop
  endfacet
  facet normal 0 -0.130533 0.991444
    outer loop
      vertex 153.71 281.425 3.3
      vertex 149.71 281.865 3.35793
      vertex 149.71 281.425 3.3
    endloop
  endfacet
  facet normal 0 -0.130533 -0.991444
    outer loop
      vertex 149.71 281.425 6.7
      vertex 153.71 281.865 6.64207
      vertex 153.71 281.425 6.7
    endloop
  endfacet
  facet normal -0 -0.130533 -0.991444
    outer loop
      vertex 153.71 281.865 6.64207
      vertex 149.71 281.425 6.7
      vertex 149.71 281.865 6.64207
    endloop
  endfacet
  facet normal 0 0.991423 0.130691
    outer loop
      vertex 153.71 279.783 4.56001
      vertex 149.71 279.725 5
      vertex 153.71 279.725 5
    endloop
  endfacet
  facet normal 0 0.991423 0.130691
    outer loop
      vertex 149.71 279.725 5
      vertex 153.71 279.783 4.56001
      vertex 149.71 279.783 4.56001
    endloop
  endfacet
  facet normal -0 0.608848 0.793287
    outer loop
      vertex 149.71 280.575 3.52776
      vertex 153.71 280.223 3.79792
      vertex 153.71 280.575 3.52776
    endloop
  endfacet
  facet normal 0 0.608848 0.793287
    outer loop
      vertex 153.71 280.223 3.79792
      vertex 149.71 280.575 3.52776
      vertex 149.71 280.223 3.79792
    endloop
  endfacet
  facet normal 0 -0.923745 0.383007
    outer loop
      vertex 149.71 282.897 4.15
      vertex 153.71 283.067 4.56001
      vertex 149.71 283.067 4.56001
    endloop
  endfacet
  facet normal 0 -0.923745 0.383007
    outer loop
      vertex 153.71 283.067 4.56001
      vertex 149.71 282.897 4.15
      vertex 153.71 282.897 4.15
    endloop
  endfacet
  facet normal 0 -0.793528 -0.608534
    outer loop
      vertex 149.71 282.897 5.85
      vertex 153.71 282.627 6.20208
      vertex 149.71 282.627 6.20208
    endloop
  endfacet
  facet normal 0 -0.793528 -0.608534
    outer loop
      vertex 153.71 282.627 6.20208
      vertex 149.71 282.897 5.85
      vertex 153.71 282.897 5.85
    endloop
  endfacet
  facet normal 0 -0.991423 -0.130691
    outer loop
      vertex 149.71 283.125 5
      vertex 153.71 283.067 5.43999
      vertex 149.71 283.067 5.43999
    endloop
  endfacet
  facet normal 0 -0.991423 -0.130691
    outer loop
      vertex 153.71 283.067 5.43999
      vertex 149.71 283.125 5
      vertex 153.71 283.125 5
    endloop
  endfacet
  facet normal 0 -0.382688 0.923878
    outer loop
      vertex 149.71 282.275 3.52776
      vertex 153.71 281.865 3.35793
      vertex 153.71 282.275 3.52776
    endloop
  endfacet
  facet normal 0 -0.382688 0.923878
    outer loop
      vertex 153.71 281.865 3.35793
      vertex 149.71 282.275 3.52776
      vertex 149.71 281.865 3.35793
    endloop
  endfacet
  facet normal 0 -0.793528 0.608534
    outer loop
      vertex 149.71 282.627 3.79792
      vertex 153.71 282.897 4.15
      vertex 149.71 282.897 4.15
    endloop
  endfacet
  facet normal 0 -0.793528 0.608534
    outer loop
      vertex 153.71 282.897 4.15
      vertex 149.71 282.627 3.79792
      vertex 153.71 282.627 3.79792
    endloop
  endfacet
  facet normal 0 -0.991423 0.130691
    outer loop
      vertex 149.71 283.067 4.56001
      vertex 153.71 283.125 5
      vertex 149.71 283.125 5
    endloop
  endfacet
  facet normal 0 -0.991423 0.130691
    outer loop
      vertex 153.71 283.125 5
      vertex 149.71 283.067 4.56001
      vertex 153.71 283.067 4.56001
    endloop
  endfacet
  facet normal 0 -0.608848 -0.793287
    outer loop
      vertex 149.71 282.275 6.47224
      vertex 153.71 282.627 6.20208
      vertex 153.71 282.275 6.47224
    endloop
  endfacet
  facet normal -0 -0.608848 -0.793287
    outer loop
      vertex 153.71 282.627 6.20208
      vertex 149.71 282.275 6.47224
      vertex 149.71 282.627 6.20208
    endloop
  endfacet
  facet normal 0 -0.382688 -0.923878
    outer loop
      vertex 149.71 281.865 6.64207
      vertex 153.71 282.275 6.47224
      vertex 153.71 281.865 6.64207
    endloop
  endfacet
  facet normal -0 -0.382688 -0.923878
    outer loop
      vertex 153.71 282.275 6.47224
      vertex 149.71 281.865 6.64207
      vertex 149.71 282.275 6.47224
    endloop
  endfacet
  facet normal 0 -0.923745 -0.383007
    outer loop
      vertex 149.71 283.067 5.43999
      vertex 153.71 282.897 5.85
      vertex 149.71 282.897 5.85
    endloop
  endfacet
  facet normal 0 -0.923745 -0.383007
    outer loop
      vertex 153.71 282.897 5.85
      vertex 149.71 283.067 5.43999
      vertex 153.71 283.067 5.43999
    endloop
  endfacet
  facet normal 0 0.608848 -0.793287
    outer loop
      vertex 149.71 280.223 6.20208
      vertex 153.71 280.575 6.47224
      vertex 153.71 280.223 6.20208
    endloop
  endfacet
  facet normal 0 0.608848 -0.793287
    outer loop
      vertex 153.71 280.575 6.47224
      vertex 149.71 280.223 6.20208
      vertex 149.71 280.575 6.47224
    endloop
  endfacet
  facet normal -0 0.382688 0.923878
    outer loop
      vertex 149.71 280.985 3.35793
      vertex 153.71 280.575 3.52776
      vertex 153.71 280.985 3.35793
    endloop
  endfacet
  facet normal 0 0.382688 0.923878
    outer loop
      vertex 153.71 280.575 3.52776
      vertex 149.71 280.985 3.35793
      vertex 149.71 280.575 3.52776
    endloop
  endfacet
  facet normal 0 -0.608848 0.793287
    outer loop
      vertex 149.71 282.627 3.79792
      vertex 153.71 282.275 3.52776
      vertex 153.71 282.627 3.79792
    endloop
  endfacet
  facet normal 0 -0.608848 0.793287
    outer loop
      vertex 153.71 282.275 3.52776
      vertex 149.71 282.627 3.79792
      vertex 149.71 282.275 3.52776
    endloop
  endfacet
  facet normal 0 0.923745 -0.383007
    outer loop
      vertex 153.71 279.783 5.43999
      vertex 149.71 279.953 5.85
      vertex 153.71 279.953 5.85
    endloop
  endfacet
  facet normal 0 0.923745 -0.383007
    outer loop
      vertex 149.71 279.953 5.85
      vertex 153.71 279.783 5.43999
      vertex 149.71 279.783 5.43999
    endloop
  endfacet
  facet normal 0 0.793528 0.608534
    outer loop
      vertex 153.71 280.223 3.79792
      vertex 149.71 279.953 4.15
      vertex 153.71 279.953 4.15
    endloop
  endfacet
  facet normal 0 0.793528 0.608534
    outer loop
      vertex 149.71 279.953 4.15
      vertex 153.71 280.223 3.79792
      vertex 149.71 280.223 3.79792
    endloop
  endfacet
  facet normal 0 0.923745 0.383007
    outer loop
      vertex 153.71 279.953 4.15
      vertex 149.71 279.783 4.56001
      vertex 153.71 279.783 4.56001
    endloop
  endfacet
  facet normal 0 0.923745 0.383007
    outer loop
      vertex 149.71 279.783 4.56001
      vertex 153.71 279.953 4.15
      vertex 149.71 279.953 4.15
    endloop
  endfacet
  facet normal -0 0.130533 0.991444
    outer loop
      vertex 149.71 281.425 3.3
      vertex 153.71 280.985 3.35793
      vertex 153.71 281.425 3.3
    endloop
  endfacet
  facet normal 0 0.130533 0.991444
    outer loop
      vertex 153.71 280.985 3.35793
      vertex 149.71 281.425 3.3
      vertex 149.71 280.985 3.35793
    endloop
  endfacet
  facet normal 0 0.991423 -0.130691
    outer loop
      vertex 153.71 279.725 5
      vertex 149.71 279.783 5.43999
      vertex 153.71 279.783 5.43999
    endloop
  endfacet
  facet normal 0 0.991423 -0.130691
    outer loop
      vertex 149.71 279.783 5.43999
      vertex 153.71 279.725 5
      vertex 149.71 279.725 5
    endloop
  endfacet
  facet normal 0 0.793528 -0.608534
    outer loop
      vertex 153.71 279.953 5.85
      vertex 149.71 280.223 6.20208
      vertex 153.71 280.223 6.20208
    endloop
  endfacet
  facet normal 0 0.793528 -0.608534
    outer loop
      vertex 149.71 280.223 6.20208
      vertex 153.71 279.953 5.85
      vertex 149.71 279.953 5.85
    endloop
  endfacet
  facet normal 0 0.382688 -0.923878
    outer loop
      vertex 149.71 280.575 6.47224
      vertex 153.71 280.985 6.64207
      vertex 153.71 280.575 6.47224
    endloop
  endfacet
  facet normal 0 0.382688 -0.923878
    outer loop
      vertex 153.71 280.985 6.64207
      vertex 149.71 280.575 6.47224
      vertex 149.71 280.985 6.64207
    endloop
  endfacet
  facet normal 0 0.130533 -0.991444
    outer loop
      vertex 149.71 280.985 6.64207
      vertex 153.71 281.425 6.7
      vertex 153.71 280.985 6.64207
    endloop
  endfacet
  facet normal 0 0.130533 -0.991444
    outer loop
      vertex 153.71 281.425 6.7
      vertex 149.71 280.985 6.64207
      vertex 149.71 281.425 6.7
    endloop
  endfacet
  facet normal 0 -0.130533 0.991444
    outer loop
      vertex 149.71 320.64 3.35793
      vertex 153.71 320.2 3.3
      vertex 153.71 320.64 3.35793
    endloop
  endfacet
  facet normal 0 -0.130533 0.991444
    outer loop
      vertex 153.71 320.2 3.3
      vertex 149.71 320.64 3.35793
      vertex 149.71 320.2 3.3
    endloop
  endfacet
  facet normal 0 0.130533 -0.991444
    outer loop
      vertex 149.71 319.76 6.64207
      vertex 153.71 320.2 6.7
      vertex 153.71 319.76 6.64207
    endloop
  endfacet
  facet normal 0 0.130533 -0.991444
    outer loop
      vertex 153.71 320.2 6.7
      vertex 149.71 319.76 6.64207
      vertex 149.71 320.2 6.7
    endloop
  endfacet
  facet normal 0 -0.991423 -0.130691
    outer loop
      vertex 149.71 321.9 5
      vertex 153.71 321.842 5.43999
      vertex 149.71 321.842 5.43999
    endloop
  endfacet
  facet normal 0 -0.991423 -0.130691
    outer loop
      vertex 153.71 321.842 5.43999
      vertex 149.71 321.9 5
      vertex 153.71 321.9 5
    endloop
  endfacet
  facet normal 0 0.991423 0.130691
    outer loop
      vertex 153.71 318.558 4.56001
      vertex 149.71 318.5 5
      vertex 153.71 318.5 5
    endloop
  endfacet
  facet normal 0 0.991423 0.130691
    outer loop
      vertex 149.71 318.5 5
      vertex 153.71 318.558 4.56001
      vertex 149.71 318.558 4.56001
    endloop
  endfacet
  facet normal 0 0.793528 -0.608534
    outer loop
      vertex 153.71 318.728 5.85
      vertex 149.71 318.998 6.20208
      vertex 153.71 318.998 6.20208
    endloop
  endfacet
  facet normal 0 0.793528 -0.608534
    outer loop
      vertex 149.71 318.998 6.20208
      vertex 153.71 318.728 5.85
      vertex 149.71 318.728 5.85
    endloop
  endfacet
  facet normal 0 -0.608848 -0.793287
    outer loop
      vertex 149.71 321.05 6.47224
      vertex 153.71 321.402 6.20208
      vertex 153.71 321.05 6.47224
    endloop
  endfacet
  facet normal -0 -0.608848 -0.793287
    outer loop
      vertex 153.71 321.402 6.20208
      vertex 149.71 321.05 6.47224
      vertex 149.71 321.402 6.20208
    endloop
  endfacet
  facet normal 0 -0.382688 -0.923878
    outer loop
      vertex 149.71 320.64 6.64207
      vertex 153.71 321.05 6.47224
      vertex 153.71 320.64 6.64207
    endloop
  endfacet
  facet normal -0 -0.382688 -0.923878
    outer loop
      vertex 153.71 321.05 6.47224
      vertex 149.71 320.64 6.64207
      vertex 149.71 321.05 6.47224
    endloop
  endfacet
  facet normal 0 -0.793528 -0.608534
    outer loop
      vertex 149.71 321.672 5.85
      vertex 153.71 321.402 6.20208
      vertex 149.71 321.402 6.20208
    endloop
  endfacet
  facet normal 0 -0.793528 -0.608534
    outer loop
      vertex 153.71 321.402 6.20208
      vertex 149.71 321.672 5.85
      vertex 153.71 321.672 5.85
    endloop
  endfacet
  facet normal -0 0.382688 0.923878
    outer loop
      vertex 149.71 319.76 3.35793
      vertex 153.71 319.35 3.52776
      vertex 153.71 319.76 3.35793
    endloop
  endfacet
  facet normal 0 0.382688 0.923878
    outer loop
      vertex 153.71 319.35 3.52776
      vertex 149.71 319.76 3.35793
      vertex 149.71 319.35 3.52776
    endloop
  endfacet
  facet normal 0 0.923745 -0.383007
    outer loop
      vertex 153.71 318.558 5.43999
      vertex 149.71 318.728 5.85
      vertex 153.71 318.728 5.85
    endloop
  endfacet
  facet normal 0 0.923745 -0.383007
    outer loop
      vertex 149.71 318.728 5.85
      vertex 153.71 318.558 5.43999
      vertex 149.71 318.558 5.43999
    endloop
  endfacet
  facet normal 0 0.608848 -0.793287
    outer loop
      vertex 149.71 318.998 6.20208
      vertex 153.71 319.35 6.47224
      vertex 153.71 318.998 6.20208
    endloop
  endfacet
  facet normal 0 0.608848 -0.793287
    outer loop
      vertex 153.71 319.35 6.47224
      vertex 149.71 318.998 6.20208
      vertex 149.71 319.35 6.47224
    endloop
  endfacet
  facet normal 0 -0.382688 0.923878
    outer loop
      vertex 149.71 321.05 3.52776
      vertex 153.71 320.64 3.35793
      vertex 153.71 321.05 3.52776
    endloop
  endfacet
  facet normal 0 -0.382688 0.923878
    outer loop
      vertex 153.71 320.64 3.35793
      vertex 149.71 321.05 3.52776
      vertex 149.71 320.64 3.35793
    endloop
  endfacet
  facet normal 0 -0.793528 0.608534
    outer loop
      vertex 149.71 321.402 3.79792
      vertex 153.71 321.672 4.15
      vertex 149.71 321.672 4.15
    endloop
  endfacet
  facet normal 0 -0.793528 0.608534
    outer loop
      vertex 153.71 321.672 4.15
      vertex 149.71 321.402 3.79792
      vertex 153.71 321.402 3.79792
    endloop
  endfacet
  facet normal 0 -0.923745 0.383007
    outer loop
      vertex 149.71 321.672 4.15
      vertex 153.71 321.842 4.56001
      vertex 149.71 321.842 4.56001
    endloop
  endfacet
  facet normal 0 -0.923745 0.383007
    outer loop
      vertex 153.71 321.842 4.56001
      vertex 149.71 321.672 4.15
      vertex 153.71 321.672 4.15
    endloop
  endfacet
  facet normal 0 -0.130533 -0.991444
    outer loop
      vertex 149.71 320.2 6.7
      vertex 153.71 320.64 6.64207
      vertex 153.71 320.2 6.7
    endloop
  endfacet
  facet normal -0 -0.130533 -0.991444
    outer loop
      vertex 153.71 320.64 6.64207
      vertex 149.71 320.2 6.7
      vertex 149.71 320.64 6.64207
    endloop
  endfacet
  facet normal 0 -0.923745 -0.383007
    outer loop
      vertex 149.71 321.842 5.43999
      vertex 153.71 321.672 5.85
      vertex 149.71 321.672 5.85
    endloop
  endfacet
  facet normal 0 -0.923745 -0.383007
    outer loop
      vertex 153.71 321.672 5.85
      vertex 149.71 321.842 5.43999
      vertex 153.71 321.842 5.43999
    endloop
  endfacet
  facet normal -0 0.130533 0.991444
    outer loop
      vertex 149.71 320.2 3.3
      vertex 153.71 319.76 3.35793
      vertex 153.71 320.2 3.3
    endloop
  endfacet
  facet normal 0 0.130533 0.991444
    outer loop
      vertex 153.71 319.76 3.35793
      vertex 149.71 320.2 3.3
      vertex 149.71 319.76 3.35793
    endloop
  endfacet
  facet normal 0 0.923745 0.383007
    outer loop
      vertex 153.71 318.728 4.15
      vertex 149.71 318.558 4.56001
      vertex 153.71 318.558 4.56001
    endloop
  endfacet
  facet normal 0 0.923745 0.383007
    outer loop
      vertex 149.71 318.558 4.56001
      vertex 153.71 318.728 4.15
      vertex 149.71 318.728 4.15
    endloop
  endfacet
  facet normal -0 0.608848 0.793287
    outer loop
      vertex 149.71 319.35 3.52776
      vertex 153.71 318.998 3.79792
      vertex 153.71 319.35 3.52776
    endloop
  endfacet
  facet normal 0 0.608848 0.793287
    outer loop
      vertex 153.71 318.998 3.79792
      vertex 149.71 319.35 3.52776
      vertex 149.71 318.998 3.79792
    endloop
  endfacet
  facet normal 0 0.991423 -0.130691
    outer loop
      vertex 153.71 318.5 5
      vertex 149.71 318.558 5.43999
      vertex 153.71 318.558 5.43999
    endloop
  endfacet
  facet normal 0 0.991423 -0.130691
    outer loop
      vertex 149.71 318.558 5.43999
      vertex 153.71 318.5 5
      vertex 149.71 318.5 5
    endloop
  endfacet
  facet normal 0 0.382688 -0.923878
    outer loop
      vertex 149.71 319.35 6.47224
      vertex 153.71 319.76 6.64207
      vertex 153.71 319.35 6.47224
    endloop
  endfacet
  facet normal 0 0.382688 -0.923878
    outer loop
      vertex 153.71 319.76 6.64207
      vertex 149.71 319.35 6.47224
      vertex 149.71 319.76 6.64207
    endloop
  endfacet
  facet normal 0 -0.608848 0.793287
    outer loop
      vertex 149.71 321.402 3.79792
      vertex 153.71 321.05 3.52776
      vertex 153.71 321.402 3.79792
    endloop
  endfacet
  facet normal 0 -0.608848 0.793287
    outer loop
      vertex 153.71 321.05 3.52776
      vertex 149.71 321.402 3.79792
      vertex 149.71 321.05 3.52776
    endloop
  endfacet
  facet normal 0 -0.991423 0.130691
    outer loop
      vertex 149.71 321.842 4.56001
      vertex 153.71 321.9 5
      vertex 149.71 321.9 5
    endloop
  endfacet
  facet normal 0 -0.991423 0.130691
    outer loop
      vertex 153.71 321.9 5
      vertex 149.71 321.842 4.56001
      vertex 153.71 321.842 4.56001
    endloop
  endfacet
  facet normal 0 0.793528 0.608534
    outer loop
      vertex 153.71 318.998 3.79792
      vertex 149.71 318.728 4.15
      vertex 153.71 318.728 4.15
    endloop
  endfacet
  facet normal 0 0.793528 0.608534
    outer loop
      vertex 149.71 318.728 4.15
      vertex 153.71 318.998 3.79792
      vertex 149.71 318.998 3.79792
    endloop
  endfacet
  facet normal -0.991452 0 0.130469
    outer loop
      vertex 11.6421 153.1 4.56001
      vertex 11.7 157.1 5
      vertex 11.6421 157.1 4.56001
    endloop
  endfacet
  facet normal -0.991452 0 0.130469
    outer loop
      vertex 11.7 157.1 5
      vertex 11.6421 153.1 4.56001
      vertex 11.7 153.1 5
    endloop
  endfacet
  facet normal 0.991444 -0 0.130536
    outer loop
      vertex 8.3 153.1 5
      vertex 8.35793 157.1 4.56001
      vertex 8.3 157.1 5
    endloop
  endfacet
  facet normal 0.991444 0 0.130536
    outer loop
      vertex 8.35793 157.1 4.56001
      vertex 8.3 153.1 5
      vertex 8.35793 153.1 4.56001
    endloop
  endfacet
  facet normal 0.130536 0 0.991444
    outer loop
      vertex 9.56001 157.1 3.35793
      vertex 10 153.1 3.3
      vertex 10 157.1 3.3
    endloop
  endfacet
  facet normal 0.130536 0 0.991444
    outer loop
      vertex 10 153.1 3.3
      vertex 9.56001 157.1 3.35793
      vertex 9.56001 153.1 3.35793
    endloop
  endfacet
  facet normal 0.793354 0 -0.608761
    outer loop
      vertex 8.79792 153.1 6.20208
      vertex 8.52776 157.1 5.85
      vertex 8.79792 157.1 6.20208
    endloop
  endfacet
  facet normal 0.793354 0 -0.608761
    outer loop
      vertex 8.52776 157.1 5.85
      vertex 8.79792 153.1 6.20208
      vertex 8.52776 153.1 5.85
    endloop
  endfacet
  facet normal -0.608739 0 0.793371
    outer loop
      vertex 10.85 157.1 3.52776
      vertex 11.2021 153.1 3.79792
      vertex 11.2021 157.1 3.79792
    endloop
  endfacet
  facet normal -0.608739 0 0.793371
    outer loop
      vertex 11.2021 153.1 3.79792
      vertex 10.85 157.1 3.52776
      vertex 10.85 153.1 3.52776
    endloop
  endfacet
  facet normal -0.382688 0 0.923878
    outer loop
      vertex 10.44 157.1 3.35793
      vertex 10.85 153.1 3.52776
      vertex 10.85 157.1 3.52776
    endloop
  endfacet
  facet normal -0.382688 0 0.923878
    outer loop
      vertex 10.85 153.1 3.52776
      vertex 10.44 157.1 3.35793
      vertex 10.44 153.1 3.35793
    endloop
  endfacet
  facet normal 0.793354 -0 0.608761
    outer loop
      vertex 8.52776 153.1 4.15
      vertex 8.79792 157.1 3.79792
      vertex 8.52776 157.1 4.15
    endloop
  endfacet
  facet normal 0.793354 0 0.608761
    outer loop
      vertex 8.79792 157.1 3.79792
      vertex 8.52776 153.1 4.15
      vertex 8.79792 153.1 3.79792
    endloop
  endfacet
  facet normal 0.923881 -0 0.38268
    outer loop
      vertex 8.35793 153.1 4.56001
      vertex 8.52776 157.1 4.15
      vertex 8.35793 157.1 4.56001
    endloop
  endfacet
  facet normal 0.923881 0 0.38268
    outer loop
      vertex 8.52776 157.1 4.15
      vertex 8.35793 153.1 4.56001
      vertex 8.52776 153.1 4.15
    endloop
  endfacet
  facet normal 0.608761 0 0.793354
    outer loop
      vertex 8.79792 157.1 3.79792
      vertex 9.15 153.1 3.52776
      vertex 9.15 157.1 3.52776
    endloop
  endfacet
  facet normal 0.608761 0 0.793354
    outer loop
      vertex 9.15 153.1 3.52776
      vertex 8.79792 157.1 3.79792
      vertex 8.79792 153.1 3.79792
    endloop
  endfacet
  facet normal -0.793419 0 -0.608676
    outer loop
      vertex 11.4722 153.1 5.85
      vertex 11.2021 157.1 6.20208
      vertex 11.4722 157.1 5.85
    endloop
  endfacet
  facet normal -0.793419 -0 -0.608676
    outer loop
      vertex 11.2021 157.1 6.20208
      vertex 11.4722 153.1 5.85
      vertex 11.2021 153.1 6.20208
    endloop
  endfacet
  facet normal -0.923825 0 -0.382815
    outer loop
      vertex 11.6421 153.1 5.43999
      vertex 11.4722 157.1 5.85
      vertex 11.6421 157.1 5.43999
    endloop
  endfacet
  facet normal -0.923825 -0 -0.382815
    outer loop
      vertex 11.4722 157.1 5.85
      vertex 11.6421 153.1 5.43999
      vertex 11.4722 153.1 5.85
    endloop
  endfacet
  facet normal 0.991444 0 -0.130536
    outer loop
      vertex 8.35793 153.1 5.43999
      vertex 8.3 157.1 5
      vertex 8.35793 157.1 5.43999
    endloop
  endfacet
  facet normal 0.991444 0 -0.130536
    outer loop
      vertex 8.3 157.1 5
      vertex 8.35793 153.1 5.43999
      vertex 8.3 153.1 5
    endloop
  endfacet
  facet normal -0.793419 0 0.608676
    outer loop
      vertex 11.2021 153.1 3.79792
      vertex 11.4722 157.1 4.15
      vertex 11.2021 157.1 3.79792
    endloop
  endfacet
  facet normal -0.793419 0 0.608676
    outer loop
      vertex 11.4722 157.1 4.15
      vertex 11.2021 153.1 3.79792
      vertex 11.4722 153.1 4.15
    endloop
  endfacet
  facet normal -0.923825 0 0.382815
    outer loop
      vertex 11.4722 153.1 4.15
      vertex 11.6421 157.1 4.56001
      vertex 11.4722 157.1 4.15
    endloop
  endfacet
  facet normal -0.923825 0 0.382815
    outer loop
      vertex 11.6421 157.1 4.56001
      vertex 11.4722 153.1 4.15
      vertex 11.6421 153.1 4.56001
    endloop
  endfacet
  facet normal -0.130533 0 0.991444
    outer loop
      vertex 10 157.1 3.3
      vertex 10.44 153.1 3.35793
      vertex 10.44 157.1 3.35793
    endloop
  endfacet
  facet normal -0.130533 0 0.991444
    outer loop
      vertex 10.44 153.1 3.35793
      vertex 10 157.1 3.3
      vertex 10 153.1 3.3
    endloop
  endfacet
  facet normal 0.38268 0 0.923881
    outer loop
      vertex 9.15 157.1 3.52776
      vertex 9.56001 153.1 3.35793
      vertex 9.56001 157.1 3.35793
    endloop
  endfacet
  facet normal 0.38268 0 0.923881
    outer loop
      vertex 9.56001 153.1 3.35793
      vertex 9.15 157.1 3.52776
      vertex 9.15 153.1 3.52776
    endloop
  endfacet
  facet normal -0.991452 0 -0.130469
    outer loop
      vertex 11.7 153.1 5
      vertex 11.6421 157.1 5.43999
      vertex 11.7 157.1 5
    endloop
  endfacet
  facet normal -0.991452 -0 -0.130469
    outer loop
      vertex 11.6421 157.1 5.43999
      vertex 11.7 153.1 5
      vertex 11.6421 153.1 5.43999
    endloop
  endfacet
  facet normal -0.130533 0 -0.991444
    outer loop
      vertex 10 153.1 6.7
      vertex 10.44 157.1 6.64207
      vertex 10.44 153.1 6.64207
    endloop
  endfacet
  facet normal -0.130533 0 -0.991444
    outer loop
      vertex 10.44 157.1 6.64207
      vertex 10 153.1 6.7
      vertex 10 157.1 6.7
    endloop
  endfacet
  facet normal -0.608739 0 -0.793371
    outer loop
      vertex 10.85 153.1 6.47224
      vertex 11.2021 157.1 6.20208
      vertex 11.2021 153.1 6.20208
    endloop
  endfacet
  facet normal -0.608739 0 -0.793371
    outer loop
      vertex 11.2021 157.1 6.20208
      vertex 10.85 153.1 6.47224
      vertex 10.85 157.1 6.47224
    endloop
  endfacet
  facet normal 0.608761 0 -0.793354
    outer loop
      vertex 8.79792 153.1 6.20208
      vertex 9.15 157.1 6.47224
      vertex 9.15 153.1 6.47224
    endloop
  endfacet
  facet normal 0.608761 0 -0.793354
    outer loop
      vertex 9.15 157.1 6.47224
      vertex 8.79792 153.1 6.20208
      vertex 8.79792 157.1 6.20208
    endloop
  endfacet
  facet normal 0.130536 0 -0.991444
    outer loop
      vertex 9.56001 153.1 6.64207
      vertex 10 157.1 6.7
      vertex 10 153.1 6.7
    endloop
  endfacet
  facet normal 0.130536 0 -0.991444
    outer loop
      vertex 10 157.1 6.7
      vertex 9.56001 153.1 6.64207
      vertex 9.56001 157.1 6.64207
    endloop
  endfacet
  facet normal 0.923881 0 -0.38268
    outer loop
      vertex 8.52776 153.1 5.85
      vertex 8.35793 157.1 5.43999
      vertex 8.52776 157.1 5.85
    endloop
  endfacet
  facet normal 0.923881 0 -0.38268
    outer loop
      vertex 8.35793 157.1 5.43999
      vertex 8.52776 153.1 5.85
      vertex 8.35793 153.1 5.43999
    endloop
  endfacet
  facet normal -0.382688 0 -0.923878
    outer loop
      vertex 10.44 153.1 6.64207
      vertex 10.85 157.1 6.47224
      vertex 10.85 153.1 6.47224
    endloop
  endfacet
  facet normal -0.382688 0 -0.923878
    outer loop
      vertex 10.85 157.1 6.47224
      vertex 10.44 153.1 6.64207
      vertex 10.44 157.1 6.64207
    endloop
  endfacet
  facet normal 0.38268 0 -0.923881
    outer loop
      vertex 9.15 153.1 6.47224
      vertex 9.56001 157.1 6.64207
      vertex 9.56001 153.1 6.64207
    endloop
  endfacet
  facet normal 0.38268 0 -0.923881
    outer loop
      vertex 9.56001 157.1 6.64207
      vertex 9.15 153.1 6.47224
      vertex 9.15 157.1 6.47224
    endloop
  endfacet
  facet normal -0.991452 0 0.130469
    outer loop
      vertex 52.7021 153.1 4.56001
      vertex 52.76 157.1 5
      vertex 52.7021 157.1 4.56001
    endloop
  endfacet
  facet normal -0.991452 0 0.130469
    outer loop
      vertex 52.76 157.1 5
      vertex 52.7021 153.1 4.56001
      vertex 52.76 153.1 5
    endloop
  endfacet
  facet normal 0.991452 -0 0.130469
    outer loop
      vertex 49.36 153.1 5
      vertex 49.4179 157.1 4.56001
      vertex 49.36 157.1 5
    endloop
  endfacet
  facet normal 0.991452 0 0.130469
    outer loop
      vertex 49.4179 157.1 4.56001
      vertex 49.36 153.1 5
      vertex 49.4179 153.1 4.56001
    endloop
  endfacet
  facet normal -0.130533 0 0.991444
    outer loop
      vertex 51.06 157.1 3.3
      vertex 51.5 153.1 3.35793
      vertex 51.5 157.1 3.35793
    endloop
  endfacet
  facet normal -0.130533 0 0.991444
    outer loop
      vertex 51.5 153.1 3.35793
      vertex 51.06 157.1 3.3
      vertex 51.06 153.1 3.3
    endloop
  endfacet
  facet normal -0.130533 0 -0.991444
    outer loop
      vertex 51.06 153.1 6.7
      vertex 51.5 157.1 6.64207
      vertex 51.5 153.1 6.64207
    endloop
  endfacet
  facet normal -0.130533 0 -0.991444
    outer loop
      vertex 51.5 157.1 6.64207
      vertex 51.06 153.1 6.7
      vertex 51.06 157.1 6.7
    endloop
  endfacet
  facet normal -0.608739 0 0.793371
    outer loop
      vertex 51.91 157.1 3.52776
      vertex 52.2621 153.1 3.79792
      vertex 52.2621 157.1 3.79792
    endloop
  endfacet
  facet normal -0.608739 0 0.793371
    outer loop
      vertex 52.2621 153.1 3.79792
      vertex 51.91 157.1 3.52776
      vertex 51.91 153.1 3.52776
    endloop
  endfacet
  facet normal -0.923825 0 0.382815
    outer loop
      vertex 52.5322 153.1 4.15
      vertex 52.7021 157.1 4.56001
      vertex 52.5322 157.1 4.15
    endloop
  endfacet
  facet normal -0.923825 0 0.382815
    outer loop
      vertex 52.7021 157.1 4.56001
      vertex 52.5322 153.1 4.15
      vertex 52.7021 153.1 4.56001
    endloop
  endfacet
  facet normal -0.382688 0 0.923878
    outer loop
      vertex 51.5 157.1 3.35793
      vertex 51.91 153.1 3.52776
      vertex 51.91 157.1 3.52776
    endloop
  endfacet
  facet normal -0.382688 0 0.923878
    outer loop
      vertex 51.91 153.1 3.52776
      vertex 51.5 157.1 3.35793
      vertex 51.5 153.1 3.35793
    endloop
  endfacet
  facet normal 0.608739 0 0.793371
    outer loop
      vertex 49.8579 157.1 3.79792
      vertex 50.21 153.1 3.52776
      vertex 50.21 157.1 3.52776
    endloop
  endfacet
  facet normal 0.608739 0 0.793371
    outer loop
      vertex 50.21 153.1 3.52776
      vertex 49.8579 157.1 3.79792
      vertex 49.8579 153.1 3.79792
    endloop
  endfacet
  facet normal 0.793419 -0 0.608676
    outer loop
      vertex 49.5878 153.1 4.15
      vertex 49.8579 157.1 3.79792
      vertex 49.5878 157.1 4.15
    endloop
  endfacet
  facet normal 0.793419 0 0.608676
    outer loop
      vertex 49.8579 157.1 3.79792
      vertex 49.5878 153.1 4.15
      vertex 49.8579 153.1 3.79792
    endloop
  endfacet
  facet normal 0.130533 0 0.991444
    outer loop
      vertex 50.62 157.1 3.35793
      vertex 51.06 153.1 3.3
      vertex 51.06 157.1 3.3
    endloop
  endfacet
  facet normal 0.130533 0 0.991444
    outer loop
      vertex 51.06 153.1 3.3
      vertex 50.62 157.1 3.35793
      vertex 50.62 153.1 3.35793
    endloop
  endfacet
  facet normal -0.793419 0 0.608676
    outer loop
      vertex 52.2621 153.1 3.79792
      vertex 52.5322 157.1 4.15
      vertex 52.2621 157.1 3.79792
    endloop
  endfacet
  facet normal -0.793419 0 0.608676
    outer loop
      vertex 52.5322 157.1 4.15
      vertex 52.2621 153.1 3.79792
      vertex 52.5322 153.1 4.15
    endloop
  endfacet
  facet normal 0.923825 -0 0.382815
    outer loop
      vertex 49.4179 153.1 4.56001
      vertex 49.5878 157.1 4.15
      vertex 49.4179 157.1 4.56001
    endloop
  endfacet
  facet normal 0.923825 0 0.382815
    outer loop
      vertex 49.5878 157.1 4.15
      vertex 49.4179 153.1 4.56001
      vertex 49.5878 153.1 4.15
    endloop
  endfacet
  facet normal 0.382688 0 0.923878
    outer loop
      vertex 50.21 157.1 3.52776
      vertex 50.62 153.1 3.35793
      vertex 50.62 157.1 3.35793
    endloop
  endfacet
  facet normal 0.382688 0 0.923878
    outer loop
      vertex 50.62 153.1 3.35793
      vertex 50.21 157.1 3.52776
      vertex 50.21 153.1 3.52776
    endloop
  endfacet
  facet normal -0.793419 0 -0.608676
    outer loop
      vertex 52.5322 153.1 5.85
      vertex 52.2621 157.1 6.20208
      vertex 52.5322 157.1 5.85
    endloop
  endfacet
  facet normal -0.793419 -0 -0.608676
    outer loop
      vertex 52.2621 157.1 6.20208
      vertex 52.5322 153.1 5.85
      vertex 52.2621 153.1 6.20208
    endloop
  endfacet
  facet normal -0.923825 0 -0.382815
    outer loop
      vertex 52.7021 153.1 5.43999
      vertex 52.5322 157.1 5.85
      vertex 52.7021 157.1 5.43999
    endloop
  endfacet
  facet normal -0.923825 -0 -0.382815
    outer loop
      vertex 52.5322 157.1 5.85
      vertex 52.7021 153.1 5.43999
      vertex 52.5322 153.1 5.85
    endloop
  endfacet
  facet normal 0.793419 0 -0.608676
    outer loop
      vertex 49.8579 153.1 6.20208
      vertex 49.5878 157.1 5.85
      vertex 49.8579 157.1 6.20208
    endloop
  endfacet
  facet normal 0.793419 0 -0.608676
    outer loop
      vertex 49.5878 157.1 5.85
      vertex 49.8579 153.1 6.20208
      vertex 49.5878 153.1 5.85
    endloop
  endfacet
  facet normal -0.991452 0 -0.130469
    outer loop
      vertex 52.76 153.1 5
      vertex 52.7021 157.1 5.43999
      vertex 52.76 157.1 5
    endloop
  endfacet
  facet normal -0.991452 -0 -0.130469
    outer loop
      vertex 52.7021 157.1 5.43999
      vertex 52.76 153.1 5
      vertex 52.7021 153.1 5.43999
    endloop
  endfacet
  facet normal 0.130533 0 -0.991444
    outer loop
      vertex 50.62 153.1 6.64207
      vertex 51.06 157.1 6.7
      vertex 51.06 153.1 6.7
    endloop
  endfacet
  facet normal 0.130533 0 -0.991444
    outer loop
      vertex 51.06 157.1 6.7
      vertex 50.62 153.1 6.64207
      vertex 50.62 157.1 6.64207
    endloop
  endfacet
  facet normal 0.608739 0 -0.793371
    outer loop
      vertex 49.8579 153.1 6.20208
      vertex 50.21 157.1 6.47224
      vertex 50.21 153.1 6.47224
    endloop
  endfacet
  facet normal 0.608739 0 -0.793371
    outer loop
      vertex 50.21 157.1 6.47224
      vertex 49.8579 153.1 6.20208
      vertex 49.8579 157.1 6.20208
    endloop
  endfacet
  facet normal 0.923825 0 -0.382815
    outer loop
      vertex 49.5878 153.1 5.85
      vertex 49.4179 157.1 5.43999
      vertex 49.5878 157.1 5.85
    endloop
  endfacet
  facet normal 0.923825 0 -0.382815
    outer loop
      vertex 49.4179 157.1 5.43999
      vertex 49.5878 153.1 5.85
      vertex 49.4179 153.1 5.43999
    endloop
  endfacet
  facet normal 0.991452 0 -0.130469
    outer loop
      vertex 49.4179 153.1 5.43999
      vertex 49.36 157.1 5
      vertex 49.4179 157.1 5.43999
    endloop
  endfacet
  facet normal 0.991452 0 -0.130469
    outer loop
      vertex 49.36 157.1 5
      vertex 49.4179 153.1 5.43999
      vertex 49.36 153.1 5
    endloop
  endfacet
  facet normal -0.608739 0 -0.793371
    outer loop
      vertex 51.91 153.1 6.47224
      vertex 52.2621 157.1 6.20208
      vertex 52.2621 153.1 6.20208
    endloop
  endfacet
  facet normal -0.608739 0 -0.793371
    outer loop
      vertex 52.2621 157.1 6.20208
      vertex 51.91 153.1 6.47224
      vertex 51.91 157.1 6.47224
    endloop
  endfacet
  facet normal -0.382688 0 -0.923878
    outer loop
      vertex 51.5 153.1 6.64207
      vertex 51.91 157.1 6.47224
      vertex 51.91 153.1 6.47224
    endloop
  endfacet
  facet normal -0.382688 0 -0.923878
    outer loop
      vertex 51.91 157.1 6.47224
      vertex 51.5 153.1 6.64207
      vertex 51.5 157.1 6.64207
    endloop
  endfacet
  facet normal 0.382688 0 -0.923878
    outer loop
      vertex 50.21 153.1 6.47224
      vertex 50.62 157.1 6.64207
      vertex 50.62 153.1 6.64207
    endloop
  endfacet
  facet normal 0.382688 0 -0.923878
    outer loop
      vertex 50.62 157.1 6.64207
      vertex 50.21 153.1 6.47224
      vertex 50.21 157.1 6.47224
    endloop
  endfacet
  facet normal -0.991452 0 0.130469
    outer loop
      vertex 93.7621 153.1 4.56001
      vertex 93.82 157.1 5
      vertex 93.7621 157.1 4.56001
    endloop
  endfacet
  facet normal -0.991452 0 0.130469
    outer loop
      vertex 93.82 157.1 5
      vertex 93.7621 153.1 4.56001
      vertex 93.82 153.1 5
    endloop
  endfacet
  facet normal 0.991452 -0 0.130469
    outer loop
      vertex 90.42 153.1 5
      vertex 90.4779 157.1 4.56001
      vertex 90.42 157.1 5
    endloop
  endfacet
  facet normal 0.991452 0 0.130469
    outer loop
      vertex 90.4779 157.1 4.56001
      vertex 90.42 153.1 5
      vertex 90.4779 153.1 4.56001
    endloop
  endfacet
  facet normal 0.130533 0 0.991444
    outer loop
      vertex 91.68 157.1 3.35793
      vertex 92.12 153.1 3.3
      vertex 92.12 157.1 3.3
    endloop
  endfacet
  facet normal 0.130533 0 0.991444
    outer loop
      vertex 92.12 153.1 3.3
      vertex 91.68 157.1 3.35793
      vertex 91.68 153.1 3.35793
    endloop
  endfacet
  facet normal 0.793419 0 -0.608676
    outer loop
      vertex 90.9179 153.1 6.20208
      vertex 90.6478 157.1 5.85
      vertex 90.9179 157.1 6.20208
    endloop
  endfacet
  facet normal 0.793419 0 -0.608676
    outer loop
      vertex 90.6478 157.1 5.85
      vertex 90.9179 153.1 6.20208
      vertex 90.6478 153.1 5.85
    endloop
  endfacet
  facet normal -0.608739 0 0.793371
    outer loop
      vertex 92.97 157.1 3.52776
      vertex 93.3221 153.1 3.79792
      vertex 93.3221 157.1 3.79792
    endloop
  endfacet
  facet normal -0.608739 0 0.793371
    outer loop
      vertex 93.3221 153.1 3.79792
      vertex 92.97 157.1 3.52776
      vertex 92.97 153.1 3.52776
    endloop
  endfacet
  facet normal -0.382688 0 0.923878
    outer loop
      vertex 92.56 157.1 3.35793
      vertex 92.97 153.1 3.52776
      vertex 92.97 157.1 3.52776
    endloop
  endfacet
  facet normal -0.382688 0 0.923878
    outer loop
      vertex 92.97 153.1 3.52776
      vertex 92.56 157.1 3.35793
      vertex 92.56 153.1 3.35793
    endloop
  endfacet
  facet normal 0.793419 -0 0.608676
    outer loop
      vertex 90.6478 153.1 4.15
      vertex 90.9179 157.1 3.79792
      vertex 90.6478 157.1 4.15
    endloop
  endfacet
  facet normal 0.793419 0 0.608676
    outer loop
      vertex 90.9179 157.1 3.79792
      vertex 90.6478 153.1 4.15
      vertex 90.9179 153.1 3.79792
    endloop
  endfacet
  facet normal 0.923825 -0 0.382815
    outer loop
      vertex 90.4779 153.1 4.56001
      vertex 90.6478 157.1 4.15
      vertex 90.4779 157.1 4.56001
    endloop
  endfacet
  facet normal 0.923825 0 0.382815
    outer loop
      vertex 90.6478 157.1 4.15
      vertex 90.4779 153.1 4.56001
      vertex 90.6478 153.1 4.15
    endloop
  endfacet
  facet normal 0.608739 0 0.793371
    outer loop
      vertex 90.9179 157.1 3.79792
      vertex 91.27 153.1 3.52776
      vertex 91.27 157.1 3.52776
    endloop
  endfacet
  facet normal 0.608739 0 0.793371
    outer loop
      vertex 91.27 153.1 3.52776
      vertex 90.9179 157.1 3.79792
      vertex 90.9179 153.1 3.79792
    endloop
  endfacet
  facet normal -0.793419 0 -0.608676
    outer loop
      vertex 93.5922 153.1 5.85
      vertex 93.3221 157.1 6.20208
      vertex 93.5922 157.1 5.85
    endloop
  endfacet
  facet normal -0.793419 -0 -0.608676
    outer loop
      vertex 93.3221 157.1 6.20208
      vertex 93.5922 153.1 5.85
      vertex 93.3221 153.1 6.20208
    endloop
  endfacet
  facet normal -0.923825 0 -0.382815
    outer loop
      vertex 93.7621 153.1 5.43999
      vertex 93.5922 157.1 5.85
      vertex 93.7621 157.1 5.43999
    endloop
  endfacet
  facet normal -0.923825 -0 -0.382815
    outer loop
      vertex 93.5922 157.1 5.85
      vertex 93.7621 153.1 5.43999
      vertex 93.5922 153.1 5.85
    endloop
  endfacet
  facet normal 0.991452 0 -0.130469
    outer loop
      vertex 90.4779 153.1 5.43999
      vertex 90.42 157.1 5
      vertex 90.4779 157.1 5.43999
    endloop
  endfacet
  facet normal 0.991452 0 -0.130469
    outer loop
      vertex 90.42 157.1 5
      vertex 90.4779 153.1 5.43999
      vertex 90.42 153.1 5
    endloop
  endfacet
  facet normal -0.793419 0 0.608676
    outer loop
      vertex 93.3221 153.1 3.79792
      vertex 93.5922 157.1 4.15
      vertex 93.3221 157.1 3.79792
    endloop
  endfacet
  facet normal -0.793419 0 0.608676
    outer loop
      vertex 93.5922 157.1 4.15
      vertex 93.3221 153.1 3.79792
      vertex 93.5922 153.1 4.15
    endloop
  endfacet
  facet normal -0.923825 0 0.382815
    outer loop
      vertex 93.5922 153.1 4.15
      vertex 93.7621 157.1 4.56001
      vertex 93.5922 157.1 4.15
    endloop
  endfacet
  facet normal -0.923825 0 0.382815
    outer loop
      vertex 93.7621 157.1 4.56001
      vertex 93.5922 153.1 4.15
      vertex 93.7621 153.1 4.56001
    endloop
  endfacet
  facet normal -0.130533 0 0.991444
    outer loop
      vertex 92.12 157.1 3.3
      vertex 92.56 153.1 3.35793
      vertex 92.56 157.1 3.35793
    endloop
  endfacet
  facet normal -0.130533 0 0.991444
    outer loop
      vertex 92.56 153.1 3.35793
      vertex 92.12 157.1 3.3
      vertex 92.12 153.1 3.3
    endloop
  endfacet
  facet normal 0.382688 0 0.923878
    outer loop
      vertex 91.27 157.1 3.52776
      vertex 91.68 153.1 3.35793
      vertex 91.68 157.1 3.35793
    endloop
  endfacet
  facet normal 0.382688 0 0.923878
    outer loop
      vertex 91.68 153.1 3.35793
      vertex 91.27 157.1 3.52776
      vertex 91.27 153.1 3.52776
    endloop
  endfacet
  facet normal -0.991452 0 -0.130469
    outer loop
      vertex 93.82 153.1 5
      vertex 93.7621 157.1 5.43999
      vertex 93.82 157.1 5
    endloop
  endfacet
  facet normal -0.991452 -0 -0.130469
    outer loop
      vertex 93.7621 157.1 5.43999
      vertex 93.82 153.1 5
      vertex 93.7621 153.1 5.43999
    endloop
  endfacet
  facet normal -0.130533 0 -0.991444
    outer loop
      vertex 92.12 153.1 6.7
      vertex 92.56 157.1 6.64207
      vertex 92.56 153.1 6.64207
    endloop
  endfacet
  facet normal -0.130533 0 -0.991444
    outer loop
      vertex 92.56 157.1 6.64207
      vertex 92.12 153.1 6.7
      vertex 92.12 157.1 6.7
    endloop
  endfacet
  facet normal -0.608739 0 -0.793371
    outer loop
      vertex 92.97 153.1 6.47224
      vertex 93.3221 157.1 6.20208
      vertex 93.3221 153.1 6.20208
    endloop
  endfacet
  facet normal -0.608739 0 -0.793371
    outer loop
      vertex 93.3221 157.1 6.20208
      vertex 92.97 153.1 6.47224
      vertex 92.97 157.1 6.47224
    endloop
  endfacet
  facet normal 0.608739 0 -0.793371
    outer loop
      vertex 90.9179 153.1 6.20208
      vertex 91.27 157.1 6.47224
      vertex 91.27 153.1 6.47224
    endloop
  endfacet
  facet normal 0.608739 0 -0.793371
    outer loop
      vertex 91.27 157.1 6.47224
      vertex 90.9179 153.1 6.20208
      vertex 90.9179 157.1 6.20208
    endloop
  endfacet
  facet normal 0.130533 0 -0.991444
    outer loop
      vertex 91.68 153.1 6.64207
      vertex 92.12 157.1 6.7
      vertex 92.12 153.1 6.7
    endloop
  endfacet
  facet normal 0.130533 0 -0.991444
    outer loop
      vertex 92.12 157.1 6.7
      vertex 91.68 153.1 6.64207
      vertex 91.68 157.1 6.64207
    endloop
  endfacet
  facet normal 0.923825 0 -0.382815
    outer loop
      vertex 90.6478 153.1 5.85
      vertex 90.4779 157.1 5.43999
      vertex 90.6478 157.1 5.85
    endloop
  endfacet
  facet normal 0.923825 0 -0.382815
    outer loop
      vertex 90.4779 157.1 5.43999
      vertex 90.6478 153.1 5.85
      vertex 90.4779 153.1 5.43999
    endloop
  endfacet
  facet normal -0.382688 0 -0.923878
    outer loop
      vertex 92.56 153.1 6.64207
      vertex 92.97 157.1 6.47224
      vertex 92.97 153.1 6.47224
    endloop
  endfacet
  facet normal -0.382688 0 -0.923878
    outer loop
      vertex 92.97 157.1 6.47224
      vertex 92.56 153.1 6.64207
      vertex 92.56 157.1 6.64207
    endloop
  endfacet
  facet normal 0.382688 0 -0.923878
    outer loop
      vertex 91.27 153.1 6.47224
      vertex 91.68 157.1 6.64207
      vertex 91.68 153.1 6.64207
    endloop
  endfacet
  facet normal 0.382688 0 -0.923878
    outer loop
      vertex 91.68 157.1 6.64207
      vertex 91.27 153.1 6.47224
      vertex 91.27 157.1 6.47224
    endloop
  endfacet
  facet normal -0.991423 0 0.130691
    outer loop
      vertex 134.822 153.1 4.56001
      vertex 134.88 157.1 5
      vertex 134.822 157.1 4.56001
    endloop
  endfacet
  facet normal -0.991423 0 0.130691
    outer loop
      vertex 134.88 157.1 5
      vertex 134.822 153.1 4.56001
      vertex 134.88 153.1 5
    endloop
  endfacet
  facet normal 0.991423 -0 0.130691
    outer loop
      vertex 131.48 153.1 5
      vertex 131.538 157.1 4.56001
      vertex 131.48 157.1 5
    endloop
  endfacet
  facet normal 0.991423 0 0.130691
    outer loop
      vertex 131.538 157.1 4.56001
      vertex 131.48 153.1 5
      vertex 131.538 153.1 4.56001
    endloop
  endfacet
  facet normal -0.130533 0 0.991444
    outer loop
      vertex 133.18 157.1 3.3
      vertex 133.62 153.1 3.35793
      vertex 133.62 157.1 3.35793
    endloop
  endfacet
  facet normal -0.130533 0 0.991444
    outer loop
      vertex 133.62 153.1 3.35793
      vertex 133.18 157.1 3.3
      vertex 133.18 153.1 3.3
    endloop
  endfacet
  facet normal -0.130533 0 -0.991444
    outer loop
      vertex 133.18 153.1 6.7
      vertex 133.62 157.1 6.64207
      vertex 133.62 153.1 6.64207
    endloop
  endfacet
  facet normal -0.130533 0 -0.991444
    outer loop
      vertex 133.62 157.1 6.64207
      vertex 133.18 153.1 6.7
      vertex 133.18 157.1 6.7
    endloop
  endfacet
  facet normal -0.608848 0 0.793287
    outer loop
      vertex 134.03 157.1 3.52776
      vertex 134.382 153.1 3.79792
      vertex 134.382 157.1 3.79792
    endloop
  endfacet
  facet normal -0.608848 0 0.793287
    outer loop
      vertex 134.382 153.1 3.79792
      vertex 134.03 157.1 3.52776
      vertex 134.03 153.1 3.52776
    endloop
  endfacet
  facet normal -0.923745 0 0.383007
    outer loop
      vertex 134.652 153.1 4.15
      vertex 134.822 157.1 4.56001
      vertex 134.652 157.1 4.15
    endloop
  endfacet
  facet normal -0.923745 0 0.383007
    outer loop
      vertex 134.822 157.1 4.56001
      vertex 134.652 153.1 4.15
      vertex 134.822 153.1 4.56001
    endloop
  endfacet
  facet normal -0.382688 0 0.923878
    outer loop
      vertex 133.62 157.1 3.35793
      vertex 134.03 153.1 3.52776
      vertex 134.03 157.1 3.52776
    endloop
  endfacet
  facet normal -0.382688 0 0.923878
    outer loop
      vertex 134.03 153.1 3.52776
      vertex 133.62 157.1 3.35793
      vertex 133.62 153.1 3.35793
    endloop
  endfacet
  facet normal 0.608848 0 0.793287
    outer loop
      vertex 131.978 157.1 3.79792
      vertex 132.33 153.1 3.52776
      vertex 132.33 157.1 3.52776
    endloop
  endfacet
  facet normal 0.608848 0 0.793287
    outer loop
      vertex 132.33 153.1 3.52776
      vertex 131.978 157.1 3.79792
      vertex 131.978 153.1 3.79792
    endloop
  endfacet
  facet normal 0.793528 -0 0.608534
    outer loop
      vertex 131.708 153.1 4.15
      vertex 131.978 157.1 3.79792
      vertex 131.708 157.1 4.15
    endloop
  endfacet
  facet normal 0.793528 0 0.608534
    outer loop
      vertex 131.978 157.1 3.79792
      vertex 131.708 153.1 4.15
      vertex 131.978 153.1 3.79792
    endloop
  endfacet
  facet normal 0.130533 0 0.991444
    outer loop
      vertex 132.74 157.1 3.35793
      vertex 133.18 153.1 3.3
      vertex 133.18 157.1 3.3
    endloop
  endfacet
  facet normal 0.130533 0 0.991444
    outer loop
      vertex 133.18 153.1 3.3
      vertex 132.74 157.1 3.35793
      vertex 132.74 153.1 3.35793
    endloop
  endfacet
  facet normal -0.793528 0 0.608534
    outer loop
      vertex 134.382 153.1 3.79792
      vertex 134.652 157.1 4.15
      vertex 134.382 157.1 3.79792
    endloop
  endfacet
  facet normal -0.793528 0 0.608534
    outer loop
      vertex 134.652 157.1 4.15
      vertex 134.382 153.1 3.79792
      vertex 134.652 153.1 4.15
    endloop
  endfacet
  facet normal 0.923745 -0 0.383007
    outer loop
      vertex 131.538 153.1 4.56001
      vertex 131.708 157.1 4.15
      vertex 131.538 157.1 4.56001
    endloop
  endfacet
  facet normal 0.923745 0 0.383007
    outer loop
      vertex 131.708 157.1 4.15
      vertex 131.538 153.1 4.56001
      vertex 131.708 153.1 4.15
    endloop
  endfacet
  facet normal 0.382688 0 0.923878
    outer loop
      vertex 132.33 157.1 3.52776
      vertex 132.74 153.1 3.35793
      vertex 132.74 157.1 3.35793
    endloop
  endfacet
  facet normal 0.382688 0 0.923878
    outer loop
      vertex 132.74 153.1 3.35793
      vertex 132.33 157.1 3.52776
      vertex 132.33 153.1 3.52776
    endloop
  endfacet
  facet normal -0.793528 0 -0.608534
    outer loop
      vertex 134.652 153.1 5.85
      vertex 134.382 157.1 6.20208
      vertex 134.652 157.1 5.85
    endloop
  endfacet
  facet normal -0.793528 -0 -0.608534
    outer loop
      vertex 134.382 157.1 6.20208
      vertex 134.652 153.1 5.85
      vertex 134.382 153.1 6.20208
    endloop
  endfacet
  facet normal -0.923745 0 -0.383007
    outer loop
      vertex 134.822 153.1 5.43999
      vertex 134.652 157.1 5.85
      vertex 134.822 157.1 5.43999
    endloop
  endfacet
  facet normal -0.923745 -0 -0.383007
    outer loop
      vertex 134.652 157.1 5.85
      vertex 134.822 153.1 5.43999
      vertex 134.652 153.1 5.85
    endloop
  endfacet
  facet normal 0.608848 0 -0.793287
    outer loop
      vertex 131.978 153.1 6.20208
      vertex 132.33 157.1 6.47224
      vertex 132.33 153.1 6.47224
    endloop
  endfacet
  facet normal 0.608848 0 -0.793287
    outer loop
      vertex 132.33 157.1 6.47224
      vertex 131.978 153.1 6.20208
      vertex 131.978 157.1 6.20208
    endloop
  endfacet
  facet normal 0.793528 0 -0.608534
    outer loop
      vertex 131.978 153.1 6.20208
      vertex 131.708 157.1 5.85
      vertex 131.978 157.1 6.20208
    endloop
  endfacet
  facet normal 0.793528 0 -0.608534
    outer loop
      vertex 131.708 157.1 5.85
      vertex 131.978 153.1 6.20208
      vertex 131.708 153.1 5.85
    endloop
  endfacet
  facet normal -0.991423 0 -0.130691
    outer loop
      vertex 134.88 153.1 5
      vertex 134.822 157.1 5.43999
      vertex 134.88 157.1 5
    endloop
  endfacet
  facet normal -0.991423 -0 -0.130691
    outer loop
      vertex 134.822 157.1 5.43999
      vertex 134.88 153.1 5
      vertex 134.822 153.1 5.43999
    endloop
  endfacet
  facet normal 0.130533 0 -0.991444
    outer loop
      vertex 132.74 153.1 6.64207
      vertex 133.18 157.1 6.7
      vertex 133.18 153.1 6.7
    endloop
  endfacet
  facet normal 0.130533 0 -0.991444
    outer loop
      vertex 133.18 157.1 6.7
      vertex 132.74 153.1 6.64207
      vertex 132.74 157.1 6.64207
    endloop
  endfacet
  facet normal 0.923745 0 -0.383007
    outer loop
      vertex 131.708 153.1 5.85
      vertex 131.538 157.1 5.43999
      vertex 131.708 157.1 5.85
    endloop
  endfacet
  facet normal 0.923745 0 -0.383007
    outer loop
      vertex 131.538 157.1 5.43999
      vertex 131.708 153.1 5.85
      vertex 131.538 153.1 5.43999
    endloop
  endfacet
  facet normal 0.991423 0 -0.130691
    outer loop
      vertex 131.538 153.1 5.43999
      vertex 131.48 157.1 5
      vertex 131.538 157.1 5.43999
    endloop
  endfacet
  facet normal 0.991423 0 -0.130691
    outer loop
      vertex 131.48 157.1 5
      vertex 131.538 153.1 5.43999
      vertex 131.48 153.1 5
    endloop
  endfacet
  facet normal -0.608848 0 -0.793287
    outer loop
      vertex 134.03 153.1 6.47224
      vertex 134.382 157.1 6.20208
      vertex 134.382 153.1 6.20208
    endloop
  endfacet
  facet normal -0.608848 0 -0.793287
    outer loop
      vertex 134.382 157.1 6.20208
      vertex 134.03 153.1 6.47224
      vertex 134.03 157.1 6.47224
    endloop
  endfacet
  facet normal -0.382688 0 -0.923878
    outer loop
      vertex 133.62 153.1 6.64207
      vertex 134.03 157.1 6.47224
      vertex 134.03 153.1 6.47224
    endloop
  endfacet
  facet normal -0.382688 0 -0.923878
    outer loop
      vertex 134.03 157.1 6.47224
      vertex 133.62 153.1 6.64207
      vertex 133.62 157.1 6.64207
    endloop
  endfacet
  facet normal 0.382688 0 -0.923878
    outer loop
      vertex 132.33 153.1 6.47224
      vertex 132.74 157.1 6.64207
      vertex 132.74 153.1 6.64207
    endloop
  endfacet
  facet normal 0.382688 0 -0.923878
    outer loop
      vertex 132.74 157.1 6.64207
      vertex 132.33 153.1 6.47224
      vertex 132.33 157.1 6.47224
    endloop
  endfacet
endsolid OpenSCAD_Model
