solid OpenSCAD_Model
  facet normal -0.00878667 -0.999961 0
    outer loop
      vertex -1.05235 -3.99954 0
      vertex -1 -4 10.75
      vertex -1.05235 -3.99954 10.75
    endloop
  endfacet
  facet normal -0.00878667 -0.999961 -0
    outer loop
      vertex -1 -4 10.75
      vertex -1.05235 -3.99954 0
      vertex -1 -4 0
    endloop
  endfacet
  facet normal -0.026166 -0.999658 0
    outer loop
      vertex -1.10469 -3.99817 0
      vertex -1.05235 -3.99954 10.75
      vertex -1.10469 -3.99817 10.75
    endloop
  endfacet
  facet normal -0.026166 -0.999658 -0
    outer loop
      vertex -1.05235 -3.99954 10.75
      vertex -1.10469 -3.99817 0
      vertex -1.05235 -3.99954 0
    endloop
  endfacet
  facet normal -0.0437356 -0.999043 0
    outer loop
      vertex -1.157 -3.99588 0
      vertex -1.10469 -3.99817 10.75
      vertex -1.157 -3.99588 10.75
    endloop
  endfacet
  facet normal -0.0437356 -0.999043 -0
    outer loop
      vertex -1.10469 -3.99817 10.75
      vertex -1.157 -3.99588 0
      vertex -1.10469 -3.99817 0
    endloop
  endfacet
  facet normal -0.0609275 -0.998142 0
    outer loop
      vertex -1.20926 -3.99269 0
      vertex -1.157 -3.99588 10.75
      vertex -1.20926 -3.99269 10.75
    endloop
  endfacet
  facet normal -0.0609275 -0.998142 -0
    outer loop
      vertex -1.157 -3.99588 10.75
      vertex -1.20926 -3.99269 0
      vertex -1.157 -3.99588 0
    endloop
  endfacet
  facet normal -0.0786825 -0.9969 0
    outer loop
      vertex -1.26146 -3.98857 0
      vertex -1.20926 -3.99269 10.75
      vertex -1.26146 -3.98857 10.75
    endloop
  endfacet
  facet normal -0.0786825 -0.9969 -0
    outer loop
      vertex -1.20926 -3.99269 10.75
      vertex -1.26146 -3.98857 0
      vertex -1.20926 -3.99269 0
    endloop
  endfacet
  facet normal -0.0958725 -0.995394 0
    outer loop
      vertex -1.31358 -3.98355 0
      vertex -1.26146 -3.98857 10.75
      vertex -1.31358 -3.98355 10.75
    endloop
  endfacet
  facet normal -0.0958725 -0.995394 -0
    outer loop
      vertex -1.26146 -3.98857 10.75
      vertex -1.31358 -3.98355 0
      vertex -1.26146 -3.98857 0
    endloop
  endfacet
  facet normal -0.113073 -0.993587 0
    outer loop
      vertex -1.3656 -3.97763 0
      vertex -1.31358 -3.98355 10.75
      vertex -1.3656 -3.97763 10.75
    endloop
  endfacet
  facet normal -0.113073 -0.993587 -0
    outer loop
      vertex -1.31358 -3.98355 10.75
      vertex -1.3656 -3.97763 0
      vertex -1.31358 -3.98355 0
    endloop
  endfacet
  facet normal -0.130637 -0.99143 0
    outer loop
      vertex -1.41751 -3.97079 0
      vertex -1.3656 -3.97763 10.75
      vertex -1.41751 -3.97079 10.75
    endloop
  endfacet
  facet normal -0.130637 -0.99143 -0
    outer loop
      vertex -1.3656 -3.97763 10.75
      vertex -1.41751 -3.97079 0
      vertex -1.3656 -3.97763 0
    endloop
  endfacet
  facet normal -0.147621 -0.989044 0
    outer loop
      vertex -1.4693 -3.96306 0
      vertex -1.41751 -3.97079 10.75
      vertex -1.4693 -3.96306 10.75
    endloop
  endfacet
  facet normal -0.147621 -0.989044 -0
    outer loop
      vertex -1.41751 -3.97079 10.75
      vertex -1.4693 -3.96306 0
      vertex -1.41751 -3.97079 0
    endloop
  endfacet
  facet normal -0.165049 -0.986285 0
    outer loop
      vertex -1.52093 -3.95442 0
      vertex -1.4693 -3.96306 10.75
      vertex -1.52093 -3.95442 10.75
    endloop
  endfacet
  facet normal -0.165049 -0.986285 -0
    outer loop
      vertex -1.4693 -3.96306 10.75
      vertex -1.52093 -3.95442 0
      vertex -1.4693 -3.96306 0
    endloop
  endfacet
  facet normal -0.182363 -0.983231 0
    outer loop
      vertex -1.57242 -3.94487 0
      vertex -1.52093 -3.95442 10.75
      vertex -1.57242 -3.94487 10.75
    endloop
  endfacet
  facet normal -0.182363 -0.983231 -0
    outer loop
      vertex -1.52093 -3.95442 10.75
      vertex -1.57242 -3.94487 0
      vertex -1.52093 -3.95442 0
    endloop
  endfacet
  facet normal -0.199384 -0.979921 0
    outer loop
      vertex -1.62373 -3.93443 0
      vertex -1.57242 -3.94487 10.75
      vertex -1.62373 -3.93443 10.75
    endloop
  endfacet
  facet normal -0.199384 -0.979921 -0
    outer loop
      vertex -1.57242 -3.94487 10.75
      vertex -1.62373 -3.93443 0
      vertex -1.57242 -3.94487 0
    endloop
  endfacet
  facet normal -0.216384 -0.976308 0
    outer loop
      vertex -1.67485 -3.9231 0
      vertex -1.62373 -3.93443 10.75
      vertex -1.67485 -3.9231 10.75
    endloop
  endfacet
  facet normal -0.216384 -0.976308 -0
    outer loop
      vertex -1.62373 -3.93443 10.75
      vertex -1.67485 -3.9231 0
      vertex -1.62373 -3.93443 0
    endloop
  endfacet
  facet normal -0.233626 -0.972327 0
    outer loop
      vertex -1.72575 -3.91087 0
      vertex -1.67485 -3.9231 10.75
      vertex -1.72575 -3.91087 10.75
    endloop
  endfacet
  facet normal -0.233626 -0.972327 -0
    outer loop
      vertex -1.67485 -3.9231 10.75
      vertex -1.72575 -3.91087 0
      vertex -1.67485 -3.9231 0
    endloop
  endfacet
  facet normal -0.250213 -0.968191 0
    outer loop
      vertex -1.77644 -3.89777 0
      vertex -1.72575 -3.91087 10.75
      vertex -1.77644 -3.89777 10.75
    endloop
  endfacet
  facet normal -0.250213 -0.968191 -0
    outer loop
      vertex -1.72575 -3.91087 10.75
      vertex -1.77644 -3.89777 0
      vertex -1.72575 -3.91087 0
    endloop
  endfacet
  facet normal -0.267348 -0.9636 0
    outer loop
      vertex -1.8269 -3.88377 0
      vertex -1.77644 -3.89777 10.75
      vertex -1.8269 -3.88377 10.75
    endloop
  endfacet
  facet normal -0.267348 -0.9636 -0
    outer loop
      vertex -1.77644 -3.89777 10.75
      vertex -1.8269 -3.88377 0
      vertex -1.77644 -3.89777 0
    endloop
  endfacet
  facet normal -0.283789 -0.958887 0
    outer loop
      vertex -1.87711 -3.86891 0
      vertex -1.8269 -3.88377 10.75
      vertex -1.87711 -3.86891 10.75
    endloop
  endfacet
  facet normal -0.283789 -0.958887 -0
    outer loop
      vertex -1.8269 -3.88377 10.75
      vertex -1.87711 -3.86891 0
      vertex -1.8269 -3.88377 0
    endloop
  endfacet
  facet normal -0.300775 -0.953695 0
    outer loop
      vertex -1.92705 -3.85316 0
      vertex -1.87711 -3.86891 10.75
      vertex -1.92705 -3.85316 10.75
    endloop
  endfacet
  facet normal -0.300775 -0.953695 -0
    outer loop
      vertex -1.87711 -3.86891 10.75
      vertex -1.92705 -3.85316 0
      vertex -1.87711 -3.86891 0
    endloop
  endfacet
  facet normal -0.317259 -0.948339 0
    outer loop
      vertex -1.9767 -3.83655 0
      vertex -1.92705 -3.85316 10.75
      vertex -1.9767 -3.83655 10.75
    endloop
  endfacet
  facet normal -0.317259 -0.948339 -0
    outer loop
      vertex -1.92705 -3.85316 10.75
      vertex -1.9767 -3.83655 0
      vertex -1.92705 -3.85316 0
    endloop
  endfacet
  facet normal -0.333709 -0.942676 0
    outer loop
      vertex -2.02605 -3.81908 0
      vertex -1.9767 -3.83655 10.75
      vertex -2.02605 -3.81908 10.75
    endloop
  endfacet
  facet normal -0.333709 -0.942676 -0
    outer loop
      vertex -1.9767 -3.83655 10.75
      vertex -2.02605 -3.81908 0
      vertex -1.9767 -3.83655 0
    endloop
  endfacet
  facet normal -0.350391 -0.936604 0
    outer loop
      vertex -2.0751 -3.80073 0
      vertex -2.02605 -3.81908 10.75
      vertex -2.0751 -3.80073 10.75
    endloop
  endfacet
  facet normal -0.350391 -0.936604 -0
    outer loop
      vertex -2.02605 -3.81908 10.75
      vertex -2.0751 -3.80073 0
      vertex -2.02605 -3.81908 0
    endloop
  endfacet
  facet normal -0.366545 -0.9304 0
    outer loop
      vertex -2.12381 -3.78154 0
      vertex -2.0751 -3.80073 10.75
      vertex -2.12381 -3.78154 10.75
    endloop
  endfacet
  facet normal -0.366545 -0.9304 -0
    outer loop
      vertex -2.0751 -3.80073 10.75
      vertex -2.12381 -3.78154 0
      vertex -2.0751 -3.80073 0
    endloop
  endfacet
  facet normal -0.382757 -0.923849 0
    outer loop
      vertex -2.17218 -3.7615 0
      vertex -2.12381 -3.78154 10.75
      vertex -2.17218 -3.7615 10.75
    endloop
  endfacet
  facet normal -0.382757 -0.923849 -0
    outer loop
      vertex -2.12381 -3.78154 10.75
      vertex -2.17218 -3.7615 0
      vertex -2.12381 -3.78154 0
    endloop
  endfacet
  facet normal -0.398593 -0.917128 0
    outer loop
      vertex -2.2202 -3.74063 0
      vertex -2.17218 -3.7615 10.75
      vertex -2.2202 -3.74063 10.75
    endloop
  endfacet
  facet normal -0.398593 -0.917128 -0
    outer loop
      vertex -2.17218 -3.7615 10.75
      vertex -2.2202 -3.74063 0
      vertex -2.17218 -3.7615 0
    endloop
  endfacet
  facet normal -0.414609 -0.91 0
    outer loop
      vertex -2.26785 -3.71892 0
      vertex -2.2202 -3.74063 10.75
      vertex -2.26785 -3.71892 10.75
    endloop
  endfacet
  facet normal -0.414609 -0.91 -0
    outer loop
      vertex -2.2202 -3.74063 10.75
      vertex -2.26785 -3.71892 0
      vertex -2.2202 -3.74063 0
    endloop
  endfacet
  facet normal -0.430482 -0.902599 0
    outer loop
      vertex -2.31511 -3.69638 0
      vertex -2.26785 -3.71892 10.75
      vertex -2.31511 -3.69638 10.75
    endloop
  endfacet
  facet normal -0.430482 -0.902599 -0
    outer loop
      vertex -2.26785 -3.71892 10.75
      vertex -2.31511 -3.69638 0
      vertex -2.26785 -3.71892 0
    endloop
  endfacet
  facet normal -0.446144 -0.894961 0
    outer loop
      vertex -2.36197 -3.67302 0
      vertex -2.31511 -3.69638 10.75
      vertex -2.36197 -3.67302 10.75
    endloop
  endfacet
  facet normal -0.446144 -0.894961 -0
    outer loop
      vertex -2.31511 -3.69638 10.75
      vertex -2.36197 -3.67302 0
      vertex -2.31511 -3.69638 0
    endloop
  endfacet
  facet normal -0.46205 -0.886854 0
    outer loop
      vertex -2.4084 -3.64883 0
      vertex -2.36197 -3.67302 10.75
      vertex -2.4084 -3.64883 10.75
    endloop
  endfacet
  facet normal -0.46205 -0.886854 -0
    outer loop
      vertex -2.36197 -3.67302 10.75
      vertex -2.4084 -3.64883 0
      vertex -2.36197 -3.67302 0
    endloop
  endfacet
  facet normal -0.476911 -0.878952 0
    outer loop
      vertex -2.45442 -3.62386 0
      vertex -2.4084 -3.64883 10.75
      vertex -2.45442 -3.62386 10.75
    endloop
  endfacet
  facet normal -0.476911 -0.878952 -0
    outer loop
      vertex -2.4084 -3.64883 10.75
      vertex -2.45442 -3.62386 0
      vertex -2.4084 -3.64883 0
    endloop
  endfacet
  facet normal -0.492454 -0.870339 0
    outer loop
      vertex -2.5 -3.59807 0
      vertex -2.45442 -3.62386 10.75
      vertex -2.5 -3.59807 10.75
    endloop
  endfacet
  facet normal -0.492454 -0.870339 -0
    outer loop
      vertex -2.45442 -3.62386 10.75
      vertex -2.5 -3.59807 0
      vertex -2.45442 -3.62386 0
    endloop
  endfacet
  facet normal -0.507738 -0.861512 0
    outer loop
      vertex -2.5451 -3.57149 0
      vertex -2.5 -3.59807 10.75
      vertex -2.5451 -3.57149 10.75
    endloop
  endfacet
  facet normal -0.507738 -0.861512 -0
    outer loop
      vertex -2.5 -3.59807 10.75
      vertex -2.5451 -3.57149 0
      vertex -2.5 -3.59807 0
    endloop
  endfacet
  facet normal -0.522338 -0.852738 0
    outer loop
      vertex -2.58975 -3.54414 0
      vertex -2.5451 -3.57149 10.75
      vertex -2.58975 -3.54414 10.75
    endloop
  endfacet
  facet normal -0.522338 -0.852738 -0
    outer loop
      vertex -2.5451 -3.57149 10.75
      vertex -2.58975 -3.54414 0
      vertex -2.5451 -3.57149 0
    endloop
  endfacet
  facet normal -0.537229 -0.843437 0
    outer loop
      vertex -2.63391 -3.51601 15
      vertex -2.62 -3.52487 10.75
      vertex -2.62 -3.52487 15
    endloop
  endfacet
  facet normal -0.537229 -0.843437 0
    outer loop
      vertex -2.63391 -3.51601 0
      vertex -2.62 -3.52487 10.75
      vertex -2.63391 -3.51601 15
    endloop
  endfacet
  facet normal -0.537272 -0.843409 7.96238e-08
    outer loop
      vertex -2.63391 -3.51601 0
      vertex -2.58975 -3.54414 10.75
      vertex -2.62 -3.52487 10.75
    endloop
  endfacet
  facet normal -0.537259 -0.843418 -0
    outer loop
      vertex -2.58975 -3.54414 10.75
      vertex -2.63391 -3.51601 0
      vertex -2.58975 -3.54414 0
    endloop
  endfacet
  facet normal -0.551965 -0.833868 0
    outer loop
      vertex -2.67757 -3.48711 0
      vertex -2.63391 -3.51601 15
      vertex -2.67757 -3.48711 15
    endloop
  endfacet
  facet normal -0.551965 -0.833868 -0
    outer loop
      vertex -2.63391 -3.51601 15
      vertex -2.67757 -3.48711 0
      vertex -2.63391 -3.51601 0
    endloop
  endfacet
  facet normal -0.566586 -0.824003 0
    outer loop
      vertex -2.72072 -3.45744 0
      vertex -2.67757 -3.48711 15
      vertex -2.72072 -3.45744 15
    endloop
  endfacet
  facet normal -0.566586 -0.824003 -0
    outer loop
      vertex -2.67757 -3.48711 15
      vertex -2.72072 -3.45744 0
      vertex -2.67757 -3.48711 0
    endloop
  endfacet
  facet normal -0.580479 -0.814275 0
    outer loop
      vertex -2.76335 -3.42705 0
      vertex -2.72072 -3.45744 15
      vertex -2.76335 -3.42705 15
    endloop
  endfacet
  facet normal -0.580479 -0.814275 -0
    outer loop
      vertex -2.72072 -3.45744 15
      vertex -2.76335 -3.42705 0
      vertex -2.72072 -3.45744 0
    endloop
  endfacet
  facet normal -0.594976 -0.803743 0
    outer loop
      vertex -2.80543 -3.3959 0
      vertex -2.76335 -3.42705 15
      vertex -2.80543 -3.3959 15
    endloop
  endfacet
  facet normal -0.594976 -0.803743 -0
    outer loop
      vertex -2.76335 -3.42705 15
      vertex -2.80543 -3.3959 0
      vertex -2.76335 -3.42705 0
    endloop
  endfacet
  facet normal -0.608704 -0.793397 0
    outer loop
      vertex -2.84697 -3.36403 0
      vertex -2.80543 -3.3959 15
      vertex -2.84697 -3.36403 15
    endloop
  endfacet
  facet normal -0.608704 -0.793397 -0
    outer loop
      vertex -2.80543 -3.3959 15
      vertex -2.84697 -3.36403 0
      vertex -2.80543 -3.3959 0
    endloop
  endfacet
  facet normal -0.622433 -0.782673 0
    outer loop
      vertex -2.88795 -3.33144 0
      vertex -2.84697 -3.36403 15
      vertex -2.88795 -3.33144 15
    endloop
  endfacet
  facet normal -0.622433 -0.782673 -0
    outer loop
      vertex -2.84697 -3.36403 15
      vertex -2.88795 -3.33144 0
      vertex -2.84697 -3.36403 0
    endloop
  endfacet
  facet normal -0.636062 -0.771638 0
    outer loop
      vertex -2.92836 -3.29813 0
      vertex -2.88795 -3.33144 15
      vertex -2.92836 -3.29813 15
    endloop
  endfacet
  facet normal -0.636062 -0.771638 -0
    outer loop
      vertex -2.88795 -3.33144 15
      vertex -2.92836 -3.29813 0
      vertex -2.88795 -3.33144 0
    endloop
  endfacet
  facet normal -0.649658 -0.760226 0
    outer loop
      vertex -2.96817 -3.26411 0
      vertex -2.92836 -3.29813 15
      vertex -2.96817 -3.26411 15
    endloop
  endfacet
  facet normal -0.649658 -0.760226 -0
    outer loop
      vertex -2.92836 -3.29813 15
      vertex -2.96817 -3.26411 0
      vertex -2.92836 -3.29813 0
    endloop
  endfacet
  facet normal -0.662512 -0.749051 0
    outer loop
      vertex -3.00738 -3.22943 0
      vertex -2.96817 -3.26411 15
      vertex -3.00738 -3.22943 15
    endloop
  endfacet
  facet normal -0.662512 -0.749051 -0
    outer loop
      vertex -2.96817 -3.26411 15
      vertex -3.00738 -3.22943 0
      vertex -2.96817 -3.26411 0
    endloop
  endfacet
  facet normal -0.675595 -0.737273 0
    outer loop
      vertex -3.04599 -3.19405 0
      vertex -3.00738 -3.22943 15
      vertex -3.04599 -3.19405 15
    endloop
  endfacet
  facet normal -0.675595 -0.737273 -0
    outer loop
      vertex -3.00738 -3.22943 15
      vertex -3.04599 -3.19405 0
      vertex -3.00738 -3.22943 0
    endloop
  endfacet
  facet normal -0.688438 -0.725295 0
    outer loop
      vertex -3.08397 -3.158 0
      vertex -3.04599 -3.19405 15
      vertex -3.08397 -3.158 15
    endloop
  endfacet
  facet normal -0.688438 -0.725295 -0
    outer loop
      vertex -3.04599 -3.19405 15
      vertex -3.08397 -3.158 0
      vertex -3.04599 -3.19405 0
    endloop
  endfacet
  facet normal -0.700871 -0.713288 0
    outer loop
      vertex -3.12131 -3.12131 0
      vertex -3.08397 -3.158 15
      vertex -3.12131 -3.12131 15
    endloop
  endfacet
  facet normal -0.700871 -0.713288 -0
    outer loop
      vertex -3.08397 -3.158 15
      vertex -3.12131 -3.12131 0
      vertex -3.08397 -3.158 0
    endloop
  endfacet
  facet normal -0.713288 -0.700871 0
    outer loop
      vertex -3.12131 -3.12131 0
      vertex -3.158 -3.08397 15
      vertex -3.158 -3.08397 0
    endloop
  endfacet
  facet normal -0.713288 -0.700871 0
    outer loop
      vertex -3.158 -3.08397 15
      vertex -3.12131 -3.12131 0
      vertex -3.12131 -3.12131 15
    endloop
  endfacet
  facet normal -0.725295 -0.688438 0
    outer loop
      vertex -3.158 -3.08397 0
      vertex -3.19405 -3.04599 15
      vertex -3.19405 -3.04599 0
    endloop
  endfacet
  facet normal -0.725295 -0.688438 0
    outer loop
      vertex -3.19405 -3.04599 15
      vertex -3.158 -3.08397 0
      vertex -3.158 -3.08397 15
    endloop
  endfacet
  facet normal -0.737273 -0.675595 0
    outer loop
      vertex -3.19405 -3.04599 0
      vertex -3.22943 -3.00738 15
      vertex -3.22943 -3.00738 0
    endloop
  endfacet
  facet normal -0.737273 -0.675595 0
    outer loop
      vertex -3.22943 -3.00738 15
      vertex -3.19405 -3.04599 0
      vertex -3.19405 -3.04599 15
    endloop
  endfacet
  facet normal -0.749051 -0.662512 0
    outer loop
      vertex -3.22943 -3.00738 0
      vertex -3.26411 -2.96817 15
      vertex -3.26411 -2.96817 0
    endloop
  endfacet
  facet normal -0.749051 -0.662512 0
    outer loop
      vertex -3.26411 -2.96817 15
      vertex -3.22943 -3.00738 0
      vertex -3.22943 -3.00738 15
    endloop
  endfacet
  facet normal -0.760226 -0.649658 0
    outer loop
      vertex -3.26411 -2.96817 0
      vertex -3.29813 -2.92836 15
      vertex -3.29813 -2.92836 0
    endloop
  endfacet
  facet normal -0.760226 -0.649658 0
    outer loop
      vertex -3.29813 -2.92836 15
      vertex -3.26411 -2.96817 0
      vertex -3.26411 -2.96817 15
    endloop
  endfacet
  facet normal -0.771638 -0.636062 0
    outer loop
      vertex -3.29813 -2.92836 0
      vertex -3.33144 -2.88795 15
      vertex -3.33144 -2.88795 0
    endloop
  endfacet
  facet normal -0.771638 -0.636062 0
    outer loop
      vertex -3.33144 -2.88795 15
      vertex -3.29813 -2.92836 0
      vertex -3.29813 -2.92836 15
    endloop
  endfacet
  facet normal -0.782673 -0.622433 0
    outer loop
      vertex -3.33144 -2.88795 0
      vertex -3.36403 -2.84697 15
      vertex -3.36403 -2.84697 0
    endloop
  endfacet
  facet normal -0.782673 -0.622433 0
    outer loop
      vertex -3.36403 -2.84697 15
      vertex -3.33144 -2.88795 0
      vertex -3.33144 -2.88795 15
    endloop
  endfacet
  facet normal -0.793397 -0.608704 0
    outer loop
      vertex -3.36403 -2.84697 0
      vertex -3.3959 -2.80543 15
      vertex -3.3959 -2.80543 0
    endloop
  endfacet
  facet normal -0.793397 -0.608704 0
    outer loop
      vertex -3.3959 -2.80543 15
      vertex -3.36403 -2.84697 0
      vertex -3.36403 -2.84697 15
    endloop
  endfacet
  facet normal -0.803743 -0.594976 0
    outer loop
      vertex -3.3959 -2.80543 0
      vertex -3.42705 -2.76335 15
      vertex -3.42705 -2.76335 0
    endloop
  endfacet
  facet normal -0.803743 -0.594976 0
    outer loop
      vertex -3.42705 -2.76335 15
      vertex -3.3959 -2.80543 0
      vertex -3.3959 -2.80543 15
    endloop
  endfacet
  facet normal -0.814275 -0.580479 0
    outer loop
      vertex -3.42705 -2.76335 0
      vertex -3.45744 -2.72072 15
      vertex -3.45744 -2.72072 0
    endloop
  endfacet
  facet normal -0.814275 -0.580479 0
    outer loop
      vertex -3.45744 -2.72072 15
      vertex -3.42705 -2.76335 0
      vertex -3.42705 -2.76335 15
    endloop
  endfacet
  facet normal -0.824003 -0.566586 0
    outer loop
      vertex -3.45744 -2.72072 0
      vertex -3.48711 -2.67757 15
      vertex -3.48711 -2.67757 0
    endloop
  endfacet
  facet normal -0.824003 -0.566586 0
    outer loop
      vertex -3.48711 -2.67757 15
      vertex -3.45744 -2.72072 0
      vertex -3.45744 -2.72072 15
    endloop
  endfacet
  facet normal -0.833868 -0.551965 0
    outer loop
      vertex -3.48711 -2.67757 0
      vertex -3.51601 -2.63391 15
      vertex -3.51601 -2.63391 0
    endloop
  endfacet
  facet normal -0.833868 -0.551965 0
    outer loop
      vertex -3.51601 -2.63391 15
      vertex -3.48711 -2.67757 0
      vertex -3.48711 -2.67757 15
    endloop
  endfacet
  facet normal -0.843418 -0.537259 0
    outer loop
      vertex -3.51601 -2.63391 0
      vertex -3.54414 -2.58975 15
      vertex -3.54414 -2.58975 0
    endloop
  endfacet
  facet normal -0.843418 -0.537259 0
    outer loop
      vertex -3.54414 -2.58975 15
      vertex -3.51601 -2.63391 0
      vertex -3.51601 -2.63391 15
    endloop
  endfacet
  facet normal -0.852738 -0.522338 0
    outer loop
      vertex -3.54414 -2.58975 0
      vertex -3.57149 -2.5451 15
      vertex -3.57149 -2.5451 0
    endloop
  endfacet
  facet normal -0.852738 -0.522338 0
    outer loop
      vertex -3.57149 -2.5451 15
      vertex -3.54414 -2.58975 0
      vertex -3.54414 -2.58975 15
    endloop
  endfacet
  facet normal -0.861512 -0.507738 0
    outer loop
      vertex -3.57149 -2.5451 0
      vertex -3.59807 -2.5 15
      vertex -3.59807 -2.5 0
    endloop
  endfacet
  facet normal -0.861512 -0.507738 0
    outer loop
      vertex -3.59807 -2.5 15
      vertex -3.57149 -2.5451 0
      vertex -3.57149 -2.5451 15
    endloop
  endfacet
  facet normal -0.870339 -0.492454 0
    outer loop
      vertex -3.59807 -2.5 0
      vertex -3.62386 -2.45442 15
      vertex -3.62386 -2.45442 0
    endloop
  endfacet
  facet normal -0.870339 -0.492454 0
    outer loop
      vertex -3.62386 -2.45442 15
      vertex -3.59807 -2.5 0
      vertex -3.59807 -2.5 15
    endloop
  endfacet
  facet normal -0.878952 -0.476911 0
    outer loop
      vertex -3.62386 -2.45442 0
      vertex -3.64883 -2.4084 15
      vertex -3.64883 -2.4084 0
    endloop
  endfacet
  facet normal -0.878952 -0.476911 0
    outer loop
      vertex -3.64883 -2.4084 15
      vertex -3.62386 -2.45442 0
      vertex -3.62386 -2.45442 15
    endloop
  endfacet
  facet normal -0.886854 -0.46205 0
    outer loop
      vertex -3.64883 -2.4084 0
      vertex -3.67302 -2.36197 15
      vertex -3.67302 -2.36197 0
    endloop
  endfacet
  facet normal -0.886854 -0.46205 0
    outer loop
      vertex -3.67302 -2.36197 15
      vertex -3.64883 -2.4084 0
      vertex -3.64883 -2.4084 15
    endloop
  endfacet
  facet normal -0.894961 -0.446144 0
    outer loop
      vertex -3.67302 -2.36197 0
      vertex -3.69638 -2.31511 15
      vertex -3.69638 -2.31511 0
    endloop
  endfacet
  facet normal -0.894961 -0.446144 0
    outer loop
      vertex -3.69638 -2.31511 15
      vertex -3.67302 -2.36197 0
      vertex -3.67302 -2.36197 15
    endloop
  endfacet
  facet normal -0.902599 -0.430482 0
    outer loop
      vertex -3.69638 -2.31511 0
      vertex -3.71892 -2.26785 15
      vertex -3.71892 -2.26785 0
    endloop
  endfacet
  facet normal -0.902599 -0.430482 0
    outer loop
      vertex -3.71892 -2.26785 15
      vertex -3.69638 -2.31511 0
      vertex -3.69638 -2.31511 15
    endloop
  endfacet
  facet normal -0.91 -0.414609 0
    outer loop
      vertex -3.71892 -2.26785 0
      vertex -3.74063 -2.2202 15
      vertex -3.74063 -2.2202 0
    endloop
  endfacet
  facet normal -0.91 -0.414609 0
    outer loop
      vertex -3.74063 -2.2202 15
      vertex -3.71892 -2.26785 0
      vertex -3.71892 -2.26785 15
    endloop
  endfacet
  facet normal -0.917128 -0.398593 0
    outer loop
      vertex -3.74063 -2.2202 0
      vertex -3.7615 -2.17218 15
      vertex -3.7615 -2.17218 0
    endloop
  endfacet
  facet normal -0.917128 -0.398593 0
    outer loop
      vertex -3.7615 -2.17218 15
      vertex -3.74063 -2.2202 0
      vertex -3.74063 -2.2202 15
    endloop
  endfacet
  facet normal -0.923849 -0.382757 0
    outer loop
      vertex -3.7615 -2.17218 0
      vertex -3.78154 -2.12381 15
      vertex -3.78154 -2.12381 0
    endloop
  endfacet
  facet normal -0.923849 -0.382757 0
    outer loop
      vertex -3.78154 -2.12381 15
      vertex -3.7615 -2.17218 0
      vertex -3.7615 -2.17218 15
    endloop
  endfacet
  facet normal -0.9304 -0.366545 0
    outer loop
      vertex -3.78154 -2.12381 0
      vertex -3.80073 -2.0751 15
      vertex -3.80073 -2.0751 0
    endloop
  endfacet
  facet normal -0.9304 -0.366545 0
    outer loop
      vertex -3.80073 -2.0751 15
      vertex -3.78154 -2.12381 0
      vertex -3.78154 -2.12381 15
    endloop
  endfacet
  facet normal -0.936604 -0.350391 0
    outer loop
      vertex -3.80073 -2.0751 0
      vertex -3.81908 -2.02605 15
      vertex -3.81908 -2.02605 0
    endloop
  endfacet
  facet normal -0.936604 -0.350391 0
    outer loop
      vertex -3.81908 -2.02605 15
      vertex -3.80073 -2.0751 0
      vertex -3.80073 -2.0751 15
    endloop
  endfacet
  facet normal -0.942676 -0.333709 0
    outer loop
      vertex -3.81908 -2.02605 0
      vertex -3.83655 -1.9767 15
      vertex -3.83655 -1.9767 0
    endloop
  endfacet
  facet normal -0.942676 -0.333709 0
    outer loop
      vertex -3.83655 -1.9767 15
      vertex -3.81908 -2.02605 0
      vertex -3.81908 -2.02605 15
    endloop
  endfacet
  facet normal -0.948339 -0.317259 0
    outer loop
      vertex -3.83655 -1.9767 0
      vertex -3.85316 -1.92705 15
      vertex -3.85316 -1.92705 0
    endloop
  endfacet
  facet normal -0.948339 -0.317259 0
    outer loop
      vertex -3.85316 -1.92705 15
      vertex -3.83655 -1.9767 0
      vertex -3.83655 -1.9767 15
    endloop
  endfacet
  facet normal -0.953695 -0.300775 0
    outer loop
      vertex -3.85316 -1.92705 0
      vertex -3.86891 -1.87711 15
      vertex -3.86891 -1.87711 0
    endloop
  endfacet
  facet normal -0.953695 -0.300775 0
    outer loop
      vertex -3.86891 -1.87711 15
      vertex -3.85316 -1.92705 0
      vertex -3.85316 -1.92705 15
    endloop
  endfacet
  facet normal -0.958887 -0.283789 0
    outer loop
      vertex -3.86891 -1.87711 0
      vertex -3.88377 -1.8269 15
      vertex -3.88377 -1.8269 0
    endloop
  endfacet
  facet normal -0.958887 -0.283789 0
    outer loop
      vertex -3.88377 -1.8269 15
      vertex -3.86891 -1.87711 0
      vertex -3.86891 -1.87711 15
    endloop
  endfacet
  facet normal -0.9636 -0.267348 0
    outer loop
      vertex -3.88377 -1.8269 0
      vertex -3.89777 -1.77644 15
      vertex -3.89777 -1.77644 0
    endloop
  endfacet
  facet normal -0.9636 -0.267348 0
    outer loop
      vertex -3.89777 -1.77644 15
      vertex -3.88377 -1.8269 0
      vertex -3.88377 -1.8269 15
    endloop
  endfacet
  facet normal -0.968191 -0.250213 0
    outer loop
      vertex -3.89777 -1.77644 0
      vertex -3.91087 -1.72575 15
      vertex -3.91087 -1.72575 0
    endloop
  endfacet
  facet normal -0.968191 -0.250213 0
    outer loop
      vertex -3.91087 -1.72575 15
      vertex -3.89777 -1.77644 0
      vertex -3.89777 -1.77644 15
    endloop
  endfacet
  facet normal -0.972327 -0.233626 0
    outer loop
      vertex -3.91087 -1.72575 0
      vertex -3.9231 -1.67485 15
      vertex -3.9231 -1.67485 0
    endloop
  endfacet
  facet normal -0.972327 -0.233626 0
    outer loop
      vertex -3.9231 -1.67485 15
      vertex -3.91087 -1.72575 0
      vertex -3.91087 -1.72575 15
    endloop
  endfacet
  facet normal -0.976308 -0.216384 0
    outer loop
      vertex -3.9231 -1.67485 0
      vertex -3.93443 -1.62373 15
      vertex -3.93443 -1.62373 0
    endloop
  endfacet
  facet normal -0.976308 -0.216384 0
    outer loop
      vertex -3.93443 -1.62373 15
      vertex -3.9231 -1.67485 0
      vertex -3.9231 -1.67485 15
    endloop
  endfacet
  facet normal -0.979921 -0.199384 0
    outer loop
      vertex -3.93443 -1.62373 0
      vertex -3.94487 -1.57242 15
      vertex -3.94487 -1.57242 0
    endloop
  endfacet
  facet normal -0.979921 -0.199384 0
    outer loop
      vertex -3.94487 -1.57242 15
      vertex -3.93443 -1.62373 0
      vertex -3.93443 -1.62373 15
    endloop
  endfacet
  facet normal -0.983231 -0.182363 0
    outer loop
      vertex -3.94487 -1.57242 0
      vertex -3.95442 -1.52093 15
      vertex -3.95442 -1.52093 0
    endloop
  endfacet
  facet normal -0.983231 -0.182363 0
    outer loop
      vertex -3.95442 -1.52093 15
      vertex -3.94487 -1.57242 0
      vertex -3.94487 -1.57242 15
    endloop
  endfacet
  facet normal -0.986285 -0.165049 0
    outer loop
      vertex -3.95442 -1.52093 0
      vertex -3.96306 -1.4693 15
      vertex -3.96306 -1.4693 0
    endloop
  endfacet
  facet normal -0.986285 -0.165049 0
    outer loop
      vertex -3.96306 -1.4693 15
      vertex -3.95442 -1.52093 0
      vertex -3.95442 -1.52093 15
    endloop
  endfacet
  facet normal -0.989044 -0.147621 0
    outer loop
      vertex -3.96306 -1.4693 0
      vertex -3.97079 -1.41751 15
      vertex -3.97079 -1.41751 0
    endloop
  endfacet
  facet normal -0.989044 -0.147621 0
    outer loop
      vertex -3.97079 -1.41751 15
      vertex -3.96306 -1.4693 0
      vertex -3.96306 -1.4693 15
    endloop
  endfacet
  facet normal -0.99143 -0.130637 0
    outer loop
      vertex -3.97079 -1.41751 0
      vertex -3.97763 -1.3656 15
      vertex -3.97763 -1.3656 0
    endloop
  endfacet
  facet normal -0.99143 -0.130637 0
    outer loop
      vertex -3.97763 -1.3656 15
      vertex -3.97079 -1.41751 0
      vertex -3.97079 -1.41751 15
    endloop
  endfacet
  facet normal -0.993587 -0.113073 0
    outer loop
      vertex -3.97763 -1.3656 0
      vertex -3.98355 -1.31358 15
      vertex -3.98355 -1.31358 0
    endloop
  endfacet
  facet normal -0.993587 -0.113073 0
    outer loop
      vertex -3.98355 -1.31358 15
      vertex -3.97763 -1.3656 0
      vertex -3.97763 -1.3656 15
    endloop
  endfacet
  facet normal -0.995394 -0.0958725 0
    outer loop
      vertex -3.98355 -1.31358 0
      vertex -3.98857 -1.26146 15
      vertex -3.98857 -1.26146 0
    endloop
  endfacet
  facet normal -0.995394 -0.0958725 0
    outer loop
      vertex -3.98857 -1.26146 15
      vertex -3.98355 -1.31358 0
      vertex -3.98355 -1.31358 15
    endloop
  endfacet
  facet normal -0.9969 -0.0786825 0
    outer loop
      vertex -3.98857 -1.26146 0
      vertex -3.99269 -1.20926 15
      vertex -3.99269 -1.20926 0
    endloop
  endfacet
  facet normal -0.9969 -0.0786825 0
    outer loop
      vertex -3.99269 -1.20926 15
      vertex -3.98857 -1.26146 0
      vertex -3.98857 -1.26146 15
    endloop
  endfacet
  facet normal -0.998142 -0.0609275 0
    outer loop
      vertex -3.99269 -1.20926 0
      vertex -3.99588 -1.157 15
      vertex -3.99588 -1.157 0
    endloop
  endfacet
  facet normal -0.998142 -0.0609275 0
    outer loop
      vertex -3.99588 -1.157 15
      vertex -3.99269 -1.20926 0
      vertex -3.99269 -1.20926 15
    endloop
  endfacet
  facet normal -0.999043 -0.0437356 0
    outer loop
      vertex -3.99588 -1.157 0
      vertex -3.99817 -1.10469 15
      vertex -3.99817 -1.10469 0
    endloop
  endfacet
  facet normal -0.999043 -0.0437356 0
    outer loop
      vertex -3.99817 -1.10469 15
      vertex -3.99588 -1.157 0
      vertex -3.99588 -1.157 15
    endloop
  endfacet
  facet normal -0.999658 -0.026166 0
    outer loop
      vertex -3.99817 -1.10469 0
      vertex -3.99954 -1.05235 15
      vertex -3.99954 -1.05235 0
    endloop
  endfacet
  facet normal -0.999658 -0.026166 0
    outer loop
      vertex -3.99954 -1.05235 15
      vertex -3.99817 -1.10469 0
      vertex -3.99817 -1.10469 15
    endloop
  endfacet
  facet normal -0.999961 -0.0087865 0
    outer loop
      vertex -3.99954 -1.05235 0
      vertex -4 -0.999999 15
      vertex -4 -0.999999 0
    endloop
  endfacet
  facet normal -0.999961 -0.0087865 0
    outer loop
      vertex -4 -0.999999 15
      vertex -3.99954 -1.05235 0
      vertex -3.99954 -1.05235 15
    endloop
  endfacet
  facet normal -1 0 0
    outer loop
      vertex -4 153.1 0
      vertex -4 149.1 3.01
      vertex -4 153.1 3.01
    endloop
  endfacet
  facet normal -1 0 0
    outer loop
      vertex -4 -0.999999 0
      vertex -4 149.1 3.01
      vertex -4 153.1 0
    endloop
  endfacet
  facet normal -1 0 0
    outer loop
      vertex -4 -0.999999 15
      vertex -4 149.1 3.01
      vertex -4 -0.999999 0
    endloop
  endfacet
  facet normal -1 0 0
    outer loop
      vertex -4 149.1 3.01
      vertex -4 -0.999999 15
      vertex -4 149.1 15
    endloop
  endfacet
  facet normal 0 0 1
    outer loop
      vertex 4 153.1 15
      vertex -1 149.1 15
      vertex 4 149.1 15
    endloop
  endfacet
  facet normal 0 0 1
    outer loop
      vertex -1 149.1 15
      vertex -2.62 5.5 15
      vertex -1 5.5 15
    endloop
  endfacet
  facet normal -0 0 1
    outer loop
      vertex -4 -0.999999 15
      vertex -2.62 -3.52487 15
      vertex -2.62 5.5 15
    endloop
  endfacet
  facet normal 0 0 1
    outer loop
      vertex -2.62 -3.52487 15
      vertex -4 -0.999999 15
      vertex -2.63391 -3.51601 15
    endloop
  endfacet
  facet normal 0 0 1
    outer loop
      vertex -2.63391 -3.51601 15
      vertex -4 -0.999999 15
      vertex -2.67757 -3.48711 15
    endloop
  endfacet
  facet normal 0 0 1
    outer loop
      vertex -2.67757 -3.48711 15
      vertex -4 -0.999999 15
      vertex -2.72072 -3.45744 15
    endloop
  endfacet
  facet normal -0 0 1
    outer loop
      vertex -4 149.1 15
      vertex -2.62 5.5 15
      vertex -1 149.1 15
    endloop
  endfacet
  facet normal 0 0 1
    outer loop
      vertex -2.72072 -3.45744 15
      vertex -4 -0.999999 15
      vertex -2.76335 -3.42705 15
    endloop
  endfacet
  facet normal 0 0 1
    outer loop
      vertex -2.76335 -3.42705 15
      vertex -4 -0.999999 15
      vertex -2.80543 -3.3959 15
    endloop
  endfacet
  facet normal 0 0 1
    outer loop
      vertex -2.80543 -3.3959 15
      vertex -4 -0.999999 15
      vertex -2.84697 -3.36403 15
    endloop
  endfacet
  facet normal 0 0 1
    outer loop
      vertex -2.84697 -3.36403 15
      vertex -4 -0.999999 15
      vertex -2.88795 -3.33144 15
    endloop
  endfacet
  facet normal 0 0 1
    outer loop
      vertex -2.88795 -3.33144 15
      vertex -4 -0.999999 15
      vertex -2.92836 -3.29813 15
    endloop
  endfacet
  facet normal 0 0 1
    outer loop
      vertex -2.92836 -3.29813 15
      vertex -4 -0.999999 15
      vertex -2.96817 -3.26411 15
    endloop
  endfacet
  facet normal 0 0 1
    outer loop
      vertex -2.96817 -3.26411 15
      vertex -4 -0.999999 15
      vertex -3.00738 -3.22943 15
    endloop
  endfacet
  facet normal 0 0 1
    outer loop
      vertex -3.00738 -3.22943 15
      vertex -4 -0.999999 15
      vertex -3.04599 -3.19405 15
    endloop
  endfacet
  facet normal 0 0 1
    outer loop
      vertex -3.04599 -3.19405 15
      vertex -4 -0.999999 15
      vertex -3.08397 -3.158 15
    endloop
  endfacet
  facet normal 0 0 1
    outer loop
      vertex -3.08397 -3.158 15
      vertex -4 -0.999999 15
      vertex -3.12131 -3.12131 15
    endloop
  endfacet
  facet normal 0 0 1
    outer loop
      vertex -3.12131 -3.12131 15
      vertex -4 -0.999999 15
      vertex -3.158 -3.08397 15
    endloop
  endfacet
  facet normal 0 0 1
    outer loop
      vertex -3.158 -3.08397 15
      vertex -4 -0.999999 15
      vertex -3.19405 -3.04599 15
    endloop
  endfacet
  facet normal 0 0 1
    outer loop
      vertex -3.19405 -3.04599 15
      vertex -4 -0.999999 15
      vertex -3.22943 -3.00738 15
    endloop
  endfacet
  facet normal 0 0 1
    outer loop
      vertex -3.22943 -3.00738 15
      vertex -4 -0.999999 15
      vertex -3.26411 -2.96817 15
    endloop
  endfacet
  facet normal 0 0 1
    outer loop
      vertex -3.26411 -2.96817 15
      vertex -4 -0.999999 15
      vertex -3.29813 -2.92836 15
    endloop
  endfacet
  facet normal 0 0 1
    outer loop
      vertex -3.29813 -2.92836 15
      vertex -4 -0.999999 15
      vertex -3.33144 -2.88795 15
    endloop
  endfacet
  facet normal 0 0 1
    outer loop
      vertex -3.33144 -2.88795 15
      vertex -4 -0.999999 15
      vertex -3.36403 -2.84697 15
    endloop
  endfacet
  facet normal 0 0 1
    outer loop
      vertex -3.36403 -2.84697 15
      vertex -4 -0.999999 15
      vertex -3.3959 -2.80543 15
    endloop
  endfacet
  facet normal 0 0 1
    outer loop
      vertex -3.3959 -2.80543 15
      vertex -4 -0.999999 15
      vertex -3.42705 -2.76335 15
    endloop
  endfacet
  facet normal 0 0 1
    outer loop
      vertex -3.42705 -2.76335 15
      vertex -4 -0.999999 15
      vertex -3.45744 -2.72072 15
    endloop
  endfacet
  facet normal 0 0 1
    outer loop
      vertex -3.45744 -2.72072 15
      vertex -4 -0.999999 15
      vertex -3.48711 -2.67757 15
    endloop
  endfacet
  facet normal 0 0 1
    outer loop
      vertex -3.48711 -2.67757 15
      vertex -4 -0.999999 15
      vertex -3.51601 -2.63391 15
    endloop
  endfacet
  facet normal 0 0 1
    outer loop
      vertex -3.51601 -2.63391 15
      vertex -4 -0.999999 15
      vertex -3.54414 -2.58975 15
    endloop
  endfacet
  facet normal 0 0 1
    outer loop
      vertex -3.54414 -2.58975 15
      vertex -4 -0.999999 15
      vertex -3.57149 -2.5451 15
    endloop
  endfacet
  facet normal 0 0 1
    outer loop
      vertex -3.57149 -2.5451 15
      vertex -4 -0.999999 15
      vertex -3.59807 -2.5 15
    endloop
  endfacet
  facet normal 0 0 1
    outer loop
      vertex -3.59807 -2.5 15
      vertex -4 -0.999999 15
      vertex -3.62386 -2.45442 15
    endloop
  endfacet
  facet normal 0 0 1
    outer loop
      vertex -3.62386 -2.45442 15
      vertex -4 -0.999999 15
      vertex -3.64883 -2.4084 15
    endloop
  endfacet
  facet normal 0 0 1
    outer loop
      vertex -3.64883 -2.4084 15
      vertex -4 -0.999999 15
      vertex -3.67302 -2.36197 15
    endloop
  endfacet
  facet normal 0 0 1
    outer loop
      vertex -3.67302 -2.36197 15
      vertex -4 -0.999999 15
      vertex -3.69638 -2.31511 15
    endloop
  endfacet
  facet normal 0 0 1
    outer loop
      vertex -3.69638 -2.31511 15
      vertex -4 -0.999999 15
      vertex -3.71892 -2.26785 15
    endloop
  endfacet
  facet normal 0 0 1
    outer loop
      vertex -3.71892 -2.26785 15
      vertex -4 -0.999999 15
      vertex -3.74063 -2.2202 15
    endloop
  endfacet
  facet normal 0 0 1
    outer loop
      vertex -3.74063 -2.2202 15
      vertex -4 -0.999999 15
      vertex -3.7615 -2.17218 15
    endloop
  endfacet
  facet normal 0 0 1
    outer loop
      vertex -3.7615 -2.17218 15
      vertex -4 -0.999999 15
      vertex -3.78154 -2.12381 15
    endloop
  endfacet
  facet normal 0 0 1
    outer loop
      vertex -3.78154 -2.12381 15
      vertex -4 -0.999999 15
      vertex -3.80073 -2.0751 15
    endloop
  endfacet
  facet normal 0 0 1
    outer loop
      vertex -3.80073 -2.0751 15
      vertex -4 -0.999999 15
      vertex -3.81908 -2.02605 15
    endloop
  endfacet
  facet normal 0 0 1
    outer loop
      vertex -3.81908 -2.02605 15
      vertex -4 -0.999999 15
      vertex -3.83655 -1.9767 15
    endloop
  endfacet
  facet normal 0 0 1
    outer loop
      vertex -3.83655 -1.9767 15
      vertex -4 -0.999999 15
      vertex -3.85316 -1.92705 15
    endloop
  endfacet
  facet normal 0 0 1
    outer loop
      vertex -3.85316 -1.92705 15
      vertex -4 -0.999999 15
      vertex -3.86891 -1.87711 15
    endloop
  endfacet
  facet normal 0 0 1
    outer loop
      vertex -3.86891 -1.87711 15
      vertex -4 -0.999999 15
      vertex -3.88377 -1.8269 15
    endloop
  endfacet
  facet normal 0 0 1
    outer loop
      vertex -3.88377 -1.8269 15
      vertex -4 -0.999999 15
      vertex -3.89777 -1.77644 15
    endloop
  endfacet
  facet normal 0 0 1
    outer loop
      vertex -3.89777 -1.77644 15
      vertex -4 -0.999999 15
      vertex -3.91087 -1.72575 15
    endloop
  endfacet
  facet normal 0 0 1
    outer loop
      vertex -3.91087 -1.72575 15
      vertex -4 -0.999999 15
      vertex -3.9231 -1.67485 15
    endloop
  endfacet
  facet normal 0 0 1
    outer loop
      vertex -3.9231 -1.67485 15
      vertex -4 -0.999999 15
      vertex -3.93443 -1.62373 15
    endloop
  endfacet
  facet normal 0 0 1
    outer loop
      vertex -3.93443 -1.62373 15
      vertex -4 -0.999999 15
      vertex -3.94487 -1.57242 15
    endloop
  endfacet
  facet normal 0 0 1
    outer loop
      vertex -3.94487 -1.57242 15
      vertex -4 -0.999999 15
      vertex -3.95442 -1.52093 15
    endloop
  endfacet
  facet normal 0 0 1
    outer loop
      vertex -3.95442 -1.52093 15
      vertex -4 -0.999999 15
      vertex -3.96306 -1.4693 15
    endloop
  endfacet
  facet normal 0 0 1
    outer loop
      vertex -3.96306 -1.4693 15
      vertex -4 -0.999999 15
      vertex -3.97079 -1.41751 15
    endloop
  endfacet
  facet normal 0 0 1
    outer loop
      vertex -3.97079 -1.41751 15
      vertex -4 -0.999999 15
      vertex -3.97763 -1.3656 15
    endloop
  endfacet
  facet normal 0 0 1
    outer loop
      vertex -3.97763 -1.3656 15
      vertex -4 -0.999999 15
      vertex -3.98355 -1.31358 15
    endloop
  endfacet
  facet normal 0 0 1
    outer loop
      vertex -3.98355 -1.31358 15
      vertex -4 -0.999999 15
      vertex -3.98857 -1.26146 15
    endloop
  endfacet
  facet normal 0 0 1
    outer loop
      vertex -3.98857 -1.26146 15
      vertex -4 -0.999999 15
      vertex -3.99269 -1.20926 15
    endloop
  endfacet
  facet normal 0 0 1
    outer loop
      vertex -3.99269 -1.20926 15
      vertex -4 -0.999999 15
      vertex -3.99588 -1.157 15
    endloop
  endfacet
  facet normal 0 0 1
    outer loop
      vertex -3.99588 -1.157 15
      vertex -4 -0.999999 15
      vertex -3.99817 -1.10469 15
    endloop
  endfacet
  facet normal 0 0 1
    outer loop
      vertex -2.62 5.5 15
      vertex -4 149.1 15
      vertex -4 -0.999999 15
    endloop
  endfacet
  facet normal -0 0 1
    outer loop
      vertex -4 153.1 15
      vertex -1 149.1 15
      vertex 4 153.1 15
    endloop
  endfacet
  facet normal 0 0 1
    outer loop
      vertex -1 149.1 15
      vertex -4 153.1 15
      vertex -4 149.1 15
    endloop
  endfacet
  facet normal 0 0 1
    outer loop
      vertex -3.99817 -1.10469 15
      vertex -4 -0.999999 15
      vertex -3.99954 -1.05235 15
    endloop
  endfacet
  facet normal 0 0 -1
    outer loop
      vertex 9.62466 33.2446 0
      vertex 151.267 -4 0
      vertex 9.6325 33.02 0
    endloop
  endfacet
  facet normal 0 0 -1
    outer loop
      vertex 151.267 -4 0
      vertex 9.62466 32.7954 0
      vertex 9.6325 33.02 0
    endloop
  endfacet
  facet normal 0 0 -1
    outer loop
      vertex 151.267 -4 0
      vertex 9.6245 32.791 0
      vertex 9.62466 32.7954 0
    endloop
  endfacet
  facet normal 0 0 -1
    outer loop
      vertex 151.267 -4 0
      vertex 9.60101 32.5675 0
      vertex 9.6245 32.791 0
    endloop
  endfacet
  facet normal 0 0 -1
    outer loop
      vertex 151.267 -4 0
      vertex 9.60055 32.5632 0
      vertex 9.60101 32.5675 0
    endloop
  endfacet
  facet normal 0 0 -1
    outer loop
      vertex 151.267 -4 0
      vertex 9.5998 32.5589 0
      vertex 9.60055 32.5632 0
    endloop
  endfacet
  facet normal 0 0 -1
    outer loop
      vertex 151.267 -4 0
      vertex 9.56077 32.3375 0
      vertex 9.5998 32.5589 0
    endloop
  endfacet
  facet normal 0 0 -1
    outer loop
      vertex 151.267 -4 0
      vertex 9.5064 32.1195 0
      vertex 9.56077 32.3375 0
    endloop
  endfacet
  facet normal 0 0 -1
    outer loop
      vertex 151.267 -4 0
      vertex 9.50534 32.1152 0
      vertex 9.5064 32.1195 0
    endloop
  endfacet
  facet normal 0 0 -1
    outer loop
      vertex 151.267 -4 0
      vertex 9.43589 31.9015 0
      vertex 9.50534 32.1152 0
    endloop
  endfacet
  facet normal 0 0 -1
    outer loop
      vertex 151.267 -4 0
      vertex 9.43454 31.8973 0
      vertex 9.43589 31.9015 0
    endloop
  endfacet
  facet normal 0 0 -1
    outer loop
      vertex 151.267 -4 0
      vertex 9.35035 31.6889 0
      vertex 9.43454 31.8973 0
    endloop
  endfacet
  facet normal 0 0 -1
    outer loop
      vertex 151.267 -4 0
      vertex 9.34871 31.6849 0
      vertex 9.35035 31.6889 0
    endloop
  endfacet
  facet normal 0 0 -1
    outer loop
      vertex 151.267 -4 0
      vertex 9.3468 31.681 0
      vertex 9.34871 31.6849 0
    endloop
  endfacet
  facet normal 0 0 -1
    outer loop
      vertex 151.267 -4 0
      vertex 9.24828 31.479 0
      vertex 9.3468 31.681 0
    endloop
  endfacet
  facet normal 0 0 -1
    outer loop
      vertex 151.267 -4 0
      vertex 9.24609 31.4752 0
      vertex 9.24828 31.479 0
    endloop
  endfacet
  facet normal 0 0 -1
    outer loop
      vertex 151.267 -4 0
      vertex 9.13372 31.2805 0
      vertex 9.24609 31.4752 0
    endloop
  endfacet
  facet normal 0 0 -1
    outer loop
      vertex -1 -4 0
      vertex 9.13372 31.2805 0
      vertex 151.267 -4 0
    endloop
  endfacet
  facet normal 0 0 -1
    outer loop
      vertex 9.13372 31.2805 0
      vertex -1 -4 0
      vertex 9.00804 31.0942 0
    endloop
  endfacet
  facet normal 0 0 -1
    outer loop
      vertex 9.00804 31.0942 0
      vertex -1 -4 0
      vertex 9.0056 31.0906 0
    endloop
  endfacet
  facet normal 0 0 -1
    outer loop
      vertex 9.0056 31.0906 0
      vertex -1 -4 0
      vertex 9.00291 31.0872 0
    endloop
  endfacet
  facet normal 0 0 -1
    outer loop
      vertex 9.00291 31.0872 0
      vertex -1 -4 0
      vertex 8.86454 30.91 0
    endloop
  endfacet
  facet normal 0 0 -1
    outer loop
      vertex 8.86454 30.91 0
      vertex -1 -4 0
      vertex 8.86162 30.9068 0
    endloop
  endfacet
  facet normal 0 0 -1
    outer loop
      vertex 8.86162 30.9068 0
      vertex -1 -4 0
      vertex 8.71123 30.7398 0
    endloop
  endfacet
  facet normal 0 0 -1
    outer loop
      vertex 8.71123 30.7398 0
      vertex -1 -4 0
      vertex 8.54956 30.5837 0
    endloop
  endfacet
  facet normal 0 0 -1
    outer loop
      vertex 8.54956 30.5837 0
      vertex -1 -4 0
      vertex 8.54642 30.5806 0
    endloop
  endfacet
  facet normal 0 0 -1
    outer loop
      vertex 8.54642 30.5806 0
      vertex -1 -4 0
      vertex 8.54308 30.5778 0
    endloop
  endfacet
  facet normal 0 0 -1
    outer loop
      vertex 8.54308 30.5778 0
      vertex -1 -4 0
      vertex 8.37091 30.4334 0
    endloop
  endfacet
  facet normal 0 0 -1
    outer loop
      vertex 8.37091 30.4334 0
      vertex -1 -4 0
      vertex 8.36738 30.4308 0
    endloop
  endfacet
  facet normal 0 0 -1
    outer loop
      vertex 8.36738 30.4308 0
      vertex -1 -4 0
      vertex 8.18555 30.2987 0
    endloop
  endfacet
  facet normal 0 0 -1
    outer loop
      vertex 8.18555 30.2987 0
      vertex -1 -4 0
      vertex 8.18185 30.2964 0
    endloop
  endfacet
  facet normal 0 0 -1
    outer loop
      vertex 8.18185 30.2964 0
      vertex -1 -4 0
      vertex 7.99125 30.1773 0
    endloop
  endfacet
  facet normal 0 0 -1
    outer loop
      vertex 7.99125 30.1773 0
      vertex -1 -4 0
      vertex 7.7928 30.0718 0
    endloop
  endfacet
  facet normal 0 0 -1
    outer loop
      vertex 7.7928 30.0718 0
      vertex -1 -4 0
      vertex 7.78895 30.0697 0
    endloop
  endfacet
  facet normal 0 0 -1
    outer loop
      vertex 7.78895 30.0697 0
      vertex -1 -4 0
      vertex 7.78497 30.0679 0
    endloop
  endfacet
  facet normal 0 0 -1
    outer loop
      vertex 7.78497 30.0679 0
      vertex -1 -4 0
      vertex 7.57965 29.9765 0
    endloop
  endfacet
  facet normal 0 0 -1
    outer loop
      vertex 7.57965 29.9765 0
      vertex -1 -4 0
      vertex 7.36845 29.8996 0
    endloop
  endfacet
  facet normal 0 0 -1
    outer loop
      vertex 7.36845 29.8996 0
      vertex -1 -4 0
      vertex 7.36435 29.8982 0
    endloop
  endfacet
  facet normal 0 0 -1
    outer loop
      vertex 7.36435 29.8982 0
      vertex -1 -4 0
      vertex 7.36015 29.897 0
    endloop
  endfacet
  facet normal 0 0 -1
    outer loop
      vertex 7.36015 29.897 0
      vertex -1 -4 0
      vertex 7.14411 29.835 0
    endloop
  endfacet
  facet normal 0 0 -1
    outer loop
      vertex 7.14411 29.835 0
      vertex -1 -4 0
      vertex 6.92427 29.7883 0
    endloop
  endfacet
  facet normal 0 0 -1
    outer loop
      vertex 6.92427 29.7883 0
      vertex -1 -4 0
      vertex 6.92 29.7874 0
    endloop
  endfacet
  facet normal 0 0 -1
    outer loop
      vertex -4 -0.999999 0
      vertex 6.92 29.7874 0
      vertex -1 -4 0
    endloop
  endfacet
  facet normal 0 0 -1
    outer loop
      vertex 6.92 29.7874 0
      vertex -4 -0.999999 0
      vertex 6.91568 29.7868 0
    endloop
  endfacet
  facet normal 0 0 -1
    outer loop
      vertex 6.91568 29.7868 0
      vertex -4 -0.999999 0
      vertex 6.69311 29.7555 0
    endloop
  endfacet
  facet normal 0 0 -1
    outer loop
      vertex 6.69311 29.7555 0
      vertex -4 -0.999999 0
      vertex 6.46891 29.7398 0
    endloop
  endfacet
  facet normal 0 0 -1
    outer loop
      vertex 6.46891 29.7398 0
      vertex -4 -0.999999 0
      vertex 6.46456 29.7395 0
    endloop
  endfacet
  facet normal -0 0 -1
    outer loop
      vertex 6.46456 29.7395 0
      vertex -4 -0.999999 0
      vertex 6.23544 29.7395 0
    endloop
  endfacet
  facet normal -0 0 -1
    outer loop
      vertex 6.23544 29.7395 0
      vertex -4 -0.999999 0
      vertex 6.23109 29.7398 0
    endloop
  endfacet
  facet normal -0 0 -1
    outer loop
      vertex 6.23109 29.7398 0
      vertex -4 -0.999999 0
      vertex 6.00689 29.7555 0
    endloop
  endfacet
  facet normal -0 0 -1
    outer loop
      vertex 6.00689 29.7555 0
      vertex -4 -0.999999 0
      vertex 5.78432 29.7868 0
    endloop
  endfacet
  facet normal -0 0 -1
    outer loop
      vertex 5.78432 29.7868 0
      vertex -4 -0.999999 0
      vertex 5.78 29.7874 0
    endloop
  endfacet
  facet normal 0 0 -1
    outer loop
      vertex 5.55589 29.835 0
      vertex 5.33565 29.8982 0
      vertex 5.33985 29.897 0
    endloop
  endfacet
  facet normal 0 0 -1
    outer loop
      vertex 4.32909 30.4334 0
      vertex 4.15358 30.5806 0
      vertex 4.15692 30.5778 0
    endloop
  endfacet
  facet normal 0 0 -1
    outer loop
      vertex 4.15358 30.5806 0
      vertex 3.98877 30.7398 0
      vertex 4.15044 30.5837 0
    endloop
  endfacet
  facet normal 0 0 -1
    outer loop
      vertex 3.45172 31.479 0
      vertex 3.35129 31.6849 0
      vertex 3.3532 31.681 0
    endloop
  endfacet
  facet normal 0 0 1
    outer loop
      vertex 3.35129 31.6849 0
      vertex 3.26546 31.8973 0
      vertex 3.34965 31.6889 0
    endloop
  endfacet
  facet normal 0 0 -1
    outer loop
      vertex 3.19466 32.1152 0
      vertex 3.13923 32.3375 0
      vertex 3.1936 32.1195 0
    endloop
  endfacet
  facet normal 0 0 1
    outer loop
      vertex 3.13923 32.3375 0
      vertex 3.09945 32.5632 0
      vertex 3.1002 32.5589 0
    endloop
  endfacet
  facet normal 0 0 1
    outer loop
      vertex 3.09945 32.5632 0
      vertex 3.0755 32.791 0
      vertex 3.09899 32.5675 0
    endloop
  endfacet
  facet normal 0 0 1
    outer loop
      vertex 3.0755 32.791 0
      vertex 3.0675 33.02 0
      vertex 3.07534 32.7954 0
    endloop
  endfacet
  facet normal -0 0 -1
    outer loop
      vertex 3.09945 32.5632 0
      vertex -4 -0.999999 0
      vertex 3.0755 32.791 0
    endloop
  endfacet
  facet normal -0 0 -1
    outer loop
      vertex 3.13923 32.3375 0
      vertex -4 -0.999999 0
      vertex 3.09945 32.5632 0
    endloop
  endfacet
  facet normal -0 0 -1
    outer loop
      vertex 3.19466 32.1152 0
      vertex -4 -0.999999 0
      vertex 3.13923 32.3375 0
    endloop
  endfacet
  facet normal -0 0 -1
    outer loop
      vertex 3.26411 31.9015 0
      vertex -4 -0.999999 0
      vertex 3.19466 32.1152 0
    endloop
  endfacet
  facet normal -0 0 -1
    outer loop
      vertex 3.26546 31.8973 0
      vertex -4 -0.999999 0
      vertex 3.26411 31.9015 0
    endloop
  endfacet
  facet normal -0 0 -1
    outer loop
      vertex 3.35129 31.6849 0
      vertex -4 -0.999999 0
      vertex 3.26546 31.8973 0
    endloop
  endfacet
  facet normal -0 0 -1
    outer loop
      vertex 3.45172 31.479 0
      vertex -4 -0.999999 0
      vertex 3.35129 31.6849 0
    endloop
  endfacet
  facet normal -0 0 -1
    outer loop
      vertex 3.45391 31.4752 0
      vertex -4 -0.999999 0
      vertex 3.45172 31.479 0
    endloop
  endfacet
  facet normal -0 0 -1
    outer loop
      vertex 3.56628 31.2805 0
      vertex -4 -0.999999 0
      vertex 3.45391 31.4752 0
    endloop
  endfacet
  facet normal -0 0 -1
    outer loop
      vertex 3.69196 31.0942 0
      vertex -4 -0.999999 0
      vertex 3.56628 31.2805 0
    endloop
  endfacet
  facet normal -0 0 -1
    outer loop
      vertex 3.6944 31.0906 0
      vertex -4 -0.999999 0
      vertex 3.69196 31.0942 0
    endloop
  endfacet
  facet normal -0 0 -1
    outer loop
      vertex 3.69709 31.0872 0
      vertex -4 -0.999999 0
      vertex 3.6944 31.0906 0
    endloop
  endfacet
  facet normal -0 0 -1
    outer loop
      vertex 3.83546 30.91 0
      vertex -4 -0.999999 0
      vertex 3.69709 31.0872 0
    endloop
  endfacet
  facet normal -0 0 -1
    outer loop
      vertex 3.83838 30.9068 0
      vertex -4 -0.999999 0
      vertex 3.83546 30.91 0
    endloop
  endfacet
  facet normal -0 0 -1
    outer loop
      vertex 3.98877 30.7398 0
      vertex -4 -0.999999 0
      vertex 3.83838 30.9068 0
    endloop
  endfacet
  facet normal -0 0 -1
    outer loop
      vertex 4.15358 30.5806 0
      vertex -4 -0.999999 0
      vertex 3.98877 30.7398 0
    endloop
  endfacet
  facet normal -0 0 -1
    outer loop
      vertex 4.32909 30.4334 0
      vertex -4 -0.999999 0
      vertex 4.15358 30.5806 0
    endloop
  endfacet
  facet normal -0 0 -1
    outer loop
      vertex 4.33262 30.4308 0
      vertex -4 -0.999999 0
      vertex 4.32909 30.4334 0
    endloop
  endfacet
  facet normal -0 0 -1
    outer loop
      vertex 4.51445 30.2987 0
      vertex -4 -0.999999 0
      vertex 4.33262 30.4308 0
    endloop
  endfacet
  facet normal -0 0 -1
    outer loop
      vertex 4.51815 30.2964 0
      vertex -4 -0.999999 0
      vertex 4.51445 30.2987 0
    endloop
  endfacet
  facet normal -0 0 -1
    outer loop
      vertex 4.70875 30.1773 0
      vertex -4 -0.999999 0
      vertex 4.51815 30.2964 0
    endloop
  endfacet
  facet normal -0 0 -1
    outer loop
      vertex 4.9072 30.0718 0
      vertex -4 -0.999999 0
      vertex 4.70875 30.1773 0
    endloop
  endfacet
  facet normal -0 0 -1
    outer loop
      vertex 4.91105 30.0697 0
      vertex -4 -0.999999 0
      vertex 4.9072 30.0718 0
    endloop
  endfacet
  facet normal -0 0 -1
    outer loop
      vertex 4.91503 30.0679 0
      vertex -4 -0.999999 0
      vertex 4.91105 30.0697 0
    endloop
  endfacet
  facet normal -0 0 -1
    outer loop
      vertex 5.12035 29.9765 0
      vertex -4 -0.999999 0
      vertex 4.91503 30.0679 0
    endloop
  endfacet
  facet normal -0 0 -1
    outer loop
      vertex 5.33155 29.8996 0
      vertex -4 -0.999999 0
      vertex 5.12035 29.9765 0
    endloop
  endfacet
  facet normal -0 0 -1
    outer loop
      vertex 5.33565 29.8982 0
      vertex -4 -0.999999 0
      vertex 5.33155 29.8996 0
    endloop
  endfacet
  facet normal -0 0 -1
    outer loop
      vertex 5.55589 29.835 0
      vertex -4 -0.999999 0
      vertex 5.33565 29.8982 0
    endloop
  endfacet
  facet normal -0 0 -1
    outer loop
      vertex 5.77573 29.7883 0
      vertex -4 -0.999999 0
      vertex 5.55589 29.835 0
    endloop
  endfacet
  facet normal -0 0 -1
    outer loop
      vertex 5.78 29.7874 0
      vertex -4 -0.999999 0
      vertex 5.77573 29.7883 0
    endloop
  endfacet
  facet normal 0 0 -1
    outer loop
      vertex 9.6245 33.249 0
      vertex 151.267 -4 0
      vertex 9.62466 33.2446 0
    endloop
  endfacet
  facet normal 0 0 -1
    outer loop
      vertex 9.60101 33.4725 0
      vertex 151.267 -4 0
      vertex 9.6245 33.249 0
    endloop
  endfacet
  facet normal 0 0 -1
    outer loop
      vertex 9.60055 33.4768 0
      vertex 151.267 -4 0
      vertex 9.60101 33.4725 0
    endloop
  endfacet
  facet normal 0 0 -1
    outer loop
      vertex 9.5998 33.4811 0
      vertex 151.267 -4 0
      vertex 9.60055 33.4768 0
    endloop
  endfacet
  facet normal 0 0 -1
    outer loop
      vertex 9.56077 33.7025 0
      vertex 151.267 -4 0
      vertex 9.5998 33.4811 0
    endloop
  endfacet
  facet normal 0 0 -1
    outer loop
      vertex 9.5064 33.9205 0
      vertex 151.267 -4 0
      vertex 9.56077 33.7025 0
    endloop
  endfacet
  facet normal 0 0 -1
    outer loop
      vertex 9.50534 33.9248 0
      vertex 151.267 -4 0
      vertex 9.5064 33.9205 0
    endloop
  endfacet
  facet normal 0 0 -1
    outer loop
      vertex 9.43589 34.1385 0
      vertex 151.267 -4 0
      vertex 9.50534 33.9248 0
    endloop
  endfacet
  facet normal 0 0 -1
    outer loop
      vertex 9.43454 34.1427 0
      vertex 151.267 -4 0
      vertex 9.43589 34.1385 0
    endloop
  endfacet
  facet normal 0 0 -1
    outer loop
      vertex 9.35035 34.3511 0
      vertex 151.267 -4 0
      vertex 9.43454 34.1427 0
    endloop
  endfacet
  facet normal 0 0 -1
    outer loop
      vertex 9.34871 34.3551 0
      vertex 151.267 -4 0
      vertex 9.35035 34.3511 0
    endloop
  endfacet
  facet normal 0 0 -1
    outer loop
      vertex 151.267 -4 0
      vertex 9.34871 34.3551 0
      vertex 151.267 153.1 0
    endloop
  endfacet
  facet normal 0 0 -1
    outer loop
      vertex 9.3468 34.359 0
      vertex 151.267 153.1 0
      vertex 9.34871 34.3551 0
    endloop
  endfacet
  facet normal 0 0 -1
    outer loop
      vertex 9.24828 34.561 0
      vertex 151.267 153.1 0
      vertex 9.3468 34.359 0
    endloop
  endfacet
  facet normal 0 0 -1
    outer loop
      vertex 9.24609 34.5648 0
      vertex 151.267 153.1 0
      vertex 9.24828 34.561 0
    endloop
  endfacet
  facet normal 0 0 -1
    outer loop
      vertex 9.13372 34.7595 0
      vertex 151.267 153.1 0
      vertex 9.24609 34.5648 0
    endloop
  endfacet
  facet normal 0 0 -1
    outer loop
      vertex 9.00804 34.9458 0
      vertex 151.267 153.1 0
      vertex 9.13372 34.7595 0
    endloop
  endfacet
  facet normal 0 0 -1
    outer loop
      vertex 9.0056 34.9494 0
      vertex 151.267 153.1 0
      vertex 9.00804 34.9458 0
    endloop
  endfacet
  facet normal 0 0 -1
    outer loop
      vertex 9.00291 34.9528 0
      vertex 151.267 153.1 0
      vertex 9.0056 34.9494 0
    endloop
  endfacet
  facet normal 0 0 -1
    outer loop
      vertex 8.86454 35.13 0
      vertex 151.267 153.1 0
      vertex 9.00291 34.9528 0
    endloop
  endfacet
  facet normal 0 0 -1
    outer loop
      vertex 8.86162 35.1332 0
      vertex 151.267 153.1 0
      vertex 8.86454 35.13 0
    endloop
  endfacet
  facet normal 0 0 -1
    outer loop
      vertex 8.71123 35.3002 0
      vertex 151.267 153.1 0
      vertex 8.86162 35.1332 0
    endloop
  endfacet
  facet normal 0 0 -1
    outer loop
      vertex 8.54956 35.4563 0
      vertex 151.267 153.1 0
      vertex 8.71123 35.3002 0
    endloop
  endfacet
  facet normal 0 0 -1
    outer loop
      vertex 8.54642 35.4594 0
      vertex 151.267 153.1 0
      vertex 8.54956 35.4563 0
    endloop
  endfacet
  facet normal 0 0 -1
    outer loop
      vertex -4 153.1 0
      vertex 8.54642 35.4594 0
      vertex 8.54308 35.4622 0
    endloop
  endfacet
  facet normal 0 0 -1
    outer loop
      vertex -4 153.1 0
      vertex 8.54308 35.4622 0
      vertex 8.37091 35.6066 0
    endloop
  endfacet
  facet normal 0 0 -1
    outer loop
      vertex -4 153.1 0
      vertex 8.37091 35.6066 0
      vertex 8.36738 35.6092 0
    endloop
  endfacet
  facet normal 0 0 -1
    outer loop
      vertex -4 153.1 0
      vertex 8.36738 35.6092 0
      vertex 8.18555 35.7413 0
    endloop
  endfacet
  facet normal 0 0 -1
    outer loop
      vertex -4 153.1 0
      vertex 8.18555 35.7413 0
      vertex 8.18185 35.7436 0
    endloop
  endfacet
  facet normal 0 0 -1
    outer loop
      vertex -4 153.1 0
      vertex 8.18185 35.7436 0
      vertex 7.99125 35.8627 0
    endloop
  endfacet
  facet normal 0 0 -1
    outer loop
      vertex -4 153.1 0
      vertex 7.99125 35.8627 0
      vertex 7.7928 35.9682 0
    endloop
  endfacet
  facet normal 0 0 -1
    outer loop
      vertex -4 153.1 0
      vertex 7.7928 35.9682 0
      vertex 7.78895 35.9703 0
    endloop
  endfacet
  facet normal 0 0 -1
    outer loop
      vertex -4 153.1 0
      vertex 7.78895 35.9703 0
      vertex 7.78497 35.9721 0
    endloop
  endfacet
  facet normal 0 0 -1
    outer loop
      vertex -4 153.1 0
      vertex 7.78497 35.9721 0
      vertex 7.57965 36.0635 0
    endloop
  endfacet
  facet normal 0 0 -1
    outer loop
      vertex -4 153.1 0
      vertex 7.57965 36.0635 0
      vertex 7.36845 36.1404 0
    endloop
  endfacet
  facet normal 0 0 -1
    outer loop
      vertex -4 153.1 0
      vertex 7.36845 36.1404 0
      vertex 7.36435 36.1418 0
    endloop
  endfacet
  facet normal 0 0 -1
    outer loop
      vertex -4 153.1 0
      vertex 7.36435 36.1418 0
      vertex 7.36015 36.143 0
    endloop
  endfacet
  facet normal 0 0 -1
    outer loop
      vertex -4 153.1 0
      vertex 7.36015 36.143 0
      vertex 7.14411 36.205 0
    endloop
  endfacet
  facet normal 0 0 -1
    outer loop
      vertex -4 153.1 0
      vertex 7.14411 36.205 0
      vertex 6.92427 36.2517 0
    endloop
  endfacet
  facet normal 0 0 -1
    outer loop
      vertex -4 153.1 0
      vertex 6.92427 36.2517 0
      vertex 6.92 36.2526 0
    endloop
  endfacet
  facet normal 0 0 -1
    outer loop
      vertex -4 153.1 0
      vertex 6.92 36.2526 0
      vertex 6.91568 36.2532 0
    endloop
  endfacet
  facet normal 0 0 -1
    outer loop
      vertex -4 153.1 0
      vertex 6.91568 36.2532 0
      vertex 6.69311 36.2845 0
    endloop
  endfacet
  facet normal 0 0 -1
    outer loop
      vertex -4 153.1 0
      vertex 6.69311 36.2845 0
      vertex 6.46891 36.3002 0
    endloop
  endfacet
  facet normal 0 0 -1
    outer loop
      vertex -4 153.1 0
      vertex 6.46891 36.3002 0
      vertex 6.46456 36.3005 0
    endloop
  endfacet
  facet normal 0 0 -1
    outer loop
      vertex -4 153.1 0
      vertex 6.46456 36.3005 0
      vertex 6.23544 36.3005 0
    endloop
  endfacet
  facet normal 0 0 -1
    outer loop
      vertex -4 153.1 0
      vertex 6.23544 36.3005 0
      vertex 6.23109 36.3002 0
    endloop
  endfacet
  facet normal 0 0 -1
    outer loop
      vertex -4 153.1 0
      vertex 6.23109 36.3002 0
      vertex 6.00689 36.2845 0
    endloop
  endfacet
  facet normal 0 0 -1
    outer loop
      vertex -4 153.1 0
      vertex 6.00689 36.2845 0
      vertex 5.78432 36.2532 0
    endloop
  endfacet
  facet normal 0 0 -1
    outer loop
      vertex -4 153.1 0
      vertex 5.78432 36.2532 0
      vertex 5.78 36.2526 0
    endloop
  endfacet
  facet normal 0 0 -1
    outer loop
      vertex -4 153.1 0
      vertex 5.78 36.2526 0
      vertex 5.77573 36.2517 0
    endloop
  endfacet
  facet normal 0 0 -1
    outer loop
      vertex -4 153.1 0
      vertex 5.77573 36.2517 0
      vertex 5.55589 36.205 0
    endloop
  endfacet
  facet normal 0 0 -1
    outer loop
      vertex -4 153.1 0
      vertex 5.55589 36.205 0
      vertex 5.33985 36.143 0
    endloop
  endfacet
  facet normal 0 0 -1
    outer loop
      vertex -4 153.1 0
      vertex 5.33985 36.143 0
      vertex 5.33565 36.1418 0
    endloop
  endfacet
  facet normal 0 0 -1
    outer loop
      vertex -4 153.1 0
      vertex 5.33565 36.1418 0
      vertex 5.33155 36.1404 0
    endloop
  endfacet
  facet normal 0 0 -1
    outer loop
      vertex -4 153.1 0
      vertex 5.33155 36.1404 0
      vertex 5.12035 36.0635 0
    endloop
  endfacet
  facet normal 0 0 -1
    outer loop
      vertex -4 153.1 0
      vertex 5.12035 36.0635 0
      vertex 4.91503 35.9721 0
    endloop
  endfacet
  facet normal 0 0 -1
    outer loop
      vertex -4 153.1 0
      vertex 4.91503 35.9721 0
      vertex 4.91105 35.9703 0
    endloop
  endfacet
  facet normal 0 0 -1
    outer loop
      vertex -4 153.1 0
      vertex 4.91105 35.9703 0
      vertex 4.9072 35.9682 0
    endloop
  endfacet
  facet normal 0 0 -1
    outer loop
      vertex -4 153.1 0
      vertex 4.9072 35.9682 0
      vertex 4.70875 35.8627 0
    endloop
  endfacet
  facet normal 0 0 -1
    outer loop
      vertex -4 153.1 0
      vertex 4.70875 35.8627 0
      vertex 4.51815 35.7436 0
    endloop
  endfacet
  facet normal 0 0 -1
    outer loop
      vertex -4 153.1 0
      vertex 4.51815 35.7436 0
      vertex 4.51445 35.7413 0
    endloop
  endfacet
  facet normal 0 0 -1
    outer loop
      vertex -4 153.1 0
      vertex 4.51445 35.7413 0
      vertex 4.33262 35.6092 0
    endloop
  endfacet
  facet normal 0 0 -1
    outer loop
      vertex -4 153.1 0
      vertex 4.33262 35.6092 0
      vertex 4.32909 35.6066 0
    endloop
  endfacet
  facet normal 0 0 -1
    outer loop
      vertex 4.15358 35.4594 0
      vertex 4.32909 35.6066 0
      vertex 4.15692 35.4622 0
    endloop
  endfacet
  facet normal 0 0 -1
    outer loop
      vertex 3.98877 35.3002 0
      vertex 4.15358 35.4594 0
      vertex 4.15044 35.4563 0
    endloop
  endfacet
  facet normal 0 0 -1
    outer loop
      vertex 3.6944 34.9494 0
      vertex 3.83546 35.13 0
      vertex 3.69709 34.9528 0
    endloop
  endfacet
  facet normal 0 0 -1
    outer loop
      vertex 3.35129 34.3551 0
      vertex 3.45172 34.561 0
      vertex 3.3532 34.359 0
    endloop
  endfacet
  facet normal 0 0 1
    outer loop
      vertex 3.26546 34.1427 0
      vertex 3.35129 34.3551 0
      vertex 3.34965 34.3511 0
    endloop
  endfacet
  facet normal 0 0 -1
    outer loop
      vertex 3.19466 33.9248 0
      vertex 3.26546 34.1427 0
      vertex 3.26411 34.1385 0
    endloop
  endfacet
  facet normal 0 0 1
    outer loop
      vertex 3.0675 33.02 0
      vertex 3.0755 33.249 0
      vertex 3.07534 33.2446 0
    endloop
  endfacet
  facet normal -0 0 -1
    outer loop
      vertex 3.0755 32.791 0
      vertex -4 -0.999999 0
      vertex 3.0675 33.02 0
    endloop
  endfacet
  facet normal -0 0 -1
    outer loop
      vertex 3.0675 33.02 0
      vertex -4 -0.999999 0
      vertex 3.0755 33.249 0
    endloop
  endfacet
  facet normal -0 0 -1
    outer loop
      vertex 3.0755 33.249 0
      vertex -4 -0.999999 0
      vertex 3.09899 33.4725 0
    endloop
  endfacet
  facet normal 0 0 -1
    outer loop
      vertex -4 -0.999999 0
      vertex -1 -4 0
      vertex -1.05235 -3.99954 0
    endloop
  endfacet
  facet normal 0 0 -1
    outer loop
      vertex -4 -0.999999 0
      vertex -1.05235 -3.99954 0
      vertex -1.10469 -3.99817 0
    endloop
  endfacet
  facet normal 0 0 -1
    outer loop
      vertex -4 -0.999999 0
      vertex -1.10469 -3.99817 0
      vertex -1.157 -3.99588 0
    endloop
  endfacet
  facet normal 0 0 -1
    outer loop
      vertex -4 -0.999999 0
      vertex -1.157 -3.99588 0
      vertex -1.20926 -3.99269 0
    endloop
  endfacet
  facet normal 0 0 -1
    outer loop
      vertex -4 -0.999999 0
      vertex -1.20926 -3.99269 0
      vertex -1.26146 -3.98857 0
    endloop
  endfacet
  facet normal 0 0 -1
    outer loop
      vertex -4 -0.999999 0
      vertex -1.26146 -3.98857 0
      vertex -1.31358 -3.98355 0
    endloop
  endfacet
  facet normal 0 0 -1
    outer loop
      vertex -4 -0.999999 0
      vertex -1.31358 -3.98355 0
      vertex -1.3656 -3.97763 0
    endloop
  endfacet
  facet normal 0 0 -1
    outer loop
      vertex -4 -0.999999 0
      vertex -1.3656 -3.97763 0
      vertex -1.41751 -3.97079 0
    endloop
  endfacet
  facet normal 0 0 -1
    outer loop
      vertex -4 -0.999999 0
      vertex -1.41751 -3.97079 0
      vertex -1.4693 -3.96306 0
    endloop
  endfacet
  facet normal 0 0 -1
    outer loop
      vertex -4 -0.999999 0
      vertex -1.4693 -3.96306 0
      vertex -1.52093 -3.95442 0
    endloop
  endfacet
  facet normal 0 0 -1
    outer loop
      vertex -4 -0.999999 0
      vertex -1.52093 -3.95442 0
      vertex -1.57242 -3.94487 0
    endloop
  endfacet
  facet normal 0 0 -1
    outer loop
      vertex -4 -0.999999 0
      vertex -1.57242 -3.94487 0
      vertex -1.62373 -3.93443 0
    endloop
  endfacet
  facet normal 0 0 -1
    outer loop
      vertex -4 -0.999999 0
      vertex -1.62373 -3.93443 0
      vertex -1.67485 -3.9231 0
    endloop
  endfacet
  facet normal 0 0 -1
    outer loop
      vertex -4 -0.999999 0
      vertex -1.67485 -3.9231 0
      vertex -1.72575 -3.91087 0
    endloop
  endfacet
  facet normal 0 0 -1
    outer loop
      vertex -4 -0.999999 0
      vertex -1.72575 -3.91087 0
      vertex -1.77644 -3.89777 0
    endloop
  endfacet
  facet normal 0 0 -1
    outer loop
      vertex -4 -0.999999 0
      vertex -1.77644 -3.89777 0
      vertex -1.8269 -3.88377 0
    endloop
  endfacet
  facet normal 0 0 -1
    outer loop
      vertex -4 -0.999999 0
      vertex -1.8269 -3.88377 0
      vertex -1.87711 -3.86891 0
    endloop
  endfacet
  facet normal 0 0 -1
    outer loop
      vertex -4 -0.999999 0
      vertex -1.87711 -3.86891 0
      vertex -1.92705 -3.85316 0
    endloop
  endfacet
  facet normal 0 0 -1
    outer loop
      vertex -4 -0.999999 0
      vertex -1.92705 -3.85316 0
      vertex -1.9767 -3.83655 0
    endloop
  endfacet
  facet normal 0 0 -1
    outer loop
      vertex -4 -0.999999 0
      vertex -1.9767 -3.83655 0
      vertex -2.02605 -3.81908 0
    endloop
  endfacet
  facet normal 0 0 -1
    outer loop
      vertex -4 -0.999999 0
      vertex -2.02605 -3.81908 0
      vertex -2.0751 -3.80073 0
    endloop
  endfacet
  facet normal 0 0 -1
    outer loop
      vertex -4 -0.999999 0
      vertex -2.0751 -3.80073 0
      vertex -2.12381 -3.78154 0
    endloop
  endfacet
  facet normal 0 0 -1
    outer loop
      vertex -4 -0.999999 0
      vertex -2.12381 -3.78154 0
      vertex -2.17218 -3.7615 0
    endloop
  endfacet
  facet normal 0 0 -1
    outer loop
      vertex -4 -0.999999 0
      vertex -2.17218 -3.7615 0
      vertex -2.2202 -3.74063 0
    endloop
  endfacet
  facet normal 0 0 -1
    outer loop
      vertex -4 -0.999999 0
      vertex -2.2202 -3.74063 0
      vertex -2.26785 -3.71892 0
    endloop
  endfacet
  facet normal 0 0 -1
    outer loop
      vertex -4 -0.999999 0
      vertex -2.26785 -3.71892 0
      vertex -2.31511 -3.69638 0
    endloop
  endfacet
  facet normal 0 0 -1
    outer loop
      vertex -4 -0.999999 0
      vertex -2.31511 -3.69638 0
      vertex -2.36197 -3.67302 0
    endloop
  endfacet
  facet normal 0 0 -1
    outer loop
      vertex -4 -0.999999 0
      vertex -2.36197 -3.67302 0
      vertex -2.4084 -3.64883 0
    endloop
  endfacet
  facet normal 0 0 -1
    outer loop
      vertex -4 -0.999999 0
      vertex -2.4084 -3.64883 0
      vertex -2.45442 -3.62386 0
    endloop
  endfacet
  facet normal 0 0 -1
    outer loop
      vertex -4 -0.999999 0
      vertex -2.45442 -3.62386 0
      vertex -2.5 -3.59807 0
    endloop
  endfacet
  facet normal 0 0 -1
    outer loop
      vertex -4 -0.999999 0
      vertex -2.5 -3.59807 0
      vertex -2.5451 -3.57149 0
    endloop
  endfacet
  facet normal 0 0 -1
    outer loop
      vertex -4 -0.999999 0
      vertex -2.5451 -3.57149 0
      vertex -2.58975 -3.54414 0
    endloop
  endfacet
  facet normal 0 0 -1
    outer loop
      vertex -4 -0.999999 0
      vertex -2.58975 -3.54414 0
      vertex -2.63391 -3.51601 0
    endloop
  endfacet
  facet normal 0 0 -1
    outer loop
      vertex -4 -0.999999 0
      vertex -2.63391 -3.51601 0
      vertex -2.67757 -3.48711 0
    endloop
  endfacet
  facet normal 0 0 -1
    outer loop
      vertex -4 -0.999999 0
      vertex -2.67757 -3.48711 0
      vertex -2.72072 -3.45744 0
    endloop
  endfacet
  facet normal 0 0 -1
    outer loop
      vertex -4 -0.999999 0
      vertex -2.72072 -3.45744 0
      vertex -2.76335 -3.42705 0
    endloop
  endfacet
  facet normal 0 0 -1
    outer loop
      vertex -4 -0.999999 0
      vertex -2.76335 -3.42705 0
      vertex -2.80543 -3.3959 0
    endloop
  endfacet
  facet normal 0 0 -1
    outer loop
      vertex -4 -0.999999 0
      vertex -2.80543 -3.3959 0
      vertex -2.84697 -3.36403 0
    endloop
  endfacet
  facet normal 0 0 -1
    outer loop
      vertex -4 -0.999999 0
      vertex -2.84697 -3.36403 0
      vertex -2.88795 -3.33144 0
    endloop
  endfacet
  facet normal 0 0 -1
    outer loop
      vertex -4 -0.999999 0
      vertex -2.88795 -3.33144 0
      vertex -2.92836 -3.29813 0
    endloop
  endfacet
  facet normal 0 0 -1
    outer loop
      vertex -4 -0.999999 0
      vertex -2.92836 -3.29813 0
      vertex -2.96817 -3.26411 0
    endloop
  endfacet
  facet normal 0 0 -1
    outer loop
      vertex -4 -0.999999 0
      vertex -2.96817 -3.26411 0
      vertex -3.00738 -3.22943 0
    endloop
  endfacet
  facet normal 0 0 -1
    outer loop
      vertex -4 -0.999999 0
      vertex -3.00738 -3.22943 0
      vertex -3.04599 -3.19405 0
    endloop
  endfacet
  facet normal 0 0 -1
    outer loop
      vertex -4 -0.999999 0
      vertex -3.04599 -3.19405 0
      vertex -3.08397 -3.158 0
    endloop
  endfacet
  facet normal 0 0 -1
    outer loop
      vertex -4 -0.999999 0
      vertex -3.08397 -3.158 0
      vertex -3.12131 -3.12131 0
    endloop
  endfacet
  facet normal 0 0 -1
    outer loop
      vertex -4 -0.999999 0
      vertex -3.12131 -3.12131 0
      vertex -3.158 -3.08397 0
    endloop
  endfacet
  facet normal 0 0 -1
    outer loop
      vertex -4 -0.999999 0
      vertex -3.158 -3.08397 0
      vertex -3.19405 -3.04599 0
    endloop
  endfacet
  facet normal 0 0 -1
    outer loop
      vertex -4 -0.999999 0
      vertex -3.19405 -3.04599 0
      vertex -3.22943 -3.00738 0
    endloop
  endfacet
  facet normal 0 0 -1
    outer loop
      vertex -4 -0.999999 0
      vertex -3.22943 -3.00738 0
      vertex -3.26411 -2.96817 0
    endloop
  endfacet
  facet normal 0 0 -1
    outer loop
      vertex -4 -0.999999 0
      vertex -3.26411 -2.96817 0
      vertex -3.29813 -2.92836 0
    endloop
  endfacet
  facet normal 0 0 -1
    outer loop
      vertex -4 -0.999999 0
      vertex -3.29813 -2.92836 0
      vertex -3.33144 -2.88795 0
    endloop
  endfacet
  facet normal -0 0 -1
    outer loop
      vertex 3.09899 33.4725 0
      vertex -4 -0.999999 0
      vertex 3.09945 33.4768 0
    endloop
  endfacet
  facet normal 0 0 -1
    outer loop
      vertex -4 153.1 0
      vertex 3.09945 33.4768 0
      vertex -4 -0.999999 0
    endloop
  endfacet
  facet normal 0 0 -1
    outer loop
      vertex -4 -0.999999 0
      vertex -3.33144 -2.88795 0
      vertex -3.36403 -2.84697 0
    endloop
  endfacet
  facet normal 0 0 -1
    outer loop
      vertex -4 -0.999999 0
      vertex -3.36403 -2.84697 0
      vertex -3.3959 -2.80543 0
    endloop
  endfacet
  facet normal 0 0 -1
    outer loop
      vertex -4 -0.999999 0
      vertex -3.3959 -2.80543 0
      vertex -3.42705 -2.76335 0
    endloop
  endfacet
  facet normal 0 0 -1
    outer loop
      vertex -4 -0.999999 0
      vertex -3.42705 -2.76335 0
      vertex -3.45744 -2.72072 0
    endloop
  endfacet
  facet normal 0 0 -1
    outer loop
      vertex -4 -0.999999 0
      vertex -3.45744 -2.72072 0
      vertex -3.48711 -2.67757 0
    endloop
  endfacet
  facet normal 0 0 -1
    outer loop
      vertex -4 -0.999999 0
      vertex -3.48711 -2.67757 0
      vertex -3.51601 -2.63391 0
    endloop
  endfacet
  facet normal 0 0 -1
    outer loop
      vertex -4 -0.999999 0
      vertex -3.51601 -2.63391 0
      vertex -3.54414 -2.58975 0
    endloop
  endfacet
  facet normal 0 0 -1
    outer loop
      vertex -4 -0.999999 0
      vertex -3.54414 -2.58975 0
      vertex -3.57149 -2.5451 0
    endloop
  endfacet
  facet normal 0 0 -1
    outer loop
      vertex -4 -0.999999 0
      vertex -3.57149 -2.5451 0
      vertex -3.59807 -2.5 0
    endloop
  endfacet
  facet normal 0 0 -1
    outer loop
      vertex -4 -0.999999 0
      vertex -3.59807 -2.5 0
      vertex -3.62386 -2.45442 0
    endloop
  endfacet
  facet normal 0 0 -1
    outer loop
      vertex -4 -0.999999 0
      vertex -3.62386 -2.45442 0
      vertex -3.64883 -2.4084 0
    endloop
  endfacet
  facet normal 0 0 -1
    outer loop
      vertex -4 -0.999999 0
      vertex -3.64883 -2.4084 0
      vertex -3.67302 -2.36197 0
    endloop
  endfacet
  facet normal 0 0 -1
    outer loop
      vertex -4 -0.999999 0
      vertex -3.67302 -2.36197 0
      vertex -3.69638 -2.31511 0
    endloop
  endfacet
  facet normal 0 0 -1
    outer loop
      vertex -4 -0.999999 0
      vertex -3.69638 -2.31511 0
      vertex -3.71892 -2.26785 0
    endloop
  endfacet
  facet normal 0 0 -1
    outer loop
      vertex -4 -0.999999 0
      vertex -3.71892 -2.26785 0
      vertex -3.74063 -2.2202 0
    endloop
  endfacet
  facet normal 0 0 -1
    outer loop
      vertex -4 -0.999999 0
      vertex -3.74063 -2.2202 0
      vertex -3.7615 -2.17218 0
    endloop
  endfacet
  facet normal 0 0 -1
    outer loop
      vertex -4 -0.999999 0
      vertex -3.7615 -2.17218 0
      vertex -3.78154 -2.12381 0
    endloop
  endfacet
  facet normal 0 0 -1
    outer loop
      vertex -4 -0.999999 0
      vertex -3.78154 -2.12381 0
      vertex -3.80073 -2.0751 0
    endloop
  endfacet
  facet normal 0 0 -1
    outer loop
      vertex -4 -0.999999 0
      vertex -3.80073 -2.0751 0
      vertex -3.81908 -2.02605 0
    endloop
  endfacet
  facet normal 0 0 -1
    outer loop
      vertex -4 -0.999999 0
      vertex -3.81908 -2.02605 0
      vertex -3.83655 -1.9767 0
    endloop
  endfacet
  facet normal 0 0 -1
    outer loop
      vertex -4 -0.999999 0
      vertex -3.83655 -1.9767 0
      vertex -3.85316 -1.92705 0
    endloop
  endfacet
  facet normal 0 0 -1
    outer loop
      vertex -4 -0.999999 0
      vertex -3.85316 -1.92705 0
      vertex -3.86891 -1.87711 0
    endloop
  endfacet
  facet normal 0 0 -1
    outer loop
      vertex -4 -0.999999 0
      vertex -3.86891 -1.87711 0
      vertex -3.88377 -1.8269 0
    endloop
  endfacet
  facet normal 0 0 -1
    outer loop
      vertex -4 -0.999999 0
      vertex -3.88377 -1.8269 0
      vertex -3.89777 -1.77644 0
    endloop
  endfacet
  facet normal 0 0 -1
    outer loop
      vertex -4 -0.999999 0
      vertex -3.89777 -1.77644 0
      vertex -3.91087 -1.72575 0
    endloop
  endfacet
  facet normal 0 0 -1
    outer loop
      vertex -4 -0.999999 0
      vertex -3.91087 -1.72575 0
      vertex -3.9231 -1.67485 0
    endloop
  endfacet
  facet normal 0 0 -1
    outer loop
      vertex -4 -0.999999 0
      vertex -3.9231 -1.67485 0
      vertex -3.93443 -1.62373 0
    endloop
  endfacet
  facet normal 0 0 -1
    outer loop
      vertex -4 -0.999999 0
      vertex -3.93443 -1.62373 0
      vertex -3.94487 -1.57242 0
    endloop
  endfacet
  facet normal 0 0 -1
    outer loop
      vertex -4 -0.999999 0
      vertex -3.94487 -1.57242 0
      vertex -3.95442 -1.52093 0
    endloop
  endfacet
  facet normal 0 0 -1
    outer loop
      vertex -4 -0.999999 0
      vertex -3.95442 -1.52093 0
      vertex -3.96306 -1.4693 0
    endloop
  endfacet
  facet normal 0 0 -1
    outer loop
      vertex -4 -0.999999 0
      vertex -3.96306 -1.4693 0
      vertex -3.97079 -1.41751 0
    endloop
  endfacet
  facet normal 0 0 -1
    outer loop
      vertex -4 -0.999999 0
      vertex -3.97079 -1.41751 0
      vertex -3.97763 -1.3656 0
    endloop
  endfacet
  facet normal 0 0 -1
    outer loop
      vertex -4 -0.999999 0
      vertex -3.97763 -1.3656 0
      vertex -3.98355 -1.31358 0
    endloop
  endfacet
  facet normal 0 0 -1
    outer loop
      vertex -4 -0.999999 0
      vertex -3.98355 -1.31358 0
      vertex -3.98857 -1.26146 0
    endloop
  endfacet
  facet normal 0 0 -1
    outer loop
      vertex -4 -0.999999 0
      vertex -3.98857 -1.26146 0
      vertex -3.99269 -1.20926 0
    endloop
  endfacet
  facet normal 0 0 -1
    outer loop
      vertex -4 -0.999999 0
      vertex -3.99269 -1.20926 0
      vertex -3.99588 -1.157 0
    endloop
  endfacet
  facet normal 0 0 -1
    outer loop
      vertex -4 -0.999999 0
      vertex -3.99588 -1.157 0
      vertex -3.99817 -1.10469 0
    endloop
  endfacet
  facet normal 0 0 -1
    outer loop
      vertex -4 -0.999999 0
      vertex -3.99817 -1.10469 0
      vertex -3.99954 -1.05235 0
    endloop
  endfacet
  facet normal 0 0 -1
    outer loop
      vertex 3.09945 33.4768 0
      vertex -4 153.1 0
      vertex 3.1002 33.4811 0
    endloop
  endfacet
  facet normal 0 0 -1
    outer loop
      vertex 8.54642 35.4594 0
      vertex -4 153.1 0
      vertex 151.267 153.1 0
    endloop
  endfacet
  facet normal 0 0 -1
    outer loop
      vertex 4.15358 35.4594 0
      vertex -4 153.1 0
      vertex 4.32909 35.6066 0
    endloop
  endfacet
  facet normal 0 0 -1
    outer loop
      vertex 3.98877 35.3002 0
      vertex -4 153.1 0
      vertex 4.15358 35.4594 0
    endloop
  endfacet
  facet normal 0 0 -1
    outer loop
      vertex 3.83838 35.1332 0
      vertex -4 153.1 0
      vertex 3.98877 35.3002 0
    endloop
  endfacet
  facet normal 0 0 -1
    outer loop
      vertex 3.83546 35.13 0
      vertex -4 153.1 0
      vertex 3.83838 35.1332 0
    endloop
  endfacet
  facet normal 0 0 -1
    outer loop
      vertex 3.6944 34.9494 0
      vertex -4 153.1 0
      vertex 3.83546 35.13 0
    endloop
  endfacet
  facet normal 0 0 -1
    outer loop
      vertex 3.69196 34.9458 0
      vertex -4 153.1 0
      vertex 3.6944 34.9494 0
    endloop
  endfacet
  facet normal 0 0 -1
    outer loop
      vertex 3.56628 34.7595 0
      vertex -4 153.1 0
      vertex 3.69196 34.9458 0
    endloop
  endfacet
  facet normal 0 0 -1
    outer loop
      vertex 3.45391 34.5648 0
      vertex -4 153.1 0
      vertex 3.56628 34.7595 0
    endloop
  endfacet
  facet normal 0 0 -1
    outer loop
      vertex 3.45172 34.561 0
      vertex -4 153.1 0
      vertex 3.45391 34.5648 0
    endloop
  endfacet
  facet normal 0 0 -1
    outer loop
      vertex 3.35129 34.3551 0
      vertex -4 153.1 0
      vertex 3.45172 34.561 0
    endloop
  endfacet
  facet normal 0 0 -1
    outer loop
      vertex 3.26546 34.1427 0
      vertex -4 153.1 0
      vertex 3.35129 34.3551 0
    endloop
  endfacet
  facet normal 0 0 -1
    outer loop
      vertex 3.19466 33.9248 0
      vertex -4 153.1 0
      vertex 3.26546 34.1427 0
    endloop
  endfacet
  facet normal 0 0 -1
    outer loop
      vertex 3.1936 33.9205 0
      vertex -4 153.1 0
      vertex 3.19466 33.9248 0
    endloop
  endfacet
  facet normal 0 0 -1
    outer loop
      vertex 3.13923 33.7025 0
      vertex -4 153.1 0
      vertex 3.1936 33.9205 0
    endloop
  endfacet
  facet normal 0 0 -1
    outer loop
      vertex 3.1002 33.4811 0
      vertex -4 153.1 0
      vertex 3.13923 33.7025 0
    endloop
  endfacet
  facet normal 0 -1 0
    outer loop
      vertex -1 -4 10.75
      vertex 147.267 -4 3.01
      vertex 147.267 -4 10.75
    endloop
  endfacet
  facet normal 0 -1 0
    outer loop
      vertex -1 -4 0
      vertex 147.267 -4 3.01
      vertex -1 -4 10.75
    endloop
  endfacet
  facet normal 0 -1 0
    outer loop
      vertex 151.267 -4 0
      vertex 147.267 -4 3.01
      vertex -1 -4 0
    endloop
  endfacet
  facet normal 0 -1 0
    outer loop
      vertex 147.267 -4 3.01
      vertex 151.267 -4 0
      vertex 151.267 -4 3.01
    endloop
  endfacet
  facet normal 0 1 -0
    outer loop
      vertex 147.267 -0.999999 3
      vertex -1 -0.999999 10.75
      vertex 147.267 -0.999999 10.75
    endloop
  endfacet
  facet normal 0 1 0
    outer loop
      vertex -1 -0.999999 10.75
      vertex 147.267 -0.999999 3
      vertex -1 -0.999999 3
    endloop
  endfacet
  facet normal 1 0 0
    outer loop
      vertex -1 5.5 10.75
      vertex -1 149.1 15
      vertex -1 5.5 15
    endloop
  endfacet
  facet normal 1 0 0
    outer loop
      vertex -1 149.1 15
      vertex -1 5.5 10.75
      vertex -1 149.1 3
    endloop
  endfacet
  facet normal 1 0 0
    outer loop
      vertex -1 -0.999999 3
      vertex -1 5.5 10.75
      vertex -1 -0.999999 10.75
    endloop
  endfacet
  facet normal 1 0 0
    outer loop
      vertex -1 5.5 10.75
      vertex -1 -0.999999 3
      vertex -1 149.1 3
    endloop
  endfacet
  facet normal -0 0 1
    outer loop
      vertex 10.9177 35.0537 3
      vertex 147.267 -0.999999 3
      vertex 147.267 149.1 3
    endloop
  endfacet
  facet normal 0 0 1
    outer loop
      vertex 147.267 -0.999999 3
      vertex 11.3378 33.3688 3
      vertex 11.35 33.02 3
    endloop
  endfacet
  facet normal 0 0 1
    outer loop
      vertex 147.267 -0.999999 3
      vertex 11.3013 33.7159 3
      vertex 11.3378 33.3688 3
    endloop
  endfacet
  facet normal 0 0 1
    outer loop
      vertex 147.267 -0.999999 3
      vertex 11.2407 34.0596 3
      vertex 11.3013 33.7159 3
    endloop
  endfacet
  facet normal 0 0 1
    outer loop
      vertex 147.267 -0.999999 3
      vertex 11.1563 34.3982 3
      vertex 11.2407 34.0596 3
    endloop
  endfacet
  facet normal 0 0 1
    outer loop
      vertex 147.267 -0.999999 3
      vertex 11.0485 34.7301 3
      vertex 11.1563 34.3982 3
    endloop
  endfacet
  facet normal 0 0 1
    outer loop
      vertex 147.267 -0.999999 3
      vertex 10.9177 35.0537 3
      vertex 11.0485 34.7301 3
    endloop
  endfacet
  facet normal 0 0 1
    outer loop
      vertex 147.267 149.1 3
      vertex 10.7647 35.3674 3
      vertex 10.9177 35.0537 3
    endloop
  endfacet
  facet normal 0 0 1
    outer loop
      vertex 147.267 149.1 3
      vertex 10.5902 35.6696 3
      vertex 10.7647 35.3674 3
    endloop
  endfacet
  facet normal 0 0 1
    outer loop
      vertex 147.267 149.1 3
      vertex 10.3951 35.9589 3
      vertex 10.5902 35.6696 3
    endloop
  endfacet
  facet normal 0 0 1
    outer loop
      vertex 147.267 149.1 3
      vertex 10.1802 36.2339 3
      vertex 10.3951 35.9589 3
    endloop
  endfacet
  facet normal 0 0 1
    outer loop
      vertex 147.267 149.1 3
      vertex 9.9467 36.4933 3
      vertex 10.1802 36.2339 3
    endloop
  endfacet
  facet normal -0 0 1
    outer loop
      vertex -1 149.1 3
      vertex 9.9467 36.4933 3
      vertex 147.267 149.1 3
    endloop
  endfacet
  facet normal 0 0 1
    outer loop
      vertex 9.9467 36.4933 3
      vertex -1 149.1 3
      vertex 9.69565 36.7357 3
    endloop
  endfacet
  facet normal 0 0 1
    outer loop
      vertex 9.69565 36.7357 3
      vertex -1 149.1 3
      vertex 9.42831 36.9601 3
    endloop
  endfacet
  facet normal 0 0 1
    outer loop
      vertex 9.42831 36.9601 3
      vertex -1 149.1 3
      vertex 9.14596 37.1652 3
    endloop
  endfacet
  facet normal 0 0 1
    outer loop
      vertex 9.14596 37.1652 3
      vertex -1 149.1 3
      vertex 8.85 37.3501 3
    endloop
  endfacet
  facet normal 0 0 1
    outer loop
      vertex 8.85 37.3501 3
      vertex -1 149.1 3
      vertex 8.54186 37.514 3
    endloop
  endfacet
  facet normal 0 0 1
    outer loop
      vertex 8.54186 37.514 3
      vertex -1 149.1 3
      vertex 8.22303 37.6559 3
    endloop
  endfacet
  facet normal 0 0 1
    outer loop
      vertex 8.22303 37.6559 3
      vertex -1 149.1 3
      vertex 7.89508 37.7753 3
    endloop
  endfacet
  facet normal 0 0 1
    outer loop
      vertex 7.89508 37.7753 3
      vertex -1 149.1 3
      vertex 7.55961 37.8715 3
    endloop
  endfacet
  facet normal 0 0 1
    outer loop
      vertex 7.55961 37.8715 3
      vertex -1 149.1 3
      vertex 7.21824 37.944 3
    endloop
  endfacet
  facet normal 0 0 1
    outer loop
      vertex 7.21824 37.944 3
      vertex -1 149.1 3
      vertex 6.87264 37.9926 3
    endloop
  endfacet
  facet normal 0 0 1
    outer loop
      vertex 6.87264 37.9926 3
      vertex -1 149.1 3
      vertex 6.5245 38.017 3
    endloop
  endfacet
  facet normal 0 0 1
    outer loop
      vertex 6.5245 38.017 3
      vertex -1 149.1 3
      vertex 6.1755 38.017 3
    endloop
  endfacet
  facet normal 0 0 1
    outer loop
      vertex 6.1755 38.017 3
      vertex -1 149.1 3
      vertex 5.82736 37.9926 3
    endloop
  endfacet
  facet normal 0 0 1
    outer loop
      vertex 5.82736 37.9926 3
      vertex -1 149.1 3
      vertex 5.48176 37.944 3
    endloop
  endfacet
  facet normal 0 0 1
    outer loop
      vertex 5.48176 37.944 3
      vertex -1 149.1 3
      vertex 5.14039 37.8715 3
    endloop
  endfacet
  facet normal 0 0 1
    outer loop
      vertex 5.14039 37.8715 3
      vertex -1 149.1 3
      vertex 4.80491 37.7753 3
    endloop
  endfacet
  facet normal 0 0 1
    outer loop
      vertex 4.80491 37.7753 3
      vertex -1 149.1 3
      vertex 4.47697 37.6559 3
    endloop
  endfacet
  facet normal 0 0 1
    outer loop
      vertex 4.47697 37.6559 3
      vertex -1 149.1 3
      vertex 4.15814 37.514 3
    endloop
  endfacet
  facet normal 0 0 1
    outer loop
      vertex 4.15814 37.514 3
      vertex -1 149.1 3
      vertex 3.85 37.3501 3
    endloop
  endfacet
  facet normal 0 0 1
    outer loop
      vertex 3.85 37.3501 3
      vertex -1 149.1 3
      vertex 3.55404 37.1652 3
    endloop
  endfacet
  facet normal 0 0 1
    outer loop
      vertex -1 -0.999999 3
      vertex 1.36218 33.3688 3
      vertex -1 149.1 3
    endloop
  endfacet
  facet normal 0 0 1
    outer loop
      vertex 1.39866 33.7159 3
      vertex -1 149.1 3
      vertex 1.36218 33.3688 3
    endloop
  endfacet
  facet normal 0 0 1
    outer loop
      vertex 1.45926 34.0596 3
      vertex -1 149.1 3
      vertex 1.39866 33.7159 3
    endloop
  endfacet
  facet normal 0 0 1
    outer loop
      vertex 1.54369 34.3982 3
      vertex -1 149.1 3
      vertex 1.45926 34.0596 3
    endloop
  endfacet
  facet normal 0 0 1
    outer loop
      vertex 1.65154 34.7301 3
      vertex -1 149.1 3
      vertex 1.54369 34.3982 3
    endloop
  endfacet
  facet normal 0 0 1
    outer loop
      vertex 1.78227 35.0537 3
      vertex -1 149.1 3
      vertex 1.65154 34.7301 3
    endloop
  endfacet
  facet normal 0 0 1
    outer loop
      vertex 1.93526 35.3674 3
      vertex -1 149.1 3
      vertex 1.78227 35.0537 3
    endloop
  endfacet
  facet normal 0 0 1
    outer loop
      vertex 2.10976 35.6696 3
      vertex -1 149.1 3
      vertex 1.93526 35.3674 3
    endloop
  endfacet
  facet normal 0 0 1
    outer loop
      vertex 2.30491 35.9589 3
      vertex -1 149.1 3
      vertex 2.10976 35.6696 3
    endloop
  endfacet
  facet normal 0 0 1
    outer loop
      vertex 2.51978 36.2339 3
      vertex -1 149.1 3
      vertex 2.30491 35.9589 3
    endloop
  endfacet
  facet normal 0 0 1
    outer loop
      vertex 2.7533 36.4933 3
      vertex -1 149.1 3
      vertex 2.51978 36.2339 3
    endloop
  endfacet
  facet normal 0 0 1
    outer loop
      vertex 3.00435 36.7357 3
      vertex -1 149.1 3
      vertex 2.7533 36.4933 3
    endloop
  endfacet
  facet normal 0 0 1
    outer loop
      vertex 3.27169 36.9601 3
      vertex -1 149.1 3
      vertex 3.00435 36.7357 3
    endloop
  endfacet
  facet normal 0 0 1
    outer loop
      vertex 3.55404 37.1652 3
      vertex -1 149.1 3
      vertex 3.27169 36.9601 3
    endloop
  endfacet
  facet normal -0 0 1
    outer loop
      vertex 11.3378 32.6712 3
      vertex 147.267 -0.999999 3
      vertex 11.35 33.02 3
    endloop
  endfacet
  facet normal -0 0 1
    outer loop
      vertex 11.3013 32.3241 3
      vertex 147.267 -0.999999 3
      vertex 11.3378 32.6712 3
    endloop
  endfacet
  facet normal -0 0 1
    outer loop
      vertex 11.2407 31.9804 3
      vertex 147.267 -0.999999 3
      vertex 11.3013 32.3241 3
    endloop
  endfacet
  facet normal -0 0 1
    outer loop
      vertex 11.1563 31.6418 3
      vertex 147.267 -0.999999 3
      vertex 11.2407 31.9804 3
    endloop
  endfacet
  facet normal -0 0 1
    outer loop
      vertex 11.0485 31.3099 3
      vertex 147.267 -0.999999 3
      vertex 11.1563 31.6418 3
    endloop
  endfacet
  facet normal -0 0 1
    outer loop
      vertex 10.9177 30.9863 3
      vertex 147.267 -0.999999 3
      vertex 11.0485 31.3099 3
    endloop
  endfacet
  facet normal -0 0 1
    outer loop
      vertex 10.7647 30.6726 3
      vertex 147.267 -0.999999 3
      vertex 10.9177 30.9863 3
    endloop
  endfacet
  facet normal -0 0 1
    outer loop
      vertex 10.5902 30.3704 3
      vertex 147.267 -0.999999 3
      vertex 10.7647 30.6726 3
    endloop
  endfacet
  facet normal 0 0 1
    outer loop
      vertex -1 -0.999999 3
      vertex 10.5902 30.3704 3
      vertex 10.3951 30.0811 3
    endloop
  endfacet
  facet normal 0 0 1
    outer loop
      vertex -1 -0.999999 3
      vertex 10.3951 30.0811 3
      vertex 10.1802 29.8061 3
    endloop
  endfacet
  facet normal 0 0 1
    outer loop
      vertex -1 -0.999999 3
      vertex 10.1802 29.8061 3
      vertex 9.9467 29.5467 3
    endloop
  endfacet
  facet normal 0 0 1
    outer loop
      vertex -1 -0.999999 3
      vertex 9.9467 29.5467 3
      vertex 9.69565 29.3043 3
    endloop
  endfacet
  facet normal 0 0 1
    outer loop
      vertex -1 -0.999999 3
      vertex 9.69565 29.3043 3
      vertex 9.42831 29.0799 3
    endloop
  endfacet
  facet normal 0 0 1
    outer loop
      vertex -1 -0.999999 3
      vertex 9.42831 29.0799 3
      vertex 9.14596 28.8748 3
    endloop
  endfacet
  facet normal 0 0 1
    outer loop
      vertex -1 -0.999999 3
      vertex 9.14596 28.8748 3
      vertex 8.85 28.6899 3
    endloop
  endfacet
  facet normal 0 0 1
    outer loop
      vertex -1 -0.999999 3
      vertex 8.85 28.6899 3
      vertex 8.54186 28.526 3
    endloop
  endfacet
  facet normal 0 0 1
    outer loop
      vertex -1 -0.999999 3
      vertex 8.54186 28.526 3
      vertex 8.22303 28.3841 3
    endloop
  endfacet
  facet normal 0 0 1
    outer loop
      vertex -1 -0.999999 3
      vertex 8.22303 28.3841 3
      vertex 7.89508 28.2647 3
    endloop
  endfacet
  facet normal 0 0 1
    outer loop
      vertex -1 -0.999999 3
      vertex 7.89508 28.2647 3
      vertex 7.55961 28.1685 3
    endloop
  endfacet
  facet normal 0 0 1
    outer loop
      vertex -1 -0.999999 3
      vertex 7.55961 28.1685 3
      vertex 7.21824 28.096 3
    endloop
  endfacet
  facet normal 0 0 1
    outer loop
      vertex -1 -0.999999 3
      vertex 7.21824 28.096 3
      vertex 6.87264 28.0474 3
    endloop
  endfacet
  facet normal 0 0 1
    outer loop
      vertex -1 -0.999999 3
      vertex 6.87264 28.0474 3
      vertex 6.5245 28.023 3
    endloop
  endfacet
  facet normal 0 0 1
    outer loop
      vertex -1 -0.999999 3
      vertex 6.5245 28.023 3
      vertex 6.1755 28.023 3
    endloop
  endfacet
  facet normal 0 0 1
    outer loop
      vertex -1 -0.999999 3
      vertex 6.1755 28.023 3
      vertex 5.82736 28.0474 3
    endloop
  endfacet
  facet normal 0 0 1
    outer loop
      vertex -1 -0.999999 3
      vertex 5.82736 28.0474 3
      vertex 5.48176 28.096 3
    endloop
  endfacet
  facet normal 0 0 1
    outer loop
      vertex 10.5902 30.3704 3
      vertex -1 -0.999999 3
      vertex 147.267 -0.999999 3
    endloop
  endfacet
  facet normal 0 0 1
    outer loop
      vertex 5.14039 28.1685 3
      vertex -1 -0.999999 3
      vertex 5.48176 28.096 3
    endloop
  endfacet
  facet normal 0 0 1
    outer loop
      vertex 4.80491 28.2647 3
      vertex -1 -0.999999 3
      vertex 5.14039 28.1685 3
    endloop
  endfacet
  facet normal 0 0 1
    outer loop
      vertex 4.47697 28.3841 3
      vertex -1 -0.999999 3
      vertex 4.80491 28.2647 3
    endloop
  endfacet
  facet normal 0 0 1
    outer loop
      vertex 4.15814 28.526 3
      vertex -1 -0.999999 3
      vertex 4.47697 28.3841 3
    endloop
  endfacet
  facet normal 0 0 1
    outer loop
      vertex 3.85 28.6899 3
      vertex -1 -0.999999 3
      vertex 4.15814 28.526 3
    endloop
  endfacet
  facet normal 0 0 1
    outer loop
      vertex 3.55404 28.8748 3
      vertex -1 -0.999999 3
      vertex 3.85 28.6899 3
    endloop
  endfacet
  facet normal 0 0 1
    outer loop
      vertex 3.27169 29.0799 3
      vertex -1 -0.999999 3
      vertex 3.55404 28.8748 3
    endloop
  endfacet
  facet normal 0 0 1
    outer loop
      vertex 3.00435 29.3043 3
      vertex -1 -0.999999 3
      vertex 3.27169 29.0799 3
    endloop
  endfacet
  facet normal 0 0 1
    outer loop
      vertex 2.7533 29.5467 3
      vertex -1 -0.999999 3
      vertex 3.00435 29.3043 3
    endloop
  endfacet
  facet normal 0 0 1
    outer loop
      vertex 2.51978 29.8061 3
      vertex -1 -0.999999 3
      vertex 2.7533 29.5467 3
    endloop
  endfacet
  facet normal 0 0 1
    outer loop
      vertex 2.30491 30.0811 3
      vertex -1 -0.999999 3
      vertex 2.51978 29.8061 3
    endloop
  endfacet
  facet normal 0 0 1
    outer loop
      vertex 2.10976 30.3704 3
      vertex -1 -0.999999 3
      vertex 2.30491 30.0811 3
    endloop
  endfacet
  facet normal 0 0 1
    outer loop
      vertex 1.93526 30.6726 3
      vertex -1 -0.999999 3
      vertex 2.10976 30.3704 3
    endloop
  endfacet
  facet normal 0 0 1
    outer loop
      vertex 1.78227 30.9863 3
      vertex -1 -0.999999 3
      vertex 1.93526 30.6726 3
    endloop
  endfacet
  facet normal 0 0 1
    outer loop
      vertex 1.65154 31.3099 3
      vertex -1 -0.999999 3
      vertex 1.78227 30.9863 3
    endloop
  endfacet
  facet normal 0 0 1
    outer loop
      vertex 1.54369 31.6418 3
      vertex -1 -0.999999 3
      vertex 1.65154 31.3099 3
    endloop
  endfacet
  facet normal 0 0 1
    outer loop
      vertex 1.45926 31.9804 3
      vertex -1 -0.999999 3
      vertex 1.54369 31.6418 3
    endloop
  endfacet
  facet normal 0 0 1
    outer loop
      vertex 1.39866 32.3241 3
      vertex -1 -0.999999 3
      vertex 1.45926 31.9804 3
    endloop
  endfacet
  facet normal 0 0 1
    outer loop
      vertex 1.36218 32.6712 3
      vertex -1 -0.999999 3
      vertex 1.39866 32.3241 3
    endloop
  endfacet
  facet normal 0 0 1
    outer loop
      vertex 1.35 33.02 3
      vertex -1 -0.999999 3
      vertex 1.36218 32.6712 3
    endloop
  endfacet
  facet normal 0 0 1
    outer loop
      vertex 1.36218 33.3688 3
      vertex -1 -0.999999 3
      vertex 1.35 33.02 3
    endloop
  endfacet
  facet normal 1 -0 0
    outer loop
      vertex -2.62 -3.52487 15
      vertex -2.62 5.5 10.75
      vertex -2.62 5.5 15
    endloop
  endfacet
  facet normal 1 0 0
    outer loop
      vertex -2.62 5.5 10.75
      vertex -2.62 -3.52487 15
      vertex -2.62 -3.52487 10.75
    endloop
  endfacet
  facet normal -0 0 1
    outer loop
      vertex -2.62 5.5 10.75
      vertex -1 -0.999999 10.75
      vertex -1 5.5 10.75
    endloop
  endfacet
  facet normal 0 0 1
    outer loop
      vertex -1 -0.999999 10.75
      vertex -1.05235 -3.99954 10.75
      vertex -1 -4 10.75
    endloop
  endfacet
  facet normal 0 0 1
    outer loop
      vertex -1 -0.999999 10.75
      vertex -1.10469 -3.99817 10.75
      vertex -1.05235 -3.99954 10.75
    endloop
  endfacet
  facet normal 0 0 1
    outer loop
      vertex -1 -0.999999 10.75
      vertex -1.157 -3.99588 10.75
      vertex -1.10469 -3.99817 10.75
    endloop
  endfacet
  facet normal 0 0 1
    outer loop
      vertex -1 -0.999999 10.75
      vertex -1.20926 -3.99269 10.75
      vertex -1.157 -3.99588 10.75
    endloop
  endfacet
  facet normal 0 0 1
    outer loop
      vertex -1 -0.999999 10.75
      vertex -1.26146 -3.98857 10.75
      vertex -1.20926 -3.99269 10.75
    endloop
  endfacet
  facet normal 0 0 1
    outer loop
      vertex -1 -0.999999 10.75
      vertex -1.31358 -3.98355 10.75
      vertex -1.26146 -3.98857 10.75
    endloop
  endfacet
  facet normal 0 0 1
    outer loop
      vertex -1 -0.999999 10.75
      vertex -1.3656 -3.97763 10.75
      vertex -1.31358 -3.98355 10.75
    endloop
  endfacet
  facet normal 0 0 1
    outer loop
      vertex -1 -0.999999 10.75
      vertex -1.41751 -3.97079 10.75
      vertex -1.3656 -3.97763 10.75
    endloop
  endfacet
  facet normal 0 0 1
    outer loop
      vertex -1 -0.999999 10.75
      vertex -1.4693 -3.96306 10.75
      vertex -1.41751 -3.97079 10.75
    endloop
  endfacet
  facet normal 0 0 1
    outer loop
      vertex -1 -0.999999 10.75
      vertex -1.52093 -3.95442 10.75
      vertex -1.4693 -3.96306 10.75
    endloop
  endfacet
  facet normal 0 0 1
    outer loop
      vertex -1 -0.999999 10.75
      vertex -1.57242 -3.94487 10.75
      vertex -1.52093 -3.95442 10.75
    endloop
  endfacet
  facet normal 0 0 1
    outer loop
      vertex -1 -0.999999 10.75
      vertex -1.62373 -3.93443 10.75
      vertex -1.57242 -3.94487 10.75
    endloop
  endfacet
  facet normal 0 0 1
    outer loop
      vertex -1 -0.999999 10.75
      vertex -1.67485 -3.9231 10.75
      vertex -1.62373 -3.93443 10.75
    endloop
  endfacet
  facet normal 0 0 1
    outer loop
      vertex -1 -0.999999 10.75
      vertex -1.72575 -3.91087 10.75
      vertex -1.67485 -3.9231 10.75
    endloop
  endfacet
  facet normal 0 0 1
    outer loop
      vertex -1 -0.999999 10.75
      vertex -1.77644 -3.89777 10.75
      vertex -1.72575 -3.91087 10.75
    endloop
  endfacet
  facet normal 0 0 1
    outer loop
      vertex -1 -0.999999 10.75
      vertex -1.8269 -3.88377 10.75
      vertex -1.77644 -3.89777 10.75
    endloop
  endfacet
  facet normal 0 0 1
    outer loop
      vertex -1 -0.999999 10.75
      vertex -1.87711 -3.86891 10.75
      vertex -1.8269 -3.88377 10.75
    endloop
  endfacet
  facet normal 0 0 1
    outer loop
      vertex -1 -0.999999 10.75
      vertex -1.92705 -3.85316 10.75
      vertex -1.87711 -3.86891 10.75
    endloop
  endfacet
  facet normal 0 0 1
    outer loop
      vertex -1 -0.999999 10.75
      vertex -1.9767 -3.83655 10.75
      vertex -1.92705 -3.85316 10.75
    endloop
  endfacet
  facet normal 0 0 1
    outer loop
      vertex -1 -0.999999 10.75
      vertex -2.02605 -3.81908 10.75
      vertex -1.9767 -3.83655 10.75
    endloop
  endfacet
  facet normal 0 0 1
    outer loop
      vertex -1 -0.999999 10.75
      vertex -2.0751 -3.80073 10.75
      vertex -2.02605 -3.81908 10.75
    endloop
  endfacet
  facet normal 0 0 1
    outer loop
      vertex -1 -0.999999 10.75
      vertex -2.12381 -3.78154 10.75
      vertex -2.0751 -3.80073 10.75
    endloop
  endfacet
  facet normal 0 0 1
    outer loop
      vertex -1 -0.999999 10.75
      vertex -2.17218 -3.7615 10.75
      vertex -2.12381 -3.78154 10.75
    endloop
  endfacet
  facet normal 0 0 1
    outer loop
      vertex -1 -0.999999 10.75
      vertex -2.2202 -3.74063 10.75
      vertex -2.17218 -3.7615 10.75
    endloop
  endfacet
  facet normal 0 0 1
    outer loop
      vertex -1 -0.999999 10.75
      vertex -2.26785 -3.71892 10.75
      vertex -2.2202 -3.74063 10.75
    endloop
  endfacet
  facet normal 0 0 1
    outer loop
      vertex -1 -0.999999 10.75
      vertex -2.31511 -3.69638 10.75
      vertex -2.26785 -3.71892 10.75
    endloop
  endfacet
  facet normal 0 0 1
    outer loop
      vertex -1 -0.999999 10.75
      vertex -2.36197 -3.67302 10.75
      vertex -2.31511 -3.69638 10.75
    endloop
  endfacet
  facet normal 0 0 1
    outer loop
      vertex -1 -0.999999 10.75
      vertex -2.4084 -3.64883 10.75
      vertex -2.36197 -3.67302 10.75
    endloop
  endfacet
  facet normal 0 0 1
    outer loop
      vertex -1 -0.999999 10.75
      vertex -2.45442 -3.62386 10.75
      vertex -2.4084 -3.64883 10.75
    endloop
  endfacet
  facet normal 0 0 1
    outer loop
      vertex -1 -0.999999 10.75
      vertex -2.5 -3.59807 10.75
      vertex -2.45442 -3.62386 10.75
    endloop
  endfacet
  facet normal 0 0 1
    outer loop
      vertex -1 -0.999999 10.75
      vertex -2.5451 -3.57149 10.75
      vertex -2.5 -3.59807 10.75
    endloop
  endfacet
  facet normal 0 0 1
    outer loop
      vertex -1 -0.999999 10.75
      vertex -2.58975 -3.54414 10.75
      vertex -2.5451 -3.57149 10.75
    endloop
  endfacet
  facet normal 0 0 1
    outer loop
      vertex -1 -0.999999 10.75
      vertex -2.62 5.5 10.75
      vertex -2.62 -3.52487 10.75
    endloop
  endfacet
  facet normal 0 0 1
    outer loop
      vertex -1 -0.999999 10.75
      vertex -2.62 -3.52487 10.75
      vertex -2.58975 -3.54414 10.75
    endloop
  endfacet
  facet normal -0 0 1
    outer loop
      vertex -1 -0.999999 10.75
      vertex 147.267 -4 10.75
      vertex 147.267 -0.999999 10.75
    endloop
  endfacet
  facet normal 0 0 1
    outer loop
      vertex 147.267 -4 10.75
      vertex -1 -0.999999 10.75
      vertex -1 -4 10.75
    endloop
  endfacet
  facet normal 0 -1 0
    outer loop
      vertex -2.62 5.5 10.75
      vertex -1 5.5 15
      vertex -2.62 5.5 15
    endloop
  endfacet
  facet normal 0 -1 -0
    outer loop
      vertex -1 5.5 15
      vertex -2.62 5.5 10.75
      vertex -1 5.5 10.75
    endloop
  endfacet
  facet normal 0.49998 0.866037 -0
    outer loop
      vertex 8.85 34.4634 4
      vertex 6.35 35.9067 13
      vertex 8.85 34.4634 13
    endloop
  endfacet
  facet normal 0.49998 0.866037 0
    outer loop
      vertex 6.35 35.9067 13
      vertex 8.85 34.4634 4
      vertex 6.35 35.9067 4
    endloop
  endfacet
  facet normal -1 0 0
    outer loop
      vertex 3.85 31.5766 4
      vertex 3.85 34.4634 13
      vertex 3.85 34.4634 4
    endloop
  endfacet
  facet normal -1 -0 0
    outer loop
      vertex 3.85 34.4634 13
      vertex 3.85 31.5766 4
      vertex 3.85 31.5766 13
    endloop
  endfacet
  facet normal -0.49998 0.866037 0
    outer loop
      vertex 6.35 35.9067 4
      vertex 3.85 34.4634 13
      vertex 6.35 35.9067 13
    endloop
  endfacet
  facet normal -0.49998 0.866037 0
    outer loop
      vertex 3.85 34.4634 13
      vertex 6.35 35.9067 4
      vertex 3.85 34.4634 4
    endloop
  endfacet
  facet normal 0 0 1
    outer loop
      vertex 8.85 34.4634 13
      vertex 7.85 33.02 13
      vertex 8.85 31.5766 13
    endloop
  endfacet
  facet normal 0 0 1
    outer loop
      vertex 8.85 34.4634 13
      vertex 7.84635 33.1246 13
      vertex 7.85 33.02 13
    endloop
  endfacet
  facet normal 0 0 1
    outer loop
      vertex 8.85 34.4634 13
      vertex 7.8354 33.2288 13
      vertex 7.84635 33.1246 13
    endloop
  endfacet
  facet normal 0 0 1
    outer loop
      vertex 8.85 34.4634 13
      vertex 7.81722 33.3319 13
      vertex 7.8354 33.2288 13
    endloop
  endfacet
  facet normal 0 0 1
    outer loop
      vertex 8.85 34.4634 13
      vertex 7.79189 33.4335 13
      vertex 7.81722 33.3319 13
    endloop
  endfacet
  facet normal 0 0 1
    outer loop
      vertex 8.85 34.4634 13
      vertex 7.75954 33.533 13
      vertex 7.79189 33.4335 13
    endloop
  endfacet
  facet normal 0 0 1
    outer loop
      vertex 8.85 34.4634 13
      vertex 7.72032 33.6301 13
      vertex 7.75954 33.533 13
    endloop
  endfacet
  facet normal 0 0 1
    outer loop
      vertex 8.85 34.4634 13
      vertex 7.67442 33.7242 13
      vertex 7.72032 33.6301 13
    endloop
  endfacet
  facet normal 0 0 1
    outer loop
      vertex 8.85 34.4634 13
      vertex 7.62207 33.8149 13
      vertex 7.67442 33.7242 13
    endloop
  endfacet
  facet normal 0 0 1
    outer loop
      vertex 8.85 34.4634 13
      vertex 7.56352 33.9017 13
      vertex 7.62207 33.8149 13
    endloop
  endfacet
  facet normal 0 0 1
    outer loop
      vertex 8.85 34.4634 13
      vertex 7.49907 33.9842 13
      vertex 7.56352 33.9017 13
    endloop
  endfacet
  facet normal 0 0 1
    outer loop
      vertex 8.85 34.4634 13
      vertex 7.42901 34.062 13
      vertex 7.49907 33.9842 13
    endloop
  endfacet
  facet normal 0 0 1
    outer loop
      vertex 8.85 34.4634 13
      vertex 7.3537 34.1347 13
      vertex 7.42901 34.062 13
    endloop
  endfacet
  facet normal 0 0 1
    outer loop
      vertex 8.85 34.4634 13
      vertex 7.27349 34.202 13
      vertex 7.3537 34.1347 13
    endloop
  endfacet
  facet normal 0 0 1
    outer loop
      vertex 8.85 34.4634 13
      vertex 7.18879 34.2636 13
      vertex 7.27349 34.202 13
    endloop
  endfacet
  facet normal 0 0 1
    outer loop
      vertex 8.85 34.4634 13
      vertex 7.1 34.319 13
      vertex 7.18879 34.2636 13
    endloop
  endfacet
  facet normal 0 0 1
    outer loop
      vertex 6.35 35.9067 13
      vertex 7.1 34.319 13
      vertex 8.85 34.4634 13
    endloop
  endfacet
  facet normal 0 0 1
    outer loop
      vertex 7.1 34.319 13
      vertex 6.35 35.9067 13
      vertex 7.00756 34.3682 13
    endloop
  endfacet
  facet normal 0 0 1
    outer loop
      vertex 7.00756 34.3682 13
      vertex 6.35 35.9067 13
      vertex 6.91191 34.4108 13
    endloop
  endfacet
  facet normal 0 0 1
    outer loop
      vertex 6.91191 34.4108 13
      vertex 6.35 35.9067 13
      vertex 6.81352 34.4466 13
    endloop
  endfacet
  facet normal 0 0 1
    outer loop
      vertex 6.81352 34.4466 13
      vertex 6.35 35.9067 13
      vertex 6.71288 34.4754 13
    endloop
  endfacet
  facet normal 0 0 1
    outer loop
      vertex 6.71288 34.4754 13
      vertex 6.35 35.9067 13
      vertex 6.61047 34.4972 13
    endloop
  endfacet
  facet normal 0 0 1
    outer loop
      vertex 6.61047 34.4972 13
      vertex 6.35 35.9067 13
      vertex 6.50679 34.5118 13
    endloop
  endfacet
  facet normal 0 0 1
    outer loop
      vertex 6.50679 34.5118 13
      vertex 6.35 35.9067 13
      vertex 6.40235 34.5191 13
    endloop
  endfacet
  facet normal 0 0 1
    outer loop
      vertex 6.35 35.9067 13
      vertex 6.29765 34.5191 13
      vertex 6.40235 34.5191 13
    endloop
  endfacet
  facet normal 0 0 1
    outer loop
      vertex 6.35 35.9067 13
      vertex 6.19321 34.5118 13
      vertex 6.29765 34.5191 13
    endloop
  endfacet
  facet normal 0 0 1
    outer loop
      vertex 6.35 35.9067 13
      vertex 6.08953 34.4972 13
      vertex 6.19321 34.5118 13
    endloop
  endfacet
  facet normal 0 0 1
    outer loop
      vertex 6.35 35.9067 13
      vertex 5.98712 34.4754 13
      vertex 6.08953 34.4972 13
    endloop
  endfacet
  facet normal 0 0 1
    outer loop
      vertex 6.35 35.9067 13
      vertex 5.88648 34.4466 13
      vertex 5.98712 34.4754 13
    endloop
  endfacet
  facet normal 0 0 1
    outer loop
      vertex 6.35 35.9067 13
      vertex 5.78809 34.4108 13
      vertex 5.88648 34.4466 13
    endloop
  endfacet
  facet normal 0 0 1
    outer loop
      vertex 6.35 35.9067 13
      vertex 5.69244 34.3682 13
      vertex 5.78809 34.4108 13
    endloop
  endfacet
  facet normal 0 0 1
    outer loop
      vertex 6.35 35.9067 13
      vertex 5.6 34.319 13
      vertex 5.69244 34.3682 13
    endloop
  endfacet
  facet normal -0 0 1
    outer loop
      vertex 3.85 34.4634 13
      vertex 5.6 34.319 13
      vertex 6.35 35.9067 13
    endloop
  endfacet
  facet normal 0 0 1
    outer loop
      vertex 5.6 34.319 13
      vertex 3.85 34.4634 13
      vertex 5.51121 34.2636 13
    endloop
  endfacet
  facet normal 0 0 1
    outer loop
      vertex 5.51121 34.2636 13
      vertex 3.85 34.4634 13
      vertex 5.42651 34.202 13
    endloop
  endfacet
  facet normal 0 0 1
    outer loop
      vertex 5.42651 34.202 13
      vertex 3.85 34.4634 13
      vertex 5.3463 34.1347 13
    endloop
  endfacet
  facet normal 0 0 1
    outer loop
      vertex 5.3463 34.1347 13
      vertex 3.85 34.4634 13
      vertex 5.27099 34.062 13
    endloop
  endfacet
  facet normal 0 0 1
    outer loop
      vertex 5.27099 34.062 13
      vertex 3.85 34.4634 13
      vertex 5.20093 33.9842 13
    endloop
  endfacet
  facet normal 0 0 1
    outer loop
      vertex 5.20093 33.9842 13
      vertex 3.85 34.4634 13
      vertex 5.13648 33.9017 13
    endloop
  endfacet
  facet normal 0 0 1
    outer loop
      vertex 4.85365 33.1246 13
      vertex 3.85 34.4634 13
      vertex 4.85 33.02 13
    endloop
  endfacet
  facet normal 0 0 1
    outer loop
      vertex 4.8646 33.2288 13
      vertex 3.85 34.4634 13
      vertex 4.85365 33.1246 13
    endloop
  endfacet
  facet normal 0 0 1
    outer loop
      vertex 4.88278 33.3319 13
      vertex 3.85 34.4634 13
      vertex 4.8646 33.2288 13
    endloop
  endfacet
  facet normal 0 0 1
    outer loop
      vertex 4.90811 33.4335 13
      vertex 3.85 34.4634 13
      vertex 4.88278 33.3319 13
    endloop
  endfacet
  facet normal 0 0 1
    outer loop
      vertex 4.94046 33.533 13
      vertex 3.85 34.4634 13
      vertex 4.90811 33.4335 13
    endloop
  endfacet
  facet normal 0 0 1
    outer loop
      vertex 4.97968 33.6301 13
      vertex 3.85 34.4634 13
      vertex 4.94046 33.533 13
    endloop
  endfacet
  facet normal 0 0 1
    outer loop
      vertex 5.02558 33.7242 13
      vertex 3.85 34.4634 13
      vertex 4.97968 33.6301 13
    endloop
  endfacet
  facet normal 0 0 1
    outer loop
      vertex 5.07793 33.8149 13
      vertex 3.85 34.4634 13
      vertex 5.02558 33.7242 13
    endloop
  endfacet
  facet normal 0 0 1
    outer loop
      vertex 5.13648 33.9017 13
      vertex 3.85 34.4634 13
      vertex 5.07793 33.8149 13
    endloop
  endfacet
  facet normal -0 0 1
    outer loop
      vertex 7.84635 32.9154 13
      vertex 8.85 31.5766 13
      vertex 7.85 33.02 13
    endloop
  endfacet
  facet normal -0 0 1
    outer loop
      vertex 7.8354 32.8112 13
      vertex 8.85 31.5766 13
      vertex 7.84635 32.9154 13
    endloop
  endfacet
  facet normal -0 0 1
    outer loop
      vertex 7.81722 32.7081 13
      vertex 8.85 31.5766 13
      vertex 7.8354 32.8112 13
    endloop
  endfacet
  facet normal -0 0 1
    outer loop
      vertex 7.79189 32.6065 13
      vertex 8.85 31.5766 13
      vertex 7.81722 32.7081 13
    endloop
  endfacet
  facet normal -0 0 1
    outer loop
      vertex 7.75954 32.507 13
      vertex 8.85 31.5766 13
      vertex 7.79189 32.6065 13
    endloop
  endfacet
  facet normal -0 0 1
    outer loop
      vertex 7.72032 32.4099 13
      vertex 8.85 31.5766 13
      vertex 7.75954 32.507 13
    endloop
  endfacet
  facet normal -0 0 1
    outer loop
      vertex 7.67442 32.3158 13
      vertex 8.85 31.5766 13
      vertex 7.72032 32.4099 13
    endloop
  endfacet
  facet normal -0 0 1
    outer loop
      vertex 7.62207 32.2251 13
      vertex 8.85 31.5766 13
      vertex 7.67442 32.3158 13
    endloop
  endfacet
  facet normal -0 0 1
    outer loop
      vertex 7.56352 32.1383 13
      vertex 8.85 31.5766 13
      vertex 7.62207 32.2251 13
    endloop
  endfacet
  facet normal -0 0 1
    outer loop
      vertex 7.49907 32.0558 13
      vertex 8.85 31.5766 13
      vertex 7.56352 32.1383 13
    endloop
  endfacet
  facet normal -0 0 1
    outer loop
      vertex 7.42901 31.978 13
      vertex 8.85 31.5766 13
      vertex 7.49907 32.0558 13
    endloop
  endfacet
  facet normal -0 0 1
    outer loop
      vertex 7.3537 31.9053 13
      vertex 8.85 31.5766 13
      vertex 7.42901 31.978 13
    endloop
  endfacet
  facet normal -0 0 1
    outer loop
      vertex 7.27349 31.838 13
      vertex 8.85 31.5766 13
      vertex 7.3537 31.9053 13
    endloop
  endfacet
  facet normal -0 0 1
    outer loop
      vertex 7.18879 31.7764 13
      vertex 8.85 31.5766 13
      vertex 7.27349 31.838 13
    endloop
  endfacet
  facet normal -0 0 1
    outer loop
      vertex 7.1 31.721 13
      vertex 8.85 31.5766 13
      vertex 7.18879 31.7764 13
    endloop
  endfacet
  facet normal 0 0 1
    outer loop
      vertex 6.35 30.1332 13
      vertex 7.1 31.721 13
      vertex 7.00756 31.6718 13
    endloop
  endfacet
  facet normal 0 0 1
    outer loop
      vertex 6.35 30.1332 13
      vertex 7.00756 31.6718 13
      vertex 6.91191 31.6292 13
    endloop
  endfacet
  facet normal 0 0 1
    outer loop
      vertex 6.35 30.1332 13
      vertex 6.91191 31.6292 13
      vertex 6.81352 31.5934 13
    endloop
  endfacet
  facet normal 0 0 1
    outer loop
      vertex 6.35 30.1332 13
      vertex 6.81352 31.5934 13
      vertex 6.71288 31.5646 13
    endloop
  endfacet
  facet normal 0 0 1
    outer loop
      vertex 6.35 30.1332 13
      vertex 6.71288 31.5646 13
      vertex 6.61047 31.5428 13
    endloop
  endfacet
  facet normal 0 0 1
    outer loop
      vertex 6.35 30.1332 13
      vertex 6.61047 31.5428 13
      vertex 6.50679 31.5282 13
    endloop
  endfacet
  facet normal 0 0 1
    outer loop
      vertex 6.35 30.1332 13
      vertex 6.50679 31.5282 13
      vertex 6.40235 31.5209 13
    endloop
  endfacet
  facet normal 0 0 1
    outer loop
      vertex 7.1 31.721 13
      vertex 6.35 30.1332 13
      vertex 8.85 31.5766 13
    endloop
  endfacet
  facet normal -0 0 1
    outer loop
      vertex 6.29765 31.5209 13
      vertex 6.35 30.1332 13
      vertex 6.40235 31.5209 13
    endloop
  endfacet
  facet normal 0 0 1
    outer loop
      vertex 6.19321 31.5282 13
      vertex 6.35 30.1332 13
      vertex 6.29765 31.5209 13
    endloop
  endfacet
  facet normal 0 0 1
    outer loop
      vertex 6.08953 31.5428 13
      vertex 6.35 30.1332 13
      vertex 6.19321 31.5282 13
    endloop
  endfacet
  facet normal 0 0 1
    outer loop
      vertex 5.98712 31.5646 13
      vertex 6.35 30.1332 13
      vertex 6.08953 31.5428 13
    endloop
  endfacet
  facet normal 0 0 1
    outer loop
      vertex 5.88648 31.5934 13
      vertex 6.35 30.1332 13
      vertex 5.98712 31.5646 13
    endloop
  endfacet
  facet normal 0 0 1
    outer loop
      vertex 5.78809 31.6292 13
      vertex 6.35 30.1332 13
      vertex 5.88648 31.5934 13
    endloop
  endfacet
  facet normal 0 0 1
    outer loop
      vertex 5.69244 31.6718 13
      vertex 6.35 30.1332 13
      vertex 5.78809 31.6292 13
    endloop
  endfacet
  facet normal 0 0 1
    outer loop
      vertex 5.6 31.721 13
      vertex 6.35 30.1332 13
      vertex 5.69244 31.6718 13
    endloop
  endfacet
  facet normal 0 0 1
    outer loop
      vertex 3.85 31.5766 13
      vertex 5.6 31.721 13
      vertex 5.51121 31.7764 13
    endloop
  endfacet
  facet normal 0 0 1
    outer loop
      vertex 3.85 31.5766 13
      vertex 5.51121 31.7764 13
      vertex 5.42651 31.838 13
    endloop
  endfacet
  facet normal 0 0 1
    outer loop
      vertex 3.85 31.5766 13
      vertex 5.42651 31.838 13
      vertex 5.3463 31.9053 13
    endloop
  endfacet
  facet normal 0 0 1
    outer loop
      vertex 3.85 31.5766 13
      vertex 5.3463 31.9053 13
      vertex 5.27099 31.978 13
    endloop
  endfacet
  facet normal 0 0 1
    outer loop
      vertex 3.85 31.5766 13
      vertex 5.27099 31.978 13
      vertex 5.20093 32.0558 13
    endloop
  endfacet
  facet normal 0 0 1
    outer loop
      vertex 3.85 31.5766 13
      vertex 5.20093 32.0558 13
      vertex 5.13648 32.1383 13
    endloop
  endfacet
  facet normal 0 0 1
    outer loop
      vertex 3.85 31.5766 13
      vertex 5.13648 32.1383 13
      vertex 5.07793 32.2251 13
    endloop
  endfacet
  facet normal 0 0 1
    outer loop
      vertex 3.85 31.5766 13
      vertex 4.85 33.02 13
      vertex 3.85 34.4634 13
    endloop
  endfacet
  facet normal 0 0 1
    outer loop
      vertex 4.85 33.02 13
      vertex 3.85 31.5766 13
      vertex 4.85365 32.9154 13
    endloop
  endfacet
  facet normal 0 0 1
    outer loop
      vertex 4.85365 32.9154 13
      vertex 3.85 31.5766 13
      vertex 4.8646 32.8112 13
    endloop
  endfacet
  facet normal 0 0 1
    outer loop
      vertex 4.8646 32.8112 13
      vertex 3.85 31.5766 13
      vertex 4.88278 32.7081 13
    endloop
  endfacet
  facet normal 0 0 1
    outer loop
      vertex 4.88278 32.7081 13
      vertex 3.85 31.5766 13
      vertex 4.90811 32.6065 13
    endloop
  endfacet
  facet normal 0 0 1
    outer loop
      vertex 4.90811 32.6065 13
      vertex 3.85 31.5766 13
      vertex 4.94046 32.507 13
    endloop
  endfacet
  facet normal 0 0 1
    outer loop
      vertex 4.94046 32.507 13
      vertex 3.85 31.5766 13
      vertex 4.97968 32.4099 13
    endloop
  endfacet
  facet normal 0 0 1
    outer loop
      vertex 5.6 31.721 13
      vertex 3.85 31.5766 13
      vertex 6.35 30.1332 13
    endloop
  endfacet
  facet normal 0 0 1
    outer loop
      vertex 5.02558 32.3158 13
      vertex 3.85 31.5766 13
      vertex 5.07793 32.2251 13
    endloop
  endfacet
  facet normal 0 0 1
    outer loop
      vertex 4.97968 32.4099 13
      vertex 3.85 31.5766 13
      vertex 5.02558 32.3158 13
    endloop
  endfacet
  facet normal 1 -0 0
    outer loop
      vertex 8.85 31.5766 13
      vertex 8.85 34.4634 4
      vertex 8.85 34.4634 13
    endloop
  endfacet
  facet normal 1 0 0
    outer loop
      vertex 8.85 34.4634 4
      vertex 8.85 31.5766 13
      vertex 8.85 31.5766 4
    endloop
  endfacet
  facet normal 0.500006 -0.866022 0
    outer loop
      vertex 6.35 30.1332 4
      vertex 8.85 31.5766 13
      vertex 6.35 30.1332 13
    endloop
  endfacet
  facet normal 0.500006 -0.866022 0
    outer loop
      vertex 8.85 31.5766 13
      vertex 6.35 30.1332 4
      vertex 8.85 31.5766 4
    endloop
  endfacet
  facet normal -0.500006 -0.866022 0
    outer loop
      vertex 3.85 31.5766 4
      vertex 6.35 30.1332 13
      vertex 3.85 31.5766 13
    endloop
  endfacet
  facet normal -0.500006 -0.866022 -0
    outer loop
      vertex 6.35 30.1332 13
      vertex 3.85 31.5766 4
      vertex 6.35 30.1332 4
    endloop
  endfacet
  facet normal 0.999389 0.0349557 0
    outer loop
      vertex 11.35 33.02 4
      vertex 11.3378 33.3688 3
      vertex 11.3378 33.3688 4
    endloop
  endfacet
  facet normal 0.999389 0.0349557 0
    outer loop
      vertex 11.3378 33.3688 3
      vertex 11.35 33.02 4
      vertex 11.35 33.02 3
    endloop
  endfacet
  facet normal -0.999391 0.0348985 0
    outer loop
      vertex 1.35 33.02 3
      vertex 1.36218 33.3688 4
      vertex 1.36218 33.3688 3
    endloop
  endfacet
  facet normal -0.999391 0.0348985 0
    outer loop
      vertex 1.36218 33.3688 4
      vertex 1.35 33.02 3
      vertex 1.35 33.02 4
    endloop
  endfacet
  facet normal 0 1 -0
    outer loop
      vertex 6.5245 38.017 3
      vertex 6.1755 38.017 4
      vertex 6.5245 38.017 4
    endloop
  endfacet
  facet normal 0 1 0
    outer loop
      vertex 6.1755 38.017 4
      vertex 6.5245 38.017 3
      vertex 6.1755 38.017 3
    endloop
  endfacet
  facet normal 0 -1 0
    outer loop
      vertex 6.1755 28.023 3
      vertex 6.5245 28.023 4
      vertex 6.1755 28.023 4
    endloop
  endfacet
  facet normal 0 -1 -0
    outer loop
      vertex 6.5245 28.023 4
      vertex 6.1755 28.023 3
      vertex 6.5245 28.023 3
    endloop
  endfacet
  facet normal 0.694605 0.719392 -0
    outer loop
      vertex 9.9467 36.4933 3
      vertex 9.69565 36.7357 4
      vertex 9.9467 36.4933 4
    endloop
  endfacet
  facet normal 0.694605 0.719392 0
    outer loop
      vertex 9.69565 36.7357 4
      vertex 9.9467 36.4933 3
      vertex 9.69565 36.7357 3
    endloop
  endfacet
  facet normal -0.694605 0.719392 0
    outer loop
      vertex 3.00435 36.7357 3
      vertex 2.7533 36.4933 4
      vertex 3.00435 36.7357 4
    endloop
  endfacet
  facet normal -0.694605 0.719392 0
    outer loop
      vertex 2.7533 36.4933 4
      vertex 3.00435 36.7357 3
      vertex 2.7533 36.4933 3
    endloop
  endfacet
  facet normal -0.406612 0.913601 0
    outer loop
      vertex 4.47697 37.6559 3
      vertex 4.15814 37.514 4
      vertex 4.47697 37.6559 4
    endloop
  endfacet
  facet normal -0.406612 0.913601 0
    outer loop
      vertex 4.15814 37.514 4
      vertex 4.47697 37.6559 3
      vertex 4.15814 37.514 3
    endloop
  endfacet
  facet normal 0.898796 0.438367 0
    outer loop
      vertex 10.9177 35.0537 4
      vertex 10.7647 35.3674 3
      vertex 10.7647 35.3674 4
    endloop
  endfacet
  facet normal 0.898796 0.438367 0
    outer loop
      vertex 10.7647 35.3674 3
      vertex 10.9177 35.0537 4
      vertex 10.9177 35.0537 3
    endloop
  endfacet
  facet normal 0.342111 0.93966 -0
    outer loop
      vertex 8.22303 37.6559 3
      vertex 7.89508 37.7753 4
      vertex 8.22303 37.6559 4
    endloop
  endfacet
  facet normal 0.342111 0.93966 0
    outer loop
      vertex 7.89508 37.7753 4
      vertex 8.22303 37.6559 3
      vertex 7.89508 37.7753 3
    endloop
  endfacet
  facet normal 0.529844 0.848095 -0
    outer loop
      vertex 9.14596 37.1652 3
      vertex 8.85 37.3501 4
      vertex 9.14596 37.1652 4
    endloop
  endfacet
  facet normal 0.529844 0.848095 0
    outer loop
      vertex 8.85 37.3501 4
      vertex 9.14596 37.1652 3
      vertex 8.85 37.3501 3
    endloop
  endfacet
  facet normal -0.898807 0.438344 0
    outer loop
      vertex 1.78227 35.0537 3
      vertex 1.93526 35.3674 4
      vertex 1.93526 35.3674 3
    endloop
  endfacet
  facet normal -0.898807 0.438344 0
    outer loop
      vertex 1.93526 35.3674 4
      vertex 1.78227 35.0537 3
      vertex 1.78227 35.0537 4
    endloop
  endfacet
  facet normal -0.207746 0.978183 0
    outer loop
      vertex 5.48176 37.944 3
      vertex 5.14039 37.8715 4
      vertex 5.48176 37.944 4
    endloop
  endfacet
  facet normal -0.207746 0.978183 0
    outer loop
      vertex 5.14039 37.8715 4
      vertex 5.48176 37.944 3
      vertex 5.14039 37.8715 3
    endloop
  endfacet
  facet normal 0.951091 -0.308911 0
    outer loop
      vertex 11.0485 31.3099 4
      vertex 11.1563 31.6418 3
      vertex 11.1563 31.6418 4
    endloop
  endfacet
  facet normal 0.951091 -0.308911 0
    outer loop
      vertex 11.1563 31.6418 3
      vertex 11.0485 31.3099 4
      vertex 11.0485 31.3099 3
    endloop
  endfacet
  facet normal 0.970311 0.241861 0
    outer loop
      vertex 11.2407 34.0596 4
      vertex 11.1563 34.3982 3
      vertex 11.1563 34.3982 4
    endloop
  endfacet
  facet normal 0.970311 0.241861 0
    outer loop
      vertex 11.1563 34.3982 3
      vertex 11.2407 34.0596 4
      vertex 11.2407 34.0596 3
    endloop
  endfacet
  facet normal 0.787946 0.615744 0
    outer loop
      vertex 10.3951 35.9589 4
      vertex 10.1802 36.2339 3
      vertex 10.1802 36.2339 4
    endloop
  endfacet
  facet normal 0.787946 0.615744 0
    outer loop
      vertex 10.1802 36.2339 3
      vertex 10.3951 35.9589 4
      vertex 10.3951 35.9589 3
    endloop
  endfacet
  facet normal 0.743237 0.669028 0
    outer loop
      vertex 10.1802 36.2339 4
      vertex 9.9467 36.4933 3
      vertex 9.9467 36.4933 4
    endloop
  endfacet
  facet normal 0.743237 0.669028 0
    outer loop
      vertex 9.9467 36.4933 3
      vertex 10.1802 36.2339 4
      vertex 10.1802 36.2339 3
    endloop
  endfacet
  facet normal 0.829084 0.559123 0
    outer loop
      vertex 10.5902 35.6696 4
      vertex 10.3951 35.9589 3
      vertex 10.3951 35.9589 4
    endloop
  endfacet
  facet normal 0.829084 0.559123 0
    outer loop
      vertex 10.3951 35.9589 3
      vertex 10.5902 35.6696 4
      vertex 10.5902 35.6696 3
    endloop
  endfacet
  facet normal 0.207746 0.978183 -0
    outer loop
      vertex 7.55961 37.8715 3
      vertex 7.21824 37.944 4
      vertex 7.55961 37.8715 4
    endloop
  endfacet
  facet normal 0.207746 0.978183 0
    outer loop
      vertex 7.21824 37.944 4
      vertex 7.55961 37.8715 3
      vertex 7.21824 37.944 3
    endloop
  endfacet
  facet normal 0.275652 0.961258 -0
    outer loop
      vertex 7.89508 37.7753 3
      vertex 7.55961 37.8715 4
      vertex 7.89508 37.7753 4
    endloop
  endfacet
  facet normal 0.275652 0.961258 0
    outer loop
      vertex 7.55961 37.8715 4
      vertex 7.89508 37.7753 3
      vertex 7.55961 37.8715 3
    endloop
  endfacet
  facet normal 0.469603 0.882877 -0
    outer loop
      vertex 8.85 37.3501 3
      vertex 8.54186 37.514 4
      vertex 8.85 37.3501 4
    endloop
  endfacet
  facet normal 0.469603 0.882877 0
    outer loop
      vertex 8.54186 37.514 4
      vertex 8.85 37.3501 3
      vertex 8.54186 37.514 3
    endloop
  endfacet
  facet normal 0.587712 0.809071 -0
    outer loop
      vertex 9.42831 36.9601 3
      vertex 9.14596 37.1652 4
      vertex 9.42831 36.9601 4
    endloop
  endfacet
  facet normal 0.587712 0.809071 0
    outer loop
      vertex 9.14596 37.1652 4
      vertex 9.42831 36.9601 3
      vertex 9.14596 37.1652 3
    endloop
  endfacet
  facet normal -0.951049 0.309041 0
    outer loop
      vertex 1.54369 34.3982 3
      vertex 1.65154 34.7301 4
      vertex 1.65154 34.7301 3
    endloop
  endfacet
  facet normal -0.951049 0.309041 0
    outer loop
      vertex 1.65154 34.7301 4
      vertex 1.54369 34.3982 3
      vertex 1.54369 34.3982 4
    endloop
  endfacet
  facet normal -0.787988 0.615691 0
    outer loop
      vertex 2.30491 35.9589 3
      vertex 2.51978 36.2339 4
      vertex 2.51978 36.2339 3
    endloop
  endfacet
  facet normal -0.787988 0.615691 0
    outer loop
      vertex 2.51978 36.2339 4
      vertex 2.30491 35.9589 3
      vertex 2.30491 35.9589 4
    endloop
  endfacet
  facet normal -0.743209 0.66906 0
    outer loop
      vertex 2.51978 36.2339 3
      vertex 2.7533 36.4933 4
      vertex 2.7533 36.4933 3
    endloop
  endfacet
  facet normal -0.743209 0.66906 0
    outer loop
      vertex 2.7533 36.4933 4
      vertex 2.51978 36.2339 3
      vertex 2.51978 36.2339 4
    endloop
  endfacet
  facet normal -0.927197 0.374575 0
    outer loop
      vertex 1.65154 34.7301 3
      vertex 1.78227 35.0537 4
      vertex 1.78227 35.0537 3
    endloop
  endfacet
  facet normal -0.927197 0.374575 0
    outer loop
      vertex 1.78227 35.0537 4
      vertex 1.65154 34.7301 3
      vertex 1.65154 34.7301 4
    endloop
  endfacet
  facet normal -0.98481 0.173638 0
    outer loop
      vertex 1.39866 33.7159 3
      vertex 1.45926 34.0596 4
      vertex 1.45926 34.0596 3
    endloop
  endfacet
  facet normal -0.98481 0.173638 0
    outer loop
      vertex 1.45926 34.0596 4
      vertex 1.39866 33.7159 3
      vertex 1.39866 33.7159 4
    endloop
  endfacet
  facet normal -0.529844 0.848095 0
    outer loop
      vertex 3.85 37.3501 3
      vertex 3.55404 37.1652 4
      vertex 3.85 37.3501 4
    endloop
  endfacet
  facet normal -0.529844 0.848095 0
    outer loop
      vertex 3.55404 37.1652 4
      vertex 3.85 37.3501 3
      vertex 3.55404 37.1652 3
    endloop
  endfacet
  facet normal -0.469603 0.882877 0
    outer loop
      vertex 4.15814 37.514 3
      vertex 3.85 37.3501 4
      vertex 4.15814 37.514 4
    endloop
  endfacet
  facet normal -0.469603 0.882877 0
    outer loop
      vertex 3.85 37.3501 4
      vertex 4.15814 37.514 3
      vertex 3.85 37.3501 3
    endloop
  endfacet
  facet normal -0.642914 0.765938 0
    outer loop
      vertex 3.27169 36.9601 3
      vertex 3.00435 36.7357 4
      vertex 3.27169 36.9601 4
    endloop
  endfacet
  facet normal -0.642914 0.765938 0
    outer loop
      vertex 3.00435 36.7357 4
      vertex 3.27169 36.9601 3
      vertex 3.00435 36.7357 3
    endloop
  endfacet
  facet normal -0.275644 0.96126 0
    outer loop
      vertex 5.14039 37.8715 3
      vertex 4.80491 37.7753 4
      vertex 5.14039 37.8715 4
    endloop
  endfacet
  facet normal -0.275644 0.96126 0
    outer loop
      vertex 4.80491 37.7753 4
      vertex 5.14039 37.8715 3
      vertex 4.80491 37.7753 3
    endloop
  endfacet
  facet normal -0.0699152 0.997553 0
    outer loop
      vertex 6.1755 38.017 3
      vertex 5.82736 37.9926 4
      vertex 6.1755 38.017 4
    endloop
  endfacet
  facet normal -0.0699152 0.997553 0
    outer loop
      vertex 5.82736 37.9926 4
      vertex 6.1755 38.017 3
      vertex 5.82736 37.9926 3
    endloop
  endfacet
  facet normal 0.0699152 -0.997553 0
    outer loop
      vertex 6.5245 28.023 3
      vertex 6.87264 28.0474 4
      vertex 6.5245 28.023 4
    endloop
  endfacet
  facet normal 0.0699152 -0.997553 0
    outer loop
      vertex 6.87264 28.0474 4
      vertex 6.5245 28.023 3
      vertex 6.87264 28.0474 3
    endloop
  endfacet
  facet normal 0.406612 -0.913601 0
    outer loop
      vertex 8.22303 28.3841 3
      vertex 8.54186 28.526 4
      vertex 8.22303 28.3841 4
    endloop
  endfacet
  facet normal 0.406612 -0.913601 0
    outer loop
      vertex 8.54186 28.526 4
      vertex 8.22303 28.3841 3
      vertex 8.54186 28.526 3
    endloop
  endfacet
  facet normal 0.98481 0.173638 0
    outer loop
      vertex 11.3013 33.7159 4
      vertex 11.2407 34.0596 3
      vertex 11.2407 34.0596 4
    endloop
  endfacet
  facet normal 0.98481 0.173638 0
    outer loop
      vertex 11.2407 34.0596 3
      vertex 11.3013 33.7159 4
      vertex 11.3013 33.7159 3
    endloop
  endfacet
  facet normal 0.994516 0.10458 0
    outer loop
      vertex 11.3378 33.3688 4
      vertex 11.3013 33.7159 3
      vertex 11.3013 33.7159 4
    endloop
  endfacet
  facet normal 0.994516 0.10458 0
    outer loop
      vertex 11.3013 33.7159 3
      vertex 11.3378 33.3688 4
      vertex 11.3378 33.3688 3
    endloop
  endfacet
  facet normal 0.927127 0.374747 0
    outer loop
      vertex 11.0485 34.7301 4
      vertex 10.9177 35.0537 3
      vertex 10.9177 35.0537 4
    endloop
  endfacet
  facet normal 0.927127 0.374747 0
    outer loop
      vertex 10.9177 35.0537 3
      vertex 11.0485 34.7301 4
      vertex 11.0485 34.7301 3
    endloop
  endfacet
  facet normal 0.951091 0.308911 0
    outer loop
      vertex 11.1563 34.3982 4
      vertex 11.0485 34.7301 3
      vertex 11.0485 34.7301 4
    endloop
  endfacet
  facet normal 0.951091 0.308911 0
    outer loop
      vertex 11.0485 34.7301 3
      vertex 11.1563 34.3982 4
      vertex 11.1563 34.3982 3
    endloop
  endfacet
  facet normal 0.865995 0.500053 0
    outer loop
      vertex 10.7647 35.3674 4
      vertex 10.5902 35.6696 3
      vertex 10.5902 35.6696 4
    endloop
  endfacet
  facet normal 0.865995 0.500053 0
    outer loop
      vertex 10.5902 35.6696 3
      vertex 10.7647 35.3674 4
      vertex 10.7647 35.3674 3
    endloop
  endfacet
  facet normal 0.139255 0.990257 -0
    outer loop
      vertex 7.21824 37.944 3
      vertex 6.87264 37.9926 4
      vertex 7.21824 37.944 4
    endloop
  endfacet
  facet normal 0.139255 0.990257 0
    outer loop
      vertex 6.87264 37.9926 4
      vertex 7.21824 37.944 3
      vertex 6.87264 37.9926 3
    endloop
  endfacet
  facet normal 0.0699152 0.997553 -0
    outer loop
      vertex 6.87264 37.9926 3
      vertex 6.5245 38.017 4
      vertex 6.87264 37.9926 4
    endloop
  endfacet
  facet normal 0.0699152 0.997553 0
    outer loop
      vertex 6.5245 38.017 4
      vertex 6.87264 37.9926 3
      vertex 6.5245 38.017 3
    endloop
  endfacet
  facet normal 0.406612 0.913601 -0
    outer loop
      vertex 8.54186 37.514 3
      vertex 8.22303 37.6559 4
      vertex 8.54186 37.514 4
    endloop
  endfacet
  facet normal 0.406612 0.913601 0
    outer loop
      vertex 8.22303 37.6559 4
      vertex 8.54186 37.514 3
      vertex 8.22303 37.6559 3
    endloop
  endfacet
  facet normal 0.642914 0.765938 -0
    outer loop
      vertex 9.69565 36.7357 3
      vertex 9.42831 36.9601 4
      vertex 9.69565 36.7357 4
    endloop
  endfacet
  facet normal 0.642914 0.765938 0
    outer loop
      vertex 9.42831 36.9601 4
      vertex 9.69565 36.7357 3
      vertex 9.42831 36.9601 3
    endloop
  endfacet
  facet normal -0.865995 0.500053 0
    outer loop
      vertex 1.93526 35.3674 3
      vertex 2.10976 35.6696 4
      vertex 2.10976 35.6696 3
    endloop
  endfacet
  facet normal -0.865995 0.500053 0
    outer loop
      vertex 2.10976 35.6696 4
      vertex 1.93526 35.3674 3
      vertex 1.93526 35.3674 4
    endloop
  endfacet
  facet normal -0.829018 0.559222 0
    outer loop
      vertex 2.10976 35.6696 3
      vertex 2.30491 35.9589 4
      vertex 2.30491 35.9589 3
    endloop
  endfacet
  facet normal -0.829018 0.559222 0
    outer loop
      vertex 2.30491 35.9589 4
      vertex 2.10976 35.6696 3
      vertex 2.10976 35.6696 4
    endloop
  endfacet
  facet normal -0.970291 0.241942 0
    outer loop
      vertex 1.45926 34.0596 3
      vertex 1.54369 34.3982 4
      vertex 1.54369 34.3982 3
    endloop
  endfacet
  facet normal -0.970291 0.241942 0
    outer loop
      vertex 1.54369 34.3982 4
      vertex 1.45926 34.0596 3
      vertex 1.45926 34.0596 4
    endloop
  endfacet
  facet normal -0.994522 0.104524 0
    outer loop
      vertex 1.36218 33.3688 3
      vertex 1.39866 33.7159 4
      vertex 1.39866 33.7159 3
    endloop
  endfacet
  facet normal -0.994522 0.104524 0
    outer loop
      vertex 1.39866 33.7159 4
      vertex 1.36218 33.3688 3
      vertex 1.36218 33.3688 4
    endloop
  endfacet
  facet normal 0 0 1
    outer loop
      vertex 6.35 35.9067 4
      vertex 8.85 37.3501 4
      vertex 8.54186 37.514 4
    endloop
  endfacet
  facet normal 0 0 1
    outer loop
      vertex 6.35 35.9067 4
      vertex 8.54186 37.514 4
      vertex 8.22303 37.6559 4
    endloop
  endfacet
  facet normal 0 0 1
    outer loop
      vertex 6.35 35.9067 4
      vertex 8.22303 37.6559 4
      vertex 7.89508 37.7753 4
    endloop
  endfacet
  facet normal 0 0 1
    outer loop
      vertex 6.35 35.9067 4
      vertex 7.89508 37.7753 4
      vertex 7.55961 37.8715 4
    endloop
  endfacet
  facet normal 0 0 1
    outer loop
      vertex 6.35 35.9067 4
      vertex 7.55961 37.8715 4
      vertex 7.21824 37.944 4
    endloop
  endfacet
  facet normal 0 0 1
    outer loop
      vertex 6.35 35.9067 4
      vertex 7.21824 37.944 4
      vertex 6.87264 37.9926 4
    endloop
  endfacet
  facet normal 0 0 1
    outer loop
      vertex 6.35 35.9067 4
      vertex 6.87264 37.9926 4
      vertex 6.5245 38.017 4
    endloop
  endfacet
  facet normal 0 0 1
    outer loop
      vertex 8.85 37.3501 4
      vertex 6.35 35.9067 4
      vertex 8.85 34.4634 4
    endloop
  endfacet
  facet normal -0 0 1
    outer loop
      vertex 6.1755 38.017 4
      vertex 6.35 35.9067 4
      vertex 6.5245 38.017 4
    endloop
  endfacet
  facet normal -0 0 1
    outer loop
      vertex 5.82736 37.9926 4
      vertex 6.35 35.9067 4
      vertex 6.1755 38.017 4
    endloop
  endfacet
  facet normal -0 0 1
    outer loop
      vertex 5.48176 37.944 4
      vertex 6.35 35.9067 4
      vertex 5.82736 37.9926 4
    endloop
  endfacet
  facet normal -0 0 1
    outer loop
      vertex 5.14039 37.8715 4
      vertex 6.35 35.9067 4
      vertex 5.48176 37.944 4
    endloop
  endfacet
  facet normal -0 0 1
    outer loop
      vertex 4.80491 37.7753 4
      vertex 6.35 35.9067 4
      vertex 5.14039 37.8715 4
    endloop
  endfacet
  facet normal -0 0 1
    outer loop
      vertex 4.47697 37.6559 4
      vertex 6.35 35.9067 4
      vertex 4.80491 37.7753 4
    endloop
  endfacet
  facet normal -0 0 1
    outer loop
      vertex 4.15814 37.514 4
      vertex 6.35 35.9067 4
      vertex 4.47697 37.6559 4
    endloop
  endfacet
  facet normal -0 0 1
    outer loop
      vertex 3.85 37.3501 4
      vertex 6.35 35.9067 4
      vertex 4.15814 37.514 4
    endloop
  endfacet
  facet normal 0 0 1
    outer loop
      vertex 3.85 37.3501 4
      vertex 3.85 34.4634 4
      vertex 6.35 35.9067 4
    endloop
  endfacet
  facet normal -0 0 1
    outer loop
      vertex 3.55404 37.1652 4
      vertex 3.85 34.4634 4
      vertex 3.85 37.3501 4
    endloop
  endfacet
  facet normal -0 0 1
    outer loop
      vertex 3.27169 36.9601 4
      vertex 3.85 34.4634 4
      vertex 3.55404 37.1652 4
    endloop
  endfacet
  facet normal -0 0 1
    outer loop
      vertex 3.00435 36.7357 4
      vertex 3.85 34.4634 4
      vertex 3.27169 36.9601 4
    endloop
  endfacet
  facet normal 0 0 1
    outer loop
      vertex 3.85 31.5766 4
      vertex 3.55404 28.8748 4
      vertex 3.85 28.6899 4
    endloop
  endfacet
  facet normal -0 0 1
    outer loop
      vertex 2.7533 36.4933 4
      vertex 3.85 34.4634 4
      vertex 3.00435 36.7357 4
    endloop
  endfacet
  facet normal 0 0 1
    outer loop
      vertex 3.85 31.5766 4
      vertex 3.27169 29.0799 4
      vertex 3.55404 28.8748 4
    endloop
  endfacet
  facet normal -0 0 1
    outer loop
      vertex 2.51978 36.2339 4
      vertex 3.85 34.4634 4
      vertex 2.7533 36.4933 4
    endloop
  endfacet
  facet normal 0 0 1
    outer loop
      vertex 3.85 31.5766 4
      vertex 3.00435 29.3043 4
      vertex 3.27169 29.0799 4
    endloop
  endfacet
  facet normal -0 0 1
    outer loop
      vertex 2.30491 35.9589 4
      vertex 3.85 34.4634 4
      vertex 2.51978 36.2339 4
    endloop
  endfacet
  facet normal 0 0 1
    outer loop
      vertex 3.85 31.5766 4
      vertex 2.7533 29.5467 4
      vertex 3.00435 29.3043 4
    endloop
  endfacet
  facet normal -0 0 1
    outer loop
      vertex 2.10976 35.6696 4
      vertex 3.85 34.4634 4
      vertex 2.30491 35.9589 4
    endloop
  endfacet
  facet normal 0 0 1
    outer loop
      vertex 3.85 31.5766 4
      vertex 2.51978 29.8061 4
      vertex 2.7533 29.5467 4
    endloop
  endfacet
  facet normal -0 0 1
    outer loop
      vertex 1.93526 35.3674 4
      vertex 3.85 34.4634 4
      vertex 2.10976 35.6696 4
    endloop
  endfacet
  facet normal 0 0 1
    outer loop
      vertex 3.85 31.5766 4
      vertex 2.30491 30.0811 4
      vertex 2.51978 29.8061 4
    endloop
  endfacet
  facet normal -0 0 1
    outer loop
      vertex 1.78227 35.0537 4
      vertex 3.85 34.4634 4
      vertex 1.93526 35.3674 4
    endloop
  endfacet
  facet normal 0 0 1
    outer loop
      vertex 3.85 31.5766 4
      vertex 2.10976 30.3704 4
      vertex 2.30491 30.0811 4
    endloop
  endfacet
  facet normal -0 0 1
    outer loop
      vertex 1.65154 34.7301 4
      vertex 3.85 34.4634 4
      vertex 1.78227 35.0537 4
    endloop
  endfacet
  facet normal 0 0 1
    outer loop
      vertex 3.85 31.5766 4
      vertex 1.93526 30.6726 4
      vertex 2.10976 30.3704 4
    endloop
  endfacet
  facet normal 0 0 1
    outer loop
      vertex 1.54369 34.3982 4
      vertex 3.85 34.4634 4
      vertex 1.65154 34.7301 4
    endloop
  endfacet
  facet normal 0 0 1
    outer loop
      vertex 3.85 31.5766 4
      vertex 1.78227 30.9863 4
      vertex 1.93526 30.6726 4
    endloop
  endfacet
  facet normal 0 0 1
    outer loop
      vertex 1.45926 34.0596 4
      vertex 3.85 34.4634 4
      vertex 1.54369 34.3982 4
    endloop
  endfacet
  facet normal 0 0 1
    outer loop
      vertex 3.85 31.5766 4
      vertex 1.65154 31.3099 4
      vertex 1.78227 30.9863 4
    endloop
  endfacet
  facet normal 0 0 1
    outer loop
      vertex 1.39866 33.7159 4
      vertex 3.85 34.4634 4
      vertex 1.45926 34.0596 4
    endloop
  endfacet
  facet normal 0 0 1
    outer loop
      vertex 3.85 31.5766 4
      vertex 1.54369 31.6418 4
      vertex 1.65154 31.3099 4
    endloop
  endfacet
  facet normal 0 0 1
    outer loop
      vertex 1.36218 33.3688 4
      vertex 3.85 34.4634 4
      vertex 1.39866 33.7159 4
    endloop
  endfacet
  facet normal 0 0 1
    outer loop
      vertex 3.85 31.5766 4
      vertex 1.45926 31.9804 4
      vertex 1.54369 31.6418 4
    endloop
  endfacet
  facet normal 0 0 1
    outer loop
      vertex 1.35 33.02 4
      vertex 3.85 34.4634 4
      vertex 1.36218 33.3688 4
    endloop
  endfacet
  facet normal 0 0 1
    outer loop
      vertex 3.85 31.5766 4
      vertex 1.39866 32.3241 4
      vertex 1.45926 31.9804 4
    endloop
  endfacet
  facet normal 0 0 1
    outer loop
      vertex 3.85 34.4634 4
      vertex 1.35 33.02 4
      vertex 3.85 31.5766 4
    endloop
  endfacet
  facet normal 0 0 1
    outer loop
      vertex 3.85 31.5766 4
      vertex 1.36218 32.6712 4
      vertex 1.39866 32.3241 4
    endloop
  endfacet
  facet normal 0 0 1
    outer loop
      vertex 3.85 31.5766 4
      vertex 1.35 33.02 4
      vertex 1.36218 32.6712 4
    endloop
  endfacet
  facet normal 0 0 1
    outer loop
      vertex 8.85 34.4634 4
      vertex 11.35 33.02 4
      vertex 11.3378 33.3688 4
    endloop
  endfacet
  facet normal 0 0 1
    outer loop
      vertex 8.85 34.4634 4
      vertex 11.3378 33.3688 4
      vertex 11.3013 33.7159 4
    endloop
  endfacet
  facet normal 0 0 1
    outer loop
      vertex 8.85 31.5766 4
      vertex 11.35 33.02 4
      vertex 8.85 34.4634 4
    endloop
  endfacet
  facet normal 0 0 1
    outer loop
      vertex 8.85 34.4634 4
      vertex 11.3013 33.7159 4
      vertex 11.2407 34.0596 4
    endloop
  endfacet
  facet normal 0 0 1
    outer loop
      vertex 11.35 33.02 4
      vertex 8.85 31.5766 4
      vertex 11.3378 32.6712 4
    endloop
  endfacet
  facet normal 0 0 1
    outer loop
      vertex 8.85 34.4634 4
      vertex 11.2407 34.0596 4
      vertex 11.1563 34.3982 4
    endloop
  endfacet
  facet normal 0 0 1
    outer loop
      vertex 11.3378 32.6712 4
      vertex 8.85 31.5766 4
      vertex 11.3013 32.3241 4
    endloop
  endfacet
  facet normal -0 0 1
    outer loop
      vertex 8.85 34.4634 4
      vertex 11.1563 34.3982 4
      vertex 11.0485 34.7301 4
    endloop
  endfacet
  facet normal 0 0 1
    outer loop
      vertex 11.3013 32.3241 4
      vertex 8.85 31.5766 4
      vertex 11.2407 31.9804 4
    endloop
  endfacet
  facet normal 0 0 1
    outer loop
      vertex 8.85 34.4634 4
      vertex 11.0485 34.7301 4
      vertex 10.9177 35.0537 4
    endloop
  endfacet
  facet normal 0 0 1
    outer loop
      vertex 11.2407 31.9804 4
      vertex 8.85 31.5766 4
      vertex 11.1563 31.6418 4
    endloop
  endfacet
  facet normal 0 0 1
    outer loop
      vertex 8.85 34.4634 4
      vertex 10.9177 35.0537 4
      vertex 10.7647 35.3674 4
    endloop
  endfacet
  facet normal 0 0 1
    outer loop
      vertex 11.1563 31.6418 4
      vertex 8.85 31.5766 4
      vertex 11.0485 31.3099 4
    endloop
  endfacet
  facet normal 0 0 1
    outer loop
      vertex 8.85 34.4634 4
      vertex 10.7647 35.3674 4
      vertex 10.5902 35.6696 4
    endloop
  endfacet
  facet normal 0 0 1
    outer loop
      vertex 11.0485 31.3099 4
      vertex 8.85 31.5766 4
      vertex 10.9177 30.9863 4
    endloop
  endfacet
  facet normal 0 0 1
    outer loop
      vertex 8.85 34.4634 4
      vertex 10.5902 35.6696 4
      vertex 10.3951 35.9589 4
    endloop
  endfacet
  facet normal 0 0 1
    outer loop
      vertex 10.9177 30.9863 4
      vertex 8.85 31.5766 4
      vertex 10.7647 30.6726 4
    endloop
  endfacet
  facet normal 0 0 1
    outer loop
      vertex 8.85 34.4634 4
      vertex 10.3951 35.9589 4
      vertex 10.1802 36.2339 4
    endloop
  endfacet
  facet normal 0 0 1
    outer loop
      vertex 10.7647 30.6726 4
      vertex 8.85 31.5766 4
      vertex 10.5902 30.3704 4
    endloop
  endfacet
  facet normal 0 0 1
    outer loop
      vertex 8.85 34.4634 4
      vertex 10.1802 36.2339 4
      vertex 9.9467 36.4933 4
    endloop
  endfacet
  facet normal 0 0 1
    outer loop
      vertex 10.5902 30.3704 4
      vertex 8.85 31.5766 4
      vertex 10.3951 30.0811 4
    endloop
  endfacet
  facet normal 0 0 1
    outer loop
      vertex 8.85 34.4634 4
      vertex 9.9467 36.4933 4
      vertex 9.69565 36.7357 4
    endloop
  endfacet
  facet normal 0 0 1
    outer loop
      vertex 10.3951 30.0811 4
      vertex 8.85 31.5766 4
      vertex 10.1802 29.8061 4
    endloop
  endfacet
  facet normal 0 0 1
    outer loop
      vertex 8.85 34.4634 4
      vertex 9.69565 36.7357 4
      vertex 9.42831 36.9601 4
    endloop
  endfacet
  facet normal 0 0 1
    outer loop
      vertex 10.1802 29.8061 4
      vertex 8.85 31.5766 4
      vertex 9.9467 29.5467 4
    endloop
  endfacet
  facet normal 0 0 1
    outer loop
      vertex 8.85 34.4634 4
      vertex 9.42831 36.9601 4
      vertex 9.14596 37.1652 4
    endloop
  endfacet
  facet normal 0 0 1
    outer loop
      vertex 9.9467 29.5467 4
      vertex 8.85 31.5766 4
      vertex 9.69565 29.3043 4
    endloop
  endfacet
  facet normal 0 0 1
    outer loop
      vertex 8.85 34.4634 4
      vertex 9.14596 37.1652 4
      vertex 8.85 37.3501 4
    endloop
  endfacet
  facet normal 0 0 1
    outer loop
      vertex 9.69565 29.3043 4
      vertex 8.85 31.5766 4
      vertex 9.42831 29.0799 4
    endloop
  endfacet
  facet normal 0 0 1
    outer loop
      vertex 9.42831 29.0799 4
      vertex 8.85 31.5766 4
      vertex 9.14596 28.8748 4
    endloop
  endfacet
  facet normal 0 0 1
    outer loop
      vertex 8.85 31.5766 4
      vertex 8.85 28.6899 4
      vertex 9.14596 28.8748 4
    endloop
  endfacet
  facet normal -0 0 1
    outer loop
      vertex 6.35 30.1332 4
      vertex 8.85 28.6899 4
      vertex 8.85 31.5766 4
    endloop
  endfacet
  facet normal 0 0 1
    outer loop
      vertex 8.85 28.6899 4
      vertex 6.35 30.1332 4
      vertex 8.54186 28.526 4
    endloop
  endfacet
  facet normal 0 0 1
    outer loop
      vertex 8.54186 28.526 4
      vertex 6.35 30.1332 4
      vertex 8.22303 28.3841 4
    endloop
  endfacet
  facet normal 0 0 1
    outer loop
      vertex 8.22303 28.3841 4
      vertex 6.35 30.1332 4
      vertex 7.89508 28.2647 4
    endloop
  endfacet
  facet normal 0 0 1
    outer loop
      vertex 7.89508 28.2647 4
      vertex 6.35 30.1332 4
      vertex 7.55961 28.1685 4
    endloop
  endfacet
  facet normal 0 0 1
    outer loop
      vertex 7.55961 28.1685 4
      vertex 6.35 30.1332 4
      vertex 7.21824 28.096 4
    endloop
  endfacet
  facet normal 0 0 1
    outer loop
      vertex 7.21824 28.096 4
      vertex 6.35 30.1332 4
      vertex 6.87264 28.0474 4
    endloop
  endfacet
  facet normal 0 0 1
    outer loop
      vertex 6.87264 28.0474 4
      vertex 6.35 30.1332 4
      vertex 6.5245 28.023 4
    endloop
  endfacet
  facet normal 0 0 1
    outer loop
      vertex 6.35 30.1332 4
      vertex 6.1755 28.023 4
      vertex 6.5245 28.023 4
    endloop
  endfacet
  facet normal 0 0 1
    outer loop
      vertex 6.35 30.1332 4
      vertex 5.82736 28.0474 4
      vertex 6.1755 28.023 4
    endloop
  endfacet
  facet normal 0 0 1
    outer loop
      vertex 6.35 30.1332 4
      vertex 5.48176 28.096 4
      vertex 5.82736 28.0474 4
    endloop
  endfacet
  facet normal 0 0 1
    outer loop
      vertex 6.35 30.1332 4
      vertex 5.14039 28.1685 4
      vertex 5.48176 28.096 4
    endloop
  endfacet
  facet normal 0 0 1
    outer loop
      vertex 6.35 30.1332 4
      vertex 4.80491 28.2647 4
      vertex 5.14039 28.1685 4
    endloop
  endfacet
  facet normal 0 0 1
    outer loop
      vertex 6.35 30.1332 4
      vertex 4.47697 28.3841 4
      vertex 4.80491 28.2647 4
    endloop
  endfacet
  facet normal 0 0 1
    outer loop
      vertex 6.35 30.1332 4
      vertex 4.15814 28.526 4
      vertex 4.47697 28.3841 4
    endloop
  endfacet
  facet normal 0 0 1
    outer loop
      vertex 3.85 28.6899 4
      vertex 6.35 30.1332 4
      vertex 3.85 31.5766 4
    endloop
  endfacet
  facet normal 0 0 1
    outer loop
      vertex 6.35 30.1332 4
      vertex 3.85 28.6899 4
      vertex 4.15814 28.526 4
    endloop
  endfacet
  facet normal 0.999389 -0.0349557 0
    outer loop
      vertex 11.3378 32.6712 4
      vertex 11.35 33.02 3
      vertex 11.35 33.02 4
    endloop
  endfacet
  facet normal 0.999389 -0.0349557 0
    outer loop
      vertex 11.35 33.02 3
      vertex 11.3378 32.6712 4
      vertex 11.3378 32.6712 3
    endloop
  endfacet
  facet normal 0.898796 -0.438367 0
    outer loop
      vertex 10.7647 30.6726 4
      vertex 10.9177 30.9863 3
      vertex 10.9177 30.9863 4
    endloop
  endfacet
  facet normal 0.898796 -0.438367 0
    outer loop
      vertex 10.9177 30.9863 3
      vertex 10.7647 30.6726 4
      vertex 10.7647 30.6726 3
    endloop
  endfacet
  facet normal 0.98481 -0.173638 0
    outer loop
      vertex 11.2407 31.9804 4
      vertex 11.3013 32.3241 3
      vertex 11.3013 32.3241 4
    endloop
  endfacet
  facet normal 0.98481 -0.173638 0
    outer loop
      vertex 11.3013 32.3241 3
      vertex 11.2407 31.9804 4
      vertex 11.2407 31.9804 3
    endloop
  endfacet
  facet normal 0.970311 -0.241861 0
    outer loop
      vertex 11.1563 31.6418 4
      vertex 11.2407 31.9804 3
      vertex 11.2407 31.9804 4
    endloop
  endfacet
  facet normal 0.970311 -0.241861 0
    outer loop
      vertex 11.2407 31.9804 3
      vertex 11.1563 31.6418 4
      vertex 11.1563 31.6418 3
    endloop
  endfacet
  facet normal 0.994516 -0.10458 0
    outer loop
      vertex 11.3013 32.3241 4
      vertex 11.3378 32.6712 3
      vertex 11.3378 32.6712 4
    endloop
  endfacet
  facet normal 0.994516 -0.10458 0
    outer loop
      vertex 11.3378 32.6712 3
      vertex 11.3013 32.3241 4
      vertex 11.3013 32.3241 3
    endloop
  endfacet
  facet normal 0.927127 -0.374747 0
    outer loop
      vertex 10.9177 30.9863 4
      vertex 11.0485 31.3099 3
      vertex 11.0485 31.3099 4
    endloop
  endfacet
  facet normal 0.927127 -0.374747 0
    outer loop
      vertex 11.0485 31.3099 3
      vertex 10.9177 30.9863 4
      vertex 10.9177 30.9863 3
    endloop
  endfacet
  facet normal 0.787946 -0.615744 0
    outer loop
      vertex 10.1802 29.8061 4
      vertex 10.3951 30.0811 3
      vertex 10.3951 30.0811 4
    endloop
  endfacet
  facet normal 0.787946 -0.615744 0
    outer loop
      vertex 10.3951 30.0811 3
      vertex 10.1802 29.8061 4
      vertex 10.1802 29.8061 3
    endloop
  endfacet
  facet normal -0.406612 -0.913601 0
    outer loop
      vertex 4.15814 28.526 3
      vertex 4.47697 28.3841 4
      vertex 4.15814 28.526 4
    endloop
  endfacet
  facet normal -0.406612 -0.913601 -0
    outer loop
      vertex 4.47697 28.3841 4
      vertex 4.15814 28.526 3
      vertex 4.47697 28.3841 3
    endloop
  endfacet
  facet normal 0.207746 -0.978183 0
    outer loop
      vertex 7.21824 28.096 3
      vertex 7.55961 28.1685 4
      vertex 7.21824 28.096 4
    endloop
  endfacet
  facet normal 0.207746 -0.978183 0
    outer loop
      vertex 7.55961 28.1685 4
      vertex 7.21824 28.096 3
      vertex 7.55961 28.1685 3
    endloop
  endfacet
  facet normal 0.342111 -0.93966 0
    outer loop
      vertex 7.89508 28.2647 3
      vertex 8.22303 28.3841 4
      vertex 7.89508 28.2647 4
    endloop
  endfacet
  facet normal 0.342111 -0.93966 0
    outer loop
      vertex 8.22303 28.3841 4
      vertex 7.89508 28.2647 3
      vertex 8.22303 28.3841 3
    endloop
  endfacet
  facet normal -0.587712 0.809071 0
    outer loop
      vertex 3.55404 37.1652 3
      vertex 3.27169 36.9601 4
      vertex 3.55404 37.1652 4
    endloop
  endfacet
  facet normal -0.587712 0.809071 0
    outer loop
      vertex 3.27169 36.9601 4
      vertex 3.55404 37.1652 3
      vertex 3.27169 36.9601 3
    endloop
  endfacet
  facet normal -0.34212 0.939656 0
    outer loop
      vertex 4.80491 37.7753 3
      vertex 4.47697 37.6559 4
      vertex 4.80491 37.7753 4
    endloop
  endfacet
  facet normal -0.34212 0.939656 0
    outer loop
      vertex 4.47697 37.6559 4
      vertex 4.80491 37.7753 3
      vertex 4.47697 37.6559 3
    endloop
  endfacet
  facet normal -0.139255 0.990257 0
    outer loop
      vertex 5.82736 37.9926 3
      vertex 5.48176 37.944 4
      vertex 5.82736 37.9926 4
    endloop
  endfacet
  facet normal -0.139255 0.990257 0
    outer loop
      vertex 5.48176 37.944 4
      vertex 5.82736 37.9926 3
      vertex 5.48176 37.944 3
    endloop
  endfacet
  facet normal 0.694605 -0.719392 0
    outer loop
      vertex 9.69565 29.3043 3
      vertex 9.9467 29.5467 4
      vertex 9.69565 29.3043 4
    endloop
  endfacet
  facet normal 0.694605 -0.719392 0
    outer loop
      vertex 9.9467 29.5467 4
      vertex 9.69565 29.3043 3
      vertex 9.9467 29.5467 3
    endloop
  endfacet
  facet normal 0.743237 -0.669028 0
    outer loop
      vertex 9.9467 29.5467 4
      vertex 10.1802 29.8061 3
      vertex 10.1802 29.8061 4
    endloop
  endfacet
  facet normal 0.743237 -0.669028 0
    outer loop
      vertex 10.1802 29.8061 3
      vertex 9.9467 29.5467 4
      vertex 9.9467 29.5467 3
    endloop
  endfacet
  facet normal 0.469603 -0.882877 0
    outer loop
      vertex 8.54186 28.526 3
      vertex 8.85 28.6899 4
      vertex 8.54186 28.526 4
    endloop
  endfacet
  facet normal 0.469603 -0.882877 0
    outer loop
      vertex 8.85 28.6899 4
      vertex 8.54186 28.526 3
      vertex 8.85 28.6899 3
    endloop
  endfacet
  facet normal 0.642914 -0.765938 0
    outer loop
      vertex 9.42831 29.0799 3
      vertex 9.69565 29.3043 4
      vertex 9.42831 29.0799 4
    endloop
  endfacet
  facet normal 0.642914 -0.765938 0
    outer loop
      vertex 9.69565 29.3043 4
      vertex 9.42831 29.0799 3
      vertex 9.69565 29.3043 3
    endloop
  endfacet
  facet normal 0.587712 -0.809071 0
    outer loop
      vertex 9.14596 28.8748 3
      vertex 9.42831 29.0799 4
      vertex 9.14596 28.8748 4
    endloop
  endfacet
  facet normal 0.587712 -0.809071 0
    outer loop
      vertex 9.42831 29.0799 4
      vertex 9.14596 28.8748 3
      vertex 9.42831 29.0799 3
    endloop
  endfacet
  facet normal 0.829084 -0.559123 0
    outer loop
      vertex 10.3951 30.0811 4
      vertex 10.5902 30.3704 3
      vertex 10.5902 30.3704 4
    endloop
  endfacet
  facet normal 0.829084 -0.559123 0
    outer loop
      vertex 10.5902 30.3704 3
      vertex 10.3951 30.0811 4
      vertex 10.3951 30.0811 3
    endloop
  endfacet
  facet normal 0.865995 -0.500053 0
    outer loop
      vertex 10.5902 30.3704 4
      vertex 10.7647 30.6726 3
      vertex 10.7647 30.6726 4
    endloop
  endfacet
  facet normal 0.865995 -0.500053 0
    outer loop
      vertex 10.7647 30.6726 3
      vertex 10.5902 30.3704 4
      vertex 10.5902 30.3704 3
    endloop
  endfacet
  facet normal -0.0699152 -0.997553 0
    outer loop
      vertex 5.82736 28.0474 3
      vertex 6.1755 28.023 4
      vertex 5.82736 28.0474 4
    endloop
  endfacet
  facet normal -0.0699152 -0.997553 -0
    outer loop
      vertex 6.1755 28.023 4
      vertex 5.82736 28.0474 3
      vertex 6.1755 28.023 3
    endloop
  endfacet
  facet normal -0.207746 -0.978183 0
    outer loop
      vertex 5.14039 28.1685 3
      vertex 5.48176 28.096 4
      vertex 5.14039 28.1685 4
    endloop
  endfacet
  facet normal -0.207746 -0.978183 -0
    outer loop
      vertex 5.48176 28.096 4
      vertex 5.14039 28.1685 3
      vertex 5.48176 28.096 3
    endloop
  endfacet
  facet normal -0.529844 -0.848095 0
    outer loop
      vertex 3.55404 28.8748 3
      vertex 3.85 28.6899 4
      vertex 3.55404 28.8748 4
    endloop
  endfacet
  facet normal -0.529844 -0.848095 -0
    outer loop
      vertex 3.85 28.6899 4
      vertex 3.55404 28.8748 3
      vertex 3.85 28.6899 3
    endloop
  endfacet
  facet normal -0.829018 -0.559222 0
    outer loop
      vertex 2.30491 30.0811 3
      vertex 2.10976 30.3704 4
      vertex 2.10976 30.3704 3
    endloop
  endfacet
  facet normal -0.829018 -0.559222 0
    outer loop
      vertex 2.10976 30.3704 4
      vertex 2.30491 30.0811 3
      vertex 2.30491 30.0811 4
    endloop
  endfacet
  facet normal -0.898807 -0.438344 0
    outer loop
      vertex 1.93526 30.6726 3
      vertex 1.78227 30.9863 4
      vertex 1.78227 30.9863 3
    endloop
  endfacet
  facet normal -0.898807 -0.438344 0
    outer loop
      vertex 1.78227 30.9863 4
      vertex 1.93526 30.6726 3
      vertex 1.93526 30.6726 4
    endloop
  endfacet
  facet normal -0.787988 -0.615691 0
    outer loop
      vertex 2.51978 29.8061 3
      vertex 2.30491 30.0811 4
      vertex 2.30491 30.0811 3
    endloop
  endfacet
  facet normal -0.787988 -0.615691 0
    outer loop
      vertex 2.30491 30.0811 4
      vertex 2.51978 29.8061 3
      vertex 2.51978 29.8061 4
    endloop
  endfacet
  facet normal -0.927197 -0.374575 0
    outer loop
      vertex 1.78227 30.9863 3
      vertex 1.65154 31.3099 4
      vertex 1.65154 31.3099 3
    endloop
  endfacet
  facet normal -0.927197 -0.374575 0
    outer loop
      vertex 1.65154 31.3099 4
      vertex 1.78227 30.9863 3
      vertex 1.78227 30.9863 4
    endloop
  endfacet
  facet normal -0.98481 -0.173638 0
    outer loop
      vertex 1.45926 31.9804 3
      vertex 1.39866 32.3241 4
      vertex 1.39866 32.3241 3
    endloop
  endfacet
  facet normal -0.98481 -0.173638 0
    outer loop
      vertex 1.39866 32.3241 4
      vertex 1.45926 31.9804 3
      vertex 1.45926 31.9804 4
    endloop
  endfacet
  facet normal 0.529844 -0.848095 0
    outer loop
      vertex 8.85 28.6899 3
      vertex 9.14596 28.8748 4
      vertex 8.85 28.6899 4
    endloop
  endfacet
  facet normal 0.529844 -0.848095 0
    outer loop
      vertex 9.14596 28.8748 4
      vertex 8.85 28.6899 3
      vertex 9.14596 28.8748 3
    endloop
  endfacet
  facet normal -0.275644 -0.96126 0
    outer loop
      vertex 4.80491 28.2647 3
      vertex 5.14039 28.1685 4
      vertex 4.80491 28.2647 4
    endloop
  endfacet
  facet normal -0.275644 -0.96126 -0
    outer loop
      vertex 5.14039 28.1685 4
      vertex 4.80491 28.2647 3
      vertex 5.14039 28.1685 3
    endloop
  endfacet
  facet normal -0.642914 -0.765938 0
    outer loop
      vertex 3.00435 29.3043 3
      vertex 3.27169 29.0799 4
      vertex 3.00435 29.3043 4
    endloop
  endfacet
  facet normal -0.642914 -0.765938 -0
    outer loop
      vertex 3.27169 29.0799 4
      vertex 3.00435 29.3043 3
      vertex 3.27169 29.0799 3
    endloop
  endfacet
  facet normal -0.587712 -0.809071 0
    outer loop
      vertex 3.27169 29.0799 3
      vertex 3.55404 28.8748 4
      vertex 3.27169 29.0799 4
    endloop
  endfacet
  facet normal -0.587712 -0.809071 -0
    outer loop
      vertex 3.55404 28.8748 4
      vertex 3.27169 29.0799 3
      vertex 3.55404 28.8748 3
    endloop
  endfacet
  facet normal -0.34212 -0.939656 0
    outer loop
      vertex 4.47697 28.3841 3
      vertex 4.80491 28.2647 4
      vertex 4.47697 28.3841 4
    endloop
  endfacet
  facet normal -0.34212 -0.939656 -0
    outer loop
      vertex 4.80491 28.2647 4
      vertex 4.47697 28.3841 3
      vertex 4.80491 28.2647 3
    endloop
  endfacet
  facet normal -0.865995 -0.500053 0
    outer loop
      vertex 2.10976 30.3704 3
      vertex 1.93526 30.6726 4
      vertex 1.93526 30.6726 3
    endloop
  endfacet
  facet normal -0.865995 -0.500053 0
    outer loop
      vertex 1.93526 30.6726 4
      vertex 2.10976 30.3704 3
      vertex 2.10976 30.3704 4
    endloop
  endfacet
  facet normal -0.694605 -0.719392 0
    outer loop
      vertex 2.7533 29.5467 3
      vertex 3.00435 29.3043 4
      vertex 2.7533 29.5467 4
    endloop
  endfacet
  facet normal -0.694605 -0.719392 -0
    outer loop
      vertex 3.00435 29.3043 4
      vertex 2.7533 29.5467 3
      vertex 3.00435 29.3043 3
    endloop
  endfacet
  facet normal -0.743209 -0.66906 0
    outer loop
      vertex 2.7533 29.5467 3
      vertex 2.51978 29.8061 4
      vertex 2.51978 29.8061 3
    endloop
  endfacet
  facet normal -0.743209 -0.66906 0
    outer loop
      vertex 2.51978 29.8061 4
      vertex 2.7533 29.5467 3
      vertex 2.7533 29.5467 4
    endloop
  endfacet
  facet normal -0.951049 -0.309041 0
    outer loop
      vertex 1.65154 31.3099 3
      vertex 1.54369 31.6418 4
      vertex 1.54369 31.6418 3
    endloop
  endfacet
  facet normal -0.951049 -0.309041 0
    outer loop
      vertex 1.54369 31.6418 4
      vertex 1.65154 31.3099 3
      vertex 1.65154 31.3099 4
    endloop
  endfacet
  facet normal -0.970291 -0.241942 0
    outer loop
      vertex 1.54369 31.6418 3
      vertex 1.45926 31.9804 4
      vertex 1.45926 31.9804 3
    endloop
  endfacet
  facet normal -0.970291 -0.241942 0
    outer loop
      vertex 1.45926 31.9804 4
      vertex 1.54369 31.6418 3
      vertex 1.54369 31.6418 4
    endloop
  endfacet
  facet normal -0.994522 -0.104524 0
    outer loop
      vertex 1.39866 32.3241 3
      vertex 1.36218 32.6712 4
      vertex 1.36218 32.6712 3
    endloop
  endfacet
  facet normal -0.994522 -0.104524 0
    outer loop
      vertex 1.36218 32.6712 4
      vertex 1.39866 32.3241 3
      vertex 1.39866 32.3241 4
    endloop
  endfacet
  facet normal -0.999391 -0.0348985 0
    outer loop
      vertex 1.36218 32.6712 3
      vertex 1.35 33.02 4
      vertex 1.35 33.02 3
    endloop
  endfacet
  facet normal -0.999391 -0.0348985 0
    outer loop
      vertex 1.35 33.02 4
      vertex 1.36218 32.6712 3
      vertex 1.36218 32.6712 4
    endloop
  endfacet
  facet normal 0.275652 -0.961258 0
    outer loop
      vertex 7.55961 28.1685 3
      vertex 7.89508 28.2647 4
      vertex 7.55961 28.1685 4
    endloop
  endfacet
  facet normal 0.275652 -0.961258 0
    outer loop
      vertex 7.89508 28.2647 4
      vertex 7.55961 28.1685 3
      vertex 7.89508 28.2647 3
    endloop
  endfacet
  facet normal 0.139255 -0.990257 0
    outer loop
      vertex 6.87264 28.0474 3
      vertex 7.21824 28.096 4
      vertex 6.87264 28.0474 4
    endloop
  endfacet
  facet normal 0.139255 -0.990257 0
    outer loop
      vertex 7.21824 28.096 4
      vertex 6.87264 28.0474 3
      vertex 7.21824 28.096 3
    endloop
  endfacet
  facet normal -0.139255 -0.990257 0
    outer loop
      vertex 5.48176 28.096 3
      vertex 5.82736 28.0474 4
      vertex 5.48176 28.096 4
    endloop
  endfacet
  facet normal -0.139255 -0.990257 -0
    outer loop
      vertex 5.82736 28.0474 4
      vertex 5.48176 28.096 3
      vertex 5.82736 28.0474 3
    endloop
  endfacet
  facet normal -0.469603 -0.882877 0
    outer loop
      vertex 3.85 28.6899 3
      vertex 4.15814 28.526 4
      vertex 3.85 28.6899 4
    endloop
  endfacet
  facet normal -0.469603 -0.882877 -0
    outer loop
      vertex 4.15814 28.526 4
      vertex 3.85 28.6899 3
      vertex 4.15814 28.526 3
    endloop
  endfacet
  facet normal -0.984807 -0.173655 0
    outer loop
      vertex 7.8354 33.2288 2.3
      vertex 7.81722 33.3319 13
      vertex 7.81722 33.3319 2.3
    endloop
  endfacet
  facet normal -0.984807 -0.173655 0
    outer loop
      vertex 7.81722 33.3319 13
      vertex 7.8354 33.2288 2.3
      vertex 7.8354 33.2288 13
    endloop
  endfacet
  facet normal -0.999392 -0.0348736 0
    outer loop
      vertex 7.85 33.02 2.3
      vertex 7.84635 33.1246 13
      vertex 7.84635 33.1246 2.3
    endloop
  endfacet
  facet normal -0.999392 -0.0348736 0
    outer loop
      vertex 7.84635 33.1246 13
      vertex 7.85 33.02 2.3
      vertex 7.85 33.02 13
    endloop
  endfacet
  facet normal 0.999392 -0.0348736 0
    outer loop
      vertex 4.85 33.02 13
      vertex 4.85365 33.1246 2.3
      vertex 4.85365 33.1246 13
    endloop
  endfacet
  facet normal 0.999392 -0.0348736 0
    outer loop
      vertex 4.85365 33.1246 2.3
      vertex 4.85 33.02 13
      vertex 4.85 33.02 2.3
    endloop
  endfacet
  facet normal -0.69453 -0.719464 0
    outer loop
      vertex 7.3537 34.1347 2.3
      vertex 7.42901 34.062 13
      vertex 7.3537 34.1347 13
    endloop
  endfacet
  facet normal -0.69453 -0.719464 -0
    outer loop
      vertex 7.42901 34.062 13
      vertex 7.3537 34.1347 2.3
      vertex 7.42901 34.062 2.3
    endloop
  endfacet
  facet normal 0.69453 -0.719464 0
    outer loop
      vertex 5.27099 34.062 2.3
      vertex 5.3463 34.1347 13
      vertex 5.27099 34.062 13
    endloop
  endfacet
  facet normal 0.69453 -0.719464 0
    outer loop
      vertex 5.3463 34.1347 13
      vertex 5.27099 34.062 2.3
      vertex 5.3463 34.1347 2.3
    endloop
  endfacet
  facet normal 0.341927 -0.939726 0
    outer loop
      vertex 5.78809 34.4108 2.3
      vertex 5.88648 34.4466 13
      vertex 5.78809 34.4108 13
    endloop
  endfacet
  facet normal 0.341927 -0.939726 0
    outer loop
      vertex 5.88648 34.4466 13
      vertex 5.78809 34.4108 2.3
      vertex 5.88648 34.4466 2.3
    endloop
  endfacet
  facet normal -0.898778 -0.438405 0
    outer loop
      vertex 7.72032 33.6301 2.3
      vertex 7.67442 33.7242 13
      vertex 7.67442 33.7242 2.3
    endloop
  endfacet
  facet normal -0.898778 -0.438405 0
    outer loop
      vertex 7.67442 33.7242 13
      vertex 7.72032 33.6301 2.3
      vertex 7.72032 33.6301 13
    endloop
  endfacet
  facet normal -0.406847 -0.913496 0
    outer loop
      vertex 6.91191 34.4108 2.3
      vertex 7.00756 34.3682 13
      vertex 6.91191 34.4108 13
    endloop
  endfacet
  facet normal -0.406847 -0.913496 -0
    outer loop
      vertex 7.00756 34.3682 13
      vertex 6.91191 34.4108 2.3
      vertex 7.00756 34.3682 2.3
    endloop
  endfacet
  facet normal 0.86609 -0.499888 0
    outer loop
      vertex 5.02558 33.7242 13
      vertex 5.07793 33.8149 2.3
      vertex 5.07793 33.8149 13
    endloop
  endfacet
  facet normal 0.86609 -0.499888 0
    outer loop
      vertex 5.07793 33.8149 2.3
      vertex 5.02558 33.7242 13
      vertex 5.02558 33.7242 2.3
    endloop
  endfacet
  facet normal 0.829026 -0.55921 0
    outer loop
      vertex 5.07793 33.8149 13
      vertex 5.13648 33.9017 2.3
      vertex 5.13648 33.9017 13
    endloop
  endfacet
  facet normal 0.829026 -0.55921 0
    outer loop
      vertex 5.13648 33.9017 2.3
      vertex 5.07793 33.8149 13
      vertex 5.07793 33.8149 2.3
    endloop
  endfacet
  facet normal -0.9703 -0.241906 0
    outer loop
      vertex 7.81722 33.3319 2.3
      vertex 7.79189 33.4335 13
      vertex 7.79189 33.4335 2.3
    endloop
  endfacet
  facet normal -0.9703 -0.241906 0
    outer loop
      vertex 7.79189 33.4335 13
      vertex 7.81722 33.3319 2.3
      vertex 7.81722 33.3319 13
    endloop
  endfacet
  facet normal -0.950999 -0.309194 0
    outer loop
      vertex 7.79189 33.4335 2.3
      vertex 7.75954 33.533 13
      vertex 7.75954 33.533 2.3
    endloop
  endfacet
  facet normal -0.950999 -0.309194 0
    outer loop
      vertex 7.75954 33.533 13
      vertex 7.79189 33.4335 2.3
      vertex 7.79189 33.4335 13
    endloop
  endfacet
  facet normal -0.829026 -0.55921 0
    outer loop
      vertex 7.62207 33.8149 2.3
      vertex 7.56352 33.9017 13
      vertex 7.56352 33.9017 2.3
    endloop
  endfacet
  facet normal -0.829026 -0.55921 0
    outer loop
      vertex 7.56352 33.9017 13
      vertex 7.62207 33.8149 2.3
      vertex 7.62207 33.8149 13
    endloop
  endfacet
  facet normal -0.743104 -0.669176 0
    outer loop
      vertex 7.49907 33.9842 2.3
      vertex 7.42901 34.062 13
      vertex 7.42901 34.062 2.3
    endloop
  endfacet
  facet normal -0.743104 -0.669176 0
    outer loop
      vertex 7.42901 34.062 13
      vertex 7.49907 33.9842 2.3
      vertex 7.49907 33.9842 13
    endloop
  endfacet
  facet normal -0.208205 -0.978085 0
    outer loop
      vertex 6.61047 34.4972 2.3
      vertex 6.71288 34.4754 13
      vertex 6.61047 34.4972 13
    endloop
  endfacet
  facet normal -0.208205 -0.978085 -0
    outer loop
      vertex 6.71288 34.4754 13
      vertex 6.61047 34.4972 2.3
      vertex 6.71288 34.4754 2.3
    endloop
  endfacet
  facet normal -0.588172 -0.808736 0
    outer loop
      vertex 7.18879 34.2636 2.3
      vertex 7.27349 34.202 13
      vertex 7.18879 34.2636 13
    endloop
  endfacet
  facet normal -0.588172 -0.808736 -0
    outer loop
      vertex 7.27349 34.202 13
      vertex 7.18879 34.2636 2.3
      vertex 7.27349 34.202 2.3
    endloop
  endfacet
  facet normal -0.469835 -0.882754 0
    outer loop
      vertex 7.00756 34.3682 2.3
      vertex 7.1 34.319 13
      vertex 7.00756 34.3682 13
    endloop
  endfacet
  facet normal -0.469835 -0.882754 -0
    outer loop
      vertex 7.1 34.319 13
      vertex 7.00756 34.3682 2.3
      vertex 7.1 34.319 2.3
    endloop
  endfacet
  facet normal -0.529355 -0.848401 0
    outer loop
      vertex 7.1 34.319 2.3
      vertex 7.18879 34.2636 13
      vertex 7.1 34.319 13
    endloop
  endfacet
  facet normal -0.529355 -0.848401 -0
    outer loop
      vertex 7.18879 34.2636 13
      vertex 7.1 34.319 2.3
      vertex 7.18879 34.2636 2.3
    endloop
  endfacet
  facet normal 0.950999 -0.309194 0
    outer loop
      vertex 4.90811 33.4335 13
      vertex 4.94046 33.533 2.3
      vertex 4.94046 33.533 13
    endloop
  endfacet
  facet normal 0.950999 -0.309194 0
    outer loop
      vertex 4.94046 33.533 2.3
      vertex 4.90811 33.4335 13
      vertex 4.90811 33.4335 2.3
    endloop
  endfacet
  facet normal 0.9703 -0.241906 0
    outer loop
      vertex 4.88278 33.3319 13
      vertex 4.90811 33.4335 2.3
      vertex 4.90811 33.4335 13
    endloop
  endfacet
  facet normal 0.9703 -0.241906 0
    outer loop
      vertex 4.90811 33.4335 2.3
      vertex 4.88278 33.3319 13
      vertex 4.88278 33.3319 2.3
    endloop
  endfacet
  facet normal 0.994524 -0.104511 0
    outer loop
      vertex 4.85365 33.1246 13
      vertex 4.8646 33.2288 2.3
      vertex 4.8646 33.2288 13
    endloop
  endfacet
  facet normal 0.994524 -0.104511 0
    outer loop
      vertex 4.8646 33.2288 2.3
      vertex 4.85365 33.1246 13
      vertex 4.85365 33.1246 2.3
    endloop
  endfacet
  facet normal 0.529355 -0.848401 0
    outer loop
      vertex 5.51121 34.2636 2.3
      vertex 5.6 34.319 13
      vertex 5.51121 34.2636 13
    endloop
  endfacet
  facet normal 0.529355 -0.848401 0
    outer loop
      vertex 5.6 34.319 13
      vertex 5.51121 34.2636 2.3
      vertex 5.6 34.319 2.3
    endloop
  endfacet
  facet normal 0.642764 -0.766064 0
    outer loop
      vertex 5.3463 34.1347 2.3
      vertex 5.42651 34.202 13
      vertex 5.3463 34.1347 13
    endloop
  endfacet
  facet normal 0.642764 -0.766064 0
    outer loop
      vertex 5.42651 34.202 13
      vertex 5.3463 34.1347 2.3
      vertex 5.42651 34.202 2.3
    endloop
  endfacet
  facet normal 0.0697265 -0.997566 0
    outer loop
      vertex 6.19321 34.5118 2.3
      vertex 6.29765 34.5191 13
      vertex 6.19321 34.5118 13
    endloop
  endfacet
  facet normal 0.0697265 -0.997566 0
    outer loop
      vertex 6.29765 34.5191 13
      vertex 6.19321 34.5118 2.3
      vertex 6.29765 34.5191 2.3
    endloop
  endfacet
  facet normal -0.950999 0.309194 0
    outer loop
      vertex 7.75954 32.507 2.3
      vertex 7.79189 32.6065 13
      vertex 7.79189 32.6065 2.3
    endloop
  endfacet
  facet normal -0.950999 0.309194 0
    outer loop
      vertex 7.79189 32.6065 13
      vertex 7.75954 32.507 2.3
      vertex 7.75954 32.507 13
    endloop
  endfacet
  facet normal 0.829026 0.55921 0
    outer loop
      vertex 5.13648 32.1383 13
      vertex 5.07793 32.2251 2.3
      vertex 5.07793 32.2251 13
    endloop
  endfacet
  facet normal 0.829026 0.55921 0
    outer loop
      vertex 5.07793 32.2251 2.3
      vertex 5.13648 32.1383 13
      vertex 5.13648 32.1383 2.3
    endloop
  endfacet
  facet normal 0.950999 0.309194 0
    outer loop
      vertex 4.94046 32.507 13
      vertex 4.90811 32.6065 2.3
      vertex 4.90811 32.6065 13
    endloop
  endfacet
  facet normal 0.950999 0.309194 0
    outer loop
      vertex 4.90811 32.6065 2.3
      vertex 4.94046 32.507 13
      vertex 4.94046 32.507 2.3
    endloop
  endfacet
  facet normal -0.275125 0.961409 0
    outer loop
      vertex 6.81352 31.5934 2.3
      vertex 6.71288 31.5646 13
      vertex 6.81352 31.5934 13
    endloop
  endfacet
  facet normal -0.275125 0.961409 0
    outer loop
      vertex 6.71288 31.5646 13
      vertex 6.81352 31.5934 2.3
      vertex 6.71288 31.5646 2.3
    endloop
  endfacet
  facet normal -0.86609 -0.499888 0
    outer loop
      vertex 7.67442 33.7242 2.3
      vertex 7.62207 33.8149 13
      vertex 7.62207 33.8149 2.3
    endloop
  endfacet
  facet normal -0.86609 -0.499888 0
    outer loop
      vertex 7.62207 33.8149 13
      vertex 7.67442 33.7242 2.3
      vertex 7.67442 33.7242 13
    endloop
  endfacet
  facet normal 0 -1 0
    outer loop
      vertex 6.29765 34.5191 2.3
      vertex 6.40235 34.5191 13
      vertex 6.29765 34.5191 13
    endloop
  endfacet
  facet normal 0 -1 -0
    outer loop
      vertex 6.40235 34.5191 13
      vertex 6.29765 34.5191 2.3
      vertex 6.40235 34.5191 2.3
    endloop
  endfacet
  facet normal -0.139442 -0.99023 0
    outer loop
      vertex 6.50679 34.5118 2.3
      vertex 6.61047 34.4972 13
      vertex 6.50679 34.5118 13
    endloop
  endfacet
  facet normal -0.139442 -0.99023 -0
    outer loop
      vertex 6.61047 34.4972 13
      vertex 6.50679 34.5118 2.3
      vertex 6.61047 34.4972 2.3
    endloop
  endfacet
  facet normal -0.275125 -0.961409 0
    outer loop
      vertex 6.71288 34.4754 2.3
      vertex 6.81352 34.4466 13
      vertex 6.71288 34.4754 13
    endloop
  endfacet
  facet normal -0.275125 -0.961409 -0
    outer loop
      vertex 6.81352 34.4466 13
      vertex 6.71288 34.4754 2.3
      vertex 6.81352 34.4466 2.3
    endloop
  endfacet
  facet normal -0.642764 -0.766064 0
    outer loop
      vertex 7.27349 34.202 2.3
      vertex 7.3537 34.1347 13
      vertex 7.27349 34.202 13
    endloop
  endfacet
  facet normal -0.642764 -0.766064 -0
    outer loop
      vertex 7.3537 34.1347 13
      vertex 7.27349 34.202 2.3
      vertex 7.3537 34.1347 2.3
    endloop
  endfacet
  facet normal 0.743104 -0.669176 0
    outer loop
      vertex 5.20093 33.9842 13
      vertex 5.27099 34.062 2.3
      vertex 5.27099 34.062 13
    endloop
  endfacet
  facet normal 0.743104 -0.669176 0
    outer loop
      vertex 5.27099 34.062 2.3
      vertex 5.20093 33.9842 13
      vertex 5.20093 33.9842 2.3
    endloop
  endfacet
  facet normal 0.788039 -0.615626 0
    outer loop
      vertex 5.13648 33.9017 13
      vertex 5.20093 33.9842 2.3
      vertex 5.20093 33.9842 13
    endloop
  endfacet
  facet normal 0.788039 -0.615626 0
    outer loop
      vertex 5.20093 33.9842 2.3
      vertex 5.13648 33.9017 13
      vertex 5.13648 33.9017 2.3
    endloop
  endfacet
  facet normal 0.92722 -0.374517 0
    outer loop
      vertex 4.94046 33.533 13
      vertex 4.97968 33.6301 2.3
      vertex 4.97968 33.6301 13
    endloop
  endfacet
  facet normal 0.92722 -0.374517 0
    outer loop
      vertex 4.97968 33.6301 2.3
      vertex 4.94046 33.533 13
      vertex 4.94046 33.533 2.3
    endloop
  endfacet
  facet normal 0.898778 -0.438405 0
    outer loop
      vertex 4.97968 33.6301 13
      vertex 5.02558 33.7242 2.3
      vertex 5.02558 33.7242 13
    endloop
  endfacet
  facet normal 0.898778 -0.438405 0
    outer loop
      vertex 5.02558 33.7242 2.3
      vertex 4.97968 33.6301 13
      vertex 4.97968 33.6301 2.3
    endloop
  endfacet
  facet normal 0.984807 -0.173655 0
    outer loop
      vertex 4.8646 33.2288 13
      vertex 4.88278 33.3319 2.3
      vertex 4.88278 33.3319 13
    endloop
  endfacet
  facet normal 0.984807 -0.173655 0
    outer loop
      vertex 4.88278 33.3319 2.3
      vertex 4.8646 33.2288 13
      vertex 4.8646 33.2288 2.3
    endloop
  endfacet
  facet normal 0.406847 -0.913496 0
    outer loop
      vertex 5.69244 34.3682 2.3
      vertex 5.78809 34.4108 13
      vertex 5.69244 34.3682 13
    endloop
  endfacet
  facet normal 0.406847 -0.913496 0
    outer loop
      vertex 5.78809 34.4108 13
      vertex 5.69244 34.3682 2.3
      vertex 5.78809 34.4108 2.3
    endloop
  endfacet
  facet normal 0.469835 -0.882754 0
    outer loop
      vertex 5.6 34.319 2.3
      vertex 5.69244 34.3682 13
      vertex 5.6 34.319 13
    endloop
  endfacet
  facet normal 0.469835 -0.882754 0
    outer loop
      vertex 5.69244 34.3682 13
      vertex 5.6 34.319 2.3
      vertex 5.69244 34.3682 2.3
    endloop
  endfacet
  facet normal 0.588172 -0.808736 0
    outer loop
      vertex 5.42651 34.202 2.3
      vertex 5.51121 34.2636 13
      vertex 5.42651 34.202 13
    endloop
  endfacet
  facet normal 0.588172 -0.808736 0
    outer loop
      vertex 5.51121 34.2636 13
      vertex 5.42651 34.202 2.3
      vertex 5.51121 34.2636 2.3
    endloop
  endfacet
  facet normal 0.275125 -0.961409 0
    outer loop
      vertex 5.88648 34.4466 2.3
      vertex 5.98712 34.4754 13
      vertex 5.88648 34.4466 13
    endloop
  endfacet
  facet normal 0.275125 -0.961409 0
    outer loop
      vertex 5.98712 34.4754 13
      vertex 5.88648 34.4466 2.3
      vertex 5.98712 34.4754 2.3
    endloop
  endfacet
  facet normal 0.139442 -0.99023 0
    outer loop
      vertex 6.08953 34.4972 2.3
      vertex 6.19321 34.5118 13
      vertex 6.08953 34.4972 13
    endloop
  endfacet
  facet normal 0.139442 -0.99023 0
    outer loop
      vertex 6.19321 34.5118 13
      vertex 6.08953 34.4972 2.3
      vertex 6.19321 34.5118 2.3
    endloop
  endfacet
  facet normal 0.208205 -0.978085 0
    outer loop
      vertex 5.98712 34.4754 2.3
      vertex 6.08953 34.4972 13
      vertex 5.98712 34.4754 13
    endloop
  endfacet
  facet normal 0.208205 -0.978085 0
    outer loop
      vertex 6.08953 34.4972 13
      vertex 5.98712 34.4754 2.3
      vertex 6.08953 34.4972 2.3
    endloop
  endfacet
  facet normal -0.984807 0.173655 0
    outer loop
      vertex 7.81722 32.7081 2.3
      vertex 7.8354 32.8112 13
      vertex 7.8354 32.8112 2.3
    endloop
  endfacet
  facet normal -0.984807 0.173655 0
    outer loop
      vertex 7.8354 32.8112 13
      vertex 7.81722 32.7081 2.3
      vertex 7.81722 32.7081 13
    endloop
  endfacet
  facet normal -0.86609 0.499888 0
    outer loop
      vertex 7.62207 32.2251 2.3
      vertex 7.67442 32.3158 13
      vertex 7.67442 32.3158 2.3
    endloop
  endfacet
  facet normal -0.86609 0.499888 0
    outer loop
      vertex 7.67442 32.3158 13
      vertex 7.62207 32.2251 2.3
      vertex 7.62207 32.2251 13
    endloop
  endfacet
  facet normal 0 1 -0
    outer loop
      vertex 6.40235 31.5209 2.3
      vertex 6.29765 31.5209 13
      vertex 6.40235 31.5209 13
    endloop
  endfacet
  facet normal 0 1 0
    outer loop
      vertex 6.29765 31.5209 13
      vertex 6.40235 31.5209 2.3
      vertex 6.29765 31.5209 2.3
    endloop
  endfacet
  facet normal 0.9703 0.241906 0
    outer loop
      vertex 4.90811 32.6065 13
      vertex 4.88278 32.7081 2.3
      vertex 4.88278 32.7081 13
    endloop
  endfacet
  facet normal 0.9703 0.241906 0
    outer loop
      vertex 4.88278 32.7081 2.3
      vertex 4.90811 32.6065 13
      vertex 4.90811 32.6065 2.3
    endloop
  endfacet
  facet normal 0.999392 0.0348736 0
    outer loop
      vertex 4.85365 32.9154 13
      vertex 4.85 33.02 2.3
      vertex 4.85 33.02 13
    endloop
  endfacet
  facet normal 0.999392 0.0348736 0
    outer loop
      vertex 4.85 33.02 2.3
      vertex 4.85365 32.9154 13
      vertex 4.85365 32.9154 2.3
    endloop
  endfacet
  facet normal -0.0697265 0.997566 0
    outer loop
      vertex 6.50679 31.5282 2.3
      vertex 6.40235 31.5209 13
      vertex 6.50679 31.5282 13
    endloop
  endfacet
  facet normal -0.0697265 0.997566 0
    outer loop
      vertex 6.40235 31.5209 13
      vertex 6.50679 31.5282 2.3
      vertex 6.40235 31.5209 2.3
    endloop
  endfacet
  facet normal -0.208205 0.978085 0
    outer loop
      vertex 6.71288 31.5646 2.3
      vertex 6.61047 31.5428 13
      vertex 6.71288 31.5646 13
    endloop
  endfacet
  facet normal -0.208205 0.978085 0
    outer loop
      vertex 6.61047 31.5428 13
      vertex 6.71288 31.5646 2.3
      vertex 6.61047 31.5428 2.3
    endloop
  endfacet
  facet normal -0.139442 0.99023 0
    outer loop
      vertex 6.61047 31.5428 2.3
      vertex 6.50679 31.5282 13
      vertex 6.61047 31.5428 13
    endloop
  endfacet
  facet normal -0.139442 0.99023 0
    outer loop
      vertex 6.50679 31.5282 13
      vertex 6.61047 31.5428 2.3
      vertex 6.50679 31.5282 2.3
    endloop
  endfacet
  facet normal -0.341927 0.939726 0
    outer loop
      vertex 6.91191 31.6292 2.3
      vertex 6.81352 31.5934 13
      vertex 6.91191 31.6292 13
    endloop
  endfacet
  facet normal -0.341927 0.939726 0
    outer loop
      vertex 6.81352 31.5934 13
      vertex 6.91191 31.6292 2.3
      vertex 6.81352 31.5934 2.3
    endloop
  endfacet
  facet normal -0.994524 -0.104511 0
    outer loop
      vertex 7.84635 33.1246 2.3
      vertex 7.8354 33.2288 13
      vertex 7.8354 33.2288 2.3
    endloop
  endfacet
  facet normal -0.994524 -0.104511 0
    outer loop
      vertex 7.8354 33.2288 13
      vertex 7.84635 33.1246 2.3
      vertex 7.84635 33.1246 13
    endloop
  endfacet
  facet normal -0.92722 -0.374517 0
    outer loop
      vertex 7.75954 33.533 2.3
      vertex 7.72032 33.6301 13
      vertex 7.72032 33.6301 2.3
    endloop
  endfacet
  facet normal -0.92722 -0.374517 0
    outer loop
      vertex 7.72032 33.6301 13
      vertex 7.75954 33.533 2.3
      vertex 7.75954 33.533 13
    endloop
  endfacet
  facet normal -0.788039 -0.615626 0
    outer loop
      vertex 7.56352 33.9017 2.3
      vertex 7.49907 33.9842 13
      vertex 7.49907 33.9842 2.3
    endloop
  endfacet
  facet normal -0.788039 -0.615626 0
    outer loop
      vertex 7.49907 33.9842 13
      vertex 7.56352 33.9017 2.3
      vertex 7.56352 33.9017 13
    endloop
  endfacet
  facet normal -0.0697265 -0.997566 0
    outer loop
      vertex 6.40235 34.5191 2.3
      vertex 6.50679 34.5118 13
      vertex 6.40235 34.5191 13
    endloop
  endfacet
  facet normal -0.0697265 -0.997566 -0
    outer loop
      vertex 6.50679 34.5118 13
      vertex 6.40235 34.5191 2.3
      vertex 6.50679 34.5118 2.3
    endloop
  endfacet
  facet normal -0.341927 -0.939726 0
    outer loop
      vertex 6.81352 34.4466 2.3
      vertex 6.91191 34.4108 13
      vertex 6.81352 34.4466 13
    endloop
  endfacet
  facet normal -0.341927 -0.939726 -0
    outer loop
      vertex 6.91191 34.4108 13
      vertex 6.81352 34.4466 2.3
      vertex 6.91191 34.4108 2.3
    endloop
  endfacet
  facet normal -0.999392 0.0348736 0
    outer loop
      vertex 7.84635 32.9154 2.3
      vertex 7.85 33.02 13
      vertex 7.85 33.02 2.3
    endloop
  endfacet
  facet normal -0.999392 0.0348736 0
    outer loop
      vertex 7.85 33.02 13
      vertex 7.84635 32.9154 2.3
      vertex 7.84635 32.9154 13
    endloop
  endfacet
  facet normal -0.9703 0.241906 0
    outer loop
      vertex 7.79189 32.6065 2.3
      vertex 7.81722 32.7081 13
      vertex 7.81722 32.7081 2.3
    endloop
  endfacet
  facet normal -0.9703 0.241906 0
    outer loop
      vertex 7.81722 32.7081 13
      vertex 7.79189 32.6065 2.3
      vertex 7.79189 32.6065 13
    endloop
  endfacet
  facet normal -0.743104 0.669176 0
    outer loop
      vertex 7.42901 31.978 2.3
      vertex 7.49907 32.0558 13
      vertex 7.49907 32.0558 2.3
    endloop
  endfacet
  facet normal -0.743104 0.669176 0
    outer loop
      vertex 7.49907 32.0558 13
      vertex 7.42901 31.978 2.3
      vertex 7.42901 31.978 13
    endloop
  endfacet
  facet normal -0.406847 0.913496 0
    outer loop
      vertex 7.00756 31.6718 2.3
      vertex 6.91191 31.6292 13
      vertex 7.00756 31.6718 13
    endloop
  endfacet
  facet normal -0.406847 0.913496 0
    outer loop
      vertex 6.91191 31.6292 13
      vertex 7.00756 31.6718 2.3
      vertex 6.91191 31.6292 2.3
    endloop
  endfacet
  facet normal -0.642764 0.766064 0
    outer loop
      vertex 7.3537 31.9053 2.3
      vertex 7.27349 31.838 13
      vertex 7.3537 31.9053 13
    endloop
  endfacet
  facet normal -0.642764 0.766064 0
    outer loop
      vertex 7.27349 31.838 13
      vertex 7.3537 31.9053 2.3
      vertex 7.27349 31.838 2.3
    endloop
  endfacet
  facet normal -0.898778 0.438405 0
    outer loop
      vertex 7.67442 32.3158 2.3
      vertex 7.72032 32.4099 13
      vertex 7.72032 32.4099 2.3
    endloop
  endfacet
  facet normal -0.898778 0.438405 0
    outer loop
      vertex 7.72032 32.4099 13
      vertex 7.67442 32.3158 2.3
      vertex 7.67442 32.3158 13
    endloop
  endfacet
  facet normal 0.275125 0.961409 -0
    outer loop
      vertex 5.98712 31.5646 2.3
      vertex 5.88648 31.5934 13
      vertex 5.98712 31.5646 13
    endloop
  endfacet
  facet normal 0.275125 0.961409 0
    outer loop
      vertex 5.88648 31.5934 13
      vertex 5.98712 31.5646 2.3
      vertex 5.88648 31.5934 2.3
    endloop
  endfacet
  facet normal 0.588172 0.808736 -0
    outer loop
      vertex 5.51121 31.7764 2.3
      vertex 5.42651 31.838 13
      vertex 5.51121 31.7764 13
    endloop
  endfacet
  facet normal 0.588172 0.808736 0
    outer loop
      vertex 5.42651 31.838 13
      vertex 5.51121 31.7764 2.3
      vertex 5.42651 31.838 2.3
    endloop
  endfacet
  facet normal 0.529355 0.848401 -0
    outer loop
      vertex 5.6 31.721 2.3
      vertex 5.51121 31.7764 13
      vertex 5.6 31.721 13
    endloop
  endfacet
  facet normal 0.529355 0.848401 0
    outer loop
      vertex 5.51121 31.7764 13
      vertex 5.6 31.721 2.3
      vertex 5.51121 31.7764 2.3
    endloop
  endfacet
  facet normal 0.406847 0.913496 -0
    outer loop
      vertex 5.78809 31.6292 2.3
      vertex 5.69244 31.6718 13
      vertex 5.78809 31.6292 13
    endloop
  endfacet
  facet normal 0.406847 0.913496 0
    outer loop
      vertex 5.69244 31.6718 13
      vertex 5.78809 31.6292 2.3
      vertex 5.69244 31.6718 2.3
    endloop
  endfacet
  facet normal 0.69453 0.719464 -0
    outer loop
      vertex 5.3463 31.9053 2.3
      vertex 5.27099 31.978 13
      vertex 5.3463 31.9053 13
    endloop
  endfacet
  facet normal 0.69453 0.719464 0
    outer loop
      vertex 5.27099 31.978 13
      vertex 5.3463 31.9053 2.3
      vertex 5.27099 31.978 2.3
    endloop
  endfacet
  facet normal 0.86609 0.499888 0
    outer loop
      vertex 5.07793 32.2251 13
      vertex 5.02558 32.3158 2.3
      vertex 5.02558 32.3158 13
    endloop
  endfacet
  facet normal 0.86609 0.499888 0
    outer loop
      vertex 5.02558 32.3158 2.3
      vertex 5.07793 32.2251 13
      vertex 5.07793 32.2251 2.3
    endloop
  endfacet
  facet normal 0.92722 0.374517 0
    outer loop
      vertex 4.97968 32.4099 13
      vertex 4.94046 32.507 2.3
      vertex 4.94046 32.507 13
    endloop
  endfacet
  facet normal 0.92722 0.374517 0
    outer loop
      vertex 4.94046 32.507 2.3
      vertex 4.97968 32.4099 13
      vertex 4.97968 32.4099 2.3
    endloop
  endfacet
  facet normal 0.984807 0.173655 0
    outer loop
      vertex 4.88278 32.7081 13
      vertex 4.8646 32.8112 2.3
      vertex 4.8646 32.8112 13
    endloop
  endfacet
  facet normal 0.984807 0.173655 0
    outer loop
      vertex 4.8646 32.8112 2.3
      vertex 4.88278 32.7081 13
      vertex 4.88278 32.7081 2.3
    endloop
  endfacet
  facet normal 0.994524 0.104511 0
    outer loop
      vertex 4.8646 32.8112 13
      vertex 4.85365 32.9154 2.3
      vertex 4.85365 32.9154 13
    endloop
  endfacet
  facet normal 0.994524 0.104511 0
    outer loop
      vertex 4.85365 32.9154 2.3
      vertex 4.8646 32.8112 13
      vertex 4.8646 32.8112 2.3
    endloop
  endfacet
  facet normal -0.994524 0.104511 0
    outer loop
      vertex 7.8354 32.8112 2.3
      vertex 7.84635 32.9154 13
      vertex 7.84635 32.9154 2.3
    endloop
  endfacet
  facet normal -0.994524 0.104511 0
    outer loop
      vertex 7.84635 32.9154 13
      vertex 7.8354 32.8112 2.3
      vertex 7.8354 32.8112 13
    endloop
  endfacet
  facet normal -0.829026 0.55921 0
    outer loop
      vertex 7.56352 32.1383 2.3
      vertex 7.62207 32.2251 13
      vertex 7.62207 32.2251 2.3
    endloop
  endfacet
  facet normal -0.829026 0.55921 0
    outer loop
      vertex 7.62207 32.2251 13
      vertex 7.56352 32.1383 2.3
      vertex 7.56352 32.1383 13
    endloop
  endfacet
  facet normal -0.788039 0.615626 0
    outer loop
      vertex 7.49907 32.0558 2.3
      vertex 7.56352 32.1383 13
      vertex 7.56352 32.1383 2.3
    endloop
  endfacet
  facet normal -0.788039 0.615626 0
    outer loop
      vertex 7.56352 32.1383 13
      vertex 7.49907 32.0558 2.3
      vertex 7.49907 32.0558 13
    endloop
  endfacet
  facet normal -0.588172 0.808736 0
    outer loop
      vertex 7.27349 31.838 2.3
      vertex 7.18879 31.7764 13
      vertex 7.27349 31.838 13
    endloop
  endfacet
  facet normal -0.588172 0.808736 0
    outer loop
      vertex 7.18879 31.7764 13
      vertex 7.27349 31.838 2.3
      vertex 7.18879 31.7764 2.3
    endloop
  endfacet
  facet normal -0.69453 0.719464 0
    outer loop
      vertex 7.42901 31.978 2.3
      vertex 7.3537 31.9053 13
      vertex 7.42901 31.978 13
    endloop
  endfacet
  facet normal -0.69453 0.719464 0
    outer loop
      vertex 7.3537 31.9053 13
      vertex 7.42901 31.978 2.3
      vertex 7.3537 31.9053 2.3
    endloop
  endfacet
  facet normal -0.92722 0.374517 0
    outer loop
      vertex 7.72032 32.4099 2.3
      vertex 7.75954 32.507 13
      vertex 7.75954 32.507 2.3
    endloop
  endfacet
  facet normal -0.92722 0.374517 0
    outer loop
      vertex 7.75954 32.507 13
      vertex 7.72032 32.4099 2.3
      vertex 7.72032 32.4099 13
    endloop
  endfacet
  facet normal 0.0697265 0.997566 -0
    outer loop
      vertex 6.29765 31.5209 2.3
      vertex 6.19321 31.5282 13
      vertex 6.29765 31.5209 13
    endloop
  endfacet
  facet normal 0.0697265 0.997566 0
    outer loop
      vertex 6.19321 31.5282 13
      vertex 6.29765 31.5209 2.3
      vertex 6.19321 31.5282 2.3
    endloop
  endfacet
  facet normal 0.341927 0.939726 -0
    outer loop
      vertex 5.88648 31.5934 2.3
      vertex 5.78809 31.6292 13
      vertex 5.88648 31.5934 13
    endloop
  endfacet
  facet normal 0.341927 0.939726 0
    outer loop
      vertex 5.78809 31.6292 13
      vertex 5.88648 31.5934 2.3
      vertex 5.78809 31.6292 2.3
    endloop
  endfacet
  facet normal 0.469835 0.882754 -0
    outer loop
      vertex 5.69244 31.6718 2.3
      vertex 5.6 31.721 13
      vertex 5.69244 31.6718 13
    endloop
  endfacet
  facet normal 0.469835 0.882754 0
    outer loop
      vertex 5.6 31.721 13
      vertex 5.69244 31.6718 2.3
      vertex 5.6 31.721 2.3
    endloop
  endfacet
  facet normal 0.642764 0.766064 -0
    outer loop
      vertex 5.42651 31.838 2.3
      vertex 5.3463 31.9053 13
      vertex 5.42651 31.838 13
    endloop
  endfacet
  facet normal 0.642764 0.766064 0
    outer loop
      vertex 5.3463 31.9053 13
      vertex 5.42651 31.838 2.3
      vertex 5.3463 31.9053 2.3
    endloop
  endfacet
  facet normal 0.743104 0.669176 0
    outer loop
      vertex 5.27099 31.978 13
      vertex 5.20093 32.0558 2.3
      vertex 5.20093 32.0558 13
    endloop
  endfacet
  facet normal 0.743104 0.669176 0
    outer loop
      vertex 5.20093 32.0558 2.3
      vertex 5.27099 31.978 13
      vertex 5.27099 31.978 2.3
    endloop
  endfacet
  facet normal 0.788039 0.615626 0
    outer loop
      vertex 5.20093 32.0558 13
      vertex 5.13648 32.1383 2.3
      vertex 5.13648 32.1383 13
    endloop
  endfacet
  facet normal 0.788039 0.615626 0
    outer loop
      vertex 5.13648 32.1383 2.3
      vertex 5.20093 32.0558 13
      vertex 5.20093 32.0558 2.3
    endloop
  endfacet
  facet normal 0.898778 0.438405 0
    outer loop
      vertex 5.02558 32.3158 13
      vertex 4.97968 32.4099 2.3
      vertex 4.97968 32.4099 13
    endloop
  endfacet
  facet normal 0.898778 0.438405 0
    outer loop
      vertex 4.97968 32.4099 2.3
      vertex 5.02558 32.3158 13
      vertex 5.02558 32.3158 2.3
    endloop
  endfacet
  facet normal -0.529355 0.848401 0
    outer loop
      vertex 7.18879 31.7764 2.3
      vertex 7.1 31.721 13
      vertex 7.18879 31.7764 13
    endloop
  endfacet
  facet normal -0.529355 0.848401 0
    outer loop
      vertex 7.1 31.721 13
      vertex 7.18879 31.7764 2.3
      vertex 7.1 31.721 2.3
    endloop
  endfacet
  facet normal -0.469835 0.882754 0
    outer loop
      vertex 7.1 31.721 2.3
      vertex 7.00756 31.6718 13
      vertex 7.1 31.721 13
    endloop
  endfacet
  facet normal -0.469835 0.882754 0
    outer loop
      vertex 7.00756 31.6718 13
      vertex 7.1 31.721 2.3
      vertex 7.00756 31.6718 2.3
    endloop
  endfacet
  facet normal 0.208205 0.978085 -0
    outer loop
      vertex 6.08953 31.5428 2.3
      vertex 5.98712 31.5646 13
      vertex 6.08953 31.5428 13
    endloop
  endfacet
  facet normal 0.208205 0.978085 0
    outer loop
      vertex 5.98712 31.5646 13
      vertex 6.08953 31.5428 2.3
      vertex 5.98712 31.5646 2.3
    endloop
  endfacet
  facet normal 0.139442 0.99023 -0
    outer loop
      vertex 6.19321 31.5282 2.3
      vertex 6.08953 31.5428 13
      vertex 6.19321 31.5282 13
    endloop
  endfacet
  facet normal 0.139442 0.99023 0
    outer loop
      vertex 6.08953 31.5428 13
      vertex 6.19321 31.5282 2.3
      vertex 6.08953 31.5428 2.3
    endloop
  endfacet
  facet normal -0.790114 -0.0275801 -0.612339
    outer loop
      vertex 9.62466 33.2446 0
      vertex 9.6325 33.02 0
      vertex 7.85 33.02 2.3
    endloop
  endfacet
  facet normal 0.790114 0.0275801 -0.612339
    outer loop
      vertex 4.85 33.02 2.3
      vertex 3.07534 32.7954 0
      vertex 3.0675 33.02 0
    endloop
  endfacet
  facet normal -0.731456 -0.299897 -0.6124
    outer loop
      vertex 9.35035 34.3511 0
      vertex 7.72032 33.6301 2.3
      vertex 9.34871 34.3551 0
    endloop
  endfacet
  facet normal -0.733055 -0.296091 -0.61234
    outer loop
      vertex 7.72032 33.6301 2.3
      vertex 9.35035 34.3511 0
      vertex 7.75954 33.533 2.3
    endloop
  endfacet
  facet normal 0.164607 0.773276 -0.61233
    outer loop
      vertex 5.78 29.7874 0
      vertex 5.98712 31.5646 2.3
      vertex 6.08953 31.5428 2.3
    endloop
  endfacet
  facet normal 0.163043 0.773551 -0.612402
    outer loop
      vertex 5.98712 31.5646 2.3
      vertex 5.78 29.7874 0
      vertex 5.77573 29.7883 0
    endloop
  endfacet
  facet normal -0.321522 -0.722264 -0.612339
    outer loop
      vertex 7.57965 36.0635 0
      vertex 7.78497 35.9721 0
      vertex 6.91191 34.4108 2.3
    endloop
  endfacet
  facet normal -0.733036 -0.296134 -0.612342
    outer loop
      vertex 9.35035 34.3511 0
      vertex 9.43454 34.1427 0
      vertex 7.75954 33.533 2.3
    endloop
  endfacet
  facet normal 0.77879 -0.135835 -0.612401
    outer loop
      vertex 4.88278 33.3319 2.3
      vertex 3.09945 33.4768 0
      vertex 3.1002 33.4811 0
    endloop
  endfacet
  facet normal 0.778587 -0.137291 -0.612335
    outer loop
      vertex 3.09945 33.4768 0
      vertex 4.88278 33.3319 2.3
      vertex 4.8646 33.2288 2.3
    endloop
  endfacet
  facet normal 0.733036 -0.296134 -0.612342
    outer loop
      vertex 3.34965 34.3511 0
      vertex 4.94046 33.533 2.3
      vertex 3.26546 34.1427 0
    endloop
  endfacet
  facet normal 0.58749 0.529057 -0.612335
    outer loop
      vertex 5.27099 31.978 2.3
      vertex 3.98877 30.7398 0
      vertex 3.83838 30.9068 0
    endloop
  endfacet
  facet normal 0.751888 0.244355 -0.612336
    outer loop
      vertex 4.90811 32.6065 2.3
      vertex 3.26411 31.9015 0
      vertex 3.19466 32.1152 0
    endloop
  endfacet
  facet normal 0.270491 0.742883 -0.612339
    outer loop
      vertex 5.78809 31.6292 2.3
      vertex 5.33155 29.8996 0
      vertex 5.12035 29.9765 0
    endloop
  endfacet
  facet normal -0.321522 0.722264 -0.612339
    outer loop
      vertex 7.78497 30.0679 0
      vertex 7.57965 29.9765 0
      vertex 6.91191 31.6292 2.3
    endloop
  endfacet
  facet normal -0.0551256 -0.788674 -0.612336
    outer loop
      vertex 6.46456 36.3005 0
      vertex 6.50679 34.5118 2.3
      vertex 6.40235 34.5191 2.3
    endloop
  endfacet
  facet normal -0.054393 -0.788699 -0.612369
    outer loop
      vertex 6.50679 34.5118 2.3
      vertex 6.46456 36.3005 0
      vertex 6.46891 36.3002 0
    endloop
  endfacet
  facet normal -0.620151 -0.490649 -0.612109
    outer loop
      vertex 9.0056 34.9494 0
      vertex 7.49907 33.9842 2.3
      vertex 9.00291 34.9528 0
    endloop
  endfacet
  facet normal -0.623021 -0.486712 -0.612337
    outer loop
      vertex 7.49907 33.9842 2.3
      vertex 9.0056 34.9494 0
      vertex 7.56352 33.9017 2.3
    endloop
  endfacet
  facet normal -0.371113 -0.69808 -0.612339
    outer loop
      vertex 7.7928 35.9682 0
      vertex 7.99125 35.8627 0
      vertex 7.1 34.319 2.3
    endloop
  endfacet
  facet normal -0.77859 0.137256 -0.612338
    outer loop
      vertex 9.5998 32.5589 0
      vertex 9.56077 32.3375 0
      vertex 7.81722 32.7081 2.3
    endloop
  endfacet
  facet normal -0.786265 0.082637 -0.612338
    outer loop
      vertex 9.6245 32.791 0
      vertex 9.60101 32.5675 0
      vertex 7.84635 32.9154 2.3
    endloop
  endfacet
  facet normal -0.751854 0.244447 -0.612341
    outer loop
      vertex 9.43589 31.9015 0
      vertex 7.75954 32.507 2.3
      vertex 7.79189 32.6065 2.3
    endloop
  endfacet
  facet normal -0.7527 0.241939 -0.612297
    outer loop
      vertex 7.75954 32.507 2.3
      vertex 9.43589 31.9015 0
      vertex 9.43454 31.8973 0
    endloop
  endfacet
  facet normal 0.58749 -0.529057 -0.612335
    outer loop
      vertex 3.98877 35.3002 0
      vertex 5.27099 34.062 2.3
      vertex 3.83838 35.1332 0
    endloop
  endfacet
  facet normal 0.549155 -0.568751 -0.612333
    outer loop
      vertex 4.15044 35.4563 0
      vertex 5.27099 34.062 2.3
      vertex 3.98877 35.3002 0
    endloop
  endfacet
  facet normal 0.77859 -0.137256 -0.612338
    outer loop
      vertex 3.13923 33.7025 0
      vertex 4.88278 33.3319 2.3
      vertex 3.1002 33.4811 0
    endloop
  endfacet
  facet normal 0.767645 -0.189233 -0.612301
    outer loop
      vertex 4.90811 33.4335 2.3
      vertex 3.1936 33.9205 0
      vertex 3.19466 33.9248 0
    endloop
  endfacet
  facet normal 0.767118 -0.191251 -0.612335
    outer loop
      vertex 3.1936 33.9205 0
      vertex 4.90811 33.4335 2.3
      vertex 4.88278 33.3319 2.3
    endloop
  endfacet
  facet normal 0.587497 -0.529049 -0.612335
    outer loop
      vertex 5.20093 33.9842 2.3
      vertex 3.83838 35.1332 0
      vertex 5.27099 34.062 2.3
    endloop
  endfacet
  facet normal 0.584055 -0.53295 -0.612245
    outer loop
      vertex 3.83838 35.1332 0
      vertex 5.20093 33.9842 2.3
      vertex 3.83546 35.13 0
    endloop
  endfacet
  facet normal 0.655401 -0.442141 -0.612341
    outer loop
      vertex 3.69196 34.9458 0
      vertex 5.07793 33.8149 2.3
      vertex 3.56628 34.7595 0
    endloop
  endfacet
  facet normal 0.790115 0.0275709 -0.612338
    outer loop
      vertex 4.85365 32.9154 2.3
      vertex 3.07534 32.7954 0
      vertex 4.85 33.02 2.3
    endloop
  endfacet
  facet normal 0.79006 0.0287295 -0.612356
    outer loop
      vertex 3.07534 32.7954 0
      vertex 4.85365 32.9154 2.3
      vertex 3.0755 32.791 0
    endloop
  endfacet
  facet normal 0.164277 0.773333 -0.612347
    outer loop
      vertex 5.98712 31.5646 2.3
      vertex 5.77573 29.7883 0
      vertex 5.55589 29.835 0
    endloop
  endfacet
  facet normal -0.325764 0.7203 -0.612409
    outer loop
      vertex 7.78497 30.0679 0
      vertex 7.00756 31.6718 2.3
      vertex 7.78895 30.0697 0
    endloop
  endfacet
  facet normal -0.32165 0.722202 -0.612345
    outer loop
      vertex 7.00756 31.6718 2.3
      vertex 7.78497 30.0679 0
      vertex 6.91191 31.6292 2.3
    endloop
  endfacet
  facet normal -0.371113 0.69808 -0.612339
    outer loop
      vertex 7.99125 30.1773 0
      vertex 7.7928 30.0718 0
      vertex 7.1 31.721 2.3
    endloop
  endfacet
  facet normal -0.164277 -0.773333 -0.612347
    outer loop
      vertex 6.92427 36.2517 0
      vertex 7.14411 36.205 0
      vertex 6.71288 34.4754 2.3
    endloop
  endfacet
  facet normal -0.110243 -0.782874 -0.612336
    outer loop
      vertex 6.91568 36.2532 0
      vertex 6.61047 34.4972 2.3
      vertex 6.50679 34.5118 2.3
    endloop
  endfacet
  facet normal -0.108764 -0.783099 -0.612312
    outer loop
      vertex 6.61047 34.4972 2.3
      vertex 6.91568 36.2532 0
      vertex 6.92 36.2526 0
    endloop
  endfacet
  facet normal 0 -0.790598 -0.612335
    outer loop
      vertex 6.23544 36.3005 0
      vertex 6.40235 34.5191 2.3
      vertex 6.29765 34.5191 2.3
    endloop
  endfacet
  facet normal 0 -0.790598 -0.612335
    outer loop
      vertex 6.40235 34.5191 2.3
      vertex 6.23544 36.3005 0
      vertex 6.46456 36.3005 0
    endloop
  endfacet
  facet normal 0.218084 -0.759916 -0.612346
    outer loop
      vertex 5.55589 36.205 0
      vertex 5.98712 34.4754 2.3
      vertex 5.33985 36.143 0
    endloop
  endfacet
  facet normal -0.77879 -0.135835 -0.612401
    outer loop
      vertex 9.60055 33.4768 0
      vertex 7.81722 33.3319 2.3
      vertex 9.5998 33.4811 0
    endloop
  endfacet
  facet normal -0.778587 -0.137291 -0.612335
    outer loop
      vertex 7.81722 33.3319 2.3
      vertex 9.60055 33.4768 0
      vertex 7.8354 33.2288 2.3
    endloop
  endfacet
  facet normal -0.77859 -0.137256 -0.612338
    outer loop
      vertex 9.56077 33.7025 0
      vertex 9.5998 33.4811 0
      vertex 7.81722 33.3319 2.3
    endloop
  endfacet
  facet normal -0.549093 -0.568806 -0.612336
    outer loop
      vertex 7.3537 34.1347 2.3
      vertex 8.54956 35.4563 0
      vertex 7.42901 34.062 2.3
    endloop
  endfacet
  facet normal -0.55553 -0.562699 -0.612173
    outer loop
      vertex 8.54956 35.4563 0
      vertex 7.3537 34.1347 2.3
      vertex 8.54642 35.4594 0
    endloop
  endfacet
  facet normal -0.584055 -0.53295 -0.612245
    outer loop
      vertex 7.49907 33.9842 2.3
      vertex 8.86162 35.1332 0
      vertex 8.86454 35.13 0
    endloop
  endfacet
  facet normal -0.587497 -0.529049 -0.612335
    outer loop
      vertex 8.86162 35.1332 0
      vertex 7.49907 33.9842 2.3
      vertex 7.42901 34.062 2.3
    endloop
  endfacet
  facet normal -0.508046 -0.60575 -0.612337
    outer loop
      vertex 8.37091 35.6066 0
      vertex 8.54308 35.4622 0
      vertex 7.27349 34.202 2.3
    endloop
  endfacet
  facet normal -0.465003 -0.639379 -0.612346
    outer loop
      vertex 8.36738 35.6092 0
      vertex 7.27349 34.202 2.3
      vertex 7.18879 34.2636 2.3
    endloop
  endfacet
  facet normal -0.468823 -0.636518 -0.612413
    outer loop
      vertex 7.27349 34.202 2.3
      vertex 8.36738 35.6092 0
      vertex 8.37091 35.6066 0
    endloop
  endfacet
  facet normal -0.418951 -0.670462 -0.61234
    outer loop
      vertex 7.99125 35.8627 0
      vertex 8.18185 35.7436 0
      vertex 7.1 34.319 2.3
    endloop
  endfacet
  facet normal -0.549155 0.568751 -0.612333
    outer loop
      vertex 8.71123 30.7398 0
      vertex 8.54956 30.5837 0
      vertex 7.42901 31.978 2.3
    endloop
  endfacet
  facet normal -0.790114 0.0275801 -0.612339
    outer loop
      vertex 9.6325 33.02 0
      vertex 9.62466 32.7954 0
      vertex 7.85 33.02 2.3
    endloop
  endfacet
  facet normal -0.790115 0.0275709 -0.612338
    outer loop
      vertex 9.62466 32.7954 0
      vertex 7.84635 32.9154 2.3
      vertex 7.85 33.02 2.3
    endloop
  endfacet
  facet normal -0.79006 0.0287295 -0.612356
    outer loop
      vertex 7.84635 32.9154 2.3
      vertex 9.62466 32.7954 0
      vertex 9.6245 32.791 0
    endloop
  endfacet
  facet normal 0.623124 -0.486578 -0.612338
    outer loop
      vertex 3.83546 35.13 0
      vertex 5.20093 33.9842 2.3
      vertex 3.69709 34.9528 0
    endloop
  endfacet
  facet normal 0.418951 -0.670462 -0.61234
    outer loop
      vertex 4.70875 35.8627 0
      vertex 5.6 34.319 2.3
      vertex 4.51815 35.7436 0
    endloop
  endfacet
  facet normal 0.371113 -0.69808 -0.612339
    outer loop
      vertex 4.9072 35.9682 0
      vertex 5.6 34.319 2.3
      vertex 4.70875 35.8627 0
    endloop
  endfacet
  facet normal 0.464689 -0.639624 -0.612328
    outer loop
      vertex 4.51445 35.7413 0
      vertex 5.51121 34.2636 2.3
      vertex 4.33262 35.6092 0
    endloop
  endfacet
  facet normal 0.217199 -0.760195 -0.612314
    outer loop
      vertex 5.33985 36.143 0
      vertex 5.88648 34.4466 2.3
      vertex 5.33565 36.1418 0
    endloop
  endfacet
  facet normal 0.217517 -0.7601 -0.612319
    outer loop
      vertex 5.88648 34.4466 2.3
      vertex 5.33985 36.143 0
      vertex 5.98712 34.4754 2.3
    endloop
  endfacet
  facet normal 0.270491 -0.742883 -0.612339
    outer loop
      vertex 5.33155 36.1404 0
      vertex 5.78809 34.4108 2.3
      vertex 5.12035 36.0635 0
    endloop
  endfacet
  facet normal 0.786094 -0.0840937 -0.61236
    outer loop
      vertex 4.8646 33.2288 2.3
      vertex 3.09899 33.4725 0
      vertex 3.09945 33.4768 0
    endloop
  endfacet
  facet normal 0.786267 -0.0826259 -0.612338
    outer loop
      vertex 3.09899 33.4725 0
      vertex 4.8646 33.2288 2.3
      vertex 4.85365 33.1246 2.3
    endloop
  endfacet
  facet normal 0.790114 -0.0275801 -0.612339
    outer loop
      vertex 3.07534 33.2446 0
      vertex 4.85 33.02 2.3
      vertex 3.0675 33.02 0
    endloop
  endfacet
  facet normal 0.751888 -0.244355 -0.612336
    outer loop
      vertex 3.26411 34.1385 0
      vertex 4.90811 33.4335 2.3
      vertex 3.19466 33.9248 0
    endloop
  endfacet
  facet normal 0.767099 -0.191317 -0.612338
    outer loop
      vertex 3.1936 33.9205 0
      vertex 4.88278 33.3319 2.3
      vertex 3.13923 33.7025 0
    endloop
  endfacet
  facet normal 0.654423 -0.443553 -0.612365
    outer loop
      vertex 5.13648 33.9017 2.3
      vertex 3.69196 34.9458 0
      vertex 3.6944 34.9494 0
    endloop
  endfacet
  facet normal 0.655424 -0.442109 -0.612339
    outer loop
      vertex 3.69196 34.9458 0
      vertex 5.13648 33.9017 2.3
      vertex 5.07793 33.8149 2.3
    endloop
  endfacet
  facet normal 0.710587 -0.346569 -0.612336
    outer loop
      vertex 3.45172 34.561 0
      vertex 5.02558 33.7242 2.3
      vertex 3.3532 34.359 0
    endloop
  endfacet
  facet normal 0.786265 0.082637 -0.612338
    outer loop
      vertex 4.85365 32.9154 2.3
      vertex 3.09899 32.5675 0
      vertex 3.0755 32.791 0
    endloop
  endfacet
  facet normal 0.55553 0.562699 -0.612173
    outer loop
      vertex 4.15044 30.5837 0
      vertex 5.3463 31.9053 2.3
      vertex 4.15358 30.5806 0
    endloop
  endfacet
  facet normal 0.549093 0.568806 -0.612336
    outer loop
      vertex 5.3463 31.9053 2.3
      vertex 4.15044 30.5837 0
      vertex 5.27099 31.978 2.3
    endloop
  endfacet
  facet normal 0.321522 0.722264 -0.612339
    outer loop
      vertex 5.78809 31.6292 2.3
      vertex 5.12035 29.9765 0
      vertex 4.91503 30.0679 0
    endloop
  endfacet
  facet normal 0.508046 0.60575 -0.612337
    outer loop
      vertex 5.42651 31.838 2.3
      vertex 4.32909 30.4334 0
      vertex 4.15692 30.5778 0
    endloop
  endfacet
  facet normal 0.549155 0.568751 -0.612333
    outer loop
      vertex 5.27099 31.978 2.3
      vertex 4.15044 30.5837 0
      vertex 3.98877 30.7398 0
    endloop
  endfacet
  facet normal 0.055228 0.788669 -0.612332
    outer loop
      vertex 6.19321 31.5282 2.3
      vertex 6.23109 29.7398 0
      vertex 6.00689 29.7555 0
    endloop
  endfacet
  facet normal 0.218084 0.759916 -0.612346
    outer loop
      vertex 5.98712 31.5646 2.3
      vertex 5.55589 29.835 0
      vertex 5.33985 29.897 0
    endloop
  endfacet
  facet normal -0.55553 0.562699 -0.612173
    outer loop
      vertex 7.3537 31.9053 2.3
      vertex 8.54956 30.5837 0
      vertex 8.54642 30.5806 0
    endloop
  endfacet
  facet normal -0.549093 0.568806 -0.612336
    outer loop
      vertex 8.54956 30.5837 0
      vertex 7.3537 31.9053 2.3
      vertex 7.42901 31.978 2.3
    endloop
  endfacet
  facet normal -0.218084 -0.759916 -0.612346
    outer loop
      vertex 7.14411 36.205 0
      vertex 7.36015 36.143 0
      vertex 6.71288 34.4754 2.3
    endloop
  endfacet
  facet normal -0.055228 -0.788669 -0.612332
    outer loop
      vertex 6.69311 36.2845 0
      vertex 6.50679 34.5118 2.3
      vertex 6.46891 36.3002 0
    endloop
  endfacet
  facet normal -0.110099 -0.782899 -0.61233
    outer loop
      vertex 6.69311 36.2845 0
      vertex 6.91568 36.2532 0
      vertex 6.50679 34.5118 2.3
    endloop
  endfacet
  facet normal 0.054393 -0.788699 -0.612369
    outer loop
      vertex 6.23544 36.3005 0
      vertex 6.19321 34.5118 2.3
      vertex 6.23109 36.3002 0
    endloop
  endfacet
  facet normal 0.0551256 -0.788674 -0.612336
    outer loop
      vertex 6.19321 34.5118 2.3
      vertex 6.23544 36.3005 0
      vertex 6.29765 34.5191 2.3
    endloop
  endfacet
  facet normal 0.164277 -0.773333 -0.612347
    outer loop
      vertex 5.77573 36.2517 0
      vertex 5.98712 34.4754 2.3
      vertex 5.55589 36.205 0
    endloop
  endfacet
  facet normal -0.79006 -0.0287295 -0.612356
    outer loop
      vertex 9.62466 33.2446 0
      vertex 7.84635 33.1246 2.3
      vertex 9.6245 33.249 0
    endloop
  endfacet
  facet normal -0.790115 -0.0275709 -0.612338
    outer loop
      vertex 7.84635 33.1246 2.3
      vertex 9.62466 33.2446 0
      vertex 7.85 33.02 2.3
    endloop
  endfacet
  facet normal -0.786265 -0.082637 -0.612338
    outer loop
      vertex 9.60101 33.4725 0
      vertex 9.6245 33.249 0
      vertex 7.84635 33.1246 2.3
    endloop
  endfacet
  facet normal -0.767645 -0.189233 -0.612301
    outer loop
      vertex 9.5064 33.9205 0
      vertex 7.79189 33.4335 2.3
      vertex 9.50534 33.9248 0
    endloop
  endfacet
  facet normal -0.767118 -0.191251 -0.612335
    outer loop
      vertex 7.79189 33.4335 2.3
      vertex 9.5064 33.9205 0
      vertex 7.81722 33.3319 2.3
    endloop
  endfacet
  facet normal -0.767099 -0.191317 -0.612338
    outer loop
      vertex 9.5064 33.9205 0
      vertex 9.56077 33.7025 0
      vertex 7.81722 33.3319 2.3
    endloop
  endfacet
  facet normal -0.710061 -0.347748 -0.612279
    outer loop
      vertex 9.34871 34.3551 0
      vertex 7.67442 33.7242 2.3
      vertex 9.3468 34.359 0
    endloop
  endfacet
  facet normal -0.710571 -0.346602 -0.612336
    outer loop
      vertex 7.67442 33.7242 2.3
      vertex 9.34871 34.3551 0
      vertex 7.72032 33.6301 2.3
    endloop
  endfacet
  facet normal -0.684737 -0.395192 -0.612339
    outer loop
      vertex 9.13372 34.7595 0
      vertex 9.24609 34.5648 0
      vertex 7.62207 33.8149 2.3
    endloop
  endfacet
  facet normal -0.623124 -0.486578 -0.612338
    outer loop
      vertex 8.86454 35.13 0
      vertex 9.00291 34.9528 0
      vertex 7.49907 33.9842 2.3
    endloop
  endfacet
  facet normal -0.507909 -0.605863 -0.612339
    outer loop
      vertex 7.3537 34.1347 2.3
      vertex 8.54308 35.4622 0
      vertex 8.54642 35.4594 0
    endloop
  endfacet
  facet normal -0.508164 -0.605644 -0.612344
    outer loop
      vertex 8.54308 35.4622 0
      vertex 7.3537 34.1347 2.3
      vertex 7.27349 34.202 2.3
    endloop
  endfacet
  facet normal -0.464689 -0.639624 -0.612328
    outer loop
      vertex 8.18555 35.7413 0
      vertex 8.36738 35.6092 0
      vertex 7.18879 34.2636 2.3
    endloop
  endfacet
  facet normal -0.371452 -0.697906 -0.612332
    outer loop
      vertex 7.78895 35.9703 0
      vertex 7.1 34.319 2.3
      vertex 7.00756 34.3682 2.3
    endloop
  endfacet
  facet normal -0.378725 -0.694329 -0.611943
    outer loop
      vertex 7.1 34.319 2.3
      vertex 7.78895 35.9703 0
      vertex 7.7928 35.9682 0
    endloop
  endfacet
  facet normal -0.32165 -0.722202 -0.612345
    outer loop
      vertex 7.78497 35.9721 0
      vertex 7.00756 34.3682 2.3
      vertex 6.91191 34.4108 2.3
    endloop
  endfacet
  facet normal -0.325764 -0.7203 -0.612409
    outer loop
      vertex 7.00756 34.3682 2.3
      vertex 7.78497 35.9721 0
      vertex 7.78895 35.9703 0
    endloop
  endfacet
  facet normal -0.418514 -0.670756 -0.612317
    outer loop
      vertex 8.18185 35.7436 0
      vertex 7.18879 34.2636 2.3
      vertex 7.1 34.319 2.3
    endloop
  endfacet
  facet normal -0.4174 -0.67147 -0.612295
    outer loop
      vertex 7.18879 34.2636 2.3
      vertex 8.18185 35.7436 0
      vertex 8.18555 35.7413 0
    endloop
  endfacet
  facet normal -0.584055 0.53295 -0.612245
    outer loop
      vertex 8.86162 30.9068 0
      vertex 7.49907 32.0558 2.3
      vertex 8.86454 30.91 0
    endloop
  endfacet
  facet normal -0.587497 0.529049 -0.612335
    outer loop
      vertex 7.49907 32.0558 2.3
      vertex 8.86162 30.9068 0
      vertex 7.42901 31.978 2.3
    endloop
  endfacet
  facet normal -0.710571 0.346602 -0.612336
    outer loop
      vertex 9.34871 31.6849 0
      vertex 7.67442 32.3158 2.3
      vertex 7.72032 32.4099 2.3
    endloop
  endfacet
  facet normal -0.710061 0.347748 -0.612279
    outer loop
      vertex 7.67442 32.3158 2.3
      vertex 9.34871 31.6849 0
      vertex 9.3468 31.681 0
    endloop
  endfacet
  facet normal -0.751888 0.244355 -0.612336
    outer loop
      vertex 9.50534 32.1152 0
      vertex 9.43589 31.9015 0
      vertex 7.79189 32.6065 2.3
    endloop
  endfacet
  facet normal -0.655424 0.442109 -0.612339
    outer loop
      vertex 9.00804 31.0942 0
      vertex 7.56352 32.1383 2.3
      vertex 7.62207 32.2251 2.3
    endloop
  endfacet
  facet normal -0.654423 0.443553 -0.612365
    outer loop
      vertex 7.56352 32.1383 2.3
      vertex 9.00804 31.0942 0
      vertex 9.0056 31.0906 0
    endloop
  endfacet
  facet normal -0.655401 0.442141 -0.612341
    outer loop
      vertex 9.13372 31.2805 0
      vertex 9.00804 31.0942 0
      vertex 7.62207 32.2251 2.3
    endloop
  endfacet
  facet normal 0.508046 -0.60575 -0.612337
    outer loop
      vertex 4.32909 35.6066 0
      vertex 5.42651 34.202 2.3
      vertex 4.15692 35.4622 0
    endloop
  endfacet
  facet normal 0.468823 -0.636518 -0.612413
    outer loop
      vertex 4.33262 35.6092 0
      vertex 5.42651 34.202 2.3
      vertex 4.32909 35.6066 0
    endloop
  endfacet
  facet normal 0.465003 -0.639379 -0.612346
    outer loop
      vertex 5.42651 34.202 2.3
      vertex 4.33262 35.6092 0
      vertex 5.51121 34.2636 2.3
    endloop
  endfacet
  facet normal 0.508164 -0.605644 -0.612344
    outer loop
      vertex 5.3463 34.1347 2.3
      vertex 4.15692 35.4622 0
      vertex 5.42651 34.202 2.3
    endloop
  endfacet
  facet normal 0.507909 -0.605863 -0.612339
    outer loop
      vertex 4.15692 35.4622 0
      vertex 5.3463 34.1347 2.3
      vertex 4.15358 35.4594 0
    endloop
  endfacet
  facet normal 0.549093 -0.568806 -0.612336
    outer loop
      vertex 4.15044 35.4563 0
      vertex 5.3463 34.1347 2.3
      vertex 5.27099 34.062 2.3
    endloop
  endfacet
  facet normal 0.55553 -0.562699 -0.612173
    outer loop
      vertex 5.3463 34.1347 2.3
      vertex 4.15044 35.4563 0
      vertex 4.15358 35.4594 0
    endloop
  endfacet
  facet normal 0.4174 -0.67147 -0.612295
    outer loop
      vertex 4.51815 35.7436 0
      vertex 5.51121 34.2636 2.3
      vertex 4.51445 35.7413 0
    endloop
  endfacet
  facet normal 0.418514 -0.670756 -0.612317
    outer loop
      vertex 5.51121 34.2636 2.3
      vertex 4.51815 35.7436 0
      vertex 5.6 34.319 2.3
    endloop
  endfacet
  facet normal 0.378725 -0.694329 -0.611943
    outer loop
      vertex 4.91105 35.9703 0
      vertex 5.6 34.319 2.3
      vertex 4.9072 35.9682 0
    endloop
  endfacet
  facet normal 0.371452 -0.697906 -0.612332
    outer loop
      vertex 5.6 34.319 2.3
      vertex 4.91105 35.9703 0
      vertex 5.69244 34.3682 2.3
    endloop
  endfacet
  facet normal 0.321522 -0.722264 -0.612339
    outer loop
      vertex 5.12035 36.0635 0
      vertex 5.78809 34.4108 2.3
      vertex 4.91503 35.9721 0
    endloop
  endfacet
  facet normal 0.255319 -0.74772 -0.612965
    outer loop
      vertex 5.33565 36.1418 0
      vertex 5.78809 34.4108 2.3
      vertex 5.33155 36.1404 0
    endloop
  endfacet
  facet normal 0.270329 -0.742951 -0.612329
    outer loop
      vertex 5.78809 34.4108 2.3
      vertex 5.33565 36.1418 0
      vertex 5.88648 34.4466 2.3
    endloop
  endfacet
  facet normal 0.786265 -0.082637 -0.612338
    outer loop
      vertex 3.09899 33.4725 0
      vertex 4.85365 33.1246 2.3
      vertex 3.0755 33.249 0
    endloop
  endfacet
  facet normal 0.79006 -0.0287295 -0.612356
    outer loop
      vertex 4.85365 33.1246 2.3
      vertex 3.07534 33.2446 0
      vertex 3.0755 33.249 0
    endloop
  endfacet
  facet normal 0.790115 -0.0275709 -0.612338
    outer loop
      vertex 3.07534 33.2446 0
      vertex 4.85365 33.1246 2.3
      vertex 4.85 33.02 2.3
    endloop
  endfacet
  facet normal 0.7527 -0.241939 -0.612297
    outer loop
      vertex 4.94046 33.533 2.3
      vertex 3.26411 34.1385 0
      vertex 3.26546 34.1427 0
    endloop
  endfacet
  facet normal 0.751854 -0.244447 -0.612341
    outer loop
      vertex 3.26411 34.1385 0
      vertex 4.94046 33.533 2.3
      vertex 4.90811 33.4335 2.3
    endloop
  endfacet
  facet normal 0.620151 -0.490649 -0.612109
    outer loop
      vertex 5.20093 33.9842 2.3
      vertex 3.6944 34.9494 0
      vertex 3.69709 34.9528 0
    endloop
  endfacet
  facet normal 0.623021 -0.486712 -0.612337
    outer loop
      vertex 3.6944 34.9494 0
      vertex 5.20093 33.9842 2.3
      vertex 5.13648 33.9017 2.3
    endloop
  endfacet
  facet normal 0.684968 -0.394758 -0.612361
    outer loop
      vertex 5.07793 33.8149 2.3
      vertex 3.45172 34.561 0
      vertex 3.45391 34.5648 0
    endloop
  endfacet
  facet normal 0.684728 -0.395209 -0.612338
    outer loop
      vertex 3.45172 34.561 0
      vertex 5.07793 33.8149 2.3
      vertex 5.02558 33.7242 2.3
    endloop
  endfacet
  facet normal 0.684737 -0.395192 -0.612339
    outer loop
      vertex 3.56628 34.7595 0
      vertex 5.07793 33.8149 2.3
      vertex 3.45391 34.5648 0
    endloop
  endfacet
  facet normal 0.710061 -0.347748 -0.612279
    outer loop
      vertex 5.02558 33.7242 2.3
      vertex 3.35129 34.3551 0
      vertex 3.3532 34.359 0
    endloop
  endfacet
  facet normal 0.710571 -0.346602 -0.612336
    outer loop
      vertex 3.35129 34.3551 0
      vertex 5.02558 33.7242 2.3
      vertex 4.97968 33.6301 2.3
    endloop
  endfacet
  facet normal 0.731456 -0.299897 -0.6124
    outer loop
      vertex 4.97968 33.6301 2.3
      vertex 3.34965 34.3511 0
      vertex 3.35129 34.3551 0
    endloop
  endfacet
  facet normal 0.733055 -0.296091 -0.61234
    outer loop
      vertex 3.34965 34.3511 0
      vertex 4.97968 33.6301 2.3
      vertex 4.94046 33.533 2.3
    endloop
  endfacet
  facet normal 0.778587 0.137291 -0.612335
    outer loop
      vertex 4.88278 32.7081 2.3
      vertex 3.09945 32.5632 0
      vertex 4.8646 32.8112 2.3
    endloop
  endfacet
  facet normal 0.77879 0.135835 -0.612401
    outer loop
      vertex 3.09945 32.5632 0
      vertex 4.88278 32.7081 2.3
      vertex 3.1002 32.5589 0
    endloop
  endfacet
  facet normal 0.77859 0.137256 -0.612338
    outer loop
      vertex 4.88278 32.7081 2.3
      vertex 3.13923 32.3375 0
      vertex 3.1002 32.5589 0
    endloop
  endfacet
  facet normal 0.767099 0.191317 -0.612338
    outer loop
      vertex 4.88278 32.7081 2.3
      vertex 3.1936 32.1195 0
      vertex 3.13923 32.3375 0
    endloop
  endfacet
  facet normal 0.733036 0.296134 -0.612342
    outer loop
      vertex 4.94046 32.507 2.3
      vertex 3.34965 31.6889 0
      vertex 3.26546 31.8973 0
    endloop
  endfacet
  facet normal 0.32165 0.722202 -0.612345
    outer loop
      vertex 4.91503 30.0679 0
      vertex 5.69244 31.6718 2.3
      vertex 5.78809 31.6292 2.3
    endloop
  endfacet
  facet normal 0.325764 0.7203 -0.612409
    outer loop
      vertex 5.69244 31.6718 2.3
      vertex 4.91503 30.0679 0
      vertex 4.91105 30.0697 0
    endloop
  endfacet
  facet normal 0.418951 0.670462 -0.61234
    outer loop
      vertex 5.6 31.721 2.3
      vertex 4.70875 30.1773 0
      vertex 4.51815 30.2964 0
    endloop
  endfacet
  facet normal 0.464689 0.639624 -0.612328
    outer loop
      vertex 5.51121 31.7764 2.3
      vertex 4.51445 30.2987 0
      vertex 4.33262 30.4308 0
    endloop
  endfacet
  facet normal 0.110243 0.782874 -0.612336
    outer loop
      vertex 5.78432 29.7868 0
      vertex 6.08953 31.5428 2.3
      vertex 6.19321 31.5282 2.3
    endloop
  endfacet
  facet normal 0.108764 0.783099 -0.612312
    outer loop
      vertex 6.08953 31.5428 2.3
      vertex 5.78432 29.7868 0
      vertex 5.78 29.7874 0
    endloop
  endfacet
  facet normal 0.110099 0.782899 -0.61233
    outer loop
      vertex 6.19321 31.5282 2.3
      vertex 6.00689 29.7555 0
      vertex 5.78432 29.7868 0
    endloop
  endfacet
  facet normal 0.0551256 0.788674 -0.612336
    outer loop
      vertex 6.23544 29.7395 0
      vertex 6.19321 31.5282 2.3
      vertex 6.29765 31.5209 2.3
    endloop
  endfacet
  facet normal 0.054393 0.788699 -0.612369
    outer loop
      vertex 6.19321 31.5282 2.3
      vertex 6.23544 29.7395 0
      vertex 6.23109 29.7398 0
    endloop
  endfacet
  facet normal -0.255319 0.74772 -0.612965
    outer loop
      vertex 7.36435 29.8982 0
      vertex 6.91191 31.6292 2.3
      vertex 7.36845 29.8996 0
    endloop
  endfacet
  facet normal -0.270329 0.742951 -0.612329
    outer loop
      vertex 6.91191 31.6292 2.3
      vertex 7.36435 29.8982 0
      vertex 6.81352 31.5934 2.3
    endloop
  endfacet
  facet normal 0 0.790598 -0.612335
    outer loop
      vertex 6.46456 29.7395 0
      vertex 6.29765 31.5209 2.3
      vertex 6.40235 31.5209 2.3
    endloop
  endfacet
  facet normal 0 0.790598 -0.612335
    outer loop
      vertex 6.29765 31.5209 2.3
      vertex 6.46456 29.7395 0
      vertex 6.23544 29.7395 0
    endloop
  endfacet
  facet normal -0.418951 0.670462 -0.61234
    outer loop
      vertex 8.18185 30.2964 0
      vertex 7.99125 30.1773 0
      vertex 7.1 31.721 2.3
    endloop
  endfacet
  facet normal -0.4174 0.67147 -0.612295
    outer loop
      vertex 8.18185 30.2964 0
      vertex 7.18879 31.7764 2.3
      vertex 8.18555 30.2987 0
    endloop
  endfacet
  facet normal -0.418514 0.670756 -0.612317
    outer loop
      vertex 7.18879 31.7764 2.3
      vertex 8.18185 30.2964 0
      vertex 7.1 31.721 2.3
    endloop
  endfacet
  facet normal -0.58749 0.529057 -0.612335
    outer loop
      vertex 8.86162 30.9068 0
      vertex 8.71123 30.7398 0
      vertex 7.42901 31.978 2.3
    endloop
  endfacet
  facet normal -0.270329 -0.742951 -0.612329
    outer loop
      vertex 7.36435 36.1418 0
      vertex 6.91191 34.4108 2.3
      vertex 6.81352 34.4466 2.3
    endloop
  endfacet
  facet normal -0.255319 -0.74772 -0.612965
    outer loop
      vertex 6.91191 34.4108 2.3
      vertex 7.36435 36.1418 0
      vertex 7.36845 36.1404 0
    endloop
  endfacet
  facet normal -0.270491 -0.742883 -0.612339
    outer loop
      vertex 7.36845 36.1404 0
      vertex 7.57965 36.0635 0
      vertex 6.91191 34.4108 2.3
    endloop
  endfacet
  facet normal -0.164607 -0.773276 -0.61233
    outer loop
      vertex 6.92 36.2526 0
      vertex 6.71288 34.4754 2.3
      vertex 6.61047 34.4972 2.3
    endloop
  endfacet
  facet normal -0.163043 -0.773551 -0.612402
    outer loop
      vertex 6.71288 34.4754 2.3
      vertex 6.92 36.2526 0
      vertex 6.92427 36.2517 0
    endloop
  endfacet
  facet normal 0.108764 -0.783099 -0.612312
    outer loop
      vertex 5.78432 36.2532 0
      vertex 6.08953 34.4972 2.3
      vertex 5.78 36.2526 0
    endloop
  endfacet
  facet normal 0.110243 -0.782874 -0.612336
    outer loop
      vertex 6.08953 34.4972 2.3
      vertex 5.78432 36.2532 0
      vertex 6.19321 34.5118 2.3
    endloop
  endfacet
  facet normal 0.163043 -0.773551 -0.612402
    outer loop
      vertex 5.78 36.2526 0
      vertex 5.98712 34.4754 2.3
      vertex 5.77573 36.2517 0
    endloop
  endfacet
  facet normal 0.164607 -0.773276 -0.61233
    outer loop
      vertex 5.98712 34.4754 2.3
      vertex 5.78 36.2526 0
      vertex 6.08953 34.4972 2.3
    endloop
  endfacet
  facet normal 0.110099 -0.782899 -0.61233
    outer loop
      vertex 6.00689 36.2845 0
      vertex 6.19321 34.5118 2.3
      vertex 5.78432 36.2532 0
    endloop
  endfacet
  facet normal 0.055228 -0.788669 -0.612332
    outer loop
      vertex 6.23109 36.3002 0
      vertex 6.19321 34.5118 2.3
      vertex 6.00689 36.2845 0
    endloop
  endfacet
  facet normal -0.786094 -0.0840937 -0.61236
    outer loop
      vertex 9.60101 33.4725 0
      vertex 7.8354 33.2288 2.3
      vertex 9.60055 33.4768 0
    endloop
  endfacet
  facet normal -0.786267 -0.0826259 -0.612338
    outer loop
      vertex 7.8354 33.2288 2.3
      vertex 9.60101 33.4725 0
      vertex 7.84635 33.1246 2.3
    endloop
  endfacet
  facet normal -0.751888 -0.244355 -0.612336
    outer loop
      vertex 9.43589 34.1385 0
      vertex 9.50534 33.9248 0
      vertex 7.79189 33.4335 2.3
    endloop
  endfacet
  facet normal -0.7527 -0.241939 -0.612297
    outer loop
      vertex 9.43589 34.1385 0
      vertex 7.75954 33.533 2.3
      vertex 9.43454 34.1427 0
    endloop
  endfacet
  facet normal -0.751854 -0.244447 -0.612341
    outer loop
      vertex 7.75954 33.533 2.3
      vertex 9.43589 34.1385 0
      vertex 7.79189 33.4335 2.3
    endloop
  endfacet
  facet normal -0.655401 -0.442141 -0.612341
    outer loop
      vertex 9.00804 34.9458 0
      vertex 9.13372 34.7595 0
      vertex 7.62207 33.8149 2.3
    endloop
  endfacet
  facet normal -0.654423 -0.443553 -0.612365
    outer loop
      vertex 9.00804 34.9458 0
      vertex 7.56352 33.9017 2.3
      vertex 9.0056 34.9494 0
    endloop
  endfacet
  facet normal -0.655424 -0.442109 -0.612339
    outer loop
      vertex 7.56352 33.9017 2.3
      vertex 9.00804 34.9458 0
      vertex 7.62207 33.8149 2.3
    endloop
  endfacet
  facet normal -0.684968 -0.394758 -0.612361
    outer loop
      vertex 9.24828 34.561 0
      vertex 7.62207 33.8149 2.3
      vertex 9.24609 34.5648 0
    endloop
  endfacet
  facet normal -0.684728 -0.395209 -0.612338
    outer loop
      vertex 7.62207 33.8149 2.3
      vertex 9.24828 34.561 0
      vertex 7.67442 33.7242 2.3
    endloop
  endfacet
  facet normal -0.710587 -0.346569 -0.612336
    outer loop
      vertex 9.24828 34.561 0
      vertex 9.3468 34.359 0
      vertex 7.67442 33.7242 2.3
    endloop
  endfacet
  facet normal -0.767118 0.191251 -0.612335
    outer loop
      vertex 9.5064 32.1195 0
      vertex 7.79189 32.6065 2.3
      vertex 7.81722 32.7081 2.3
    endloop
  endfacet
  facet normal -0.767645 0.189233 -0.612301
    outer loop
      vertex 7.79189 32.6065 2.3
      vertex 9.5064 32.1195 0
      vertex 9.50534 32.1152 0
    endloop
  endfacet
  facet normal -0.767099 0.191317 -0.612338
    outer loop
      vertex 9.56077 32.3375 0
      vertex 9.5064 32.1195 0
      vertex 7.81722 32.7081 2.3
    endloop
  endfacet
  facet normal -0.733055 0.296091 -0.61234
    outer loop
      vertex 9.35035 31.6889 0
      vertex 7.72032 32.4099 2.3
      vertex 7.75954 32.507 2.3
    endloop
  endfacet
  facet normal -0.731456 0.299897 -0.6124
    outer loop
      vertex 7.72032 32.4099 2.3
      vertex 9.35035 31.6889 0
      vertex 9.34871 31.6849 0
    endloop
  endfacet
  facet normal -0.733036 0.296134 -0.612342
    outer loop
      vertex 9.43454 31.8973 0
      vertex 9.35035 31.6889 0
      vertex 7.75954 32.507 2.3
    endloop
  endfacet
  facet normal -0.684737 0.395192 -0.612339
    outer loop
      vertex 9.24609 31.4752 0
      vertex 9.13372 31.2805 0
      vertex 7.62207 32.2251 2.3
    endloop
  endfacet
  facet normal 0.325764 -0.7203 -0.612409
    outer loop
      vertex 4.91503 35.9721 0
      vertex 5.69244 34.3682 2.3
      vertex 4.91105 35.9703 0
    endloop
  endfacet
  facet normal 0.32165 -0.722202 -0.612345
    outer loop
      vertex 5.69244 34.3682 2.3
      vertex 4.91503 35.9721 0
      vertex 5.78809 34.4108 2.3
    endloop
  endfacet
  facet normal 0.786267 0.0826259 -0.612338
    outer loop
      vertex 4.8646 32.8112 2.3
      vertex 3.09899 32.5675 0
      vertex 4.85365 32.9154 2.3
    endloop
  endfacet
  facet normal 0.786094 0.0840937 -0.61236
    outer loop
      vertex 3.09899 32.5675 0
      vertex 4.8646 32.8112 2.3
      vertex 3.09945 32.5632 0
    endloop
  endfacet
  facet normal 0.767118 0.191251 -0.612335
    outer loop
      vertex 4.90811 32.6065 2.3
      vertex 3.1936 32.1195 0
      vertex 4.88278 32.7081 2.3
    endloop
  endfacet
  facet normal 0.767645 0.189233 -0.612301
    outer loop
      vertex 3.1936 32.1195 0
      vertex 4.90811 32.6065 2.3
      vertex 3.19466 32.1152 0
    endloop
  endfacet
  facet normal 0.710571 0.346602 -0.612336
    outer loop
      vertex 5.02558 32.3158 2.3
      vertex 3.35129 31.6849 0
      vertex 4.97968 32.4099 2.3
    endloop
  endfacet
  facet normal 0.710061 0.347748 -0.612279
    outer loop
      vertex 3.35129 31.6849 0
      vertex 5.02558 32.3158 2.3
      vertex 3.3532 31.681 0
    endloop
  endfacet
  facet normal 0.733055 0.296091 -0.61234
    outer loop
      vertex 4.97968 32.4099 2.3
      vertex 3.34965 31.6889 0
      vertex 4.94046 32.507 2.3
    endloop
  endfacet
  facet normal 0.731456 0.299897 -0.6124
    outer loop
      vertex 3.34965 31.6889 0
      vertex 4.97968 32.4099 2.3
      vertex 3.35129 31.6849 0
    endloop
  endfacet
  facet normal 0.655401 0.442141 -0.612341
    outer loop
      vertex 5.07793 32.2251 2.3
      vertex 3.69196 31.0942 0
      vertex 3.56628 31.2805 0
    endloop
  endfacet
  facet normal 0.655424 0.442109 -0.612339
    outer loop
      vertex 5.13648 32.1383 2.3
      vertex 3.69196 31.0942 0
      vertex 5.07793 32.2251 2.3
    endloop
  endfacet
  facet normal 0.654423 0.443553 -0.612365
    outer loop
      vertex 3.69196 31.0942 0
      vertex 5.13648 32.1383 2.3
      vertex 3.6944 31.0906 0
    endloop
  endfacet
  facet normal 0.751854 0.244447 -0.612341
    outer loop
      vertex 4.94046 32.507 2.3
      vertex 3.26411 31.9015 0
      vertex 4.90811 32.6065 2.3
    endloop
  endfacet
  facet normal 0.7527 0.241939 -0.612297
    outer loop
      vertex 3.26411 31.9015 0
      vertex 4.94046 32.507 2.3
      vertex 3.26546 31.8973 0
    endloop
  endfacet
  facet normal 0.623124 0.486578 -0.612338
    outer loop
      vertex 5.20093 32.0558 2.3
      vertex 3.83546 30.91 0
      vertex 3.69709 31.0872 0
    endloop
  endfacet
  facet normal 0.587497 0.529049 -0.612335
    outer loop
      vertex 3.83838 30.9068 0
      vertex 5.20093 32.0558 2.3
      vertex 5.27099 31.978 2.3
    endloop
  endfacet
  facet normal 0.584055 0.53295 -0.612245
    outer loop
      vertex 5.20093 32.0558 2.3
      vertex 3.83838 30.9068 0
      vertex 3.83546 30.91 0
    endloop
  endfacet
  facet normal 0.270329 0.742951 -0.612329
    outer loop
      vertex 5.33565 29.8982 0
      vertex 5.78809 31.6292 2.3
      vertex 5.88648 31.5934 2.3
    endloop
  endfacet
  facet normal 0.255319 0.74772 -0.612965
    outer loop
      vertex 5.78809 31.6292 2.3
      vertex 5.33565 29.8982 0
      vertex 5.33155 29.8996 0
    endloop
  endfacet
  facet normal 0.217517 0.7601 -0.612319
    outer loop
      vertex 5.33985 29.897 0
      vertex 5.88648 31.5934 2.3
      vertex 5.98712 31.5646 2.3
    endloop
  endfacet
  facet normal 0.217199 0.760195 -0.612314
    outer loop
      vertex 5.88648 31.5934 2.3
      vertex 5.33985 29.897 0
      vertex 5.33565 29.8982 0
    endloop
  endfacet
  facet normal 0.371113 0.69808 -0.612339
    outer loop
      vertex 5.6 31.721 2.3
      vertex 4.9072 30.0718 0
      vertex 4.70875 30.1773 0
    endloop
  endfacet
  facet normal 0.508164 0.605644 -0.612344
    outer loop
      vertex 4.15692 30.5778 0
      vertex 5.3463 31.9053 2.3
      vertex 5.42651 31.838 2.3
    endloop
  endfacet
  facet normal 0.507909 0.605863 -0.612339
    outer loop
      vertex 5.3463 31.9053 2.3
      vertex 4.15692 30.5778 0
      vertex 4.15358 30.5806 0
    endloop
  endfacet
  facet normal 0.418514 0.670756 -0.612317
    outer loop
      vertex 4.51815 30.2964 0
      vertex 5.51121 31.7764 2.3
      vertex 5.6 31.721 2.3
    endloop
  endfacet
  facet normal 0.4174 0.67147 -0.612295
    outer loop
      vertex 5.51121 31.7764 2.3
      vertex 4.51815 30.2964 0
      vertex 4.51445 30.2987 0
    endloop
  endfacet
  facet normal 0.465003 0.639379 -0.612346
    outer loop
      vertex 4.33262 30.4308 0
      vertex 5.42651 31.838 2.3
      vertex 5.51121 31.7764 2.3
    endloop
  endfacet
  facet normal 0.468823 0.636518 -0.612413
    outer loop
      vertex 5.42651 31.838 2.3
      vertex 4.33262 30.4308 0
      vertex 4.32909 30.4334 0
    endloop
  endfacet
  facet normal -0.108764 0.783099 -0.612312
    outer loop
      vertex 6.91568 29.7868 0
      vertex 6.61047 31.5428 2.3
      vertex 6.92 29.7874 0
    endloop
  endfacet
  facet normal -0.110243 0.782874 -0.612336
    outer loop
      vertex 6.61047 31.5428 2.3
      vertex 6.91568 29.7868 0
      vertex 6.50679 31.5282 2.3
    endloop
  endfacet
  facet normal -0.163043 0.773551 -0.612402
    outer loop
      vertex 6.92 29.7874 0
      vertex 6.71288 31.5646 2.3
      vertex 6.92427 29.7883 0
    endloop
  endfacet
  facet normal -0.164607 0.773276 -0.61233
    outer loop
      vertex 6.71288 31.5646 2.3
      vertex 6.92 29.7874 0
      vertex 6.61047 31.5428 2.3
    endloop
  endfacet
  facet normal -0.164277 0.773333 -0.612347
    outer loop
      vertex 7.14411 29.835 0
      vertex 6.92427 29.7883 0
      vertex 6.71288 31.5646 2.3
    endloop
  endfacet
  facet normal -0.217199 0.760195 -0.612314
    outer loop
      vertex 7.36015 29.897 0
      vertex 6.81352 31.5934 2.3
      vertex 7.36435 29.8982 0
    endloop
  endfacet
  facet normal -0.217517 0.7601 -0.612319
    outer loop
      vertex 6.81352 31.5934 2.3
      vertex 7.36015 29.897 0
      vertex 6.71288 31.5646 2.3
    endloop
  endfacet
  facet normal -0.218084 0.759916 -0.612346
    outer loop
      vertex 7.36015 29.897 0
      vertex 7.14411 29.835 0
      vertex 6.71288 31.5646 2.3
    endloop
  endfacet
  facet normal -0.110099 0.782899 -0.61233
    outer loop
      vertex 6.91568 29.7868 0
      vertex 6.69311 29.7555 0
      vertex 6.50679 31.5282 2.3
    endloop
  endfacet
  facet normal -0.055228 0.788669 -0.612332
    outer loop
      vertex 6.50679 31.5282 2.3
      vertex 6.69311 29.7555 0
      vertex 6.46891 29.7398 0
    endloop
  endfacet
  facet normal -0.054393 0.788699 -0.612369
    outer loop
      vertex 6.46456 29.7395 0
      vertex 6.50679 31.5282 2.3
      vertex 6.46891 29.7398 0
    endloop
  endfacet
  facet normal -0.0551256 0.788674 -0.612336
    outer loop
      vertex 6.50679 31.5282 2.3
      vertex 6.46456 29.7395 0
      vertex 6.40235 31.5209 2.3
    endloop
  endfacet
  facet normal -0.378725 0.694329 -0.611943
    outer loop
      vertex 7.78895 30.0697 0
      vertex 7.1 31.721 2.3
      vertex 7.7928 30.0718 0
    endloop
  endfacet
  facet normal -0.371452 0.697906 -0.612332
    outer loop
      vertex 7.1 31.721 2.3
      vertex 7.78895 30.0697 0
      vertex 7.00756 31.6718 2.3
    endloop
  endfacet
  facet normal -0.464689 0.639624 -0.612328
    outer loop
      vertex 8.36738 30.4308 0
      vertex 8.18555 30.2987 0
      vertex 7.18879 31.7764 2.3
    endloop
  endfacet
  facet normal -0.623124 0.486578 -0.612338
    outer loop
      vertex 9.00291 31.0872 0
      vertex 8.86454 30.91 0
      vertex 7.49907 32.0558 2.3
    endloop
  endfacet
  facet normal -0.623021 0.486712 -0.612337
    outer loop
      vertex 9.0056 31.0906 0
      vertex 7.49907 32.0558 2.3
      vertex 7.56352 32.1383 2.3
    endloop
  endfacet
  facet normal -0.620151 0.490649 -0.612109
    outer loop
      vertex 7.49907 32.0558 2.3
      vertex 9.0056 31.0906 0
      vertex 9.00291 31.0872 0
    endloop
  endfacet
  facet normal -0.217517 -0.7601 -0.612319
    outer loop
      vertex 7.36015 36.143 0
      vertex 6.81352 34.4466 2.3
      vertex 6.71288 34.4754 2.3
    endloop
  endfacet
  facet normal -0.217199 -0.760195 -0.612314
    outer loop
      vertex 6.81352 34.4466 2.3
      vertex 7.36015 36.143 0
      vertex 7.36435 36.1418 0
    endloop
  endfacet
  facet normal -0.58749 -0.529057 -0.612335
    outer loop
      vertex 8.71123 35.3002 0
      vertex 8.86162 35.1332 0
      vertex 7.42901 34.062 2.3
    endloop
  endfacet
  facet normal -0.549155 -0.568751 -0.612333
    outer loop
      vertex 8.54956 35.4563 0
      vertex 8.71123 35.3002 0
      vertex 7.42901 34.062 2.3
    endloop
  endfacet
  facet normal -0.786267 0.0826259 -0.612338
    outer loop
      vertex 9.60101 32.5675 0
      vertex 7.8354 32.8112 2.3
      vertex 7.84635 32.9154 2.3
    endloop
  endfacet
  facet normal -0.786094 0.0840937 -0.61236
    outer loop
      vertex 7.8354 32.8112 2.3
      vertex 9.60101 32.5675 0
      vertex 9.60055 32.5632 0
    endloop
  endfacet
  facet normal -0.684728 0.395209 -0.612338
    outer loop
      vertex 9.24828 31.479 0
      vertex 7.62207 32.2251 2.3
      vertex 7.67442 32.3158 2.3
    endloop
  endfacet
  facet normal -0.684968 0.394758 -0.612361
    outer loop
      vertex 7.62207 32.2251 2.3
      vertex 9.24828 31.479 0
      vertex 9.24609 31.4752 0
    endloop
  endfacet
  facet normal -0.710587 0.346569 -0.612336
    outer loop
      vertex 9.3468 31.681 0
      vertex 9.24828 31.479 0
      vertex 7.67442 32.3158 2.3
    endloop
  endfacet
  facet normal 0.684737 0.395192 -0.612339
    outer loop
      vertex 5.07793 32.2251 2.3
      vertex 3.56628 31.2805 0
      vertex 3.45391 31.4752 0
    endloop
  endfacet
  facet normal 0.623021 0.486712 -0.612337
    outer loop
      vertex 5.20093 32.0558 2.3
      vertex 3.6944 31.0906 0
      vertex 5.13648 32.1383 2.3
    endloop
  endfacet
  facet normal 0.620151 0.490649 -0.612109
    outer loop
      vertex 3.6944 31.0906 0
      vertex 5.20093 32.0558 2.3
      vertex 3.69709 31.0872 0
    endloop
  endfacet
  facet normal 0.371452 0.697906 -0.612332
    outer loop
      vertex 4.91105 30.0697 0
      vertex 5.6 31.721 2.3
      vertex 5.69244 31.6718 2.3
    endloop
  endfacet
  facet normal 0.378725 0.694329 -0.611943
    outer loop
      vertex 5.6 31.721 2.3
      vertex 4.91105 30.0697 0
      vertex 4.9072 30.0718 0
    endloop
  endfacet
  facet normal -0.270491 0.742883 -0.612339
    outer loop
      vertex 7.57965 29.9765 0
      vertex 7.36845 29.8996 0
      vertex 6.91191 31.6292 2.3
    endloop
  endfacet
  facet normal -0.468823 0.636518 -0.612413
    outer loop
      vertex 8.36738 30.4308 0
      vertex 7.27349 31.838 2.3
      vertex 8.37091 30.4334 0
    endloop
  endfacet
  facet normal -0.465003 0.639379 -0.612346
    outer loop
      vertex 7.27349 31.838 2.3
      vertex 8.36738 30.4308 0
      vertex 7.18879 31.7764 2.3
    endloop
  endfacet
  facet normal -0.508046 0.60575 -0.612337
    outer loop
      vertex 8.54308 30.5778 0
      vertex 8.37091 30.4334 0
      vertex 7.27349 31.838 2.3
    endloop
  endfacet
  facet normal -0.778587 0.137291 -0.612335
    outer loop
      vertex 9.60055 32.5632 0
      vertex 7.81722 32.7081 2.3
      vertex 7.8354 32.8112 2.3
    endloop
  endfacet
  facet normal -0.77879 0.135835 -0.612401
    outer loop
      vertex 7.81722 32.7081 2.3
      vertex 9.60055 32.5632 0
      vertex 9.5998 32.5589 0
    endloop
  endfacet
  facet normal 0.710587 0.346569 -0.612336
    outer loop
      vertex 5.02558 32.3158 2.3
      vertex 3.45172 31.479 0
      vertex 3.3532 31.681 0
    endloop
  endfacet
  facet normal 0.684728 0.395209 -0.612338
    outer loop
      vertex 5.07793 32.2251 2.3
      vertex 3.45172 31.479 0
      vertex 5.02558 32.3158 2.3
    endloop
  endfacet
  facet normal 0.684968 0.394758 -0.612361
    outer loop
      vertex 3.45172 31.479 0
      vertex 5.07793 32.2251 2.3
      vertex 3.45391 31.4752 0
    endloop
  endfacet
  facet normal -0.507909 0.605863 -0.612339
    outer loop
      vertex 8.54308 30.5778 0
      vertex 7.3537 31.9053 2.3
      vertex 8.54642 30.5806 0
    endloop
  endfacet
  facet normal -0.508164 0.605644 -0.612344
    outer loop
      vertex 7.3537 31.9053 2.3
      vertex 8.54308 30.5778 0
      vertex 7.27349 31.838 2.3
    endloop
  endfacet
  facet normal 1 -0 0
    outer loop
      vertex 151.267 -4 10.76
      vertex 151.267 4 8
      vertex 151.267 4 10.76
    endloop
  endfacet
  facet normal 1 0 0
    outer loop
      vertex 151.267 4 8
      vertex 151.267 -4 10.76
      vertex 151.267 -4 3.01
    endloop
  endfacet
  facet normal 1 0 0
    outer loop
      vertex 151.267 153.1 8
      vertex 151.267 128.025 5.5
      vertex 151.267 153.1 0
    endloop
  endfacet
  facet normal 1 0 0
    outer loop
      vertex 151.267 153.1 8
      vertex 151.267 127.967 5.93999
      vertex 151.267 128.025 5.5
    endloop
  endfacet
  facet normal 1 0 0
    outer loop
      vertex 151.267 153.1 8
      vertex 151.267 127.797 6.35
      vertex 151.267 127.967 5.93999
    endloop
  endfacet
  facet normal 1 0 0
    outer loop
      vertex 151.267 153.1 8
      vertex 151.267 127.527 6.70208
      vertex 151.267 127.797 6.35
    endloop
  endfacet
  facet normal 1 0 0
    outer loop
      vertex 151.267 153.1 8
      vertex 151.267 127.175 6.97224
      vertex 151.267 127.527 6.70208
    endloop
  endfacet
  facet normal 1 0 0
    outer loop
      vertex 151.267 153.1 8
      vertex 151.267 126.765 7.14207
      vertex 151.267 127.175 6.97224
    endloop
  endfacet
  facet normal 1 0 0
    outer loop
      vertex 151.267 153.1 8
      vertex 151.267 126.325 7.2
      vertex 151.267 126.765 7.14207
    endloop
  endfacet
  facet normal 1 0 0
    outer loop
      vertex 151.267 124.683 5.93999
      vertex 151.267 89.25 5.5
      vertex 151.267 124.625 5.5
    endloop
  endfacet
  facet normal 1 0 0
    outer loop
      vertex 151.267 89.1921 5.93999
      vertex 151.267 124.683 5.93999
      vertex 151.267 124.853 6.35
    endloop
  endfacet
  facet normal 1 0 0
    outer loop
      vertex 151.267 89.0222 6.35
      vertex 151.267 124.853 6.35
      vertex 151.267 125.123 6.70208
    endloop
  endfacet
  facet normal 1 0 0
    outer loop
      vertex 151.267 88.7521 6.70208
      vertex 151.267 125.123 6.70208
      vertex 151.267 125.475 6.97224
    endloop
  endfacet
  facet normal 1 0 0
    outer loop
      vertex 151.267 88.4 6.97224
      vertex 151.267 125.475 6.97224
      vertex 151.267 125.885 7.14207
    endloop
  endfacet
  facet normal 1 0 0
    outer loop
      vertex 151.267 87.99 7.14207
      vertex 151.267 125.885 7.14207
      vertex 151.267 126.325 7.2
    endloop
  endfacet
  facet normal 1 0 0
    outer loop
      vertex 151.267 124.683 5.93999
      vertex 151.267 89.1921 5.93999
      vertex 151.267 89.25 5.5
    endloop
  endfacet
  facet normal 1 0 0
    outer loop
      vertex 151.267 124.853 6.35
      vertex 151.267 89.0222 6.35
      vertex 151.267 89.1921 5.93999
    endloop
  endfacet
  facet normal 1 0 0
    outer loop
      vertex 151.267 87.55 7.2
      vertex 151.267 126.325 7.2
      vertex 151.267 153.1 8
    endloop
  endfacet
  facet normal 1 0 0
    outer loop
      vertex 151.267 125.123 6.70208
      vertex 151.267 88.7521 6.70208
      vertex 151.267 89.0222 6.35
    endloop
  endfacet
  facet normal 1 0 0
    outer loop
      vertex 151.267 125.475 6.97224
      vertex 151.267 88.4 6.97224
      vertex 151.267 88.7521 6.70208
    endloop
  endfacet
  facet normal 1 0 0
    outer loop
      vertex 151.267 125.885 7.14207
      vertex 151.267 87.99 7.14207
      vertex 151.267 88.4 6.97224
    endloop
  endfacet
  facet normal 1 0 0
    outer loop
      vertex 151.267 126.325 7.2
      vertex 151.267 87.55 7.2
      vertex 151.267 87.99 7.14207
    endloop
  endfacet
  facet normal 1 0 0
    outer loop
      vertex 151.267 85.9079 5.93999
      vertex 151.267 50.475 5.5
      vertex 151.267 85.85 5.5
    endloop
  endfacet
  facet normal 1 0 0
    outer loop
      vertex 151.267 50.4171 5.93999
      vertex 151.267 85.9079 5.93999
      vertex 151.267 86.0778 6.35
    endloop
  endfacet
  facet normal 1 0 0
    outer loop
      vertex 151.267 50.2472 6.35
      vertex 151.267 86.0778 6.35
      vertex 151.267 86.3479 6.70208
    endloop
  endfacet
  facet normal 1 0 0
    outer loop
      vertex 151.267 49.9771 6.70208
      vertex 151.267 86.3479 6.70208
      vertex 151.267 86.7 6.97224
    endloop
  endfacet
  facet normal 1 0 0
    outer loop
      vertex 151.267 49.625 6.97224
      vertex 151.267 86.7 6.97224
      vertex 151.267 87.11 7.14207
    endloop
  endfacet
  facet normal 1 0 0
    outer loop
      vertex 151.267 49.215 7.14207
      vertex 151.267 87.11 7.14207
      vertex 151.267 87.55 7.2
    endloop
  endfacet
  facet normal 1 0 0
    outer loop
      vertex 151.267 85.9079 5.93999
      vertex 151.267 50.4171 5.93999
      vertex 151.267 50.475 5.5
    endloop
  endfacet
  facet normal 1 0 0
    outer loop
      vertex 151.267 86.0778 6.35
      vertex 151.267 50.2472 6.35
      vertex 151.267 50.4171 5.93999
    endloop
  endfacet
  facet normal 1 0 0
    outer loop
      vertex 151.267 86.3479 6.70208
      vertex 151.267 49.9771 6.70208
      vertex 151.267 50.2472 6.35
    endloop
  endfacet
  facet normal 1 0 0
    outer loop
      vertex 151.267 86.7 6.97224
      vertex 151.267 49.625 6.97224
      vertex 151.267 49.9771 6.70208
    endloop
  endfacet
  facet normal 1 0 0
    outer loop
      vertex 151.267 48.775 7.2
      vertex 151.267 87.55 7.2
      vertex 151.267 153.1 8
    endloop
  endfacet
  facet normal 1 0 0
    outer loop
      vertex 151.267 87.11 7.14207
      vertex 151.267 49.215 7.14207
      vertex 151.267 49.625 6.97224
    endloop
  endfacet
  facet normal 1 0 0
    outer loop
      vertex 151.267 87.55 7.2
      vertex 151.267 48.775 7.2
      vertex 151.267 49.215 7.14207
    endloop
  endfacet
  facet normal 1 0 0
    outer loop
      vertex 151.267 47.1329 5.93999
      vertex 151.267 11.7 5.5
      vertex 151.267 47.075 5.5
    endloop
  endfacet
  facet normal 1 0 0
    outer loop
      vertex 151.267 11.6421 5.93999
      vertex 151.267 47.1329 5.93999
      vertex 151.267 47.3028 6.35
    endloop
  endfacet
  facet normal 1 0 0
    outer loop
      vertex 151.267 11.4722 6.35
      vertex 151.267 47.3028 6.35
      vertex 151.267 47.5729 6.70208
    endloop
  endfacet
  facet normal 1 0 0
    outer loop
      vertex 151.267 11.2021 6.70208
      vertex 151.267 47.5729 6.70208
      vertex 151.267 47.925 6.97224
    endloop
  endfacet
  facet normal 1 0 0
    outer loop
      vertex 151.267 10.85 6.97224
      vertex 151.267 47.925 6.97224
      vertex 151.267 48.335 7.14207
    endloop
  endfacet
  facet normal 1 0 0
    outer loop
      vertex 151.267 10.44 7.14207
      vertex 151.267 48.335 7.14207
      vertex 151.267 48.775 7.2
    endloop
  endfacet
  facet normal 1 0 0
    outer loop
      vertex 151.267 47.1329 5.93999
      vertex 151.267 11.6421 5.93999
      vertex 151.267 11.7 5.5
    endloop
  endfacet
  facet normal 1 0 0
    outer loop
      vertex 151.267 47.3028 6.35
      vertex 151.267 11.4722 6.35
      vertex 151.267 11.6421 5.93999
    endloop
  endfacet
  facet normal 1 0 0
    outer loop
      vertex 151.267 47.5729 6.70208
      vertex 151.267 11.2021 6.70208
      vertex 151.267 11.4722 6.35
    endloop
  endfacet
  facet normal 1 0 0
    outer loop
      vertex 151.267 47.925 6.97224
      vertex 151.267 10.85 6.97224
      vertex 151.267 11.2021 6.70208
    endloop
  endfacet
  facet normal 1 -0 0
    outer loop
      vertex 151.267 4 8
      vertex 151.267 48.775 7.2
      vertex 151.267 153.1 8
    endloop
  endfacet
  facet normal 1 0 0
    outer loop
      vertex 151.267 48.335 7.14207
      vertex 151.267 10.44 7.14207
      vertex 151.267 10.85 6.97224
    endloop
  endfacet
  facet normal 1 0 0
    outer loop
      vertex 151.267 48.775 7.2
      vertex 151.267 10 7.2
      vertex 151.267 10.44 7.14207
    endloop
  endfacet
  facet normal 1 0 0
    outer loop
      vertex 151.267 8.35793 5.93999
      vertex 151.267 4 8
      vertex 151.267 8.3 5.5
    endloop
  endfacet
  facet normal 1 0 0
    outer loop
      vertex 151.267 8.52776 6.35
      vertex 151.267 4 8
      vertex 151.267 8.35793 5.93999
    endloop
  endfacet
  facet normal 1 0 0
    outer loop
      vertex 151.267 8.79792 6.70208
      vertex 151.267 4 8
      vertex 151.267 8.52776 6.35
    endloop
  endfacet
  facet normal 1 0 0
    outer loop
      vertex 151.267 9.15 6.97224
      vertex 151.267 4 8
      vertex 151.267 8.79792 6.70208
    endloop
  endfacet
  facet normal 1 0 0
    outer loop
      vertex 151.267 9.56001 7.14207
      vertex 151.267 4 8
      vertex 151.267 9.15 6.97224
    endloop
  endfacet
  facet normal 1 0 0
    outer loop
      vertex 151.267 10 7.2
      vertex 151.267 4 8
      vertex 151.267 9.56001 7.14207
    endloop
  endfacet
  facet normal 1 0 0
    outer loop
      vertex 151.267 48.775 7.2
      vertex 151.267 4 8
      vertex 151.267 10 7.2
    endloop
  endfacet
  facet normal 1 -0 0
    outer loop
      vertex 151.267 127.967 5.06001
      vertex 151.267 153.1 0
      vertex 151.267 128.025 5.5
    endloop
  endfacet
  facet normal 1 -0 0
    outer loop
      vertex 151.267 127.797 4.65
      vertex 151.267 153.1 0
      vertex 151.267 127.967 5.06001
    endloop
  endfacet
  facet normal 1 -0 0
    outer loop
      vertex 151.267 127.527 4.29792
      vertex 151.267 153.1 0
      vertex 151.267 127.797 4.65
    endloop
  endfacet
  facet normal 1 -0 0
    outer loop
      vertex 151.267 127.175 4.02776
      vertex 151.267 153.1 0
      vertex 151.267 127.527 4.29792
    endloop
  endfacet
  facet normal 1 -0 0
    outer loop
      vertex 151.267 126.765 3.85793
      vertex 151.267 153.1 0
      vertex 151.267 127.175 4.02776
    endloop
  endfacet
  facet normal 1 -0 0
    outer loop
      vertex 151.267 126.325 3.8
      vertex 151.267 153.1 0
      vertex 151.267 126.765 3.85793
    endloop
  endfacet
  facet normal 1 0 0
    outer loop
      vertex 151.267 87.55 3.8
      vertex 151.267 126.325 3.8
      vertex 151.267 125.885 3.85793
    endloop
  endfacet
  facet normal 1 -0 0
    outer loop
      vertex 151.267 89.25 5.5
      vertex 151.267 124.683 5.06001
      vertex 151.267 124.625 5.5
    endloop
  endfacet
  facet normal 1 0 0
    outer loop
      vertex 151.267 89.1921 5.06001
      vertex 151.267 124.683 5.06001
      vertex 151.267 89.25 5.5
    endloop
  endfacet
  facet normal 1 0 0
    outer loop
      vertex 151.267 124.683 5.06001
      vertex 151.267 89.1921 5.06001
      vertex 151.267 124.853 4.65
    endloop
  endfacet
  facet normal 1 0 0
    outer loop
      vertex 151.267 89.0222 4.65
      vertex 151.267 124.853 4.65
      vertex 151.267 89.1921 5.06001
    endloop
  endfacet
  facet normal 1 0 0
    outer loop
      vertex 151.267 124.853 4.65
      vertex 151.267 89.0222 4.65
      vertex 151.267 125.123 4.29792
    endloop
  endfacet
  facet normal 1 0 0
    outer loop
      vertex 151.267 88.7521 4.29792
      vertex 151.267 125.123 4.29792
      vertex 151.267 89.0222 4.65
    endloop
  endfacet
  facet normal 1 0 0
    outer loop
      vertex 151.267 125.123 4.29792
      vertex 151.267 88.7521 4.29792
      vertex 151.267 125.475 4.02776
    endloop
  endfacet
  facet normal 1 0 0
    outer loop
      vertex 151.267 88.4 4.02776
      vertex 151.267 125.475 4.02776
      vertex 151.267 88.7521 4.29792
    endloop
  endfacet
  facet normal 1 0 0
    outer loop
      vertex 151.267 125.475 4.02776
      vertex 151.267 88.4 4.02776
      vertex 151.267 125.885 3.85793
    endloop
  endfacet
  facet normal 1 0 0
    outer loop
      vertex 151.267 87.99 3.85793
      vertex 151.267 125.885 3.85793
      vertex 151.267 88.4 4.02776
    endloop
  endfacet
  facet normal 1 0 0
    outer loop
      vertex 151.267 87.55 3.8
      vertex 151.267 125.885 3.85793
      vertex 151.267 87.99 3.85793
    endloop
  endfacet
  facet normal 1 0 0
    outer loop
      vertex 151.267 126.325 3.8
      vertex 151.267 87.55 3.8
      vertex 151.267 153.1 0
    endloop
  endfacet
  facet normal 1 -0 0
    outer loop
      vertex 151.267 50.475 5.5
      vertex 151.267 85.9079 5.06001
      vertex 151.267 85.85 5.5
    endloop
  endfacet
  facet normal 1 0 0
    outer loop
      vertex 151.267 50.4171 5.06001
      vertex 151.267 85.9079 5.06001
      vertex 151.267 50.475 5.5
    endloop
  endfacet
  facet normal 1 0 0
    outer loop
      vertex 151.267 85.9079 5.06001
      vertex 151.267 50.4171 5.06001
      vertex 151.267 86.0778 4.65
    endloop
  endfacet
  facet normal 1 0 0
    outer loop
      vertex 151.267 50.2472 4.65
      vertex 151.267 86.0778 4.65
      vertex 151.267 50.4171 5.06001
    endloop
  endfacet
  facet normal 1 0 0
    outer loop
      vertex 151.267 86.0778 4.65
      vertex 151.267 50.2472 4.65
      vertex 151.267 86.3479 4.29792
    endloop
  endfacet
  facet normal 1 0 0
    outer loop
      vertex 151.267 49.9771 4.29792
      vertex 151.267 86.3479 4.29792
      vertex 151.267 50.2472 4.65
    endloop
  endfacet
  facet normal 1 0 0
    outer loop
      vertex 151.267 86.3479 4.29792
      vertex 151.267 49.9771 4.29792
      vertex 151.267 86.7 4.02776
    endloop
  endfacet
  facet normal 1 0 0
    outer loop
      vertex 151.267 49.625 4.02776
      vertex 151.267 86.7 4.02776
      vertex 151.267 49.9771 4.29792
    endloop
  endfacet
  facet normal 1 0 0
    outer loop
      vertex 151.267 86.7 4.02776
      vertex 151.267 49.625 4.02776
      vertex 151.267 87.11 3.85793
    endloop
  endfacet
  facet normal 1 0 0
    outer loop
      vertex 151.267 49.215 3.85793
      vertex 151.267 87.11 3.85793
      vertex 151.267 49.625 4.02776
    endloop
  endfacet
  facet normal 1 0 0
    outer loop
      vertex 151.267 87.11 3.85793
      vertex 151.267 49.215 3.85793
      vertex 151.267 87.55 3.8
    endloop
  endfacet
  facet normal 1 0 0
    outer loop
      vertex 151.267 48.775 3.8
      vertex 151.267 87.55 3.8
      vertex 151.267 49.215 3.85793
    endloop
  endfacet
  facet normal 1 0 0
    outer loop
      vertex 151.267 -4 0
      vertex 151.267 87.55 3.8
      vertex 151.267 48.775 3.8
    endloop
  endfacet
  facet normal 1 -0 0
    outer loop
      vertex 151.267 11.7 5.5
      vertex 151.267 47.1329 5.06001
      vertex 151.267 47.075 5.5
    endloop
  endfacet
  facet normal 1 0 0
    outer loop
      vertex 151.267 11.6421 5.06001
      vertex 151.267 47.1329 5.06001
      vertex 151.267 11.7 5.5
    endloop
  endfacet
  facet normal 1 0 0
    outer loop
      vertex 151.267 47.1329 5.06001
      vertex 151.267 11.6421 5.06001
      vertex 151.267 47.3028 4.65
    endloop
  endfacet
  facet normal 1 0 0
    outer loop
      vertex 151.267 11.4722 4.65
      vertex 151.267 47.3028 4.65
      vertex 151.267 11.6421 5.06001
    endloop
  endfacet
  facet normal 1 0 0
    outer loop
      vertex 151.267 47.3028 4.65
      vertex 151.267 11.4722 4.65
      vertex 151.267 47.5729 4.29792
    endloop
  endfacet
  facet normal 1 0 0
    outer loop
      vertex 151.267 11.2021 4.29792
      vertex 151.267 47.5729 4.29792
      vertex 151.267 11.4722 4.65
    endloop
  endfacet
  facet normal 1 0 0
    outer loop
      vertex 151.267 47.5729 4.29792
      vertex 151.267 11.2021 4.29792
      vertex 151.267 47.925 4.02776
    endloop
  endfacet
  facet normal 1 0 0
    outer loop
      vertex 151.267 10.85 4.02776
      vertex 151.267 47.925 4.02776
      vertex 151.267 11.2021 4.29792
    endloop
  endfacet
  facet normal 1 0 0
    outer loop
      vertex 151.267 47.925 4.02776
      vertex 151.267 10.85 4.02776
      vertex 151.267 48.335 3.85793
    endloop
  endfacet
  facet normal 1 0 0
    outer loop
      vertex 151.267 10.44 3.85793
      vertex 151.267 48.335 3.85793
      vertex 151.267 10.85 4.02776
    endloop
  endfacet
  facet normal 1 0 0
    outer loop
      vertex 151.267 -4 0
      vertex 151.267 48.335 3.85793
      vertex 151.267 10.44 3.85793
    endloop
  endfacet
  facet normal 1 0 0
    outer loop
      vertex 151.267 48.335 3.85793
      vertex 151.267 -4 0
      vertex 151.267 48.775 3.8
    endloop
  endfacet
  facet normal 1 0 0
    outer loop
      vertex 151.267 -4 0
      vertex 151.267 10.44 3.85793
      vertex 151.267 10 3.8
    endloop
  endfacet
  facet normal 1 0 0
    outer loop
      vertex 151.267 4 8
      vertex 151.267 8.35793 5.06001
      vertex 151.267 8.3 5.5
    endloop
  endfacet
  facet normal 1 0 0
    outer loop
      vertex 151.267 4 8
      vertex 151.267 8.52776 4.65
      vertex 151.267 8.35793 5.06001
    endloop
  endfacet
  facet normal 1 0 0
    outer loop
      vertex 151.267 -4 0
      vertex 151.267 8.52776 4.65
      vertex 151.267 4 8
    endloop
  endfacet
  facet normal 1 0 0
    outer loop
      vertex 151.267 -4 0
      vertex 151.267 4 8
      vertex 151.267 -4 3.01
    endloop
  endfacet
  facet normal 1 0 0
    outer loop
      vertex 151.267 8.52776 4.65
      vertex 151.267 -4 0
      vertex 151.267 8.79792 4.29792
    endloop
  endfacet
  facet normal 1 0 0
    outer loop
      vertex 151.267 8.79792 4.29792
      vertex 151.267 -4 0
      vertex 151.267 9.15 4.02776
    endloop
  endfacet
  facet normal 1 0 0
    outer loop
      vertex 151.267 9.15 4.02776
      vertex 151.267 -4 0
      vertex 151.267 9.56001 3.85793
    endloop
  endfacet
  facet normal 1 0 0
    outer loop
      vertex 151.267 9.56001 3.85793
      vertex 151.267 -4 0
      vertex 151.267 10 3.8
    endloop
  endfacet
  facet normal 1 0 0
    outer loop
      vertex 151.267 87.55 3.8
      vertex 151.267 -4 0
      vertex 151.267 153.1 0
    endloop
  endfacet
  facet normal 0 1 -0
    outer loop
      vertex 50.4509 153.1 7.14207
      vertex 10 153.1 7.2
      vertex 50.8909 153.1 7.2
    endloop
  endfacet
  facet normal 0 1 0
    outer loop
      vertex 50.4509 153.1 7.14207
      vertex 10.44 153.1 7.14207
      vertex 10 153.1 7.2
    endloop
  endfacet
  facet normal 0 1 -0
    outer loop
      vertex 50.0409 153.1 6.97224
      vertex 10.44 153.1 7.14207
      vertex 50.4509 153.1 7.14207
    endloop
  endfacet
  facet normal 0 1 0
    outer loop
      vertex 50.0409 153.1 6.97224
      vertex 10.85 153.1 6.97224
      vertex 10.44 153.1 7.14207
    endloop
  endfacet
  facet normal 0 1 -0
    outer loop
      vertex 49.6888 153.1 6.70208
      vertex 10.85 153.1 6.97224
      vertex 50.0409 153.1 6.97224
    endloop
  endfacet
  facet normal 0 1 0
    outer loop
      vertex 49.6888 153.1 6.70208
      vertex 11.2021 153.1 6.70208
      vertex 10.85 153.1 6.97224
    endloop
  endfacet
  facet normal 0 1 -0
    outer loop
      vertex 49.4187 153.1 6.35
      vertex 11.2021 153.1 6.70208
      vertex 49.6888 153.1 6.70208
    endloop
  endfacet
  facet normal 0 1 0
    outer loop
      vertex 49.4187 153.1 6.35
      vertex 11.4722 153.1 6.35
      vertex 11.2021 153.1 6.70208
    endloop
  endfacet
  facet normal 0 1 -0
    outer loop
      vertex 49.2488 153.1 5.93999
      vertex 11.4722 153.1 6.35
      vertex 49.4187 153.1 6.35
    endloop
  endfacet
  facet normal 0 1 0
    outer loop
      vertex 49.2488 153.1 5.93999
      vertex 11.6421 153.1 5.93999
      vertex 11.4722 153.1 6.35
    endloop
  endfacet
  facet normal 0 1 -0
    outer loop
      vertex 49.1909 153.1 5.5
      vertex 11.6421 153.1 5.93999
      vertex 49.2488 153.1 5.93999
    endloop
  endfacet
  facet normal 0 1 0
    outer loop
      vertex 49.1909 153.1 5.5
      vertex 11.7 153.1 5.5
      vertex 11.6421 153.1 5.93999
    endloop
  endfacet
  facet normal 0 1 0
    outer loop
      vertex 49.2488 153.1 5.06001
      vertex 11.7 153.1 5.5
      vertex 49.1909 153.1 5.5
    endloop
  endfacet
  facet normal 0 1 0
    outer loop
      vertex 49.2488 153.1 5.06001
      vertex 11.6421 153.1 5.06001
      vertex 11.7 153.1 5.5
    endloop
  endfacet
  facet normal 0 1 0
    outer loop
      vertex 49.4187 153.1 4.65
      vertex 11.6421 153.1 5.06001
      vertex 49.2488 153.1 5.06001
    endloop
  endfacet
  facet normal 0 1 0
    outer loop
      vertex 49.4187 153.1 4.65
      vertex 11.4722 153.1 4.65
      vertex 11.6421 153.1 5.06001
    endloop
  endfacet
  facet normal 0 1 0
    outer loop
      vertex 49.6888 153.1 4.29792
      vertex 11.4722 153.1 4.65
      vertex 49.4187 153.1 4.65
    endloop
  endfacet
  facet normal 0 1 0
    outer loop
      vertex 49.6888 153.1 4.29792
      vertex 11.2021 153.1 4.29792
      vertex 11.4722 153.1 4.65
    endloop
  endfacet
  facet normal 0 1 0
    outer loop
      vertex 50.0409 153.1 4.02776
      vertex 11.2021 153.1 4.29792
      vertex 49.6888 153.1 4.29792
    endloop
  endfacet
  facet normal 0 1 0
    outer loop
      vertex 50.0409 153.1 4.02776
      vertex 10.85 153.1 4.02776
      vertex 11.2021 153.1 4.29792
    endloop
  endfacet
  facet normal 0 1 0
    outer loop
      vertex 50.4509 153.1 3.85793
      vertex 10.85 153.1 4.02776
      vertex 50.0409 153.1 4.02776
    endloop
  endfacet
  facet normal 0 1 0
    outer loop
      vertex 50.4509 153.1 3.85793
      vertex 10.44 153.1 3.85793
      vertex 10.85 153.1 4.02776
    endloop
  endfacet
  facet normal 0 1 0
    outer loop
      vertex -4 153.1 0
      vertex 50.4509 153.1 3.85793
      vertex 50.8909 153.1 3.8
    endloop
  endfacet
  facet normal 0 1 0
    outer loop
      vertex 50.4509 153.1 3.85793
      vertex -4 153.1 0
      vertex 10.44 153.1 3.85793
    endloop
  endfacet
  facet normal 0 1 -0
    outer loop
      vertex 91.3418 153.1 7.14207
      vertex 50.8909 153.1 7.2
      vertex 91.7818 153.1 7.2
    endloop
  endfacet
  facet normal 0 1 0
    outer loop
      vertex 91.3418 153.1 7.14207
      vertex 51.3309 153.1 7.14207
      vertex 50.8909 153.1 7.2
    endloop
  endfacet
  facet normal 0 1 -0
    outer loop
      vertex 90.9318 153.1 6.97224
      vertex 51.3309 153.1 7.14207
      vertex 91.3418 153.1 7.14207
    endloop
  endfacet
  facet normal 0 1 0
    outer loop
      vertex 90.9318 153.1 6.97224
      vertex 51.7409 153.1 6.97224
      vertex 51.3309 153.1 7.14207
    endloop
  endfacet
  facet normal 0 1 -0
    outer loop
      vertex 90.5797 153.1 6.70208
      vertex 51.7409 153.1 6.97224
      vertex 90.9318 153.1 6.97224
    endloop
  endfacet
  facet normal 0 1 0
    outer loop
      vertex 90.5797 153.1 6.70208
      vertex 52.093 153.1 6.70208
      vertex 51.7409 153.1 6.97224
    endloop
  endfacet
  facet normal 0 1 -0
    outer loop
      vertex 90.3096 153.1 6.35
      vertex 52.093 153.1 6.70208
      vertex 90.5797 153.1 6.70208
    endloop
  endfacet
  facet normal 0 1 0
    outer loop
      vertex 90.3096 153.1 6.35
      vertex 52.3632 153.1 6.35
      vertex 52.093 153.1 6.70208
    endloop
  endfacet
  facet normal 0 1 -0
    outer loop
      vertex 90.1397 153.1 5.93999
      vertex 52.3632 153.1 6.35
      vertex 90.3096 153.1 6.35
    endloop
  endfacet
  facet normal 0 1 0
    outer loop
      vertex 90.1397 153.1 5.93999
      vertex 52.533 153.1 5.93999
      vertex 52.3632 153.1 6.35
    endloop
  endfacet
  facet normal 0 1 -0
    outer loop
      vertex 90.0818 153.1 5.5
      vertex 52.533 153.1 5.93999
      vertex 90.1397 153.1 5.93999
    endloop
  endfacet
  facet normal 0 1 0
    outer loop
      vertex 90.0818 153.1 5.5
      vertex 52.5909 153.1 5.5
      vertex 52.533 153.1 5.93999
    endloop
  endfacet
  facet normal 0 1 0
    outer loop
      vertex 90.1397 153.1 5.06001
      vertex 52.5909 153.1 5.5
      vertex 90.0818 153.1 5.5
    endloop
  endfacet
  facet normal 0 1 0
    outer loop
      vertex 90.1397 153.1 5.06001
      vertex 52.533 153.1 5.06001
      vertex 52.5909 153.1 5.5
    endloop
  endfacet
  facet normal 0 1 0
    outer loop
      vertex 90.3096 153.1 4.65
      vertex 52.533 153.1 5.06001
      vertex 90.1397 153.1 5.06001
    endloop
  endfacet
  facet normal 0 1 0
    outer loop
      vertex 90.3096 153.1 4.65
      vertex 52.3632 153.1 4.65
      vertex 52.533 153.1 5.06001
    endloop
  endfacet
  facet normal 0 1 0
    outer loop
      vertex 90.5797 153.1 4.29792
      vertex 52.3632 153.1 4.65
      vertex 90.3096 153.1 4.65
    endloop
  endfacet
  facet normal 0 1 0
    outer loop
      vertex 90.5797 153.1 4.29792
      vertex 52.093 153.1 4.29792
      vertex 52.3632 153.1 4.65
    endloop
  endfacet
  facet normal 0 1 0
    outer loop
      vertex 90.9318 153.1 4.02776
      vertex 52.093 153.1 4.29792
      vertex 90.5797 153.1 4.29792
    endloop
  endfacet
  facet normal 0 1 0
    outer loop
      vertex 90.9318 153.1 4.02776
      vertex 51.7409 153.1 4.02776
      vertex 52.093 153.1 4.29792
    endloop
  endfacet
  facet normal 0 1 0
    outer loop
      vertex 91.3418 153.1 3.85793
      vertex 51.7409 153.1 4.02776
      vertex 90.9318 153.1 4.02776
    endloop
  endfacet
  facet normal 0 1 0
    outer loop
      vertex 91.3418 153.1 3.85793
      vertex 51.3309 153.1 3.85793
      vertex 51.7409 153.1 4.02776
    endloop
  endfacet
  facet normal 0 1 0
    outer loop
      vertex 91.7818 153.1 3.8
      vertex 51.3309 153.1 3.85793
      vertex 91.3418 153.1 3.85793
    endloop
  endfacet
  facet normal 0 1 0
    outer loop
      vertex 51.3309 153.1 3.85793
      vertex 91.7818 153.1 3.8
      vertex 50.8909 153.1 3.8
    endloop
  endfacet
  facet normal 0 1 -0
    outer loop
      vertex 132.233 153.1 7.14207
      vertex 91.7818 153.1 7.2
      vertex 132.673 153.1 7.2
    endloop
  endfacet
  facet normal 0 1 0
    outer loop
      vertex 132.233 153.1 7.14207
      vertex 92.2218 153.1 7.14207
      vertex 91.7818 153.1 7.2
    endloop
  endfacet
  facet normal 0 1 -0
    outer loop
      vertex 131.823 153.1 6.97224
      vertex 92.2218 153.1 7.14207
      vertex 132.233 153.1 7.14207
    endloop
  endfacet
  facet normal 0 1 0
    outer loop
      vertex 131.823 153.1 6.97224
      vertex 92.6318 153.1 6.97224
      vertex 92.2218 153.1 7.14207
    endloop
  endfacet
  facet normal 0 1 -0
    outer loop
      vertex 131.471 153.1 6.70208
      vertex 92.6318 153.1 6.97224
      vertex 131.823 153.1 6.97224
    endloop
  endfacet
  facet normal 0 1 0
    outer loop
      vertex 131.471 153.1 6.70208
      vertex 92.9839 153.1 6.70208
      vertex 92.6318 153.1 6.97224
    endloop
  endfacet
  facet normal 0 1 -0
    outer loop
      vertex 131.2 153.1 6.35
      vertex 92.9839 153.1 6.70208
      vertex 131.471 153.1 6.70208
    endloop
  endfacet
  facet normal 0 1 0
    outer loop
      vertex 131.2 153.1 6.35
      vertex 93.2541 153.1 6.35
      vertex 92.9839 153.1 6.70208
    endloop
  endfacet
  facet normal 0 1 -0
    outer loop
      vertex 131.031 153.1 5.93999
      vertex 93.2541 153.1 6.35
      vertex 131.2 153.1 6.35
    endloop
  endfacet
  facet normal 0 1 0
    outer loop
      vertex 131.031 153.1 5.93999
      vertex 93.4239 153.1 5.93999
      vertex 93.2541 153.1 6.35
    endloop
  endfacet
  facet normal 0 1 -0
    outer loop
      vertex 130.973 153.1 5.5
      vertex 93.4239 153.1 5.93999
      vertex 131.031 153.1 5.93999
    endloop
  endfacet
  facet normal 0 1 0
    outer loop
      vertex 130.973 153.1 5.5
      vertex 93.4818 153.1 5.5
      vertex 93.4239 153.1 5.93999
    endloop
  endfacet
  facet normal 0 1 0
    outer loop
      vertex 131.031 153.1 5.06001
      vertex 93.4818 153.1 5.5
      vertex 130.973 153.1 5.5
    endloop
  endfacet
  facet normal 0 1 0
    outer loop
      vertex 131.031 153.1 5.06001
      vertex 93.4239 153.1 5.06001
      vertex 93.4818 153.1 5.5
    endloop
  endfacet
  facet normal 0 1 0
    outer loop
      vertex 131.2 153.1 4.65
      vertex 93.4239 153.1 5.06001
      vertex 131.031 153.1 5.06001
    endloop
  endfacet
  facet normal 0 1 0
    outer loop
      vertex 131.2 153.1 4.65
      vertex 93.2541 153.1 4.65
      vertex 93.4239 153.1 5.06001
    endloop
  endfacet
  facet normal 0 1 0
    outer loop
      vertex 131.471 153.1 4.29792
      vertex 93.2541 153.1 4.65
      vertex 131.2 153.1 4.65
    endloop
  endfacet
  facet normal 0 1 0
    outer loop
      vertex 131.471 153.1 4.29792
      vertex 92.9839 153.1 4.29792
      vertex 93.2541 153.1 4.65
    endloop
  endfacet
  facet normal 0 1 0
    outer loop
      vertex 131.823 153.1 4.02776
      vertex 92.9839 153.1 4.29792
      vertex 131.471 153.1 4.29792
    endloop
  endfacet
  facet normal 0 1 0
    outer loop
      vertex 131.823 153.1 4.02776
      vertex 92.6318 153.1 4.02776
      vertex 92.9839 153.1 4.29792
    endloop
  endfacet
  facet normal 0 1 0
    outer loop
      vertex 132.233 153.1 3.85793
      vertex 92.6318 153.1 4.02776
      vertex 131.823 153.1 4.02776
    endloop
  endfacet
  facet normal 0 1 0
    outer loop
      vertex 132.233 153.1 3.85793
      vertex 92.2218 153.1 3.85793
      vertex 92.6318 153.1 4.02776
    endloop
  endfacet
  facet normal 0 1 0
    outer loop
      vertex 132.673 153.1 3.8
      vertex 92.2218 153.1 3.85793
      vertex 132.233 153.1 3.85793
    endloop
  endfacet
  facet normal 0 1 0
    outer loop
      vertex 92.2218 153.1 3.85793
      vertex 132.673 153.1 3.8
      vertex 91.7818 153.1 3.8
    endloop
  endfacet
  facet normal 0 1 0
    outer loop
      vertex 91.7818 153.1 7.2
      vertex 151.267 153.1 8
      vertex 132.673 153.1 7.2
    endloop
  endfacet
  facet normal 0 1 0
    outer loop
      vertex 151.267 153.1 8
      vertex 133.113 153.1 7.14207
      vertex 132.673 153.1 7.2
    endloop
  endfacet
  facet normal 0 1 0
    outer loop
      vertex 151.267 153.1 8
      vertex 133.523 153.1 6.97224
      vertex 133.113 153.1 7.14207
    endloop
  endfacet
  facet normal 0 1 0
    outer loop
      vertex 151.267 153.1 8
      vertex 133.875 153.1 6.70208
      vertex 133.523 153.1 6.97224
    endloop
  endfacet
  facet normal 0 1 0
    outer loop
      vertex 151.267 153.1 8
      vertex 134.145 153.1 6.35
      vertex 133.875 153.1 6.70208
    endloop
  endfacet
  facet normal 0 1 0
    outer loop
      vertex 151.267 153.1 8
      vertex 134.315 153.1 5.93999
      vertex 134.145 153.1 6.35
    endloop
  endfacet
  facet normal 0 1 0
    outer loop
      vertex 151.267 153.1 8
      vertex 134.373 153.1 5.5
      vertex 134.315 153.1 5.93999
    endloop
  endfacet
  facet normal 0 1 0
    outer loop
      vertex 151.267 153.1 8
      vertex 134.315 153.1 5.06001
      vertex 134.373 153.1 5.5
    endloop
  endfacet
  facet normal 0 1 -0
    outer loop
      vertex 151.267 153.1 0
      vertex 134.315 153.1 5.06001
      vertex 151.267 153.1 8
    endloop
  endfacet
  facet normal 0 1 0
    outer loop
      vertex 134.315 153.1 5.06001
      vertex 151.267 153.1 0
      vertex 134.145 153.1 4.65
    endloop
  endfacet
  facet normal 0 1 0
    outer loop
      vertex 134.145 153.1 4.65
      vertex 151.267 153.1 0
      vertex 133.875 153.1 4.29792
    endloop
  endfacet
  facet normal 0 1 0
    outer loop
      vertex 133.875 153.1 4.29792
      vertex 151.267 153.1 0
      vertex 133.523 153.1 4.02776
    endloop
  endfacet
  facet normal 0 1 0
    outer loop
      vertex 151.267 153.1 0
      vertex 91.7818 153.1 3.8
      vertex 132.673 153.1 3.8
    endloop
  endfacet
  facet normal 0 1 0
    outer loop
      vertex 91.7818 153.1 3.8
      vertex 151.267 153.1 0
      vertex 50.8909 153.1 3.8
    endloop
  endfacet
  facet normal 0 1 0
    outer loop
      vertex 10.44 153.1 3.85793
      vertex -4 153.1 0
      vertex 10 153.1 3.8
    endloop
  endfacet
  facet normal 0 1 0
    outer loop
      vertex 133.523 153.1 4.02776
      vertex 151.267 153.1 0
      vertex 133.113 153.1 3.85793
    endloop
  endfacet
  facet normal 0 1 0
    outer loop
      vertex 151.267 153.1 0
      vertex 132.673 153.1 3.8
      vertex 133.113 153.1 3.85793
    endloop
  endfacet
  facet normal 0 1 0
    outer loop
      vertex 50.8909 153.1 3.8
      vertex 151.267 153.1 0
      vertex -4 153.1 0
    endloop
  endfacet
  facet normal 0 1 0
    outer loop
      vertex 10 153.1 3.8
      vertex -4 153.1 0
      vertex -4 153.1 3.01
    endloop
  endfacet
  facet normal 0 1 -0
    outer loop
      vertex 4 153.1 8
      vertex -4 153.1 15
      vertex 4 153.1 15
    endloop
  endfacet
  facet normal 0 1 0
    outer loop
      vertex 151.267 153.1 8
      vertex 91.7818 153.1 7.2
      vertex 4 153.1 8
    endloop
  endfacet
  facet normal 0 1 -0
    outer loop
      vertex 50.8909 153.1 7.2
      vertex 4 153.1 8
      vertex 91.7818 153.1 7.2
    endloop
  endfacet
  facet normal 0 1 -0
    outer loop
      vertex 10 153.1 7.2
      vertex 4 153.1 8
      vertex 50.8909 153.1 7.2
    endloop
  endfacet
  facet normal 0 1 -0
    outer loop
      vertex 9.56001 153.1 7.14207
      vertex 4 153.1 8
      vertex 10 153.1 7.2
    endloop
  endfacet
  facet normal 0 1 -0
    outer loop
      vertex 9.15 153.1 6.97224
      vertex 4 153.1 8
      vertex 9.56001 153.1 7.14207
    endloop
  endfacet
  facet normal 0 1 -0
    outer loop
      vertex 8.79792 153.1 6.70208
      vertex 4 153.1 8
      vertex 9.15 153.1 6.97224
    endloop
  endfacet
  facet normal 0 1 -0
    outer loop
      vertex 8.52776 153.1 6.35
      vertex 4 153.1 8
      vertex 8.79792 153.1 6.70208
    endloop
  endfacet
  facet normal 0 1 -0
    outer loop
      vertex 8.35793 153.1 5.93999
      vertex 4 153.1 8
      vertex 8.52776 153.1 6.35
    endloop
  endfacet
  facet normal 0 1 -0
    outer loop
      vertex 8.3 153.1 5.5
      vertex 4 153.1 8
      vertex 8.35793 153.1 5.93999
    endloop
  endfacet
  facet normal 0 1 0
    outer loop
      vertex 8.35793 153.1 5.06001
      vertex 4 153.1 8
      vertex 8.3 153.1 5.5
    endloop
  endfacet
  facet normal 0 1 0
    outer loop
      vertex 8.52776 153.1 4.65
      vertex 4 153.1 8
      vertex 8.35793 153.1 5.06001
    endloop
  endfacet
  facet normal 0 1 0
    outer loop
      vertex -4 153.1 3.01
      vertex 8.52776 153.1 4.65
      vertex 8.79792 153.1 4.29792
    endloop
  endfacet
  facet normal 0 1 0
    outer loop
      vertex -4 153.1 3.01
      vertex 9.56001 153.1 3.85793
      vertex 10 153.1 3.8
    endloop
  endfacet
  facet normal 0 1 0
    outer loop
      vertex -4 153.1 3.01
      vertex 9.15 153.1 4.02776
      vertex 9.56001 153.1 3.85793
    endloop
  endfacet
  facet normal 0 1 0
    outer loop
      vertex -4 153.1 3.01
      vertex 8.79792 153.1 4.29792
      vertex 9.15 153.1 4.02776
    endloop
  endfacet
  facet normal 0 1 0
    outer loop
      vertex 8.52776 153.1 4.65
      vertex -4 153.1 3.01
      vertex 4 153.1 8
    endloop
  endfacet
  facet normal 0 1 0
    outer loop
      vertex -4 153.1 3.01
      vertex -4 153.1 15
      vertex 4 153.1 8
    endloop
  endfacet
  facet normal -1 0 0
    outer loop
      vertex 147.267 149.1 3
      vertex 147.267 128.025 5.5
      vertex 147.267 149.1 8
    endloop
  endfacet
  facet normal -1 0 0
    outer loop
      vertex 147.267 149.1 3
      vertex 147.267 127.967 5.06001
      vertex 147.267 128.025 5.5
    endloop
  endfacet
  facet normal -1 0 0
    outer loop
      vertex 147.267 149.1 3
      vertex 147.267 127.797 4.65
      vertex 147.267 127.967 5.06001
    endloop
  endfacet
  facet normal -1 0 0
    outer loop
      vertex 147.267 149.1 3
      vertex 147.267 127.527 4.29792
      vertex 147.267 127.797 4.65
    endloop
  endfacet
  facet normal -1 0 0
    outer loop
      vertex 147.267 149.1 3
      vertex 147.267 127.175 4.02776
      vertex 147.267 127.527 4.29792
    endloop
  endfacet
  facet normal -1 0 0
    outer loop
      vertex 147.267 149.1 3
      vertex 147.267 126.765 3.85793
      vertex 147.267 127.175 4.02776
    endloop
  endfacet
  facet normal -1 0 0
    outer loop
      vertex 147.267 149.1 3
      vertex 147.267 126.325 3.8
      vertex 147.267 126.765 3.85793
    endloop
  endfacet
  facet normal -1 0 0
    outer loop
      vertex 147.267 124.683 5.06001
      vertex 147.267 89.25 5.5
      vertex 147.267 124.625 5.5
    endloop
  endfacet
  facet normal -1 0 0
    outer loop
      vertex 147.267 89.1921 5.06001
      vertex 147.267 124.683 5.06001
      vertex 147.267 124.853 4.65
    endloop
  endfacet
  facet normal -1 0 0
    outer loop
      vertex 147.267 89.0222 4.65
      vertex 147.267 124.853 4.65
      vertex 147.267 125.123 4.29792
    endloop
  endfacet
  facet normal -1 0 0
    outer loop
      vertex 147.267 88.7521 4.29792
      vertex 147.267 125.123 4.29792
      vertex 147.267 125.475 4.02776
    endloop
  endfacet
  facet normal -1 0 0
    outer loop
      vertex 147.267 88.4 4.02776
      vertex 147.267 125.475 4.02776
      vertex 147.267 125.885 3.85793
    endloop
  endfacet
  facet normal -1 0 0
    outer loop
      vertex 147.267 87.99 3.85793
      vertex 147.267 125.885 3.85793
      vertex 147.267 126.325 3.8
    endloop
  endfacet
  facet normal -1 0 0
    outer loop
      vertex 147.267 124.683 5.06001
      vertex 147.267 89.1921 5.06001
      vertex 147.267 89.25 5.5
    endloop
  endfacet
  facet normal -1 0 0
    outer loop
      vertex 147.267 87.55 3.8
      vertex 147.267 126.325 3.8
      vertex 147.267 149.1 3
    endloop
  endfacet
  facet normal -1 0 0
    outer loop
      vertex 147.267 124.853 4.65
      vertex 147.267 89.0222 4.65
      vertex 147.267 89.1921 5.06001
    endloop
  endfacet
  facet normal -1 0 0
    outer loop
      vertex 147.267 125.123 4.29792
      vertex 147.267 88.7521 4.29792
      vertex 147.267 89.0222 4.65
    endloop
  endfacet
  facet normal -1 0 0
    outer loop
      vertex 147.267 125.475 4.02776
      vertex 147.267 88.4 4.02776
      vertex 147.267 88.7521 4.29792
    endloop
  endfacet
  facet normal -1 0 0
    outer loop
      vertex 147.267 125.885 3.85793
      vertex 147.267 87.99 3.85793
      vertex 147.267 88.4 4.02776
    endloop
  endfacet
  facet normal -1 0 0
    outer loop
      vertex 147.267 126.325 3.8
      vertex 147.267 87.55 3.8
      vertex 147.267 87.99 3.85793
    endloop
  endfacet
  facet normal -1 0 0
    outer loop
      vertex 147.267 85.9079 5.06001
      vertex 147.267 50.475 5.5
      vertex 147.267 85.85 5.5
    endloop
  endfacet
  facet normal -1 0 0
    outer loop
      vertex 147.267 50.4171 5.06001
      vertex 147.267 85.9079 5.06001
      vertex 147.267 86.0778 4.65
    endloop
  endfacet
  facet normal -1 0 0
    outer loop
      vertex 147.267 50.2472 4.65
      vertex 147.267 86.0778 4.65
      vertex 147.267 86.3479 4.29792
    endloop
  endfacet
  facet normal -1 0 0
    outer loop
      vertex 147.267 49.9771 4.29792
      vertex 147.267 86.3479 4.29792
      vertex 147.267 86.7 4.02776
    endloop
  endfacet
  facet normal -1 0 0
    outer loop
      vertex 147.267 49.625 4.02776
      vertex 147.267 86.7 4.02776
      vertex 147.267 87.11 3.85793
    endloop
  endfacet
  facet normal -1 0 0
    outer loop
      vertex 147.267 49.215 3.85793
      vertex 147.267 87.11 3.85793
      vertex 147.267 87.55 3.8
    endloop
  endfacet
  facet normal -1 0 0
    outer loop
      vertex 147.267 85.9079 5.06001
      vertex 147.267 50.4171 5.06001
      vertex 147.267 50.475 5.5
    endloop
  endfacet
  facet normal -1 0 0
    outer loop
      vertex 147.267 86.0778 4.65
      vertex 147.267 50.2472 4.65
      vertex 147.267 50.4171 5.06001
    endloop
  endfacet
  facet normal -1 0 0
    outer loop
      vertex 147.267 86.3479 4.29792
      vertex 147.267 49.9771 4.29792
      vertex 147.267 50.2472 4.65
    endloop
  endfacet
  facet normal -1 0 0
    outer loop
      vertex 147.267 86.7 4.02776
      vertex 147.267 49.625 4.02776
      vertex 147.267 49.9771 4.29792
    endloop
  endfacet
  facet normal -1 0 0
    outer loop
      vertex 147.267 48.775 3.8
      vertex 147.267 87.55 3.8
      vertex 147.267 149.1 3
    endloop
  endfacet
  facet normal -1 0 0
    outer loop
      vertex 147.267 87.11 3.85793
      vertex 147.267 49.215 3.85793
      vertex 147.267 49.625 4.02776
    endloop
  endfacet
  facet normal -1 0 0
    outer loop
      vertex 147.267 87.55 3.8
      vertex 147.267 48.775 3.8
      vertex 147.267 49.215 3.85793
    endloop
  endfacet
  facet normal -1 0 0
    outer loop
      vertex 147.267 47.1329 5.06001
      vertex 147.267 11.7 5.5
      vertex 147.267 47.075 5.5
    endloop
  endfacet
  facet normal -1 0 0
    outer loop
      vertex 147.267 11.6421 5.06001
      vertex 147.267 47.1329 5.06001
      vertex 147.267 47.3028 4.65
    endloop
  endfacet
  facet normal -1 0 0
    outer loop
      vertex 147.267 11.4722 4.65
      vertex 147.267 47.3028 4.65
      vertex 147.267 47.5729 4.29792
    endloop
  endfacet
  facet normal -1 0 0
    outer loop
      vertex 147.267 11.2021 4.29792
      vertex 147.267 47.5729 4.29792
      vertex 147.267 47.925 4.02776
    endloop
  endfacet
  facet normal -1 0 0
    outer loop
      vertex 147.267 10.85 4.02776
      vertex 147.267 47.925 4.02776
      vertex 147.267 48.335 3.85793
    endloop
  endfacet
  facet normal -1 0 0
    outer loop
      vertex 147.267 10.44 3.85793
      vertex 147.267 48.335 3.85793
      vertex 147.267 48.775 3.8
    endloop
  endfacet
  facet normal -1 0 0
    outer loop
      vertex 147.267 47.1329 5.06001
      vertex 147.267 11.6421 5.06001
      vertex 147.267 11.7 5.5
    endloop
  endfacet
  facet normal -1 0 0
    outer loop
      vertex 147.267 47.3028 4.65
      vertex 147.267 11.4722 4.65
      vertex 147.267 11.6421 5.06001
    endloop
  endfacet
  facet normal -1 0 0
    outer loop
      vertex 147.267 47.5729 4.29792
      vertex 147.267 11.2021 4.29792
      vertex 147.267 11.4722 4.65
    endloop
  endfacet
  facet normal -1 0 0
    outer loop
      vertex 147.267 47.925 4.02776
      vertex 147.267 10.85 4.02776
      vertex 147.267 11.2021 4.29792
    endloop
  endfacet
  facet normal -1 0 0
    outer loop
      vertex 147.267 -0.999999 3
      vertex 147.267 48.775 3.8
      vertex 147.267 149.1 3
    endloop
  endfacet
  facet normal -1 0 0
    outer loop
      vertex 147.267 48.335 3.85793
      vertex 147.267 10.44 3.85793
      vertex 147.267 10.85 4.02776
    endloop
  endfacet
  facet normal -1 0 0
    outer loop
      vertex 147.267 48.775 3.8
      vertex 147.267 10 3.8
      vertex 147.267 10.44 3.85793
    endloop
  endfacet
  facet normal -1 0 0
    outer loop
      vertex 147.267 8.35793 5.06001
      vertex 147.267 4 8
      vertex 147.267 8.3 5.5
    endloop
  endfacet
  facet normal -1 0 0
    outer loop
      vertex 147.267 -0.999999 3
      vertex 147.267 8.35793 5.06001
      vertex 147.267 8.52776 4.65
    endloop
  endfacet
  facet normal -1 0 0
    outer loop
      vertex 147.267 -0.999999 3
      vertex 147.267 8.52776 4.65
      vertex 147.267 8.79792 4.29792
    endloop
  endfacet
  facet normal -1 -0 0
    outer loop
      vertex 147.267 48.775 3.8
      vertex 147.267 -0.999999 3
      vertex 147.267 10 3.8
    endloop
  endfacet
  facet normal -1 0 0
    outer loop
      vertex 147.267 -0.999999 3
      vertex 147.267 9.56001 3.85793
      vertex 147.267 10 3.8
    endloop
  endfacet
  facet normal -1 0 0
    outer loop
      vertex 147.267 -0.999999 3
      vertex 147.267 9.15 4.02776
      vertex 147.267 9.56001 3.85793
    endloop
  endfacet
  facet normal -1 0 0
    outer loop
      vertex 147.267 -0.999999 3
      vertex 147.267 8.79792 4.29792
      vertex 147.267 9.15 4.02776
    endloop
  endfacet
  facet normal -1 -0 0
    outer loop
      vertex 147.267 8.35793 5.06001
      vertex 147.267 -0.999999 3
      vertex 147.267 4 8
    endloop
  endfacet
  facet normal -1 0 0
    outer loop
      vertex 147.267 -0.999999 10.75
      vertex 147.267 4 8
      vertex 147.267 -0.999999 3
    endloop
  endfacet
  facet normal -1 0 0
    outer loop
      vertex 147.267 4 8
      vertex 147.267 -0.999999 10.75
      vertex 147.267 4 10.76
    endloop
  endfacet
  facet normal -1 0 0
    outer loop
      vertex 147.267 -4 10.76
      vertex 147.267 -0.999999 10.75
      vertex 147.267 -4 10.75
    endloop
  endfacet
  facet normal -1 0 0
    outer loop
      vertex 147.267 -0.999999 10.75
      vertex 147.267 -4 10.76
      vertex 147.267 4 10.76
    endloop
  endfacet
  facet normal 0 0 0
    outer loop
      vertex 147.267 -4 10.76
      vertex 147.267 -4 10.75
      vertex 147.267 -4 3.01
    endloop
  endfacet
  facet normal -1 0 0
    outer loop
      vertex 147.267 127.967 5.93999
      vertex 147.267 149.1 8
      vertex 147.267 128.025 5.5
    endloop
  endfacet
  facet normal -1 0 0
    outer loop
      vertex 147.267 127.797 6.35
      vertex 147.267 149.1 8
      vertex 147.267 127.967 5.93999
    endloop
  endfacet
  facet normal -1 0 0
    outer loop
      vertex 147.267 127.527 6.70208
      vertex 147.267 149.1 8
      vertex 147.267 127.797 6.35
    endloop
  endfacet
  facet normal -1 0 0
    outer loop
      vertex 147.267 127.175 6.97224
      vertex 147.267 149.1 8
      vertex 147.267 127.527 6.70208
    endloop
  endfacet
  facet normal -1 0 0
    outer loop
      vertex 147.267 126.765 7.14207
      vertex 147.267 149.1 8
      vertex 147.267 127.175 6.97224
    endloop
  endfacet
  facet normal -1 0 0
    outer loop
      vertex 147.267 126.325 7.2
      vertex 147.267 149.1 8
      vertex 147.267 126.765 7.14207
    endloop
  endfacet
  facet normal -1 0 0
    outer loop
      vertex 147.267 89.25 5.5
      vertex 147.267 124.683 5.93999
      vertex 147.267 124.625 5.5
    endloop
  endfacet
  facet normal -1 0 0
    outer loop
      vertex 147.267 89.1921 5.93999
      vertex 147.267 124.683 5.93999
      vertex 147.267 89.25 5.5
    endloop
  endfacet
  facet normal -1 0 0
    outer loop
      vertex 147.267 124.683 5.93999
      vertex 147.267 89.1921 5.93999
      vertex 147.267 124.853 6.35
    endloop
  endfacet
  facet normal -1 0 0
    outer loop
      vertex 147.267 89.0222 6.35
      vertex 147.267 124.853 6.35
      vertex 147.267 89.1921 5.93999
    endloop
  endfacet
  facet normal -1 0 0
    outer loop
      vertex 147.267 124.853 6.35
      vertex 147.267 89.0222 6.35
      vertex 147.267 125.123 6.70208
    endloop
  endfacet
  facet normal -1 0 0
    outer loop
      vertex 147.267 88.7521 6.70208
      vertex 147.267 125.123 6.70208
      vertex 147.267 89.0222 6.35
    endloop
  endfacet
  facet normal -1 0 0
    outer loop
      vertex 147.267 125.123 6.70208
      vertex 147.267 88.7521 6.70208
      vertex 147.267 125.475 6.97224
    endloop
  endfacet
  facet normal -1 0 0
    outer loop
      vertex 147.267 88.4 6.97224
      vertex 147.267 125.475 6.97224
      vertex 147.267 88.7521 6.70208
    endloop
  endfacet
  facet normal -1 0 0
    outer loop
      vertex 147.267 125.475 6.97224
      vertex 147.267 88.4 6.97224
      vertex 147.267 125.885 7.14207
    endloop
  endfacet
  facet normal -1 0 0
    outer loop
      vertex 147.267 87.99 7.14207
      vertex 147.267 125.885 7.14207
      vertex 147.267 88.4 6.97224
    endloop
  endfacet
  facet normal -1 0 0
    outer loop
      vertex 147.267 125.885 7.14207
      vertex 147.267 87.99 7.14207
      vertex 147.267 126.325 7.2
    endloop
  endfacet
  facet normal -1 0 0
    outer loop
      vertex 147.267 87.55 7.2
      vertex 147.267 126.325 7.2
      vertex 147.267 87.99 7.14207
    endloop
  endfacet
  facet normal -1 0 0
    outer loop
      vertex 147.267 126.325 7.2
      vertex 147.267 87.55 7.2
      vertex 147.267 149.1 8
    endloop
  endfacet
  facet normal -1 0 0
    outer loop
      vertex 147.267 50.475 5.5
      vertex 147.267 85.9079 5.93999
      vertex 147.267 85.85 5.5
    endloop
  endfacet
  facet normal -1 0 0
    outer loop
      vertex 147.267 50.4171 5.93999
      vertex 147.267 85.9079 5.93999
      vertex 147.267 50.475 5.5
    endloop
  endfacet
  facet normal -1 0 0
    outer loop
      vertex 147.267 85.9079 5.93999
      vertex 147.267 50.4171 5.93999
      vertex 147.267 86.0778 6.35
    endloop
  endfacet
  facet normal -1 0 0
    outer loop
      vertex 147.267 50.2472 6.35
      vertex 147.267 86.0778 6.35
      vertex 147.267 50.4171 5.93999
    endloop
  endfacet
  facet normal -1 0 0
    outer loop
      vertex 147.267 86.0778 6.35
      vertex 147.267 50.2472 6.35
      vertex 147.267 86.3479 6.70208
    endloop
  endfacet
  facet normal -1 0 0
    outer loop
      vertex 147.267 49.9771 6.70208
      vertex 147.267 86.3479 6.70208
      vertex 147.267 50.2472 6.35
    endloop
  endfacet
  facet normal -1 0 0
    outer loop
      vertex 147.267 86.3479 6.70208
      vertex 147.267 49.9771 6.70208
      vertex 147.267 86.7 6.97224
    endloop
  endfacet
  facet normal -1 0 0
    outer loop
      vertex 147.267 49.625 6.97224
      vertex 147.267 86.7 6.97224
      vertex 147.267 49.9771 6.70208
    endloop
  endfacet
  facet normal -1 0 0
    outer loop
      vertex 147.267 86.7 6.97224
      vertex 147.267 49.625 6.97224
      vertex 147.267 87.11 7.14207
    endloop
  endfacet
  facet normal -1 0 0
    outer loop
      vertex 147.267 49.215 7.14207
      vertex 147.267 87.11 7.14207
      vertex 147.267 49.625 6.97224
    endloop
  endfacet
  facet normal -1 0 0
    outer loop
      vertex 147.267 87.11 7.14207
      vertex 147.267 49.215 7.14207
      vertex 147.267 87.55 7.2
    endloop
  endfacet
  facet normal -1 0 0
    outer loop
      vertex 147.267 48.775 7.2
      vertex 147.267 87.55 7.2
      vertex 147.267 49.215 7.14207
    endloop
  endfacet
  facet normal -1 0 0
    outer loop
      vertex 147.267 87.55 7.2
      vertex 147.267 48.775 7.2
      vertex 147.267 149.1 8
    endloop
  endfacet
  facet normal -1 0 0
    outer loop
      vertex 147.267 11.7 5.5
      vertex 147.267 47.1329 5.93999
      vertex 147.267 47.075 5.5
    endloop
  endfacet
  facet normal -1 0 0
    outer loop
      vertex 147.267 11.6421 5.93999
      vertex 147.267 47.1329 5.93999
      vertex 147.267 11.7 5.5
    endloop
  endfacet
  facet normal -1 0 0
    outer loop
      vertex 147.267 47.1329 5.93999
      vertex 147.267 11.6421 5.93999
      vertex 147.267 47.3028 6.35
    endloop
  endfacet
  facet normal -1 0 0
    outer loop
      vertex 147.267 11.4722 6.35
      vertex 147.267 47.3028 6.35
      vertex 147.267 11.6421 5.93999
    endloop
  endfacet
  facet normal -1 0 0
    outer loop
      vertex 147.267 47.3028 6.35
      vertex 147.267 11.4722 6.35
      vertex 147.267 47.5729 6.70208
    endloop
  endfacet
  facet normal -1 0 0
    outer loop
      vertex 147.267 11.2021 6.70208
      vertex 147.267 47.5729 6.70208
      vertex 147.267 11.4722 6.35
    endloop
  endfacet
  facet normal -1 0 0
    outer loop
      vertex 147.267 47.5729 6.70208
      vertex 147.267 11.2021 6.70208
      vertex 147.267 47.925 6.97224
    endloop
  endfacet
  facet normal -1 0 0
    outer loop
      vertex 147.267 10.85 6.97224
      vertex 147.267 47.925 6.97224
      vertex 147.267 11.2021 6.70208
    endloop
  endfacet
  facet normal -1 0 0
    outer loop
      vertex 147.267 47.925 6.97224
      vertex 147.267 10.85 6.97224
      vertex 147.267 48.335 7.14207
    endloop
  endfacet
  facet normal -1 0 0
    outer loop
      vertex 147.267 10.44 7.14207
      vertex 147.267 48.335 7.14207
      vertex 147.267 10.85 6.97224
    endloop
  endfacet
  facet normal -1 0 0
    outer loop
      vertex 147.267 48.335 7.14207
      vertex 147.267 10.44 7.14207
      vertex 147.267 48.775 7.2
    endloop
  endfacet
  facet normal -1 0 0
    outer loop
      vertex 147.267 10 7.2
      vertex 147.267 48.775 7.2
      vertex 147.267 10.44 7.14207
    endloop
  endfacet
  facet normal -1 0 0
    outer loop
      vertex 147.267 4 8
      vertex 147.267 48.775 7.2
      vertex 147.267 10 7.2
    endloop
  endfacet
  facet normal -1 0 0
    outer loop
      vertex 147.267 48.775 7.2
      vertex 147.267 4 8
      vertex 147.267 149.1 8
    endloop
  endfacet
  facet normal -1 0 0
    outer loop
      vertex 147.267 9.56001 7.14207
      vertex 147.267 4 8
      vertex 147.267 10 7.2
    endloop
  endfacet
  facet normal -1 0 0
    outer loop
      vertex 147.267 9.15 6.97224
      vertex 147.267 4 8
      vertex 147.267 9.56001 7.14207
    endloop
  endfacet
  facet normal -1 0 0
    outer loop
      vertex 147.267 8.79792 6.70208
      vertex 147.267 4 8
      vertex 147.267 9.15 6.97224
    endloop
  endfacet
  facet normal -1 0 0
    outer loop
      vertex 147.267 8.52776 6.35
      vertex 147.267 4 8
      vertex 147.267 8.79792 6.70208
    endloop
  endfacet
  facet normal -1 0 0
    outer loop
      vertex 147.267 8.35793 5.93999
      vertex 147.267 4 8
      vertex 147.267 8.52776 6.35
    endloop
  endfacet
  facet normal -1 0 0
    outer loop
      vertex 147.267 4 8
      vertex 147.267 8.35793 5.93999
      vertex 147.267 8.3 5.5
    endloop
  endfacet
  facet normal 0 1 -0
    outer loop
      vertex 151.267 4 8
      vertex 147.267 4 10.76
      vertex 151.267 4 10.76
    endloop
  endfacet
  facet normal 0 1 0
    outer loop
      vertex 147.267 4 10.76
      vertex 151.267 4 8
      vertex 147.267 4 8
    endloop
  endfacet
  facet normal -0 0 1
    outer loop
      vertex 147.267 4 10.76
      vertex 151.267 -4 10.76
      vertex 151.267 4 10.76
    endloop
  endfacet
  facet normal 0 0 1
    outer loop
      vertex 151.267 -4 10.76
      vertex 147.267 4 10.76
      vertex 147.267 -4 10.76
    endloop
  endfacet
  facet normal 0 -1 0
    outer loop
      vertex 147.267 -4 3.01
      vertex 151.267 -4 10.76
      vertex 147.267 -4 10.76
    endloop
  endfacet
  facet normal 0 -1 -0
    outer loop
      vertex 151.267 -4 10.76
      vertex 147.267 -4 3.01
      vertex 151.267 -4 3.01
    endloop
  endfacet
  facet normal 0 0 1
    outer loop
      vertex 151.267 153.1 8
      vertex 147.267 149.1 8
      vertex 151.267 4 8
    endloop
  endfacet
  facet normal -0 0 1
    outer loop
      vertex 4 153.1 8
      vertex 147.267 149.1 8
      vertex 151.267 153.1 8
    endloop
  endfacet
  facet normal 0 0 1
    outer loop
      vertex 147.267 149.1 8
      vertex 4 153.1 8
      vertex 4 149.1 8
    endloop
  endfacet
  facet normal 0 0 1
    outer loop
      vertex 151.267 4 8
      vertex 147.267 149.1 8
      vertex 147.267 4 8
    endloop
  endfacet
  facet normal 1 -0 0
    outer loop
      vertex 4 149.1 15
      vertex 4 153.1 8
      vertex 4 153.1 15
    endloop
  endfacet
  facet normal 1 0 0
    outer loop
      vertex 4 153.1 8
      vertex 4 149.1 15
      vertex 4 149.1 8
    endloop
  endfacet
  facet normal 0 -1 0
    outer loop
      vertex 92.2218 149.1 7.14207
      vertex 132.673 149.1 7.2
      vertex 91.7818 149.1 7.2
    endloop
  endfacet
  facet normal 0 -1 0
    outer loop
      vertex 92.2218 149.1 7.14207
      vertex 132.233 149.1 7.14207
      vertex 132.673 149.1 7.2
    endloop
  endfacet
  facet normal 0 -1 0
    outer loop
      vertex 92.6318 149.1 6.97224
      vertex 132.233 149.1 7.14207
      vertex 92.2218 149.1 7.14207
    endloop
  endfacet
  facet normal 0 -1 0
    outer loop
      vertex 92.6318 149.1 6.97224
      vertex 131.823 149.1 6.97224
      vertex 132.233 149.1 7.14207
    endloop
  endfacet
  facet normal 0 -1 0
    outer loop
      vertex 92.9839 149.1 6.70208
      vertex 131.823 149.1 6.97224
      vertex 92.6318 149.1 6.97224
    endloop
  endfacet
  facet normal 0 -1 0
    outer loop
      vertex 92.9839 149.1 6.70208
      vertex 131.471 149.1 6.70208
      vertex 131.823 149.1 6.97224
    endloop
  endfacet
  facet normal 0 -1 0
    outer loop
      vertex 93.2541 149.1 6.35
      vertex 131.471 149.1 6.70208
      vertex 92.9839 149.1 6.70208
    endloop
  endfacet
  facet normal 0 -1 0
    outer loop
      vertex 93.2541 149.1 6.35
      vertex 131.2 149.1 6.35
      vertex 131.471 149.1 6.70208
    endloop
  endfacet
  facet normal 0 -1 0
    outer loop
      vertex 93.4239 149.1 5.93999
      vertex 131.2 149.1 6.35
      vertex 93.2541 149.1 6.35
    endloop
  endfacet
  facet normal 0 -1 0
    outer loop
      vertex 93.4239 149.1 5.93999
      vertex 131.031 149.1 5.93999
      vertex 131.2 149.1 6.35
    endloop
  endfacet
  facet normal 0 -1 0
    outer loop
      vertex 93.4818 149.1 5.5
      vertex 131.031 149.1 5.93999
      vertex 93.4239 149.1 5.93999
    endloop
  endfacet
  facet normal 0 -1 0
    outer loop
      vertex 93.4818 149.1 5.5
      vertex 130.973 149.1 5.5
      vertex 131.031 149.1 5.93999
    endloop
  endfacet
  facet normal 0 -1 0
    outer loop
      vertex 93.4239 149.1 5.06001
      vertex 130.973 149.1 5.5
      vertex 93.4818 149.1 5.5
    endloop
  endfacet
  facet normal 0 -1 0
    outer loop
      vertex 93.4239 149.1 5.06001
      vertex 131.031 149.1 5.06001
      vertex 130.973 149.1 5.5
    endloop
  endfacet
  facet normal 0 -1 0
    outer loop
      vertex 93.2541 149.1 4.65
      vertex 131.031 149.1 5.06001
      vertex 93.4239 149.1 5.06001
    endloop
  endfacet
  facet normal 0 -1 0
    outer loop
      vertex 93.2541 149.1 4.65
      vertex 131.2 149.1 4.65
      vertex 131.031 149.1 5.06001
    endloop
  endfacet
  facet normal 0 -1 0
    outer loop
      vertex 92.9839 149.1 4.29792
      vertex 131.2 149.1 4.65
      vertex 93.2541 149.1 4.65
    endloop
  endfacet
  facet normal 0 -1 0
    outer loop
      vertex 92.9839 149.1 4.29792
      vertex 131.471 149.1 4.29792
      vertex 131.2 149.1 4.65
    endloop
  endfacet
  facet normal 0 -1 0
    outer loop
      vertex 92.6318 149.1 4.02776
      vertex 131.471 149.1 4.29792
      vertex 92.9839 149.1 4.29792
    endloop
  endfacet
  facet normal 0 -1 0
    outer loop
      vertex 92.6318 149.1 4.02776
      vertex 131.823 149.1 4.02776
      vertex 131.471 149.1 4.29792
    endloop
  endfacet
  facet normal 0 -1 0
    outer loop
      vertex 92.2218 149.1 3.85793
      vertex 131.823 149.1 4.02776
      vertex 92.6318 149.1 4.02776
    endloop
  endfacet
  facet normal 0 -1 0
    outer loop
      vertex 92.2218 149.1 3.85793
      vertex 132.233 149.1 3.85793
      vertex 131.823 149.1 4.02776
    endloop
  endfacet
  facet normal 0 -1 0
    outer loop
      vertex 91.7818 149.1 3.8
      vertex 132.233 149.1 3.85793
      vertex 92.2218 149.1 3.85793
    endloop
  endfacet
  facet normal 0 -1 -0
    outer loop
      vertex 132.233 149.1 3.85793
      vertex 91.7818 149.1 3.8
      vertex 132.673 149.1 3.8
    endloop
  endfacet
  facet normal 0 -1 0
    outer loop
      vertex 51.3309 149.1 7.14207
      vertex 91.7818 149.1 7.2
      vertex 50.8909 149.1 7.2
    endloop
  endfacet
  facet normal 0 -1 0
    outer loop
      vertex 51.3309 149.1 7.14207
      vertex 91.3418 149.1 7.14207
      vertex 91.7818 149.1 7.2
    endloop
  endfacet
  facet normal 0 -1 0
    outer loop
      vertex 51.7409 149.1 6.97224
      vertex 91.3418 149.1 7.14207
      vertex 51.3309 149.1 7.14207
    endloop
  endfacet
  facet normal 0 -1 0
    outer loop
      vertex 51.7409 149.1 6.97224
      vertex 90.9318 149.1 6.97224
      vertex 91.3418 149.1 7.14207
    endloop
  endfacet
  facet normal 0 -1 0
    outer loop
      vertex 52.093 149.1 6.70208
      vertex 90.9318 149.1 6.97224
      vertex 51.7409 149.1 6.97224
    endloop
  endfacet
  facet normal 0 -1 0
    outer loop
      vertex 52.093 149.1 6.70208
      vertex 90.5797 149.1 6.70208
      vertex 90.9318 149.1 6.97224
    endloop
  endfacet
  facet normal 0 -1 0
    outer loop
      vertex 52.3632 149.1 6.35
      vertex 90.5797 149.1 6.70208
      vertex 52.093 149.1 6.70208
    endloop
  endfacet
  facet normal 0 -1 0
    outer loop
      vertex 52.3632 149.1 6.35
      vertex 90.3096 149.1 6.35
      vertex 90.5797 149.1 6.70208
    endloop
  endfacet
  facet normal 0 -1 0
    outer loop
      vertex 52.533 149.1 5.93999
      vertex 90.3096 149.1 6.35
      vertex 52.3632 149.1 6.35
    endloop
  endfacet
  facet normal 0 -1 0
    outer loop
      vertex 52.533 149.1 5.93999
      vertex 90.1397 149.1 5.93999
      vertex 90.3096 149.1 6.35
    endloop
  endfacet
  facet normal 0 -1 0
    outer loop
      vertex 52.5909 149.1 5.5
      vertex 90.1397 149.1 5.93999
      vertex 52.533 149.1 5.93999
    endloop
  endfacet
  facet normal 0 -1 0
    outer loop
      vertex 52.5909 149.1 5.5
      vertex 90.0818 149.1 5.5
      vertex 90.1397 149.1 5.93999
    endloop
  endfacet
  facet normal 0 -1 0
    outer loop
      vertex 52.533 149.1 5.06001
      vertex 90.0818 149.1 5.5
      vertex 52.5909 149.1 5.5
    endloop
  endfacet
  facet normal 0 -1 0
    outer loop
      vertex 52.533 149.1 5.06001
      vertex 90.1397 149.1 5.06001
      vertex 90.0818 149.1 5.5
    endloop
  endfacet
  facet normal 0 -1 0
    outer loop
      vertex 52.3632 149.1 4.65
      vertex 90.1397 149.1 5.06001
      vertex 52.533 149.1 5.06001
    endloop
  endfacet
  facet normal 0 -1 0
    outer loop
      vertex 52.3632 149.1 4.65
      vertex 90.3096 149.1 4.65
      vertex 90.1397 149.1 5.06001
    endloop
  endfacet
  facet normal 0 -1 0
    outer loop
      vertex 52.093 149.1 4.29792
      vertex 90.3096 149.1 4.65
      vertex 52.3632 149.1 4.65
    endloop
  endfacet
  facet normal 0 -1 0
    outer loop
      vertex 52.093 149.1 4.29792
      vertex 90.5797 149.1 4.29792
      vertex 90.3096 149.1 4.65
    endloop
  endfacet
  facet normal 0 -1 0
    outer loop
      vertex 51.7409 149.1 4.02776
      vertex 90.5797 149.1 4.29792
      vertex 52.093 149.1 4.29792
    endloop
  endfacet
  facet normal 0 -1 0
    outer loop
      vertex 51.7409 149.1 4.02776
      vertex 90.9318 149.1 4.02776
      vertex 90.5797 149.1 4.29792
    endloop
  endfacet
  facet normal 0 -1 0
    outer loop
      vertex 51.3309 149.1 3.85793
      vertex 90.9318 149.1 4.02776
      vertex 51.7409 149.1 4.02776
    endloop
  endfacet
  facet normal 0 -1 0
    outer loop
      vertex 51.3309 149.1 3.85793
      vertex 91.3418 149.1 3.85793
      vertex 90.9318 149.1 4.02776
    endloop
  endfacet
  facet normal 0 -1 0
    outer loop
      vertex 50.8909 149.1 3.8
      vertex 91.3418 149.1 3.85793
      vertex 51.3309 149.1 3.85793
    endloop
  endfacet
  facet normal 0 -1 -0
    outer loop
      vertex 91.3418 149.1 3.85793
      vertex 50.8909 149.1 3.8
      vertex 91.7818 149.1 3.8
    endloop
  endfacet
  facet normal 0 -1 0
    outer loop
      vertex 10.44 149.1 7.14207
      vertex 50.8909 149.1 7.2
      vertex 10 149.1 7.2
    endloop
  endfacet
  facet normal 0 -1 0
    outer loop
      vertex 10.44 149.1 7.14207
      vertex 50.4509 149.1 7.14207
      vertex 50.8909 149.1 7.2
    endloop
  endfacet
  facet normal 0 -1 0
    outer loop
      vertex 10.85 149.1 6.97224
      vertex 50.4509 149.1 7.14207
      vertex 10.44 149.1 7.14207
    endloop
  endfacet
  facet normal 0 -1 0
    outer loop
      vertex 10.85 149.1 6.97224
      vertex 50.0409 149.1 6.97224
      vertex 50.4509 149.1 7.14207
    endloop
  endfacet
  facet normal 0 -1 0
    outer loop
      vertex 11.2021 149.1 6.70208
      vertex 50.0409 149.1 6.97224
      vertex 10.85 149.1 6.97224
    endloop
  endfacet
  facet normal 0 -1 0
    outer loop
      vertex 11.2021 149.1 6.70208
      vertex 49.6888 149.1 6.70208
      vertex 50.0409 149.1 6.97224
    endloop
  endfacet
  facet normal 0 -1 0
    outer loop
      vertex 11.4722 149.1 6.35
      vertex 49.6888 149.1 6.70208
      vertex 11.2021 149.1 6.70208
    endloop
  endfacet
  facet normal 0 -1 0
    outer loop
      vertex 11.4722 149.1 6.35
      vertex 49.4187 149.1 6.35
      vertex 49.6888 149.1 6.70208
    endloop
  endfacet
  facet normal 0 -1 0
    outer loop
      vertex 11.6421 149.1 5.93999
      vertex 49.4187 149.1 6.35
      vertex 11.4722 149.1 6.35
    endloop
  endfacet
  facet normal 0 -1 0
    outer loop
      vertex 11.6421 149.1 5.93999
      vertex 49.2488 149.1 5.93999
      vertex 49.4187 149.1 6.35
    endloop
  endfacet
  facet normal 0 -1 0
    outer loop
      vertex 11.7 149.1 5.5
      vertex 49.2488 149.1 5.93999
      vertex 11.6421 149.1 5.93999
    endloop
  endfacet
  facet normal 0 -1 0
    outer loop
      vertex 11.7 149.1 5.5
      vertex 49.1909 149.1 5.5
      vertex 49.2488 149.1 5.93999
    endloop
  endfacet
  facet normal 0 -1 0
    outer loop
      vertex 11.6421 149.1 5.06001
      vertex 49.1909 149.1 5.5
      vertex 11.7 149.1 5.5
    endloop
  endfacet
  facet normal 0 -1 0
    outer loop
      vertex 11.6421 149.1 5.06001
      vertex 49.2488 149.1 5.06001
      vertex 49.1909 149.1 5.5
    endloop
  endfacet
  facet normal 0 -1 0
    outer loop
      vertex 11.4722 149.1 4.65
      vertex 49.2488 149.1 5.06001
      vertex 11.6421 149.1 5.06001
    endloop
  endfacet
  facet normal 0 -1 0
    outer loop
      vertex 11.4722 149.1 4.65
      vertex 49.4187 149.1 4.65
      vertex 49.2488 149.1 5.06001
    endloop
  endfacet
  facet normal 0 -1 0
    outer loop
      vertex 11.2021 149.1 4.29792
      vertex 49.4187 149.1 4.65
      vertex 11.4722 149.1 4.65
    endloop
  endfacet
  facet normal 0 -1 0
    outer loop
      vertex 11.2021 149.1 4.29792
      vertex 49.6888 149.1 4.29792
      vertex 49.4187 149.1 4.65
    endloop
  endfacet
  facet normal 0 -1 0
    outer loop
      vertex 10.85 149.1 4.02776
      vertex 49.6888 149.1 4.29792
      vertex 11.2021 149.1 4.29792
    endloop
  endfacet
  facet normal 0 -1 0
    outer loop
      vertex 10.85 149.1 4.02776
      vertex 50.0409 149.1 4.02776
      vertex 49.6888 149.1 4.29792
    endloop
  endfacet
  facet normal 0 -1 0
    outer loop
      vertex 10.44 149.1 3.85793
      vertex 50.0409 149.1 4.02776
      vertex 10.85 149.1 4.02776
    endloop
  endfacet
  facet normal 0 -1 0
    outer loop
      vertex 10.44 149.1 3.85793
      vertex 50.4509 149.1 3.85793
      vertex 50.0409 149.1 4.02776
    endloop
  endfacet
  facet normal 0 -1 0
    outer loop
      vertex 10 149.1 3.8
      vertex 50.4509 149.1 3.85793
      vertex 10.44 149.1 3.85793
    endloop
  endfacet
  facet normal 0 -1 -0
    outer loop
      vertex 50.4509 149.1 3.85793
      vertex 10 149.1 3.8
      vertex 50.8909 149.1 3.8
    endloop
  endfacet
  facet normal 0 -1 0
    outer loop
      vertex -1 149.1 15
      vertex 4 149.1 8
      vertex 4 149.1 15
    endloop
  endfacet
  facet normal 0 -1 0
    outer loop
      vertex 50.8909 149.1 7.2
      vertex 4 149.1 8
      vertex 10 149.1 7.2
    endloop
  endfacet
  facet normal 0 -1 0
    outer loop
      vertex 4 149.1 8
      vertex 9.56001 149.1 7.14207
      vertex 10 149.1 7.2
    endloop
  endfacet
  facet normal 0 -1 0
    outer loop
      vertex 4 149.1 8
      vertex 9.15 149.1 6.97224
      vertex 9.56001 149.1 7.14207
    endloop
  endfacet
  facet normal 0 -1 0
    outer loop
      vertex 4 149.1 8
      vertex 8.79792 149.1 6.70208
      vertex 9.15 149.1 6.97224
    endloop
  endfacet
  facet normal 0 -1 0
    outer loop
      vertex 4 149.1 8
      vertex 8.52776 149.1 6.35
      vertex 8.79792 149.1 6.70208
    endloop
  endfacet
  facet normal 0 -1 0
    outer loop
      vertex 4 149.1 8
      vertex 8.35793 149.1 5.93999
      vertex 8.52776 149.1 6.35
    endloop
  endfacet
  facet normal 0 -1 0
    outer loop
      vertex 4 149.1 8
      vertex 8.3 149.1 5.5
      vertex 8.35793 149.1 5.93999
    endloop
  endfacet
  facet normal 0 -1 0
    outer loop
      vertex 4 149.1 8
      vertex 8.35793 149.1 5.06001
      vertex 8.3 149.1 5.5
    endloop
  endfacet
  facet normal 0 -1 0
    outer loop
      vertex -1 149.1 3
      vertex 8.35793 149.1 5.06001
      vertex 4 149.1 8
    endloop
  endfacet
  facet normal 0 -1 -0
    outer loop
      vertex 8.35793 149.1 5.06001
      vertex -1 149.1 3
      vertex 8.52776 149.1 4.65
    endloop
  endfacet
  facet normal 0 -1 0
    outer loop
      vertex -1 149.1 3
      vertex 50.8909 149.1 3.8
      vertex 10 149.1 3.8
    endloop
  endfacet
  facet normal 0 -1 -0
    outer loop
      vertex 50.8909 149.1 3.8
      vertex -1 149.1 3
      vertex 91.7818 149.1 3.8
    endloop
  endfacet
  facet normal 0 -1 0
    outer loop
      vertex 147.267 149.1 3
      vertex 91.7818 149.1 3.8
      vertex -1 149.1 3
    endloop
  endfacet
  facet normal 0 -1 -0
    outer loop
      vertex 9.56001 149.1 3.85793
      vertex -1 149.1 3
      vertex 10 149.1 3.8
    endloop
  endfacet
  facet normal 0 -1 -0
    outer loop
      vertex 9.15 149.1 4.02776
      vertex -1 149.1 3
      vertex 9.56001 149.1 3.85793
    endloop
  endfacet
  facet normal 0 -1 -0
    outer loop
      vertex 8.79792 149.1 4.29792
      vertex -1 149.1 3
      vertex 9.15 149.1 4.02776
    endloop
  endfacet
  facet normal 0 -1 -0
    outer loop
      vertex 8.52776 149.1 4.65
      vertex -1 149.1 3
      vertex 8.79792 149.1 4.29792
    endloop
  endfacet
  facet normal 0 -1 0
    outer loop
      vertex -1 149.1 3
      vertex 4 149.1 8
      vertex -1 149.1 15
    endloop
  endfacet
  facet normal 0 -1 0
    outer loop
      vertex 4 149.1 8
      vertex 50.8909 149.1 7.2
      vertex 147.267 149.1 8
    endloop
  endfacet
  facet normal 0 -1 0
    outer loop
      vertex 91.7818 149.1 7.2
      vertex 147.267 149.1 8
      vertex 50.8909 149.1 7.2
    endloop
  endfacet
  facet normal 0 -1 0
    outer loop
      vertex 132.673 149.1 7.2
      vertex 147.267 149.1 8
      vertex 91.7818 149.1 7.2
    endloop
  endfacet
  facet normal 0 -1 0
    outer loop
      vertex 133.113 149.1 7.14207
      vertex 147.267 149.1 8
      vertex 132.673 149.1 7.2
    endloop
  endfacet
  facet normal 0 -1 0
    outer loop
      vertex 133.523 149.1 6.97224
      vertex 147.267 149.1 8
      vertex 133.113 149.1 7.14207
    endloop
  endfacet
  facet normal 0 -1 0
    outer loop
      vertex 133.875 149.1 6.70208
      vertex 147.267 149.1 8
      vertex 133.523 149.1 6.97224
    endloop
  endfacet
  facet normal 0 -1 0
    outer loop
      vertex 134.145 149.1 6.35
      vertex 147.267 149.1 8
      vertex 133.875 149.1 6.70208
    endloop
  endfacet
  facet normal 0 -1 0
    outer loop
      vertex 134.315 149.1 5.93999
      vertex 147.267 149.1 8
      vertex 134.145 149.1 6.35
    endloop
  endfacet
  facet normal 0 -1 0
    outer loop
      vertex 134.373 149.1 5.5
      vertex 147.267 149.1 8
      vertex 134.315 149.1 5.93999
    endloop
  endfacet
  facet normal 0 -1 0
    outer loop
      vertex 147.267 149.1 3
      vertex 134.373 149.1 5.5
      vertex 134.315 149.1 5.06001
    endloop
  endfacet
  facet normal 0 -1 0
    outer loop
      vertex 147.267 149.1 3
      vertex 134.315 149.1 5.06001
      vertex 134.145 149.1 4.65
    endloop
  endfacet
  facet normal 0 -1 0
    outer loop
      vertex 147.267 149.1 3
      vertex 134.145 149.1 4.65
      vertex 133.875 149.1 4.29792
    endloop
  endfacet
  facet normal 0 -1 0
    outer loop
      vertex 147.267 149.1 3
      vertex 133.875 149.1 4.29792
      vertex 133.523 149.1 4.02776
    endloop
  endfacet
  facet normal 0 -1 0
    outer loop
      vertex 147.267 149.1 3
      vertex 133.523 149.1 4.02776
      vertex 133.113 149.1 3.85793
    endloop
  endfacet
  facet normal 0 -1 0
    outer loop
      vertex 134.373 149.1 5.5
      vertex 147.267 149.1 3
      vertex 147.267 149.1 8
    endloop
  endfacet
  facet normal 0 -1 0
    outer loop
      vertex 132.673 149.1 3.8
      vertex 147.267 149.1 3
      vertex 133.113 149.1 3.85793
    endloop
  endfacet
  facet normal 0 -1 0
    outer loop
      vertex 91.7818 149.1 3.8
      vertex 147.267 149.1 3
      vertex 132.673 149.1 3.8
    endloop
  endfacet
  facet normal -1 0 0
    outer loop
      vertex -4 149.1 3.01
      vertex -4 153.1 15
      vertex -4 153.1 3.01
    endloop
  endfacet
  facet normal -1 -0 0
    outer loop
      vertex -4 153.1 15
      vertex -4 149.1 3.01
      vertex -4 149.1 15
    endloop
  endfacet
  facet normal 0 -0.130533 0.991444
    outer loop
      vertex 147.267 10.44 3.85793
      vertex 151.267 10 3.8
      vertex 151.267 10.44 3.85793
    endloop
  endfacet
  facet normal 0 -0.130533 0.991444
    outer loop
      vertex 151.267 10 3.8
      vertex 147.267 10.44 3.85793
      vertex 147.267 10 3.8
    endloop
  endfacet
  facet normal 0 0.130536 -0.991444
    outer loop
      vertex 147.267 9.56001 7.14207
      vertex 151.267 10 7.2
      vertex 151.267 9.56001 7.14207
    endloop
  endfacet
  facet normal 0 0.130536 -0.991444
    outer loop
      vertex 151.267 10 7.2
      vertex 147.267 9.56001 7.14207
      vertex 147.267 10 7.2
    endloop
  endfacet
  facet normal 0 -0.991452 -0.130469
    outer loop
      vertex 147.267 11.7 5.5
      vertex 151.267 11.6421 5.93999
      vertex 147.267 11.6421 5.93999
    endloop
  endfacet
  facet normal 0 -0.991452 -0.130469
    outer loop
      vertex 151.267 11.6421 5.93999
      vertex 147.267 11.7 5.5
      vertex 151.267 11.7 5.5
    endloop
  endfacet
  facet normal 0 0.793354 -0.608761
    outer loop
      vertex 151.267 8.52776 6.35
      vertex 147.267 8.79792 6.70208
      vertex 151.267 8.79792 6.70208
    endloop
  endfacet
  facet normal 0 0.793354 -0.608761
    outer loop
      vertex 147.267 8.79792 6.70208
      vertex 151.267 8.52776 6.35
      vertex 147.267 8.52776 6.35
    endloop
  endfacet
  facet normal 0 -0.923825 0.382815
    outer loop
      vertex 147.267 11.4722 4.65
      vertex 151.267 11.6421 5.06001
      vertex 147.267 11.6421 5.06001
    endloop
  endfacet
  facet normal 0 -0.923825 0.382815
    outer loop
      vertex 151.267 11.6421 5.06001
      vertex 147.267 11.4722 4.65
      vertex 151.267 11.4722 4.65
    endloop
  endfacet
  facet normal 0 -0.608739 -0.793371
    outer loop
      vertex 147.267 10.85 6.97224
      vertex 151.267 11.2021 6.70208
      vertex 151.267 10.85 6.97224
    endloop
  endfacet
  facet normal -0 -0.608739 -0.793371
    outer loop
      vertex 151.267 11.2021 6.70208
      vertex 147.267 10.85 6.97224
      vertex 147.267 11.2021 6.70208
    endloop
  endfacet
  facet normal 0 -0.382688 -0.923878
    outer loop
      vertex 147.267 10.44 7.14207
      vertex 151.267 10.85 6.97224
      vertex 151.267 10.44 7.14207
    endloop
  endfacet
  facet normal -0 -0.382688 -0.923878
    outer loop
      vertex 151.267 10.85 6.97224
      vertex 147.267 10.44 7.14207
      vertex 147.267 10.85 6.97224
    endloop
  endfacet
  facet normal 0 -0.793419 -0.608676
    outer loop
      vertex 147.267 11.4722 6.35
      vertex 151.267 11.2021 6.70208
      vertex 147.267 11.2021 6.70208
    endloop
  endfacet
  facet normal 0 -0.793419 -0.608676
    outer loop
      vertex 151.267 11.2021 6.70208
      vertex 147.267 11.4722 6.35
      vertex 151.267 11.4722 6.35
    endloop
  endfacet
  facet normal -0 0.38268 0.923881
    outer loop
      vertex 147.267 9.56001 3.85793
      vertex 151.267 9.15 4.02776
      vertex 151.267 9.56001 3.85793
    endloop
  endfacet
  facet normal 0 0.38268 0.923881
    outer loop
      vertex 151.267 9.15 4.02776
      vertex 147.267 9.56001 3.85793
      vertex 147.267 9.15 4.02776
    endloop
  endfacet
  facet normal 0 0.923881 -0.38268
    outer loop
      vertex 151.267 8.35793 5.93999
      vertex 147.267 8.52776 6.35
      vertex 151.267 8.52776 6.35
    endloop
  endfacet
  facet normal 0 0.923881 -0.38268
    outer loop
      vertex 147.267 8.52776 6.35
      vertex 151.267 8.35793 5.93999
      vertex 147.267 8.35793 5.93999
    endloop
  endfacet
  facet normal 0 0.608761 -0.793354
    outer loop
      vertex 147.267 8.79792 6.70208
      vertex 151.267 9.15 6.97224
      vertex 151.267 8.79792 6.70208
    endloop
  endfacet
  facet normal 0 0.608761 -0.793354
    outer loop
      vertex 151.267 9.15 6.97224
      vertex 147.267 8.79792 6.70208
      vertex 147.267 9.15 6.97224
    endloop
  endfacet
  facet normal 0 -0.382688 0.923878
    outer loop
      vertex 147.267 10.85 4.02776
      vertex 151.267 10.44 3.85793
      vertex 151.267 10.85 4.02776
    endloop
  endfacet
  facet normal 0 -0.382688 0.923878
    outer loop
      vertex 151.267 10.44 3.85793
      vertex 147.267 10.85 4.02776
      vertex 147.267 10.44 3.85793
    endloop
  endfacet
  facet normal 0 -0.793419 0.608676
    outer loop
      vertex 147.267 11.2021 4.29792
      vertex 151.267 11.4722 4.65
      vertex 147.267 11.4722 4.65
    endloop
  endfacet
  facet normal 0 -0.793419 0.608676
    outer loop
      vertex 151.267 11.4722 4.65
      vertex 147.267 11.2021 4.29792
      vertex 151.267 11.2021 4.29792
    endloop
  endfacet
  facet normal 0 -0.991452 0.130469
    outer loop
      vertex 147.267 11.6421 5.06001
      vertex 151.267 11.7 5.5
      vertex 147.267 11.7 5.5
    endloop
  endfacet
  facet normal 0 -0.991452 0.130469
    outer loop
      vertex 151.267 11.7 5.5
      vertex 147.267 11.6421 5.06001
      vertex 151.267 11.6421 5.06001
    endloop
  endfacet
  facet normal 0 -0.130533 -0.991444
    outer loop
      vertex 147.267 10 7.2
      vertex 151.267 10.44 7.14207
      vertex 151.267 10 7.2
    endloop
  endfacet
  facet normal -0 -0.130533 -0.991444
    outer loop
      vertex 151.267 10.44 7.14207
      vertex 147.267 10 7.2
      vertex 147.267 10.44 7.14207
    endloop
  endfacet
  facet normal 0 -0.923825 -0.382815
    outer loop
      vertex 147.267 11.6421 5.93999
      vertex 151.267 11.4722 6.35
      vertex 147.267 11.4722 6.35
    endloop
  endfacet
  facet normal 0 -0.923825 -0.382815
    outer loop
      vertex 151.267 11.4722 6.35
      vertex 147.267 11.6421 5.93999
      vertex 151.267 11.6421 5.93999
    endloop
  endfacet
  facet normal -0 0.130536 0.991444
    outer loop
      vertex 147.267 10 3.8
      vertex 151.267 9.56001 3.85793
      vertex 151.267 10 3.8
    endloop
  endfacet
  facet normal 0 0.130536 0.991444
    outer loop
      vertex 151.267 9.56001 3.85793
      vertex 147.267 10 3.8
      vertex 147.267 9.56001 3.85793
    endloop
  endfacet
  facet normal 0 0.923881 0.38268
    outer loop
      vertex 151.267 8.52776 4.65
      vertex 147.267 8.35793 5.06001
      vertex 151.267 8.35793 5.06001
    endloop
  endfacet
  facet normal 0 0.923881 0.38268
    outer loop
      vertex 147.267 8.35793 5.06001
      vertex 151.267 8.52776 4.65
      vertex 147.267 8.52776 4.65
    endloop
  endfacet
  facet normal -0 0.608761 0.793354
    outer loop
      vertex 147.267 9.15 4.02776
      vertex 151.267 8.79792 4.29792
      vertex 151.267 9.15 4.02776
    endloop
  endfacet
  facet normal 0 0.608761 0.793354
    outer loop
      vertex 151.267 8.79792 4.29792
      vertex 147.267 9.15 4.02776
      vertex 147.267 8.79792 4.29792
    endloop
  endfacet
  facet normal 0 0.991444 -0.130536
    outer loop
      vertex 151.267 8.3 5.5
      vertex 147.267 8.35793 5.93999
      vertex 151.267 8.35793 5.93999
    endloop
  endfacet
  facet normal 0 0.991444 -0.130536
    outer loop
      vertex 147.267 8.35793 5.93999
      vertex 151.267 8.3 5.5
      vertex 147.267 8.3 5.5
    endloop
  endfacet
  facet normal 0 0.38268 -0.923881
    outer loop
      vertex 147.267 9.15 6.97224
      vertex 151.267 9.56001 7.14207
      vertex 151.267 9.15 6.97224
    endloop
  endfacet
  facet normal 0 0.38268 -0.923881
    outer loop
      vertex 151.267 9.56001 7.14207
      vertex 147.267 9.15 6.97224
      vertex 147.267 9.56001 7.14207
    endloop
  endfacet
  facet normal 0 -0.608739 0.793371
    outer loop
      vertex 147.267 11.2021 4.29792
      vertex 151.267 10.85 4.02776
      vertex 151.267 11.2021 4.29792
    endloop
  endfacet
  facet normal 0 -0.608739 0.793371
    outer loop
      vertex 151.267 10.85 4.02776
      vertex 147.267 11.2021 4.29792
      vertex 147.267 10.85 4.02776
    endloop
  endfacet
  facet normal 0 0.793354 0.608761
    outer loop
      vertex 151.267 8.79792 4.29792
      vertex 147.267 8.52776 4.65
      vertex 151.267 8.52776 4.65
    endloop
  endfacet
  facet normal 0 0.793354 0.608761
    outer loop
      vertex 147.267 8.52776 4.65
      vertex 151.267 8.79792 4.29792
      vertex 147.267 8.79792 4.29792
    endloop
  endfacet
  facet normal 0 0.991444 0.130536
    outer loop
      vertex 151.267 8.35793 5.06001
      vertex 147.267 8.3 5.5
      vertex 151.267 8.3 5.5
    endloop
  endfacet
  facet normal 0 0.991444 0.130536
    outer loop
      vertex 147.267 8.3 5.5
      vertex 151.267 8.35793 5.06001
      vertex 147.267 8.35793 5.06001
    endloop
  endfacet
  facet normal 0 -0.130533 0.991444
    outer loop
      vertex 147.267 49.215 3.85793
      vertex 151.267 48.775 3.8
      vertex 151.267 49.215 3.85793
    endloop
  endfacet
  facet normal 0 -0.130533 0.991444
    outer loop
      vertex 151.267 48.775 3.8
      vertex 147.267 49.215 3.85793
      vertex 147.267 48.775 3.8
    endloop
  endfacet
  facet normal 0 0.130533 -0.991444
    outer loop
      vertex 147.267 48.335 7.14207
      vertex 151.267 48.775 7.2
      vertex 151.267 48.335 7.14207
    endloop
  endfacet
  facet normal 0 0.130533 -0.991444
    outer loop
      vertex 151.267 48.775 7.2
      vertex 147.267 48.335 7.14207
      vertex 147.267 48.775 7.2
    endloop
  endfacet
  facet normal 0 -0.991452 -0.130469
    outer loop
      vertex 147.267 50.475 5.5
      vertex 151.267 50.4171 5.93999
      vertex 147.267 50.4171 5.93999
    endloop
  endfacet
  facet normal 0 -0.991452 -0.130469
    outer loop
      vertex 151.267 50.4171 5.93999
      vertex 147.267 50.475 5.5
      vertex 151.267 50.475 5.5
    endloop
  endfacet
  facet normal 0 0.991452 0.130469
    outer loop
      vertex 151.267 47.1329 5.06001
      vertex 147.267 47.075 5.5
      vertex 151.267 47.075 5.5
    endloop
  endfacet
  facet normal 0 0.991452 0.130469
    outer loop
      vertex 147.267 47.075 5.5
      vertex 151.267 47.1329 5.06001
      vertex 147.267 47.1329 5.06001
    endloop
  endfacet
  facet normal 0 0.793419 -0.608676
    outer loop
      vertex 151.267 47.3028 6.35
      vertex 147.267 47.5729 6.70208
      vertex 151.267 47.5729 6.70208
    endloop
  endfacet
  facet normal 0 0.793419 -0.608676
    outer loop
      vertex 147.267 47.5729 6.70208
      vertex 151.267 47.3028 6.35
      vertex 147.267 47.3028 6.35
    endloop
  endfacet
  facet normal 0 -0.382688 0.923878
    outer loop
      vertex 147.267 49.625 4.02776
      vertex 151.267 49.215 3.85793
      vertex 151.267 49.625 4.02776
    endloop
  endfacet
  facet normal 0 -0.382688 0.923878
    outer loop
      vertex 151.267 49.215 3.85793
      vertex 147.267 49.625 4.02776
      vertex 147.267 49.215 3.85793
    endloop
  endfacet
  facet normal 0 -0.608739 -0.793371
    outer loop
      vertex 147.267 49.625 6.97224
      vertex 151.267 49.9771 6.70208
      vertex 151.267 49.625 6.97224
    endloop
  endfacet
  facet normal -0 -0.608739 -0.793371
    outer loop
      vertex 151.267 49.9771 6.70208
      vertex 147.267 49.625 6.97224
      vertex 147.267 49.9771 6.70208
    endloop
  endfacet
  facet normal 0 -0.382688 -0.923878
    outer loop
      vertex 147.267 49.215 7.14207
      vertex 151.267 49.625 6.97224
      vertex 151.267 49.215 7.14207
    endloop
  endfacet
  facet normal -0 -0.382688 -0.923878
    outer loop
      vertex 151.267 49.625 6.97224
      vertex 147.267 49.215 7.14207
      vertex 147.267 49.625 6.97224
    endloop
  endfacet
  facet normal 0 -0.923825 -0.382815
    outer loop
      vertex 147.267 50.4171 5.93999
      vertex 151.267 50.2472 6.35
      vertex 147.267 50.2472 6.35
    endloop
  endfacet
  facet normal 0 -0.923825 -0.382815
    outer loop
      vertex 151.267 50.2472 6.35
      vertex 147.267 50.4171 5.93999
      vertex 151.267 50.4171 5.93999
    endloop
  endfacet
  facet normal -0 0.608739 0.793371
    outer loop
      vertex 147.267 47.925 4.02776
      vertex 151.267 47.5729 4.29792
      vertex 151.267 47.925 4.02776
    endloop
  endfacet
  facet normal 0 0.608739 0.793371
    outer loop
      vertex 151.267 47.5729 4.29792
      vertex 147.267 47.925 4.02776
      vertex 147.267 47.5729 4.29792
    endloop
  endfacet
  facet normal 0 0.923825 0.382815
    outer loop
      vertex 151.267 47.3028 4.65
      vertex 147.267 47.1329 5.06001
      vertex 151.267 47.1329 5.06001
    endloop
  endfacet
  facet normal 0 0.923825 0.382815
    outer loop
      vertex 147.267 47.1329 5.06001
      vertex 151.267 47.3028 4.65
      vertex 147.267 47.3028 4.65
    endloop
  endfacet
  facet normal -0 0.382688 0.923878
    outer loop
      vertex 147.267 48.335 3.85793
      vertex 151.267 47.925 4.02776
      vertex 151.267 48.335 3.85793
    endloop
  endfacet
  facet normal 0 0.382688 0.923878
    outer loop
      vertex 151.267 47.925 4.02776
      vertex 147.267 48.335 3.85793
      vertex 147.267 47.925 4.02776
    endloop
  endfacet
  facet normal 0 0.608739 -0.793371
    outer loop
      vertex 147.267 47.5729 6.70208
      vertex 151.267 47.925 6.97224
      vertex 151.267 47.5729 6.70208
    endloop
  endfacet
  facet normal 0 0.608739 -0.793371
    outer loop
      vertex 151.267 47.925 6.97224
      vertex 147.267 47.5729 6.70208
      vertex 147.267 47.925 6.97224
    endloop
  endfacet
  facet normal 0 -0.608739 0.793371
    outer loop
      vertex 147.267 49.9771 4.29792
      vertex 151.267 49.625 4.02776
      vertex 151.267 49.9771 4.29792
    endloop
  endfacet
  facet normal 0 -0.608739 0.793371
    outer loop
      vertex 151.267 49.625 4.02776
      vertex 147.267 49.9771 4.29792
      vertex 147.267 49.625 4.02776
    endloop
  endfacet
  facet normal 0 -0.923825 0.382815
    outer loop
      vertex 147.267 50.2472 4.65
      vertex 151.267 50.4171 5.06001
      vertex 147.267 50.4171 5.06001
    endloop
  endfacet
  facet normal 0 -0.923825 0.382815
    outer loop
      vertex 151.267 50.4171 5.06001
      vertex 147.267 50.2472 4.65
      vertex 151.267 50.2472 4.65
    endloop
  endfacet
  facet normal 0 -0.130533 -0.991444
    outer loop
      vertex 147.267 48.775 7.2
      vertex 151.267 49.215 7.14207
      vertex 151.267 48.775 7.2
    endloop
  endfacet
  facet normal -0 -0.130533 -0.991444
    outer loop
      vertex 151.267 49.215 7.14207
      vertex 147.267 48.775 7.2
      vertex 147.267 49.215 7.14207
    endloop
  endfacet
  facet normal 0 -0.793419 -0.608676
    outer loop
      vertex 147.267 50.2472 6.35
      vertex 151.267 49.9771 6.70208
      vertex 147.267 49.9771 6.70208
    endloop
  endfacet
  facet normal 0 -0.793419 -0.608676
    outer loop
      vertex 151.267 49.9771 6.70208
      vertex 147.267 50.2472 6.35
      vertex 151.267 50.2472 6.35
    endloop
  endfacet
  facet normal -0 0.130533 0.991444
    outer loop
      vertex 147.267 48.775 3.8
      vertex 151.267 48.335 3.85793
      vertex 151.267 48.775 3.8
    endloop
  endfacet
  facet normal 0 0.130533 0.991444
    outer loop
      vertex 151.267 48.335 3.85793
      vertex 147.267 48.775 3.8
      vertex 147.267 48.335 3.85793
    endloop
  endfacet
  facet normal 0 0.793419 0.608676
    outer loop
      vertex 151.267 47.5729 4.29792
      vertex 147.267 47.3028 4.65
      vertex 151.267 47.3028 4.65
    endloop
  endfacet
  facet normal 0 0.793419 0.608676
    outer loop
      vertex 147.267 47.3028 4.65
      vertex 151.267 47.5729 4.29792
      vertex 147.267 47.5729 4.29792
    endloop
  endfacet
  facet normal 0 0.923825 -0.382815
    outer loop
      vertex 151.267 47.1329 5.93999
      vertex 147.267 47.3028 6.35
      vertex 151.267 47.3028 6.35
    endloop
  endfacet
  facet normal 0 0.923825 -0.382815
    outer loop
      vertex 147.267 47.3028 6.35
      vertex 151.267 47.1329 5.93999
      vertex 147.267 47.1329 5.93999
    endloop
  endfacet
  facet normal 0 0.991452 -0.130469
    outer loop
      vertex 151.267 47.075 5.5
      vertex 147.267 47.1329 5.93999
      vertex 151.267 47.1329 5.93999
    endloop
  endfacet
  facet normal 0 0.991452 -0.130469
    outer loop
      vertex 147.267 47.1329 5.93999
      vertex 151.267 47.075 5.5
      vertex 147.267 47.075 5.5
    endloop
  endfacet
  facet normal 0 0.382688 -0.923878
    outer loop
      vertex 147.267 47.925 6.97224
      vertex 151.267 48.335 7.14207
      vertex 151.267 47.925 6.97224
    endloop
  endfacet
  facet normal 0 0.382688 -0.923878
    outer loop
      vertex 151.267 48.335 7.14207
      vertex 147.267 47.925 6.97224
      vertex 147.267 48.335 7.14207
    endloop
  endfacet
  facet normal 0 -0.793419 0.608676
    outer loop
      vertex 147.267 49.9771 4.29792
      vertex 151.267 50.2472 4.65
      vertex 147.267 50.2472 4.65
    endloop
  endfacet
  facet normal 0 -0.793419 0.608676
    outer loop
      vertex 151.267 50.2472 4.65
      vertex 147.267 49.9771 4.29792
      vertex 151.267 49.9771 4.29792
    endloop
  endfacet
  facet normal 0 -0.991452 0.130469
    outer loop
      vertex 147.267 50.4171 5.06001
      vertex 151.267 50.475 5.5
      vertex 147.267 50.475 5.5
    endloop
  endfacet
  facet normal 0 -0.991452 0.130469
    outer loop
      vertex 151.267 50.475 5.5
      vertex 147.267 50.4171 5.06001
      vertex 151.267 50.4171 5.06001
    endloop
  endfacet
  facet normal 0 -0.130533 0.991444
    outer loop
      vertex 147.267 87.99 3.85793
      vertex 151.267 87.55 3.8
      vertex 151.267 87.99 3.85793
    endloop
  endfacet
  facet normal 0 -0.130533 0.991444
    outer loop
      vertex 151.267 87.55 3.8
      vertex 147.267 87.99 3.85793
      vertex 147.267 87.55 3.8
    endloop
  endfacet
  facet normal 0 -0.130533 -0.991444
    outer loop
      vertex 147.267 87.55 7.2
      vertex 151.267 87.99 7.14207
      vertex 151.267 87.55 7.2
    endloop
  endfacet
  facet normal -0 -0.130533 -0.991444
    outer loop
      vertex 151.267 87.99 7.14207
      vertex 147.267 87.55 7.2
      vertex 147.267 87.99 7.14207
    endloop
  endfacet
  facet normal 0 0.991452 0.130469
    outer loop
      vertex 151.267 85.9079 5.06001
      vertex 147.267 85.85 5.5
      vertex 151.267 85.85 5.5
    endloop
  endfacet
  facet normal 0 0.991452 0.130469
    outer loop
      vertex 147.267 85.85 5.5
      vertex 151.267 85.9079 5.06001
      vertex 147.267 85.9079 5.06001
    endloop
  endfacet
  facet normal -0 0.608739 0.793371
    outer loop
      vertex 147.267 86.7 4.02776
      vertex 151.267 86.3479 4.29792
      vertex 151.267 86.7 4.02776
    endloop
  endfacet
  facet normal 0 0.608739 0.793371
    outer loop
      vertex 151.267 86.3479 4.29792
      vertex 147.267 86.7 4.02776
      vertex 147.267 86.3479 4.29792
    endloop
  endfacet
  facet normal 0 -0.923825 0.382815
    outer loop
      vertex 147.267 89.0222 4.65
      vertex 151.267 89.1921 5.06001
      vertex 147.267 89.1921 5.06001
    endloop
  endfacet
  facet normal 0 -0.923825 0.382815
    outer loop
      vertex 151.267 89.1921 5.06001
      vertex 147.267 89.0222 4.65
      vertex 151.267 89.0222 4.65
    endloop
  endfacet
  facet normal 0 -0.793419 -0.608676
    outer loop
      vertex 147.267 89.0222 6.35
      vertex 151.267 88.7521 6.70208
      vertex 147.267 88.7521 6.70208
    endloop
  endfacet
  facet normal 0 -0.793419 -0.608676
    outer loop
      vertex 151.267 88.7521 6.70208
      vertex 147.267 89.0222 6.35
      vertex 151.267 89.0222 6.35
    endloop
  endfacet
  facet normal 0 -0.991452 -0.130469
    outer loop
      vertex 147.267 89.25 5.5
      vertex 151.267 89.1921 5.93999
      vertex 147.267 89.1921 5.93999
    endloop
  endfacet
  facet normal 0 -0.991452 -0.130469
    outer loop
      vertex 151.267 89.1921 5.93999
      vertex 147.267 89.25 5.5
      vertex 151.267 89.25 5.5
    endloop
  endfacet
  facet normal 0 -0.382688 0.923878
    outer loop
      vertex 147.267 88.4 4.02776
      vertex 151.267 87.99 3.85793
      vertex 151.267 88.4 4.02776
    endloop
  endfacet
  facet normal 0 -0.382688 0.923878
    outer loop
      vertex 151.267 87.99 3.85793
      vertex 147.267 88.4 4.02776
      vertex 147.267 87.99 3.85793
    endloop
  endfacet
  facet normal 0 -0.793419 0.608676
    outer loop
      vertex 147.267 88.7521 4.29792
      vertex 151.267 89.0222 4.65
      vertex 147.267 89.0222 4.65
    endloop
  endfacet
  facet normal 0 -0.793419 0.608676
    outer loop
      vertex 151.267 89.0222 4.65
      vertex 147.267 88.7521 4.29792
      vertex 151.267 88.7521 4.29792
    endloop
  endfacet
  facet normal 0 -0.991452 0.130469
    outer loop
      vertex 147.267 89.1921 5.06001
      vertex 151.267 89.25 5.5
      vertex 147.267 89.25 5.5
    endloop
  endfacet
  facet normal 0 -0.991452 0.130469
    outer loop
      vertex 151.267 89.25 5.5
      vertex 147.267 89.1921 5.06001
      vertex 151.267 89.1921 5.06001
    endloop
  endfacet
  facet normal 0 -0.608739 -0.793371
    outer loop
      vertex 147.267 88.4 6.97224
      vertex 151.267 88.7521 6.70208
      vertex 151.267 88.4 6.97224
    endloop
  endfacet
  facet normal -0 -0.608739 -0.793371
    outer loop
      vertex 151.267 88.7521 6.70208
      vertex 147.267 88.4 6.97224
      vertex 147.267 88.7521 6.70208
    endloop
  endfacet
  facet normal 0 -0.382688 -0.923878
    outer loop
      vertex 147.267 87.99 7.14207
      vertex 151.267 88.4 6.97224
      vertex 151.267 87.99 7.14207
    endloop
  endfacet
  facet normal -0 -0.382688 -0.923878
    outer loop
      vertex 151.267 88.4 6.97224
      vertex 147.267 87.99 7.14207
      vertex 147.267 88.4 6.97224
    endloop
  endfacet
  facet normal 0 -0.923825 -0.382815
    outer loop
      vertex 147.267 89.1921 5.93999
      vertex 151.267 89.0222 6.35
      vertex 147.267 89.0222 6.35
    endloop
  endfacet
  facet normal 0 -0.923825 -0.382815
    outer loop
      vertex 151.267 89.0222 6.35
      vertex 147.267 89.1921 5.93999
      vertex 151.267 89.1921 5.93999
    endloop
  endfacet
  facet normal 0 0.608739 -0.793371
    outer loop
      vertex 147.267 86.3479 6.70208
      vertex 151.267 86.7 6.97224
      vertex 151.267 86.3479 6.70208
    endloop
  endfacet
  facet normal 0 0.608739 -0.793371
    outer loop
      vertex 151.267 86.7 6.97224
      vertex 147.267 86.3479 6.70208
      vertex 147.267 86.7 6.97224
    endloop
  endfacet
  facet normal 0 0.923825 0.382815
    outer loop
      vertex 151.267 86.0778 4.65
      vertex 147.267 85.9079 5.06001
      vertex 151.267 85.9079 5.06001
    endloop
  endfacet
  facet normal 0 0.923825 0.382815
    outer loop
      vertex 147.267 85.9079 5.06001
      vertex 151.267 86.0778 4.65
      vertex 147.267 86.0778 4.65
    endloop
  endfacet
  facet normal -0 0.382688 0.923878
    outer loop
      vertex 147.267 87.11 3.85793
      vertex 151.267 86.7 4.02776
      vertex 151.267 87.11 3.85793
    endloop
  endfacet
  facet normal 0 0.382688 0.923878
    outer loop
      vertex 151.267 86.7 4.02776
      vertex 147.267 87.11 3.85793
      vertex 147.267 86.7 4.02776
    endloop
  endfacet
  facet normal 0 -0.608739 0.793371
    outer loop
      vertex 147.267 88.7521 4.29792
      vertex 151.267 88.4 4.02776
      vertex 151.267 88.7521 4.29792
    endloop
  endfacet
  facet normal 0 -0.608739 0.793371
    outer loop
      vertex 151.267 88.4 4.02776
      vertex 147.267 88.7521 4.29792
      vertex 147.267 88.4 4.02776
    endloop
  endfacet
  facet normal 0 0.923825 -0.382815
    outer loop
      vertex 151.267 85.9079 5.93999
      vertex 147.267 86.0778 6.35
      vertex 151.267 86.0778 6.35
    endloop
  endfacet
  facet normal 0 0.923825 -0.382815
    outer loop
      vertex 147.267 86.0778 6.35
      vertex 151.267 85.9079 5.93999
      vertex 147.267 85.9079 5.93999
    endloop
  endfacet
  facet normal 0 0.793419 0.608676
    outer loop
      vertex 151.267 86.3479 4.29792
      vertex 147.267 86.0778 4.65
      vertex 151.267 86.0778 4.65
    endloop
  endfacet
  facet normal 0 0.793419 0.608676
    outer loop
      vertex 147.267 86.0778 4.65
      vertex 151.267 86.3479 4.29792
      vertex 147.267 86.3479 4.29792
    endloop
  endfacet
  facet normal -0 0.130533 0.991444
    outer loop
      vertex 147.267 87.55 3.8
      vertex 151.267 87.11 3.85793
      vertex 151.267 87.55 3.8
    endloop
  endfacet
  facet normal 0 0.130533 0.991444
    outer loop
      vertex 151.267 87.11 3.85793
      vertex 147.267 87.55 3.8
      vertex 147.267 87.11 3.85793
    endloop
  endfacet
  facet normal 0 0.991452 -0.130469
    outer loop
      vertex 151.267 85.85 5.5
      vertex 147.267 85.9079 5.93999
      vertex 151.267 85.9079 5.93999
    endloop
  endfacet
  facet normal 0 0.991452 -0.130469
    outer loop
      vertex 147.267 85.9079 5.93999
      vertex 151.267 85.85 5.5
      vertex 147.267 85.85 5.5
    endloop
  endfacet
  facet normal 0 0.793419 -0.608676
    outer loop
      vertex 151.267 86.0778 6.35
      vertex 147.267 86.3479 6.70208
      vertex 151.267 86.3479 6.70208
    endloop
  endfacet
  facet normal 0 0.793419 -0.608676
    outer loop
      vertex 147.267 86.3479 6.70208
      vertex 151.267 86.0778 6.35
      vertex 147.267 86.0778 6.35
    endloop
  endfacet
  facet normal 0 0.382688 -0.923878
    outer loop
      vertex 147.267 86.7 6.97224
      vertex 151.267 87.11 7.14207
      vertex 151.267 86.7 6.97224
    endloop
  endfacet
  facet normal 0 0.382688 -0.923878
    outer loop
      vertex 151.267 87.11 7.14207
      vertex 147.267 86.7 6.97224
      vertex 147.267 87.11 7.14207
    endloop
  endfacet
  facet normal 0 0.130533 -0.991444
    outer loop
      vertex 147.267 87.11 7.14207
      vertex 151.267 87.55 7.2
      vertex 151.267 87.11 7.14207
    endloop
  endfacet
  facet normal 0 0.130533 -0.991444
    outer loop
      vertex 151.267 87.55 7.2
      vertex 147.267 87.11 7.14207
      vertex 147.267 87.55 7.2
    endloop
  endfacet
  facet normal 0 -0.130533 0.991444
    outer loop
      vertex 147.267 126.765 3.85793
      vertex 151.267 126.325 3.8
      vertex 151.267 126.765 3.85793
    endloop
  endfacet
  facet normal 0 -0.130533 0.991444
    outer loop
      vertex 151.267 126.325 3.8
      vertex 147.267 126.765 3.85793
      vertex 147.267 126.325 3.8
    endloop
  endfacet
  facet normal 0 0.130533 -0.991444
    outer loop
      vertex 147.267 125.885 7.14207
      vertex 151.267 126.325 7.2
      vertex 151.267 125.885 7.14207
    endloop
  endfacet
  facet normal 0 0.130533 -0.991444
    outer loop
      vertex 151.267 126.325 7.2
      vertex 147.267 125.885 7.14207
      vertex 147.267 126.325 7.2
    endloop
  endfacet
  facet normal 0 -0.991423 -0.130691
    outer loop
      vertex 147.267 128.025 5.5
      vertex 151.267 127.967 5.93999
      vertex 147.267 127.967 5.93999
    endloop
  endfacet
  facet normal 0 -0.991423 -0.130691
    outer loop
      vertex 151.267 127.967 5.93999
      vertex 147.267 128.025 5.5
      vertex 151.267 128.025 5.5
    endloop
  endfacet
  facet normal 0 0.991423 0.130691
    outer loop
      vertex 151.267 124.683 5.06001
      vertex 147.267 124.625 5.5
      vertex 151.267 124.625 5.5
    endloop
  endfacet
  facet normal 0 0.991423 0.130691
    outer loop
      vertex 147.267 124.625 5.5
      vertex 151.267 124.683 5.06001
      vertex 147.267 124.683 5.06001
    endloop
  endfacet
  facet normal 0 0.793528 -0.608534
    outer loop
      vertex 151.267 124.853 6.35
      vertex 147.267 125.123 6.70208
      vertex 151.267 125.123 6.70208
    endloop
  endfacet
  facet normal 0 0.793528 -0.608534
    outer loop
      vertex 147.267 125.123 6.70208
      vertex 151.267 124.853 6.35
      vertex 147.267 124.853 6.35
    endloop
  endfacet
  facet normal 0 -0.608848 -0.793287
    outer loop
      vertex 147.267 127.175 6.97224
      vertex 151.267 127.527 6.70208
      vertex 151.267 127.175 6.97224
    endloop
  endfacet
  facet normal -0 -0.608848 -0.793287
    outer loop
      vertex 151.267 127.527 6.70208
      vertex 147.267 127.175 6.97224
      vertex 147.267 127.527 6.70208
    endloop
  endfacet
  facet normal 0 -0.382688 -0.923878
    outer loop
      vertex 147.267 126.765 7.14207
      vertex 151.267 127.175 6.97224
      vertex 151.267 126.765 7.14207
    endloop
  endfacet
  facet normal -0 -0.382688 -0.923878
    outer loop
      vertex 151.267 127.175 6.97224
      vertex 147.267 126.765 7.14207
      vertex 147.267 127.175 6.97224
    endloop
  endfacet
  facet normal 0 -0.793528 -0.608534
    outer loop
      vertex 147.267 127.797 6.35
      vertex 151.267 127.527 6.70208
      vertex 147.267 127.527 6.70208
    endloop
  endfacet
  facet normal 0 -0.793528 -0.608534
    outer loop
      vertex 151.267 127.527 6.70208
      vertex 147.267 127.797 6.35
      vertex 151.267 127.797 6.35
    endloop
  endfacet
  facet normal -0 0.382688 0.923878
    outer loop
      vertex 147.267 125.885 3.85793
      vertex 151.267 125.475 4.02776
      vertex 151.267 125.885 3.85793
    endloop
  endfacet
  facet normal 0 0.382688 0.923878
    outer loop
      vertex 151.267 125.475 4.02776
      vertex 147.267 125.885 3.85793
      vertex 147.267 125.475 4.02776
    endloop
  endfacet
  facet normal 0 0.923745 -0.383007
    outer loop
      vertex 151.267 124.683 5.93999
      vertex 147.267 124.853 6.35
      vertex 151.267 124.853 6.35
    endloop
  endfacet
  facet normal 0 0.923745 -0.383007
    outer loop
      vertex 147.267 124.853 6.35
      vertex 151.267 124.683 5.93999
      vertex 147.267 124.683 5.93999
    endloop
  endfacet
  facet normal 0 0.608848 -0.793287
    outer loop
      vertex 147.267 125.123 6.70208
      vertex 151.267 125.475 6.97224
      vertex 151.267 125.123 6.70208
    endloop
  endfacet
  facet normal 0 0.608848 -0.793287
    outer loop
      vertex 151.267 125.475 6.97224
      vertex 147.267 125.123 6.70208
      vertex 147.267 125.475 6.97224
    endloop
  endfacet
  facet normal 0 -0.382688 0.923878
    outer loop
      vertex 147.267 127.175 4.02776
      vertex 151.267 126.765 3.85793
      vertex 151.267 127.175 4.02776
    endloop
  endfacet
  facet normal 0 -0.382688 0.923878
    outer loop
      vertex 151.267 126.765 3.85793
      vertex 147.267 127.175 4.02776
      vertex 147.267 126.765 3.85793
    endloop
  endfacet
  facet normal 0 -0.793528 0.608534
    outer loop
      vertex 147.267 127.527 4.29792
      vertex 151.267 127.797 4.65
      vertex 147.267 127.797 4.65
    endloop
  endfacet
  facet normal 0 -0.793528 0.608534
    outer loop
      vertex 151.267 127.797 4.65
      vertex 147.267 127.527 4.29792
      vertex 151.267 127.527 4.29792
    endloop
  endfacet
  facet normal 0 -0.923745 0.383007
    outer loop
      vertex 147.267 127.797 4.65
      vertex 151.267 127.967 5.06001
      vertex 147.267 127.967 5.06001
    endloop
  endfacet
  facet normal 0 -0.923745 0.383007
    outer loop
      vertex 151.267 127.967 5.06001
      vertex 147.267 127.797 4.65
      vertex 151.267 127.797 4.65
    endloop
  endfacet
  facet normal 0 -0.130533 -0.991444
    outer loop
      vertex 147.267 126.325 7.2
      vertex 151.267 126.765 7.14207
      vertex 151.267 126.325 7.2
    endloop
  endfacet
  facet normal -0 -0.130533 -0.991444
    outer loop
      vertex 151.267 126.765 7.14207
      vertex 147.267 126.325 7.2
      vertex 147.267 126.765 7.14207
    endloop
  endfacet
  facet normal 0 -0.923745 -0.383007
    outer loop
      vertex 147.267 127.967 5.93999
      vertex 151.267 127.797 6.35
      vertex 147.267 127.797 6.35
    endloop
  endfacet
  facet normal 0 -0.923745 -0.383007
    outer loop
      vertex 151.267 127.797 6.35
      vertex 147.267 127.967 5.93999
      vertex 151.267 127.967 5.93999
    endloop
  endfacet
  facet normal 0 0.923745 0.383007
    outer loop
      vertex 151.267 124.853 4.65
      vertex 147.267 124.683 5.06001
      vertex 151.267 124.683 5.06001
    endloop
  endfacet
  facet normal 0 0.923745 0.383007
    outer loop
      vertex 147.267 124.683 5.06001
      vertex 151.267 124.853 4.65
      vertex 147.267 124.853 4.65
    endloop
  endfacet
  facet normal -0 0.608848 0.793287
    outer loop
      vertex 147.267 125.475 4.02776
      vertex 151.267 125.123 4.29792
      vertex 151.267 125.475 4.02776
    endloop
  endfacet
  facet normal 0 0.608848 0.793287
    outer loop
      vertex 151.267 125.123 4.29792
      vertex 147.267 125.475 4.02776
      vertex 147.267 125.123 4.29792
    endloop
  endfacet
  facet normal -0 0.130533 0.991444
    outer loop
      vertex 147.267 126.325 3.8
      vertex 151.267 125.885 3.85793
      vertex 151.267 126.325 3.8
    endloop
  endfacet
  facet normal 0 0.130533 0.991444
    outer loop
      vertex 151.267 125.885 3.85793
      vertex 147.267 126.325 3.8
      vertex 147.267 125.885 3.85793
    endloop
  endfacet
  facet normal 0 0.991423 -0.130691
    outer loop
      vertex 151.267 124.625 5.5
      vertex 147.267 124.683 5.93999
      vertex 151.267 124.683 5.93999
    endloop
  endfacet
  facet normal 0 0.991423 -0.130691
    outer loop
      vertex 147.267 124.683 5.93999
      vertex 151.267 124.625 5.5
      vertex 147.267 124.625 5.5
    endloop
  endfacet
  facet normal 0 0.382688 -0.923878
    outer loop
      vertex 147.267 125.475 6.97224
      vertex 151.267 125.885 7.14207
      vertex 151.267 125.475 6.97224
    endloop
  endfacet
  facet normal 0 0.382688 -0.923878
    outer loop
      vertex 151.267 125.885 7.14207
      vertex 147.267 125.475 6.97224
      vertex 147.267 125.885 7.14207
    endloop
  endfacet
  facet normal 0 -0.608848 0.793287
    outer loop
      vertex 147.267 127.527 4.29792
      vertex 151.267 127.175 4.02776
      vertex 151.267 127.527 4.29792
    endloop
  endfacet
  facet normal 0 -0.608848 0.793287
    outer loop
      vertex 151.267 127.175 4.02776
      vertex 147.267 127.527 4.29792
      vertex 147.267 127.175 4.02776
    endloop
  endfacet
  facet normal 0 -0.991423 0.130691
    outer loop
      vertex 147.267 127.967 5.06001
      vertex 151.267 128.025 5.5
      vertex 147.267 128.025 5.5
    endloop
  endfacet
  facet normal 0 -0.991423 0.130691
    outer loop
      vertex 151.267 128.025 5.5
      vertex 147.267 127.967 5.06001
      vertex 151.267 127.967 5.06001
    endloop
  endfacet
  facet normal 0 0.793528 0.608534
    outer loop
      vertex 151.267 125.123 4.29792
      vertex 147.267 124.853 4.65
      vertex 151.267 124.853 4.65
    endloop
  endfacet
  facet normal 0 0.793528 0.608534
    outer loop
      vertex 147.267 124.853 4.65
      vertex 151.267 125.123 4.29792
      vertex 147.267 125.123 4.29792
    endloop
  endfacet
  facet normal -0.991452 0 0.130469
    outer loop
      vertex 11.6421 149.1 5.06001
      vertex 11.7 153.1 5.5
      vertex 11.6421 153.1 5.06001
    endloop
  endfacet
  facet normal -0.991452 0 0.130469
    outer loop
      vertex 11.7 153.1 5.5
      vertex 11.6421 149.1 5.06001
      vertex 11.7 149.1 5.5
    endloop
  endfacet
  facet normal 0.991444 -0 0.130536
    outer loop
      vertex 8.3 149.1 5.5
      vertex 8.35793 153.1 5.06001
      vertex 8.3 153.1 5.5
    endloop
  endfacet
  facet normal 0.991444 0 0.130536
    outer loop
      vertex 8.35793 153.1 5.06001
      vertex 8.3 149.1 5.5
      vertex 8.35793 149.1 5.06001
    endloop
  endfacet
  facet normal 0.130536 0 0.991444
    outer loop
      vertex 9.56001 153.1 3.85793
      vertex 10 149.1 3.8
      vertex 10 153.1 3.8
    endloop
  endfacet
  facet normal 0.130536 0 0.991444
    outer loop
      vertex 10 149.1 3.8
      vertex 9.56001 153.1 3.85793
      vertex 9.56001 149.1 3.85793
    endloop
  endfacet
  facet normal -0.608739 0 0.793371
    outer loop
      vertex 10.85 153.1 4.02776
      vertex 11.2021 149.1 4.29792
      vertex 11.2021 153.1 4.29792
    endloop
  endfacet
  facet normal -0.608739 0 0.793371
    outer loop
      vertex 11.2021 149.1 4.29792
      vertex 10.85 153.1 4.02776
      vertex 10.85 149.1 4.02776
    endloop
  endfacet
  facet normal -0.382688 0 0.923878
    outer loop
      vertex 10.44 153.1 3.85793
      vertex 10.85 149.1 4.02776
      vertex 10.85 153.1 4.02776
    endloop
  endfacet
  facet normal -0.382688 0 0.923878
    outer loop
      vertex 10.85 149.1 4.02776
      vertex 10.44 153.1 3.85793
      vertex 10.44 149.1 3.85793
    endloop
  endfacet
  facet normal 0.793354 -0 0.608761
    outer loop
      vertex 8.52776 149.1 4.65
      vertex 8.79792 153.1 4.29792
      vertex 8.52776 153.1 4.65
    endloop
  endfacet
  facet normal 0.793354 0 0.608761
    outer loop
      vertex 8.79792 153.1 4.29792
      vertex 8.52776 149.1 4.65
      vertex 8.79792 149.1 4.29792
    endloop
  endfacet
  facet normal 0.923881 -0 0.38268
    outer loop
      vertex 8.35793 149.1 5.06001
      vertex 8.52776 153.1 4.65
      vertex 8.35793 153.1 5.06001
    endloop
  endfacet
  facet normal 0.923881 0 0.38268
    outer loop
      vertex 8.52776 153.1 4.65
      vertex 8.35793 149.1 5.06001
      vertex 8.52776 149.1 4.65
    endloop
  endfacet
  facet normal 0.608761 0 0.793354
    outer loop
      vertex 8.79792 153.1 4.29792
      vertex 9.15 149.1 4.02776
      vertex 9.15 153.1 4.02776
    endloop
  endfacet
  facet normal 0.608761 0 0.793354
    outer loop
      vertex 9.15 149.1 4.02776
      vertex 8.79792 153.1 4.29792
      vertex 8.79792 149.1 4.29792
    endloop
  endfacet
  facet normal -0.793419 0 -0.608676
    outer loop
      vertex 11.4722 149.1 6.35
      vertex 11.2021 153.1 6.70208
      vertex 11.4722 153.1 6.35
    endloop
  endfacet
  facet normal -0.793419 -0 -0.608676
    outer loop
      vertex 11.2021 153.1 6.70208
      vertex 11.4722 149.1 6.35
      vertex 11.2021 149.1 6.70208
    endloop
  endfacet
  facet normal -0.923825 0 -0.382815
    outer loop
      vertex 11.6421 149.1 5.93999
      vertex 11.4722 153.1 6.35
      vertex 11.6421 153.1 5.93999
    endloop
  endfacet
  facet normal -0.923825 -0 -0.382815
    outer loop
      vertex 11.4722 153.1 6.35
      vertex 11.6421 149.1 5.93999
      vertex 11.4722 149.1 6.35
    endloop
  endfacet
  facet normal 0.991444 0 -0.130536
    outer loop
      vertex 8.35793 149.1 5.93999
      vertex 8.3 153.1 5.5
      vertex 8.35793 153.1 5.93999
    endloop
  endfacet
  facet normal 0.991444 0 -0.130536
    outer loop
      vertex 8.3 153.1 5.5
      vertex 8.35793 149.1 5.93999
      vertex 8.3 149.1 5.5
    endloop
  endfacet
  facet normal -0.793419 0 0.608676
    outer loop
      vertex 11.2021 149.1 4.29792
      vertex 11.4722 153.1 4.65
      vertex 11.2021 153.1 4.29792
    endloop
  endfacet
  facet normal -0.793419 0 0.608676
    outer loop
      vertex 11.4722 153.1 4.65
      vertex 11.2021 149.1 4.29792
      vertex 11.4722 149.1 4.65
    endloop
  endfacet
  facet normal -0.923825 0 0.382815
    outer loop
      vertex 11.4722 149.1 4.65
      vertex 11.6421 153.1 5.06001
      vertex 11.4722 153.1 4.65
    endloop
  endfacet
  facet normal -0.923825 0 0.382815
    outer loop
      vertex 11.6421 153.1 5.06001
      vertex 11.4722 149.1 4.65
      vertex 11.6421 149.1 5.06001
    endloop
  endfacet
  facet normal -0.130533 0 0.991444
    outer loop
      vertex 10 153.1 3.8
      vertex 10.44 149.1 3.85793
      vertex 10.44 153.1 3.85793
    endloop
  endfacet
  facet normal -0.130533 0 0.991444
    outer loop
      vertex 10.44 149.1 3.85793
      vertex 10 153.1 3.8
      vertex 10 149.1 3.8
    endloop
  endfacet
  facet normal 0.38268 0 0.923881
    outer loop
      vertex 9.15 153.1 4.02776
      vertex 9.56001 149.1 3.85793
      vertex 9.56001 153.1 3.85793
    endloop
  endfacet
  facet normal 0.38268 0 0.923881
    outer loop
      vertex 9.56001 149.1 3.85793
      vertex 9.15 153.1 4.02776
      vertex 9.15 149.1 4.02776
    endloop
  endfacet
  facet normal -0.991452 0 -0.130469
    outer loop
      vertex 11.7 149.1 5.5
      vertex 11.6421 153.1 5.93999
      vertex 11.7 153.1 5.5
    endloop
  endfacet
  facet normal -0.991452 -0 -0.130469
    outer loop
      vertex 11.6421 153.1 5.93999
      vertex 11.7 149.1 5.5
      vertex 11.6421 149.1 5.93999
    endloop
  endfacet
  facet normal -0.130533 0 -0.991444
    outer loop
      vertex 10 149.1 7.2
      vertex 10.44 153.1 7.14207
      vertex 10.44 149.1 7.14207
    endloop
  endfacet
  facet normal -0.130533 0 -0.991444
    outer loop
      vertex 10.44 153.1 7.14207
      vertex 10 149.1 7.2
      vertex 10 153.1 7.2
    endloop
  endfacet
  facet normal -0.608739 0 -0.793371
    outer loop
      vertex 10.85 149.1 6.97224
      vertex 11.2021 153.1 6.70208
      vertex 11.2021 149.1 6.70208
    endloop
  endfacet
  facet normal -0.608739 0 -0.793371
    outer loop
      vertex 11.2021 153.1 6.70208
      vertex 10.85 149.1 6.97224
      vertex 10.85 153.1 6.97224
    endloop
  endfacet
  facet normal 0.608761 0 -0.793354
    outer loop
      vertex 8.79792 149.1 6.70208
      vertex 9.15 153.1 6.97224
      vertex 9.15 149.1 6.97224
    endloop
  endfacet
  facet normal 0.608761 0 -0.793354
    outer loop
      vertex 9.15 153.1 6.97224
      vertex 8.79792 149.1 6.70208
      vertex 8.79792 153.1 6.70208
    endloop
  endfacet
  facet normal 0.130536 0 -0.991444
    outer loop
      vertex 9.56001 149.1 7.14207
      vertex 10 153.1 7.2
      vertex 10 149.1 7.2
    endloop
  endfacet
  facet normal 0.130536 0 -0.991444
    outer loop
      vertex 10 153.1 7.2
      vertex 9.56001 149.1 7.14207
      vertex 9.56001 153.1 7.14207
    endloop
  endfacet
  facet normal 0.923881 0 -0.38268
    outer loop
      vertex 8.52776 149.1 6.35
      vertex 8.35793 153.1 5.93999
      vertex 8.52776 153.1 6.35
    endloop
  endfacet
  facet normal 0.923881 0 -0.38268
    outer loop
      vertex 8.35793 153.1 5.93999
      vertex 8.52776 149.1 6.35
      vertex 8.35793 149.1 5.93999
    endloop
  endfacet
  facet normal -0.382688 0 -0.923878
    outer loop
      vertex 10.44 149.1 7.14207
      vertex 10.85 153.1 6.97224
      vertex 10.85 149.1 6.97224
    endloop
  endfacet
  facet normal -0.382688 0 -0.923878
    outer loop
      vertex 10.85 153.1 6.97224
      vertex 10.44 149.1 7.14207
      vertex 10.44 153.1 7.14207
    endloop
  endfacet
  facet normal 0.38268 0 -0.923881
    outer loop
      vertex 9.15 149.1 6.97224
      vertex 9.56001 153.1 7.14207
      vertex 9.56001 149.1 7.14207
    endloop
  endfacet
  facet normal 0.38268 0 -0.923881
    outer loop
      vertex 9.56001 153.1 7.14207
      vertex 9.15 149.1 6.97224
      vertex 9.15 153.1 6.97224
    endloop
  endfacet
  facet normal 0.793354 0 -0.608761
    outer loop
      vertex 8.79792 149.1 6.70208
      vertex 8.52776 153.1 6.35
      vertex 8.79792 153.1 6.70208
    endloop
  endfacet
  facet normal 0.793354 0 -0.608761
    outer loop
      vertex 8.52776 153.1 6.35
      vertex 8.79792 149.1 6.70208
      vertex 8.52776 149.1 6.35
    endloop
  endfacet
  facet normal -0.991452 0 0.130469
    outer loop
      vertex 52.533 149.1 5.06001
      vertex 52.5909 153.1 5.5
      vertex 52.533 153.1 5.06001
    endloop
  endfacet
  facet normal -0.991452 0 0.130469
    outer loop
      vertex 52.5909 153.1 5.5
      vertex 52.533 149.1 5.06001
      vertex 52.5909 149.1 5.5
    endloop
  endfacet
  facet normal 0.991452 -0 0.130469
    outer loop
      vertex 49.1909 149.1 5.5
      vertex 49.2488 153.1 5.06001
      vertex 49.1909 153.1 5.5
    endloop
  endfacet
  facet normal 0.991452 0 0.130469
    outer loop
      vertex 49.2488 153.1 5.06001
      vertex 49.1909 149.1 5.5
      vertex 49.2488 149.1 5.06001
    endloop
  endfacet
  facet normal -0.130533 0 0.991444
    outer loop
      vertex 50.8909 153.1 3.8
      vertex 51.3309 149.1 3.85793
      vertex 51.3309 153.1 3.85793
    endloop
  endfacet
  facet normal -0.130533 0 0.991444
    outer loop
      vertex 51.3309 149.1 3.85793
      vertex 50.8909 153.1 3.8
      vertex 50.8909 149.1 3.8
    endloop
  endfacet
  facet normal -0.130533 0 -0.991444
    outer loop
      vertex 50.8909 149.1 7.2
      vertex 51.3309 153.1 7.14207
      vertex 51.3309 149.1 7.14207
    endloop
  endfacet
  facet normal -0.130533 0 -0.991444
    outer loop
      vertex 51.3309 153.1 7.14207
      vertex 50.8909 149.1 7.2
      vertex 50.8909 153.1 7.2
    endloop
  endfacet
  facet normal -0.608739 0 0.793371
    outer loop
      vertex 51.7409 153.1 4.02776
      vertex 52.093 149.1 4.29792
      vertex 52.093 153.1 4.29792
    endloop
  endfacet
  facet normal -0.608739 0 0.793371
    outer loop
      vertex 52.093 149.1 4.29792
      vertex 51.7409 153.1 4.02776
      vertex 51.7409 149.1 4.02776
    endloop
  endfacet
  facet normal -0.382688 0 0.923878
    outer loop
      vertex 51.3309 153.1 3.85793
      vertex 51.7409 149.1 4.02776
      vertex 51.7409 153.1 4.02776
    endloop
  endfacet
  facet normal -0.382688 0 0.923878
    outer loop
      vertex 51.7409 149.1 4.02776
      vertex 51.3309 153.1 3.85793
      vertex 51.3309 149.1 3.85793
    endloop
  endfacet
  facet normal 0.608739 0 0.793371
    outer loop
      vertex 49.6888 153.1 4.29792
      vertex 50.0409 149.1 4.02776
      vertex 50.0409 153.1 4.02776
    endloop
  endfacet
  facet normal 0.608739 0 0.793371
    outer loop
      vertex 50.0409 149.1 4.02776
      vertex 49.6888 153.1 4.29792
      vertex 49.6888 149.1 4.29792
    endloop
  endfacet
  facet normal 0.130533 0 0.991444
    outer loop
      vertex 50.4509 153.1 3.85793
      vertex 50.8909 149.1 3.8
      vertex 50.8909 153.1 3.8
    endloop
  endfacet
  facet normal 0.130533 0 0.991444
    outer loop
      vertex 50.8909 149.1 3.8
      vertex 50.4509 153.1 3.85793
      vertex 50.4509 149.1 3.85793
    endloop
  endfacet
  facet normal -0.79331 0 0.608817
    outer loop
      vertex 52.093 149.1 4.29792
      vertex 52.3632 153.1 4.65
      vertex 52.093 153.1 4.29792
    endloop
  endfacet
  facet normal -0.79331 0 0.608817
    outer loop
      vertex 52.3632 153.1 4.65
      vertex 52.093 149.1 4.29792
      vertex 52.3632 149.1 4.65
    endloop
  endfacet
  facet normal -0.923905 0 0.382622
    outer loop
      vertex 52.3632 149.1 4.65
      vertex 52.533 153.1 5.06001
      vertex 52.3632 153.1 4.65
    endloop
  endfacet
  facet normal -0.923905 0 0.382622
    outer loop
      vertex 52.533 153.1 5.06001
      vertex 52.3632 149.1 4.65
      vertex 52.533 149.1 5.06001
    endloop
  endfacet
  facet normal 0.793419 -0 0.608676
    outer loop
      vertex 49.4187 149.1 4.65
      vertex 49.6888 153.1 4.29792
      vertex 49.4187 153.1 4.65
    endloop
  endfacet
  facet normal 0.793419 0 0.608676
    outer loop
      vertex 49.6888 153.1 4.29792
      vertex 49.4187 149.1 4.65
      vertex 49.6888 149.1 4.29792
    endloop
  endfacet
  facet normal 0.923825 -0 0.382815
    outer loop
      vertex 49.2488 149.1 5.06001
      vertex 49.4187 153.1 4.65
      vertex 49.2488 153.1 5.06001
    endloop
  endfacet
  facet normal 0.923825 0 0.382815
    outer loop
      vertex 49.4187 153.1 4.65
      vertex 49.2488 149.1 5.06001
      vertex 49.4187 149.1 4.65
    endloop
  endfacet
  facet normal 0.382688 0 0.923878
    outer loop
      vertex 50.0409 153.1 4.02776
      vertex 50.4509 149.1 3.85793
      vertex 50.4509 153.1 3.85793
    endloop
  endfacet
  facet normal 0.382688 0 0.923878
    outer loop
      vertex 50.4509 149.1 3.85793
      vertex 50.0409 153.1 4.02776
      vertex 50.0409 149.1 4.02776
    endloop
  endfacet
  facet normal -0.991452 0 -0.130469
    outer loop
      vertex 52.5909 149.1 5.5
      vertex 52.533 153.1 5.93999
      vertex 52.5909 153.1 5.5
    endloop
  endfacet
  facet normal -0.991452 -0 -0.130469
    outer loop
      vertex 52.533 153.1 5.93999
      vertex 52.5909 149.1 5.5
      vertex 52.533 149.1 5.93999
    endloop
  endfacet
  facet normal -0.79331 0 -0.608817
    outer loop
      vertex 52.3632 149.1 6.35
      vertex 52.093 153.1 6.70208
      vertex 52.3632 153.1 6.35
    endloop
  endfacet
  facet normal -0.79331 -0 -0.608817
    outer loop
      vertex 52.093 153.1 6.70208
      vertex 52.3632 149.1 6.35
      vertex 52.093 149.1 6.70208
    endloop
  endfacet
  facet normal -0.923905 0 -0.382622
    outer loop
      vertex 52.533 149.1 5.93999
      vertex 52.3632 153.1 6.35
      vertex 52.533 153.1 5.93999
    endloop
  endfacet
  facet normal -0.923905 -0 -0.382622
    outer loop
      vertex 52.3632 153.1 6.35
      vertex 52.533 149.1 5.93999
      vertex 52.3632 149.1 6.35
    endloop
  endfacet
  facet normal 0.130533 0 -0.991444
    outer loop
      vertex 50.4509 149.1 7.14207
      vertex 50.8909 153.1 7.2
      vertex 50.8909 149.1 7.2
    endloop
  endfacet
  facet normal 0.130533 0 -0.991444
    outer loop
      vertex 50.8909 153.1 7.2
      vertex 50.4509 149.1 7.14207
      vertex 50.4509 153.1 7.14207
    endloop
  endfacet
  facet normal 0.608739 0 -0.793371
    outer loop
      vertex 49.6888 149.1 6.70208
      vertex 50.0409 153.1 6.97224
      vertex 50.0409 149.1 6.97224
    endloop
  endfacet
  facet normal 0.608739 0 -0.793371
    outer loop
      vertex 50.0409 153.1 6.97224
      vertex 49.6888 149.1 6.70208
      vertex 49.6888 153.1 6.70208
    endloop
  endfacet
  facet normal 0.793419 0 -0.608676
    outer loop
      vertex 49.6888 149.1 6.70208
      vertex 49.4187 153.1 6.35
      vertex 49.6888 153.1 6.70208
    endloop
  endfacet
  facet normal 0.793419 0 -0.608676
    outer loop
      vertex 49.4187 153.1 6.35
      vertex 49.6888 149.1 6.70208
      vertex 49.4187 149.1 6.35
    endloop
  endfacet
  facet normal 0.923825 0 -0.382815
    outer loop
      vertex 49.4187 149.1 6.35
      vertex 49.2488 153.1 5.93999
      vertex 49.4187 153.1 6.35
    endloop
  endfacet
  facet normal 0.923825 0 -0.382815
    outer loop
      vertex 49.2488 153.1 5.93999
      vertex 49.4187 149.1 6.35
      vertex 49.2488 149.1 5.93999
    endloop
  endfacet
  facet normal 0.991452 0 -0.130469
    outer loop
      vertex 49.2488 149.1 5.93999
      vertex 49.1909 153.1 5.5
      vertex 49.2488 153.1 5.93999
    endloop
  endfacet
  facet normal 0.991452 0 -0.130469
    outer loop
      vertex 49.1909 153.1 5.5
      vertex 49.2488 149.1 5.93999
      vertex 49.1909 149.1 5.5
    endloop
  endfacet
  facet normal -0.608739 0 -0.793371
    outer loop
      vertex 51.7409 149.1 6.97224
      vertex 52.093 153.1 6.70208
      vertex 52.093 149.1 6.70208
    endloop
  endfacet
  facet normal -0.608739 0 -0.793371
    outer loop
      vertex 52.093 153.1 6.70208
      vertex 51.7409 149.1 6.97224
      vertex 51.7409 153.1 6.97224
    endloop
  endfacet
  facet normal -0.382688 0 -0.923878
    outer loop
      vertex 51.3309 149.1 7.14207
      vertex 51.7409 153.1 6.97224
      vertex 51.7409 149.1 6.97224
    endloop
  endfacet
  facet normal -0.382688 0 -0.923878
    outer loop
      vertex 51.7409 153.1 6.97224
      vertex 51.3309 149.1 7.14207
      vertex 51.3309 153.1 7.14207
    endloop
  endfacet
  facet normal 0.382688 0 -0.923878
    outer loop
      vertex 50.0409 149.1 6.97224
      vertex 50.4509 153.1 7.14207
      vertex 50.4509 149.1 7.14207
    endloop
  endfacet
  facet normal 0.382688 0 -0.923878
    outer loop
      vertex 50.4509 153.1 7.14207
      vertex 50.0409 149.1 6.97224
      vertex 50.0409 153.1 6.97224
    endloop
  endfacet
  facet normal -0.991452 0 0.130469
    outer loop
      vertex 93.4239 149.1 5.06001
      vertex 93.4818 153.1 5.5
      vertex 93.4239 153.1 5.06001
    endloop
  endfacet
  facet normal -0.991452 0 0.130469
    outer loop
      vertex 93.4818 153.1 5.5
      vertex 93.4239 149.1 5.06001
      vertex 93.4818 149.1 5.5
    endloop
  endfacet
  facet normal 0.991452 -0 0.130469
    outer loop
      vertex 90.0818 149.1 5.5
      vertex 90.1397 153.1 5.06001
      vertex 90.0818 153.1 5.5
    endloop
  endfacet
  facet normal 0.991452 0 0.130469
    outer loop
      vertex 90.1397 153.1 5.06001
      vertex 90.0818 149.1 5.5
      vertex 90.1397 149.1 5.06001
    endloop
  endfacet
  facet normal -0.130533 0 0.991444
    outer loop
      vertex 91.7818 153.1 3.8
      vertex 92.2218 149.1 3.85793
      vertex 92.2218 153.1 3.85793
    endloop
  endfacet
  facet normal -0.130533 0 0.991444
    outer loop
      vertex 92.2218 149.1 3.85793
      vertex 91.7818 153.1 3.8
      vertex 91.7818 149.1 3.8
    endloop
  endfacet
  facet normal -0.130533 0 -0.991444
    outer loop
      vertex 91.7818 149.1 7.2
      vertex 92.2218 153.1 7.14207
      vertex 92.2218 149.1 7.14207
    endloop
  endfacet
  facet normal -0.130533 0 -0.991444
    outer loop
      vertex 92.2218 153.1 7.14207
      vertex 91.7818 149.1 7.2
      vertex 91.7818 153.1 7.2
    endloop
  endfacet
  facet normal -0.608739 0 0.793371
    outer loop
      vertex 92.6318 153.1 4.02776
      vertex 92.9839 149.1 4.29792
      vertex 92.9839 153.1 4.29792
    endloop
  endfacet
  facet normal -0.608739 0 0.793371
    outer loop
      vertex 92.9839 149.1 4.29792
      vertex 92.6318 153.1 4.02776
      vertex 92.6318 149.1 4.02776
    endloop
  endfacet
  facet normal -0.382688 0 0.923878
    outer loop
      vertex 92.2218 153.1 3.85793
      vertex 92.6318 149.1 4.02776
      vertex 92.6318 153.1 4.02776
    endloop
  endfacet
  facet normal -0.382688 0 0.923878
    outer loop
      vertex 92.6318 149.1 4.02776
      vertex 92.2218 153.1 3.85793
      vertex 92.2218 149.1 3.85793
    endloop
  endfacet
  facet normal 0.608739 0 0.793371
    outer loop
      vertex 90.5797 153.1 4.29792
      vertex 90.9318 149.1 4.02776
      vertex 90.9318 153.1 4.02776
    endloop
  endfacet
  facet normal 0.608739 0 0.793371
    outer loop
      vertex 90.9318 149.1 4.02776
      vertex 90.5797 153.1 4.29792
      vertex 90.5797 149.1 4.29792
    endloop
  endfacet
  facet normal 0.793419 -0 0.608676
    outer loop
      vertex 90.3096 149.1 4.65
      vertex 90.5797 153.1 4.29792
      vertex 90.3096 153.1 4.65
    endloop
  endfacet
  facet normal 0.793419 0 0.608676
    outer loop
      vertex 90.5797 153.1 4.29792
      vertex 90.3096 149.1 4.65
      vertex 90.5797 149.1 4.29792
    endloop
  endfacet
  facet normal 0.130533 0 0.991444
    outer loop
      vertex 91.3418 153.1 3.85793
      vertex 91.7818 149.1 3.8
      vertex 91.7818 153.1 3.8
    endloop
  endfacet
  facet normal 0.130533 0 0.991444
    outer loop
      vertex 91.7818 149.1 3.8
      vertex 91.3418 153.1 3.85793
      vertex 91.3418 149.1 3.85793
    endloop
  endfacet
  facet normal -0.79331 0 0.608817
    outer loop
      vertex 92.9839 149.1 4.29792
      vertex 93.2541 153.1 4.65
      vertex 92.9839 153.1 4.29792
    endloop
  endfacet
  facet normal -0.79331 0 0.608817
    outer loop
      vertex 93.2541 153.1 4.65
      vertex 92.9839 149.1 4.29792
      vertex 93.2541 149.1 4.65
    endloop
  endfacet
  facet normal -0.923905 0 0.382622
    outer loop
      vertex 93.2541 149.1 4.65
      vertex 93.4239 153.1 5.06001
      vertex 93.2541 153.1 4.65
    endloop
  endfacet
  facet normal -0.923905 0 0.382622
    outer loop
      vertex 93.4239 153.1 5.06001
      vertex 93.2541 149.1 4.65
      vertex 93.4239 149.1 5.06001
    endloop
  endfacet
  facet normal 0.923825 -0 0.382815
    outer loop
      vertex 90.1397 149.1 5.06001
      vertex 90.3096 153.1 4.65
      vertex 90.1397 153.1 5.06001
    endloop
  endfacet
  facet normal 0.923825 0 0.382815
    outer loop
      vertex 90.3096 153.1 4.65
      vertex 90.1397 149.1 5.06001
      vertex 90.3096 149.1 4.65
    endloop
  endfacet
  facet normal 0.382688 0 0.923878
    outer loop
      vertex 90.9318 153.1 4.02776
      vertex 91.3418 149.1 3.85793
      vertex 91.3418 153.1 3.85793
    endloop
  endfacet
  facet normal 0.382688 0 0.923878
    outer loop
      vertex 91.3418 149.1 3.85793
      vertex 90.9318 153.1 4.02776
      vertex 90.9318 149.1 4.02776
    endloop
  endfacet
  facet normal -0.79331 0 -0.608817
    outer loop
      vertex 93.2541 149.1 6.35
      vertex 92.9839 153.1 6.70208
      vertex 93.2541 153.1 6.35
    endloop
  endfacet
  facet normal -0.79331 -0 -0.608817
    outer loop
      vertex 92.9839 153.1 6.70208
      vertex 93.2541 149.1 6.35
      vertex 92.9839 149.1 6.70208
    endloop
  endfacet
  facet normal -0.923905 0 -0.382622
    outer loop
      vertex 93.4239 149.1 5.93999
      vertex 93.2541 153.1 6.35
      vertex 93.4239 153.1 5.93999
    endloop
  endfacet
  facet normal -0.923905 -0 -0.382622
    outer loop
      vertex 93.2541 153.1 6.35
      vertex 93.4239 149.1 5.93999
      vertex 93.2541 149.1 6.35
    endloop
  endfacet
  facet normal 0.608739 0 -0.793371
    outer loop
      vertex 90.5797 149.1 6.70208
      vertex 90.9318 153.1 6.97224
      vertex 90.9318 149.1 6.97224
    endloop
  endfacet
  facet normal 0.608739 0 -0.793371
    outer loop
      vertex 90.9318 153.1 6.97224
      vertex 90.5797 149.1 6.70208
      vertex 90.5797 153.1 6.70208
    endloop
  endfacet
  facet normal 0.793419 0 -0.608676
    outer loop
      vertex 90.5797 149.1 6.70208
      vertex 90.3096 153.1 6.35
      vertex 90.5797 153.1 6.70208
    endloop
  endfacet
  facet normal 0.793419 0 -0.608676
    outer loop
      vertex 90.3096 153.1 6.35
      vertex 90.5797 149.1 6.70208
      vertex 90.3096 149.1 6.35
    endloop
  endfacet
  facet normal -0.991452 0 -0.130469
    outer loop
      vertex 93.4818 149.1 5.5
      vertex 93.4239 153.1 5.93999
      vertex 93.4818 153.1 5.5
    endloop
  endfacet
  facet normal -0.991452 -0 -0.130469
    outer loop
      vertex 93.4239 153.1 5.93999
      vertex 93.4818 149.1 5.5
      vertex 93.4239 149.1 5.93999
    endloop
  endfacet
  facet normal 0.130533 0 -0.991444
    outer loop
      vertex 91.3418 149.1 7.14207
      vertex 91.7818 153.1 7.2
      vertex 91.7818 149.1 7.2
    endloop
  endfacet
  facet normal 0.130533 0 -0.991444
    outer loop
      vertex 91.7818 153.1 7.2
      vertex 91.3418 149.1 7.14207
      vertex 91.3418 153.1 7.14207
    endloop
  endfacet
  facet normal 0.923825 0 -0.382815
    outer loop
      vertex 90.3096 149.1 6.35
      vertex 90.1397 153.1 5.93999
      vertex 90.3096 153.1 6.35
    endloop
  endfacet
  facet normal 0.923825 0 -0.382815
    outer loop
      vertex 90.1397 153.1 5.93999
      vertex 90.3096 149.1 6.35
      vertex 90.1397 149.1 5.93999
    endloop
  endfacet
  facet normal 0.991452 0 -0.130469
    outer loop
      vertex 90.1397 149.1 5.93999
      vertex 90.0818 153.1 5.5
      vertex 90.1397 153.1 5.93999
    endloop
  endfacet
  facet normal 0.991452 0 -0.130469
    outer loop
      vertex 90.0818 153.1 5.5
      vertex 90.1397 149.1 5.93999
      vertex 90.0818 149.1 5.5
    endloop
  endfacet
  facet normal -0.608739 0 -0.793371
    outer loop
      vertex 92.6318 149.1 6.97224
      vertex 92.9839 153.1 6.70208
      vertex 92.9839 149.1 6.70208
    endloop
  endfacet
  facet normal -0.608739 0 -0.793371
    outer loop
      vertex 92.9839 153.1 6.70208
      vertex 92.6318 149.1 6.97224
      vertex 92.6318 153.1 6.97224
    endloop
  endfacet
  facet normal -0.382688 0 -0.923878
    outer loop
      vertex 92.2218 149.1 7.14207
      vertex 92.6318 153.1 6.97224
      vertex 92.6318 149.1 6.97224
    endloop
  endfacet
  facet normal -0.382688 0 -0.923878
    outer loop
      vertex 92.6318 153.1 6.97224
      vertex 92.2218 149.1 7.14207
      vertex 92.2218 153.1 7.14207
    endloop
  endfacet
  facet normal 0.382688 0 -0.923878
    outer loop
      vertex 90.9318 149.1 6.97224
      vertex 91.3418 153.1 7.14207
      vertex 91.3418 149.1 7.14207
    endloop
  endfacet
  facet normal 0.382688 0 -0.923878
    outer loop
      vertex 91.3418 153.1 7.14207
      vertex 90.9318 149.1 6.97224
      vertex 90.9318 153.1 6.97224
    endloop
  endfacet
  facet normal -0.991423 0 0.130691
    outer loop
      vertex 134.315 149.1 5.06001
      vertex 134.373 153.1 5.5
      vertex 134.315 153.1 5.06001
    endloop
  endfacet
  facet normal -0.991423 0 0.130691
    outer loop
      vertex 134.373 153.1 5.5
      vertex 134.315 149.1 5.06001
      vertex 134.373 149.1 5.5
    endloop
  endfacet
  facet normal 0.991423 -0 0.130691
    outer loop
      vertex 130.973 149.1 5.5
      vertex 131.031 153.1 5.06001
      vertex 130.973 153.1 5.5
    endloop
  endfacet
  facet normal 0.991423 0 0.130691
    outer loop
      vertex 131.031 153.1 5.06001
      vertex 130.973 149.1 5.5
      vertex 131.031 149.1 5.06001
    endloop
  endfacet
  facet normal -0.130533 0 0.991444
    outer loop
      vertex 132.673 153.1 3.8
      vertex 133.113 149.1 3.85793
      vertex 133.113 153.1 3.85793
    endloop
  endfacet
  facet normal -0.130533 0 0.991444
    outer loop
      vertex 133.113 149.1 3.85793
      vertex 132.673 153.1 3.8
      vertex 132.673 149.1 3.8
    endloop
  endfacet
  facet normal -0.130533 0 -0.991444
    outer loop
      vertex 132.673 149.1 7.2
      vertex 133.113 153.1 7.14207
      vertex 133.113 149.1 7.14207
    endloop
  endfacet
  facet normal -0.130533 0 -0.991444
    outer loop
      vertex 133.113 153.1 7.14207
      vertex 132.673 149.1 7.2
      vertex 132.673 153.1 7.2
    endloop
  endfacet
  facet normal -0.608848 0 0.793287
    outer loop
      vertex 133.523 153.1 4.02776
      vertex 133.875 149.1 4.29792
      vertex 133.875 153.1 4.29792
    endloop
  endfacet
  facet normal -0.608848 0 0.793287
    outer loop
      vertex 133.875 149.1 4.29792
      vertex 133.523 153.1 4.02776
      vertex 133.523 149.1 4.02776
    endloop
  endfacet
  facet normal -0.923745 0 0.383007
    outer loop
      vertex 134.145 149.1 4.65
      vertex 134.315 153.1 5.06001
      vertex 134.145 153.1 4.65
    endloop
  endfacet
  facet normal -0.923745 0 0.383007
    outer loop
      vertex 134.315 153.1 5.06001
      vertex 134.145 149.1 4.65
      vertex 134.315 149.1 5.06001
    endloop
  endfacet
  facet normal -0.382688 0 0.923878
    outer loop
      vertex 133.113 153.1 3.85793
      vertex 133.523 149.1 4.02776
      vertex 133.523 153.1 4.02776
    endloop
  endfacet
  facet normal -0.382688 0 0.923878
    outer loop
      vertex 133.523 149.1 4.02776
      vertex 133.113 153.1 3.85793
      vertex 133.113 149.1 3.85793
    endloop
  endfacet
  facet normal 0.608848 0 0.793287
    outer loop
      vertex 131.471 153.1 4.29792
      vertex 131.823 149.1 4.02776
      vertex 131.823 153.1 4.02776
    endloop
  endfacet
  facet normal 0.608848 0 0.793287
    outer loop
      vertex 131.823 149.1 4.02776
      vertex 131.471 153.1 4.29792
      vertex 131.471 149.1 4.29792
    endloop
  endfacet
  facet normal 0.79244 -0 0.60995
    outer loop
      vertex 131.2 149.1 4.65
      vertex 131.471 153.1 4.29792
      vertex 131.2 153.1 4.65
    endloop
  endfacet
  facet normal 0.79244 0 0.60995
    outer loop
      vertex 131.471 153.1 4.29792
      vertex 131.2 149.1 4.65
      vertex 131.471 149.1 4.29792
    endloop
  endfacet
  facet normal 0.130533 0 0.991444
    outer loop
      vertex 132.233 153.1 3.85793
      vertex 132.673 149.1 3.8
      vertex 132.673 153.1 3.8
    endloop
  endfacet
  facet normal 0.130533 0 0.991444
    outer loop
      vertex 132.673 149.1 3.8
      vertex 132.233 153.1 3.85793
      vertex 132.233 149.1 3.85793
    endloop
  endfacet
  facet normal -0.793528 0 0.608534
    outer loop
      vertex 133.875 149.1 4.29792
      vertex 134.145 153.1 4.65
      vertex 133.875 153.1 4.29792
    endloop
  endfacet
  facet normal -0.793528 0 0.608534
    outer loop
      vertex 134.145 153.1 4.65
      vertex 133.875 149.1 4.29792
      vertex 134.145 149.1 4.65
    endloop
  endfacet
  facet normal 0.924541 -0 0.381082
    outer loop
      vertex 131.031 149.1 5.06001
      vertex 131.2 153.1 4.65
      vertex 131.031 153.1 5.06001
    endloop
  endfacet
  facet normal 0.924541 0 0.381082
    outer loop
      vertex 131.2 153.1 4.65
      vertex 131.031 149.1 5.06001
      vertex 131.2 149.1 4.65
    endloop
  endfacet
  facet normal 0.382688 0 0.923878
    outer loop
      vertex 131.823 153.1 4.02776
      vertex 132.233 149.1 3.85793
      vertex 132.233 153.1 3.85793
    endloop
  endfacet
  facet normal 0.382688 0 0.923878
    outer loop
      vertex 132.233 149.1 3.85793
      vertex 131.823 153.1 4.02776
      vertex 131.823 149.1 4.02776
    endloop
  endfacet
  facet normal -0.793528 0 -0.608534
    outer loop
      vertex 134.145 149.1 6.35
      vertex 133.875 153.1 6.70208
      vertex 134.145 153.1 6.35
    endloop
  endfacet
  facet normal -0.793528 -0 -0.608534
    outer loop
      vertex 133.875 153.1 6.70208
      vertex 134.145 149.1 6.35
      vertex 133.875 149.1 6.70208
    endloop
  endfacet
  facet normal -0.923745 0 -0.383007
    outer loop
      vertex 134.315 149.1 5.93999
      vertex 134.145 153.1 6.35
      vertex 134.315 153.1 5.93999
    endloop
  endfacet
  facet normal -0.923745 -0 -0.383007
    outer loop
      vertex 134.145 153.1 6.35
      vertex 134.315 149.1 5.93999
      vertex 134.145 149.1 6.35
    endloop
  endfacet
  facet normal 0.608848 0 -0.793287
    outer loop
      vertex 131.471 149.1 6.70208
      vertex 131.823 153.1 6.97224
      vertex 131.823 149.1 6.97224
    endloop
  endfacet
  facet normal 0.608848 0 -0.793287
    outer loop
      vertex 131.823 153.1 6.97224
      vertex 131.471 149.1 6.70208
      vertex 131.471 153.1 6.70208
    endloop
  endfacet
  facet normal 0.79244 0 -0.60995
    outer loop
      vertex 131.471 149.1 6.70208
      vertex 131.2 153.1 6.35
      vertex 131.471 153.1 6.70208
    endloop
  endfacet
  facet normal 0.79244 0 -0.60995
    outer loop
      vertex 131.2 153.1 6.35
      vertex 131.471 149.1 6.70208
      vertex 131.2 149.1 6.35
    endloop
  endfacet
  facet normal -0.991423 0 -0.130691
    outer loop
      vertex 134.373 149.1 5.5
      vertex 134.315 153.1 5.93999
      vertex 134.373 153.1 5.5
    endloop
  endfacet
  facet normal -0.991423 -0 -0.130691
    outer loop
      vertex 134.315 153.1 5.93999
      vertex 134.373 149.1 5.5
      vertex 134.315 149.1 5.93999
    endloop
  endfacet
  facet normal 0.130533 0 -0.991444
    outer loop
      vertex 132.233 149.1 7.14207
      vertex 132.673 153.1 7.2
      vertex 132.673 149.1 7.2
    endloop
  endfacet
  facet normal 0.130533 0 -0.991444
    outer loop
      vertex 132.673 153.1 7.2
      vertex 132.233 149.1 7.14207
      vertex 132.233 153.1 7.14207
    endloop
  endfacet
  facet normal 0.924541 0 -0.381082
    outer loop
      vertex 131.2 149.1 6.35
      vertex 131.031 153.1 5.93999
      vertex 131.2 153.1 6.35
    endloop
  endfacet
  facet normal 0.924541 0 -0.381082
    outer loop
      vertex 131.031 153.1 5.93999
      vertex 131.2 149.1 6.35
      vertex 131.031 149.1 5.93999
    endloop
  endfacet
  facet normal 0.991423 0 -0.130691
    outer loop
      vertex 131.031 149.1 5.93999
      vertex 130.973 153.1 5.5
      vertex 131.031 153.1 5.93999
    endloop
  endfacet
  facet normal 0.991423 0 -0.130691
    outer loop
      vertex 130.973 153.1 5.5
      vertex 131.031 149.1 5.93999
      vertex 130.973 149.1 5.5
    endloop
  endfacet
  facet normal -0.608848 0 -0.793287
    outer loop
      vertex 133.523 149.1 6.97224
      vertex 133.875 153.1 6.70208
      vertex 133.875 149.1 6.70208
    endloop
  endfacet
  facet normal -0.608848 0 -0.793287
    outer loop
      vertex 133.875 153.1 6.70208
      vertex 133.523 149.1 6.97224
      vertex 133.523 153.1 6.97224
    endloop
  endfacet
  facet normal -0.382688 0 -0.923878
    outer loop
      vertex 133.113 149.1 7.14207
      vertex 133.523 153.1 6.97224
      vertex 133.523 149.1 6.97224
    endloop
  endfacet
  facet normal -0.382688 0 -0.923878
    outer loop
      vertex 133.523 153.1 6.97224
      vertex 133.113 149.1 7.14207
      vertex 133.113 153.1 7.14207
    endloop
  endfacet
  facet normal 0.382688 0 -0.923878
    outer loop
      vertex 131.823 149.1 6.97224
      vertex 132.233 153.1 7.14207
      vertex 132.233 149.1 7.14207
    endloop
  endfacet
  facet normal 0.382688 0 -0.923878
    outer loop
      vertex 132.233 153.1 7.14207
      vertex 131.823 149.1 6.97224
      vertex 131.823 153.1 6.97224
    endloop
  endfacet
endsolid OpenSCAD_Model
