solid OpenSCAD_Model
  facet normal -0 0 1
    outer loop
      vertex 156.13 -0.999999 15
      vertex 310.533 -4 15
      vertex 310.533 -0.999999 15
    endloop
  endfacet
  facet normal 0 0 1
    outer loop
      vertex 310.533 -4 15
      vertex 156.13 -0.999999 15
      vertex 156.13 -4 15
    endloop
  endfacet
  facet normal 0 0 1
    outer loop
      vertex 310.533 -0.999999 15
      vertex 314.533 4 15
      vertex 310.533 4 15
    endloop
  endfacet
  facet normal 0 0 1
    outer loop
      vertex 314.533 4 15
      vertex 310.533 -0.999999 15
      vertex 314.533 -4 15
    endloop
  endfacet
  facet normal 0 0 1
    outer loop
      vertex 310.533 -4 15
      vertex 314.533 -4 15
      vertex 310.533 -0.999999 15
    endloop
  endfacet
  facet normal 0 0 -1
    outer loop
      vertex 291.565 10.3846 0
      vertex 314.533 -4 0
      vertex 291.573 10.16 0
    endloop
  endfacet
  facet normal 0 0 -1
    outer loop
      vertex 314.533 -4 0
      vertex 291.565 9.93538 0
      vertex 291.573 10.16 0
    endloop
  endfacet
  facet normal 0 0 -1
    outer loop
      vertex 314.533 -4 0
      vertex 291.565 9.93102 0
      vertex 291.565 9.93538 0
    endloop
  endfacet
  facet normal 0 0 -1
    outer loop
      vertex 314.533 -4 0
      vertex 291.541 9.7075 0
      vertex 291.565 9.93102 0
    endloop
  endfacet
  facet normal 0 0 -1
    outer loop
      vertex 314.533 -4 0
      vertex 291.541 9.70317 0
      vertex 291.541 9.7075 0
    endloop
  endfacet
  facet normal 0 0 -1
    outer loop
      vertex 314.533 -4 0
      vertex 291.54 9.69887 0
      vertex 291.541 9.70317 0
    endloop
  endfacet
  facet normal 0 0 -1
    outer loop
      vertex 314.533 -4 0
      vertex 291.501 9.47753 0
      vertex 291.54 9.69887 0
    endloop
  endfacet
  facet normal 0 0 -1
    outer loop
      vertex 314.533 -4 0
      vertex 291.446 9.25945 0
      vertex 291.501 9.47753 0
    endloop
  endfacet
  facet normal 0 0 -1
    outer loop
      vertex 314.533 -4 0
      vertex 291.445 9.25522 0
      vertex 291.446 9.25945 0
    endloop
  endfacet
  facet normal 0 0 -1
    outer loop
      vertex 314.533 -4 0
      vertex 291.376 9.04147 0
      vertex 291.445 9.25522 0
    endloop
  endfacet
  facet normal 0 0 -1
    outer loop
      vertex 314.533 -4 0
      vertex 291.375 9.03732 0
      vertex 291.376 9.04147 0
    endloop
  endfacet
  facet normal 0 0 -1
    outer loop
      vertex 314.533 -4 0
      vertex 291.29 8.82893 0
      vertex 291.375 9.03732 0
    endloop
  endfacet
  facet normal 0 0 -1
    outer loop
      vertex 314.533 -4 0
      vertex 291.289 8.82489 0
      vertex 291.29 8.82893 0
    endloop
  endfacet
  facet normal 0 0 -1
    outer loop
      vertex 314.533 -4 0
      vertex 291.287 8.82097 0
      vertex 291.289 8.82489 0
    endloop
  endfacet
  facet normal 0 0 -1
    outer loop
      vertex 314.533 -4 0
      vertex 291.188 8.61896 0
      vertex 291.287 8.82097 0
    endloop
  endfacet
  facet normal 0 0 -1
    outer loop
      vertex 314.533 -4 0
      vertex 291.186 8.61518 0
      vertex 291.188 8.61896 0
    endloop
  endfacet
  facet normal 0 0 -1
    outer loop
      vertex 314.533 -4 0
      vertex 291.074 8.42054 0
      vertex 291.186 8.61518 0
    endloop
  endfacet
  facet normal 0 0 -1
    outer loop
      vertex 314.533 -4 0
      vertex 290.948 8.23421 0
      vertex 291.074 8.42054 0
    endloop
  endfacet
  facet normal 0 0 -1
    outer loop
      vertex 314.533 -4 0
      vertex 290.946 8.23059 0
      vertex 290.948 8.23421 0
    endloop
  endfacet
  facet normal 0 0 -1
    outer loop
      vertex 314.533 -4 0
      vertex 290.943 8.22716 0
      vertex 290.946 8.23059 0
    endloop
  endfacet
  facet normal 0 0 -1
    outer loop
      vertex 314.533 -4 0
      vertex 290.805 8.05005 0
      vertex 290.943 8.22716 0
    endloop
  endfacet
  facet normal 0 0 -1
    outer loop
      vertex 314.533 -4 0
      vertex 290.802 8.04681 0
      vertex 290.805 8.05005 0
    endloop
  endfacet
  facet normal 0 0 -1
    outer loop
      vertex 314.533 -4 0
      vertex 290.651 7.87978 0
      vertex 290.802 8.04681 0
    endloop
  endfacet
  facet normal 0 0 -1
    outer loop
      vertex 314.533 -4 0
      vertex 290.49 7.72366 0
      vertex 290.651 7.87978 0
    endloop
  endfacet
  facet normal 0 0 -1
    outer loop
      vertex 314.533 -4 0
      vertex 290.486 7.72063 0
      vertex 290.49 7.72366 0
    endloop
  endfacet
  facet normal 0 0 -1
    outer loop
      vertex 314.533 -4 0
      vertex 290.483 7.71782 0
      vertex 290.486 7.72063 0
    endloop
  endfacet
  facet normal 0 0 -1
    outer loop
      vertex 314.533 -4 0
      vertex 290.311 7.57335 0
      vertex 290.483 7.71782 0
    endloop
  endfacet
  facet normal 0 0 -1
    outer loop
      vertex 314.533 -4 0
      vertex 290.307 7.57079 0
      vertex 290.311 7.57335 0
    endloop
  endfacet
  facet normal 0 0 -1
    outer loop
      vertex 314.533 -4 0
      vertex 290.126 7.43868 0
      vertex 290.307 7.57079 0
    endloop
  endfacet
  facet normal 0 0 -1
    outer loop
      vertex 314.533 -4 0
      vertex 290.122 7.43637 0
      vertex 290.126 7.43868 0
    endloop
  endfacet
  facet normal 0 0 -1
    outer loop
      vertex 314.533 -4 0
      vertex 289.931 7.31727 0
      vertex 290.122 7.43637 0
    endloop
  endfacet
  facet normal 0 0 -1
    outer loop
      vertex 314.533 -4 0
      vertex 289.733 7.21176 0
      vertex 289.931 7.31727 0
    endloop
  endfacet
  facet normal 0 0 -1
    outer loop
      vertex 314.533 -4 0
      vertex 289.729 7.20971 0
      vertex 289.733 7.21176 0
    endloop
  endfacet
  facet normal 0 0 -1
    outer loop
      vertex 314.533 -4 0
      vertex 289.725 7.20793 0
      vertex 289.729 7.20971 0
    endloop
  endfacet
  facet normal 0 0 -1
    outer loop
      vertex 314.533 -4 0
      vertex 289.52 7.11652 0
      vertex 289.725 7.20793 0
    endloop
  endfacet
  facet normal 0 0 -1
    outer loop
      vertex 314.533 -4 0
      vertex 289.308 7.03965 0
      vertex 289.52 7.11652 0
    endloop
  endfacet
  facet normal 0 0 -1
    outer loop
      vertex 314.533 -4 0
      vertex 289.304 7.03816 0
      vertex 289.308 7.03965 0
    endloop
  endfacet
  facet normal 0 0 -1
    outer loop
      vertex 314.533 -4 0
      vertex 289.3 7.03695 0
      vertex 289.304 7.03816 0
    endloop
  endfacet
  facet normal 0 0 -1
    outer loop
      vertex 314.533 -4 0
      vertex 289.084 6.975 0
      vertex 289.3 7.03695 0
    endloop
  endfacet
  facet normal 0 0 -1
    outer loop
      vertex 314.533 -4 0
      vertex 288.864 6.92828 0
      vertex 289.084 6.975 0
    endloop
  endfacet
  facet normal 0 0 -1
    outer loop
      vertex 314.533 -4 0
      vertex 288.86 6.92737 0
      vertex 288.864 6.92828 0
    endloop
  endfacet
  facet normal 0 0 -1
    outer loop
      vertex 314.533 -4 0
      vertex 288.856 6.92676 0
      vertex 288.86 6.92737 0
    endloop
  endfacet
  facet normal 0 0 -1
    outer loop
      vertex 314.533 -4 0
      vertex 288.633 6.89548 0
      vertex 288.856 6.92676 0
    endloop
  endfacet
  facet normal 0 0 -1
    outer loop
      vertex 314.533 -4 0
      vertex 288.409 6.8798 0
      vertex 288.633 6.89548 0
    endloop
  endfacet
  facet normal 0 0 -1
    outer loop
      vertex 314.533 -4 0
      vertex 288.405 6.8795 0
      vertex 288.409 6.8798 0
    endloop
  endfacet
  facet normal 0 0 -1
    outer loop
      vertex 314.533 -4 0
      vertex 288.175 6.8795 0
      vertex 288.405 6.8795 0
    endloop
  endfacet
  facet normal 0 0 -1
    outer loop
      vertex 314.533 -4 0
      vertex 288.171 6.8798 0
      vertex 288.175 6.8795 0
    endloop
  endfacet
  facet normal 0 0 -1
    outer loop
      vertex 314.533 -4 0
      vertex 287.947 6.89548 0
      vertex 288.171 6.8798 0
    endloop
  endfacet
  facet normal 0 0 -1
    outer loop
      vertex 314.533 -4 0
      vertex 287.724 6.92676 0
      vertex 287.947 6.89548 0
    endloop
  endfacet
  facet normal 0 0 -1
    outer loop
      vertex 314.533 -4 0
      vertex 287.72 6.92737 0
      vertex 287.724 6.92676 0
    endloop
  endfacet
  facet normal 0 0 -1
    outer loop
      vertex 314.533 -4 0
      vertex 287.716 6.92828 0
      vertex 287.72 6.92737 0
    endloop
  endfacet
  facet normal 0 0 -1
    outer loop
      vertex 314.533 -4 0
      vertex 287.496 6.975 0
      vertex 287.716 6.92828 0
    endloop
  endfacet
  facet normal 0 0 -1
    outer loop
      vertex 314.533 -4 0
      vertex 287.28 7.03695 0
      vertex 287.496 6.975 0
    endloop
  endfacet
  facet normal 0 0 -1
    outer loop
      vertex 314.533 -4 0
      vertex 287.276 7.03816 0
      vertex 287.28 7.03695 0
    endloop
  endfacet
  facet normal 0 0 -1
    outer loop
      vertex 151.267 -4 0
      vertex 287.276 7.03816 0
      vertex 314.533 -4 0
    endloop
  endfacet
  facet normal -0 0 -1
    outer loop
      vertex 287.276 7.03816 0
      vertex 151.267 -4 0
      vertex 287.272 7.03965 0
    endloop
  endfacet
  facet normal 0 0 -1
    outer loop
      vertex 287.06 7.11652 0
      vertex 286.851 7.20971 0
      vertex 286.855 7.20793 0
    endloop
  endfacet
  facet normal 0 0 1
    outer loop
      vertex 286.851 7.20971 0
      vertex 286.649 7.31727 0
      vertex 286.847 7.21176 0
    endloop
  endfacet
  facet normal 0 0 -1
    outer loop
      vertex 286.649 7.31727 0
      vertex 286.454 7.43868 0
      vertex 286.458 7.43637 0
    endloop
  endfacet
  facet normal 0 0 1
    outer loop
      vertex 286.269 7.57335 0
      vertex 286.094 7.72063 0
      vertex 286.097 7.71782 0
    endloop
  endfacet
  facet normal 0 0 1
    outer loop
      vertex 286.094 7.72063 0
      vertex 285.929 7.87978 0
      vertex 286.09 7.72366 0
    endloop
  endfacet
  facet normal 0 0 -1
    outer loop
      vertex 285.929 7.87978 0
      vertex 285.775 8.05005 0
      vertex 285.778 8.04681 0
    endloop
  endfacet
  facet normal 0 0 1
    outer loop
      vertex 285.506 8.42054 0
      vertex 285.392 8.61896 0
      vertex 285.394 8.61518 0
    endloop
  endfacet
  facet normal 0 0 -1
    outer loop
      vertex 285.392 8.61896 0
      vertex 285.291 8.82489 0
      vertex 285.293 8.82097 0
    endloop
  endfacet
  facet normal 0 0 -1
    outer loop
      vertex 285.205 9.03732 0
      vertex 285.135 9.25522 0
      vertex 285.204 9.04147 0
    endloop
  endfacet
  facet normal -0 0 -1
    outer loop
      vertex 285.015 9.93538 0
      vertex 151.267 -4 0
      vertex 285.008 10.16 0
    endloop
  endfacet
  facet normal -0 0 -1
    outer loop
      vertex 285.016 9.93102 0
      vertex 151.267 -4 0
      vertex 285.015 9.93538 0
    endloop
  endfacet
  facet normal -0 0 -1
    outer loop
      vertex 285.039 9.7075 0
      vertex 151.267 -4 0
      vertex 285.016 9.93102 0
    endloop
  endfacet
  facet normal -0 0 -1
    outer loop
      vertex 285.039 9.70317 0
      vertex 151.267 -4 0
      vertex 285.039 9.7075 0
    endloop
  endfacet
  facet normal -0 0 -1
    outer loop
      vertex 285.04 9.69887 0
      vertex 151.267 -4 0
      vertex 285.039 9.70317 0
    endloop
  endfacet
  facet normal -0 0 -1
    outer loop
      vertex 285.079 9.47753 0
      vertex 151.267 -4 0
      vertex 285.04 9.69887 0
    endloop
  endfacet
  facet normal -0 0 -1
    outer loop
      vertex 285.134 9.25945 0
      vertex 151.267 -4 0
      vertex 285.079 9.47753 0
    endloop
  endfacet
  facet normal -0 0 -1
    outer loop
      vertex 285.135 9.25522 0
      vertex 151.267 -4 0
      vertex 285.134 9.25945 0
    endloop
  endfacet
  facet normal -0 0 -1
    outer loop
      vertex 285.205 9.03732 0
      vertex 151.267 -4 0
      vertex 285.135 9.25522 0
    endloop
  endfacet
  facet normal -0 0 -1
    outer loop
      vertex 285.29 8.82893 0
      vertex 151.267 -4 0
      vertex 285.205 9.03732 0
    endloop
  endfacet
  facet normal -0 0 -1
    outer loop
      vertex 285.291 8.82489 0
      vertex 151.267 -4 0
      vertex 285.29 8.82893 0
    endloop
  endfacet
  facet normal -0 0 -1
    outer loop
      vertex 285.392 8.61896 0
      vertex 151.267 -4 0
      vertex 285.291 8.82489 0
    endloop
  endfacet
  facet normal -0 0 -1
    outer loop
      vertex 285.506 8.42054 0
      vertex 151.267 -4 0
      vertex 285.392 8.61896 0
    endloop
  endfacet
  facet normal -0 0 -1
    outer loop
      vertex 285.632 8.23421 0
      vertex 151.267 -4 0
      vertex 285.506 8.42054 0
    endloop
  endfacet
  facet normal -0 0 -1
    outer loop
      vertex 285.634 8.23059 0
      vertex 151.267 -4 0
      vertex 285.632 8.23421 0
    endloop
  endfacet
  facet normal -0 0 -1
    outer loop
      vertex 285.637 8.22716 0
      vertex 151.267 -4 0
      vertex 285.634 8.23059 0
    endloop
  endfacet
  facet normal -0 0 -1
    outer loop
      vertex 285.775 8.05005 0
      vertex 151.267 -4 0
      vertex 285.637 8.22716 0
    endloop
  endfacet
  facet normal -0 0 -1
    outer loop
      vertex 285.929 7.87978 0
      vertex 151.267 -4 0
      vertex 285.775 8.05005 0
    endloop
  endfacet
  facet normal -0 0 -1
    outer loop
      vertex 286.094 7.72063 0
      vertex 151.267 -4 0
      vertex 285.929 7.87978 0
    endloop
  endfacet
  facet normal -0 0 -1
    outer loop
      vertex 286.269 7.57335 0
      vertex 151.267 -4 0
      vertex 286.094 7.72063 0
    endloop
  endfacet
  facet normal -0 0 -1
    outer loop
      vertex 286.273 7.57079 0
      vertex 151.267 -4 0
      vertex 286.269 7.57335 0
    endloop
  endfacet
  facet normal -0 0 -1
    outer loop
      vertex 286.454 7.43868 0
      vertex 151.267 -4 0
      vertex 286.273 7.57079 0
    endloop
  endfacet
  facet normal -0 0 -1
    outer loop
      vertex 286.649 7.31727 0
      vertex 151.267 -4 0
      vertex 286.454 7.43868 0
    endloop
  endfacet
  facet normal -0 0 -1
    outer loop
      vertex 286.851 7.20971 0
      vertex 151.267 -4 0
      vertex 286.649 7.31727 0
    endloop
  endfacet
  facet normal -0 0 -1
    outer loop
      vertex 287.06 7.11652 0
      vertex 151.267 -4 0
      vertex 286.851 7.20971 0
    endloop
  endfacet
  facet normal -0 0 -1
    outer loop
      vertex 287.272 7.03965 0
      vertex 151.267 -4 0
      vertex 287.06 7.11652 0
    endloop
  endfacet
  facet normal 0 0 -1
    outer loop
      vertex 291.565 10.389 0
      vertex 314.533 -4 0
      vertex 291.565 10.3846 0
    endloop
  endfacet
  facet normal 0 0 -1
    outer loop
      vertex 291.541 10.6125 0
      vertex 314.533 -4 0
      vertex 291.565 10.389 0
    endloop
  endfacet
  facet normal 0 0 -1
    outer loop
      vertex 291.541 10.6168 0
      vertex 314.533 -4 0
      vertex 291.541 10.6125 0
    endloop
  endfacet
  facet normal 0 0 -1
    outer loop
      vertex 291.54 10.6211 0
      vertex 314.533 -4 0
      vertex 291.541 10.6168 0
    endloop
  endfacet
  facet normal 0 0 -1
    outer loop
      vertex 291.501 10.8425 0
      vertex 314.533 -4 0
      vertex 291.54 10.6211 0
    endloop
  endfacet
  facet normal 0 0 -1
    outer loop
      vertex 291.446 11.0605 0
      vertex 314.533 -4 0
      vertex 291.501 10.8425 0
    endloop
  endfacet
  facet normal 0 0 -1
    outer loop
      vertex 291.445 11.0648 0
      vertex 314.533 -4 0
      vertex 291.446 11.0605 0
    endloop
  endfacet
  facet normal 0 0 -1
    outer loop
      vertex 291.376 11.2785 0
      vertex 314.533 -4 0
      vertex 291.445 11.0648 0
    endloop
  endfacet
  facet normal 0 0 -1
    outer loop
      vertex 291.375 11.2827 0
      vertex 314.533 -4 0
      vertex 291.376 11.2785 0
    endloop
  endfacet
  facet normal 0 0 -1
    outer loop
      vertex 291.29 11.4911 0
      vertex 314.533 -4 0
      vertex 291.375 11.2827 0
    endloop
  endfacet
  facet normal 0 0 -1
    outer loop
      vertex 291.289 11.4951 0
      vertex 314.533 -4 0
      vertex 291.29 11.4911 0
    endloop
  endfacet
  facet normal 0 0 -1
    outer loop
      vertex 291.287 11.499 0
      vertex 314.533 -4 0
      vertex 291.289 11.4951 0
    endloop
  endfacet
  facet normal 0 0 -1
    outer loop
      vertex 291.188 11.701 0
      vertex 314.533 -4 0
      vertex 291.287 11.499 0
    endloop
  endfacet
  facet normal 0 0 -1
    outer loop
      vertex 291.186 11.7048 0
      vertex 314.533 -4 0
      vertex 291.188 11.701 0
    endloop
  endfacet
  facet normal 0 0 -1
    outer loop
      vertex 291.074 11.8995 0
      vertex 314.533 -4 0
      vertex 291.186 11.7048 0
    endloop
  endfacet
  facet normal 0 0 -1
    outer loop
      vertex 290.948 12.0858 0
      vertex 314.533 -4 0
      vertex 291.074 11.8995 0
    endloop
  endfacet
  facet normal 0 0 -1
    outer loop
      vertex 290.946 12.0894 0
      vertex 314.533 -4 0
      vertex 290.948 12.0858 0
    endloop
  endfacet
  facet normal 0 0 -1
    outer loop
      vertex 290.943 12.0928 0
      vertex 314.533 -4 0
      vertex 290.946 12.0894 0
    endloop
  endfacet
  facet normal 0 0 -1
    outer loop
      vertex 290.805 12.27 0
      vertex 314.533 -4 0
      vertex 290.943 12.0928 0
    endloop
  endfacet
  facet normal 0 0 -1
    outer loop
      vertex 290.802 12.2732 0
      vertex 314.533 -4 0
      vertex 290.805 12.27 0
    endloop
  endfacet
  facet normal 0 0 -1
    outer loop
      vertex 290.651 12.4402 0
      vertex 314.533 -4 0
      vertex 290.802 12.2732 0
    endloop
  endfacet
  facet normal 0 0 -1
    outer loop
      vertex 314.533 -4 0
      vertex 290.651 12.4402 0
      vertex 314.533 153.1 0
    endloop
  endfacet
  facet normal 0 0 -1
    outer loop
      vertex 290.49 12.5963 0
      vertex 314.533 153.1 0
      vertex 290.651 12.4402 0
    endloop
  endfacet
  facet normal 0 0 -1
    outer loop
      vertex 290.486 12.5994 0
      vertex 314.533 153.1 0
      vertex 290.49 12.5963 0
    endloop
  endfacet
  facet normal 0 0 -1
    outer loop
      vertex 290.483 12.6022 0
      vertex 314.533 153.1 0
      vertex 290.486 12.5994 0
    endloop
  endfacet
  facet normal 0 0 -1
    outer loop
      vertex 290.311 12.7466 0
      vertex 314.533 153.1 0
      vertex 290.483 12.6022 0
    endloop
  endfacet
  facet normal 0 0 -1
    outer loop
      vertex 290.307 12.7492 0
      vertex 314.533 153.1 0
      vertex 290.311 12.7466 0
    endloop
  endfacet
  facet normal 0 0 -1
    outer loop
      vertex 290.126 12.8813 0
      vertex 314.533 153.1 0
      vertex 290.307 12.7492 0
    endloop
  endfacet
  facet normal 0 0 -1
    outer loop
      vertex 290.122 12.8836 0
      vertex 314.533 153.1 0
      vertex 290.126 12.8813 0
    endloop
  endfacet
  facet normal 0 0 -1
    outer loop
      vertex 289.931 13.0027 0
      vertex 314.533 153.1 0
      vertex 290.122 12.8836 0
    endloop
  endfacet
  facet normal 0 0 -1
    outer loop
      vertex 289.733 13.1082 0
      vertex 314.533 153.1 0
      vertex 289.931 13.0027 0
    endloop
  endfacet
  facet normal 0 0 -1
    outer loop
      vertex 289.729 13.1103 0
      vertex 314.533 153.1 0
      vertex 289.733 13.1082 0
    endloop
  endfacet
  facet normal 0 0 -1
    outer loop
      vertex 289.725 13.1121 0
      vertex 314.533 153.1 0
      vertex 289.729 13.1103 0
    endloop
  endfacet
  facet normal 0 0 -1
    outer loop
      vertex 289.52 13.2035 0
      vertex 314.533 153.1 0
      vertex 289.725 13.1121 0
    endloop
  endfacet
  facet normal 0 0 -1
    outer loop
      vertex 289.308 13.2804 0
      vertex 314.533 153.1 0
      vertex 289.52 13.2035 0
    endloop
  endfacet
  facet normal 0 0 -1
    outer loop
      vertex 289.304 13.2818 0
      vertex 314.533 153.1 0
      vertex 289.308 13.2804 0
    endloop
  endfacet
  facet normal 0 0 -1
    outer loop
      vertex 289.3 13.283 0
      vertex 314.533 153.1 0
      vertex 289.304 13.2818 0
    endloop
  endfacet
  facet normal 0 0 -1
    outer loop
      vertex 289.084 13.345 0
      vertex 314.533 153.1 0
      vertex 289.3 13.283 0
    endloop
  endfacet
  facet normal 0 0 -1
    outer loop
      vertex 288.864 13.3917 0
      vertex 314.533 153.1 0
      vertex 289.084 13.345 0
    endloop
  endfacet
  facet normal 0 0 -1
    outer loop
      vertex 288.86 13.3926 0
      vertex 314.533 153.1 0
      vertex 288.864 13.3917 0
    endloop
  endfacet
  facet normal 0 0 -1
    outer loop
      vertex 288.856 13.3932 0
      vertex 314.533 153.1 0
      vertex 288.86 13.3926 0
    endloop
  endfacet
  facet normal 0 0 -1
    outer loop
      vertex 288.633 13.4245 0
      vertex 314.533 153.1 0
      vertex 288.856 13.3932 0
    endloop
  endfacet
  facet normal 0 0 -1
    outer loop
      vertex 288.409 13.4402 0
      vertex 314.533 153.1 0
      vertex 288.633 13.4245 0
    endloop
  endfacet
  facet normal 0 0 -1
    outer loop
      vertex 288.405 13.4405 0
      vertex 314.533 153.1 0
      vertex 288.409 13.4402 0
    endloop
  endfacet
  facet normal 0 0 -1
    outer loop
      vertex 288.175 13.4405 0
      vertex 314.533 153.1 0
      vertex 288.405 13.4405 0
    endloop
  endfacet
  facet normal 0 0 -1
    outer loop
      vertex 288.171 13.4402 0
      vertex 314.533 153.1 0
      vertex 288.175 13.4405 0
    endloop
  endfacet
  facet normal 0 0 -1
    outer loop
      vertex 287.947 13.4245 0
      vertex 314.533 153.1 0
      vertex 288.171 13.4402 0
    endloop
  endfacet
  facet normal 0 0 -1
    outer loop
      vertex 287.724 13.3932 0
      vertex 314.533 153.1 0
      vertex 287.947 13.4245 0
    endloop
  endfacet
  facet normal 0 0 -1
    outer loop
      vertex 287.72 13.3926 0
      vertex 314.533 153.1 0
      vertex 287.724 13.3932 0
    endloop
  endfacet
  facet normal 0 0 -1
    outer loop
      vertex 287.716 13.3917 0
      vertex 314.533 153.1 0
      vertex 287.72 13.3926 0
    endloop
  endfacet
  facet normal 0 0 -1
    outer loop
      vertex 287.496 13.345 0
      vertex 314.533 153.1 0
      vertex 287.716 13.3917 0
    endloop
  endfacet
  facet normal 0 0 -1
    outer loop
      vertex 287.28 13.283 0
      vertex 314.533 153.1 0
      vertex 287.496 13.345 0
    endloop
  endfacet
  facet normal 0 0 -1
    outer loop
      vertex 287.276 13.2818 0
      vertex 314.533 153.1 0
      vertex 287.28 13.283 0
    endloop
  endfacet
  facet normal 0 0 -1
    outer loop
      vertex 287.272 13.2804 0
      vertex 314.533 153.1 0
      vertex 287.276 13.2818 0
    endloop
  endfacet
  facet normal 0 0 -1
    outer loop
      vertex 287.06 13.2035 0
      vertex 314.533 153.1 0
      vertex 287.272 13.2804 0
    endloop
  endfacet
  facet normal 0 0 -1
    outer loop
      vertex 286.855 13.1121 0
      vertex 314.533 153.1 0
      vertex 287.06 13.2035 0
    endloop
  endfacet
  facet normal 0 0 -1
    outer loop
      vertex 286.851 13.1103 0
      vertex 314.533 153.1 0
      vertex 286.855 13.1121 0
    endloop
  endfacet
  facet normal 0 0 -1
    outer loop
      vertex 286.847 13.1082 0
      vertex 314.533 153.1 0
      vertex 286.851 13.1103 0
    endloop
  endfacet
  facet normal 0 0 -1
    outer loop
      vertex 286.649 13.0027 0
      vertex 314.533 153.1 0
      vertex 286.847 13.1082 0
    endloop
  endfacet
  facet normal 0 0 -1
    outer loop
      vertex 286.458 12.8836 0
      vertex 314.533 153.1 0
      vertex 286.649 13.0027 0
    endloop
  endfacet
  facet normal 0 0 -1
    outer loop
      vertex 286.454 12.8813 0
      vertex 314.533 153.1 0
      vertex 286.458 12.8836 0
    endloop
  endfacet
  facet normal 0 0 -1
    outer loop
      vertex 151.267 153.1 0
      vertex 286.454 12.8813 0
      vertex 286.273 12.7492 0
    endloop
  endfacet
  facet normal 0 0 -1
    outer loop
      vertex 151.267 153.1 0
      vertex 286.273 12.7492 0
      vertex 286.269 12.7466 0
    endloop
  endfacet
  facet normal 0 0 -1
    outer loop
      vertex 151.267 153.1 0
      vertex 286.269 12.7466 0
      vertex 286.097 12.6022 0
    endloop
  endfacet
  facet normal 0 0 -1
    outer loop
      vertex 151.267 153.1 0
      vertex 286.097 12.6022 0
      vertex 286.094 12.5994 0
    endloop
  endfacet
  facet normal 0 0 -1
    outer loop
      vertex 151.267 153.1 0
      vertex 286.094 12.5994 0
      vertex 286.09 12.5963 0
    endloop
  endfacet
  facet normal 0 0 -1
    outer loop
      vertex 151.267 153.1 0
      vertex 286.09 12.5963 0
      vertex 285.929 12.4402 0
    endloop
  endfacet
  facet normal 0 0 -1
    outer loop
      vertex 151.267 153.1 0
      vertex 285.929 12.4402 0
      vertex 285.778 12.2732 0
    endloop
  endfacet
  facet normal 0 0 -1
    outer loop
      vertex 151.267 153.1 0
      vertex 285.778 12.2732 0
      vertex 285.775 12.27 0
    endloop
  endfacet
  facet normal 0 0 -1
    outer loop
      vertex 151.267 -4 0
      vertex 285.775 12.27 0
      vertex 285.637 12.0928 0
    endloop
  endfacet
  facet normal 0 0 -1
    outer loop
      vertex 151.267 -4 0
      vertex 285.637 12.0928 0
      vertex 285.634 12.0894 0
    endloop
  endfacet
  facet normal 0 0 -1
    outer loop
      vertex 151.267 -4 0
      vertex 285.634 12.0894 0
      vertex 285.632 12.0858 0
    endloop
  endfacet
  facet normal 0 0 -1
    outer loop
      vertex 151.267 -4 0
      vertex 285.632 12.0858 0
      vertex 285.506 11.8995 0
    endloop
  endfacet
  facet normal 0 0 -1
    outer loop
      vertex 151.267 -4 0
      vertex 285.506 11.8995 0
      vertex 285.394 11.7048 0
    endloop
  endfacet
  facet normal 0 0 -1
    outer loop
      vertex 151.267 -4 0
      vertex 285.394 11.7048 0
      vertex 285.392 11.701 0
    endloop
  endfacet
  facet normal 0 0 -1
    outer loop
      vertex 151.267 -4 0
      vertex 285.392 11.701 0
      vertex 285.293 11.499 0
    endloop
  endfacet
  facet normal 0 0 -1
    outer loop
      vertex 151.267 -4 0
      vertex 285.293 11.499 0
      vertex 285.291 11.4951 0
    endloop
  endfacet
  facet normal 0 0 -1
    outer loop
      vertex 151.267 -4 0
      vertex 285.291 11.4951 0
      vertex 285.29 11.4911 0
    endloop
  endfacet
  facet normal 0 0 -1
    outer loop
      vertex 151.267 -4 0
      vertex 285.29 11.4911 0
      vertex 285.205 11.2827 0
    endloop
  endfacet
  facet normal 0 0 -1
    outer loop
      vertex 151.267 -4 0
      vertex 285.205 11.2827 0
      vertex 285.204 11.2785 0
    endloop
  endfacet
  facet normal 0 0 -1
    outer loop
      vertex 151.267 -4 0
      vertex 285.204 11.2785 0
      vertex 285.135 11.0648 0
    endloop
  endfacet
  facet normal 0 0 -1
    outer loop
      vertex 151.267 -4 0
      vertex 285.135 11.0648 0
      vertex 285.134 11.0605 0
    endloop
  endfacet
  facet normal 0 0 -1
    outer loop
      vertex 151.267 -4 0
      vertex 285.134 11.0605 0
      vertex 285.079 10.8425 0
    endloop
  endfacet
  facet normal 0 0 -1
    outer loop
      vertex 151.267 -4 0
      vertex 285.015 10.3846 0
      vertex 285.008 10.16 0
    endloop
  endfacet
  facet normal 0 0 -1
    outer loop
      vertex 151.267 -4 0
      vertex 285.016 10.389 0
      vertex 285.015 10.3846 0
    endloop
  endfacet
  facet normal 0 0 -1
    outer loop
      vertex 151.267 -4 0
      vertex 285.039 10.6125 0
      vertex 285.016 10.389 0
    endloop
  endfacet
  facet normal 0 0 -1
    outer loop
      vertex 151.267 -4 0
      vertex 285.039 10.6168 0
      vertex 285.039 10.6125 0
    endloop
  endfacet
  facet normal 0 0 -1
    outer loop
      vertex 151.267 -4 0
      vertex 285.04 10.6211 0
      vertex 285.039 10.6168 0
    endloop
  endfacet
  facet normal 0 0 -1
    outer loop
      vertex 151.267 -4 0
      vertex 285.079 10.8425 0
      vertex 285.04 10.6211 0
    endloop
  endfacet
  facet normal -0 0 -1
    outer loop
      vertex 285.775 12.27 0
      vertex 151.267 -4 0
      vertex 151.267 153.1 0
    endloop
  endfacet
  facet normal 0 0 -1
    outer loop
      vertex 286.454 12.8813 0
      vertex 151.267 153.1 0
      vertex 314.533 153.1 0
    endloop
  endfacet
  facet normal 0 -1 0
    outer loop
      vertex 155.277 -4 10.75
      vertex 155.277 -4 3.01
      vertex 156.13 -4 10.75
    endloop
  endfacet
  facet normal 0 -1 0
    outer loop
      vertex 156.13 -4 10.75
      vertex 310.533 -4 15
      vertex 156.13 -4 15
    endloop
  endfacet
  facet normal 0 -1 0
    outer loop
      vertex 310.533 -4 3.01
      vertex 156.13 -4 10.75
      vertex 155.277 -4 3.01
    endloop
  endfacet
  facet normal 0 -1 0
    outer loop
      vertex 156.13 -4 10.75
      vertex 310.533 -4 3.01
      vertex 310.533 -4 15
    endloop
  endfacet
  facet normal 0 -1 0
    outer loop
      vertex 151.267 -4 0
      vertex 155.277 -4 3.01
      vertex 151.267 -4 3.01
    endloop
  endfacet
  facet normal 0 -1 -0
    outer loop
      vertex 155.277 -4 3.01
      vertex 151.267 -4 0
      vertex 310.533 -4 3.01
    endloop
  endfacet
  facet normal 0 -1 0
    outer loop
      vertex 314.533 -4 0
      vertex 310.533 -4 3.01
      vertex 151.267 -4 0
    endloop
  endfacet
  facet normal 0 -1 0
    outer loop
      vertex 310.533 -4 3.01
      vertex 314.533 -4 0
      vertex 314.533 -4 3.01
    endloop
  endfacet
  facet normal 0 1 0
    outer loop
      vertex 310.533 -0.999999 15
      vertex 156.13 -0.999999 10.75
      vertex 156.13 -0.999999 15
    endloop
  endfacet
  facet normal 0 1 0
    outer loop
      vertex 156.13 -0.999999 10.75
      vertex 155.277 -0.999999 3.01
      vertex 155.277 -0.999999 10.75
    endloop
  endfacet
  facet normal 0 1 -0
    outer loop
      vertex 310.533 -0.999999 3
      vertex 156.13 -0.999999 10.75
      vertex 310.533 -0.999999 15
    endloop
  endfacet
  facet normal 0 1 0
    outer loop
      vertex 156.13 -0.999999 10.75
      vertex 310.533 -0.999999 3
      vertex 155.277 -0.999999 3.01
    endloop
  endfacet
  facet normal 0 1 0
    outer loop
      vertex 155.267 -0.999999 3
      vertex 155.277 -0.999999 3.01
      vertex 310.533 -0.999999 3
    endloop
  endfacet
  facet normal 0 1 0
    outer loop
      vertex 155.277 -0.999999 3.01
      vertex 155.267 -0.999999 3
      vertex 155.267 -0.999999 3.01
    endloop
  endfacet
  facet normal 0 0 1
    outer loop
      vertex 165.077 10.2472 3
      vertex 165.077 10.0728 3
      vertex 165.08 10.16 3
    endloop
  endfacet
  facet normal 0 0 1
    outer loop
      vertex 165.068 10.334 3
      vertex 165.077 10.0728 3
      vertex 165.077 10.2472 3
    endloop
  endfacet
  facet normal 0 0 1
    outer loop
      vertex 165.068 10.334 3
      vertex 165.068 9.98603 3
      vertex 165.077 10.0728 3
    endloop
  endfacet
  facet normal 0 0 1
    outer loop
      vertex 165.053 10.4199 3
      vertex 165.068 9.98603 3
      vertex 165.068 10.334 3
    endloop
  endfacet
  facet normal 0 0 1
    outer loop
      vertex 165.053 10.4199 3
      vertex 165.053 9.90011 3
      vertex 165.068 9.98603 3
    endloop
  endfacet
  facet normal 0 0 1
    outer loop
      vertex 165.032 10.5045 3
      vertex 165.053 9.90011 3
      vertex 165.053 10.4199 3
    endloop
  endfacet
  facet normal 0 0 1
    outer loop
      vertex 165.032 10.5045 3
      vertex 165.032 9.81545 3
      vertex 165.053 9.90011 3
    endloop
  endfacet
  facet normal 0 0 1
    outer loop
      vertex 165.005 10.5875 3
      vertex 165.032 9.81545 3
      vertex 165.032 10.5045 3
    endloop
  endfacet
  facet normal 0 0 1
    outer loop
      vertex 165.005 10.5875 3
      vertex 165.005 9.73248 3
      vertex 165.032 9.81545 3
    endloop
  endfacet
  facet normal 0 0 1
    outer loop
      vertex 164.972 10.6684 3
      vertex 165.005 9.73248 3
      vertex 165.005 10.5875 3
    endloop
  endfacet
  facet normal 0 0 1
    outer loop
      vertex 164.972 10.6684 3
      vertex 164.972 9.65158 3
      vertex 165.005 9.73248 3
    endloop
  endfacet
  facet normal 0 0 1
    outer loop
      vertex 164.934 10.7468 3
      vertex 164.972 9.65158 3
      vertex 164.972 10.6684 3
    endloop
  endfacet
  facet normal 0 0 1
    outer loop
      vertex 164.934 10.7468 3
      vertex 164.934 9.57316 3
      vertex 164.972 9.65158 3
    endloop
  endfacet
  facet normal 0 0 1
    outer loop
      vertex 164.89 10.8224 3
      vertex 164.934 9.57316 3
      vertex 164.934 10.7468 3
    endloop
  endfacet
  facet normal 0 0 1
    outer loop
      vertex 164.89 10.8224 3
      vertex 164.89 9.4976 3
      vertex 164.934 9.57316 3
    endloop
  endfacet
  facet normal 0 0 1
    outer loop
      vertex 164.841 10.8947 3
      vertex 164.89 9.4976 3
      vertex 164.89 10.8224 3
    endloop
  endfacet
  facet normal 0 0 1
    outer loop
      vertex 164.841 10.8947 3
      vertex 164.841 9.42527 3
      vertex 164.89 9.4976 3
    endloop
  endfacet
  facet normal 0 0 1
    outer loop
      vertex 164.788 10.9635 3
      vertex 164.841 9.42527 3
      vertex 164.841 10.8947 3
    endloop
  endfacet
  facet normal 0 0 1
    outer loop
      vertex 164.788 10.9635 3
      vertex 164.788 9.35652 3
      vertex 164.841 9.42527 3
    endloop
  endfacet
  facet normal 0 0 1
    outer loop
      vertex 164.729 11.0283 3
      vertex 164.788 9.35652 3
      vertex 164.788 10.9635 3
    endloop
  endfacet
  facet normal 0 0 1
    outer loop
      vertex 164.729 11.0283 3
      vertex 164.729 9.29168 3
      vertex 164.788 9.35652 3
    endloop
  endfacet
  facet normal 0 0 1
    outer loop
      vertex 164.666 11.0889 3
      vertex 164.729 9.29168 3
      vertex 164.729 11.0283 3
    endloop
  endfacet
  facet normal 0 0 1
    outer loop
      vertex 164.666 11.0889 3
      vertex 164.666 9.23107 3
      vertex 164.729 9.29168 3
    endloop
  endfacet
  facet normal 0 0 1
    outer loop
      vertex 164.6 11.145 3
      vertex 164.666 9.23107 3
      vertex 164.666 11.0889 3
    endloop
  endfacet
  facet normal 0 0 1
    outer loop
      vertex 164.6 11.145 3
      vertex 164.6 9.17499 3
      vertex 164.666 9.23107 3
    endloop
  endfacet
  facet normal 0 0 1
    outer loop
      vertex 164.529 11.1963 3
      vertex 164.6 9.17499 3
      vertex 164.6 11.145 3
    endloop
  endfacet
  facet normal 0 0 1
    outer loop
      vertex 164.529 11.1963 3
      vertex 164.529 9.1237 3
      vertex 164.6 9.17499 3
    endloop
  endfacet
  facet normal 0 0 1
    outer loop
      vertex 164.455 11.2425 3
      vertex 164.529 9.1237 3
      vertex 164.529 11.1963 3
    endloop
  endfacet
  facet normal 0 0 1
    outer loop
      vertex 164.455 11.2425 3
      vertex 164.455 9.07747 3
      vertex 164.529 9.1237 3
    endloop
  endfacet
  facet normal 0 0 1
    outer loop
      vertex 164.378 11.2835 3
      vertex 164.455 9.07747 3
      vertex 164.455 11.2425 3
    endloop
  endfacet
  facet normal 0 0 1
    outer loop
      vertex 164.378 11.2835 3
      vertex 164.378 9.03651 3
      vertex 164.455 9.07747 3
    endloop
  endfacet
  facet normal 0 0 1
    outer loop
      vertex 164.298 11.319 3
      vertex 164.378 9.03651 3
      vertex 164.378 11.2835 3
    endloop
  endfacet
  facet normal 0 0 1
    outer loop
      vertex 164.298 11.319 3
      vertex 164.298 9.00102 3
      vertex 164.378 9.03651 3
    endloop
  endfacet
  facet normal 0 0 1
    outer loop
      vertex 164.216 11.3488 3
      vertex 164.298 9.00102 3
      vertex 164.298 11.319 3
    endloop
  endfacet
  facet normal 0 0 1
    outer loop
      vertex 164.216 11.3488 3
      vertex 164.216 8.97118 3
      vertex 164.298 9.00102 3
    endloop
  endfacet
  facet normal 0 0 1
    outer loop
      vertex 164.132 11.3729 3
      vertex 164.216 8.97118 3
      vertex 164.216 11.3488 3
    endloop
  endfacet
  facet normal 0 0 1
    outer loop
      vertex 164.132 11.3729 3
      vertex 164.132 8.94713 3
      vertex 164.216 8.97118 3
    endloop
  endfacet
  facet normal 0 0 1
    outer loop
      vertex 164.047 11.391 3
      vertex 164.132 8.94713 3
      vertex 164.132 11.3729 3
    endloop
  endfacet
  facet normal 0 0 1
    outer loop
      vertex 164.047 11.391 3
      vertex 164.047 8.92899 3
      vertex 164.132 8.94713 3
    endloop
  endfacet
  facet normal 0 0 1
    outer loop
      vertex 163.961 11.4032 3
      vertex 164.047 8.92899 3
      vertex 164.047 11.391 3
    endloop
  endfacet
  facet normal 0 0 1
    outer loop
      vertex 163.961 11.4032 3
      vertex 163.961 8.91685 3
      vertex 164.047 8.92899 3
    endloop
  endfacet
  facet normal 0 0 1
    outer loop
      vertex 163.874 11.4092 3
      vertex 163.961 8.91685 3
      vertex 163.961 11.4032 3
    endloop
  endfacet
  facet normal 0 0 1
    outer loop
      vertex 163.874 11.4092 3
      vertex 163.874 8.91076 3
      vertex 163.961 8.91685 3
    endloop
  endfacet
  facet normal -0 0 1
    outer loop
      vertex 163.786 11.4092 3
      vertex 163.874 8.91076 3
      vertex 163.874 11.4092 3
    endloop
  endfacet
  facet normal 0 0 1
    outer loop
      vertex 163.786 11.4092 3
      vertex 163.786 8.91076 3
      vertex 163.874 8.91076 3
    endloop
  endfacet
  facet normal -0 0 1
    outer loop
      vertex 163.699 11.4032 3
      vertex 163.786 8.91076 3
      vertex 163.786 11.4092 3
    endloop
  endfacet
  facet normal 0 0 1
    outer loop
      vertex 163.699 11.4032 3
      vertex 163.699 8.91685 3
      vertex 163.786 8.91076 3
    endloop
  endfacet
  facet normal -0 0 1
    outer loop
      vertex 163.613 11.391 3
      vertex 163.699 8.91685 3
      vertex 163.699 11.4032 3
    endloop
  endfacet
  facet normal 0 0 1
    outer loop
      vertex 163.613 11.391 3
      vertex 163.613 8.92899 3
      vertex 163.699 8.91685 3
    endloop
  endfacet
  facet normal -0 0 1
    outer loop
      vertex 163.528 11.3729 3
      vertex 163.613 8.92899 3
      vertex 163.613 11.391 3
    endloop
  endfacet
  facet normal 0 0 1
    outer loop
      vertex 163.528 11.3729 3
      vertex 163.528 8.94713 3
      vertex 163.613 8.92899 3
    endloop
  endfacet
  facet normal -0 0 1
    outer loop
      vertex 163.444 11.3488 3
      vertex 163.528 8.94713 3
      vertex 163.528 11.3729 3
    endloop
  endfacet
  facet normal 0 0 1
    outer loop
      vertex 163.444 11.3488 3
      vertex 163.444 8.97118 3
      vertex 163.528 8.94713 3
    endloop
  endfacet
  facet normal -0 0 1
    outer loop
      vertex 163.362 11.319 3
      vertex 163.444 8.97118 3
      vertex 163.444 11.3488 3
    endloop
  endfacet
  facet normal 0 0 1
    outer loop
      vertex 163.362 11.319 3
      vertex 163.362 9.00102 3
      vertex 163.444 8.97118 3
    endloop
  endfacet
  facet normal -0 0 1
    outer loop
      vertex 163.282 11.2835 3
      vertex 163.362 9.00102 3
      vertex 163.362 11.319 3
    endloop
  endfacet
  facet normal 0 0 1
    outer loop
      vertex 163.282 11.2835 3
      vertex 163.282 9.03651 3
      vertex 163.362 9.00102 3
    endloop
  endfacet
  facet normal -0 0 1
    outer loop
      vertex 163.205 11.2425 3
      vertex 163.282 9.03651 3
      vertex 163.282 11.2835 3
    endloop
  endfacet
  facet normal 0 0 1
    outer loop
      vertex 163.205 11.2425 3
      vertex 163.205 9.07747 3
      vertex 163.282 9.03651 3
    endloop
  endfacet
  facet normal -0 0 1
    outer loop
      vertex 163.131 11.1963 3
      vertex 163.205 9.07747 3
      vertex 163.205 11.2425 3
    endloop
  endfacet
  facet normal 0 0 1
    outer loop
      vertex 163.131 11.1963 3
      vertex 163.131 9.1237 3
      vertex 163.205 9.07747 3
    endloop
  endfacet
  facet normal -0 0 1
    outer loop
      vertex 163.06 11.145 3
      vertex 163.131 9.1237 3
      vertex 163.131 11.1963 3
    endloop
  endfacet
  facet normal 0 0 1
    outer loop
      vertex 163.06 11.145 3
      vertex 163.06 9.17499 3
      vertex 163.131 9.1237 3
    endloop
  endfacet
  facet normal -0 0 1
    outer loop
      vertex 162.994 11.0889 3
      vertex 163.06 9.17499 3
      vertex 163.06 11.145 3
    endloop
  endfacet
  facet normal 0 0 1
    outer loop
      vertex 162.994 11.0889 3
      vertex 162.994 9.23107 3
      vertex 163.06 9.17499 3
    endloop
  endfacet
  facet normal -0 0 1
    outer loop
      vertex 162.931 11.0283 3
      vertex 162.994 9.23107 3
      vertex 162.994 11.0889 3
    endloop
  endfacet
  facet normal 0 0 1
    outer loop
      vertex 162.931 11.0283 3
      vertex 162.931 9.29168 3
      vertex 162.994 9.23107 3
    endloop
  endfacet
  facet normal -0 0 1
    outer loop
      vertex 162.872 10.9635 3
      vertex 162.931 9.29168 3
      vertex 162.931 11.0283 3
    endloop
  endfacet
  facet normal 0 0 1
    outer loop
      vertex 162.872 10.9635 3
      vertex 162.872 9.35652 3
      vertex 162.931 9.29168 3
    endloop
  endfacet
  facet normal -0 0 1
    outer loop
      vertex 162.819 10.8947 3
      vertex 162.872 9.35652 3
      vertex 162.872 10.9635 3
    endloop
  endfacet
  facet normal 0 0 1
    outer loop
      vertex 162.819 10.8947 3
      vertex 162.819 9.42527 3
      vertex 162.872 9.35652 3
    endloop
  endfacet
  facet normal -0 0 1
    outer loop
      vertex 162.77 10.8224 3
      vertex 162.819 9.42527 3
      vertex 162.819 10.8947 3
    endloop
  endfacet
  facet normal 0 0 1
    outer loop
      vertex 162.77 10.8224 3
      vertex 162.77 9.4976 3
      vertex 162.819 9.42527 3
    endloop
  endfacet
  facet normal -0 0 1
    outer loop
      vertex 162.726 10.7468 3
      vertex 162.77 9.4976 3
      vertex 162.77 10.8224 3
    endloop
  endfacet
  facet normal 0 0 1
    outer loop
      vertex 162.726 10.7468 3
      vertex 162.726 9.57316 3
      vertex 162.77 9.4976 3
    endloop
  endfacet
  facet normal -0 0 1
    outer loop
      vertex 162.688 10.6684 3
      vertex 162.726 9.57316 3
      vertex 162.726 10.7468 3
    endloop
  endfacet
  facet normal 0 0 1
    outer loop
      vertex 162.688 10.6684 3
      vertex 162.688 9.65158 3
      vertex 162.726 9.57316 3
    endloop
  endfacet
  facet normal -0 0 1
    outer loop
      vertex 162.655 10.5875 3
      vertex 162.688 9.65158 3
      vertex 162.688 10.6684 3
    endloop
  endfacet
  facet normal 0 0 1
    outer loop
      vertex 162.655 10.5875 3
      vertex 162.655 9.73248 3
      vertex 162.688 9.65158 3
    endloop
  endfacet
  facet normal -0 0 1
    outer loop
      vertex 162.628 10.5045 3
      vertex 162.655 9.73248 3
      vertex 162.655 10.5875 3
    endloop
  endfacet
  facet normal 0 0 1
    outer loop
      vertex 162.628 10.5045 3
      vertex 162.628 9.81545 3
      vertex 162.655 9.73248 3
    endloop
  endfacet
  facet normal -0 0 1
    outer loop
      vertex 162.607 10.4199 3
      vertex 162.628 9.81545 3
      vertex 162.628 10.5045 3
    endloop
  endfacet
  facet normal 0 0 1
    outer loop
      vertex 162.607 10.4199 3
      vertex 162.607 9.90011 3
      vertex 162.628 9.81545 3
    endloop
  endfacet
  facet normal -0 0 1
    outer loop
      vertex 162.592 10.334 3
      vertex 162.607 9.90011 3
      vertex 162.607 10.4199 3
    endloop
  endfacet
  facet normal 0 0 1
    outer loop
      vertex 162.592 10.334 3
      vertex 162.592 9.98603 3
      vertex 162.607 9.90011 3
    endloop
  endfacet
  facet normal -0 0 1
    outer loop
      vertex 162.583 10.2472 3
      vertex 162.592 9.98603 3
      vertex 162.592 10.334 3
    endloop
  endfacet
  facet normal 0 0 1
    outer loop
      vertex 162.583 10.2472 3
      vertex 162.583 10.0728 3
      vertex 162.592 9.98603 3
    endloop
  endfacet
  facet normal 0 -0 1
    outer loop
      vertex 162.583 10.0728 3
      vertex 162.583 10.2472 3
      vertex 162.58 10.16 3
    endloop
  endfacet
  facet normal -0 0 1
    outer loop
      vertex 291.887 13.6333 3
      vertex 310.533 -0.999999 3
      vertex 310.533 149.1 3
    endloop
  endfacet
  facet normal 0 0 1
    outer loop
      vertex 310.533 -0.999999 3
      vertex 293.278 10.5088 3
      vertex 293.29 10.16 3
    endloop
  endfacet
  facet normal 0 0 1
    outer loop
      vertex 310.533 -0.999999 3
      vertex 293.241 10.8559 3
      vertex 293.278 10.5088 3
    endloop
  endfacet
  facet normal 0 0 1
    outer loop
      vertex 310.533 -0.999999 3
      vertex 293.181 11.1996 3
      vertex 293.241 10.8559 3
    endloop
  endfacet
  facet normal 0 0 1
    outer loop
      vertex 310.533 -0.999999 3
      vertex 293.096 11.5382 3
      vertex 293.181 11.1996 3
    endloop
  endfacet
  facet normal 0 0 1
    outer loop
      vertex 310.533 -0.999999 3
      vertex 292.988 11.8701 3
      vertex 293.096 11.5382 3
    endloop
  endfacet
  facet normal 0 0 1
    outer loop
      vertex 310.533 -0.999999 3
      vertex 292.858 12.1937 3
      vertex 292.988 11.8701 3
    endloop
  endfacet
  facet normal 0 0 1
    outer loop
      vertex 310.533 -0.999999 3
      vertex 292.705 12.5074 3
      vertex 292.858 12.1937 3
    endloop
  endfacet
  facet normal 0 0 1
    outer loop
      vertex 310.533 -0.999999 3
      vertex 292.53 12.8096 3
      vertex 292.705 12.5074 3
    endloop
  endfacet
  facet normal 0 0 1
    outer loop
      vertex 310.533 -0.999999 3
      vertex 292.335 13.0989 3
      vertex 292.53 12.8096 3
    endloop
  endfacet
  facet normal 0 0 1
    outer loop
      vertex 310.533 -0.999999 3
      vertex 292.12 13.3739 3
      vertex 292.335 13.0989 3
    endloop
  endfacet
  facet normal 0 0 1
    outer loop
      vertex 310.533 -0.999999 3
      vertex 291.887 13.6333 3
      vertex 292.12 13.3739 3
    endloop
  endfacet
  facet normal 0 0 1
    outer loop
      vertex 310.533 149.1 3
      vertex 291.636 13.8757 3
      vertex 291.887 13.6333 3
    endloop
  endfacet
  facet normal 0 0 1
    outer loop
      vertex 310.533 149.1 3
      vertex 291.368 14.1001 3
      vertex 291.636 13.8757 3
    endloop
  endfacet
  facet normal 0 0 1
    outer loop
      vertex 310.533 149.1 3
      vertex 291.086 14.3052 3
      vertex 291.368 14.1001 3
    endloop
  endfacet
  facet normal 0 0 1
    outer loop
      vertex 310.533 149.1 3
      vertex 290.79 14.4901 3
      vertex 291.086 14.3052 3
    endloop
  endfacet
  facet normal 0 0 1
    outer loop
      vertex 310.533 149.1 3
      vertex 290.482 14.654 3
      vertex 290.79 14.4901 3
    endloop
  endfacet
  facet normal 0 0 1
    outer loop
      vertex 310.533 149.1 3
      vertex 290.163 14.7959 3
      vertex 290.482 14.654 3
    endloop
  endfacet
  facet normal 0 0 1
    outer loop
      vertex 310.533 149.1 3
      vertex 289.835 14.9153 3
      vertex 290.163 14.7959 3
    endloop
  endfacet
  facet normal 0 0 1
    outer loop
      vertex 310.533 149.1 3
      vertex 289.5 15.0115 3
      vertex 289.835 14.9153 3
    endloop
  endfacet
  facet normal 0 0 1
    outer loop
      vertex 310.533 149.1 3
      vertex 289.158 15.084 3
      vertex 289.5 15.0115 3
    endloop
  endfacet
  facet normal 0 0 1
    outer loop
      vertex 310.533 149.1 3
      vertex 288.813 15.1326 3
      vertex 289.158 15.084 3
    endloop
  endfacet
  facet normal 0 0 1
    outer loop
      vertex 310.533 149.1 3
      vertex 288.465 15.157 3
      vertex 288.813 15.1326 3
    endloop
  endfacet
  facet normal 0 0 1
    outer loop
      vertex 310.533 149.1 3
      vertex 288.116 15.157 3
      vertex 288.465 15.157 3
    endloop
  endfacet
  facet normal 0 0 1
    outer loop
      vertex 310.533 149.1 3
      vertex 287.767 15.1326 3
      vertex 288.116 15.157 3
    endloop
  endfacet
  facet normal 0 0 1
    outer loop
      vertex 310.533 149.1 3
      vertex 287.422 15.084 3
      vertex 287.767 15.1326 3
    endloop
  endfacet
  facet normal 0 0 1
    outer loop
      vertex 310.533 149.1 3
      vertex 287.08 15.0115 3
      vertex 287.422 15.084 3
    endloop
  endfacet
  facet normal 0 0 1
    outer loop
      vertex 310.533 149.1 3
      vertex 286.745 14.9153 3
      vertex 287.08 15.0115 3
    endloop
  endfacet
  facet normal 0 0 1
    outer loop
      vertex 310.533 149.1 3
      vertex 286.417 14.7959 3
      vertex 286.745 14.9153 3
    endloop
  endfacet
  facet normal 0 0 1
    outer loop
      vertex 310.533 149.1 3
      vertex 286.098 14.654 3
      vertex 286.417 14.7959 3
    endloop
  endfacet
  facet normal 0 0 1
    outer loop
      vertex 310.533 149.1 3
      vertex 285.79 14.4901 3
      vertex 286.098 14.654 3
    endloop
  endfacet
  facet normal 0 0 1
    outer loop
      vertex 310.533 149.1 3
      vertex 285.494 14.3052 3
      vertex 285.79 14.4901 3
    endloop
  endfacet
  facet normal -0 0 1
    outer loop
      vertex 155.267 149.1 3
      vertex 285.494 14.3052 3
      vertex 310.533 149.1 3
    endloop
  endfacet
  facet normal 0 0 1
    outer loop
      vertex 285.494 14.3052 3
      vertex 155.267 149.1 3
      vertex 285.212 14.1001 3
    endloop
  endfacet
  facet normal 0 -0 1
    outer loop
      vertex 166.908 14.1001 3
      vertex 285.212 14.1001 3
      vertex 155.267 149.1 3
    endloop
  endfacet
  facet normal 0 0 1
    outer loop
      vertex 285.212 14.1001 3
      vertex 166.908 14.1001 3
      vertex 284.944 13.8757 3
    endloop
  endfacet
  facet normal 0 -0 1
    outer loop
      vertex 167.176 13.8757 3
      vertex 284.944 13.8757 3
      vertex 166.908 14.1001 3
    endloop
  endfacet
  facet normal 0 0 1
    outer loop
      vertex 284.944 13.8757 3
      vertex 167.176 13.8757 3
      vertex 284.693 13.6333 3
    endloop
  endfacet
  facet normal 0 -0 1
    outer loop
      vertex 167.427 13.6333 3
      vertex 284.693 13.6333 3
      vertex 167.176 13.8757 3
    endloop
  endfacet
  facet normal 0 0 1
    outer loop
      vertex 284.693 13.6333 3
      vertex 167.427 13.6333 3
      vertex 284.46 13.3739 3
    endloop
  endfacet
  facet normal 0 -0 1
    outer loop
      vertex 167.66 13.3739 3
      vertex 284.46 13.3739 3
      vertex 167.427 13.6333 3
    endloop
  endfacet
  facet normal 0 0 1
    outer loop
      vertex 284.46 13.3739 3
      vertex 167.66 13.3739 3
      vertex 284.245 13.0989 3
    endloop
  endfacet
  facet normal 0 -0 1
    outer loop
      vertex 167.875 13.0989 3
      vertex 284.245 13.0989 3
      vertex 167.66 13.3739 3
    endloop
  endfacet
  facet normal 0 0 1
    outer loop
      vertex 283.302 10.5088 3
      vertex 168.83 10.16 3
      vertex 283.29 10.16 3
    endloop
  endfacet
  facet normal 0 0 1
    outer loop
      vertex 168.818 10.5088 3
      vertex 283.302 10.5088 3
      vertex 283.339 10.8559 3
    endloop
  endfacet
  facet normal 0 0 1
    outer loop
      vertex 168.781 10.8559 3
      vertex 283.339 10.8559 3
      vertex 283.399 11.1996 3
    endloop
  endfacet
  facet normal 0 0 1
    outer loop
      vertex 284.245 13.0989 3
      vertex 167.875 13.0989 3
      vertex 284.05 12.8096 3
    endloop
  endfacet
  facet normal 0 0 1
    outer loop
      vertex 283.302 10.5088 3
      vertex 168.818 10.5088 3
      vertex 168.83 10.16 3
    endloop
  endfacet
  facet normal 0 0 1
    outer loop
      vertex 283.339 10.8559 3
      vertex 168.781 10.8559 3
      vertex 168.818 10.5088 3
    endloop
  endfacet
  facet normal 0 0 1
    outer loop
      vertex 283.399 11.1996 3
      vertex 168.721 11.1996 3
      vertex 168.781 10.8559 3
    endloop
  endfacet
  facet normal 0 0 1
    outer loop
      vertex 283.399 11.1996 3
      vertex 168.636 11.5382 3
      vertex 168.721 11.1996 3
    endloop
  endfacet
  facet normal 0 0 1
    outer loop
      vertex 283.484 11.5382 3
      vertex 168.636 11.5382 3
      vertex 283.399 11.1996 3
    endloop
  endfacet
  facet normal 0 -0 1
    outer loop
      vertex 168.636 11.5382 3
      vertex 283.484 11.5382 3
      vertex 168.528 11.8701 3
    endloop
  endfacet
  facet normal 0 0 1
    outer loop
      vertex 283.592 11.8701 3
      vertex 168.528 11.8701 3
      vertex 283.484 11.5382 3
    endloop
  endfacet
  facet normal 0 -0 1
    outer loop
      vertex 168.528 11.8701 3
      vertex 283.592 11.8701 3
      vertex 168.398 12.1937 3
    endloop
  endfacet
  facet normal 0 0 1
    outer loop
      vertex 283.722 12.1937 3
      vertex 168.398 12.1937 3
      vertex 283.592 11.8701 3
    endloop
  endfacet
  facet normal 0 -0 1
    outer loop
      vertex 168.398 12.1937 3
      vertex 283.722 12.1937 3
      vertex 168.245 12.5074 3
    endloop
  endfacet
  facet normal 0 0 1
    outer loop
      vertex 283.875 12.5074 3
      vertex 168.245 12.5074 3
      vertex 283.722 12.1937 3
    endloop
  endfacet
  facet normal 0 -0 1
    outer loop
      vertex 168.245 12.5074 3
      vertex 283.875 12.5074 3
      vertex 168.07 12.8096 3
    endloop
  endfacet
  facet normal 0 -0 1
    outer loop
      vertex 168.07 12.8096 3
      vertex 284.05 12.8096 3
      vertex 167.875 13.0989 3
    endloop
  endfacet
  facet normal 0 0 1
    outer loop
      vertex 284.05 12.8096 3
      vertex 168.07 12.8096 3
      vertex 283.875 12.5074 3
    endloop
  endfacet
  facet normal 0 0 1
    outer loop
      vertex 166.908 14.1001 3
      vertex 155.267 149.1 3
      vertex 166.626 14.3052 3
    endloop
  endfacet
  facet normal 0 0 1
    outer loop
      vertex 166.626 14.3052 3
      vertex 155.267 149.1 3
      vertex 166.33 14.4901 3
    endloop
  endfacet
  facet normal 0 0 1
    outer loop
      vertex 166.33 14.4901 3
      vertex 155.267 149.1 3
      vertex 166.022 14.654 3
    endloop
  endfacet
  facet normal 0 0 1
    outer loop
      vertex 166.022 14.654 3
      vertex 155.267 149.1 3
      vertex 165.703 14.7959 3
    endloop
  endfacet
  facet normal 0 0 1
    outer loop
      vertex 165.703 14.7959 3
      vertex 155.267 149.1 3
      vertex 165.375 14.9153 3
    endloop
  endfacet
  facet normal 0 0 1
    outer loop
      vertex 165.375 14.9153 3
      vertex 155.267 149.1 3
      vertex 165.04 15.0115 3
    endloop
  endfacet
  facet normal 0 0 1
    outer loop
      vertex 165.04 15.0115 3
      vertex 155.267 149.1 3
      vertex 164.698 15.084 3
    endloop
  endfacet
  facet normal 0 0 1
    outer loop
      vertex 164.698 15.084 3
      vertex 155.267 149.1 3
      vertex 164.353 15.1326 3
    endloop
  endfacet
  facet normal 0 0 1
    outer loop
      vertex 164.353 15.1326 3
      vertex 155.267 149.1 3
      vertex 164.005 15.157 3
    endloop
  endfacet
  facet normal 0 0 1
    outer loop
      vertex 164.005 15.157 3
      vertex 155.267 149.1 3
      vertex 163.656 15.157 3
    endloop
  endfacet
  facet normal 0 0 1
    outer loop
      vertex 163.656 15.157 3
      vertex 155.267 149.1 3
      vertex 163.307 15.1326 3
    endloop
  endfacet
  facet normal 0 0 1
    outer loop
      vertex 163.307 15.1326 3
      vertex 155.267 149.1 3
      vertex 162.962 15.084 3
    endloop
  endfacet
  facet normal 0 0 1
    outer loop
      vertex 162.962 15.084 3
      vertex 155.267 149.1 3
      vertex 162.62 15.0115 3
    endloop
  endfacet
  facet normal 0 0 1
    outer loop
      vertex 162.62 15.0115 3
      vertex 155.267 149.1 3
      vertex 162.285 14.9153 3
    endloop
  endfacet
  facet normal 0 0 1
    outer loop
      vertex 162.285 14.9153 3
      vertex 155.267 149.1 3
      vertex 161.957 14.7959 3
    endloop
  endfacet
  facet normal 0 0 1
    outer loop
      vertex 161.957 14.7959 3
      vertex 155.267 149.1 3
      vertex 161.638 14.654 3
    endloop
  endfacet
  facet normal 0 0 1
    outer loop
      vertex 161.638 14.654 3
      vertex 155.267 149.1 3
      vertex 161.33 14.4901 3
    endloop
  endfacet
  facet normal 0 0 1
    outer loop
      vertex 161.33 14.4901 3
      vertex 155.267 149.1 3
      vertex 161.034 14.3052 3
    endloop
  endfacet
  facet normal 0 0 1
    outer loop
      vertex 161.034 14.3052 3
      vertex 155.267 149.1 3
      vertex 160.752 14.1001 3
    endloop
  endfacet
  facet normal 0 0 1
    outer loop
      vertex 158.879 10.8559 3
      vertex 155.267 -0.999999 3
      vertex 158.842 10.5088 3
    endloop
  endfacet
  facet normal 0 0 1
    outer loop
      vertex 158.939 11.1996 3
      vertex 155.267 -0.999999 3
      vertex 158.879 10.8559 3
    endloop
  endfacet
  facet normal 0 0 1
    outer loop
      vertex 159.024 11.5382 3
      vertex 155.267 -0.999999 3
      vertex 158.939 11.1996 3
    endloop
  endfacet
  facet normal 0 0 1
    outer loop
      vertex 155.267 -0.999999 3
      vertex 159.024 11.5382 3
      vertex 155.267 149.1 3
    endloop
  endfacet
  facet normal 0 0 1
    outer loop
      vertex 159.132 11.8701 3
      vertex 155.267 149.1 3
      vertex 159.024 11.5382 3
    endloop
  endfacet
  facet normal 0 0 1
    outer loop
      vertex 159.262 12.1937 3
      vertex 155.267 149.1 3
      vertex 159.132 11.8701 3
    endloop
  endfacet
  facet normal 0 0 1
    outer loop
      vertex 159.415 12.5074 3
      vertex 155.267 149.1 3
      vertex 159.262 12.1937 3
    endloop
  endfacet
  facet normal 0 0 1
    outer loop
      vertex 159.59 12.8096 3
      vertex 155.267 149.1 3
      vertex 159.415 12.5074 3
    endloop
  endfacet
  facet normal 0 0 1
    outer loop
      vertex 159.785 13.0989 3
      vertex 155.267 149.1 3
      vertex 159.59 12.8096 3
    endloop
  endfacet
  facet normal 0 0 1
    outer loop
      vertex 160 13.3739 3
      vertex 155.267 149.1 3
      vertex 159.785 13.0989 3
    endloop
  endfacet
  facet normal 0 0 1
    outer loop
      vertex 160.233 13.6333 3
      vertex 155.267 149.1 3
      vertex 160 13.3739 3
    endloop
  endfacet
  facet normal 0 0 1
    outer loop
      vertex 160.484 13.8757 3
      vertex 155.267 149.1 3
      vertex 160.233 13.6333 3
    endloop
  endfacet
  facet normal 0 0 1
    outer loop
      vertex 160.752 14.1001 3
      vertex 155.267 149.1 3
      vertex 160.484 13.8757 3
    endloop
  endfacet
  facet normal -0 0 1
    outer loop
      vertex 293.278 9.81122 3
      vertex 310.533 -0.999999 3
      vertex 293.29 10.16 3
    endloop
  endfacet
  facet normal -0 0 1
    outer loop
      vertex 293.241 9.46414 3
      vertex 310.533 -0.999999 3
      vertex 293.278 9.81122 3
    endloop
  endfacet
  facet normal -0 0 1
    outer loop
      vertex 293.181 9.12044 3
      vertex 310.533 -0.999999 3
      vertex 293.241 9.46414 3
    endloop
  endfacet
  facet normal -0 0 1
    outer loop
      vertex 293.096 8.78181 3
      vertex 310.533 -0.999999 3
      vertex 293.181 9.12044 3
    endloop
  endfacet
  facet normal -0 0 1
    outer loop
      vertex 292.988 8.4499 3
      vertex 310.533 -0.999999 3
      vertex 293.096 8.78181 3
    endloop
  endfacet
  facet normal -0 0 1
    outer loop
      vertex 292.858 8.12632 3
      vertex 310.533 -0.999999 3
      vertex 292.988 8.4499 3
    endloop
  endfacet
  facet normal -0 0 1
    outer loop
      vertex 292.705 7.81264 3
      vertex 310.533 -0.999999 3
      vertex 292.858 8.12632 3
    endloop
  endfacet
  facet normal -0 0 1
    outer loop
      vertex 292.53 7.5104 3
      vertex 310.533 -0.999999 3
      vertex 292.705 7.81264 3
    endloop
  endfacet
  facet normal -0 0 1
    outer loop
      vertex 292.335 7.22107 3
      vertex 310.533 -0.999999 3
      vertex 292.53 7.5104 3
    endloop
  endfacet
  facet normal -0 0 1
    outer loop
      vertex 292.12 6.94606 3
      vertex 310.533 -0.999999 3
      vertex 292.335 7.22107 3
    endloop
  endfacet
  facet normal -0 0 1
    outer loop
      vertex 291.887 6.68671 3
      vertex 310.533 -0.999999 3
      vertex 292.12 6.94606 3
    endloop
  endfacet
  facet normal -0 0 1
    outer loop
      vertex 291.636 6.44428 3
      vertex 310.533 -0.999999 3
      vertex 291.887 6.68671 3
    endloop
  endfacet
  facet normal -0 0 1
    outer loop
      vertex 291.368 6.21995 3
      vertex 310.533 -0.999999 3
      vertex 291.636 6.44428 3
    endloop
  endfacet
  facet normal -0 0 1
    outer loop
      vertex 291.086 6.01481 3
      vertex 310.533 -0.999999 3
      vertex 291.368 6.21995 3
    endloop
  endfacet
  facet normal -0 0 1
    outer loop
      vertex 290.79 5.82987 3
      vertex 310.533 -0.999999 3
      vertex 291.086 6.01481 3
    endloop
  endfacet
  facet normal -0 0 1
    outer loop
      vertex 290.482 5.66603 3
      vertex 310.533 -0.999999 3
      vertex 290.79 5.82987 3
    endloop
  endfacet
  facet normal -0 0 1
    outer loop
      vertex 290.163 5.52408 3
      vertex 310.533 -0.999999 3
      vertex 290.482 5.66603 3
    endloop
  endfacet
  facet normal -0 0 1
    outer loop
      vertex 289.835 5.40472 3
      vertex 310.533 -0.999999 3
      vertex 290.163 5.52408 3
    endloop
  endfacet
  facet normal -0 0 1
    outer loop
      vertex 289.5 5.30852 3
      vertex 310.533 -0.999999 3
      vertex 289.835 5.40472 3
    endloop
  endfacet
  facet normal -0 0 1
    outer loop
      vertex 289.158 5.23596 3
      vertex 310.533 -0.999999 3
      vertex 289.5 5.30852 3
    endloop
  endfacet
  facet normal -0 0 1
    outer loop
      vertex 288.813 5.18739 3
      vertex 310.533 -0.999999 3
      vertex 289.158 5.23596 3
    endloop
  endfacet
  facet normal -0 0 1
    outer loop
      vertex 288.465 5.16305 3
      vertex 310.533 -0.999999 3
      vertex 288.813 5.18739 3
    endloop
  endfacet
  facet normal -0 0 1
    outer loop
      vertex 288.116 5.16305 3
      vertex 310.533 -0.999999 3
      vertex 288.465 5.16305 3
    endloop
  endfacet
  facet normal 0 0 1
    outer loop
      vertex 287.767 5.18739 3
      vertex 310.533 -0.999999 3
      vertex 288.116 5.16305 3
    endloop
  endfacet
  facet normal 0 0 1
    outer loop
      vertex 287.422 5.23596 3
      vertex 310.533 -0.999999 3
      vertex 287.767 5.18739 3
    endloop
  endfacet
  facet normal 0 0 1
    outer loop
      vertex 287.08 5.30852 3
      vertex 310.533 -0.999999 3
      vertex 287.422 5.23596 3
    endloop
  endfacet
  facet normal -0 0 1
    outer loop
      vertex 168.83 10.16 3
      vertex 283.302 9.81122 3
      vertex 283.29 10.16 3
    endloop
  endfacet
  facet normal 0 0 1
    outer loop
      vertex 168.818 9.81122 3
      vertex 283.302 9.81122 3
      vertex 168.83 10.16 3
    endloop
  endfacet
  facet normal 0 0 1
    outer loop
      vertex 283.302 9.81122 3
      vertex 168.818 9.81122 3
      vertex 283.339 9.46414 3
    endloop
  endfacet
  facet normal 0 0 1
    outer loop
      vertex 168.781 9.46414 3
      vertex 283.339 9.46414 3
      vertex 168.818 9.81122 3
    endloop
  endfacet
  facet normal 0 0 1
    outer loop
      vertex 283.339 9.46414 3
      vertex 168.781 9.46414 3
      vertex 283.399 9.12044 3
    endloop
  endfacet
  facet normal 0 0 1
    outer loop
      vertex 168.721 9.12044 3
      vertex 283.399 9.12044 3
      vertex 168.781 9.46414 3
    endloop
  endfacet
  facet normal 0 0 1
    outer loop
      vertex 283.399 9.12044 3
      vertex 168.721 9.12044 3
      vertex 283.484 8.78181 3
    endloop
  endfacet
  facet normal 0 0 1
    outer loop
      vertex 168.636 8.78181 3
      vertex 283.484 8.78181 3
      vertex 168.721 9.12044 3
    endloop
  endfacet
  facet normal 0 0 1
    outer loop
      vertex 283.484 8.78181 3
      vertex 168.636 8.78181 3
      vertex 283.592 8.4499 3
    endloop
  endfacet
  facet normal 0 0 1
    outer loop
      vertex 168.528 8.4499 3
      vertex 283.592 8.4499 3
      vertex 168.636 8.78181 3
    endloop
  endfacet
  facet normal 0 0 1
    outer loop
      vertex 283.592 8.4499 3
      vertex 168.528 8.4499 3
      vertex 283.722 8.12632 3
    endloop
  endfacet
  facet normal 0 0 1
    outer loop
      vertex 168.398 8.12632 3
      vertex 283.722 8.12632 3
      vertex 168.528 8.4499 3
    endloop
  endfacet
  facet normal 0 0 1
    outer loop
      vertex 283.722 8.12632 3
      vertex 168.398 8.12632 3
      vertex 283.875 7.81264 3
    endloop
  endfacet
  facet normal 0 0 1
    outer loop
      vertex 168.245 7.81264 3
      vertex 283.875 7.81264 3
      vertex 168.398 8.12632 3
    endloop
  endfacet
  facet normal 0 0 1
    outer loop
      vertex 283.875 7.81264 3
      vertex 168.245 7.81264 3
      vertex 284.05 7.5104 3
    endloop
  endfacet
  facet normal 0 0 1
    outer loop
      vertex 168.07 7.5104 3
      vertex 284.05 7.5104 3
      vertex 168.245 7.81264 3
    endloop
  endfacet
  facet normal 0 0 1
    outer loop
      vertex 284.05 7.5104 3
      vertex 168.07 7.5104 3
      vertex 284.245 7.22107 3
    endloop
  endfacet
  facet normal 0 0 1
    outer loop
      vertex 167.875 7.22107 3
      vertex 284.245 7.22107 3
      vertex 168.07 7.5104 3
    endloop
  endfacet
  facet normal 0 0 1
    outer loop
      vertex 284.245 7.22107 3
      vertex 167.875 7.22107 3
      vertex 284.46 6.94606 3
    endloop
  endfacet
  facet normal 0 0 1
    outer loop
      vertex 167.66 6.94606 3
      vertex 284.46 6.94606 3
      vertex 167.875 7.22107 3
    endloop
  endfacet
  facet normal 0 0 1
    outer loop
      vertex 284.46 6.94606 3
      vertex 167.66 6.94606 3
      vertex 284.693 6.68671 3
    endloop
  endfacet
  facet normal 0 0 1
    outer loop
      vertex 167.427 6.68671 3
      vertex 284.693 6.68671 3
      vertex 167.66 6.94606 3
    endloop
  endfacet
  facet normal 0 0 1
    outer loop
      vertex 284.693 6.68671 3
      vertex 167.427 6.68671 3
      vertex 284.944 6.44428 3
    endloop
  endfacet
  facet normal 0 0 1
    outer loop
      vertex 167.176 6.44428 3
      vertex 284.944 6.44428 3
      vertex 167.427 6.68671 3
    endloop
  endfacet
  facet normal 0 0 1
    outer loop
      vertex 284.944 6.44428 3
      vertex 167.176 6.44428 3
      vertex 285.212 6.21995 3
    endloop
  endfacet
  facet normal 0 0 1
    outer loop
      vertex 166.908 6.21995 3
      vertex 285.212 6.21995 3
      vertex 167.176 6.44428 3
    endloop
  endfacet
  facet normal 0 0 1
    outer loop
      vertex 285.212 6.21995 3
      vertex 166.908 6.21995 3
      vertex 285.494 6.01481 3
    endloop
  endfacet
  facet normal 0 0 1
    outer loop
      vertex 166.626 6.01481 3
      vertex 285.494 6.01481 3
      vertex 166.908 6.21995 3
    endloop
  endfacet
  facet normal 0 0 1
    outer loop
      vertex 285.494 6.01481 3
      vertex 166.626 6.01481 3
      vertex 285.79 5.82987 3
    endloop
  endfacet
  facet normal 0 0 1
    outer loop
      vertex 166.33 5.82987 3
      vertex 285.79 5.82987 3
      vertex 166.626 6.01481 3
    endloop
  endfacet
  facet normal 0 0 1
    outer loop
      vertex 155.267 -0.999999 3
      vertex 285.79 5.82987 3
      vertex 166.33 5.82987 3
    endloop
  endfacet
  facet normal 0 0 1
    outer loop
      vertex 285.79 5.82987 3
      vertex 155.267 -0.999999 3
      vertex 286.098 5.66603 3
    endloop
  endfacet
  facet normal 0 0 1
    outer loop
      vertex 286.098 5.66603 3
      vertex 155.267 -0.999999 3
      vertex 286.417 5.52408 3
    endloop
  endfacet
  facet normal 0 0 1
    outer loop
      vertex 286.417 5.52408 3
      vertex 155.267 -0.999999 3
      vertex 286.745 5.40472 3
    endloop
  endfacet
  facet normal 0 0 1
    outer loop
      vertex 286.745 5.40472 3
      vertex 155.267 -0.999999 3
      vertex 287.08 5.30852 3
    endloop
  endfacet
  facet normal 0 0 1
    outer loop
      vertex 155.267 -0.999999 3
      vertex 166.33 5.82987 3
      vertex 166.022 5.66603 3
    endloop
  endfacet
  facet normal 0 0 1
    outer loop
      vertex 155.267 -0.999999 3
      vertex 166.022 5.66603 3
      vertex 165.703 5.52408 3
    endloop
  endfacet
  facet normal 0 0 1
    outer loop
      vertex 155.267 -0.999999 3
      vertex 165.703 5.52408 3
      vertex 165.375 5.40472 3
    endloop
  endfacet
  facet normal 0 0 1
    outer loop
      vertex 155.267 -0.999999 3
      vertex 165.375 5.40472 3
      vertex 165.04 5.30852 3
    endloop
  endfacet
  facet normal 0 0 1
    outer loop
      vertex 155.267 -0.999999 3
      vertex 165.04 5.30852 3
      vertex 164.698 5.23596 3
    endloop
  endfacet
  facet normal 0 0 1
    outer loop
      vertex 155.267 -0.999999 3
      vertex 164.698 5.23596 3
      vertex 164.353 5.18739 3
    endloop
  endfacet
  facet normal 0 0 1
    outer loop
      vertex 155.267 -0.999999 3
      vertex 164.353 5.18739 3
      vertex 164.005 5.16305 3
    endloop
  endfacet
  facet normal 0 0 1
    outer loop
      vertex 155.267 -0.999999 3
      vertex 164.005 5.16305 3
      vertex 163.656 5.16305 3
    endloop
  endfacet
  facet normal 0 0 1
    outer loop
      vertex 287.08 5.30852 3
      vertex 155.267 -0.999999 3
      vertex 310.533 -0.999999 3
    endloop
  endfacet
  facet normal 0 0 1
    outer loop
      vertex 163.307 5.18739 3
      vertex 155.267 -0.999999 3
      vertex 163.656 5.16305 3
    endloop
  endfacet
  facet normal 0 0 1
    outer loop
      vertex 162.962 5.23596 3
      vertex 155.267 -0.999999 3
      vertex 163.307 5.18739 3
    endloop
  endfacet
  facet normal 0 0 1
    outer loop
      vertex 162.62 5.30852 3
      vertex 155.267 -0.999999 3
      vertex 162.962 5.23596 3
    endloop
  endfacet
  facet normal 0 0 1
    outer loop
      vertex 162.285 5.40472 3
      vertex 155.267 -0.999999 3
      vertex 162.62 5.30852 3
    endloop
  endfacet
  facet normal 0 0 1
    outer loop
      vertex 161.957 5.52408 3
      vertex 155.267 -0.999999 3
      vertex 162.285 5.40472 3
    endloop
  endfacet
  facet normal 0 0 1
    outer loop
      vertex 161.638 5.66603 3
      vertex 155.267 -0.999999 3
      vertex 161.957 5.52408 3
    endloop
  endfacet
  facet normal 0 0 1
    outer loop
      vertex 161.33 5.82987 3
      vertex 155.267 -0.999999 3
      vertex 161.638 5.66603 3
    endloop
  endfacet
  facet normal 0 0 1
    outer loop
      vertex 161.034 6.01481 3
      vertex 155.267 -0.999999 3
      vertex 161.33 5.82987 3
    endloop
  endfacet
  facet normal 0 0 1
    outer loop
      vertex 160.752 6.21995 3
      vertex 155.267 -0.999999 3
      vertex 161.034 6.01481 3
    endloop
  endfacet
  facet normal 0 0 1
    outer loop
      vertex 160.484 6.44428 3
      vertex 155.267 -0.999999 3
      vertex 160.752 6.21995 3
    endloop
  endfacet
  facet normal 0 0 1
    outer loop
      vertex 160.233 6.68671 3
      vertex 155.267 -0.999999 3
      vertex 160.484 6.44428 3
    endloop
  endfacet
  facet normal 0 0 1
    outer loop
      vertex 160 6.94606 3
      vertex 155.267 -0.999999 3
      vertex 160.233 6.68671 3
    endloop
  endfacet
  facet normal 0 0 1
    outer loop
      vertex 159.785 7.22107 3
      vertex 155.267 -0.999999 3
      vertex 160 6.94606 3
    endloop
  endfacet
  facet normal 0 0 1
    outer loop
      vertex 159.59 7.5104 3
      vertex 155.267 -0.999999 3
      vertex 159.785 7.22107 3
    endloop
  endfacet
  facet normal 0 0 1
    outer loop
      vertex 159.415 7.81264 3
      vertex 155.267 -0.999999 3
      vertex 159.59 7.5104 3
    endloop
  endfacet
  facet normal 0 0 1
    outer loop
      vertex 159.262 8.12632 3
      vertex 155.267 -0.999999 3
      vertex 159.415 7.81264 3
    endloop
  endfacet
  facet normal 0 0 1
    outer loop
      vertex 159.132 8.4499 3
      vertex 155.267 -0.999999 3
      vertex 159.262 8.12632 3
    endloop
  endfacet
  facet normal 0 0 1
    outer loop
      vertex 159.024 8.78181 3
      vertex 155.267 -0.999999 3
      vertex 159.132 8.4499 3
    endloop
  endfacet
  facet normal 0 0 1
    outer loop
      vertex 158.939 9.12044 3
      vertex 155.267 -0.999999 3
      vertex 159.024 8.78181 3
    endloop
  endfacet
  facet normal 0 0 1
    outer loop
      vertex 158.879 9.46414 3
      vertex 155.267 -0.999999 3
      vertex 158.939 9.12044 3
    endloop
  endfacet
  facet normal 0 0 1
    outer loop
      vertex 158.842 9.81122 3
      vertex 155.267 -0.999999 3
      vertex 158.879 9.46414 3
    endloop
  endfacet
  facet normal 0 0 1
    outer loop
      vertex 158.83 10.16 3
      vertex 155.267 -0.999999 3
      vertex 158.842 9.81122 3
    endloop
  endfacet
  facet normal 0 0 1
    outer loop
      vertex 158.842 10.5088 3
      vertex 155.267 -0.999999 3
      vertex 158.83 10.16 3
    endloop
  endfacet
  facet normal -1 0 0
    outer loop
      vertex 156.13 -4 10.75
      vertex 156.13 -0.999999 15
      vertex 156.13 -0.999999 10.75
    endloop
  endfacet
  facet normal -1 -0 0
    outer loop
      vertex 156.13 -0.999999 15
      vertex 156.13 -4 10.75
      vertex 156.13 -4 15
    endloop
  endfacet
  facet normal -0 0 1
    outer loop
      vertex 155.277 -0.999999 10.75
      vertex 156.13 -4 10.75
      vertex 156.13 -0.999999 10.75
    endloop
  endfacet
  facet normal 0 0 1
    outer loop
      vertex 156.13 -4 10.75
      vertex 155.277 -0.999999 10.75
      vertex 155.277 -4 10.75
    endloop
  endfacet
  facet normal 0.500006 0.866022 -0
    outer loop
      vertex 290.79 11.6034 4
      vertex 288.29 13.0468 13
      vertex 290.79 11.6034 13
    endloop
  endfacet
  facet normal 0.500006 0.866022 0
    outer loop
      vertex 288.29 13.0468 13
      vertex 290.79 11.6034 4
      vertex 288.29 13.0468 4
    endloop
  endfacet
  facet normal -1 0 0
    outer loop
      vertex 285.79 8.71662 4
      vertex 285.79 11.6034 13
      vertex 285.79 11.6034 4
    endloop
  endfacet
  facet normal -1 -0 0
    outer loop
      vertex 285.79 11.6034 13
      vertex 285.79 8.71662 4
      vertex 285.79 8.71662 13
    endloop
  endfacet
  facet normal -0.500006 0.866022 0
    outer loop
      vertex 288.29 13.0468 4
      vertex 285.79 11.6034 13
      vertex 288.29 13.0468 13
    endloop
  endfacet
  facet normal -0.500006 0.866022 0
    outer loop
      vertex 285.79 11.6034 13
      vertex 288.29 13.0468 4
      vertex 285.79 11.6034 4
    endloop
  endfacet
  facet normal 0 0 1
    outer loop
      vertex 290.79 11.6034 13
      vertex 289.79 10.16 13
      vertex 290.79 8.71662 13
    endloop
  endfacet
  facet normal 0 0 1
    outer loop
      vertex 290.79 11.6034 13
      vertex 289.786 10.2646 13
      vertex 289.79 10.16 13
    endloop
  endfacet
  facet normal 0 0 1
    outer loop
      vertex 290.79 11.6034 13
      vertex 289.775 10.3688 13
      vertex 289.786 10.2646 13
    endloop
  endfacet
  facet normal 0 0 1
    outer loop
      vertex 290.79 11.6034 13
      vertex 289.757 10.4719 13
      vertex 289.775 10.3688 13
    endloop
  endfacet
  facet normal 0 0 1
    outer loop
      vertex 290.79 11.6034 13
      vertex 289.732 10.5735 13
      vertex 289.757 10.4719 13
    endloop
  endfacet
  facet normal 0 0 1
    outer loop
      vertex 290.79 11.6034 13
      vertex 289.7 10.673 13
      vertex 289.732 10.5735 13
    endloop
  endfacet
  facet normal 0 0 1
    outer loop
      vertex 290.79 11.6034 13
      vertex 289.66 10.7701 13
      vertex 289.7 10.673 13
    endloop
  endfacet
  facet normal 0 0 1
    outer loop
      vertex 290.79 11.6034 13
      vertex 289.614 10.8642 13
      vertex 289.66 10.7701 13
    endloop
  endfacet
  facet normal 0 0 1
    outer loop
      vertex 290.79 11.6034 13
      vertex 289.562 10.9549 13
      vertex 289.614 10.8642 13
    endloop
  endfacet
  facet normal 0 0 1
    outer loop
      vertex 290.79 11.6034 13
      vertex 289.504 11.0417 13
      vertex 289.562 10.9549 13
    endloop
  endfacet
  facet normal 0 0 1
    outer loop
      vertex 290.79 11.6034 13
      vertex 289.439 11.1242 13
      vertex 289.504 11.0417 13
    endloop
  endfacet
  facet normal 0 0 1
    outer loop
      vertex 290.79 11.6034 13
      vertex 289.369 11.202 13
      vertex 289.439 11.1242 13
    endloop
  endfacet
  facet normal 0 0 1
    outer loop
      vertex 290.79 11.6034 13
      vertex 289.294 11.2747 13
      vertex 289.369 11.202 13
    endloop
  endfacet
  facet normal 0 0 1
    outer loop
      vertex 290.79 11.6034 13
      vertex 289.214 11.342 13
      vertex 289.294 11.2747 13
    endloop
  endfacet
  facet normal 0 0 1
    outer loop
      vertex 290.79 11.6034 13
      vertex 289.129 11.4036 13
      vertex 289.214 11.342 13
    endloop
  endfacet
  facet normal 0 0 1
    outer loop
      vertex 290.79 11.6034 13
      vertex 289.04 11.459 13
      vertex 289.129 11.4036 13
    endloop
  endfacet
  facet normal 0 0 1
    outer loop
      vertex 288.29 13.0468 13
      vertex 289.04 11.459 13
      vertex 290.79 11.6034 13
    endloop
  endfacet
  facet normal 0 0 1
    outer loop
      vertex 289.04 11.459 13
      vertex 288.29 13.0468 13
      vertex 288.948 11.5082 13
    endloop
  endfacet
  facet normal 0 0 1
    outer loop
      vertex 288.948 11.5082 13
      vertex 288.29 13.0468 13
      vertex 288.852 11.5508 13
    endloop
  endfacet
  facet normal 0 0 1
    outer loop
      vertex 288.852 11.5508 13
      vertex 288.29 13.0468 13
      vertex 288.754 11.5866 13
    endloop
  endfacet
  facet normal 0 0 1
    outer loop
      vertex 288.754 11.5866 13
      vertex 288.29 13.0468 13
      vertex 288.653 11.6154 13
    endloop
  endfacet
  facet normal 0 0 1
    outer loop
      vertex 288.653 11.6154 13
      vertex 288.29 13.0468 13
      vertex 288.55 11.6372 13
    endloop
  endfacet
  facet normal 0 0 1
    outer loop
      vertex 288.55 11.6372 13
      vertex 288.29 13.0468 13
      vertex 288.447 11.6518 13
    endloop
  endfacet
  facet normal 0 0 1
    outer loop
      vertex 288.447 11.6518 13
      vertex 288.29 13.0468 13
      vertex 288.342 11.6591 13
    endloop
  endfacet
  facet normal 0 0 1
    outer loop
      vertex 288.29 13.0468 13
      vertex 288.238 11.6591 13
      vertex 288.342 11.6591 13
    endloop
  endfacet
  facet normal 0 0 1
    outer loop
      vertex 288.29 13.0468 13
      vertex 288.133 11.6518 13
      vertex 288.238 11.6591 13
    endloop
  endfacet
  facet normal 0 0 1
    outer loop
      vertex 288.29 13.0468 13
      vertex 288.03 11.6372 13
      vertex 288.133 11.6518 13
    endloop
  endfacet
  facet normal 0 0 1
    outer loop
      vertex 288.29 13.0468 13
      vertex 287.927 11.6154 13
      vertex 288.03 11.6372 13
    endloop
  endfacet
  facet normal 0 0 1
    outer loop
      vertex 288.29 13.0468 13
      vertex 287.826 11.5866 13
      vertex 287.927 11.6154 13
    endloop
  endfacet
  facet normal 0 0 1
    outer loop
      vertex 288.29 13.0468 13
      vertex 287.728 11.5508 13
      vertex 287.826 11.5866 13
    endloop
  endfacet
  facet normal 0 0 1
    outer loop
      vertex 288.29 13.0468 13
      vertex 287.632 11.5082 13
      vertex 287.728 11.5508 13
    endloop
  endfacet
  facet normal 0 0 1
    outer loop
      vertex 288.29 13.0468 13
      vertex 287.54 11.459 13
      vertex 287.632 11.5082 13
    endloop
  endfacet
  facet normal -0 0 1
    outer loop
      vertex 285.79 11.6034 13
      vertex 287.54 11.459 13
      vertex 288.29 13.0468 13
    endloop
  endfacet
  facet normal 0 0 1
    outer loop
      vertex 287.54 11.459 13
      vertex 285.79 11.6034 13
      vertex 287.451 11.4036 13
    endloop
  endfacet
  facet normal 0 0 1
    outer loop
      vertex 287.451 11.4036 13
      vertex 285.79 11.6034 13
      vertex 287.367 11.342 13
    endloop
  endfacet
  facet normal 0 0 1
    outer loop
      vertex 287.367 11.342 13
      vertex 285.79 11.6034 13
      vertex 287.286 11.2747 13
    endloop
  endfacet
  facet normal 0 0 1
    outer loop
      vertex 287.286 11.2747 13
      vertex 285.79 11.6034 13
      vertex 287.211 11.202 13
    endloop
  endfacet
  facet normal 0 0 1
    outer loop
      vertex 287.211 11.202 13
      vertex 285.79 11.6034 13
      vertex 287.141 11.1242 13
    endloop
  endfacet
  facet normal 0 0 1
    outer loop
      vertex 287.141 11.1242 13
      vertex 285.79 11.6034 13
      vertex 287.076 11.0417 13
    endloop
  endfacet
  facet normal 0 0 1
    outer loop
      vertex 286.794 10.2646 13
      vertex 285.79 11.6034 13
      vertex 286.79 10.16 13
    endloop
  endfacet
  facet normal 0 0 1
    outer loop
      vertex 286.805 10.3688 13
      vertex 285.79 11.6034 13
      vertex 286.794 10.2646 13
    endloop
  endfacet
  facet normal 0 0 1
    outer loop
      vertex 286.823 10.4719 13
      vertex 285.79 11.6034 13
      vertex 286.805 10.3688 13
    endloop
  endfacet
  facet normal 0 0 1
    outer loop
      vertex 286.848 10.5735 13
      vertex 285.79 11.6034 13
      vertex 286.823 10.4719 13
    endloop
  endfacet
  facet normal 0 0 1
    outer loop
      vertex 286.88 10.673 13
      vertex 285.79 11.6034 13
      vertex 286.848 10.5735 13
    endloop
  endfacet
  facet normal 0 0 1
    outer loop
      vertex 286.92 10.7701 13
      vertex 285.79 11.6034 13
      vertex 286.88 10.673 13
    endloop
  endfacet
  facet normal 0 0 1
    outer loop
      vertex 286.966 10.8642 13
      vertex 285.79 11.6034 13
      vertex 286.92 10.7701 13
    endloop
  endfacet
  facet normal 0 0 1
    outer loop
      vertex 287.018 10.9549 13
      vertex 285.79 11.6034 13
      vertex 286.966 10.8642 13
    endloop
  endfacet
  facet normal 0 0 1
    outer loop
      vertex 287.076 11.0417 13
      vertex 285.79 11.6034 13
      vertex 287.018 10.9549 13
    endloop
  endfacet
  facet normal -0 0 1
    outer loop
      vertex 289.786 10.0554 13
      vertex 290.79 8.71662 13
      vertex 289.79 10.16 13
    endloop
  endfacet
  facet normal -0 0 1
    outer loop
      vertex 289.775 9.95124 13
      vertex 290.79 8.71662 13
      vertex 289.786 10.0554 13
    endloop
  endfacet
  facet normal -0 0 1
    outer loop
      vertex 289.757 9.84813 13
      vertex 290.79 8.71662 13
      vertex 289.775 9.95124 13
    endloop
  endfacet
  facet normal -0 0 1
    outer loop
      vertex 289.732 9.74654 13
      vertex 290.79 8.71662 13
      vertex 289.757 9.84813 13
    endloop
  endfacet
  facet normal -0 0 1
    outer loop
      vertex 289.7 9.64697 13
      vertex 290.79 8.71662 13
      vertex 289.732 9.74654 13
    endloop
  endfacet
  facet normal -0 0 1
    outer loop
      vertex 289.66 9.5499 13
      vertex 290.79 8.71662 13
      vertex 289.7 9.64697 13
    endloop
  endfacet
  facet normal -0 0 1
    outer loop
      vertex 289.614 9.45579 13
      vertex 290.79 8.71662 13
      vertex 289.66 9.5499 13
    endloop
  endfacet
  facet normal -0 0 1
    outer loop
      vertex 289.562 9.36512 13
      vertex 290.79 8.71662 13
      vertex 289.614 9.45579 13
    endloop
  endfacet
  facet normal -0 0 1
    outer loop
      vertex 289.504 9.27832 13
      vertex 290.79 8.71662 13
      vertex 289.562 9.36512 13
    endloop
  endfacet
  facet normal -0 0 1
    outer loop
      vertex 289.439 9.19582 13
      vertex 290.79 8.71662 13
      vertex 289.504 9.27832 13
    endloop
  endfacet
  facet normal -0 0 1
    outer loop
      vertex 289.369 9.11801 13
      vertex 290.79 8.71662 13
      vertex 289.439 9.19582 13
    endloop
  endfacet
  facet normal -0 0 1
    outer loop
      vertex 289.294 9.04528 13
      vertex 290.79 8.71662 13
      vertex 289.369 9.11801 13
    endloop
  endfacet
  facet normal -0 0 1
    outer loop
      vertex 289.214 8.97798 13
      vertex 290.79 8.71662 13
      vertex 289.294 9.04528 13
    endloop
  endfacet
  facet normal -0 0 1
    outer loop
      vertex 289.129 8.91644 13
      vertex 290.79 8.71662 13
      vertex 289.214 8.97798 13
    endloop
  endfacet
  facet normal -0 0 1
    outer loop
      vertex 289.04 8.86096 13
      vertex 290.79 8.71662 13
      vertex 289.129 8.91644 13
    endloop
  endfacet
  facet normal 0 0 1
    outer loop
      vertex 288.29 7.27325 13
      vertex 289.04 8.86096 13
      vertex 288.948 8.81181 13
    endloop
  endfacet
  facet normal 0 0 1
    outer loop
      vertex 288.29 7.27325 13
      vertex 288.948 8.81181 13
      vertex 288.852 8.76922 13
    endloop
  endfacet
  facet normal 0 0 1
    outer loop
      vertex 288.29 7.27325 13
      vertex 288.852 8.76922 13
      vertex 288.754 8.73342 13
    endloop
  endfacet
  facet normal 0 0 1
    outer loop
      vertex 288.29 7.27325 13
      vertex 288.754 8.73342 13
      vertex 288.653 8.70456 13
    endloop
  endfacet
  facet normal 0 0 1
    outer loop
      vertex 288.29 7.27325 13
      vertex 288.653 8.70456 13
      vertex 288.55 8.68279 13
    endloop
  endfacet
  facet normal 0 0 1
    outer loop
      vertex 288.29 7.27325 13
      vertex 288.55 8.68279 13
      vertex 288.447 8.66822 13
    endloop
  endfacet
  facet normal 0 0 1
    outer loop
      vertex 288.29 7.27325 13
      vertex 288.447 8.66822 13
      vertex 288.342 8.66091 13
    endloop
  endfacet
  facet normal 0 0 1
    outer loop
      vertex 289.04 8.86096 13
      vertex 288.29 7.27325 13
      vertex 290.79 8.71662 13
    endloop
  endfacet
  facet normal -0 0 1
    outer loop
      vertex 288.238 8.66091 13
      vertex 288.29 7.27325 13
      vertex 288.342 8.66091 13
    endloop
  endfacet
  facet normal 0 0 1
    outer loop
      vertex 288.133 8.66822 13
      vertex 288.29 7.27325 13
      vertex 288.238 8.66091 13
    endloop
  endfacet
  facet normal 0 0 1
    outer loop
      vertex 288.03 8.68279 13
      vertex 288.29 7.27325 13
      vertex 288.133 8.66822 13
    endloop
  endfacet
  facet normal 0 0 1
    outer loop
      vertex 287.927 8.70456 13
      vertex 288.29 7.27325 13
      vertex 288.03 8.68279 13
    endloop
  endfacet
  facet normal 0 0 1
    outer loop
      vertex 287.826 8.73342 13
      vertex 288.29 7.27325 13
      vertex 287.927 8.70456 13
    endloop
  endfacet
  facet normal 0 0 1
    outer loop
      vertex 287.728 8.76922 13
      vertex 288.29 7.27325 13
      vertex 287.826 8.73342 13
    endloop
  endfacet
  facet normal 0 0 1
    outer loop
      vertex 287.632 8.81181 13
      vertex 288.29 7.27325 13
      vertex 287.728 8.76922 13
    endloop
  endfacet
  facet normal 0 0 1
    outer loop
      vertex 287.54 8.86096 13
      vertex 288.29 7.27325 13
      vertex 287.632 8.81181 13
    endloop
  endfacet
  facet normal 0 0 1
    outer loop
      vertex 285.79 8.71662 13
      vertex 287.54 8.86096 13
      vertex 287.451 8.91644 13
    endloop
  endfacet
  facet normal 0 0 1
    outer loop
      vertex 285.79 8.71662 13
      vertex 287.451 8.91644 13
      vertex 287.367 8.97798 13
    endloop
  endfacet
  facet normal 0 0 1
    outer loop
      vertex 285.79 8.71662 13
      vertex 287.367 8.97798 13
      vertex 287.286 9.04528 13
    endloop
  endfacet
  facet normal 0 0 1
    outer loop
      vertex 285.79 8.71662 13
      vertex 287.286 9.04528 13
      vertex 287.211 9.11801 13
    endloop
  endfacet
  facet normal 0 0 1
    outer loop
      vertex 285.79 8.71662 13
      vertex 287.211 9.11801 13
      vertex 287.141 9.19582 13
    endloop
  endfacet
  facet normal 0 0 1
    outer loop
      vertex 285.79 8.71662 13
      vertex 287.141 9.19582 13
      vertex 287.076 9.27832 13
    endloop
  endfacet
  facet normal 0 0 1
    outer loop
      vertex 285.79 8.71662 13
      vertex 287.076 9.27832 13
      vertex 287.018 9.36512 13
    endloop
  endfacet
  facet normal 0 0 1
    outer loop
      vertex 285.79 8.71662 13
      vertex 286.79 10.16 13
      vertex 285.79 11.6034 13
    endloop
  endfacet
  facet normal 0 0 1
    outer loop
      vertex 286.79 10.16 13
      vertex 285.79 8.71662 13
      vertex 286.794 10.0554 13
    endloop
  endfacet
  facet normal 0 0 1
    outer loop
      vertex 286.794 10.0554 13
      vertex 285.79 8.71662 13
      vertex 286.805 9.95124 13
    endloop
  endfacet
  facet normal 0 0 1
    outer loop
      vertex 286.805 9.95124 13
      vertex 285.79 8.71662 13
      vertex 286.823 9.84813 13
    endloop
  endfacet
  facet normal 0 0 1
    outer loop
      vertex 286.823 9.84813 13
      vertex 285.79 8.71662 13
      vertex 286.848 9.74654 13
    endloop
  endfacet
  facet normal 0 0 1
    outer loop
      vertex 286.848 9.74654 13
      vertex 285.79 8.71662 13
      vertex 286.88 9.64697 13
    endloop
  endfacet
  facet normal 0 0 1
    outer loop
      vertex 286.88 9.64697 13
      vertex 285.79 8.71662 13
      vertex 286.92 9.5499 13
    endloop
  endfacet
  facet normal 0 0 1
    outer loop
      vertex 287.54 8.86096 13
      vertex 285.79 8.71662 13
      vertex 288.29 7.27325 13
    endloop
  endfacet
  facet normal 0 0 1
    outer loop
      vertex 286.966 9.45579 13
      vertex 285.79 8.71662 13
      vertex 287.018 9.36512 13
    endloop
  endfacet
  facet normal 0 0 1
    outer loop
      vertex 286.92 9.5499 13
      vertex 285.79 8.71662 13
      vertex 286.966 9.45579 13
    endloop
  endfacet
  facet normal 1 -0 0
    outer loop
      vertex 290.79 8.71662 13
      vertex 290.79 11.6034 4
      vertex 290.79 11.6034 13
    endloop
  endfacet
  facet normal 1 0 0
    outer loop
      vertex 290.79 11.6034 4
      vertex 290.79 8.71662 13
      vertex 290.79 8.71662 4
    endloop
  endfacet
  facet normal 0.499999 -0.866026 0
    outer loop
      vertex 288.29 7.27325 4
      vertex 290.79 8.71662 13
      vertex 288.29 7.27325 13
    endloop
  endfacet
  facet normal 0.499999 -0.866026 0
    outer loop
      vertex 290.79 8.71662 13
      vertex 288.29 7.27325 4
      vertex 290.79 8.71662 4
    endloop
  endfacet
  facet normal -0.499999 -0.866026 0
    outer loop
      vertex 285.79 8.71662 4
      vertex 288.29 7.27325 13
      vertex 285.79 8.71662 13
    endloop
  endfacet
  facet normal -0.499999 -0.866026 -0
    outer loop
      vertex 288.29 7.27325 13
      vertex 285.79 8.71662 4
      vertex 288.29 7.27325 4
    endloop
  endfacet
  facet normal 0.999409 0.0343833 0
    outer loop
      vertex 293.29 10.16 4
      vertex 293.278 10.5088 3
      vertex 293.278 10.5088 4
    endloop
  endfacet
  facet normal 0.999409 0.0343833 0
    outer loop
      vertex 293.278 10.5088 3
      vertex 293.29 10.16 4
      vertex 293.29 10.16 3
    endloop
  endfacet
  facet normal -0.999409 0.0343833 0
    outer loop
      vertex 283.29 10.16 3
      vertex 283.302 10.5088 4
      vertex 283.302 10.5088 3
    endloop
  endfacet
  facet normal -0.999409 0.0343833 0
    outer loop
      vertex 283.302 10.5088 4
      vertex 283.29 10.16 3
      vertex 283.29 10.16 4
    endloop
  endfacet
  facet normal 0 1 -0
    outer loop
      vertex 288.465 15.157 3
      vertex 288.116 15.157 4
      vertex 288.465 15.157 4
    endloop
  endfacet
  facet normal 0 1 0
    outer loop
      vertex 288.116 15.157 4
      vertex 288.465 15.157 3
      vertex 288.116 15.157 3
    endloop
  endfacet
  facet normal 0 -1 0
    outer loop
      vertex 288.116 5.16305 3
      vertex 288.465 5.16305 4
      vertex 288.116 5.16305 4
    endloop
  endfacet
  facet normal 0 -1 -0
    outer loop
      vertex 288.465 5.16305 4
      vertex 288.116 5.16305 3
      vertex 288.465 5.16305 3
    endloop
  endfacet
  facet normal 0.694676 0.719322 -0
    outer loop
      vertex 291.887 13.6333 3
      vertex 291.636 13.8757 4
      vertex 291.887 13.6333 4
    endloop
  endfacet
  facet normal 0.694676 0.719322 0
    outer loop
      vertex 291.636 13.8757 4
      vertex 291.887 13.6333 3
      vertex 291.636 13.8757 3
    endloop
  endfacet
  facet normal -0.694676 0.719322 0
    outer loop
      vertex 284.944 13.8757 3
      vertex 284.693 13.6333 4
      vertex 284.944 13.8757 4
    endloop
  endfacet
  facet normal -0.694676 0.719322 0
    outer loop
      vertex 284.693 13.6333 4
      vertex 284.944 13.8757 3
      vertex 284.693 13.6333 3
    endloop
  endfacet
  facet normal -0.406431 0.913682 0
    outer loop
      vertex 286.417 14.7959 3
      vertex 286.098 14.654 4
      vertex 286.417 14.7959 4
    endloop
  endfacet
  facet normal -0.406431 0.913682 0
    outer loop
      vertex 286.098 14.654 4
      vertex 286.417 14.7959 3
      vertex 286.098 14.654 3
    endloop
  endfacet
  facet normal 0.898796 0.438367 0
    outer loop
      vertex 292.858 12.1937 4
      vertex 292.705 12.5074 3
      vertex 292.705 12.5074 4
    endloop
  endfacet
  facet normal 0.898796 0.438367 0
    outer loop
      vertex 292.705 12.5074 3
      vertex 292.858 12.1937 4
      vertex 292.858 12.1937 3
    endloop
  endfacet
  facet normal 0.342065 0.939676 -0
    outer loop
      vertex 290.163 14.7959 3
      vertex 289.835 14.9153 4
      vertex 290.163 14.7959 4
    endloop
  endfacet
  facet normal 0.342065 0.939676 0
    outer loop
      vertex 289.835 14.9153 4
      vertex 290.163 14.7959 3
      vertex 289.835 14.9153 3
    endloop
  endfacet
  facet normal 0.529793 0.848127 -0
    outer loop
      vertex 291.086 14.3052 3
      vertex 290.79 14.4901 4
      vertex 291.086 14.3052 4
    endloop
  endfacet
  facet normal 0.529793 0.848127 0
    outer loop
      vertex 290.79 14.4901 4
      vertex 291.086 14.3052 3
      vertex 290.79 14.4901 3
    endloop
  endfacet
  facet normal -0.898796 0.438367 0
    outer loop
      vertex 283.722 12.1937 3
      vertex 283.875 12.5074 4
      vertex 283.875 12.5074 3
    endloop
  endfacet
  facet normal -0.898796 0.438367 0
    outer loop
      vertex 283.875 12.5074 4
      vertex 283.722 12.1937 3
      vertex 283.722 12.1937 4
    endloop
  endfacet
  facet normal -0.20738 0.978261 0
    outer loop
      vertex 287.422 15.084 3
      vertex 287.08 15.0115 4
      vertex 287.422 15.084 4
    endloop
  endfacet
  facet normal -0.20738 0.978261 0
    outer loop
      vertex 287.08 15.0115 4
      vertex 287.422 15.084 3
      vertex 287.08 15.0115 3
    endloop
  endfacet
  facet normal 0.969906 0.243479 0
    outer loop
      vertex 293.181 11.1996 4
      vertex 293.096 11.5382 3
      vertex 293.096 11.5382 4
    endloop
  endfacet
  facet normal 0.969906 0.243479 0
    outer loop
      vertex 293.096 11.5382 3
      vertex 293.181 11.1996 4
      vertex 293.181 11.1996 3
    endloop
  endfacet
  facet normal 0.787807 0.615922 0
    outer loop
      vertex 292.335 13.0989 4
      vertex 292.12 13.3739 3
      vertex 292.12 13.3739 4
    endloop
  endfacet
  facet normal 0.787807 0.615922 0
    outer loop
      vertex 292.12 13.3739 3
      vertex 292.335 13.0989 4
      vertex 292.335 13.0989 3
    endloop
  endfacet
  facet normal 0.74395 0.668236 0
    outer loop
      vertex 292.12 13.3739 4
      vertex 291.887 13.6333 3
      vertex 291.887 13.6333 4
    endloop
  endfacet
  facet normal 0.74395 0.668236 0
    outer loop
      vertex 291.887 13.6333 3
      vertex 292.12 13.3739 4
      vertex 292.12 13.3739 3
    endloop
  endfacet
  facet normal 0.829217 0.558926 0
    outer loop
      vertex 292.53 12.8096 4
      vertex 292.335 13.0989 3
      vertex 292.335 13.0989 4
    endloop
  endfacet
  facet normal 0.829217 0.558926 0
    outer loop
      vertex 292.335 13.0989 3
      vertex 292.53 12.8096 4
      vertex 292.53 12.8096 3
    endloop
  endfacet
  facet normal 0.20738 0.978261 -0
    outer loop
      vertex 289.5 15.0115 3
      vertex 289.158 15.084 4
      vertex 289.5 15.0115 4
    endloop
  endfacet
  facet normal 0.20738 0.978261 0
    outer loop
      vertex 289.158 15.084 4
      vertex 289.5 15.0115 3
      vertex 289.158 15.084 3
    endloop
  endfacet
  facet normal 0.276009 0.961155 -0
    outer loop
      vertex 289.835 14.9153 3
      vertex 289.5 15.0115 4
      vertex 289.835 14.9153 4
    endloop
  endfacet
  facet normal 0.276009 0.961155 0
    outer loop
      vertex 289.5 15.0115 4
      vertex 289.835 14.9153 3
      vertex 289.5 15.0115 3
    endloop
  endfacet
  facet normal 0.46977 0.882789 -0
    outer loop
      vertex 290.79 14.4901 3
      vertex 290.482 14.654 4
      vertex 290.79 14.4901 4
    endloop
  endfacet
  facet normal 0.46977 0.882789 0
    outer loop
      vertex 290.482 14.654 4
      vertex 290.79 14.4901 3
      vertex 290.482 14.654 3
    endloop
  endfacet
  facet normal 0.588189 0.808724 -0
    outer loop
      vertex 291.368 14.1001 3
      vertex 291.086 14.3052 4
      vertex 291.368 14.1001 4
    endloop
  endfacet
  facet normal 0.588189 0.808724 0
    outer loop
      vertex 291.086 14.3052 4
      vertex 291.368 14.1001 3
      vertex 291.086 14.3052 3
    endloop
  endfacet
  facet normal -0.969906 0.243479 0
    outer loop
      vertex 283.399 11.1996 3
      vertex 283.484 11.5382 4
      vertex 283.484 11.5382 3
    endloop
  endfacet
  facet normal -0.969906 0.243479 0
    outer loop
      vertex 283.484 11.5382 4
      vertex 283.399 11.1996 3
      vertex 283.399 11.1996 4
    endloop
  endfacet
  facet normal -0.787807 0.615922 0
    outer loop
      vertex 284.245 13.0989 3
      vertex 284.46 13.3739 4
      vertex 284.46 13.3739 3
    endloop
  endfacet
  facet normal -0.787807 0.615922 0
    outer loop
      vertex 284.46 13.3739 4
      vertex 284.245 13.0989 3
      vertex 284.245 13.0989 4
    endloop
  endfacet
  facet normal -0.74395 0.668236 0
    outer loop
      vertex 284.46 13.3739 3
      vertex 284.693 13.6333 4
      vertex 284.693 13.6333 3
    endloop
  endfacet
  facet normal -0.74395 0.668236 0
    outer loop
      vertex 284.693 13.6333 4
      vertex 284.46 13.3739 3
      vertex 284.46 13.3739 4
    endloop
  endfacet
  facet normal -0.927922 0.372775 0
    outer loop
      vertex 283.592 11.8701 3
      vertex 283.722 12.1937 4
      vertex 283.722 12.1937 3
    endloop
  endfacet
  facet normal -0.927922 0.372775 0
    outer loop
      vertex 283.722 12.1937 4
      vertex 283.592 11.8701 3
      vertex 283.592 11.8701 4
    endloop
  endfacet
  facet normal -0.985102 0.17197 0
    outer loop
      vertex 283.339 10.8559 3
      vertex 283.399 11.1996 4
      vertex 283.399 11.1996 3
    endloop
  endfacet
  facet normal -0.985102 0.17197 0
    outer loop
      vertex 283.399 11.1996 4
      vertex 283.339 10.8559 3
      vertex 283.339 10.8559 4
    endloop
  endfacet
  facet normal -0.529793 0.848127 0
    outer loop
      vertex 285.79 14.4901 3
      vertex 285.494 14.3052 4
      vertex 285.79 14.4901 4
    endloop
  endfacet
  facet normal -0.529793 0.848127 0
    outer loop
      vertex 285.494 14.3052 4
      vertex 285.79 14.4901 3
      vertex 285.494 14.3052 3
    endloop
  endfacet
  facet normal -0.46977 0.882789 0
    outer loop
      vertex 286.098 14.654 3
      vertex 285.79 14.4901 4
      vertex 286.098 14.654 4
    endloop
  endfacet
  facet normal -0.46977 0.882789 0
    outer loop
      vertex 285.79 14.4901 4
      vertex 286.098 14.654 3
      vertex 285.79 14.4901 3
    endloop
  endfacet
  facet normal -0.276009 0.961155 0
    outer loop
      vertex 287.08 15.0115 3
      vertex 286.745 14.9153 4
      vertex 287.08 15.0115 4
    endloop
  endfacet
  facet normal -0.276009 0.961155 0
    outer loop
      vertex 286.745 14.9153 4
      vertex 287.08 15.0115 3
      vertex 286.745 14.9153 3
    endloop
  endfacet
  facet normal -0.0697438 0.997565 0
    outer loop
      vertex 288.116 15.157 3
      vertex 287.767 15.1326 4
      vertex 288.116 15.157 4
    endloop
  endfacet
  facet normal -0.0697438 0.997565 0
    outer loop
      vertex 287.767 15.1326 4
      vertex 288.116 15.157 3
      vertex 287.767 15.1326 3
    endloop
  endfacet
  facet normal -0.898785 -0.43839 0
    outer loop
      vertex 283.875 7.81264 3
      vertex 283.722 8.12632 4
      vertex 283.722 8.12632 3
    endloop
  endfacet
  facet normal -0.898785 -0.43839 0
    outer loop
      vertex 283.722 8.12632 4
      vertex 283.875 7.81264 3
      vertex 283.875 7.81264 4
    endloop
  endfacet
  facet normal 0.985102 0.17197 0
    outer loop
      vertex 293.241 10.8559 4
      vertex 293.181 11.1996 3
      vertex 293.181 11.1996 4
    endloop
  endfacet
  facet normal 0.985102 0.17197 0
    outer loop
      vertex 293.181 11.1996 3
      vertex 293.241 10.8559 4
      vertex 293.241 10.8559 3
    endloop
  endfacet
  facet normal 0.994366 0.105997 0
    outer loop
      vertex 293.278 10.5088 4
      vertex 293.241 10.8559 3
      vertex 293.241 10.8559 4
    endloop
  endfacet
  facet normal 0.994366 0.105997 0
    outer loop
      vertex 293.241 10.8559 3
      vertex 293.278 10.5088 4
      vertex 293.278 10.5088 3
    endloop
  endfacet
  facet normal 0.927922 0.372775 0
    outer loop
      vertex 292.988 11.8701 4
      vertex 292.858 12.1937 3
      vertex 292.858 12.1937 4
    endloop
  endfacet
  facet normal 0.927922 0.372775 0
    outer loop
      vertex 292.858 12.1937 3
      vertex 292.988 11.8701 4
      vertex 292.988 11.8701 3
    endloop
  endfacet
  facet normal 0.950922 0.309429 0
    outer loop
      vertex 293.096 11.5382 4
      vertex 292.988 11.8701 3
      vertex 292.988 11.8701 4
    endloop
  endfacet
  facet normal 0.950922 0.309429 0
    outer loop
      vertex 292.988 11.8701 3
      vertex 293.096 11.5382 4
      vertex 293.096 11.5382 3
    endloop
  endfacet
  facet normal 0.865374 0.501127 0
    outer loop
      vertex 292.705 12.5074 4
      vertex 292.53 12.8096 3
      vertex 292.53 12.8096 4
    endloop
  endfacet
  facet normal 0.865374 0.501127 0
    outer loop
      vertex 292.53 12.8096 3
      vertex 292.705 12.5074 4
      vertex 292.705 12.5074 3
    endloop
  endfacet
  facet normal 0.139492 0.990223 -0
    outer loop
      vertex 289.158 15.084 3
      vertex 288.813 15.1326 4
      vertex 289.158 15.084 4
    endloop
  endfacet
  facet normal 0.139492 0.990223 0
    outer loop
      vertex 288.813 15.1326 4
      vertex 289.158 15.084 3
      vertex 288.813 15.1326 3
    endloop
  endfacet
  facet normal 0.0699432 0.997551 -0
    outer loop
      vertex 288.813 15.1326 3
      vertex 288.465 15.157 4
      vertex 288.813 15.1326 4
    endloop
  endfacet
  facet normal 0.0699432 0.997551 0
    outer loop
      vertex 288.465 15.157 4
      vertex 288.813 15.1326 3
      vertex 288.465 15.157 3
    endloop
  endfacet
  facet normal 0.406431 0.913682 -0
    outer loop
      vertex 290.482 14.654 3
      vertex 290.163 14.7959 4
      vertex 290.482 14.654 4
    endloop
  endfacet
  facet normal 0.406431 0.913682 0
    outer loop
      vertex 290.163 14.7959 4
      vertex 290.482 14.654 3
      vertex 290.163 14.7959 3
    endloop
  endfacet
  facet normal 0.641984 0.766718 -0
    outer loop
      vertex 291.636 13.8757 3
      vertex 291.368 14.1001 4
      vertex 291.636 13.8757 4
    endloop
  endfacet
  facet normal 0.641984 0.766718 0
    outer loop
      vertex 291.368 14.1001 4
      vertex 291.636 13.8757 3
      vertex 291.368 14.1001 3
    endloop
  endfacet
  facet normal -0.865374 0.501127 0
    outer loop
      vertex 283.875 12.5074 3
      vertex 284.05 12.8096 4
      vertex 284.05 12.8096 3
    endloop
  endfacet
  facet normal -0.865374 0.501127 0
    outer loop
      vertex 284.05 12.8096 4
      vertex 283.875 12.5074 3
      vertex 283.875 12.5074 4
    endloop
  endfacet
  facet normal -0.829217 0.558926 0
    outer loop
      vertex 284.05 12.8096 3
      vertex 284.245 13.0989 4
      vertex 284.245 13.0989 3
    endloop
  endfacet
  facet normal -0.829217 0.558926 0
    outer loop
      vertex 284.245 13.0989 4
      vertex 284.05 12.8096 3
      vertex 284.05 12.8096 4
    endloop
  endfacet
  facet normal -0.950922 0.309429 0
    outer loop
      vertex 283.484 11.5382 3
      vertex 283.592 11.8701 4
      vertex 283.592 11.8701 3
    endloop
  endfacet
  facet normal -0.950922 0.309429 0
    outer loop
      vertex 283.592 11.8701 4
      vertex 283.484 11.5382 3
      vertex 283.484 11.5382 4
    endloop
  endfacet
  facet normal -0.994366 0.105997 0
    outer loop
      vertex 283.302 10.5088 3
      vertex 283.339 10.8559 4
      vertex 283.339 10.8559 3
    endloop
  endfacet
  facet normal -0.994366 0.105997 0
    outer loop
      vertex 283.339 10.8559 4
      vertex 283.302 10.5088 3
      vertex 283.302 10.5088 4
    endloop
  endfacet
  facet normal 0 0 1
    outer loop
      vertex 288.29 13.0468 4
      vertex 290.79 14.4901 4
      vertex 290.482 14.654 4
    endloop
  endfacet
  facet normal 0 0 1
    outer loop
      vertex 288.29 13.0468 4
      vertex 290.482 14.654 4
      vertex 290.163 14.7959 4
    endloop
  endfacet
  facet normal 0 0 1
    outer loop
      vertex 288.29 13.0468 4
      vertex 290.163 14.7959 4
      vertex 289.835 14.9153 4
    endloop
  endfacet
  facet normal 0 0 1
    outer loop
      vertex 288.29 13.0468 4
      vertex 289.835 14.9153 4
      vertex 289.5 15.0115 4
    endloop
  endfacet
  facet normal 0 0 1
    outer loop
      vertex 288.29 13.0468 4
      vertex 289.5 15.0115 4
      vertex 289.158 15.084 4
    endloop
  endfacet
  facet normal 0 0 1
    outer loop
      vertex 288.29 13.0468 4
      vertex 289.158 15.084 4
      vertex 288.813 15.1326 4
    endloop
  endfacet
  facet normal 0 0 1
    outer loop
      vertex 288.29 13.0468 4
      vertex 288.813 15.1326 4
      vertex 288.465 15.157 4
    endloop
  endfacet
  facet normal 0 0 1
    outer loop
      vertex 290.79 14.4901 4
      vertex 288.29 13.0468 4
      vertex 290.79 11.6034 4
    endloop
  endfacet
  facet normal -0 0 1
    outer loop
      vertex 288.116 15.157 4
      vertex 288.29 13.0468 4
      vertex 288.465 15.157 4
    endloop
  endfacet
  facet normal -0 0 1
    outer loop
      vertex 287.767 15.1326 4
      vertex 288.29 13.0468 4
      vertex 288.116 15.157 4
    endloop
  endfacet
  facet normal -0 0 1
    outer loop
      vertex 287.422 15.084 4
      vertex 288.29 13.0468 4
      vertex 287.767 15.1326 4
    endloop
  endfacet
  facet normal -0 0 1
    outer loop
      vertex 287.08 15.0115 4
      vertex 288.29 13.0468 4
      vertex 287.422 15.084 4
    endloop
  endfacet
  facet normal -0 0 1
    outer loop
      vertex 286.745 14.9153 4
      vertex 288.29 13.0468 4
      vertex 287.08 15.0115 4
    endloop
  endfacet
  facet normal -0 0 1
    outer loop
      vertex 286.417 14.7959 4
      vertex 288.29 13.0468 4
      vertex 286.745 14.9153 4
    endloop
  endfacet
  facet normal -0 0 1
    outer loop
      vertex 286.098 14.654 4
      vertex 288.29 13.0468 4
      vertex 286.417 14.7959 4
    endloop
  endfacet
  facet normal -0 0 1
    outer loop
      vertex 285.79 14.4901 4
      vertex 288.29 13.0468 4
      vertex 286.098 14.654 4
    endloop
  endfacet
  facet normal 0 0 1
    outer loop
      vertex 285.79 14.4901 4
      vertex 285.79 11.6034 4
      vertex 288.29 13.0468 4
    endloop
  endfacet
  facet normal -0 0 1
    outer loop
      vertex 285.494 14.3052 4
      vertex 285.79 11.6034 4
      vertex 285.79 14.4901 4
    endloop
  endfacet
  facet normal -0 0 1
    outer loop
      vertex 285.212 14.1001 4
      vertex 285.79 11.6034 4
      vertex 285.494 14.3052 4
    endloop
  endfacet
  facet normal -0 0 1
    outer loop
      vertex 284.944 13.8757 4
      vertex 285.79 11.6034 4
      vertex 285.212 14.1001 4
    endloop
  endfacet
  facet normal 0 0 1
    outer loop
      vertex 285.79 8.71662 4
      vertex 285.494 6.01481 4
      vertex 285.79 5.82987 4
    endloop
  endfacet
  facet normal -0 0 1
    outer loop
      vertex 284.693 13.6333 4
      vertex 285.79 11.6034 4
      vertex 284.944 13.8757 4
    endloop
  endfacet
  facet normal 0 0 1
    outer loop
      vertex 285.79 8.71662 4
      vertex 285.212 6.21995 4
      vertex 285.494 6.01481 4
    endloop
  endfacet
  facet normal -0 0 1
    outer loop
      vertex 284.46 13.3739 4
      vertex 285.79 11.6034 4
      vertex 284.693 13.6333 4
    endloop
  endfacet
  facet normal 0 0 1
    outer loop
      vertex 285.79 8.71662 4
      vertex 284.944 6.44428 4
      vertex 285.212 6.21995 4
    endloop
  endfacet
  facet normal -0 0 1
    outer loop
      vertex 284.245 13.0989 4
      vertex 285.79 11.6034 4
      vertex 284.46 13.3739 4
    endloop
  endfacet
  facet normal 0 0 1
    outer loop
      vertex 285.79 8.71662 4
      vertex 284.693 6.68671 4
      vertex 284.944 6.44428 4
    endloop
  endfacet
  facet normal -0 0 1
    outer loop
      vertex 284.05 12.8096 4
      vertex 285.79 11.6034 4
      vertex 284.245 13.0989 4
    endloop
  endfacet
  facet normal 0 0 1
    outer loop
      vertex 285.79 8.71662 4
      vertex 284.46 6.94606 4
      vertex 284.693 6.68671 4
    endloop
  endfacet
  facet normal -0 0 1
    outer loop
      vertex 283.875 12.5074 4
      vertex 285.79 11.6034 4
      vertex 284.05 12.8096 4
    endloop
  endfacet
  facet normal 0 0 1
    outer loop
      vertex 285.79 8.71662 4
      vertex 284.245 7.22107 4
      vertex 284.46 6.94606 4
    endloop
  endfacet
  facet normal -0 0 1
    outer loop
      vertex 283.722 12.1937 4
      vertex 285.79 11.6034 4
      vertex 283.875 12.5074 4
    endloop
  endfacet
  facet normal 0 0 1
    outer loop
      vertex 285.79 8.71662 4
      vertex 284.05 7.5104 4
      vertex 284.245 7.22107 4
    endloop
  endfacet
  facet normal -0 0 1
    outer loop
      vertex 283.592 11.8701 4
      vertex 285.79 11.6034 4
      vertex 283.722 12.1937 4
    endloop
  endfacet
  facet normal 0 0 1
    outer loop
      vertex 285.79 8.71662 4
      vertex 283.875 7.81264 4
      vertex 284.05 7.5104 4
    endloop
  endfacet
  facet normal 0 0 1
    outer loop
      vertex 283.484 11.5382 4
      vertex 285.79 11.6034 4
      vertex 283.592 11.8701 4
    endloop
  endfacet
  facet normal 0 0 1
    outer loop
      vertex 285.79 8.71662 4
      vertex 283.722 8.12632 4
      vertex 283.875 7.81264 4
    endloop
  endfacet
  facet normal 0 0 1
    outer loop
      vertex 283.399 11.1996 4
      vertex 285.79 11.6034 4
      vertex 283.484 11.5382 4
    endloop
  endfacet
  facet normal 0 0 1
    outer loop
      vertex 285.79 8.71662 4
      vertex 283.592 8.4499 4
      vertex 283.722 8.12632 4
    endloop
  endfacet
  facet normal 0 0 1
    outer loop
      vertex 283.339 10.8559 4
      vertex 285.79 11.6034 4
      vertex 283.399 11.1996 4
    endloop
  endfacet
  facet normal 0 0 1
    outer loop
      vertex 285.79 8.71662 4
      vertex 283.484 8.78181 4
      vertex 283.592 8.4499 4
    endloop
  endfacet
  facet normal 0 0 1
    outer loop
      vertex 283.302 10.5088 4
      vertex 285.79 11.6034 4
      vertex 283.339 10.8559 4
    endloop
  endfacet
  facet normal 0 0 1
    outer loop
      vertex 285.79 8.71662 4
      vertex 283.399 9.12044 4
      vertex 283.484 8.78181 4
    endloop
  endfacet
  facet normal 0 0 1
    outer loop
      vertex 283.29 10.16 4
      vertex 285.79 11.6034 4
      vertex 283.302 10.5088 4
    endloop
  endfacet
  facet normal 0 0 1
    outer loop
      vertex 285.79 8.71662 4
      vertex 283.339 9.46414 4
      vertex 283.399 9.12044 4
    endloop
  endfacet
  facet normal 0 0 1
    outer loop
      vertex 285.79 11.6034 4
      vertex 283.29 10.16 4
      vertex 285.79 8.71662 4
    endloop
  endfacet
  facet normal 0 0 1
    outer loop
      vertex 285.79 8.71662 4
      vertex 283.302 9.81122 4
      vertex 283.339 9.46414 4
    endloop
  endfacet
  facet normal 0 0 1
    outer loop
      vertex 285.79 8.71662 4
      vertex 283.29 10.16 4
      vertex 283.302 9.81122 4
    endloop
  endfacet
  facet normal 0 0 1
    outer loop
      vertex 290.79 11.6034 4
      vertex 293.29 10.16 4
      vertex 293.278 10.5088 4
    endloop
  endfacet
  facet normal 0 0 1
    outer loop
      vertex 290.79 11.6034 4
      vertex 293.278 10.5088 4
      vertex 293.241 10.8559 4
    endloop
  endfacet
  facet normal 0 0 1
    outer loop
      vertex 290.79 8.71662 4
      vertex 293.29 10.16 4
      vertex 290.79 11.6034 4
    endloop
  endfacet
  facet normal 0 0 1
    outer loop
      vertex 290.79 11.6034 4
      vertex 293.241 10.8559 4
      vertex 293.181 11.1996 4
    endloop
  endfacet
  facet normal 0 0 1
    outer loop
      vertex 293.29 10.16 4
      vertex 290.79 8.71662 4
      vertex 293.278 9.81122 4
    endloop
  endfacet
  facet normal 0 0 1
    outer loop
      vertex 290.79 11.6034 4
      vertex 293.181 11.1996 4
      vertex 293.096 11.5382 4
    endloop
  endfacet
  facet normal 0 0 1
    outer loop
      vertex 293.278 9.81122 4
      vertex 290.79 8.71662 4
      vertex 293.241 9.46414 4
    endloop
  endfacet
  facet normal -0 0 1
    outer loop
      vertex 290.79 11.6034 4
      vertex 293.096 11.5382 4
      vertex 292.988 11.8701 4
    endloop
  endfacet
  facet normal 0 0 1
    outer loop
      vertex 293.241 9.46414 4
      vertex 290.79 8.71662 4
      vertex 293.181 9.12044 4
    endloop
  endfacet
  facet normal 0 0 1
    outer loop
      vertex 290.79 11.6034 4
      vertex 292.988 11.8701 4
      vertex 292.858 12.1937 4
    endloop
  endfacet
  facet normal 0 0 1
    outer loop
      vertex 293.181 9.12044 4
      vertex 290.79 8.71662 4
      vertex 293.096 8.78181 4
    endloop
  endfacet
  facet normal 0 0 1
    outer loop
      vertex 290.79 11.6034 4
      vertex 292.858 12.1937 4
      vertex 292.705 12.5074 4
    endloop
  endfacet
  facet normal 0 0 1
    outer loop
      vertex 293.096 8.78181 4
      vertex 290.79 8.71662 4
      vertex 292.988 8.4499 4
    endloop
  endfacet
  facet normal 0 0 1
    outer loop
      vertex 290.79 11.6034 4
      vertex 292.705 12.5074 4
      vertex 292.53 12.8096 4
    endloop
  endfacet
  facet normal 0 0 1
    outer loop
      vertex 292.988 8.4499 4
      vertex 290.79 8.71662 4
      vertex 292.858 8.12632 4
    endloop
  endfacet
  facet normal 0 0 1
    outer loop
      vertex 290.79 11.6034 4
      vertex 292.53 12.8096 4
      vertex 292.335 13.0989 4
    endloop
  endfacet
  facet normal 0 0 1
    outer loop
      vertex 292.858 8.12632 4
      vertex 290.79 8.71662 4
      vertex 292.705 7.81264 4
    endloop
  endfacet
  facet normal 0 0 1
    outer loop
      vertex 290.79 11.6034 4
      vertex 292.335 13.0989 4
      vertex 292.12 13.3739 4
    endloop
  endfacet
  facet normal 0 0 1
    outer loop
      vertex 292.705 7.81264 4
      vertex 290.79 8.71662 4
      vertex 292.53 7.5104 4
    endloop
  endfacet
  facet normal 0 0 1
    outer loop
      vertex 290.79 11.6034 4
      vertex 292.12 13.3739 4
      vertex 291.887 13.6333 4
    endloop
  endfacet
  facet normal 0 0 1
    outer loop
      vertex 292.53 7.5104 4
      vertex 290.79 8.71662 4
      vertex 292.335 7.22107 4
    endloop
  endfacet
  facet normal 0 0 1
    outer loop
      vertex 290.79 11.6034 4
      vertex 291.887 13.6333 4
      vertex 291.636 13.8757 4
    endloop
  endfacet
  facet normal 0 0 1
    outer loop
      vertex 292.335 7.22107 4
      vertex 290.79 8.71662 4
      vertex 292.12 6.94606 4
    endloop
  endfacet
  facet normal 0 0 1
    outer loop
      vertex 290.79 11.6034 4
      vertex 291.636 13.8757 4
      vertex 291.368 14.1001 4
    endloop
  endfacet
  facet normal 0 0 1
    outer loop
      vertex 292.12 6.94606 4
      vertex 290.79 8.71662 4
      vertex 291.887 6.68671 4
    endloop
  endfacet
  facet normal 0 0 1
    outer loop
      vertex 290.79 11.6034 4
      vertex 291.368 14.1001 4
      vertex 291.086 14.3052 4
    endloop
  endfacet
  facet normal 0 0 1
    outer loop
      vertex 291.887 6.68671 4
      vertex 290.79 8.71662 4
      vertex 291.636 6.44428 4
    endloop
  endfacet
  facet normal 0 0 1
    outer loop
      vertex 290.79 11.6034 4
      vertex 291.086 14.3052 4
      vertex 290.79 14.4901 4
    endloop
  endfacet
  facet normal 0 0 1
    outer loop
      vertex 291.636 6.44428 4
      vertex 290.79 8.71662 4
      vertex 291.368 6.21995 4
    endloop
  endfacet
  facet normal 0 0 1
    outer loop
      vertex 291.368 6.21995 4
      vertex 290.79 8.71662 4
      vertex 291.086 6.01481 4
    endloop
  endfacet
  facet normal 0 0 1
    outer loop
      vertex 290.79 8.71662 4
      vertex 290.79 5.82987 4
      vertex 291.086 6.01481 4
    endloop
  endfacet
  facet normal -0 0 1
    outer loop
      vertex 288.29 7.27325 4
      vertex 290.79 5.82987 4
      vertex 290.79 8.71662 4
    endloop
  endfacet
  facet normal 0 0 1
    outer loop
      vertex 290.79 5.82987 4
      vertex 288.29 7.27325 4
      vertex 290.482 5.66603 4
    endloop
  endfacet
  facet normal 0 0 1
    outer loop
      vertex 290.482 5.66603 4
      vertex 288.29 7.27325 4
      vertex 290.163 5.52408 4
    endloop
  endfacet
  facet normal 0 0 1
    outer loop
      vertex 290.163 5.52408 4
      vertex 288.29 7.27325 4
      vertex 289.835 5.40472 4
    endloop
  endfacet
  facet normal 0 0 1
    outer loop
      vertex 289.835 5.40472 4
      vertex 288.29 7.27325 4
      vertex 289.5 5.30852 4
    endloop
  endfacet
  facet normal 0 0 1
    outer loop
      vertex 289.5 5.30852 4
      vertex 288.29 7.27325 4
      vertex 289.158 5.23596 4
    endloop
  endfacet
  facet normal 0 0 1
    outer loop
      vertex 289.158 5.23596 4
      vertex 288.29 7.27325 4
      vertex 288.813 5.18739 4
    endloop
  endfacet
  facet normal 0 0 1
    outer loop
      vertex 288.813 5.18739 4
      vertex 288.29 7.27325 4
      vertex 288.465 5.16305 4
    endloop
  endfacet
  facet normal 0 0 1
    outer loop
      vertex 288.29 7.27325 4
      vertex 288.116 5.16305 4
      vertex 288.465 5.16305 4
    endloop
  endfacet
  facet normal 0 0 1
    outer loop
      vertex 288.29 7.27325 4
      vertex 287.767 5.18739 4
      vertex 288.116 5.16305 4
    endloop
  endfacet
  facet normal 0 0 1
    outer loop
      vertex 288.29 7.27325 4
      vertex 287.422 5.23596 4
      vertex 287.767 5.18739 4
    endloop
  endfacet
  facet normal 0 0 1
    outer loop
      vertex 288.29 7.27325 4
      vertex 287.08 5.30852 4
      vertex 287.422 5.23596 4
    endloop
  endfacet
  facet normal 0 0 1
    outer loop
      vertex 288.29 7.27325 4
      vertex 286.745 5.40472 4
      vertex 287.08 5.30852 4
    endloop
  endfacet
  facet normal 0 0 1
    outer loop
      vertex 288.29 7.27325 4
      vertex 286.417 5.52408 4
      vertex 286.745 5.40472 4
    endloop
  endfacet
  facet normal 0 0 1
    outer loop
      vertex 288.29 7.27325 4
      vertex 286.098 5.66603 4
      vertex 286.417 5.52408 4
    endloop
  endfacet
  facet normal 0 0 1
    outer loop
      vertex 285.79 5.82987 4
      vertex 288.29 7.27325 4
      vertex 285.79 8.71662 4
    endloop
  endfacet
  facet normal 0 0 1
    outer loop
      vertex 288.29 7.27325 4
      vertex 285.79 5.82987 4
      vertex 286.098 5.66603 4
    endloop
  endfacet
  facet normal -0.588189 0.808724 0
    outer loop
      vertex 285.494 14.3052 3
      vertex 285.212 14.1001 4
      vertex 285.494 14.3052 4
    endloop
  endfacet
  facet normal -0.588189 0.808724 0
    outer loop
      vertex 285.212 14.1001 4
      vertex 285.494 14.3052 3
      vertex 285.212 14.1001 3
    endloop
  endfacet
  facet normal -0.641984 0.766718 0
    outer loop
      vertex 285.212 14.1001 3
      vertex 284.944 13.8757 4
      vertex 285.212 14.1001 4
    endloop
  endfacet
  facet normal -0.641984 0.766718 0
    outer loop
      vertex 284.944 13.8757 4
      vertex 285.212 14.1001 3
      vertex 284.944 13.8757 3
    endloop
  endfacet
  facet normal -0.342065 0.939676 0
    outer loop
      vertex 286.745 14.9153 3
      vertex 286.417 14.7959 4
      vertex 286.745 14.9153 4
    endloop
  endfacet
  facet normal -0.342065 0.939676 0
    outer loop
      vertex 286.417 14.7959 4
      vertex 286.745 14.9153 3
      vertex 286.417 14.7959 3
    endloop
  endfacet
  facet normal -0.139492 0.990223 0
    outer loop
      vertex 287.767 15.1326 3
      vertex 287.422 15.084 4
      vertex 287.767 15.1326 4
    endloop
  endfacet
  facet normal -0.139492 0.990223 0
    outer loop
      vertex 287.422 15.084 4
      vertex 287.767 15.1326 3
      vertex 287.422 15.084 3
    endloop
  endfacet
  facet normal 0.985102 -0.17197 0
    outer loop
      vertex 293.181 9.12044 4
      vertex 293.241 9.46414 3
      vertex 293.241 9.46414 4
    endloop
  endfacet
  facet normal 0.985102 -0.17197 0
    outer loop
      vertex 293.241 9.46414 3
      vertex 293.181 9.12044 4
      vertex 293.181 9.12044 3
    endloop
  endfacet
  facet normal 0.994366 -0.106003 0
    outer loop
      vertex 293.241 9.46414 4
      vertex 293.278 9.81122 3
      vertex 293.278 9.81122 4
    endloop
  endfacet
  facet normal 0.994366 -0.106003 0
    outer loop
      vertex 293.278 9.81122 3
      vertex 293.241 9.46414 4
      vertex 293.241 9.46414 3
    endloop
  endfacet
  facet normal 0.641866 -0.766817 0
    outer loop
      vertex 291.368 6.21995 3
      vertex 291.636 6.44428 4
      vertex 291.368 6.21995 4
    endloop
  endfacet
  facet normal 0.641866 -0.766817 0
    outer loop
      vertex 291.636 6.44428 4
      vertex 291.368 6.21995 3
      vertex 291.636 6.44428 3
    endloop
  endfacet
  facet normal 0.898785 -0.43839 0
    outer loop
      vertex 292.705 7.81264 4
      vertex 292.858 8.12632 3
      vertex 292.858 8.12632 4
    endloop
  endfacet
  facet normal 0.898785 -0.43839 0
    outer loop
      vertex 292.858 8.12632 3
      vertex 292.705 7.81264 4
      vertex 292.705 7.81264 3
    endloop
  endfacet
  facet normal 0.787818 -0.615908 0
    outer loop
      vertex 292.12 6.94606 4
      vertex 292.335 7.22107 3
      vertex 292.335 7.22107 4
    endloop
  endfacet
  facet normal 0.787818 -0.615908 0
    outer loop
      vertex 292.335 7.22107 3
      vertex 292.12 6.94606 4
      vertex 292.12 6.94606 3
    endloop
  endfacet
  facet normal -0.40655 -0.913628 0
    outer loop
      vertex 286.098 5.66603 3
      vertex 286.417 5.52408 4
      vertex 286.098 5.66603 4
    endloop
  endfacet
  facet normal -0.40655 -0.913628 -0
    outer loop
      vertex 286.417 5.52408 4
      vertex 286.098 5.66603 3
      vertex 286.417 5.52408 3
    endloop
  endfacet
  facet normal -0.927914 -0.372794 0
    outer loop
      vertex 283.722 8.12632 3
      vertex 283.592 8.4499 4
      vertex 283.592 8.4499 3
    endloop
  endfacet
  facet normal -0.927914 -0.372794 0
    outer loop
      vertex 283.592 8.4499 4
      vertex 283.722 8.12632 3
      vertex 283.722 8.12632 4
    endloop
  endfacet
  facet normal 0.207544 -0.978226 0
    outer loop
      vertex 289.158 5.23596 3
      vertex 289.5 5.30852 4
      vertex 289.158 5.23596 4
    endloop
  endfacet
  facet normal 0.207544 -0.978226 0
    outer loop
      vertex 289.5 5.30852 4
      vertex 289.158 5.23596 3
      vertex 289.5 5.30852 3
    endloop
  endfacet
  facet normal 0.341964 -0.939713 0
    outer loop
      vertex 289.835 5.40472 3
      vertex 290.163 5.52408 4
      vertex 289.835 5.40472 4
    endloop
  endfacet
  facet normal 0.341964 -0.939713 0
    outer loop
      vertex 290.163 5.52408 4
      vertex 289.835 5.40472 3
      vertex 290.163 5.52408 3
    endloop
  endfacet
  facet normal 0.999409 -0.0343853 0
    outer loop
      vertex 293.278 9.81122 4
      vertex 293.29 10.16 3
      vertex 293.29 10.16 4
    endloop
  endfacet
  facet normal 0.999409 -0.0343853 0
    outer loop
      vertex 293.29 10.16 3
      vertex 293.278 9.81122 4
      vertex 293.278 9.81122 3
    endloop
  endfacet
  facet normal 0.694721 -0.719279 0
    outer loop
      vertex 291.636 6.44428 3
      vertex 291.887 6.68671 4
      vertex 291.636 6.44428 4
    endloop
  endfacet
  facet normal 0.694721 -0.719279 0
    outer loop
      vertex 291.887 6.68671 4
      vertex 291.636 6.44428 3
      vertex 291.887 6.68671 3
    endloop
  endfacet
  facet normal 0.743886 -0.668307 0
    outer loop
      vertex 291.887 6.68671 4
      vertex 292.12 6.94606 3
      vertex 292.12 6.94606 4
    endloop
  endfacet
  facet normal 0.743886 -0.668307 0
    outer loop
      vertex 292.12 6.94606 3
      vertex 291.887 6.68671 4
      vertex 291.887 6.68671 3
    endloop
  endfacet
  facet normal 0.588264 -0.808669 0
    outer loop
      vertex 291.086 6.01481 3
      vertex 291.368 6.21995 4
      vertex 291.086 6.01481 4
    endloop
  endfacet
  facet normal 0.588264 -0.808669 0
    outer loop
      vertex 291.368 6.21995 4
      vertex 291.086 6.01481 3
      vertex 291.368 6.21995 3
    endloop
  endfacet
  facet normal 0.927914 -0.372794 0
    outer loop
      vertex 292.858 8.12632 4
      vertex 292.988 8.4499 3
      vertex 292.988 8.4499 4
    endloop
  endfacet
  facet normal 0.927914 -0.372794 0
    outer loop
      vertex 292.988 8.4499 3
      vertex 292.858 8.12632 4
      vertex 292.858 8.12632 3
    endloop
  endfacet
  facet normal 0.865403 -0.501077 0
    outer loop
      vertex 292.53 7.5104 4
      vertex 292.705 7.81264 3
      vertex 292.705 7.81264 4
    endloop
  endfacet
  facet normal 0.865403 -0.501077 0
    outer loop
      vertex 292.705 7.81264 3
      vertex 292.53 7.5104 4
      vertex 292.53 7.5104 3
    endloop
  endfacet
  facet normal 0.829244 -0.558886 0
    outer loop
      vertex 292.335 7.22107 4
      vertex 292.53 7.5104 3
      vertex 292.53 7.5104 4
    endloop
  endfacet
  facet normal 0.829244 -0.558886 0
    outer loop
      vertex 292.53 7.5104 3
      vertex 292.335 7.22107 4
      vertex 292.335 7.22107 3
    endloop
  endfacet
  facet normal -0.207544 -0.978226 0
    outer loop
      vertex 287.08 5.30852 3
      vertex 287.422 5.23596 4
      vertex 287.08 5.30852 4
    endloop
  endfacet
  facet normal -0.207544 -0.978226 -0
    outer loop
      vertex 287.422 5.23596 4
      vertex 287.08 5.30852 3
      vertex 287.422 5.23596 3
    endloop
  endfacet
  facet normal -0.529875 -0.848076 0
    outer loop
      vertex 285.494 6.01481 3
      vertex 285.79 5.82987 4
      vertex 285.494 6.01481 4
    endloop
  endfacet
  facet normal -0.529875 -0.848076 -0
    outer loop
      vertex 285.79 5.82987 4
      vertex 285.494 6.01481 3
      vertex 285.79 5.82987 3
    endloop
  endfacet
  facet normal -0.787818 -0.615908 0
    outer loop
      vertex 284.46 6.94606 3
      vertex 284.245 7.22107 4
      vertex 284.245 7.22107 3
    endloop
  endfacet
  facet normal -0.787818 -0.615908 0
    outer loop
      vertex 284.245 7.22107 4
      vertex 284.46 6.94606 3
      vertex 284.46 6.94606 4
    endloop
  endfacet
  facet normal -0.829244 -0.558886 0
    outer loop
      vertex 284.245 7.22107 3
      vertex 284.05 7.5104 4
      vertex 284.05 7.5104 3
    endloop
  endfacet
  facet normal -0.829244 -0.558886 0
    outer loop
      vertex 284.05 7.5104 4
      vertex 284.245 7.22107 3
      vertex 284.245 7.22107 4
    endloop
  endfacet
  facet normal -0.985102 -0.17197 0
    outer loop
      vertex 283.399 9.12044 3
      vertex 283.339 9.46414 4
      vertex 283.339 9.46414 3
    endloop
  endfacet
  facet normal -0.985102 -0.17197 0
    outer loop
      vertex 283.339 9.46414 4
      vertex 283.399 9.12044 3
      vertex 283.399 9.12044 4
    endloop
  endfacet
  facet normal 0.40655 -0.913628 0
    outer loop
      vertex 290.163 5.52408 3
      vertex 290.482 5.66603 4
      vertex 290.163 5.52408 4
    endloop
  endfacet
  facet normal 0.40655 -0.913628 0
    outer loop
      vertex 290.482 5.66603 4
      vertex 290.163 5.52408 3
      vertex 290.482 5.66603 3
    endloop
  endfacet
  facet normal 0.969911 -0.243459 0
    outer loop
      vertex 293.096 8.78181 4
      vertex 293.181 9.12044 3
      vertex 293.181 9.12044 4
    endloop
  endfacet
  facet normal 0.969911 -0.243459 0
    outer loop
      vertex 293.181 9.12044 3
      vertex 293.096 8.78181 4
      vertex 293.096 8.78181 3
    endloop
  endfacet
  facet normal 0.950925 -0.309421 0
    outer loop
      vertex 292.988 8.4499 4
      vertex 293.096 8.78181 3
      vertex 293.096 8.78181 4
    endloop
  endfacet
  facet normal 0.950925 -0.309421 0
    outer loop
      vertex 293.096 8.78181 3
      vertex 292.988 8.4499 4
      vertex 292.988 8.4499 3
    endloop
  endfacet
  facet normal 0.529875 -0.848076 0
    outer loop
      vertex 290.79 5.82987 3
      vertex 291.086 6.01481 4
      vertex 290.79 5.82987 4
    endloop
  endfacet
  facet normal 0.529875 -0.848076 0
    outer loop
      vertex 291.086 6.01481 4
      vertex 290.79 5.82987 3
      vertex 291.086 6.01481 3
    endloop
  endfacet
  facet normal 0.469636 -0.88286 0
    outer loop
      vertex 290.482 5.66603 3
      vertex 290.79 5.82987 4
      vertex 290.482 5.66603 4
    endloop
  endfacet
  facet normal 0.469636 -0.88286 0
    outer loop
      vertex 290.79 5.82987 4
      vertex 290.482 5.66603 3
      vertex 290.79 5.82987 3
    endloop
  endfacet
  facet normal -0.0695731 -0.997577 0
    outer loop
      vertex 287.767 5.18739 3
      vertex 288.116 5.16305 4
      vertex 287.767 5.18739 4
    endloop
  endfacet
  facet normal -0.0695731 -0.997577 -0
    outer loop
      vertex 288.116 5.16305 4
      vertex 287.767 5.18739 3
      vertex 288.116 5.16305 3
    endloop
  endfacet
  facet normal -0.276009 -0.961155 0
    outer loop
      vertex 286.745 5.40472 3
      vertex 287.08 5.30852 4
      vertex 286.745 5.40472 4
    endloop
  endfacet
  facet normal -0.276009 -0.961155 -0
    outer loop
      vertex 287.08 5.30852 4
      vertex 286.745 5.40472 3
      vertex 287.08 5.30852 3
    endloop
  endfacet
  facet normal -0.641866 -0.766817 0
    outer loop
      vertex 284.944 6.44428 3
      vertex 285.212 6.21995 4
      vertex 284.944 6.44428 4
    endloop
  endfacet
  facet normal -0.641866 -0.766817 -0
    outer loop
      vertex 285.212 6.21995 4
      vertex 284.944 6.44428 3
      vertex 285.212 6.21995 3
    endloop
  endfacet
  facet normal -0.341964 -0.939713 0
    outer loop
      vertex 286.417 5.52408 3
      vertex 286.745 5.40472 4
      vertex 286.417 5.52408 4
    endloop
  endfacet
  facet normal -0.341964 -0.939713 -0
    outer loop
      vertex 286.745 5.40472 4
      vertex 286.417 5.52408 3
      vertex 286.745 5.40472 3
    endloop
  endfacet
  facet normal -0.588264 -0.808669 0
    outer loop
      vertex 285.212 6.21995 3
      vertex 285.494 6.01481 4
      vertex 285.212 6.21995 4
    endloop
  endfacet
  facet normal -0.588264 -0.808669 -0
    outer loop
      vertex 285.494 6.01481 4
      vertex 285.212 6.21995 3
      vertex 285.494 6.01481 3
    endloop
  endfacet
  facet normal -0.865403 -0.501077 0
    outer loop
      vertex 284.05 7.5104 3
      vertex 283.875 7.81264 4
      vertex 283.875 7.81264 3
    endloop
  endfacet
  facet normal -0.865403 -0.501077 0
    outer loop
      vertex 283.875 7.81264 4
      vertex 284.05 7.5104 3
      vertex 284.05 7.5104 4
    endloop
  endfacet
  facet normal -0.743886 -0.668307 0
    outer loop
      vertex 284.693 6.68671 3
      vertex 284.46 6.94606 4
      vertex 284.46 6.94606 3
    endloop
  endfacet
  facet normal -0.743886 -0.668307 0
    outer loop
      vertex 284.46 6.94606 4
      vertex 284.693 6.68671 3
      vertex 284.693 6.68671 4
    endloop
  endfacet
  facet normal -0.694721 -0.719279 0
    outer loop
      vertex 284.693 6.68671 3
      vertex 284.944 6.44428 4
      vertex 284.693 6.68671 4
    endloop
  endfacet
  facet normal -0.694721 -0.719279 -0
    outer loop
      vertex 284.944 6.44428 4
      vertex 284.693 6.68671 3
      vertex 284.944 6.44428 3
    endloop
  endfacet
  facet normal -0.950925 -0.309421 0
    outer loop
      vertex 283.592 8.4499 3
      vertex 283.484 8.78181 4
      vertex 283.484 8.78181 3
    endloop
  endfacet
  facet normal -0.950925 -0.309421 0
    outer loop
      vertex 283.484 8.78181 4
      vertex 283.592 8.4499 3
      vertex 283.592 8.4499 4
    endloop
  endfacet
  facet normal -0.969911 -0.243459 0
    outer loop
      vertex 283.484 8.78181 3
      vertex 283.399 9.12044 4
      vertex 283.399 9.12044 3
    endloop
  endfacet
  facet normal -0.969911 -0.243459 0
    outer loop
      vertex 283.399 9.12044 4
      vertex 283.484 8.78181 3
      vertex 283.484 8.78181 4
    endloop
  endfacet
  facet normal -0.994366 -0.106003 0
    outer loop
      vertex 283.339 9.46414 3
      vertex 283.302 9.81122 4
      vertex 283.302 9.81122 3
    endloop
  endfacet
  facet normal -0.994366 -0.106003 0
    outer loop
      vertex 283.302 9.81122 4
      vertex 283.339 9.46414 3
      vertex 283.339 9.46414 4
    endloop
  endfacet
  facet normal -0.999409 -0.0343853 0
    outer loop
      vertex 283.302 9.81122 3
      vertex 283.29 10.16 4
      vertex 283.29 10.16 3
    endloop
  endfacet
  facet normal -0.999409 -0.0343853 0
    outer loop
      vertex 283.29 10.16 4
      vertex 283.302 9.81122 3
      vertex 283.302 9.81122 4
    endloop
  endfacet
  facet normal 0.276009 -0.961155 0
    outer loop
      vertex 289.5 5.30852 3
      vertex 289.835 5.40472 4
      vertex 289.5 5.30852 4
    endloop
  endfacet
  facet normal 0.276009 -0.961155 0
    outer loop
      vertex 289.835 5.40472 4
      vertex 289.5 5.30852 3
      vertex 289.835 5.40472 3
    endloop
  endfacet
  facet normal 0.139408 -0.990235 0
    outer loop
      vertex 288.813 5.18739 3
      vertex 289.158 5.23596 4
      vertex 288.813 5.18739 4
    endloop
  endfacet
  facet normal 0.139408 -0.990235 0
    outer loop
      vertex 289.158 5.23596 4
      vertex 288.813 5.18739 3
      vertex 289.158 5.23596 3
    endloop
  endfacet
  facet normal 0.0697721 -0.997563 0
    outer loop
      vertex 288.465 5.16305 3
      vertex 288.813 5.18739 4
      vertex 288.465 5.16305 4
    endloop
  endfacet
  facet normal 0.0697721 -0.997563 0
    outer loop
      vertex 288.813 5.18739 4
      vertex 288.465 5.16305 3
      vertex 288.813 5.18739 3
    endloop
  endfacet
  facet normal -0.139408 -0.990235 0
    outer loop
      vertex 287.422 5.23596 3
      vertex 287.767 5.18739 4
      vertex 287.422 5.23596 4
    endloop
  endfacet
  facet normal -0.139408 -0.990235 -0
    outer loop
      vertex 287.767 5.18739 4
      vertex 287.422 5.23596 3
      vertex 287.767 5.18739 3
    endloop
  endfacet
  facet normal -0.469636 -0.88286 0
    outer loop
      vertex 285.79 5.82987 3
      vertex 286.098 5.66603 4
      vertex 285.79 5.82987 4
    endloop
  endfacet
  facet normal -0.469636 -0.88286 -0
    outer loop
      vertex 286.098 5.66603 4
      vertex 285.79 5.82987 3
      vertex 286.098 5.66603 3
    endloop
  endfacet
  facet normal -0.99927 -0.038213 0
    outer loop
      vertex 289.79 10.16 2.3
      vertex 289.786 10.2646 13
      vertex 289.786 10.2646 2.3
    endloop
  endfacet
  facet normal -0.99927 -0.038213 0
    outer loop
      vertex 289.786 10.2646 13
      vertex 289.79 10.16 2.3
      vertex 289.79 10.16 13
    endloop
  endfacet
  facet normal 0.99927 -0.038213 0
    outer loop
      vertex 286.79 10.16 13
      vertex 286.794 10.2646 2.3
      vertex 286.794 10.2646 13
    endloop
  endfacet
  facet normal 0.99927 -0.038213 0
    outer loop
      vertex 286.794 10.2646 2.3
      vertex 286.79 10.16 13
      vertex 286.79 10.16 2.3
    endloop
  endfacet
  facet normal 0 -1 0
    outer loop
      vertex 288.238 11.6591 2.3
      vertex 288.342 11.6591 13
      vertex 288.238 11.6591 13
    endloop
  endfacet
  facet normal 0 -1 -0
    outer loop
      vertex 288.342 11.6591 13
      vertex 288.238 11.6591 2.3
      vertex 288.342 11.6591 2.3
    endloop
  endfacet
  facet normal -0.696011 -0.718031 0
    outer loop
      vertex 289.294 11.2747 2.3
      vertex 289.369 11.202 13
      vertex 289.294 11.2747 13
    endloop
  endfacet
  facet normal -0.696011 -0.718031 -0
    outer loop
      vertex 289.369 11.202 13
      vertex 289.294 11.2747 2.3
      vertex 289.369 11.202 2.3
    endloop
  endfacet
  facet normal 0.696011 -0.718031 0
    outer loop
      vertex 287.211 11.202 2.3
      vertex 287.286 11.2747 13
      vertex 287.211 11.202 13
    endloop
  endfacet
  facet normal 0.696011 -0.718031 0
    outer loop
      vertex 287.286 11.2747 13
      vertex 287.211 11.202 2.3
      vertex 287.286 11.2747 2.3
    endloop
  endfacet
  facet normal 0.343128 -0.939289 0
    outer loop
      vertex 287.728 11.5508 2.3
      vertex 287.826 11.5866 13
      vertex 287.728 11.5508 13
    endloop
  endfacet
  facet normal 0.343128 -0.939289 0
    outer loop
      vertex 287.826 11.5866 13
      vertex 287.728 11.5508 2.3
      vertex 287.826 11.5866 2.3
    endloop
  endfacet
  facet normal -0.898401 -0.439176 0
    outer loop
      vertex 289.66 10.7701 2.3
      vertex 289.614 10.8642 13
      vertex 289.614 10.8642 2.3
    endloop
  endfacet
  facet normal -0.898401 -0.439176 0
    outer loop
      vertex 289.614 10.8642 13
      vertex 289.66 10.7701 2.3
      vertex 289.66 10.7701 13
    endloop
  endfacet
  facet normal -0.405608 -0.914047 0
    outer loop
      vertex 288.852 11.5508 2.3
      vertex 288.948 11.5082 13
      vertex 288.852 11.5508 13
    endloop
  endfacet
  facet normal -0.405608 -0.914047 -0
    outer loop
      vertex 288.948 11.5082 13
      vertex 288.852 11.5508 2.3
      vertex 288.948 11.5082 2.3
    endloop
  endfacet
  facet normal -0.528455 -0.848962 0
    outer loop
      vertex 289.04 11.459 2.3
      vertex 289.129 11.4036 13
      vertex 289.04 11.459 13
    endloop
  endfacet
  facet normal -0.528455 -0.848962 -0
    outer loop
      vertex 289.129 11.4036 13
      vertex 289.04 11.459 2.3
      vertex 289.129 11.4036 2.3
    endloop
  endfacet
  facet normal 0.924619 -0.380893 0
    outer loop
      vertex 286.88 10.673 13
      vertex 286.92 10.7701 2.3
      vertex 286.92 10.7701 13
    endloop
  endfacet
  facet normal 0.924619 -0.380893 0
    outer loop
      vertex 286.92 10.7701 2.3
      vertex 286.88 10.673 13
      vertex 286.88 10.673 2.3
    endloop
  endfacet
  facet normal 0.207063 -0.978328 0
    outer loop
      vertex 287.927 11.6154 2.3
      vertex 288.03 11.6372 13
      vertex 287.927 11.6154 13
    endloop
  endfacet
  facet normal 0.207063 -0.978328 0
    outer loop
      vertex 288.03 11.6372 13
      vertex 287.927 11.6154 2.3
      vertex 288.03 11.6372 2.3
    endloop
  endfacet
  facet normal -0.952041 0.305969 0
    outer loop
      vertex 289.7 9.64697 2.3
      vertex 289.732 9.74654 13
      vertex 289.732 9.74654 2.3
    endloop
  endfacet
  facet normal -0.952041 0.305969 0
    outer loop
      vertex 289.732 9.74654 13
      vertex 289.7 9.64697 2.3
      vertex 289.7 9.64697 13
    endloop
  endfacet
  facet normal 0.140062 0.990143 -0
    outer loop
      vertex 288.133 8.66822 2.3
      vertex 288.03 8.68279 13
      vertex 288.133 8.66822 13
    endloop
  endfacet
  facet normal 0.140062 0.990143 0
    outer loop
      vertex 288.03 8.68279 13
      vertex 288.133 8.66822 2.3
      vertex 288.03 8.68279 2.3
    endloop
  endfacet
  facet normal -0.343128 0.939289 0
    outer loop
      vertex 288.852 8.76922 2.3
      vertex 288.754 8.73342 13
      vertex 288.852 8.76922 13
    endloop
  endfacet
  facet normal -0.343128 0.939289 0
    outer loop
      vertex 288.754 8.73342 13
      vertex 288.852 8.76922 2.3
      vertex 288.754 8.73342 2.3
    endloop
  endfacet
  facet normal -0.971035 -0.238936 0
    outer loop
      vertex 289.757 10.4719 2.3
      vertex 289.732 10.5735 13
      vertex 289.732 10.5735 2.3
    endloop
  endfacet
  facet normal -0.971035 -0.238936 0
    outer loop
      vertex 289.732 10.5735 13
      vertex 289.757 10.4719 2.3
      vertex 289.757 10.4719 13
    endloop
  endfacet
  facet normal -0.951979 -0.306164 0
    outer loop
      vertex 289.732 10.5735 2.3
      vertex 289.7 10.673 13
      vertex 289.7 10.673 2.3
    endloop
  endfacet
  facet normal -0.951979 -0.306164 0
    outer loop
      vertex 289.7 10.673 13
      vertex 289.732 10.5735 2.3
      vertex 289.732 10.5735 13
    endloop
  endfacet
  facet normal -0.83146 -0.555584 0
    outer loop
      vertex 289.562 10.9549 2.3
      vertex 289.504 11.0417 13
      vertex 289.504 11.0417 2.3
    endloop
  endfacet
  facet normal -0.83146 -0.555584 0
    outer loop
      vertex 289.504 11.0417 13
      vertex 289.562 10.9549 2.3
      vertex 289.562 10.9549 13
    endloop
  endfacet
  facet normal -0.867536 -0.497375 0
    outer loop
      vertex 289.614 10.8642 2.3
      vertex 289.562 10.9549 13
      vertex 289.562 10.9549 2.3
    endloop
  endfacet
  facet normal -0.867536 -0.497375 0
    outer loop
      vertex 289.562 10.9549 13
      vertex 289.614 10.8642 2.3
      vertex 289.614 10.8642 13
    endloop
  endfacet
  facet normal -0.207063 -0.978328 0
    outer loop
      vertex 288.55 11.6372 2.3
      vertex 288.653 11.6154 13
      vertex 288.55 11.6372 13
    endloop
  endfacet
  facet normal -0.207063 -0.978328 -0
    outer loop
      vertex 288.653 11.6154 13
      vertex 288.55 11.6372 2.3
      vertex 288.653 11.6154 2.3
    endloop
  endfacet
  facet normal -0.140345 -0.990103 0
    outer loop
      vertex 288.447 11.6518 2.3
      vertex 288.55 11.6372 13
      vertex 288.447 11.6518 13
    endloop
  endfacet
  facet normal -0.140345 -0.990103 -0
    outer loop
      vertex 288.55 11.6372 13
      vertex 288.447 11.6518 2.3
      vertex 288.55 11.6372 2.3
    endloop
  endfacet
  facet normal -0.471583 -0.881822 0
    outer loop
      vertex 288.948 11.5082 2.3
      vertex 289.04 11.459 13
      vertex 288.948 11.5082 13
    endloop
  endfacet
  facet normal -0.471583 -0.881822 -0
    outer loop
      vertex 289.04 11.459 13
      vertex 288.948 11.5082 2.3
      vertex 289.04 11.459 2.3
    endloop
  endfacet
  facet normal -0.586811 -0.809724 0
    outer loop
      vertex 289.129 11.4036 2.3
      vertex 289.214 11.342 13
      vertex 289.129 11.4036 13
    endloop
  endfacet
  facet normal -0.586811 -0.809724 -0
    outer loop
      vertex 289.214 11.342 13
      vertex 289.129 11.4036 2.3
      vertex 289.214 11.342 2.3
    endloop
  endfacet
  facet normal 0.971035 -0.238936 0
    outer loop
      vertex 286.823 10.4719 13
      vertex 286.848 10.5735 2.3
      vertex 286.848 10.5735 13
    endloop
  endfacet
  facet normal 0.971035 -0.238936 0
    outer loop
      vertex 286.848 10.5735 2.3
      vertex 286.823 10.4719 13
      vertex 286.823 10.4719 2.3
    endloop
  endfacet
  facet normal 0.83146 -0.555584 0
    outer loop
      vertex 287.018 10.9549 13
      vertex 287.076 11.0417 2.3
      vertex 287.076 11.0417 13
    endloop
  endfacet
  facet normal 0.83146 -0.555584 0
    outer loop
      vertex 287.076 11.0417 2.3
      vertex 287.018 10.9549 13
      vertex 287.018 10.9549 2.3
    endloop
  endfacet
  facet normal 0.867536 -0.497375 0
    outer loop
      vertex 286.966 10.8642 13
      vertex 287.018 10.9549 2.3
      vertex 287.018 10.9549 13
    endloop
  endfacet
  facet normal 0.867536 -0.497375 0
    outer loop
      vertex 287.018 10.9549 2.3
      vertex 286.966 10.8642 13
      vertex 286.966 10.8642 2.3
    endloop
  endfacet
  facet normal 0.951979 -0.306164 0
    outer loop
      vertex 286.848 10.5735 13
      vertex 286.88 10.673 2.3
      vertex 286.88 10.673 13
    endloop
  endfacet
  facet normal 0.951979 -0.306164 0
    outer loop
      vertex 286.88 10.673 2.3
      vertex 286.848 10.5735 13
      vertex 286.848 10.5735 2.3
    endloop
  endfacet
  facet normal 0.994474 -0.104983 0
    outer loop
      vertex 286.794 10.2646 13
      vertex 286.805 10.3688 2.3
      vertex 286.805 10.3688 13
    endloop
  endfacet
  facet normal 0.994474 -0.104983 0
    outer loop
      vertex 286.805 10.3688 2.3
      vertex 286.794 10.2646 13
      vertex 286.794 10.2646 2.3
    endloop
  endfacet
  facet normal 0.528455 -0.848962 0
    outer loop
      vertex 287.451 11.4036 2.3
      vertex 287.54 11.459 13
      vertex 287.451 11.4036 13
    endloop
  endfacet
  facet normal 0.528455 -0.848962 0
    outer loop
      vertex 287.54 11.459 13
      vertex 287.451 11.4036 2.3
      vertex 287.54 11.459 2.3
    endloop
  endfacet
  facet normal 0.471583 -0.881822 0
    outer loop
      vertex 287.54 11.459 2.3
      vertex 287.632 11.5082 13
      vertex 287.54 11.459 13
    endloop
  endfacet
  facet normal 0.471583 -0.881822 0
    outer loop
      vertex 287.632 11.5082 13
      vertex 287.54 11.459 2.3
      vertex 287.632 11.5082 2.3
    endloop
  endfacet
  facet normal 0.639063 -0.769154 0
    outer loop
      vertex 287.286 11.2747 2.3
      vertex 287.367 11.342 13
      vertex 287.286 11.2747 13
    endloop
  endfacet
  facet normal 0.639063 -0.769154 0
    outer loop
      vertex 287.367 11.342 13
      vertex 287.286 11.2747 2.3
      vertex 287.367 11.342 2.3
    endloop
  endfacet
  facet normal 0.274218 -0.961668 0
    outer loop
      vertex 287.826 11.5866 2.3
      vertex 287.927 11.6154 13
      vertex 287.826 11.5866 13
    endloop
  endfacet
  facet normal 0.274218 -0.961668 0
    outer loop
      vertex 287.927 11.6154 13
      vertex 287.826 11.5866 2.3
      vertex 287.927 11.6154 2.3
    endloop
  endfacet
  facet normal 0.0693564 -0.997592 0
    outer loop
      vertex 288.133 11.6518 2.3
      vertex 288.238 11.6591 13
      vertex 288.133 11.6518 13
    endloop
  endfacet
  facet normal 0.0693564 -0.997592 0
    outer loop
      vertex 288.238 11.6591 13
      vertex 288.133 11.6518 2.3
      vertex 288.238 11.6591 2.3
    endloop
  endfacet
  facet normal -0.99927 0.038213 0
    outer loop
      vertex 289.786 10.0554 2.3
      vertex 289.79 10.16 13
      vertex 289.79 10.16 2.3
    endloop
  endfacet
  facet normal -0.99927 0.038213 0
    outer loop
      vertex 289.79 10.16 13
      vertex 289.786 10.0554 2.3
      vertex 289.786 10.0554 13
    endloop
  endfacet
  facet normal -0.0694509 0.997585 0
    outer loop
      vertex 288.447 8.66822 2.3
      vertex 288.342 8.66091 13
      vertex 288.447 8.66822 13
    endloop
  endfacet
  facet normal -0.0694509 0.997585 0
    outer loop
      vertex 288.342 8.66091 13
      vertex 288.447 8.66822 2.3
      vertex 288.342 8.66091 2.3
    endloop
  endfacet
  facet normal -0.985099 -0.171986 0
    outer loop
      vertex 289.775 10.3688 2.3
      vertex 289.757 10.4719 13
      vertex 289.757 10.4719 2.3
    endloop
  endfacet
  facet normal -0.985099 -0.171986 0
    outer loop
      vertex 289.757 10.4719 13
      vertex 289.775 10.3688 2.3
      vertex 289.775 10.3688 13
    endloop
  endfacet
  facet normal -0.994474 -0.104983 0
    outer loop
      vertex 289.786 10.2646 2.3
      vertex 289.775 10.3688 13
      vertex 289.775 10.3688 2.3
    endloop
  endfacet
  facet normal -0.994474 -0.104983 0
    outer loop
      vertex 289.775 10.3688 13
      vertex 289.786 10.2646 2.3
      vertex 289.786 10.2646 13
    endloop
  endfacet
  facet normal -0.924619 -0.380893 0
    outer loop
      vertex 289.7 10.673 2.3
      vertex 289.66 10.7701 13
      vertex 289.66 10.7701 2.3
    endloop
  endfacet
  facet normal -0.924619 -0.380893 0
    outer loop
      vertex 289.66 10.7701 13
      vertex 289.7 10.673 2.3
      vertex 289.7 10.673 13
    endloop
  endfacet
  facet normal -0.785492 -0.618872 0
    outer loop
      vertex 289.504 11.0417 2.3
      vertex 289.439 11.1242 13
      vertex 289.439 11.1242 2.3
    endloop
  endfacet
  facet normal -0.785492 -0.618872 0
    outer loop
      vertex 289.439 11.1242 13
      vertex 289.504 11.0417 2.3
      vertex 289.504 11.0417 13
    endloop
  endfacet
  facet normal -0.743389 -0.668859 0
    outer loop
      vertex 289.439 11.1242 2.3
      vertex 289.369 11.202 13
      vertex 289.369 11.202 2.3
    endloop
  endfacet
  facet normal -0.743389 -0.668859 0
    outer loop
      vertex 289.369 11.202 13
      vertex 289.439 11.1242 2.3
      vertex 289.439 11.1242 13
    endloop
  endfacet
  facet normal -0.274218 -0.961668 0
    outer loop
      vertex 288.653 11.6154 2.3
      vertex 288.754 11.5866 13
      vertex 288.653 11.6154 13
    endloop
  endfacet
  facet normal -0.274218 -0.961668 -0
    outer loop
      vertex 288.754 11.5866 13
      vertex 288.653 11.6154 2.3
      vertex 288.754 11.5866 2.3
    endloop
  endfacet
  facet normal -0.343128 -0.939289 0
    outer loop
      vertex 288.754 11.5866 2.3
      vertex 288.852 11.5508 13
      vertex 288.754 11.5866 13
    endloop
  endfacet
  facet normal -0.343128 -0.939289 -0
    outer loop
      vertex 288.852 11.5508 13
      vertex 288.754 11.5866 2.3
      vertex 288.852 11.5508 2.3
    endloop
  endfacet
  facet normal -0.0693564 -0.997592 0
    outer loop
      vertex 288.342 11.6591 2.3
      vertex 288.447 11.6518 13
      vertex 288.342 11.6591 13
    endloop
  endfacet
  facet normal -0.0693564 -0.997592 -0
    outer loop
      vertex 288.447 11.6518 13
      vertex 288.342 11.6591 2.3
      vertex 288.447 11.6518 2.3
    endloop
  endfacet
  facet normal -0.643753 -0.765234 0
    outer loop
      vertex 289.214 11.342 2.3
      vertex 289.294 11.2747 13
      vertex 289.214 11.342 13
    endloop
  endfacet
  facet normal -0.643753 -0.765234 -0
    outer loop
      vertex 289.294 11.2747 13
      vertex 289.214 11.342 2.3
      vertex 289.294 11.2747 2.3
    endloop
  endfacet
  facet normal 0.785492 -0.618872 0
    outer loop
      vertex 287.076 11.0417 13
      vertex 287.141 11.1242 2.3
      vertex 287.141 11.1242 13
    endloop
  endfacet
  facet normal 0.785492 -0.618872 0
    outer loop
      vertex 287.141 11.1242 2.3
      vertex 287.076 11.0417 13
      vertex 287.076 11.0417 2.3
    endloop
  endfacet
  facet normal 0.743389 -0.668859 0
    outer loop
      vertex 287.141 11.1242 13
      vertex 287.211 11.202 2.3
      vertex 287.211 11.202 13
    endloop
  endfacet
  facet normal 0.743389 -0.668859 0
    outer loop
      vertex 287.211 11.202 2.3
      vertex 287.141 11.1242 13
      vertex 287.141 11.1242 2.3
    endloop
  endfacet
  facet normal 0.898401 -0.439176 0
    outer loop
      vertex 286.92 10.7701 13
      vertex 286.966 10.8642 2.3
      vertex 286.966 10.8642 13
    endloop
  endfacet
  facet normal 0.898401 -0.439176 0
    outer loop
      vertex 286.966 10.8642 2.3
      vertex 286.92 10.7701 13
      vertex 286.92 10.7701 2.3
    endloop
  endfacet
  facet normal -0.867465 0.497498 0
    outer loop
      vertex 289.562 9.36512 2.3
      vertex 289.614 9.45579 13
      vertex 289.614 9.45579 2.3
    endloop
  endfacet
  facet normal -0.867465 0.497498 0
    outer loop
      vertex 289.614 9.45579 13
      vertex 289.562 9.36512 2.3
      vertex 289.562 9.36512 13
    endloop
  endfacet
  facet normal -0.985102 0.17197 0
    outer loop
      vertex 289.757 9.84813 2.3
      vertex 289.775 9.95124 13
      vertex 289.775 9.95124 2.3
    endloop
  endfacet
  facet normal -0.985102 0.17197 0
    outer loop
      vertex 289.775 9.95124 13
      vertex 289.757 9.84813 2.3
      vertex 289.757 9.84813 13
    endloop
  endfacet
  facet normal -0.97103 0.238958 0
    outer loop
      vertex 289.732 9.74654 2.3
      vertex 289.757 9.84813 13
      vertex 289.757 9.84813 2.3
    endloop
  endfacet
  facet normal -0.97103 0.238958 0
    outer loop
      vertex 289.757 9.84813 13
      vertex 289.732 9.74654 2.3
      vertex 289.732 9.74654 13
    endloop
  endfacet
  facet normal 0.0694509 0.997585 -0
    outer loop
      vertex 288.238 8.66091 2.3
      vertex 288.133 8.66822 13
      vertex 288.238 8.66091 13
    endloop
  endfacet
  facet normal 0.0694509 0.997585 0
    outer loop
      vertex 288.133 8.66822 13
      vertex 288.238 8.66091 2.3
      vertex 288.133 8.66822 2.3
    endloop
  endfacet
  facet normal 0.785492 0.618872 0
    outer loop
      vertex 287.141 9.19582 13
      vertex 287.076 9.27832 2.3
      vertex 287.076 9.27832 13
    endloop
  endfacet
  facet normal 0.785492 0.618872 0
    outer loop
      vertex 287.076 9.27832 2.3
      vertex 287.141 9.19582 13
      vertex 287.141 9.19582 2.3
    endloop
  endfacet
  facet normal 0.83146 0.555584 0
    outer loop
      vertex 287.076 9.27832 13
      vertex 287.018 9.36512 2.3
      vertex 287.018 9.36512 13
    endloop
  endfacet
  facet normal 0.83146 0.555584 0
    outer loop
      vertex 287.018 9.36512 2.3
      vertex 287.076 9.27832 13
      vertex 287.076 9.27832 2.3
    endloop
  endfacet
  facet normal 0.97103 0.238958 0
    outer loop
      vertex 286.848 9.74654 13
      vertex 286.823 9.84813 2.3
      vertex 286.823 9.84813 13
    endloop
  endfacet
  facet normal 0.97103 0.238958 0
    outer loop
      vertex 286.823 9.84813 2.3
      vertex 286.848 9.74654 13
      vertex 286.848 9.74654 2.3
    endloop
  endfacet
  facet normal 0.99927 0.038213 0
    outer loop
      vertex 286.794 10.0554 13
      vertex 286.79 10.16 2.3
      vertex 286.79 10.16 13
    endloop
  endfacet
  facet normal 0.99927 0.038213 0
    outer loop
      vertex 286.79 10.16 2.3
      vertex 286.794 10.0554 13
      vertex 286.794 10.0554 2.3
    endloop
  endfacet
  facet normal 0.985102 0.17197 0
    outer loop
      vertex 286.823 9.84813 13
      vertex 286.805 9.95124 2.3
      vertex 286.805 9.95124 13
    endloop
  endfacet
  facet normal 0.985102 0.17197 0
    outer loop
      vertex 286.805 9.95124 2.3
      vertex 286.823 9.84813 13
      vertex 286.823 9.84813 2.3
    endloop
  endfacet
  facet normal -0.274746 0.961517 0
    outer loop
      vertex 288.754 8.73342 2.3
      vertex 288.653 8.70456 13
      vertex 288.754 8.73342 13
    endloop
  endfacet
  facet normal -0.274746 0.961517 0
    outer loop
      vertex 288.653 8.70456 13
      vertex 288.754 8.73342 2.3
      vertex 288.653 8.70456 2.3
    endloop
  endfacet
  facet normal 0.985099 -0.171986 0
    outer loop
      vertex 286.805 10.3688 13
      vertex 286.823 10.4719 2.3
      vertex 286.823 10.4719 13
    endloop
  endfacet
  facet normal 0.985099 -0.171986 0
    outer loop
      vertex 286.823 10.4719 2.3
      vertex 286.805 10.3688 13
      vertex 286.805 10.3688 2.3
    endloop
  endfacet
  facet normal 0.405608 -0.914047 0
    outer loop
      vertex 287.632 11.5082 2.3
      vertex 287.728 11.5508 13
      vertex 287.632 11.5082 13
    endloop
  endfacet
  facet normal 0.405608 -0.914047 0
    outer loop
      vertex 287.728 11.5508 13
      vertex 287.632 11.5082 2.3
      vertex 287.728 11.5508 2.3
    endloop
  endfacet
  facet normal 0.591364 -0.806405 0
    outer loop
      vertex 287.367 11.342 2.3
      vertex 287.451 11.4036 13
      vertex 287.367 11.342 13
    endloop
  endfacet
  facet normal 0.591364 -0.806405 0
    outer loop
      vertex 287.451 11.4036 13
      vertex 287.367 11.342 2.3
      vertex 287.451 11.4036 2.3
    endloop
  endfacet
  facet normal 0.140345 -0.990103 0
    outer loop
      vertex 288.03 11.6372 2.3
      vertex 288.133 11.6518 13
      vertex 288.03 11.6372 13
    endloop
  endfacet
  facet normal 0.140345 -0.990103 0
    outer loop
      vertex 288.133 11.6518 13
      vertex 288.03 11.6372 2.3
      vertex 288.133 11.6518 2.3
    endloop
  endfacet
  facet normal -0.99447 0.105023 0
    outer loop
      vertex 289.775 9.95124 2.3
      vertex 289.786 10.0554 13
      vertex 289.786 10.0554 2.3
    endloop
  endfacet
  facet normal -0.99447 0.105023 0
    outer loop
      vertex 289.786 10.0554 13
      vertex 289.775 9.95124 2.3
      vertex 289.775 9.95124 13
    endloop
  endfacet
  facet normal -0.743432 0.668812 0
    outer loop
      vertex 289.369 9.11801 2.3
      vertex 289.439 9.19582 13
      vertex 289.439 9.19582 2.3
    endloop
  endfacet
  facet normal -0.743432 0.668812 0
    outer loop
      vertex 289.439 9.19582 13
      vertex 289.369 9.11801 2.3
      vertex 289.369 9.11801 13
    endloop
  endfacet
  facet normal -0.405529 0.914082 0
    outer loop
      vertex 288.948 8.81181 2.3
      vertex 288.852 8.76922 13
      vertex 288.948 8.81181 13
    endloop
  endfacet
  facet normal -0.405529 0.914082 0
    outer loop
      vertex 288.852 8.76922 13
      vertex 288.948 8.81181 2.3
      vertex 288.852 8.76922 2.3
    endloop
  endfacet
  facet normal -0.89842 0.439138 0
    outer loop
      vertex 289.614 9.45579 2.3
      vertex 289.66 9.5499 13
      vertex 289.66 9.5499 2.3
    endloop
  endfacet
  facet normal -0.89842 0.439138 0
    outer loop
      vertex 289.66 9.5499 13
      vertex 289.614 9.45579 2.3
      vertex 289.614 9.45579 13
    endloop
  endfacet
  facet normal 0.343128 0.939289 -0
    outer loop
      vertex 287.826 8.73342 2.3
      vertex 287.728 8.76922 13
      vertex 287.826 8.73342 13
    endloop
  endfacet
  facet normal 0.343128 0.939289 0
    outer loop
      vertex 287.728 8.76922 13
      vertex 287.826 8.73342 2.3
      vertex 287.728 8.76922 2.3
    endloop
  endfacet
  facet normal 0.206791 0.978385 -0
    outer loop
      vertex 288.03 8.68279 2.3
      vertex 287.927 8.70456 13
      vertex 288.03 8.68279 13
    endloop
  endfacet
  facet normal 0.206791 0.978385 0
    outer loop
      vertex 287.927 8.70456 13
      vertex 288.03 8.68279 2.3
      vertex 287.927 8.70456 2.3
    endloop
  endfacet
  facet normal 0.529004 0.848619 -0
    outer loop
      vertex 287.54 8.86096 2.3
      vertex 287.451 8.91644 13
      vertex 287.54 8.86096 13
    endloop
  endfacet
  facet normal 0.529004 0.848619 0
    outer loop
      vertex 287.451 8.91644 13
      vertex 287.54 8.86096 2.3
      vertex 287.451 8.91644 2.3
    endloop
  endfacet
  facet normal 0.696159 0.717887 -0
    outer loop
      vertex 287.286 9.04528 2.3
      vertex 287.211 9.11801 13
      vertex 287.286 9.04528 13
    endloop
  endfacet
  facet normal 0.696159 0.717887 0
    outer loop
      vertex 287.211 9.11801 13
      vertex 287.286 9.04528 2.3
      vertex 287.211 9.11801 2.3
    endloop
  endfacet
  facet normal 0.924577 0.380994 0
    outer loop
      vertex 286.92 9.5499 13
      vertex 286.88 9.64697 2.3
      vertex 286.88 9.64697 13
    endloop
  endfacet
  facet normal 0.924577 0.380994 0
    outer loop
      vertex 286.88 9.64697 2.3
      vertex 286.92 9.5499 13
      vertex 286.92 9.5499 2.3
    endloop
  endfacet
  facet normal 0.867465 0.497498 0
    outer loop
      vertex 287.018 9.36512 13
      vertex 286.966 9.45579 2.3
      vertex 286.966 9.45579 13
    endloop
  endfacet
  facet normal 0.867465 0.497498 0
    outer loop
      vertex 286.966 9.45579 2.3
      vertex 287.018 9.36512 13
      vertex 287.018 9.36512 2.3
    endloop
  endfacet
  facet normal 0.952041 0.305969 0
    outer loop
      vertex 286.88 9.64697 13
      vertex 286.848 9.74654 2.3
      vertex 286.848 9.74654 13
    endloop
  endfacet
  facet normal 0.952041 0.305969 0
    outer loop
      vertex 286.848 9.74654 2.3
      vertex 286.88 9.64697 13
      vertex 286.88 9.64697 2.3
    endloop
  endfacet
  facet normal 0.99447 0.105023 0
    outer loop
      vertex 286.805 9.95124 13
      vertex 286.794 10.0554 2.3
      vertex 286.794 10.0554 13
    endloop
  endfacet
  facet normal 0.99447 0.105023 0
    outer loop
      vertex 286.794 10.0554 2.3
      vertex 286.805 9.95124 13
      vertex 286.805 9.95124 2.3
    endloop
  endfacet
  facet normal -0.206791 0.978385 0
    outer loop
      vertex 288.653 8.70456 2.3
      vertex 288.55 8.68279 13
      vertex 288.653 8.70456 13
    endloop
  endfacet
  facet normal -0.206791 0.978385 0
    outer loop
      vertex 288.55 8.68279 13
      vertex 288.653 8.70456 2.3
      vertex 288.55 8.68279 2.3
    endloop
  endfacet
  facet normal -0.140062 0.990143 0
    outer loop
      vertex 288.55 8.68279 2.3
      vertex 288.447 8.66822 13
      vertex 288.55 8.68279 13
    endloop
  endfacet
  facet normal -0.140062 0.990143 0
    outer loop
      vertex 288.447 8.66822 13
      vertex 288.55 8.68279 2.3
      vertex 288.447 8.66822 2.3
    endloop
  endfacet
  facet normal -0.785492 0.618872 0
    outer loop
      vertex 289.439 9.19582 2.3
      vertex 289.504 9.27832 13
      vertex 289.504 9.27832 2.3
    endloop
  endfacet
  facet normal -0.785492 0.618872 0
    outer loop
      vertex 289.504 9.27832 13
      vertex 289.439 9.19582 2.3
      vertex 289.439 9.19582 13
    endloop
  endfacet
  facet normal -0.83146 0.555584 0
    outer loop
      vertex 289.504 9.27832 2.3
      vertex 289.562 9.36512 13
      vertex 289.562 9.36512 2.3
    endloop
  endfacet
  facet normal -0.83146 0.555584 0
    outer loop
      vertex 289.562 9.36512 13
      vertex 289.504 9.27832 2.3
      vertex 289.504 9.27832 13
    endloop
  endfacet
  facet normal -0.529004 0.848619 0
    outer loop
      vertex 289.129 8.91644 2.3
      vertex 289.04 8.86096 13
      vertex 289.129 8.91644 13
    endloop
  endfacet
  facet normal -0.529004 0.848619 0
    outer loop
      vertex 289.04 8.86096 13
      vertex 289.129 8.91644 2.3
      vertex 289.04 8.86096 2.3
    endloop
  endfacet
  facet normal -0.696159 0.717887 0
    outer loop
      vertex 289.369 9.11801 2.3
      vertex 289.294 9.04528 13
      vertex 289.369 9.11801 13
    endloop
  endfacet
  facet normal -0.696159 0.717887 0
    outer loop
      vertex 289.294 9.04528 13
      vertex 289.369 9.11801 2.3
      vertex 289.294 9.04528 2.3
    endloop
  endfacet
  facet normal -0.924577 0.380994 0
    outer loop
      vertex 289.66 9.5499 2.3
      vertex 289.7 9.64697 13
      vertex 289.7 9.64697 2.3
    endloop
  endfacet
  facet normal -0.924577 0.380994 0
    outer loop
      vertex 289.7 9.64697 13
      vertex 289.66 9.5499 2.3
      vertex 289.66 9.5499 13
    endloop
  endfacet
  facet normal 0 1 -0
    outer loop
      vertex 288.342 8.66091 2.3
      vertex 288.238 8.66091 13
      vertex 288.342 8.66091 13
    endloop
  endfacet
  facet normal 0 1 0
    outer loop
      vertex 288.238 8.66091 13
      vertex 288.342 8.66091 2.3
      vertex 288.238 8.66091 2.3
    endloop
  endfacet
  facet normal 0.639063 0.769154 -0
    outer loop
      vertex 287.367 8.97798 2.3
      vertex 287.286 9.04528 13
      vertex 287.367 8.97798 13
    endloop
  endfacet
  facet normal 0.639063 0.769154 0
    outer loop
      vertex 287.286 9.04528 13
      vertex 287.367 8.97798 2.3
      vertex 287.286 9.04528 2.3
    endloop
  endfacet
  facet normal 0.47121 0.882021 -0
    outer loop
      vertex 287.632 8.81181 2.3
      vertex 287.54 8.86096 13
      vertex 287.632 8.81181 13
    endloop
  endfacet
  facet normal 0.47121 0.882021 0
    outer loop
      vertex 287.54 8.86096 13
      vertex 287.632 8.81181 2.3
      vertex 287.54 8.86096 2.3
    endloop
  endfacet
  facet normal 0.89842 0.439138 0
    outer loop
      vertex 286.966 9.45579 13
      vertex 286.92 9.5499 2.3
      vertex 286.92 9.5499 13
    endloop
  endfacet
  facet normal 0.89842 0.439138 0
    outer loop
      vertex 286.92 9.5499 2.3
      vertex 286.966 9.45579 13
      vertex 286.966 9.45579 2.3
    endloop
  endfacet
  facet normal 0.743432 0.668812 0
    outer loop
      vertex 287.211 9.11801 13
      vertex 287.141 9.19582 2.3
      vertex 287.141 9.19582 13
    endloop
  endfacet
  facet normal 0.743432 0.668812 0
    outer loop
      vertex 287.141 9.19582 2.3
      vertex 287.211 9.11801 13
      vertex 287.211 9.11801 2.3
    endloop
  endfacet
  facet normal -0.47121 0.882021 0
    outer loop
      vertex 289.04 8.86096 2.3
      vertex 288.948 8.81181 13
      vertex 289.04 8.86096 13
    endloop
  endfacet
  facet normal -0.47121 0.882021 0
    outer loop
      vertex 288.948 8.81181 13
      vertex 289.04 8.86096 2.3
      vertex 288.948 8.81181 2.3
    endloop
  endfacet
  facet normal -0.586437 0.809995 0
    outer loop
      vertex 289.214 8.97798 2.3
      vertex 289.129 8.91644 13
      vertex 289.214 8.97798 13
    endloop
  endfacet
  facet normal -0.586437 0.809995 0
    outer loop
      vertex 289.129 8.91644 13
      vertex 289.214 8.97798 2.3
      vertex 289.129 8.91644 2.3
    endloop
  endfacet
  facet normal 0.274746 0.961517 -0
    outer loop
      vertex 287.927 8.70456 2.3
      vertex 287.826 8.73342 13
      vertex 287.927 8.70456 13
    endloop
  endfacet
  facet normal 0.274746 0.961517 0
    outer loop
      vertex 287.826 8.73342 13
      vertex 287.927 8.70456 2.3
      vertex 287.826 8.73342 2.3
    endloop
  endfacet
  facet normal 0.590989 0.80668 -0
    outer loop
      vertex 287.451 8.91644 2.3
      vertex 287.367 8.97798 13
      vertex 287.451 8.91644 13
    endloop
  endfacet
  facet normal 0.590989 0.80668 0
    outer loop
      vertex 287.367 8.97798 13
      vertex 287.451 8.91644 2.3
      vertex 287.367 8.97798 2.3
    endloop
  endfacet
  facet normal 0.405529 0.914082 -0
    outer loop
      vertex 287.728 8.76922 2.3
      vertex 287.632 8.81181 13
      vertex 287.728 8.76922 13
    endloop
  endfacet
  facet normal 0.405529 0.914082 0
    outer loop
      vertex 287.632 8.81181 13
      vertex 287.728 8.76922 2.3
      vertex 287.632 8.81181 2.3
    endloop
  endfacet
  facet normal -0.643753 0.765234 0
    outer loop
      vertex 289.294 9.04528 2.3
      vertex 289.214 8.97798 13
      vertex 289.294 9.04528 13
    endloop
  endfacet
  facet normal -0.643753 0.765234 0
    outer loop
      vertex 289.214 8.97798 13
      vertex 289.294 9.04528 2.3
      vertex 289.214 8.97798 2.3
    endloop
  endfacet
  facet normal -0.790019 -0.0281396 -0.612436
    outer loop
      vertex 291.565 10.3846 0
      vertex 291.573 10.16 0
      vertex 289.79 10.16 2.3
    endloop
  endfacet
  facet normal -0.785961 -0.0843985 -0.612489
    outer loop
      vertex 291.541 10.6125 0
      vertex 291.565 10.389 0
      vertex 289.786 10.2646 2.3
    endloop
  endfacet
  facet normal -0.5394 -0.577928 -0.612411
    outer loop
      vertex 289.294 11.2747 2.3
      vertex 290.483 12.6022 0
      vertex 290.486 12.5994 0
    endloop
  endfacet
  facet normal -0.508964 -0.605009 -0.612307
    outer loop
      vertex 290.483 12.6022 0
      vertex 289.294 11.2747 2.3
      vertex 289.214 11.342 2.3
    endloop
  endfacet
  facet normal 0.586429 -0.530244 -0.612326
    outer loop
      vertex 285.929 12.4402 0
      vertex 287.211 11.202 2.3
      vertex 285.778 12.2732 0
    endloop
  endfacet
  facet normal 0.418326 -0.670867 -0.612324
    outer loop
      vertex 286.649 13.0027 0
      vertex 287.54 11.459 2.3
      vertex 286.458 12.8836 0
    endloop
  endfacet
  facet normal 0.587678 -0.528759 -0.612412
    outer loop
      vertex 287.141 11.1242 2.3
      vertex 285.778 12.2732 0
      vertex 287.211 11.202 2.3
    endloop
  endfacet
  facet normal 0.576915 -0.540858 -0.612079
    outer loop
      vertex 285.778 12.2732 0
      vertex 287.141 11.1242 2.3
      vertex 285.775 12.27 0
    endloop
  endfacet
  facet normal 0.790258 -0.0246296 -0.612279
    outer loop
      vertex 285.015 10.3846 0
      vertex 286.79 10.16 2.3
      vertex 285.008 10.16 0
    endloop
  endfacet
  facet normal -0.732077 -0.298592 -0.612296
    outer loop
      vertex 291.29 11.4911 0
      vertex 291.375 11.2827 0
      vertex 289.7 10.673 2.3
    endloop
  endfacet
  facet normal 0.732077 -0.298592 -0.612296
    outer loop
      vertex 285.29 11.4911 0
      vertex 286.88 10.673 2.3
      vertex 285.205 11.2827 0
    endloop
  endfacet
  facet normal 0.778537 -0.137141 -0.612432
    outer loop
      vertex 285.079 10.8425 0
      vertex 286.823 10.4719 2.3
      vertex 285.04 10.6211 0
    endloop
  endfacet
  facet normal 0.550371 0.567575 -0.612332
    outer loop
      vertex 287.211 9.11801 2.3
      vertex 286.09 7.72366 0
      vertex 285.929 7.87978 0
    endloop
  endfacet
  facet normal -0.586474 0.53019 -0.612329
    outer loop
      vertex 290.802 8.04681 0
      vertex 290.651 7.87978 0
      vertex 289.369 9.11801 2.3
    endloop
  endfacet
  facet normal -0.217963 0.759967 -0.612326
    outer loop
      vertex 289.3 7.03695 0
      vertex 289.084 6.975 0
      vertex 288.653 8.70456 2.3
    endloop
  endfacet
  facet normal -0.269588 -0.743209 -0.612342
    outer loop
      vertex 289.308 13.2804 0
      vertex 289.52 13.2035 0
      vertex 288.852 11.5508 2.3
    endloop
  endfacet
  facet normal -0.418326 -0.670867 -0.612324
    outer loop
      vertex 289.931 13.0027 0
      vertex 290.122 12.8836 0
      vertex 289.04 11.459 2.3
    endloop
  endfacet
  facet normal -0.65485 -0.442893 -0.612387
    outer loop
      vertex 290.948 12.0858 0
      vertex 291.074 11.8995 0
      vertex 289.562 10.9549 2.3
    endloop
  endfacet
  facet normal -0.778537 -0.137141 -0.612432
    outer loop
      vertex 291.501 10.8425 0
      vertex 291.54 10.6211 0
      vertex 289.757 10.4719 2.3
    endloop
  endfacet
  facet normal -0.793162 0 -0.609011
    outer loop
      vertex 291.541 10.6125 0
      vertex 289.775 10.3688 2.3
      vertex 291.541 10.6168 0
    endloop
  endfacet
  facet normal -0.786159 -0.0829918 -0.612427
    outer loop
      vertex 289.775 10.3688 2.3
      vertex 291.541 10.6125 0
      vertex 289.786 10.2646 2.3
    endloop
  endfacet
  facet normal -0.685217 0.394288 -0.612385
    outer loop
      vertex 291.186 8.61518 0
      vertex 291.074 8.42054 0
      vertex 289.562 9.36512 2.3
    endloop
  endfacet
  facet normal 0.65485 -0.442893 -0.612387
    outer loop
      vertex 285.632 12.0858 0
      vertex 287.018 10.9549 2.3
      vertex 285.506 11.8995 0
    endloop
  endfacet
  facet normal 0.550338 -0.567613 -0.612327
    outer loop
      vertex 286.09 12.5963 0
      vertex 287.211 11.202 2.3
      vertex 285.929 12.4402 0
    endloop
  endfacet
  facet normal 0.766534 -0.193391 -0.612394
    outer loop
      vertex 285.134 11.0605 0
      vertex 286.823 10.4719 2.3
      vertex 285.079 10.8425 0
    endloop
  endfacet
  facet normal 0.477955 0.630964 -0.6111
    outer loop
      vertex 286.09 7.72366 0
      vertex 287.286 9.04528 2.3
      vertex 286.094 7.72063 0
    endloop
  endfacet
  facet normal 0.550384 0.567563 -0.612331
    outer loop
      vertex 287.286 9.04528 2.3
      vertex 286.09 7.72366 0
      vertex 287.211 9.11801 2.3
    endloop
  endfacet
  facet normal 0.508447 0.605336 -0.612413
    outer loop
      vertex 287.367 8.97798 2.3
      vertex 286.269 7.57335 0
      vertex 286.097 7.71782 0
    endloop
  endfacet
  facet normal 0.657445 0.439307 -0.612189
    outer loop
      vertex 287.076 9.27832 2.3
      vertex 285.632 8.23421 0
      vertex 287.018 9.36512 2.3
    endloop
  endfacet
  facet normal 0.693836 0.383335 -0.609628
    outer loop
      vertex 285.632 8.23421 0
      vertex 287.076 9.27832 2.3
      vertex 285.634 8.23059 0
    endloop
  endfacet
  facet normal 0.732075 0.298605 -0.612292
    outer loop
      vertex 286.88 9.64697 2.3
      vertex 285.29 8.82893 0
      vertex 285.205 9.03732 0
    endloop
  endfacet
  facet normal 0 0.790596 -0.612338
    outer loop
      vertex 288.405 6.8795 0
      vertex 288.238 8.66091 2.3
      vertex 288.342 8.66091 2.3
    endloop
  endfacet
  facet normal 0 0.790596 -0.612338
    outer loop
      vertex 288.238 8.66091 2.3
      vertex 288.405 6.8795 0
      vertex 288.175 6.8795 0
    endloop
  endfacet
  facet normal -0.218124 -0.759916 -0.612331
    outer loop
      vertex 289.084 13.345 0
      vertex 289.3 13.283 0
      vertex 288.653 11.6154 2.3
    endloop
  endfacet
  facet normal -0.164165 -0.773367 -0.612335
    outer loop
      vertex 288.864 13.3917 0
      vertex 289.084 13.345 0
      vertex 288.653 11.6154 2.3
    endloop
  endfacet
  facet normal -0.321936 -0.722067 -0.612353
    outer loop
      vertex 289.52 13.2035 0
      vertex 289.725 13.1121 0
      vertex 288.852 11.5508 2.3
    endloop
  endfacet
  facet normal 0.218124 -0.759916 -0.612331
    outer loop
      vertex 287.496 13.345 0
      vertex 287.927 11.6154 2.3
      vertex 287.28 13.283 0
    endloop
  endfacet
  facet normal 0.164165 -0.773367 -0.612335
    outer loop
      vertex 287.716 13.3917 0
      vertex 287.927 11.6154 2.3
      vertex 287.496 13.345 0
    endloop
  endfacet
  facet normal 0.0591394 -0.788525 -0.612153
    outer loop
      vertex 288.175 13.4405 0
      vertex 288.133 11.6518 2.3
      vertex 288.171 13.4402 0
    endloop
  endfacet
  facet normal 0.0548321 -0.788681 -0.612353
    outer loop
      vertex 288.133 11.6518 2.3
      vertex 288.175 13.4405 0
      vertex 288.238 11.6591 2.3
    endloop
  endfacet
  facet normal -0.752402 -0.242937 -0.612269
    outer loop
      vertex 291.376 11.2785 0
      vertex 291.445 11.0648 0
      vertex 289.732 10.5735 2.3
    endloop
  endfacet
  facet normal -0.703942 -0.360996 -0.611676
    outer loop
      vertex 291.289 11.4951 0
      vertex 289.614 10.8642 2.3
      vertex 291.287 11.499 0
    endloop
  endfacet
  facet normal -0.7102 -0.347175 -0.612442
    outer loop
      vertex 289.614 10.8642 2.3
      vertex 291.289 11.4951 0
      vertex 289.66 10.7701 2.3
    endloop
  endfacet
  facet normal -0.46608 -0.63861 -0.612329
    outer loop
      vertex 290.126 12.8813 0
      vertex 290.307 12.7492 0
      vertex 289.129 11.4036 2.3
    endloop
  endfacet
  facet normal -0.371775 -0.697739 -0.612327
    outer loop
      vertex 289.733 13.1082 0
      vertex 289.931 13.0027 0
      vertex 289.04 11.459 2.3
    endloop
  endfacet
  facet normal -0.752764 0.241925 -0.612225
    outer loop
      vertex 291.376 9.04147 0
      vertex 289.7 9.64697 2.3
      vertex 289.732 9.74654 2.3
    endloop
  endfacet
  facet normal -0.770249 0.185602 -0.610139
    outer loop
      vertex 289.7 9.64697 2.3
      vertex 291.376 9.04147 0
      vertex 291.375 9.03732 0
    endloop
  endfacet
  facet normal -0.752417 0.242885 -0.612271
    outer loop
      vertex 291.445 9.25522 0
      vertex 291.376 9.04147 0
      vertex 289.732 9.74654 2.3
    endloop
  endfacet
  facet normal -0.790019 0.0281371 -0.612436
    outer loop
      vertex 291.573 10.16 0
      vertex 291.565 9.93538 0
      vertex 289.79 10.16 2.3
    endloop
  endfacet
  facet normal 0.623711 -0.485734 -0.61241
    outer loop
      vertex 285.775 12.27 0
      vertex 287.141 11.1242 2.3
      vertex 285.637 12.0928 0
    endloop
  endfacet
  facet normal 0.22716 -0.7572 -0.61241
    outer loop
      vertex 287.28 13.283 0
      vertex 287.826 11.5866 2.3
      vertex 287.276 13.2818 0
    endloop
  endfacet
  facet normal 0.21681 -0.760341 -0.61227
    outer loop
      vertex 287.826 11.5866 2.3
      vertex 287.28 13.283 0
      vertex 287.927 11.6154 2.3
    endloop
  endfacet
  facet normal 0.269588 -0.743209 -0.612342
    outer loop
      vertex 287.272 13.2804 0
      vertex 287.728 11.5508 2.3
      vertex 287.06 13.2035 0
    endloop
  endfacet
  facet normal 0.371775 -0.697739 -0.612327
    outer loop
      vertex 286.847 13.1082 0
      vertex 287.54 11.459 2.3
      vertex 286.649 13.0027 0
    endloop
  endfacet
  facet normal 0.46608 -0.63861 -0.612329
    outer loop
      vertex 286.454 12.8813 0
      vertex 287.451 11.4036 2.3
      vertex 286.273 12.7492 0
    endloop
  endfacet
  facet normal 0.692862 -0.384923 -0.609735
    outer loop
      vertex 287.076 11.0417 2.3
      vertex 285.632 12.0858 0
      vertex 285.634 12.0894 0
    endloop
  endfacet
  facet normal 0.657446 -0.439307 -0.612188
    outer loop
      vertex 285.632 12.0858 0
      vertex 287.076 11.0417 2.3
      vertex 287.018 10.9549 2.3
    endloop
  endfacet
  facet normal 0.709885 -0.347914 -0.612388
    outer loop
      vertex 285.392 11.701 0
      vertex 286.966 10.8642 2.3
      vertex 285.293 11.499 0
    endloop
  endfacet
  facet normal 0.771824 -0.179494 -0.609975
    outer loop
      vertex 286.823 10.4719 2.3
      vertex 285.039 10.6168 0
      vertex 285.04 10.6211 0
    endloop
  endfacet
  facet normal 0.778664 -0.135945 -0.612537
    outer loop
      vertex 285.039 10.6168 0
      vertex 286.823 10.4719 2.3
      vertex 286.805 10.3688 2.3
    endloop
  endfacet
  facet normal 0.752402 -0.242937 -0.612269
    outer loop
      vertex 285.204 11.2785 0
      vertex 286.848 10.5735 2.3
      vertex 285.135 11.0648 0
    endloop
  endfacet
  facet normal 0.770314 -0.179143 -0.611983
    outer loop
      vertex 286.848 10.5735 2.3
      vertex 285.134 11.0605 0
      vertex 285.135 11.0648 0
    endloop
  endfacet
  facet normal 0.767809 -0.188929 -0.612188
    outer loop
      vertex 285.134 11.0605 0
      vertex 286.848 10.5735 2.3
      vertex 286.823 10.4719 2.3
    endloop
  endfacet
  facet normal 0.793162 0 -0.609011
    outer loop
      vertex 286.805 10.3688 2.3
      vertex 285.039 10.6125 0
      vertex 285.039 10.6168 0
    endloop
  endfacet
  facet normal 0.786159 -0.0829918 -0.612427
    outer loop
      vertex 285.039 10.6125 0
      vertex 286.805 10.3688 2.3
      vertex 286.794 10.2646 2.3
    endloop
  endfacet
  facet normal 0.269496 0.743244 -0.61234
    outer loop
      vertex 287.728 8.76922 2.3
      vertex 287.272 7.03965 0
      vertex 287.06 7.11652 0
    endloop
  endfacet
  facet normal 0.586474 0.53019 -0.612329
    outer loop
      vertex 287.211 9.11801 2.3
      vertex 285.929 7.87978 0
      vertex 285.778 8.04681 0
    endloop
  endfacet
  facet normal 0.752417 0.242885 -0.612271
    outer loop
      vertex 286.848 9.74654 2.3
      vertex 285.204 9.04147 0
      vertex 285.135 9.25522 0
    endloop
  endfacet
  facet normal 0.70989 0.347899 -0.612391
    outer loop
      vertex 286.966 9.45579 2.3
      vertex 285.392 8.61896 0
      vertex 285.293 8.82097 0
    endloop
  endfacet
  facet normal 0.0552068 0.788668 -0.612336
    outer loop
      vertex 288.133 8.66822 2.3
      vertex 288.171 6.8798 0
      vertex 287.947 6.89548 0
    endloop
  endfacet
  facet normal 0.110729 0.782775 -0.612374
    outer loop
      vertex 287.724 6.92676 0
      vertex 288.03 8.68279 2.3
      vertex 288.133 8.66822 2.3
    endloop
  endfacet
  facet normal 0.119171 0.781448 -0.612484
    outer loop
      vertex 288.03 8.68279 2.3
      vertex 287.724 6.92676 0
      vertex 287.72 6.92737 0
    endloop
  endfacet
  facet normal 0.217963 0.759967 -0.612326
    outer loop
      vertex 287.927 8.70456 2.3
      vertex 287.496 6.975 0
      vertex 287.28 7.03695 0
    endloop
  endfacet
  facet normal 0.271296 0.742653 -0.612262
    outer loop
      vertex 287.276 7.03816 0
      vertex 287.728 8.76922 2.3
      vertex 287.826 8.73342 2.3
    endloop
  endfacet
  facet normal 0.276057 0.741093 -0.612024
    outer loop
      vertex 287.728 8.76922 2.3
      vertex 287.276 7.03816 0
      vertex 287.272 7.03965 0
    endloop
  endfacet
  facet normal -0.550371 0.567575 -0.612332
    outer loop
      vertex 290.651 7.87978 0
      vertex 290.49 7.72366 0
      vertex 289.369 9.11801 2.3
    endloop
  endfacet
  facet normal -0.418327 0.670868 -0.612322
    outer loop
      vertex 290.122 7.43637 0
      vertex 289.931 7.31727 0
      vertex 289.04 8.86096 2.3
    endloop
  endfacet
  facet normal -0.540438 0.57698 -0.61239
    outer loop
      vertex 290.483 7.71782 0
      vertex 289.294 9.04528 2.3
      vertex 290.486 7.72063 0
    endloop
  endfacet
  facet normal -0.508967 0.605013 -0.612301
    outer loop
      vertex 289.294 9.04528 2.3
      vertex 290.483 7.71782 0
      vertex 289.214 8.97798 2.3
    endloop
  endfacet
  facet normal -0.271299 -0.742662 -0.61225
    outer loop
      vertex 289.304 13.2818 0
      vertex 288.852 11.5508 2.3
      vertex 288.754 11.5866 2.3
    endloop
  endfacet
  facet normal -0.261079 -0.74594 -0.612708
    outer loop
      vertex 288.852 11.5508 2.3
      vertex 289.304 13.2818 0
      vertex 289.308 13.2804 0
    endloop
  endfacet
  facet normal -0.110952 -0.782746 -0.612371
    outer loop
      vertex 288.856 13.3932 0
      vertex 288.55 11.6372 2.3
      vertex 288.447 11.6518 2.3
    endloop
  endfacet
  facet normal -0.117264 -0.781758 -0.612457
    outer loop
      vertex 288.55 11.6372 2.3
      vertex 288.856 13.3932 0
      vertex 288.86 13.3926 0
    endloop
  endfacet
  facet normal 0.109891 -0.782933 -0.612324
    outer loop
      vertex 287.947 13.4245 0
      vertex 288.133 11.6518 2.3
      vertex 287.724 13.3932 0
    endloop
  endfacet
  facet normal 0.0552772 -0.788669 -0.612328
    outer loop
      vertex 288.171 13.4402 0
      vertex 288.133 11.6518 2.3
      vertex 287.947 13.4245 0
    endloop
  endfacet
  facet normal 0.117264 -0.781758 -0.612457
    outer loop
      vertex 287.724 13.3932 0
      vertex 288.03 11.6372 2.3
      vertex 287.72 13.3926 0
    endloop
  endfacet
  facet normal 0.110952 -0.782746 -0.612371
    outer loop
      vertex 288.03 11.6372 2.3
      vertex 287.724 13.3932 0
      vertex 288.133 11.6518 2.3
    endloop
  endfacet
  facet normal 0.173623 -0.771657 -0.611882
    outer loop
      vertex 287.72 13.3926 0
      vertex 287.927 11.6154 2.3
      vertex 287.716 13.3917 0
    endloop
  endfacet
  facet normal 0.163699 -0.77344 -0.612367
    outer loop
      vertex 287.927 11.6154 2.3
      vertex 287.72 13.3926 0
      vertex 288.03 11.6372 2.3
    endloop
  endfacet
  facet normal -0.0548321 -0.788681 -0.612353
    outer loop
      vertex 288.405 13.4405 0
      vertex 288.447 11.6518 2.3
      vertex 288.342 11.6591 2.3
    endloop
  endfacet
  facet normal -0.0591394 -0.788525 -0.612153
    outer loop
      vertex 288.447 11.6518 2.3
      vertex 288.405 13.4405 0
      vertex 288.409 13.4402 0
    endloop
  endfacet
  facet normal -0.0552772 -0.788669 -0.612328
    outer loop
      vertex 288.633 13.4245 0
      vertex 288.447 11.6518 2.3
      vertex 288.409 13.4402 0
    endloop
  endfacet
  facet normal -0.109891 -0.782933 -0.612324
    outer loop
      vertex 288.633 13.4245 0
      vertex 288.856 13.3932 0
      vertex 288.447 11.6518 2.3
    endloop
  endfacet
  facet normal -0.790998 0 -0.611819
    outer loop
      vertex 291.565 10.3846 0
      vertex 289.786 10.2646 2.3
      vertex 291.565 10.389 0
    endloop
  endfacet
  facet normal -0.789873 -0.0302055 -0.612526
    outer loop
      vertex 289.786 10.2646 2.3
      vertex 291.565 10.3846 0
      vertex 289.79 10.16 2.3
    endloop
  endfacet
  facet normal -0.770836 -0.183532 -0.610022
    outer loop
      vertex 291.376 11.2785 0
      vertex 289.7 10.673 2.3
      vertex 291.375 11.2827 0
    endloop
  endfacet
  facet normal -0.752712 -0.242078 -0.612228
    outer loop
      vertex 289.7 10.673 2.3
      vertex 291.376 11.2785 0
      vertex 289.732 10.5735 2.3
    endloop
  endfacet
  facet normal -0.766534 -0.193391 -0.612394
    outer loop
      vertex 291.446 11.0605 0
      vertex 291.501 10.8425 0
      vertex 289.757 10.4719 2.3
    endloop
  endfacet
  facet normal -0.692862 -0.384923 -0.609735
    outer loop
      vertex 290.948 12.0858 0
      vertex 289.504 11.0417 2.3
      vertex 290.946 12.0894 0
    endloop
  endfacet
  facet normal -0.657446 -0.439307 -0.612188
    outer loop
      vertex 289.504 11.0417 2.3
      vertex 290.948 12.0858 0
      vertex 289.562 10.9549 2.3
    endloop
  endfacet
  facet normal -0.771064 -0.192766 -0.606878
    outer loop
      vertex 291.29 11.4911 0
      vertex 289.66 10.7701 2.3
      vertex 291.289 11.4951 0
    endloop
  endfacet
  facet normal -0.730948 -0.301111 -0.612411
    outer loop
      vertex 289.66 10.7701 2.3
      vertex 291.29 11.4911 0
      vertex 289.7 10.673 2.3
    endloop
  endfacet
  facet normal -0.594418 -0.524486 -0.609575
    outer loop
      vertex 290.946 12.0894 0
      vertex 289.439 11.1242 2.3
      vertex 290.943 12.0928 0
    endloop
  endfacet
  facet normal -0.621051 -0.489313 -0.612265
    outer loop
      vertex 289.439 11.1242 2.3
      vertex 290.946 12.0894 0
      vertex 289.504 11.0417 2.3
    endloop
  endfacet
  facet normal -0.550338 -0.567613 -0.612327
    outer loop
      vertex 290.49 12.5963 0
      vertex 290.651 12.4402 0
      vertex 289.369 11.202 2.3
    endloop
  endfacet
  facet normal -0.417811 -0.671213 -0.612296
    outer loop
      vertex 290.122 12.8836 0
      vertex 289.129 11.4036 2.3
      vertex 289.04 11.459 2.3
    endloop
  endfacet
  facet normal -0.394372 -0.685865 -0.611605
    outer loop
      vertex 289.129 11.4036 2.3
      vertex 290.122 12.8836 0
      vertex 290.126 12.8813 0
    endloop
  endfacet
  facet normal -0.508373 -0.605541 -0.612273
    outer loop
      vertex 290.311 12.7466 0
      vertex 290.483 12.6022 0
      vertex 289.214 11.342 2.3
    endloop
  endfacet
  facet normal -0.463988 -0.640243 -0.612212
    outer loop
      vertex 290.307 12.7492 0
      vertex 289.214 11.342 2.3
      vertex 289.129 11.4036 2.3
    endloop
  endfacet
  facet normal -0.431399 -0.663691 -0.611072
    outer loop
      vertex 289.214 11.342 2.3
      vertex 290.307 12.7492 0
      vertex 290.311 12.7466 0
    endloop
  endfacet
  facet normal -0.372858 -0.697215 -0.612265
    outer loop
      vertex 289.729 13.1103 0
      vertex 289.04 11.459 2.3
      vertex 288.948 11.5082 2.3
    endloop
  endfacet
  facet normal -0.367425 -0.699857 -0.612535
    outer loop
      vertex 289.04 11.459 2.3
      vertex 289.729 13.1103 0
      vertex 289.733 13.1082 0
    endloop
  endfacet
  facet normal -0.320687 -0.722675 -0.612292
    outer loop
      vertex 289.725 13.1121 0
      vertex 288.948 11.5082 2.3
      vertex 288.852 11.5508 2.3
    endloop
  endfacet
  facet normal -0.324428 -0.720951 -0.612354
    outer loop
      vertex 288.948 11.5082 2.3
      vertex 289.725 13.1121 0
      vertex 289.729 13.1103 0
    endloop
  endfacet
  facet normal -0.621049 0.489311 -0.612269
    outer loop
      vertex 290.946 8.23059 0
      vertex 289.439 9.19582 2.3
      vertex 289.504 9.27832 2.3
    endloop
  endfacet
  facet normal -0.596547 0.521761 -0.609833
    outer loop
      vertex 289.439 9.19582 2.3
      vertex 290.946 8.23059 0
      vertex 290.943 8.22716 0
    endloop
  endfacet
  facet normal -0.623592 0.485888 -0.61241
    outer loop
      vertex 290.943 8.22716 0
      vertex 290.805 8.05005 0
      vertex 289.439 9.19582 2.3
    endloop
  endfacet
  facet normal -0.657445 0.439307 -0.612189
    outer loop
      vertex 290.948 8.23421 0
      vertex 289.504 9.27832 2.3
      vertex 289.562 9.36512 2.3
    endloop
  endfacet
  facet normal -0.693836 0.383335 -0.609628
    outer loop
      vertex 289.504 9.27832 2.3
      vertex 290.948 8.23421 0
      vertex 290.946 8.23059 0
    endloop
  endfacet
  facet normal -0.654883 0.442845 -0.612385
    outer loop
      vertex 291.074 8.42054 0
      vertex 290.948 8.23421 0
      vertex 289.562 9.36512 2.3
    endloop
  endfacet
  facet normal -0.767801 0.188946 -0.612193
    outer loop
      vertex 291.446 9.25945 0
      vertex 289.732 9.74654 2.3
      vertex 289.757 9.84813 2.3
    endloop
  endfacet
  facet normal -0.769603 0.181939 -0.612053
    outer loop
      vertex 289.732 9.74654 2.3
      vertex 291.446 9.25945 0
      vertex 291.445 9.25522 0
    endloop
  endfacet
  facet normal -0.766549 0.193325 -0.612395
    outer loop
      vertex 291.501 9.47753 0
      vertex 291.446 9.25945 0
      vertex 289.757 9.84813 2.3
    endloop
  endfacet
  facet normal 0.261079 -0.74594 -0.612708
    outer loop
      vertex 287.276 13.2818 0
      vertex 287.728 11.5508 2.3
      vertex 287.272 13.2804 0
    endloop
  endfacet
  facet normal 0.271299 -0.742662 -0.61225
    outer loop
      vertex 287.728 11.5508 2.3
      vertex 287.276 13.2818 0
      vertex 287.826 11.5866 2.3
    endloop
  endfacet
  facet normal 0.367425 -0.699857 -0.612535
    outer loop
      vertex 286.851 13.1103 0
      vertex 287.54 11.459 2.3
      vertex 286.847 13.1082 0
    endloop
  endfacet
  facet normal 0.372858 -0.697215 -0.612265
    outer loop
      vertex 287.54 11.459 2.3
      vertex 286.851 13.1103 0
      vertex 287.632 11.5082 2.3
    endloop
  endfacet
  facet normal 0.321936 -0.722067 -0.612353
    outer loop
      vertex 287.06 13.2035 0
      vertex 287.728 11.5508 2.3
      vertex 286.855 13.1121 0
    endloop
  endfacet
  facet normal 0.394372 -0.685865 -0.611605
    outer loop
      vertex 286.458 12.8836 0
      vertex 287.451 11.4036 2.3
      vertex 286.454 12.8813 0
    endloop
  endfacet
  facet normal 0.417811 -0.671213 -0.612296
    outer loop
      vertex 287.451 11.4036 2.3
      vertex 286.458 12.8836 0
      vertex 287.54 11.459 2.3
    endloop
  endfacet
  facet normal 0.508304 -0.605459 -0.612411
    outer loop
      vertex 286.269 12.7466 0
      vertex 287.367 11.342 2.3
      vertex 286.097 12.6022 0
    endloop
  endfacet
  facet normal 0.43135 -0.663615 -0.611189
    outer loop
      vertex 286.273 12.7492 0
      vertex 287.367 11.342 2.3
      vertex 286.269 12.7466 0
    endloop
  endfacet
  facet normal 0.467499 -0.637499 -0.612405
    outer loop
      vertex 287.367 11.342 2.3
      vertex 286.273 12.7492 0
      vertex 287.451 11.4036 2.3
    endloop
  endfacet
  facet normal 0.505295 -0.608156 -0.612228
    outer loop
      vertex 287.286 11.2747 2.3
      vertex 286.097 12.6022 0
      vertex 287.367 11.342 2.3
    endloop
  endfacet
  facet normal 0.5394 -0.577928 -0.612411
    outer loop
      vertex 286.097 12.6022 0
      vertex 287.286 11.2747 2.3
      vertex 286.094 12.5994 0
    endloop
  endfacet
  facet normal 0.550268 -0.567676 -0.612331
    outer loop
      vertex 286.09 12.5963 0
      vertex 287.286 11.2747 2.3
      vertex 287.211 11.202 2.3
    endloop
  endfacet
  facet normal 0.484721 -0.625447 -0.611442
    outer loop
      vertex 287.286 11.2747 2.3
      vertex 286.09 12.5963 0
      vertex 286.094 12.5994 0
    endloop
  endfacet
  facet normal 0.594418 -0.524486 -0.609575
    outer loop
      vertex 287.141 11.1242 2.3
      vertex 285.634 12.0894 0
      vertex 285.637 12.0928 0
    endloop
  endfacet
  facet normal 0.621051 -0.489313 -0.612265
    outer loop
      vertex 285.634 12.0894 0
      vertex 287.141 11.1242 2.3
      vertex 287.076 11.0417 2.3
    endloop
  endfacet
  facet normal 0.698883 -0.367833 -0.613402
    outer loop
      vertex 287.018 10.9549 2.3
      vertex 285.392 11.701 0
      vertex 285.394 11.7048 0
    endloop
  endfacet
  facet normal 0.685828 -0.393198 -0.612401
    outer loop
      vertex 285.392 11.701 0
      vertex 287.018 10.9549 2.3
      vertex 286.966 10.8642 2.3
    endloop
  endfacet
  facet normal 0.685269 -0.394197 -0.612385
    outer loop
      vertex 285.506 11.8995 0
      vertex 287.018 10.9549 2.3
      vertex 285.394 11.7048 0
    endloop
  endfacet
  facet normal 0.703942 -0.360996 -0.611676
    outer loop
      vertex 286.966 10.8642 2.3
      vertex 285.291 11.4951 0
      vertex 285.293 11.499 0
    endloop
  endfacet
  facet normal 0.7102 -0.347175 -0.612442
    outer loop
      vertex 285.291 11.4951 0
      vertex 286.966 10.8642 2.3
      vertex 286.92 10.7701 2.3
    endloop
  endfacet
  facet normal 0.771064 -0.192766 -0.606878
    outer loop
      vertex 286.92 10.7701 2.3
      vertex 285.29 11.4911 0
      vertex 285.291 11.4951 0
    endloop
  endfacet
  facet normal 0.730948 -0.301111 -0.612411
    outer loop
      vertex 285.29 11.4911 0
      vertex 286.92 10.7701 2.3
      vertex 286.88 10.673 2.3
    endloop
  endfacet
  facet normal 0.770836 -0.183532 -0.610022
    outer loop
      vertex 286.88 10.673 2.3
      vertex 285.204 11.2785 0
      vertex 285.205 11.2827 0
    endloop
  endfacet
  facet normal 0.752712 -0.242078 -0.612228
    outer loop
      vertex 285.204 11.2785 0
      vertex 286.88 10.673 2.3
      vertex 286.848 10.5735 2.3
    endloop
  endfacet
  facet normal 0.786446 -0.0809318 -0.612334
    outer loop
      vertex 285.039 10.6125 0
      vertex 286.794 10.2646 2.3
      vertex 285.016 10.389 0
    endloop
  endfacet
  facet normal 0.774193 -0.175953 -0.608002
    outer loop
      vertex 286.794 10.2646 2.3
      vertex 285.015 10.3846 0
      vertex 285.016 10.389 0
    endloop
  endfacet
  facet normal 0.789873 -0.0302055 -0.612526
    outer loop
      vertex 285.015 10.3846 0
      vertex 286.794 10.2646 2.3
      vertex 286.79 10.16 2.3
    endloop
  endfacet
  facet normal 0.467206 0.63772 -0.612398
    outer loop
      vertex 286.273 7.57079 0
      vertex 287.367 8.97798 2.3
      vertex 287.451 8.91644 2.3
    endloop
  endfacet
  facet normal 0.426753 0.666801 -0.610949
    outer loop
      vertex 287.367 8.97798 2.3
      vertex 286.273 7.57079 0
      vertex 286.269 7.57335 0
    endloop
  endfacet
  facet normal 0.418327 0.670868 -0.612322
    outer loop
      vertex 287.54 8.86096 2.3
      vertex 286.649 7.31727 0
      vertex 286.458 7.43637 0
    endloop
  endfacet
  facet normal 0.321966 0.722054 -0.612353
    outer loop
      vertex 287.728 8.76922 2.3
      vertex 287.06 7.11652 0
      vertex 286.855 7.20793 0
    endloop
  endfacet
  facet normal 0.77853 0.137177 -0.612432
    outer loop
      vertex 286.823 9.84813 2.3
      vertex 285.079 9.47753 0
      vertex 285.04 9.69887 0
    endloop
  endfacet
  facet normal 0.752764 0.241925 -0.612225
    outer loop
      vertex 286.88 9.64697 2.3
      vertex 285.204 9.04147 0
      vertex 286.848 9.74654 2.3
    endloop
  endfacet
  facet normal 0.770249 0.185602 -0.610139
    outer loop
      vertex 285.204 9.04147 0
      vertex 286.88 9.64697 2.3
      vertex 285.205 9.03732 0
    endloop
  endfacet
  facet normal 0.789873 0.0302055 -0.612526
    outer loop
      vertex 286.794 10.0554 2.3
      vertex 285.015 9.93538 0
      vertex 286.79 10.16 2.3
    endloop
  endfacet
  facet normal 0.773932 0.177507 -0.607882
    outer loop
      vertex 285.015 9.93538 0
      vertex 286.794 10.0554 2.3
      vertex 285.016 9.93102 0
    endloop
  endfacet
  facet normal 0.786154 0.0830232 -0.612428
    outer loop
      vertex 286.805 9.95124 2.3
      vertex 285.039 9.7075 0
      vertex 286.794 10.0554 2.3
    endloop
  endfacet
  facet normal 0.793162 0 -0.609011
    outer loop
      vertex 285.039 9.7075 0
      vertex 286.805 9.95124 2.3
      vertex 285.039 9.70317 0
    endloop
  endfacet
  facet normal 0.654883 0.442845 -0.612385
    outer loop
      vertex 287.018 9.36512 2.3
      vertex 285.632 8.23421 0
      vertex 285.506 8.42054 0
    endloop
  endfacet
  facet normal 0.621049 0.489311 -0.612269
    outer loop
      vertex 287.141 9.19582 2.3
      vertex 285.634 8.23059 0
      vertex 287.076 9.27832 2.3
    endloop
  endfacet
  facet normal 0.596547 0.521761 -0.609833
    outer loop
      vertex 285.634 8.23059 0
      vertex 287.141 9.19582 2.3
      vertex 285.637 8.22716 0
    endloop
  endfacet
  facet normal -0.0591391 0.788522 -0.612157
    outer loop
      vertex 288.405 6.8795 0
      vertex 288.447 8.66822 2.3
      vertex 288.409 6.8798 0
    endloop
  endfacet
  facet normal -0.0549068 0.788675 -0.612353
    outer loop
      vertex 288.447 8.66822 2.3
      vertex 288.405 6.8795 0
      vertex 288.342 8.66091 2.3
    endloop
  endfacet
  facet normal 0.0549068 0.788675 -0.612353
    outer loop
      vertex 288.175 6.8795 0
      vertex 288.133 8.66822 2.3
      vertex 288.238 8.66091 2.3
    endloop
  endfacet
  facet normal 0.0591391 0.788522 -0.612157
    outer loop
      vertex 288.133 8.66822 2.3
      vertex 288.175 6.8795 0
      vertex 288.171 6.8798 0
    endloop
  endfacet
  facet normal 0.164233 0.773358 -0.612328
    outer loop
      vertex 287.927 8.70456 2.3
      vertex 287.716 6.92828 0
      vertex 287.496 6.975 0
    endloop
  endfacet
  facet normal -0.477955 0.630964 -0.6111
    outer loop
      vertex 289.294 9.04528 2.3
      vertex 290.49 7.72366 0
      vertex 290.486 7.72063 0
    endloop
  endfacet
  facet normal -0.550384 0.567563 -0.612331
    outer loop
      vertex 290.49 7.72366 0
      vertex 289.294 9.04528 2.3
      vertex 289.369 9.11801 2.3
    endloop
  endfacet
  facet normal -0.508516 0.605418 -0.612274
    outer loop
      vertex 290.483 7.71782 0
      vertex 290.311 7.57335 0
      vertex 289.214 8.97798 2.3
    endloop
  endfacet
  facet normal -0.321966 0.722054 -0.612353
    outer loop
      vertex 289.725 7.20793 0
      vertex 289.52 7.11652 0
      vertex 288.852 8.76922 2.3
    endloop
  endfacet
  facet normal -0.360406 0.703232 -0.61284
    outer loop
      vertex 289.729 7.20971 0
      vertex 289.04 8.86096 2.3
      vertex 289.733 7.21176 0
    endloop
  endfacet
  facet normal -0.372561 0.697368 -0.612271
    outer loop
      vertex 289.04 8.86096 2.3
      vertex 289.729 7.20971 0
      vertex 288.948 8.81181 2.3
    endloop
  endfacet
  facet normal -0.371803 0.697725 -0.612325
    outer loop
      vertex 289.931 7.31727 0
      vertex 289.733 7.21176 0
      vertex 289.04 8.86096 2.3
    endloop
  endfacet
  facet normal -0.163699 -0.77344 -0.612367
    outer loop
      vertex 288.86 13.3926 0
      vertex 288.653 11.6154 2.3
      vertex 288.55 11.6372 2.3
    endloop
  endfacet
  facet normal -0.173623 -0.771657 -0.611882
    outer loop
      vertex 288.653 11.6154 2.3
      vertex 288.86 13.3926 0
      vertex 288.864 13.3917 0
    endloop
  endfacet
  facet normal 0 -0.790598 -0.612335
    outer loop
      vertex 288.175 13.4405 0
      vertex 288.342 11.6591 2.3
      vertex 288.238 11.6591 2.3
    endloop
  endfacet
  facet normal 0 -0.790598 -0.612335
    outer loop
      vertex 288.342 11.6591 2.3
      vertex 288.175 13.4405 0
      vertex 288.405 13.4405 0
    endloop
  endfacet
  facet normal -0.771824 -0.179494 -0.609975
    outer loop
      vertex 291.541 10.6168 0
      vertex 289.757 10.4719 2.3
      vertex 291.54 10.6211 0
    endloop
  endfacet
  facet normal -0.778664 -0.135945 -0.612537
    outer loop
      vertex 289.757 10.4719 2.3
      vertex 291.541 10.6168 0
      vertex 289.775 10.3688 2.3
    endloop
  endfacet
  facet normal -0.770314 -0.179143 -0.611983
    outer loop
      vertex 291.446 11.0605 0
      vertex 289.732 10.5735 2.3
      vertex 291.445 11.0648 0
    endloop
  endfacet
  facet normal -0.767809 -0.188929 -0.612188
    outer loop
      vertex 289.732 10.5735 2.3
      vertex 291.446 11.0605 0
      vertex 289.757 10.4719 2.3
    endloop
  endfacet
  facet normal -0.685269 -0.394197 -0.612385
    outer loop
      vertex 291.074 11.8995 0
      vertex 291.186 11.7048 0
      vertex 289.562 10.9549 2.3
    endloop
  endfacet
  facet normal -0.698883 -0.367833 -0.613402
    outer loop
      vertex 291.188 11.701 0
      vertex 289.562 10.9549 2.3
      vertex 291.186 11.7048 0
    endloop
  endfacet
  facet normal -0.685828 -0.393198 -0.612401
    outer loop
      vertex 289.562 10.9549 2.3
      vertex 291.188 11.701 0
      vertex 289.614 10.8642 2.3
    endloop
  endfacet
  facet normal -0.709885 -0.347914 -0.612388
    outer loop
      vertex 291.188 11.701 0
      vertex 291.287 11.499 0
      vertex 289.614 10.8642 2.3
    endloop
  endfacet
  facet normal -0.550268 -0.567676 -0.612331
    outer loop
      vertex 289.294 11.2747 2.3
      vertex 290.49 12.5963 0
      vertex 289.369 11.202 2.3
    endloop
  endfacet
  facet normal -0.484721 -0.625447 -0.611442
    outer loop
      vertex 290.49 12.5963 0
      vertex 289.294 11.2747 2.3
      vertex 290.486 12.5994 0
    endloop
  endfacet
  facet normal -0.586429 -0.530244 -0.612326
    outer loop
      vertex 290.651 12.4402 0
      vertex 290.802 12.2732 0
      vertex 289.369 11.202 2.3
    endloop
  endfacet
  facet normal -0.685771 0.393295 -0.612402
    outer loop
      vertex 291.188 8.61896 0
      vertex 289.562 9.36512 2.3
      vertex 289.614 9.45579 2.3
    endloop
  endfacet
  facet normal -0.698108 0.369369 -0.613361
    outer loop
      vertex 289.562 9.36512 2.3
      vertex 291.188 8.61896 0
      vertex 291.186 8.61518 0
    endloop
  endfacet
  facet normal -0.70989 0.347899 -0.612391
    outer loop
      vertex 291.287 8.82097 0
      vertex 291.188 8.61896 0
      vertex 289.614 9.45579 2.3
    endloop
  endfacet
  facet normal -0.730916 0.301191 -0.61241
    outer loop
      vertex 291.29 8.82893 0
      vertex 289.66 9.5499 2.3
      vertex 289.7 9.64697 2.3
    endloop
  endfacet
  facet normal -0.771628 0.190997 -0.606721
    outer loop
      vertex 289.66 9.5499 2.3
      vertex 291.29 8.82893 0
      vertex 291.289 8.82489 0
    endloop
  endfacet
  facet normal -0.732075 0.298605 -0.612292
    outer loop
      vertex 291.375 9.03732 0
      vertex 291.29 8.82893 0
      vertex 289.7 9.64697 2.3
    endloop
  endfacet
  facet normal -0.77853 0.137177 -0.612432
    outer loop
      vertex 291.54 9.69887 0
      vertex 291.501 9.47753 0
      vertex 289.757 9.84813 2.3
    endloop
  endfacet
  facet normal 0.324428 -0.720951 -0.612354
    outer loop
      vertex 286.855 13.1121 0
      vertex 287.632 11.5082 2.3
      vertex 286.851 13.1103 0
    endloop
  endfacet
  facet normal 0.320687 -0.722675 -0.612292
    outer loop
      vertex 287.632 11.5082 2.3
      vertex 286.855 13.1121 0
      vertex 287.728 11.5508 2.3
    endloop
  endfacet
  facet normal 0.505299 0.60816 -0.612221
    outer loop
      vertex 286.097 7.71782 0
      vertex 287.286 9.04528 2.3
      vertex 287.367 8.97798 2.3
    endloop
  endfacet
  facet normal 0.540438 0.57698 -0.61239
    outer loop
      vertex 287.286 9.04528 2.3
      vertex 286.097 7.71782 0
      vertex 286.094 7.72063 0
    endloop
  endfacet
  facet normal 0.466098 0.638587 -0.612339
    outer loop
      vertex 287.451 8.91644 2.3
      vertex 286.454 7.43868 0
      vertex 286.273 7.57079 0
    endloop
  endfacet
  facet normal 0.418237 0.670928 -0.612318
    outer loop
      vertex 286.458 7.43637 0
      vertex 287.451 8.91644 2.3
      vertex 287.54 8.86096 2.3
    endloop
  endfacet
  facet normal 0.395635 0.685082 -0.611667
    outer loop
      vertex 287.451 8.91644 2.3
      vertex 286.458 7.43637 0
      vertex 286.454 7.43868 0
    endloop
  endfacet
  facet normal 0.371803 0.697725 -0.612325
    outer loop
      vertex 287.54 8.86096 2.3
      vertex 286.847 7.21176 0
      vertex 286.649 7.31727 0
    endloop
  endfacet
  facet normal 0.217223 0.760206 -0.612292
    outer loop
      vertex 287.28 7.03695 0
      vertex 287.826 8.73342 2.3
      vertex 287.927 8.70456 2.3
    endloop
  endfacet
  facet normal 0.228888 0.756655 -0.612441
    outer loop
      vertex 287.826 8.73342 2.3
      vertex 287.28 7.03695 0
      vertex 287.276 7.03816 0
    endloop
  endfacet
  facet normal 0.766549 0.193325 -0.612395
    outer loop
      vertex 286.823 9.84813 2.3
      vertex 285.134 9.25945 0
      vertex 285.079 9.47753 0
    endloop
  endfacet
  facet normal 0.790258 0.0246274 -0.612279
    outer loop
      vertex 286.79 10.16 2.3
      vertex 285.015 9.93538 0
      vertex 285.008 10.16 0
    endloop
  endfacet
  facet normal 0.730916 0.301191 -0.61241
    outer loop
      vertex 286.92 9.5499 2.3
      vertex 285.29 8.82893 0
      vertex 286.88 9.64697 2.3
    endloop
  endfacet
  facet normal 0.771628 0.190997 -0.606721
    outer loop
      vertex 285.29 8.82893 0
      vertex 286.92 9.5499 2.3
      vertex 285.291 8.82489 0
    endloop
  endfacet
  facet normal 0.710213 0.347145 -0.612444
    outer loop
      vertex 286.966 9.45579 2.3
      vertex 285.291 8.82489 0
      vertex 286.92 9.5499 2.3
    endloop
  endfacet
  facet normal 0.704627 0.359504 -0.611766
    outer loop
      vertex 285.291 8.82489 0
      vertex 286.966 9.45579 2.3
      vertex 285.293 8.82097 0
    endloop
  endfacet
  facet normal 0.685217 0.394288 -0.612385
    outer loop
      vertex 287.018 9.36512 2.3
      vertex 285.506 8.42054 0
      vertex 285.394 8.61518 0
    endloop
  endfacet
  facet normal 0.685771 0.393295 -0.612402
    outer loop
      vertex 287.018 9.36512 2.3
      vertex 285.392 8.61896 0
      vertex 286.966 9.45579 2.3
    endloop
  endfacet
  facet normal 0.698108 0.369369 -0.613361
    outer loop
      vertex 285.392 8.61896 0
      vertex 287.018 9.36512 2.3
      vertex 285.394 8.61518 0
    endloop
  endfacet
  facet normal 0.623592 0.485888 -0.61241
    outer loop
      vertex 287.141 9.19582 2.3
      vertex 285.775 8.05005 0
      vertex 285.637 8.22716 0
    endloop
  endfacet
  facet normal 0.58771 0.52872 -0.612415
    outer loop
      vertex 285.778 8.04681 0
      vertex 287.141 9.19582 2.3
      vertex 287.211 9.11801 2.3
    endloop
  endfacet
  facet normal 0.580188 0.537211 -0.612198
    outer loop
      vertex 287.141 9.19582 2.3
      vertex 285.778 8.04681 0
      vertex 285.775 8.05005 0
    endloop
  endfacet
  facet normal -0.164233 0.773358 -0.612328
    outer loop
      vertex 289.084 6.975 0
      vertex 288.864 6.92828 0
      vertex 288.653 8.70456 2.3
    endloop
  endfacet
  facet normal -0.109822 0.782935 -0.612333
    outer loop
      vertex 288.856 6.92676 0
      vertex 288.633 6.89548 0
      vertex 288.447 8.66822 2.3
    endloop
  endfacet
  facet normal -0.0552068 0.788668 -0.612336
    outer loop
      vertex 288.447 8.66822 2.3
      vertex 288.633 6.89548 0
      vertex 288.409 6.8798 0
    endloop
  endfacet
  facet normal 0.109822 0.782935 -0.612333
    outer loop
      vertex 288.133 8.66822 2.3
      vertex 287.947 6.89548 0
      vertex 287.724 6.92676 0
    endloop
  endfacet
  facet normal 0.163482 0.77348 -0.612375
    outer loop
      vertex 287.72 6.92737 0
      vertex 287.927 8.70456 2.3
      vertex 288.03 8.68279 2.3
    endloop
  endfacet
  facet normal 0.175475 0.771317 -0.611783
    outer loop
      vertex 287.927 8.70456 2.3
      vertex 287.72 6.92737 0
      vertex 287.716 6.92828 0
    endloop
  endfacet
  facet normal -0.580188 0.537211 -0.612198
    outer loop
      vertex 290.802 8.04681 0
      vertex 289.439 9.19582 2.3
      vertex 290.805 8.05005 0
    endloop
  endfacet
  facet normal -0.58771 0.52872 -0.612415
    outer loop
      vertex 289.439 9.19582 2.3
      vertex 290.802 8.04681 0
      vertex 289.369 9.11801 2.3
    endloop
  endfacet
  facet normal -0.321438 0.722333 -0.612301
    outer loop
      vertex 289.725 7.20793 0
      vertex 288.948 8.81181 2.3
      vertex 289.729 7.20971 0
    endloop
  endfacet
  facet normal -0.320626 0.722706 -0.612287
    outer loop
      vertex 288.948 8.81181 2.3
      vertex 289.725 7.20793 0
      vertex 288.852 8.76922 2.3
    endloop
  endfacet
  facet normal -0.21681 -0.760341 -0.61227
    outer loop
      vertex 289.3 13.283 0
      vertex 288.754 11.5866 2.3
      vertex 288.653 11.6154 2.3
    endloop
  endfacet
  facet normal -0.22716 -0.7572 -0.61241
    outer loop
      vertex 288.754 11.5866 2.3
      vertex 289.3 13.283 0
      vertex 289.304 13.2818 0
    endloop
  endfacet
  facet normal -0.623711 -0.485734 -0.61241
    outer loop
      vertex 290.805 12.27 0
      vertex 290.943 12.0928 0
      vertex 289.439 11.1242 2.3
    endloop
  endfacet
  facet normal -0.576915 -0.540858 -0.612079
    outer loop
      vertex 289.439 11.1242 2.3
      vertex 290.802 12.2732 0
      vertex 290.805 12.27 0
    endloop
  endfacet
  facet normal -0.587678 -0.528759 -0.612412
    outer loop
      vertex 290.802 12.2732 0
      vertex 289.439 11.1242 2.3
      vertex 289.369 11.202 2.3
    endloop
  endfacet
  facet normal -0.710213 0.347145 -0.612444
    outer loop
      vertex 291.289 8.82489 0
      vertex 289.614 9.45579 2.3
      vertex 289.66 9.5499 2.3
    endloop
  endfacet
  facet normal -0.704627 0.359504 -0.611766
    outer loop
      vertex 289.614 9.45579 2.3
      vertex 291.289 8.82489 0
      vertex 291.287 8.82097 0
    endloop
  endfacet
  facet normal -0.785962 0.0843911 -0.612488
    outer loop
      vertex 291.565 9.93102 0
      vertex 291.541 9.7075 0
      vertex 289.786 10.0554 2.3
    endloop
  endfacet
  facet normal -0.789873 0.0302055 -0.612526
    outer loop
      vertex 291.565 9.93538 0
      vertex 289.786 10.0554 2.3
      vertex 289.79 10.16 2.3
    endloop
  endfacet
  facet normal -0.790998 0 -0.611819
    outer loop
      vertex 289.786 10.0554 2.3
      vertex 291.565 9.93538 0
      vertex 291.565 9.93102 0
    endloop
  endfacet
  facet normal 0.372561 0.697368 -0.612271
    outer loop
      vertex 286.851 7.20971 0
      vertex 287.54 8.86096 2.3
      vertex 287.632 8.81181 2.3
    endloop
  endfacet
  facet normal 0.360406 0.703232 -0.61284
    outer loop
      vertex 287.54 8.86096 2.3
      vertex 286.851 7.20971 0
      vertex 286.847 7.21176 0
    endloop
  endfacet
  facet normal 0.320626 0.722706 -0.612287
    outer loop
      vertex 286.855 7.20793 0
      vertex 287.632 8.81181 2.3
      vertex 287.728 8.76922 2.3
    endloop
  endfacet
  facet normal 0.321438 0.722333 -0.612301
    outer loop
      vertex 287.632 8.81181 2.3
      vertex 286.855 7.20793 0
      vertex 286.851 7.20971 0
    endloop
  endfacet
  facet normal 0.767801 0.188946 -0.612193
    outer loop
      vertex 286.848 9.74654 2.3
      vertex 285.134 9.25945 0
      vertex 286.823 9.84813 2.3
    endloop
  endfacet
  facet normal 0.769603 0.181939 -0.612053
    outer loop
      vertex 285.134 9.25945 0
      vertex 286.848 9.74654 2.3
      vertex 285.135 9.25522 0
    endloop
  endfacet
  facet normal 0.786447 0.0809246 -0.612334
    outer loop
      vertex 286.794 10.0554 2.3
      vertex 285.039 9.7075 0
      vertex 285.016 9.93102 0
    endloop
  endfacet
  facet normal 0.778664 0.135932 -0.61254
    outer loop
      vertex 286.823 9.84813 2.3
      vertex 285.039 9.70317 0
      vertex 286.805 9.95124 2.3
    endloop
  endfacet
  facet normal 0.771822 0.179493 -0.609978
    outer loop
      vertex 285.039 9.70317 0
      vertex 286.823 9.84813 2.3
      vertex 285.04 9.69887 0
    endloop
  endfacet
  facet normal -0.269496 0.743244 -0.61234
    outer loop
      vertex 289.52 7.11652 0
      vertex 289.308 7.03965 0
      vertex 288.852 8.76922 2.3
    endloop
  endfacet
  facet normal -0.228888 0.756655 -0.612441
    outer loop
      vertex 289.3 7.03695 0
      vertex 288.754 8.73342 2.3
      vertex 289.304 7.03816 0
    endloop
  endfacet
  facet normal -0.217223 0.760206 -0.612292
    outer loop
      vertex 288.754 8.73342 2.3
      vertex 289.3 7.03695 0
      vertex 288.653 8.70456 2.3
    endloop
  endfacet
  facet normal -0.119171 0.781448 -0.612484
    outer loop
      vertex 288.856 6.92676 0
      vertex 288.55 8.68279 2.3
      vertex 288.86 6.92737 0
    endloop
  endfacet
  facet normal -0.110729 0.782775 -0.612374
    outer loop
      vertex 288.55 8.68279 2.3
      vertex 288.856 6.92676 0
      vertex 288.447 8.66822 2.3
    endloop
  endfacet
  facet normal -0.175475 0.771317 -0.611783
    outer loop
      vertex 288.86 6.92737 0
      vertex 288.653 8.70456 2.3
      vertex 288.864 6.92828 0
    endloop
  endfacet
  facet normal -0.163482 0.77348 -0.612375
    outer loop
      vertex 288.653 8.70456 2.3
      vertex 288.86 6.92737 0
      vertex 288.55 8.68279 2.3
    endloop
  endfacet
  facet normal -0.426801 0.666876 -0.610833
    outer loop
      vertex 290.307 7.57079 0
      vertex 289.214 8.97798 2.3
      vertex 290.311 7.57335 0
    endloop
  endfacet
  facet normal -0.463695 0.640463 -0.612205
    outer loop
      vertex 289.214 8.97798 2.3
      vertex 290.307 7.57079 0
      vertex 289.129 8.91644 2.3
    endloop
  endfacet
  facet normal -0.778664 0.135932 -0.61254
    outer loop
      vertex 291.541 9.70317 0
      vertex 289.757 9.84813 2.3
      vertex 289.775 9.95124 2.3
    endloop
  endfacet
  facet normal -0.771822 0.179493 -0.609978
    outer loop
      vertex 289.757 9.84813 2.3
      vertex 291.541 9.70317 0
      vertex 291.54 9.69887 0
    endloop
  endfacet
  facet normal -0.786154 0.0830232 -0.612428
    outer loop
      vertex 291.541 9.7075 0
      vertex 289.775 9.95124 2.3
      vertex 289.786 10.0554 2.3
    endloop
  endfacet
  facet normal -0.793162 0 -0.609011
    outer loop
      vertex 289.775 9.95124 2.3
      vertex 291.541 9.7075 0
      vertex 291.541 9.70317 0
    endloop
  endfacet
  facet normal -0.276057 0.741093 -0.612024
    outer loop
      vertex 289.304 7.03816 0
      vertex 288.852 8.76922 2.3
      vertex 289.308 7.03965 0
    endloop
  endfacet
  facet normal -0.271296 0.742653 -0.612262
    outer loop
      vertex 288.852 8.76922 2.3
      vertex 289.304 7.03816 0
      vertex 288.754 8.73342 2.3
    endloop
  endfacet
  facet normal -0.395635 0.685082 -0.611667
    outer loop
      vertex 290.122 7.43637 0
      vertex 289.129 8.91644 2.3
      vertex 290.126 7.43868 0
    endloop
  endfacet
  facet normal -0.418237 0.670928 -0.612318
    outer loop
      vertex 289.129 8.91644 2.3
      vertex 290.122 7.43637 0
      vertex 289.04 8.86096 2.3
    endloop
  endfacet
  facet normal -0.466098 0.638587 -0.612339
    outer loop
      vertex 290.307 7.57079 0
      vertex 290.126 7.43868 0
      vertex 289.129 8.91644 2.3
    endloop
  endfacet
  facet normal 0 0 -1
    outer loop
      vertex 165.077 10.0728 2.1
      vertex 165.077 10.2472 2.1
      vertex 165.08 10.16 2.1
    endloop
  endfacet
  facet normal 0 0 -1
    outer loop
      vertex 165.068 9.98603 2.1
      vertex 165.077 10.2472 2.1
      vertex 165.077 10.0728 2.1
    endloop
  endfacet
  facet normal 0 0 -1
    outer loop
      vertex 165.068 9.98603 2.1
      vertex 165.068 10.334 2.1
      vertex 165.077 10.2472 2.1
    endloop
  endfacet
  facet normal 0 0 -1
    outer loop
      vertex 165.053 9.90011 2.1
      vertex 165.068 10.334 2.1
      vertex 165.068 9.98603 2.1
    endloop
  endfacet
  facet normal 0 0 -1
    outer loop
      vertex 165.053 9.90011 2.1
      vertex 165.053 10.4199 2.1
      vertex 165.068 10.334 2.1
    endloop
  endfacet
  facet normal 0 0 -1
    outer loop
      vertex 165.032 9.81545 2.1
      vertex 165.053 10.4199 2.1
      vertex 165.053 9.90011 2.1
    endloop
  endfacet
  facet normal 0 0 -1
    outer loop
      vertex 165.032 9.81545 2.1
      vertex 165.032 10.5045 2.1
      vertex 165.053 10.4199 2.1
    endloop
  endfacet
  facet normal 0 0 -1
    outer loop
      vertex 165.005 9.73248 2.1
      vertex 165.032 10.5045 2.1
      vertex 165.032 9.81545 2.1
    endloop
  endfacet
  facet normal 0 0 -1
    outer loop
      vertex 165.005 9.73248 2.1
      vertex 165.005 10.5875 2.1
      vertex 165.032 10.5045 2.1
    endloop
  endfacet
  facet normal 0 0 -1
    outer loop
      vertex 164.972 9.65158 2.1
      vertex 165.005 10.5875 2.1
      vertex 165.005 9.73248 2.1
    endloop
  endfacet
  facet normal 0 0 -1
    outer loop
      vertex 164.972 9.65158 2.1
      vertex 164.972 10.6684 2.1
      vertex 165.005 10.5875 2.1
    endloop
  endfacet
  facet normal 0 0 -1
    outer loop
      vertex 164.934 9.57316 2.1
      vertex 164.972 10.6684 2.1
      vertex 164.972 9.65158 2.1
    endloop
  endfacet
  facet normal 0 0 -1
    outer loop
      vertex 164.934 9.57316 2.1
      vertex 164.934 10.7468 2.1
      vertex 164.972 10.6684 2.1
    endloop
  endfacet
  facet normal 0 0 -1
    outer loop
      vertex 164.89 9.4976 2.1
      vertex 164.934 10.7468 2.1
      vertex 164.934 9.57316 2.1
    endloop
  endfacet
  facet normal 0 0 -1
    outer loop
      vertex 164.89 9.4976 2.1
      vertex 164.89 10.8224 2.1
      vertex 164.934 10.7468 2.1
    endloop
  endfacet
  facet normal 0 0 -1
    outer loop
      vertex 164.841 9.42527 2.1
      vertex 164.89 10.8224 2.1
      vertex 164.89 9.4976 2.1
    endloop
  endfacet
  facet normal 0 0 -1
    outer loop
      vertex 164.841 9.42527 2.1
      vertex 164.841 10.8947 2.1
      vertex 164.89 10.8224 2.1
    endloop
  endfacet
  facet normal 0 0 -1
    outer loop
      vertex 164.788 9.35652 2.1
      vertex 164.841 10.8947 2.1
      vertex 164.841 9.42527 2.1
    endloop
  endfacet
  facet normal 0 0 -1
    outer loop
      vertex 164.788 9.35652 2.1
      vertex 164.788 10.9635 2.1
      vertex 164.841 10.8947 2.1
    endloop
  endfacet
  facet normal 0 0 -1
    outer loop
      vertex 164.729 9.29168 2.1
      vertex 164.788 10.9635 2.1
      vertex 164.788 9.35652 2.1
    endloop
  endfacet
  facet normal 0 0 -1
    outer loop
      vertex 164.729 9.29168 2.1
      vertex 164.729 11.0283 2.1
      vertex 164.788 10.9635 2.1
    endloop
  endfacet
  facet normal 0 0 -1
    outer loop
      vertex 164.666 9.23107 2.1
      vertex 164.729 11.0283 2.1
      vertex 164.729 9.29168 2.1
    endloop
  endfacet
  facet normal 0 0 -1
    outer loop
      vertex 164.666 9.23107 2.1
      vertex 164.666 11.0889 2.1
      vertex 164.729 11.0283 2.1
    endloop
  endfacet
  facet normal 0 0 -1
    outer loop
      vertex 164.6 9.17499 2.1
      vertex 164.666 11.0889 2.1
      vertex 164.666 9.23107 2.1
    endloop
  endfacet
  facet normal 0 0 -1
    outer loop
      vertex 164.6 9.17499 2.1
      vertex 164.6 11.145 2.1
      vertex 164.666 11.0889 2.1
    endloop
  endfacet
  facet normal 0 0 -1
    outer loop
      vertex 164.529 9.1237 2.1
      vertex 164.6 11.145 2.1
      vertex 164.6 9.17499 2.1
    endloop
  endfacet
  facet normal 0 0 -1
    outer loop
      vertex 164.529 9.1237 2.1
      vertex 164.529 11.1963 2.1
      vertex 164.6 11.145 2.1
    endloop
  endfacet
  facet normal 0 0 -1
    outer loop
      vertex 164.455 9.07747 2.1
      vertex 164.529 11.1963 2.1
      vertex 164.529 9.1237 2.1
    endloop
  endfacet
  facet normal 0 0 -1
    outer loop
      vertex 164.455 9.07747 2.1
      vertex 164.455 11.2425 2.1
      vertex 164.529 11.1963 2.1
    endloop
  endfacet
  facet normal 0 0 -1
    outer loop
      vertex 164.378 9.03651 2.1
      vertex 164.455 11.2425 2.1
      vertex 164.455 9.07747 2.1
    endloop
  endfacet
  facet normal 0 0 -1
    outer loop
      vertex 164.378 9.03651 2.1
      vertex 164.378 11.2835 2.1
      vertex 164.455 11.2425 2.1
    endloop
  endfacet
  facet normal 0 0 -1
    outer loop
      vertex 164.298 9.00102 2.1
      vertex 164.378 11.2835 2.1
      vertex 164.378 9.03651 2.1
    endloop
  endfacet
  facet normal 0 0 -1
    outer loop
      vertex 164.298 9.00102 2.1
      vertex 164.298 11.319 2.1
      vertex 164.378 11.2835 2.1
    endloop
  endfacet
  facet normal 0 0 -1
    outer loop
      vertex 164.216 8.97118 2.1
      vertex 164.298 11.319 2.1
      vertex 164.298 9.00102 2.1
    endloop
  endfacet
  facet normal 0 0 -1
    outer loop
      vertex 164.216 8.97118 2.1
      vertex 164.216 11.3488 2.1
      vertex 164.298 11.319 2.1
    endloop
  endfacet
  facet normal 0 0 -1
    outer loop
      vertex 164.132 8.94713 2.1
      vertex 164.216 11.3488 2.1
      vertex 164.216 8.97118 2.1
    endloop
  endfacet
  facet normal 0 0 -1
    outer loop
      vertex 164.132 8.94713 2.1
      vertex 164.132 11.3729 2.1
      vertex 164.216 11.3488 2.1
    endloop
  endfacet
  facet normal 0 0 -1
    outer loop
      vertex 164.047 8.92899 2.1
      vertex 164.132 11.3729 2.1
      vertex 164.132 8.94713 2.1
    endloop
  endfacet
  facet normal 0 0 -1
    outer loop
      vertex 164.047 8.92899 2.1
      vertex 164.047 11.391 2.1
      vertex 164.132 11.3729 2.1
    endloop
  endfacet
  facet normal 0 0 -1
    outer loop
      vertex 163.961 8.91685 2.1
      vertex 164.047 11.391 2.1
      vertex 164.047 8.92899 2.1
    endloop
  endfacet
  facet normal 0 0 -1
    outer loop
      vertex 163.961 8.91685 2.1
      vertex 163.961 11.4032 2.1
      vertex 164.047 11.391 2.1
    endloop
  endfacet
  facet normal 0 0 -1
    outer loop
      vertex 163.874 8.91076 2.1
      vertex 163.961 11.4032 2.1
      vertex 163.961 8.91685 2.1
    endloop
  endfacet
  facet normal 0 0 -1
    outer loop
      vertex 163.874 8.91076 2.1
      vertex 163.874 11.4092 2.1
      vertex 163.961 11.4032 2.1
    endloop
  endfacet
  facet normal 0 0 -1
    outer loop
      vertex 163.786 8.91076 2.1
      vertex 163.874 11.4092 2.1
      vertex 163.874 8.91076 2.1
    endloop
  endfacet
  facet normal 0 0 -1
    outer loop
      vertex 163.786 8.91076 2.1
      vertex 163.786 11.4092 2.1
      vertex 163.874 11.4092 2.1
    endloop
  endfacet
  facet normal 0 0 -1
    outer loop
      vertex 163.699 8.91685 2.1
      vertex 163.786 11.4092 2.1
      vertex 163.786 8.91076 2.1
    endloop
  endfacet
  facet normal 0 0 -1
    outer loop
      vertex 163.699 8.91685 2.1
      vertex 163.699 11.4032 2.1
      vertex 163.786 11.4092 2.1
    endloop
  endfacet
  facet normal 0 0 -1
    outer loop
      vertex 163.613 8.92899 2.1
      vertex 163.699 11.4032 2.1
      vertex 163.699 8.91685 2.1
    endloop
  endfacet
  facet normal 0 0 -1
    outer loop
      vertex 163.613 8.92899 2.1
      vertex 163.613 11.391 2.1
      vertex 163.699 11.4032 2.1
    endloop
  endfacet
  facet normal 0 0 -1
    outer loop
      vertex 163.528 8.94713 2.1
      vertex 163.613 11.391 2.1
      vertex 163.613 8.92899 2.1
    endloop
  endfacet
  facet normal 0 0 -1
    outer loop
      vertex 163.528 8.94713 2.1
      vertex 163.528 11.3729 2.1
      vertex 163.613 11.391 2.1
    endloop
  endfacet
  facet normal 0 0 -1
    outer loop
      vertex 163.444 8.97118 2.1
      vertex 163.528 11.3729 2.1
      vertex 163.528 8.94713 2.1
    endloop
  endfacet
  facet normal 0 0 -1
    outer loop
      vertex 163.444 8.97118 2.1
      vertex 163.444 11.3488 2.1
      vertex 163.528 11.3729 2.1
    endloop
  endfacet
  facet normal 0 0 -1
    outer loop
      vertex 163.362 9.00102 2.1
      vertex 163.444 11.3488 2.1
      vertex 163.444 8.97118 2.1
    endloop
  endfacet
  facet normal 0 0 -1
    outer loop
      vertex 163.362 9.00102 2.1
      vertex 163.362 11.319 2.1
      vertex 163.444 11.3488 2.1
    endloop
  endfacet
  facet normal 0 0 -1
    outer loop
      vertex 163.282 9.03651 2.1
      vertex 163.362 11.319 2.1
      vertex 163.362 9.00102 2.1
    endloop
  endfacet
  facet normal 0 0 -1
    outer loop
      vertex 163.282 9.03651 2.1
      vertex 163.282 11.2835 2.1
      vertex 163.362 11.319 2.1
    endloop
  endfacet
  facet normal 0 0 -1
    outer loop
      vertex 163.205 9.07747 2.1
      vertex 163.282 11.2835 2.1
      vertex 163.282 9.03651 2.1
    endloop
  endfacet
  facet normal 0 0 -1
    outer loop
      vertex 163.205 9.07747 2.1
      vertex 163.205 11.2425 2.1
      vertex 163.282 11.2835 2.1
    endloop
  endfacet
  facet normal 0 0 -1
    outer loop
      vertex 163.131 9.1237 2.1
      vertex 163.205 11.2425 2.1
      vertex 163.205 9.07747 2.1
    endloop
  endfacet
  facet normal 0 0 -1
    outer loop
      vertex 163.131 9.1237 2.1
      vertex 163.131 11.1963 2.1
      vertex 163.205 11.2425 2.1
    endloop
  endfacet
  facet normal 0 0 -1
    outer loop
      vertex 163.06 9.17499 2.1
      vertex 163.131 11.1963 2.1
      vertex 163.131 9.1237 2.1
    endloop
  endfacet
  facet normal 0 0 -1
    outer loop
      vertex 163.06 9.17499 2.1
      vertex 163.06 11.145 2.1
      vertex 163.131 11.1963 2.1
    endloop
  endfacet
  facet normal 0 0 -1
    outer loop
      vertex 162.994 9.23107 2.1
      vertex 163.06 11.145 2.1
      vertex 163.06 9.17499 2.1
    endloop
  endfacet
  facet normal 0 0 -1
    outer loop
      vertex 162.994 9.23107 2.1
      vertex 162.994 11.0889 2.1
      vertex 163.06 11.145 2.1
    endloop
  endfacet
  facet normal 0 0 -1
    outer loop
      vertex 162.931 9.29168 2.1
      vertex 162.994 11.0889 2.1
      vertex 162.994 9.23107 2.1
    endloop
  endfacet
  facet normal 0 0 -1
    outer loop
      vertex 162.931 9.29168 2.1
      vertex 162.931 11.0283 2.1
      vertex 162.994 11.0889 2.1
    endloop
  endfacet
  facet normal 0 0 -1
    outer loop
      vertex 162.872 9.35652 2.1
      vertex 162.931 11.0283 2.1
      vertex 162.931 9.29168 2.1
    endloop
  endfacet
  facet normal 0 0 -1
    outer loop
      vertex 162.872 9.35652 2.1
      vertex 162.872 10.9635 2.1
      vertex 162.931 11.0283 2.1
    endloop
  endfacet
  facet normal 0 0 -1
    outer loop
      vertex 162.819 9.42527 2.1
      vertex 162.872 10.9635 2.1
      vertex 162.872 9.35652 2.1
    endloop
  endfacet
  facet normal 0 0 -1
    outer loop
      vertex 162.819 9.42527 2.1
      vertex 162.819 10.8947 2.1
      vertex 162.872 10.9635 2.1
    endloop
  endfacet
  facet normal 0 0 -1
    outer loop
      vertex 162.77 9.4976 2.1
      vertex 162.819 10.8947 2.1
      vertex 162.819 9.42527 2.1
    endloop
  endfacet
  facet normal 0 0 -1
    outer loop
      vertex 162.77 9.4976 2.1
      vertex 162.77 10.8224 2.1
      vertex 162.819 10.8947 2.1
    endloop
  endfacet
  facet normal 0 0 -1
    outer loop
      vertex 162.726 9.57316 2.1
      vertex 162.77 10.8224 2.1
      vertex 162.77 9.4976 2.1
    endloop
  endfacet
  facet normal 0 0 -1
    outer loop
      vertex 162.726 9.57316 2.1
      vertex 162.726 10.7468 2.1
      vertex 162.77 10.8224 2.1
    endloop
  endfacet
  facet normal 0 0 -1
    outer loop
      vertex 162.688 9.65158 2.1
      vertex 162.726 10.7468 2.1
      vertex 162.726 9.57316 2.1
    endloop
  endfacet
  facet normal 0 0 -1
    outer loop
      vertex 162.688 9.65158 2.1
      vertex 162.688 10.6684 2.1
      vertex 162.726 10.7468 2.1
    endloop
  endfacet
  facet normal 0 0 -1
    outer loop
      vertex 162.655 9.73248 2.1
      vertex 162.688 10.6684 2.1
      vertex 162.688 9.65158 2.1
    endloop
  endfacet
  facet normal 0 0 -1
    outer loop
      vertex 162.655 9.73248 2.1
      vertex 162.655 10.5875 2.1
      vertex 162.688 10.6684 2.1
    endloop
  endfacet
  facet normal 0 0 -1
    outer loop
      vertex 162.628 9.81545 2.1
      vertex 162.655 10.5875 2.1
      vertex 162.655 9.73248 2.1
    endloop
  endfacet
  facet normal 0 0 -1
    outer loop
      vertex 162.628 9.81545 2.1
      vertex 162.628 10.5045 2.1
      vertex 162.655 10.5875 2.1
    endloop
  endfacet
  facet normal 0 0 -1
    outer loop
      vertex 162.607 9.90011 2.1
      vertex 162.628 10.5045 2.1
      vertex 162.628 9.81545 2.1
    endloop
  endfacet
  facet normal 0 0 -1
    outer loop
      vertex 162.607 9.90011 2.1
      vertex 162.607 10.4199 2.1
      vertex 162.628 10.5045 2.1
    endloop
  endfacet
  facet normal 0 0 -1
    outer loop
      vertex 162.592 9.98603 2.1
      vertex 162.607 10.4199 2.1
      vertex 162.607 9.90011 2.1
    endloop
  endfacet
  facet normal 0 0 -1
    outer loop
      vertex 162.592 9.98603 2.1
      vertex 162.592 10.334 2.1
      vertex 162.607 10.4199 2.1
    endloop
  endfacet
  facet normal 0 0 -1
    outer loop
      vertex 162.583 10.0728 2.1
      vertex 162.592 10.334 2.1
      vertex 162.592 9.98603 2.1
    endloop
  endfacet
  facet normal 0 0 -1
    outer loop
      vertex 162.583 10.0728 2.1
      vertex 162.583 10.2472 2.1
      vertex 162.592 10.334 2.1
    endloop
  endfacet
  facet normal 0 -0 -1
    outer loop
      vertex 162.583 10.2472 2.1
      vertex 162.583 10.0728 2.1
      vertex 162.58 10.16 2.1
    endloop
  endfacet
  facet normal 0.500006 0.866022 -0
    outer loop
      vertex 166.33 11.6034 4
      vertex 163.83 13.0468 13
      vertex 166.33 11.6034 13
    endloop
  endfacet
  facet normal 0.500006 0.866022 0
    outer loop
      vertex 163.83 13.0468 13
      vertex 166.33 11.6034 4
      vertex 163.83 13.0468 4
    endloop
  endfacet
  facet normal -1 0 0
    outer loop
      vertex 161.33 8.71662 4
      vertex 161.33 11.6034 13
      vertex 161.33 11.6034 4
    endloop
  endfacet
  facet normal -1 -0 0
    outer loop
      vertex 161.33 11.6034 13
      vertex 161.33 8.71662 4
      vertex 161.33 8.71662 13
    endloop
  endfacet
  facet normal -0.500006 0.866022 0
    outer loop
      vertex 163.83 13.0468 4
      vertex 161.33 11.6034 13
      vertex 163.83 13.0468 13
    endloop
  endfacet
  facet normal -0.500006 0.866022 0
    outer loop
      vertex 161.33 11.6034 13
      vertex 163.83 13.0468 4
      vertex 161.33 11.6034 4
    endloop
  endfacet
  facet normal 0 0 1
    outer loop
      vertex 166.33 11.6034 13
      vertex 165.08 10.16 13
      vertex 166.33 8.71662 13
    endloop
  endfacet
  facet normal 0 0 1
    outer loop
      vertex 166.33 11.6034 13
      vertex 165.077 10.2472 13
      vertex 165.08 10.16 13
    endloop
  endfacet
  facet normal 0 0 1
    outer loop
      vertex 166.33 11.6034 13
      vertex 165.068 10.334 13
      vertex 165.077 10.2472 13
    endloop
  endfacet
  facet normal 0 0 1
    outer loop
      vertex 166.33 11.6034 13
      vertex 165.053 10.4199 13
      vertex 165.068 10.334 13
    endloop
  endfacet
  facet normal 0 0 1
    outer loop
      vertex 166.33 11.6034 13
      vertex 165.032 10.5045 13
      vertex 165.053 10.4199 13
    endloop
  endfacet
  facet normal 0 0 1
    outer loop
      vertex 166.33 11.6034 13
      vertex 165.005 10.5875 13
      vertex 165.032 10.5045 13
    endloop
  endfacet
  facet normal 0 0 1
    outer loop
      vertex 166.33 11.6034 13
      vertex 164.972 10.6684 13
      vertex 165.005 10.5875 13
    endloop
  endfacet
  facet normal 0 0 1
    outer loop
      vertex 166.33 11.6034 13
      vertex 164.934 10.7468 13
      vertex 164.972 10.6684 13
    endloop
  endfacet
  facet normal 0 0 1
    outer loop
      vertex 166.33 11.6034 13
      vertex 164.89 10.8224 13
      vertex 164.934 10.7468 13
    endloop
  endfacet
  facet normal 0 0 1
    outer loop
      vertex 166.33 11.6034 13
      vertex 164.841 10.8947 13
      vertex 164.89 10.8224 13
    endloop
  endfacet
  facet normal 0 0 1
    outer loop
      vertex 166.33 11.6034 13
      vertex 164.788 10.9635 13
      vertex 164.841 10.8947 13
    endloop
  endfacet
  facet normal 0 0 1
    outer loop
      vertex 166.33 11.6034 13
      vertex 164.729 11.0283 13
      vertex 164.788 10.9635 13
    endloop
  endfacet
  facet normal 0 0 1
    outer loop
      vertex 166.33 11.6034 13
      vertex 164.666 11.0889 13
      vertex 164.729 11.0283 13
    endloop
  endfacet
  facet normal 0 0 1
    outer loop
      vertex 166.33 11.6034 13
      vertex 164.6 11.145 13
      vertex 164.666 11.0889 13
    endloop
  endfacet
  facet normal 0 0 1
    outer loop
      vertex 166.33 11.6034 13
      vertex 164.529 11.1963 13
      vertex 164.6 11.145 13
    endloop
  endfacet
  facet normal 0 0 1
    outer loop
      vertex 166.33 11.6034 13
      vertex 164.455 11.2425 13
      vertex 164.529 11.1963 13
    endloop
  endfacet
  facet normal 0 0 1
    outer loop
      vertex 163.83 13.0468 13
      vertex 164.455 11.2425 13
      vertex 166.33 11.6034 13
    endloop
  endfacet
  facet normal 0 0 1
    outer loop
      vertex 164.455 11.2425 13
      vertex 163.83 13.0468 13
      vertex 164.378 11.2835 13
    endloop
  endfacet
  facet normal 0 0 1
    outer loop
      vertex 164.378 11.2835 13
      vertex 163.83 13.0468 13
      vertex 164.298 11.319 13
    endloop
  endfacet
  facet normal 0 0 1
    outer loop
      vertex 164.298 11.319 13
      vertex 163.83 13.0468 13
      vertex 164.216 11.3488 13
    endloop
  endfacet
  facet normal 0 0 1
    outer loop
      vertex 164.216 11.3488 13
      vertex 163.83 13.0468 13
      vertex 164.132 11.3729 13
    endloop
  endfacet
  facet normal 0 0 1
    outer loop
      vertex 164.132 11.3729 13
      vertex 163.83 13.0468 13
      vertex 164.047 11.391 13
    endloop
  endfacet
  facet normal 0 0 1
    outer loop
      vertex 164.047 11.391 13
      vertex 163.83 13.0468 13
      vertex 163.961 11.4032 13
    endloop
  endfacet
  facet normal 0 0 1
    outer loop
      vertex 163.961 11.4032 13
      vertex 163.83 13.0468 13
      vertex 163.874 11.4092 13
    endloop
  endfacet
  facet normal 0 0 1
    outer loop
      vertex 163.83 13.0468 13
      vertex 163.786 11.4092 13
      vertex 163.874 11.4092 13
    endloop
  endfacet
  facet normal 0 0 1
    outer loop
      vertex 163.83 13.0468 13
      vertex 163.699 11.4032 13
      vertex 163.786 11.4092 13
    endloop
  endfacet
  facet normal 0 0 1
    outer loop
      vertex 163.83 13.0468 13
      vertex 163.613 11.391 13
      vertex 163.699 11.4032 13
    endloop
  endfacet
  facet normal 0 0 1
    outer loop
      vertex 163.83 13.0468 13
      vertex 163.528 11.3729 13
      vertex 163.613 11.391 13
    endloop
  endfacet
  facet normal 0 0 1
    outer loop
      vertex 163.83 13.0468 13
      vertex 163.444 11.3488 13
      vertex 163.528 11.3729 13
    endloop
  endfacet
  facet normal 0 0 1
    outer loop
      vertex 163.83 13.0468 13
      vertex 163.362 11.319 13
      vertex 163.444 11.3488 13
    endloop
  endfacet
  facet normal 0 0 1
    outer loop
      vertex 163.83 13.0468 13
      vertex 163.282 11.2835 13
      vertex 163.362 11.319 13
    endloop
  endfacet
  facet normal 0 0 1
    outer loop
      vertex 163.83 13.0468 13
      vertex 163.205 11.2425 13
      vertex 163.282 11.2835 13
    endloop
  endfacet
  facet normal -0 0 1
    outer loop
      vertex 161.33 11.6034 13
      vertex 163.205 11.2425 13
      vertex 163.83 13.0468 13
    endloop
  endfacet
  facet normal 0 0 1
    outer loop
      vertex 163.205 11.2425 13
      vertex 161.33 11.6034 13
      vertex 163.131 11.1963 13
    endloop
  endfacet
  facet normal 0 0 1
    outer loop
      vertex 163.131 11.1963 13
      vertex 161.33 11.6034 13
      vertex 163.06 11.145 13
    endloop
  endfacet
  facet normal 0 0 1
    outer loop
      vertex 163.06 11.145 13
      vertex 161.33 11.6034 13
      vertex 162.994 11.0889 13
    endloop
  endfacet
  facet normal 0 0 1
    outer loop
      vertex 162.994 11.0889 13
      vertex 161.33 11.6034 13
      vertex 162.931 11.0283 13
    endloop
  endfacet
  facet normal 0 0 1
    outer loop
      vertex 162.931 11.0283 13
      vertex 161.33 11.6034 13
      vertex 162.872 10.9635 13
    endloop
  endfacet
  facet normal 0 0 1
    outer loop
      vertex 162.872 10.9635 13
      vertex 161.33 11.6034 13
      vertex 162.819 10.8947 13
    endloop
  endfacet
  facet normal 0 0 1
    outer loop
      vertex 162.819 10.8947 13
      vertex 161.33 11.6034 13
      vertex 162.77 10.8224 13
    endloop
  endfacet
  facet normal 0 0 1
    outer loop
      vertex 162.77 10.8224 13
      vertex 161.33 11.6034 13
      vertex 162.726 10.7468 13
    endloop
  endfacet
  facet normal 0 0 1
    outer loop
      vertex 162.583 10.2472 13
      vertex 161.33 11.6034 13
      vertex 162.58 10.16 13
    endloop
  endfacet
  facet normal 0 0 1
    outer loop
      vertex 162.592 10.334 13
      vertex 161.33 11.6034 13
      vertex 162.583 10.2472 13
    endloop
  endfacet
  facet normal 0 0 1
    outer loop
      vertex 162.607 10.4199 13
      vertex 161.33 11.6034 13
      vertex 162.592 10.334 13
    endloop
  endfacet
  facet normal 0 0 1
    outer loop
      vertex 162.628 10.5045 13
      vertex 161.33 11.6034 13
      vertex 162.607 10.4199 13
    endloop
  endfacet
  facet normal 0 0 1
    outer loop
      vertex 162.655 10.5875 13
      vertex 161.33 11.6034 13
      vertex 162.628 10.5045 13
    endloop
  endfacet
  facet normal 0 0 1
    outer loop
      vertex 162.688 10.6684 13
      vertex 161.33 11.6034 13
      vertex 162.655 10.5875 13
    endloop
  endfacet
  facet normal 0 0 1
    outer loop
      vertex 162.726 10.7468 13
      vertex 161.33 11.6034 13
      vertex 162.688 10.6684 13
    endloop
  endfacet
  facet normal -0 0 1
    outer loop
      vertex 165.077 10.0728 13
      vertex 166.33 8.71662 13
      vertex 165.08 10.16 13
    endloop
  endfacet
  facet normal -0 0 1
    outer loop
      vertex 165.068 9.98603 13
      vertex 166.33 8.71662 13
      vertex 165.077 10.0728 13
    endloop
  endfacet
  facet normal -0 0 1
    outer loop
      vertex 165.053 9.90011 13
      vertex 166.33 8.71662 13
      vertex 165.068 9.98603 13
    endloop
  endfacet
  facet normal -0 0 1
    outer loop
      vertex 165.032 9.81545 13
      vertex 166.33 8.71662 13
      vertex 165.053 9.90011 13
    endloop
  endfacet
  facet normal -0 0 1
    outer loop
      vertex 165.005 9.73248 13
      vertex 166.33 8.71662 13
      vertex 165.032 9.81545 13
    endloop
  endfacet
  facet normal -0 0 1
    outer loop
      vertex 164.972 9.65158 13
      vertex 166.33 8.71662 13
      vertex 165.005 9.73248 13
    endloop
  endfacet
  facet normal -0 0 1
    outer loop
      vertex 164.934 9.57316 13
      vertex 166.33 8.71662 13
      vertex 164.972 9.65158 13
    endloop
  endfacet
  facet normal -0 0 1
    outer loop
      vertex 164.89 9.4976 13
      vertex 166.33 8.71662 13
      vertex 164.934 9.57316 13
    endloop
  endfacet
  facet normal -0 0 1
    outer loop
      vertex 164.841 9.42527 13
      vertex 166.33 8.71662 13
      vertex 164.89 9.4976 13
    endloop
  endfacet
  facet normal -0 0 1
    outer loop
      vertex 164.788 9.35652 13
      vertex 166.33 8.71662 13
      vertex 164.841 9.42527 13
    endloop
  endfacet
  facet normal -0 0 1
    outer loop
      vertex 164.729 9.29168 13
      vertex 166.33 8.71662 13
      vertex 164.788 9.35652 13
    endloop
  endfacet
  facet normal -0 0 1
    outer loop
      vertex 164.666 9.23107 13
      vertex 166.33 8.71662 13
      vertex 164.729 9.29168 13
    endloop
  endfacet
  facet normal -0 0 1
    outer loop
      vertex 164.6 9.17499 13
      vertex 166.33 8.71662 13
      vertex 164.666 9.23107 13
    endloop
  endfacet
  facet normal -0 0 1
    outer loop
      vertex 164.529 9.1237 13
      vertex 166.33 8.71662 13
      vertex 164.6 9.17499 13
    endloop
  endfacet
  facet normal -0 0 1
    outer loop
      vertex 164.455 9.07747 13
      vertex 166.33 8.71662 13
      vertex 164.529 9.1237 13
    endloop
  endfacet
  facet normal 0 0 1
    outer loop
      vertex 163.83 7.27325 13
      vertex 164.455 9.07747 13
      vertex 164.378 9.03651 13
    endloop
  endfacet
  facet normal 0 0 1
    outer loop
      vertex 163.83 7.27325 13
      vertex 164.378 9.03651 13
      vertex 164.298 9.00102 13
    endloop
  endfacet
  facet normal 0 0 1
    outer loop
      vertex 163.83 7.27325 13
      vertex 164.298 9.00102 13
      vertex 164.216 8.97118 13
    endloop
  endfacet
  facet normal 0 0 1
    outer loop
      vertex 163.83 7.27325 13
      vertex 164.216 8.97118 13
      vertex 164.132 8.94713 13
    endloop
  endfacet
  facet normal 0 0 1
    outer loop
      vertex 163.83 7.27325 13
      vertex 164.132 8.94713 13
      vertex 164.047 8.92899 13
    endloop
  endfacet
  facet normal 0 0 1
    outer loop
      vertex 163.83 7.27325 13
      vertex 164.047 8.92899 13
      vertex 163.961 8.91685 13
    endloop
  endfacet
  facet normal 0 0 1
    outer loop
      vertex 163.83 7.27325 13
      vertex 163.961 8.91685 13
      vertex 163.874 8.91076 13
    endloop
  endfacet
  facet normal 0 0 1
    outer loop
      vertex 164.455 9.07747 13
      vertex 163.83 7.27325 13
      vertex 166.33 8.71662 13
    endloop
  endfacet
  facet normal -0 0 1
    outer loop
      vertex 163.786 8.91076 13
      vertex 163.83 7.27325 13
      vertex 163.874 8.91076 13
    endloop
  endfacet
  facet normal 0 0 1
    outer loop
      vertex 163.699 8.91685 13
      vertex 163.83 7.27325 13
      vertex 163.786 8.91076 13
    endloop
  endfacet
  facet normal 0 0 1
    outer loop
      vertex 163.613 8.92899 13
      vertex 163.83 7.27325 13
      vertex 163.699 8.91685 13
    endloop
  endfacet
  facet normal 0 0 1
    outer loop
      vertex 163.528 8.94713 13
      vertex 163.83 7.27325 13
      vertex 163.613 8.92899 13
    endloop
  endfacet
  facet normal 0 0 1
    outer loop
      vertex 163.444 8.97118 13
      vertex 163.83 7.27325 13
      vertex 163.528 8.94713 13
    endloop
  endfacet
  facet normal 0 0 1
    outer loop
      vertex 163.362 9.00102 13
      vertex 163.83 7.27325 13
      vertex 163.444 8.97118 13
    endloop
  endfacet
  facet normal 0 0 1
    outer loop
      vertex 163.282 9.03651 13
      vertex 163.83 7.27325 13
      vertex 163.362 9.00102 13
    endloop
  endfacet
  facet normal 0 0 1
    outer loop
      vertex 163.205 9.07747 13
      vertex 163.83 7.27325 13
      vertex 163.282 9.03651 13
    endloop
  endfacet
  facet normal 0 0 1
    outer loop
      vertex 161.33 8.71662 13
      vertex 163.205 9.07747 13
      vertex 163.131 9.1237 13
    endloop
  endfacet
  facet normal 0 0 1
    outer loop
      vertex 161.33 8.71662 13
      vertex 163.131 9.1237 13
      vertex 163.06 9.17499 13
    endloop
  endfacet
  facet normal 0 0 1
    outer loop
      vertex 161.33 8.71662 13
      vertex 163.06 9.17499 13
      vertex 162.994 9.23107 13
    endloop
  endfacet
  facet normal 0 0 1
    outer loop
      vertex 161.33 8.71662 13
      vertex 162.994 9.23107 13
      vertex 162.931 9.29168 13
    endloop
  endfacet
  facet normal 0 0 1
    outer loop
      vertex 161.33 8.71662 13
      vertex 162.931 9.29168 13
      vertex 162.872 9.35652 13
    endloop
  endfacet
  facet normal 0 0 1
    outer loop
      vertex 161.33 8.71662 13
      vertex 162.872 9.35652 13
      vertex 162.819 9.42527 13
    endloop
  endfacet
  facet normal 0 0 1
    outer loop
      vertex 161.33 8.71662 13
      vertex 162.819 9.42527 13
      vertex 162.77 9.4976 13
    endloop
  endfacet
  facet normal 0 0 1
    outer loop
      vertex 161.33 8.71662 13
      vertex 162.77 9.4976 13
      vertex 162.726 9.57316 13
    endloop
  endfacet
  facet normal 0 0 1
    outer loop
      vertex 161.33 8.71662 13
      vertex 162.726 9.57316 13
      vertex 162.688 9.65158 13
    endloop
  endfacet
  facet normal 0 0 1
    outer loop
      vertex 161.33 8.71662 13
      vertex 162.58 10.16 13
      vertex 161.33 11.6034 13
    endloop
  endfacet
  facet normal 0 0 1
    outer loop
      vertex 162.58 10.16 13
      vertex 161.33 8.71662 13
      vertex 162.583 10.0728 13
    endloop
  endfacet
  facet normal 0 0 1
    outer loop
      vertex 162.583 10.0728 13
      vertex 161.33 8.71662 13
      vertex 162.592 9.98603 13
    endloop
  endfacet
  facet normal 0 0 1
    outer loop
      vertex 162.592 9.98603 13
      vertex 161.33 8.71662 13
      vertex 162.607 9.90011 13
    endloop
  endfacet
  facet normal 0 0 1
    outer loop
      vertex 162.607 9.90011 13
      vertex 161.33 8.71662 13
      vertex 162.628 9.81545 13
    endloop
  endfacet
  facet normal 0 0 1
    outer loop
      vertex 162.628 9.81545 13
      vertex 161.33 8.71662 13
      vertex 162.655 9.73248 13
    endloop
  endfacet
  facet normal 0 0 1
    outer loop
      vertex 162.655 9.73248 13
      vertex 161.33 8.71662 13
      vertex 162.688 9.65158 13
    endloop
  endfacet
  facet normal 0 0 1
    outer loop
      vertex 163.205 9.07747 13
      vertex 161.33 8.71662 13
      vertex 163.83 7.27325 13
    endloop
  endfacet
  facet normal 1 -0 0
    outer loop
      vertex 166.33 8.71662 13
      vertex 166.33 11.6034 4
      vertex 166.33 11.6034 13
    endloop
  endfacet
  facet normal 1 0 0
    outer loop
      vertex 166.33 11.6034 4
      vertex 166.33 8.71662 13
      vertex 166.33 8.71662 4
    endloop
  endfacet
  facet normal 0.499999 -0.866026 0
    outer loop
      vertex 163.83 7.27325 4
      vertex 166.33 8.71662 13
      vertex 163.83 7.27325 13
    endloop
  endfacet
  facet normal 0.499999 -0.866026 0
    outer loop
      vertex 166.33 8.71662 13
      vertex 163.83 7.27325 4
      vertex 166.33 8.71662 4
    endloop
  endfacet
  facet normal -0.499999 -0.866026 0
    outer loop
      vertex 161.33 8.71662 4
      vertex 163.83 7.27325 13
      vertex 161.33 8.71662 13
    endloop
  endfacet
  facet normal -0.499999 -0.866026 -0
    outer loop
      vertex 163.83 7.27325 13
      vertex 161.33 8.71662 4
      vertex 163.83 7.27325 4
    endloop
  endfacet
  facet normal 0.999409 0.0343833 0
    outer loop
      vertex 168.83 10.16 4
      vertex 168.818 10.5088 3
      vertex 168.818 10.5088 4
    endloop
  endfacet
  facet normal 0.999409 0.0343833 0
    outer loop
      vertex 168.818 10.5088 3
      vertex 168.83 10.16 4
      vertex 168.83 10.16 3
    endloop
  endfacet
  facet normal -0.999409 0.0343833 0
    outer loop
      vertex 158.83 10.16 3
      vertex 158.842 10.5088 4
      vertex 158.842 10.5088 3
    endloop
  endfacet
  facet normal -0.999409 0.0343833 0
    outer loop
      vertex 158.842 10.5088 4
      vertex 158.83 10.16 3
      vertex 158.83 10.16 4
    endloop
  endfacet
  facet normal 0 1 -0
    outer loop
      vertex 164.005 15.157 3
      vertex 163.656 15.157 4
      vertex 164.005 15.157 4
    endloop
  endfacet
  facet normal 0 1 0
    outer loop
      vertex 163.656 15.157 4
      vertex 164.005 15.157 3
      vertex 163.656 15.157 3
    endloop
  endfacet
  facet normal 0 -1 0
    outer loop
      vertex 163.656 5.16305 3
      vertex 164.005 5.16305 4
      vertex 163.656 5.16305 4
    endloop
  endfacet
  facet normal 0 -1 -0
    outer loop
      vertex 164.005 5.16305 4
      vertex 163.656 5.16305 3
      vertex 164.005 5.16305 3
    endloop
  endfacet
  facet normal 0.694676 0.719322 -0
    outer loop
      vertex 167.427 13.6333 3
      vertex 167.176 13.8757 4
      vertex 167.427 13.6333 4
    endloop
  endfacet
  facet normal 0.694676 0.719322 0
    outer loop
      vertex 167.176 13.8757 4
      vertex 167.427 13.6333 3
      vertex 167.176 13.8757 3
    endloop
  endfacet
  facet normal -0.694676 0.719322 0
    outer loop
      vertex 160.484 13.8757 3
      vertex 160.233 13.6333 4
      vertex 160.484 13.8757 4
    endloop
  endfacet
  facet normal -0.694676 0.719322 0
    outer loop
      vertex 160.233 13.6333 4
      vertex 160.484 13.8757 3
      vertex 160.233 13.6333 3
    endloop
  endfacet
  facet normal -0.406431 0.913682 0
    outer loop
      vertex 161.957 14.7959 3
      vertex 161.638 14.654 4
      vertex 161.957 14.7959 4
    endloop
  endfacet
  facet normal -0.406431 0.913682 0
    outer loop
      vertex 161.638 14.654 4
      vertex 161.957 14.7959 3
      vertex 161.638 14.654 3
    endloop
  endfacet
  facet normal 0.898796 0.438367 0
    outer loop
      vertex 168.398 12.1937 4
      vertex 168.245 12.5074 3
      vertex 168.245 12.5074 4
    endloop
  endfacet
  facet normal 0.898796 0.438367 0
    outer loop
      vertex 168.245 12.5074 3
      vertex 168.398 12.1937 4
      vertex 168.398 12.1937 3
    endloop
  endfacet
  facet normal 0.342065 0.939676 -0
    outer loop
      vertex 165.703 14.7959 3
      vertex 165.375 14.9153 4
      vertex 165.703 14.7959 4
    endloop
  endfacet
  facet normal 0.342065 0.939676 0
    outer loop
      vertex 165.375 14.9153 4
      vertex 165.703 14.7959 3
      vertex 165.375 14.9153 3
    endloop
  endfacet
  facet normal 0.529793 0.848127 -0
    outer loop
      vertex 166.626 14.3052 3
      vertex 166.33 14.4901 4
      vertex 166.626 14.3052 4
    endloop
  endfacet
  facet normal 0.529793 0.848127 0
    outer loop
      vertex 166.33 14.4901 4
      vertex 166.626 14.3052 3
      vertex 166.33 14.4901 3
    endloop
  endfacet
  facet normal -0.898796 0.438367 0
    outer loop
      vertex 159.262 12.1937 3
      vertex 159.415 12.5074 4
      vertex 159.415 12.5074 3
    endloop
  endfacet
  facet normal -0.898796 0.438367 0
    outer loop
      vertex 159.415 12.5074 4
      vertex 159.262 12.1937 3
      vertex 159.262 12.1937 4
    endloop
  endfacet
  facet normal -0.20738 0.978261 0
    outer loop
      vertex 162.962 15.084 3
      vertex 162.62 15.0115 4
      vertex 162.962 15.084 4
    endloop
  endfacet
  facet normal -0.20738 0.978261 0
    outer loop
      vertex 162.62 15.0115 4
      vertex 162.962 15.084 3
      vertex 162.62 15.0115 3
    endloop
  endfacet
  facet normal 0.969906 0.243479 0
    outer loop
      vertex 168.721 11.1996 4
      vertex 168.636 11.5382 3
      vertex 168.636 11.5382 4
    endloop
  endfacet
  facet normal 0.969906 0.243479 0
    outer loop
      vertex 168.636 11.5382 3
      vertex 168.721 11.1996 4
      vertex 168.721 11.1996 3
    endloop
  endfacet
  facet normal 0.787807 0.615922 0
    outer loop
      vertex 167.875 13.0989 4
      vertex 167.66 13.3739 3
      vertex 167.66 13.3739 4
    endloop
  endfacet
  facet normal 0.787807 0.615922 0
    outer loop
      vertex 167.66 13.3739 3
      vertex 167.875 13.0989 4
      vertex 167.875 13.0989 3
    endloop
  endfacet
  facet normal 0.74395 0.668236 0
    outer loop
      vertex 167.66 13.3739 4
      vertex 167.427 13.6333 3
      vertex 167.427 13.6333 4
    endloop
  endfacet
  facet normal 0.74395 0.668236 0
    outer loop
      vertex 167.427 13.6333 3
      vertex 167.66 13.3739 4
      vertex 167.66 13.3739 3
    endloop
  endfacet
  facet normal 0.829217 0.558926 0
    outer loop
      vertex 168.07 12.8096 4
      vertex 167.875 13.0989 3
      vertex 167.875 13.0989 4
    endloop
  endfacet
  facet normal 0.829217 0.558926 0
    outer loop
      vertex 167.875 13.0989 3
      vertex 168.07 12.8096 4
      vertex 168.07 12.8096 3
    endloop
  endfacet
  facet normal 0.20738 0.978261 -0
    outer loop
      vertex 165.04 15.0115 3
      vertex 164.698 15.084 4
      vertex 165.04 15.0115 4
    endloop
  endfacet
  facet normal 0.20738 0.978261 0
    outer loop
      vertex 164.698 15.084 4
      vertex 165.04 15.0115 3
      vertex 164.698 15.084 3
    endloop
  endfacet
  facet normal 0.276009 0.961155 -0
    outer loop
      vertex 165.375 14.9153 3
      vertex 165.04 15.0115 4
      vertex 165.375 14.9153 4
    endloop
  endfacet
  facet normal 0.276009 0.961155 0
    outer loop
      vertex 165.04 15.0115 4
      vertex 165.375 14.9153 3
      vertex 165.04 15.0115 3
    endloop
  endfacet
  facet normal 0.46977 0.882789 -0
    outer loop
      vertex 166.33 14.4901 3
      vertex 166.022 14.654 4
      vertex 166.33 14.4901 4
    endloop
  endfacet
  facet normal 0.46977 0.882789 0
    outer loop
      vertex 166.022 14.654 4
      vertex 166.33 14.4901 3
      vertex 166.022 14.654 3
    endloop
  endfacet
  facet normal 0.588189 0.808724 -0
    outer loop
      vertex 166.908 14.1001 3
      vertex 166.626 14.3052 4
      vertex 166.908 14.1001 4
    endloop
  endfacet
  facet normal 0.588189 0.808724 0
    outer loop
      vertex 166.626 14.3052 4
      vertex 166.908 14.1001 3
      vertex 166.626 14.3052 3
    endloop
  endfacet
  facet normal -0.969906 0.243479 0
    outer loop
      vertex 158.939 11.1996 3
      vertex 159.024 11.5382 4
      vertex 159.024 11.5382 3
    endloop
  endfacet
  facet normal -0.969906 0.243479 0
    outer loop
      vertex 159.024 11.5382 4
      vertex 158.939 11.1996 3
      vertex 158.939 11.1996 4
    endloop
  endfacet
  facet normal -0.787807 0.615922 0
    outer loop
      vertex 159.785 13.0989 3
      vertex 160 13.3739 4
      vertex 160 13.3739 3
    endloop
  endfacet
  facet normal -0.787807 0.615922 0
    outer loop
      vertex 160 13.3739 4
      vertex 159.785 13.0989 3
      vertex 159.785 13.0989 4
    endloop
  endfacet
  facet normal -0.74395 0.668236 0
    outer loop
      vertex 160 13.3739 3
      vertex 160.233 13.6333 4
      vertex 160.233 13.6333 3
    endloop
  endfacet
  facet normal -0.74395 0.668236 0
    outer loop
      vertex 160.233 13.6333 4
      vertex 160 13.3739 3
      vertex 160 13.3739 4
    endloop
  endfacet
  facet normal -0.927922 0.372775 0
    outer loop
      vertex 159.132 11.8701 3
      vertex 159.262 12.1937 4
      vertex 159.262 12.1937 3
    endloop
  endfacet
  facet normal -0.927922 0.372775 0
    outer loop
      vertex 159.262 12.1937 4
      vertex 159.132 11.8701 3
      vertex 159.132 11.8701 4
    endloop
  endfacet
  facet normal -0.985102 0.17197 0
    outer loop
      vertex 158.879 10.8559 3
      vertex 158.939 11.1996 4
      vertex 158.939 11.1996 3
    endloop
  endfacet
  facet normal -0.985102 0.17197 0
    outer loop
      vertex 158.939 11.1996 4
      vertex 158.879 10.8559 3
      vertex 158.879 10.8559 4
    endloop
  endfacet
  facet normal -0.529793 0.848127 0
    outer loop
      vertex 161.33 14.4901 3
      vertex 161.034 14.3052 4
      vertex 161.33 14.4901 4
    endloop
  endfacet
  facet normal -0.529793 0.848127 0
    outer loop
      vertex 161.034 14.3052 4
      vertex 161.33 14.4901 3
      vertex 161.034 14.3052 3
    endloop
  endfacet
  facet normal -0.46977 0.882789 0
    outer loop
      vertex 161.638 14.654 3
      vertex 161.33 14.4901 4
      vertex 161.638 14.654 4
    endloop
  endfacet
  facet normal -0.46977 0.882789 0
    outer loop
      vertex 161.33 14.4901 4
      vertex 161.638 14.654 3
      vertex 161.33 14.4901 3
    endloop
  endfacet
  facet normal -0.276009 0.961155 0
    outer loop
      vertex 162.62 15.0115 3
      vertex 162.285 14.9153 4
      vertex 162.62 15.0115 4
    endloop
  endfacet
  facet normal -0.276009 0.961155 0
    outer loop
      vertex 162.285 14.9153 4
      vertex 162.62 15.0115 3
      vertex 162.285 14.9153 3
    endloop
  endfacet
  facet normal -0.0697438 0.997565 0
    outer loop
      vertex 163.656 15.157 3
      vertex 163.307 15.1326 4
      vertex 163.656 15.157 4
    endloop
  endfacet
  facet normal -0.0697438 0.997565 0
    outer loop
      vertex 163.307 15.1326 4
      vertex 163.656 15.157 3
      vertex 163.307 15.1326 3
    endloop
  endfacet
  facet normal -0.898785 -0.43839 0
    outer loop
      vertex 159.415 7.81264 3
      vertex 159.262 8.12632 4
      vertex 159.262 8.12632 3
    endloop
  endfacet
  facet normal -0.898785 -0.43839 0
    outer loop
      vertex 159.262 8.12632 4
      vertex 159.415 7.81264 3
      vertex 159.415 7.81264 4
    endloop
  endfacet
  facet normal 0.985102 0.17197 0
    outer loop
      vertex 168.781 10.8559 4
      vertex 168.721 11.1996 3
      vertex 168.721 11.1996 4
    endloop
  endfacet
  facet normal 0.985102 0.17197 0
    outer loop
      vertex 168.721 11.1996 3
      vertex 168.781 10.8559 4
      vertex 168.781 10.8559 3
    endloop
  endfacet
  facet normal 0.994366 0.105997 0
    outer loop
      vertex 168.818 10.5088 4
      vertex 168.781 10.8559 3
      vertex 168.781 10.8559 4
    endloop
  endfacet
  facet normal 0.994366 0.105997 0
    outer loop
      vertex 168.781 10.8559 3
      vertex 168.818 10.5088 4
      vertex 168.818 10.5088 3
    endloop
  endfacet
  facet normal 0.927922 0.372775 0
    outer loop
      vertex 168.528 11.8701 4
      vertex 168.398 12.1937 3
      vertex 168.398 12.1937 4
    endloop
  endfacet
  facet normal 0.927922 0.372775 0
    outer loop
      vertex 168.398 12.1937 3
      vertex 168.528 11.8701 4
      vertex 168.528 11.8701 3
    endloop
  endfacet
  facet normal 0.950922 0.309429 0
    outer loop
      vertex 168.636 11.5382 4
      vertex 168.528 11.8701 3
      vertex 168.528 11.8701 4
    endloop
  endfacet
  facet normal 0.950922 0.309429 0
    outer loop
      vertex 168.528 11.8701 3
      vertex 168.636 11.5382 4
      vertex 168.636 11.5382 3
    endloop
  endfacet
  facet normal 0.865374 0.501127 0
    outer loop
      vertex 168.245 12.5074 4
      vertex 168.07 12.8096 3
      vertex 168.07 12.8096 4
    endloop
  endfacet
  facet normal 0.865374 0.501127 0
    outer loop
      vertex 168.07 12.8096 3
      vertex 168.245 12.5074 4
      vertex 168.245 12.5074 3
    endloop
  endfacet
  facet normal 0.139492 0.990223 -0
    outer loop
      vertex 164.698 15.084 3
      vertex 164.353 15.1326 4
      vertex 164.698 15.084 4
    endloop
  endfacet
  facet normal 0.139492 0.990223 0
    outer loop
      vertex 164.353 15.1326 4
      vertex 164.698 15.084 3
      vertex 164.353 15.1326 3
    endloop
  endfacet
  facet normal 0.0699432 0.997551 -0
    outer loop
      vertex 164.353 15.1326 3
      vertex 164.005 15.157 4
      vertex 164.353 15.1326 4
    endloop
  endfacet
  facet normal 0.0699432 0.997551 0
    outer loop
      vertex 164.005 15.157 4
      vertex 164.353 15.1326 3
      vertex 164.005 15.157 3
    endloop
  endfacet
  facet normal 0.406431 0.913682 -0
    outer loop
      vertex 166.022 14.654 3
      vertex 165.703 14.7959 4
      vertex 166.022 14.654 4
    endloop
  endfacet
  facet normal 0.406431 0.913682 0
    outer loop
      vertex 165.703 14.7959 4
      vertex 166.022 14.654 3
      vertex 165.703 14.7959 3
    endloop
  endfacet
  facet normal 0.641984 0.766718 -0
    outer loop
      vertex 167.176 13.8757 3
      vertex 166.908 14.1001 4
      vertex 167.176 13.8757 4
    endloop
  endfacet
  facet normal 0.641984 0.766718 0
    outer loop
      vertex 166.908 14.1001 4
      vertex 167.176 13.8757 3
      vertex 166.908 14.1001 3
    endloop
  endfacet
  facet normal -0.865374 0.501127 0
    outer loop
      vertex 159.415 12.5074 3
      vertex 159.59 12.8096 4
      vertex 159.59 12.8096 3
    endloop
  endfacet
  facet normal -0.865374 0.501127 0
    outer loop
      vertex 159.59 12.8096 4
      vertex 159.415 12.5074 3
      vertex 159.415 12.5074 4
    endloop
  endfacet
  facet normal -0.829217 0.558926 0
    outer loop
      vertex 159.59 12.8096 3
      vertex 159.785 13.0989 4
      vertex 159.785 13.0989 3
    endloop
  endfacet
  facet normal -0.829217 0.558926 0
    outer loop
      vertex 159.785 13.0989 4
      vertex 159.59 12.8096 3
      vertex 159.59 12.8096 4
    endloop
  endfacet
  facet normal -0.950922 0.309429 0
    outer loop
      vertex 159.024 11.5382 3
      vertex 159.132 11.8701 4
      vertex 159.132 11.8701 3
    endloop
  endfacet
  facet normal -0.950922 0.309429 0
    outer loop
      vertex 159.132 11.8701 4
      vertex 159.024 11.5382 3
      vertex 159.024 11.5382 4
    endloop
  endfacet
  facet normal -0.994366 0.105997 0
    outer loop
      vertex 158.842 10.5088 3
      vertex 158.879 10.8559 4
      vertex 158.879 10.8559 3
    endloop
  endfacet
  facet normal -0.994366 0.105997 0
    outer loop
      vertex 158.879 10.8559 4
      vertex 158.842 10.5088 3
      vertex 158.842 10.5088 4
    endloop
  endfacet
  facet normal 0 0 1
    outer loop
      vertex 163.83 13.0468 4
      vertex 166.33 14.4901 4
      vertex 166.022 14.654 4
    endloop
  endfacet
  facet normal 0 0 1
    outer loop
      vertex 163.83 13.0468 4
      vertex 166.022 14.654 4
      vertex 165.703 14.7959 4
    endloop
  endfacet
  facet normal 0 0 1
    outer loop
      vertex 163.83 13.0468 4
      vertex 165.703 14.7959 4
      vertex 165.375 14.9153 4
    endloop
  endfacet
  facet normal 0 0 1
    outer loop
      vertex 163.83 13.0468 4
      vertex 165.375 14.9153 4
      vertex 165.04 15.0115 4
    endloop
  endfacet
  facet normal 0 0 1
    outer loop
      vertex 163.83 13.0468 4
      vertex 165.04 15.0115 4
      vertex 164.698 15.084 4
    endloop
  endfacet
  facet normal 0 0 1
    outer loop
      vertex 163.83 13.0468 4
      vertex 164.698 15.084 4
      vertex 164.353 15.1326 4
    endloop
  endfacet
  facet normal 0 0 1
    outer loop
      vertex 163.83 13.0468 4
      vertex 164.353 15.1326 4
      vertex 164.005 15.157 4
    endloop
  endfacet
  facet normal 0 0 1
    outer loop
      vertex 166.33 14.4901 4
      vertex 163.83 13.0468 4
      vertex 166.33 11.6034 4
    endloop
  endfacet
  facet normal -0 0 1
    outer loop
      vertex 163.656 15.157 4
      vertex 163.83 13.0468 4
      vertex 164.005 15.157 4
    endloop
  endfacet
  facet normal -0 0 1
    outer loop
      vertex 163.307 15.1326 4
      vertex 163.83 13.0468 4
      vertex 163.656 15.157 4
    endloop
  endfacet
  facet normal -0 0 1
    outer loop
      vertex 162.962 15.084 4
      vertex 163.83 13.0468 4
      vertex 163.307 15.1326 4
    endloop
  endfacet
  facet normal -0 0 1
    outer loop
      vertex 162.62 15.0115 4
      vertex 163.83 13.0468 4
      vertex 162.962 15.084 4
    endloop
  endfacet
  facet normal -0 0 1
    outer loop
      vertex 162.285 14.9153 4
      vertex 163.83 13.0468 4
      vertex 162.62 15.0115 4
    endloop
  endfacet
  facet normal -0 0 1
    outer loop
      vertex 161.957 14.7959 4
      vertex 163.83 13.0468 4
      vertex 162.285 14.9153 4
    endloop
  endfacet
  facet normal -0 0 1
    outer loop
      vertex 161.638 14.654 4
      vertex 163.83 13.0468 4
      vertex 161.957 14.7959 4
    endloop
  endfacet
  facet normal -0 0 1
    outer loop
      vertex 161.33 14.4901 4
      vertex 163.83 13.0468 4
      vertex 161.638 14.654 4
    endloop
  endfacet
  facet normal 0 0 1
    outer loop
      vertex 161.33 14.4901 4
      vertex 161.33 11.6034 4
      vertex 163.83 13.0468 4
    endloop
  endfacet
  facet normal -0 0 1
    outer loop
      vertex 161.034 14.3052 4
      vertex 161.33 11.6034 4
      vertex 161.33 14.4901 4
    endloop
  endfacet
  facet normal -0 0 1
    outer loop
      vertex 160.752 14.1001 4
      vertex 161.33 11.6034 4
      vertex 161.034 14.3052 4
    endloop
  endfacet
  facet normal -0 0 1
    outer loop
      vertex 160.484 13.8757 4
      vertex 161.33 11.6034 4
      vertex 160.752 14.1001 4
    endloop
  endfacet
  facet normal 0 0 1
    outer loop
      vertex 161.33 8.71662 4
      vertex 161.034 6.01481 4
      vertex 161.33 5.82987 4
    endloop
  endfacet
  facet normal -0 0 1
    outer loop
      vertex 160.233 13.6333 4
      vertex 161.33 11.6034 4
      vertex 160.484 13.8757 4
    endloop
  endfacet
  facet normal 0 0 1
    outer loop
      vertex 161.33 8.71662 4
      vertex 160.752 6.21995 4
      vertex 161.034 6.01481 4
    endloop
  endfacet
  facet normal -0 0 1
    outer loop
      vertex 160 13.3739 4
      vertex 161.33 11.6034 4
      vertex 160.233 13.6333 4
    endloop
  endfacet
  facet normal 0 0 1
    outer loop
      vertex 161.33 8.71662 4
      vertex 160.484 6.44428 4
      vertex 160.752 6.21995 4
    endloop
  endfacet
  facet normal -0 0 1
    outer loop
      vertex 159.785 13.0989 4
      vertex 161.33 11.6034 4
      vertex 160 13.3739 4
    endloop
  endfacet
  facet normal 0 0 1
    outer loop
      vertex 161.33 8.71662 4
      vertex 160.233 6.68671 4
      vertex 160.484 6.44428 4
    endloop
  endfacet
  facet normal -0 0 1
    outer loop
      vertex 159.59 12.8096 4
      vertex 161.33 11.6034 4
      vertex 159.785 13.0989 4
    endloop
  endfacet
  facet normal 0 0 1
    outer loop
      vertex 161.33 8.71662 4
      vertex 160 6.94606 4
      vertex 160.233 6.68671 4
    endloop
  endfacet
  facet normal -0 0 1
    outer loop
      vertex 159.415 12.5074 4
      vertex 161.33 11.6034 4
      vertex 159.59 12.8096 4
    endloop
  endfacet
  facet normal 0 0 1
    outer loop
      vertex 161.33 8.71662 4
      vertex 159.785 7.22107 4
      vertex 160 6.94606 4
    endloop
  endfacet
  facet normal -0 0 1
    outer loop
      vertex 159.262 12.1937 4
      vertex 161.33 11.6034 4
      vertex 159.415 12.5074 4
    endloop
  endfacet
  facet normal 0 0 1
    outer loop
      vertex 161.33 8.71662 4
      vertex 159.59 7.5104 4
      vertex 159.785 7.22107 4
    endloop
  endfacet
  facet normal -0 0 1
    outer loop
      vertex 159.132 11.8701 4
      vertex 161.33 11.6034 4
      vertex 159.262 12.1937 4
    endloop
  endfacet
  facet normal 0 0 1
    outer loop
      vertex 161.33 8.71662 4
      vertex 159.415 7.81264 4
      vertex 159.59 7.5104 4
    endloop
  endfacet
  facet normal 0 0 1
    outer loop
      vertex 159.024 11.5382 4
      vertex 161.33 11.6034 4
      vertex 159.132 11.8701 4
    endloop
  endfacet
  facet normal 0 0 1
    outer loop
      vertex 161.33 8.71662 4
      vertex 159.262 8.12632 4
      vertex 159.415 7.81264 4
    endloop
  endfacet
  facet normal 0 0 1
    outer loop
      vertex 158.939 11.1996 4
      vertex 161.33 11.6034 4
      vertex 159.024 11.5382 4
    endloop
  endfacet
  facet normal 0 0 1
    outer loop
      vertex 161.33 8.71662 4
      vertex 159.132 8.4499 4
      vertex 159.262 8.12632 4
    endloop
  endfacet
  facet normal 0 0 1
    outer loop
      vertex 158.879 10.8559 4
      vertex 161.33 11.6034 4
      vertex 158.939 11.1996 4
    endloop
  endfacet
  facet normal 0 0 1
    outer loop
      vertex 161.33 8.71662 4
      vertex 159.024 8.78181 4
      vertex 159.132 8.4499 4
    endloop
  endfacet
  facet normal 0 0 1
    outer loop
      vertex 158.842 10.5088 4
      vertex 161.33 11.6034 4
      vertex 158.879 10.8559 4
    endloop
  endfacet
  facet normal 0 0 1
    outer loop
      vertex 161.33 8.71662 4
      vertex 158.939 9.12044 4
      vertex 159.024 8.78181 4
    endloop
  endfacet
  facet normal 0 0 1
    outer loop
      vertex 158.83 10.16 4
      vertex 161.33 11.6034 4
      vertex 158.842 10.5088 4
    endloop
  endfacet
  facet normal 0 0 1
    outer loop
      vertex 161.33 8.71662 4
      vertex 158.879 9.46414 4
      vertex 158.939 9.12044 4
    endloop
  endfacet
  facet normal 0 0 1
    outer loop
      vertex 161.33 11.6034 4
      vertex 158.83 10.16 4
      vertex 161.33 8.71662 4
    endloop
  endfacet
  facet normal 0 0 1
    outer loop
      vertex 161.33 8.71662 4
      vertex 158.842 9.81122 4
      vertex 158.879 9.46414 4
    endloop
  endfacet
  facet normal 0 0 1
    outer loop
      vertex 161.33 8.71662 4
      vertex 158.83 10.16 4
      vertex 158.842 9.81122 4
    endloop
  endfacet
  facet normal 0 0 1
    outer loop
      vertex 166.33 11.6034 4
      vertex 168.83 10.16 4
      vertex 168.818 10.5088 4
    endloop
  endfacet
  facet normal 0 0 1
    outer loop
      vertex 166.33 11.6034 4
      vertex 168.818 10.5088 4
      vertex 168.781 10.8559 4
    endloop
  endfacet
  facet normal 0 0 1
    outer loop
      vertex 166.33 8.71662 4
      vertex 168.83 10.16 4
      vertex 166.33 11.6034 4
    endloop
  endfacet
  facet normal 0 0 1
    outer loop
      vertex 166.33 11.6034 4
      vertex 168.781 10.8559 4
      vertex 168.721 11.1996 4
    endloop
  endfacet
  facet normal 0 0 1
    outer loop
      vertex 168.83 10.16 4
      vertex 166.33 8.71662 4
      vertex 168.818 9.81122 4
    endloop
  endfacet
  facet normal 0 0 1
    outer loop
      vertex 166.33 11.6034 4
      vertex 168.721 11.1996 4
      vertex 168.636 11.5382 4
    endloop
  endfacet
  facet normal 0 0 1
    outer loop
      vertex 168.818 9.81122 4
      vertex 166.33 8.71662 4
      vertex 168.781 9.46414 4
    endloop
  endfacet
  facet normal -0 0 1
    outer loop
      vertex 166.33 11.6034 4
      vertex 168.636 11.5382 4
      vertex 168.528 11.8701 4
    endloop
  endfacet
  facet normal 0 0 1
    outer loop
      vertex 168.781 9.46414 4
      vertex 166.33 8.71662 4
      vertex 168.721 9.12044 4
    endloop
  endfacet
  facet normal 0 0 1
    outer loop
      vertex 166.33 11.6034 4
      vertex 168.528 11.8701 4
      vertex 168.398 12.1937 4
    endloop
  endfacet
  facet normal 0 0 1
    outer loop
      vertex 168.721 9.12044 4
      vertex 166.33 8.71662 4
      vertex 168.636 8.78181 4
    endloop
  endfacet
  facet normal 0 0 1
    outer loop
      vertex 166.33 11.6034 4
      vertex 168.398 12.1937 4
      vertex 168.245 12.5074 4
    endloop
  endfacet
  facet normal 0 0 1
    outer loop
      vertex 168.636 8.78181 4
      vertex 166.33 8.71662 4
      vertex 168.528 8.4499 4
    endloop
  endfacet
  facet normal 0 0 1
    outer loop
      vertex 166.33 11.6034 4
      vertex 168.245 12.5074 4
      vertex 168.07 12.8096 4
    endloop
  endfacet
  facet normal 0 0 1
    outer loop
      vertex 168.528 8.4499 4
      vertex 166.33 8.71662 4
      vertex 168.398 8.12632 4
    endloop
  endfacet
  facet normal 0 0 1
    outer loop
      vertex 166.33 11.6034 4
      vertex 168.07 12.8096 4
      vertex 167.875 13.0989 4
    endloop
  endfacet
  facet normal 0 0 1
    outer loop
      vertex 168.398 8.12632 4
      vertex 166.33 8.71662 4
      vertex 168.245 7.81264 4
    endloop
  endfacet
  facet normal 0 0 1
    outer loop
      vertex 166.33 11.6034 4
      vertex 167.875 13.0989 4
      vertex 167.66 13.3739 4
    endloop
  endfacet
  facet normal 0 0 1
    outer loop
      vertex 168.245 7.81264 4
      vertex 166.33 8.71662 4
      vertex 168.07 7.5104 4
    endloop
  endfacet
  facet normal 0 0 1
    outer loop
      vertex 166.33 11.6034 4
      vertex 167.66 13.3739 4
      vertex 167.427 13.6333 4
    endloop
  endfacet
  facet normal 0 0 1
    outer loop
      vertex 168.07 7.5104 4
      vertex 166.33 8.71662 4
      vertex 167.875 7.22107 4
    endloop
  endfacet
  facet normal 0 0 1
    outer loop
      vertex 166.33 11.6034 4
      vertex 167.427 13.6333 4
      vertex 167.176 13.8757 4
    endloop
  endfacet
  facet normal 0 0 1
    outer loop
      vertex 167.875 7.22107 4
      vertex 166.33 8.71662 4
      vertex 167.66 6.94606 4
    endloop
  endfacet
  facet normal 0 0 1
    outer loop
      vertex 166.33 11.6034 4
      vertex 167.176 13.8757 4
      vertex 166.908 14.1001 4
    endloop
  endfacet
  facet normal 0 0 1
    outer loop
      vertex 167.66 6.94606 4
      vertex 166.33 8.71662 4
      vertex 167.427 6.68671 4
    endloop
  endfacet
  facet normal 0 0 1
    outer loop
      vertex 166.33 11.6034 4
      vertex 166.908 14.1001 4
      vertex 166.626 14.3052 4
    endloop
  endfacet
  facet normal 0 0 1
    outer loop
      vertex 167.427 6.68671 4
      vertex 166.33 8.71662 4
      vertex 167.176 6.44428 4
    endloop
  endfacet
  facet normal 0 0 1
    outer loop
      vertex 166.33 11.6034 4
      vertex 166.626 14.3052 4
      vertex 166.33 14.4901 4
    endloop
  endfacet
  facet normal 0 0 1
    outer loop
      vertex 167.176 6.44428 4
      vertex 166.33 8.71662 4
      vertex 166.908 6.21995 4
    endloop
  endfacet
  facet normal 0 0 1
    outer loop
      vertex 166.908 6.21995 4
      vertex 166.33 8.71662 4
      vertex 166.626 6.01481 4
    endloop
  endfacet
  facet normal 0 0 1
    outer loop
      vertex 166.33 8.71662 4
      vertex 166.33 5.82987 4
      vertex 166.626 6.01481 4
    endloop
  endfacet
  facet normal -0 0 1
    outer loop
      vertex 163.83 7.27325 4
      vertex 166.33 5.82987 4
      vertex 166.33 8.71662 4
    endloop
  endfacet
  facet normal 0 0 1
    outer loop
      vertex 166.33 5.82987 4
      vertex 163.83 7.27325 4
      vertex 166.022 5.66603 4
    endloop
  endfacet
  facet normal 0 0 1
    outer loop
      vertex 166.022 5.66603 4
      vertex 163.83 7.27325 4
      vertex 165.703 5.52408 4
    endloop
  endfacet
  facet normal 0 0 1
    outer loop
      vertex 165.703 5.52408 4
      vertex 163.83 7.27325 4
      vertex 165.375 5.40472 4
    endloop
  endfacet
  facet normal 0 0 1
    outer loop
      vertex 165.375 5.40472 4
      vertex 163.83 7.27325 4
      vertex 165.04 5.30852 4
    endloop
  endfacet
  facet normal 0 0 1
    outer loop
      vertex 165.04 5.30852 4
      vertex 163.83 7.27325 4
      vertex 164.698 5.23596 4
    endloop
  endfacet
  facet normal 0 0 1
    outer loop
      vertex 164.698 5.23596 4
      vertex 163.83 7.27325 4
      vertex 164.353 5.18739 4
    endloop
  endfacet
  facet normal 0 0 1
    outer loop
      vertex 164.353 5.18739 4
      vertex 163.83 7.27325 4
      vertex 164.005 5.16305 4
    endloop
  endfacet
  facet normal 0 0 1
    outer loop
      vertex 163.83 7.27325 4
      vertex 163.656 5.16305 4
      vertex 164.005 5.16305 4
    endloop
  endfacet
  facet normal 0 0 1
    outer loop
      vertex 163.83 7.27325 4
      vertex 163.307 5.18739 4
      vertex 163.656 5.16305 4
    endloop
  endfacet
  facet normal 0 0 1
    outer loop
      vertex 163.83 7.27325 4
      vertex 162.962 5.23596 4
      vertex 163.307 5.18739 4
    endloop
  endfacet
  facet normal 0 0 1
    outer loop
      vertex 163.83 7.27325 4
      vertex 162.62 5.30852 4
      vertex 162.962 5.23596 4
    endloop
  endfacet
  facet normal 0 0 1
    outer loop
      vertex 163.83 7.27325 4
      vertex 162.285 5.40472 4
      vertex 162.62 5.30852 4
    endloop
  endfacet
  facet normal 0 0 1
    outer loop
      vertex 163.83 7.27325 4
      vertex 161.957 5.52408 4
      vertex 162.285 5.40472 4
    endloop
  endfacet
  facet normal 0 0 1
    outer loop
      vertex 163.83 7.27325 4
      vertex 161.638 5.66603 4
      vertex 161.957 5.52408 4
    endloop
  endfacet
  facet normal 0 0 1
    outer loop
      vertex 161.33 5.82987 4
      vertex 163.83 7.27325 4
      vertex 161.33 8.71662 4
    endloop
  endfacet
  facet normal 0 0 1
    outer loop
      vertex 163.83 7.27325 4
      vertex 161.33 5.82987 4
      vertex 161.638 5.66603 4
    endloop
  endfacet
  facet normal -0.588189 0.808724 0
    outer loop
      vertex 161.034 14.3052 3
      vertex 160.752 14.1001 4
      vertex 161.034 14.3052 4
    endloop
  endfacet
  facet normal -0.588189 0.808724 0
    outer loop
      vertex 160.752 14.1001 4
      vertex 161.034 14.3052 3
      vertex 160.752 14.1001 3
    endloop
  endfacet
  facet normal -0.641984 0.766718 0
    outer loop
      vertex 160.752 14.1001 3
      vertex 160.484 13.8757 4
      vertex 160.752 14.1001 4
    endloop
  endfacet
  facet normal -0.641984 0.766718 0
    outer loop
      vertex 160.484 13.8757 4
      vertex 160.752 14.1001 3
      vertex 160.484 13.8757 3
    endloop
  endfacet
  facet normal -0.342065 0.939676 0
    outer loop
      vertex 162.285 14.9153 3
      vertex 161.957 14.7959 4
      vertex 162.285 14.9153 4
    endloop
  endfacet
  facet normal -0.342065 0.939676 0
    outer loop
      vertex 161.957 14.7959 4
      vertex 162.285 14.9153 3
      vertex 161.957 14.7959 3
    endloop
  endfacet
  facet normal -0.139492 0.990223 0
    outer loop
      vertex 163.307 15.1326 3
      vertex 162.962 15.084 4
      vertex 163.307 15.1326 4
    endloop
  endfacet
  facet normal -0.139492 0.990223 0
    outer loop
      vertex 162.962 15.084 4
      vertex 163.307 15.1326 3
      vertex 162.962 15.084 3
    endloop
  endfacet
  facet normal 0.985102 -0.17197 0
    outer loop
      vertex 168.721 9.12044 4
      vertex 168.781 9.46414 3
      vertex 168.781 9.46414 4
    endloop
  endfacet
  facet normal 0.985102 -0.17197 0
    outer loop
      vertex 168.781 9.46414 3
      vertex 168.721 9.12044 4
      vertex 168.721 9.12044 3
    endloop
  endfacet
  facet normal 0.994366 -0.106003 0
    outer loop
      vertex 168.781 9.46414 4
      vertex 168.818 9.81122 3
      vertex 168.818 9.81122 4
    endloop
  endfacet
  facet normal 0.994366 -0.106003 0
    outer loop
      vertex 168.818 9.81122 3
      vertex 168.781 9.46414 4
      vertex 168.781 9.46414 3
    endloop
  endfacet
  facet normal 0.641866 -0.766817 0
    outer loop
      vertex 166.908 6.21995 3
      vertex 167.176 6.44428 4
      vertex 166.908 6.21995 4
    endloop
  endfacet
  facet normal 0.641866 -0.766817 0
    outer loop
      vertex 167.176 6.44428 4
      vertex 166.908 6.21995 3
      vertex 167.176 6.44428 3
    endloop
  endfacet
  facet normal 0.898785 -0.43839 0
    outer loop
      vertex 168.245 7.81264 4
      vertex 168.398 8.12632 3
      vertex 168.398 8.12632 4
    endloop
  endfacet
  facet normal 0.898785 -0.43839 0
    outer loop
      vertex 168.398 8.12632 3
      vertex 168.245 7.81264 4
      vertex 168.245 7.81264 3
    endloop
  endfacet
  facet normal 0.787818 -0.615908 0
    outer loop
      vertex 167.66 6.94606 4
      vertex 167.875 7.22107 3
      vertex 167.875 7.22107 4
    endloop
  endfacet
  facet normal 0.787818 -0.615908 0
    outer loop
      vertex 167.875 7.22107 3
      vertex 167.66 6.94606 4
      vertex 167.66 6.94606 3
    endloop
  endfacet
  facet normal -0.40655 -0.913628 0
    outer loop
      vertex 161.638 5.66603 3
      vertex 161.957 5.52408 4
      vertex 161.638 5.66603 4
    endloop
  endfacet
  facet normal -0.40655 -0.913628 -0
    outer loop
      vertex 161.957 5.52408 4
      vertex 161.638 5.66603 3
      vertex 161.957 5.52408 3
    endloop
  endfacet
  facet normal -0.927914 -0.372794 0
    outer loop
      vertex 159.262 8.12632 3
      vertex 159.132 8.4499 4
      vertex 159.132 8.4499 3
    endloop
  endfacet
  facet normal -0.927914 -0.372794 0
    outer loop
      vertex 159.132 8.4499 4
      vertex 159.262 8.12632 3
      vertex 159.262 8.12632 4
    endloop
  endfacet
  facet normal 0.207544 -0.978226 0
    outer loop
      vertex 164.698 5.23596 3
      vertex 165.04 5.30852 4
      vertex 164.698 5.23596 4
    endloop
  endfacet
  facet normal 0.207544 -0.978226 0
    outer loop
      vertex 165.04 5.30852 4
      vertex 164.698 5.23596 3
      vertex 165.04 5.30852 3
    endloop
  endfacet
  facet normal 0.341964 -0.939713 0
    outer loop
      vertex 165.375 5.40472 3
      vertex 165.703 5.52408 4
      vertex 165.375 5.40472 4
    endloop
  endfacet
  facet normal 0.341964 -0.939713 0
    outer loop
      vertex 165.703 5.52408 4
      vertex 165.375 5.40472 3
      vertex 165.703 5.52408 3
    endloop
  endfacet
  facet normal 0.999409 -0.0343853 0
    outer loop
      vertex 168.818 9.81122 4
      vertex 168.83 10.16 3
      vertex 168.83 10.16 4
    endloop
  endfacet
  facet normal 0.999409 -0.0343853 0
    outer loop
      vertex 168.83 10.16 3
      vertex 168.818 9.81122 4
      vertex 168.818 9.81122 3
    endloop
  endfacet
  facet normal 0.694721 -0.719279 0
    outer loop
      vertex 167.176 6.44428 3
      vertex 167.427 6.68671 4
      vertex 167.176 6.44428 4
    endloop
  endfacet
  facet normal 0.694721 -0.719279 0
    outer loop
      vertex 167.427 6.68671 4
      vertex 167.176 6.44428 3
      vertex 167.427 6.68671 3
    endloop
  endfacet
  facet normal 0.743886 -0.668307 0
    outer loop
      vertex 167.427 6.68671 4
      vertex 167.66 6.94606 3
      vertex 167.66 6.94606 4
    endloop
  endfacet
  facet normal 0.743886 -0.668307 0
    outer loop
      vertex 167.66 6.94606 3
      vertex 167.427 6.68671 4
      vertex 167.427 6.68671 3
    endloop
  endfacet
  facet normal 0.588264 -0.808669 0
    outer loop
      vertex 166.626 6.01481 3
      vertex 166.908 6.21995 4
      vertex 166.626 6.01481 4
    endloop
  endfacet
  facet normal 0.588264 -0.808669 0
    outer loop
      vertex 166.908 6.21995 4
      vertex 166.626 6.01481 3
      vertex 166.908 6.21995 3
    endloop
  endfacet
  facet normal 0.927914 -0.372794 0
    outer loop
      vertex 168.398 8.12632 4
      vertex 168.528 8.4499 3
      vertex 168.528 8.4499 4
    endloop
  endfacet
  facet normal 0.927914 -0.372794 0
    outer loop
      vertex 168.528 8.4499 3
      vertex 168.398 8.12632 4
      vertex 168.398 8.12632 3
    endloop
  endfacet
  facet normal 0.865403 -0.501077 0
    outer loop
      vertex 168.07 7.5104 4
      vertex 168.245 7.81264 3
      vertex 168.245 7.81264 4
    endloop
  endfacet
  facet normal 0.865403 -0.501077 0
    outer loop
      vertex 168.245 7.81264 3
      vertex 168.07 7.5104 4
      vertex 168.07 7.5104 3
    endloop
  endfacet
  facet normal 0.829244 -0.558886 0
    outer loop
      vertex 167.875 7.22107 4
      vertex 168.07 7.5104 3
      vertex 168.07 7.5104 4
    endloop
  endfacet
  facet normal 0.829244 -0.558886 0
    outer loop
      vertex 168.07 7.5104 3
      vertex 167.875 7.22107 4
      vertex 167.875 7.22107 3
    endloop
  endfacet
  facet normal -0.207544 -0.978226 0
    outer loop
      vertex 162.62 5.30852 3
      vertex 162.962 5.23596 4
      vertex 162.62 5.30852 4
    endloop
  endfacet
  facet normal -0.207544 -0.978226 -0
    outer loop
      vertex 162.962 5.23596 4
      vertex 162.62 5.30852 3
      vertex 162.962 5.23596 3
    endloop
  endfacet
  facet normal -0.529875 -0.848076 0
    outer loop
      vertex 161.034 6.01481 3
      vertex 161.33 5.82987 4
      vertex 161.034 6.01481 4
    endloop
  endfacet
  facet normal -0.529875 -0.848076 -0
    outer loop
      vertex 161.33 5.82987 4
      vertex 161.034 6.01481 3
      vertex 161.33 5.82987 3
    endloop
  endfacet
  facet normal -0.787818 -0.615908 0
    outer loop
      vertex 160 6.94606 3
      vertex 159.785 7.22107 4
      vertex 159.785 7.22107 3
    endloop
  endfacet
  facet normal -0.787818 -0.615908 0
    outer loop
      vertex 159.785 7.22107 4
      vertex 160 6.94606 3
      vertex 160 6.94606 4
    endloop
  endfacet
  facet normal -0.829244 -0.558886 0
    outer loop
      vertex 159.785 7.22107 3
      vertex 159.59 7.5104 4
      vertex 159.59 7.5104 3
    endloop
  endfacet
  facet normal -0.829244 -0.558886 0
    outer loop
      vertex 159.59 7.5104 4
      vertex 159.785 7.22107 3
      vertex 159.785 7.22107 4
    endloop
  endfacet
  facet normal -0.985102 -0.17197 0
    outer loop
      vertex 158.939 9.12044 3
      vertex 158.879 9.46414 4
      vertex 158.879 9.46414 3
    endloop
  endfacet
  facet normal -0.985102 -0.17197 0
    outer loop
      vertex 158.879 9.46414 4
      vertex 158.939 9.12044 3
      vertex 158.939 9.12044 4
    endloop
  endfacet
  facet normal 0.40655 -0.913628 0
    outer loop
      vertex 165.703 5.52408 3
      vertex 166.022 5.66603 4
      vertex 165.703 5.52408 4
    endloop
  endfacet
  facet normal 0.40655 -0.913628 0
    outer loop
      vertex 166.022 5.66603 4
      vertex 165.703 5.52408 3
      vertex 166.022 5.66603 3
    endloop
  endfacet
  facet normal 0.969911 -0.243459 0
    outer loop
      vertex 168.636 8.78181 4
      vertex 168.721 9.12044 3
      vertex 168.721 9.12044 4
    endloop
  endfacet
  facet normal 0.969911 -0.243459 0
    outer loop
      vertex 168.721 9.12044 3
      vertex 168.636 8.78181 4
      vertex 168.636 8.78181 3
    endloop
  endfacet
  facet normal 0.950925 -0.309421 0
    outer loop
      vertex 168.528 8.4499 4
      vertex 168.636 8.78181 3
      vertex 168.636 8.78181 4
    endloop
  endfacet
  facet normal 0.950925 -0.309421 0
    outer loop
      vertex 168.636 8.78181 3
      vertex 168.528 8.4499 4
      vertex 168.528 8.4499 3
    endloop
  endfacet
  facet normal 0.529875 -0.848076 0
    outer loop
      vertex 166.33 5.82987 3
      vertex 166.626 6.01481 4
      vertex 166.33 5.82987 4
    endloop
  endfacet
  facet normal 0.529875 -0.848076 0
    outer loop
      vertex 166.626 6.01481 4
      vertex 166.33 5.82987 3
      vertex 166.626 6.01481 3
    endloop
  endfacet
  facet normal 0.469636 -0.88286 0
    outer loop
      vertex 166.022 5.66603 3
      vertex 166.33 5.82987 4
      vertex 166.022 5.66603 4
    endloop
  endfacet
  facet normal 0.469636 -0.88286 0
    outer loop
      vertex 166.33 5.82987 4
      vertex 166.022 5.66603 3
      vertex 166.33 5.82987 3
    endloop
  endfacet
  facet normal -0.0695731 -0.997577 0
    outer loop
      vertex 163.307 5.18739 3
      vertex 163.656 5.16305 4
      vertex 163.307 5.18739 4
    endloop
  endfacet
  facet normal -0.0695731 -0.997577 -0
    outer loop
      vertex 163.656 5.16305 4
      vertex 163.307 5.18739 3
      vertex 163.656 5.16305 3
    endloop
  endfacet
  facet normal -0.276009 -0.961155 0
    outer loop
      vertex 162.285 5.40472 3
      vertex 162.62 5.30852 4
      vertex 162.285 5.40472 4
    endloop
  endfacet
  facet normal -0.276009 -0.961155 -0
    outer loop
      vertex 162.62 5.30852 4
      vertex 162.285 5.40472 3
      vertex 162.62 5.30852 3
    endloop
  endfacet
  facet normal -0.641866 -0.766817 0
    outer loop
      vertex 160.484 6.44428 3
      vertex 160.752 6.21995 4
      vertex 160.484 6.44428 4
    endloop
  endfacet
  facet normal -0.641866 -0.766817 -0
    outer loop
      vertex 160.752 6.21995 4
      vertex 160.484 6.44428 3
      vertex 160.752 6.21995 3
    endloop
  endfacet
  facet normal -0.341964 -0.939713 0
    outer loop
      vertex 161.957 5.52408 3
      vertex 162.285 5.40472 4
      vertex 161.957 5.52408 4
    endloop
  endfacet
  facet normal -0.341964 -0.939713 -0
    outer loop
      vertex 162.285 5.40472 4
      vertex 161.957 5.52408 3
      vertex 162.285 5.40472 3
    endloop
  endfacet
  facet normal -0.588264 -0.808669 0
    outer loop
      vertex 160.752 6.21995 3
      vertex 161.034 6.01481 4
      vertex 160.752 6.21995 4
    endloop
  endfacet
  facet normal -0.588264 -0.808669 -0
    outer loop
      vertex 161.034 6.01481 4
      vertex 160.752 6.21995 3
      vertex 161.034 6.01481 3
    endloop
  endfacet
  facet normal -0.865403 -0.501077 0
    outer loop
      vertex 159.59 7.5104 3
      vertex 159.415 7.81264 4
      vertex 159.415 7.81264 3
    endloop
  endfacet
  facet normal -0.865403 -0.501077 0
    outer loop
      vertex 159.415 7.81264 4
      vertex 159.59 7.5104 3
      vertex 159.59 7.5104 4
    endloop
  endfacet
  facet normal -0.743886 -0.668307 0
    outer loop
      vertex 160.233 6.68671 3
      vertex 160 6.94606 4
      vertex 160 6.94606 3
    endloop
  endfacet
  facet normal -0.743886 -0.668307 0
    outer loop
      vertex 160 6.94606 4
      vertex 160.233 6.68671 3
      vertex 160.233 6.68671 4
    endloop
  endfacet
  facet normal -0.694721 -0.719279 0
    outer loop
      vertex 160.233 6.68671 3
      vertex 160.484 6.44428 4
      vertex 160.233 6.68671 4
    endloop
  endfacet
  facet normal -0.694721 -0.719279 -0
    outer loop
      vertex 160.484 6.44428 4
      vertex 160.233 6.68671 3
      vertex 160.484 6.44428 3
    endloop
  endfacet
  facet normal -0.950925 -0.309421 0
    outer loop
      vertex 159.132 8.4499 3
      vertex 159.024 8.78181 4
      vertex 159.024 8.78181 3
    endloop
  endfacet
  facet normal -0.950925 -0.309421 0
    outer loop
      vertex 159.024 8.78181 4
      vertex 159.132 8.4499 3
      vertex 159.132 8.4499 4
    endloop
  endfacet
  facet normal -0.969911 -0.243459 0
    outer loop
      vertex 159.024 8.78181 3
      vertex 158.939 9.12044 4
      vertex 158.939 9.12044 3
    endloop
  endfacet
  facet normal -0.969911 -0.243459 0
    outer loop
      vertex 158.939 9.12044 4
      vertex 159.024 8.78181 3
      vertex 159.024 8.78181 4
    endloop
  endfacet
  facet normal -0.994366 -0.106003 0
    outer loop
      vertex 158.879 9.46414 3
      vertex 158.842 9.81122 4
      vertex 158.842 9.81122 3
    endloop
  endfacet
  facet normal -0.994366 -0.106003 0
    outer loop
      vertex 158.842 9.81122 4
      vertex 158.879 9.46414 3
      vertex 158.879 9.46414 4
    endloop
  endfacet
  facet normal -0.999409 -0.0343853 0
    outer loop
      vertex 158.842 9.81122 3
      vertex 158.83 10.16 4
      vertex 158.83 10.16 3
    endloop
  endfacet
  facet normal -0.999409 -0.0343853 0
    outer loop
      vertex 158.83 10.16 4
      vertex 158.842 9.81122 3
      vertex 158.842 9.81122 4
    endloop
  endfacet
  facet normal 0.276009 -0.961155 0
    outer loop
      vertex 165.04 5.30852 3
      vertex 165.375 5.40472 4
      vertex 165.04 5.30852 4
    endloop
  endfacet
  facet normal 0.276009 -0.961155 0
    outer loop
      vertex 165.375 5.40472 4
      vertex 165.04 5.30852 3
      vertex 165.375 5.40472 3
    endloop
  endfacet
  facet normal 0.139408 -0.990235 0
    outer loop
      vertex 164.353 5.18739 3
      vertex 164.698 5.23596 4
      vertex 164.353 5.18739 4
    endloop
  endfacet
  facet normal 0.139408 -0.990235 0
    outer loop
      vertex 164.698 5.23596 4
      vertex 164.353 5.18739 3
      vertex 164.698 5.23596 3
    endloop
  endfacet
  facet normal 0.0697721 -0.997563 0
    outer loop
      vertex 164.005 5.16305 3
      vertex 164.353 5.18739 4
      vertex 164.005 5.16305 4
    endloop
  endfacet
  facet normal 0.0697721 -0.997563 0
    outer loop
      vertex 164.353 5.18739 4
      vertex 164.005 5.16305 3
      vertex 164.353 5.18739 3
    endloop
  endfacet
  facet normal -0.139408 -0.990235 0
    outer loop
      vertex 162.962 5.23596 3
      vertex 163.307 5.18739 4
      vertex 162.962 5.23596 4
    endloop
  endfacet
  facet normal -0.139408 -0.990235 -0
    outer loop
      vertex 163.307 5.18739 4
      vertex 162.962 5.23596 3
      vertex 163.307 5.18739 3
    endloop
  endfacet
  facet normal -0.469636 -0.88286 0
    outer loop
      vertex 161.33 5.82987 3
      vertex 161.638 5.66603 4
      vertex 161.33 5.82987 4
    endloop
  endfacet
  facet normal -0.469636 -0.88286 -0
    outer loop
      vertex 161.638 5.66603 4
      vertex 161.33 5.82987 3
      vertex 161.638 5.66603 3
    endloop
  endfacet
  facet normal -0.864276 -0.503018 0
    outer loop
      vertex 164.934 10.7468 2
      vertex 164.89 10.8224 2.1
      vertex 164.89 10.8224 2
    endloop
  endfacet
  facet normal -0.864276 -0.503018 0
    outer loop
      vertex 164.89 10.8224 2.1
      vertex 164.934 10.7468 2
      vertex 164.934 10.7468 2.1
    endloop
  endfacet
  facet normal -0.864276 -0.503018 0
    outer loop
      vertex 164.934 10.7468 3
      vertex 164.89 10.8224 13
      vertex 164.89 10.8224 3
    endloop
  endfacet
  facet normal -0.864276 -0.503018 0
    outer loop
      vertex 164.89 10.8224 13
      vertex 164.934 10.7468 3
      vertex 164.934 10.7468 13
    endloop
  endfacet
  facet normal -0.405608 -0.914047 0
    outer loop
      vertex 164.298 11.319 2
      vertex 164.378 11.2835 2.1
      vertex 164.298 11.319 2.1
    endloop
  endfacet
  facet normal -0.405608 -0.914047 -0
    outer loop
      vertex 164.378 11.2835 2.1
      vertex 164.298 11.319 2
      vertex 164.378 11.2835 2
    endloop
  endfacet
  facet normal -0.405608 -0.914047 0
    outer loop
      vertex 164.298 11.319 3
      vertex 164.378 11.2835 13
      vertex 164.298 11.319 13
    endloop
  endfacet
  facet normal -0.405608 -0.914047 -0
    outer loop
      vertex 164.378 11.2835 13
      vertex 164.298 11.319 3
      vertex 164.378 11.2835 3
    endloop
  endfacet
  facet normal 0.341559 -0.93986 0
    outer loop
      vertex 163.362 11.319 2
      vertex 163.444 11.3488 2.1
      vertex 163.362 11.319 2.1
    endloop
  endfacet
  facet normal 0.341559 -0.93986 0
    outer loop
      vertex 163.444 11.3488 2.1
      vertex 163.362 11.319 2
      vertex 163.444 11.3488 2
    endloop
  endfacet
  facet normal 0.341559 -0.93986 0
    outer loop
      vertex 163.362 11.319 3
      vertex 163.444 11.3488 13
      vertex 163.362 11.319 13
    endloop
  endfacet
  facet normal 0.341559 -0.93986 0
    outer loop
      vertex 163.444 11.3488 13
      vertex 163.362 11.319 3
      vertex 163.444 11.3488 3
    endloop
  endfacet
  facet normal 0.899869 -0.436161 0
    outer loop
      vertex 162.688 10.6684 2.1
      vertex 162.726 10.7468 2
      vertex 162.726 10.7468 2.1
    endloop
  endfacet
  facet normal 0.899869 -0.436161 0
    outer loop
      vertex 162.726 10.7468 2
      vertex 162.688 10.6684 2.1
      vertex 162.688 10.6684 2
    endloop
  endfacet
  facet normal 0.899869 -0.436161 0
    outer loop
      vertex 162.688 10.6684 13
      vertex 162.726 10.7468 3
      vertex 162.726 10.7468 13
    endloop
  endfacet
  facet normal 0.899869 -0.436161 0
    outer loop
      vertex 162.726 10.7468 3
      vertex 162.688 10.6684 13
      vertex 162.688 10.6684 3
    endloop
  endfacet
  facet normal -0.994664 0.103169 0
    outer loop
      vertex 165.068 9.98603 2
      vertex 165.077 10.0728 2.1
      vertex 165.077 10.0728 2
    endloop
  endfacet
  facet normal -0.994664 0.103169 0
    outer loop
      vertex 165.077 10.0728 2.1
      vertex 165.068 9.98603 2
      vertex 165.068 9.98603 2.1
    endloop
  endfacet
  facet normal -0.994664 0.103169 0
    outer loop
      vertex 165.068 9.98603 3
      vertex 165.077 10.0728 13
      vertex 165.077 10.0728 3
    endloop
  endfacet
  facet normal -0.994664 0.103169 0
    outer loop
      vertex 165.077 10.0728 13
      vertex 165.068 9.98603 3
      vertex 165.068 9.98603 13
    endloop
  endfacet
  facet normal -0.95095 -0.309345 0
    outer loop
      vertex 165.032 10.5045 2
      vertex 165.005 10.5875 2.1
      vertex 165.005 10.5875 2
    endloop
  endfacet
  facet normal -0.95095 -0.309345 0
    outer loop
      vertex 165.005 10.5875 2.1
      vertex 165.032 10.5045 2
      vertex 165.032 10.5045 2.1
    endloop
  endfacet
  facet normal -0.95095 -0.309345 0
    outer loop
      vertex 165.032 10.5045 3
      vertex 165.005 10.5875 13
      vertex 165.005 10.5875 3
    endloop
  endfacet
  facet normal -0.95095 -0.309345 0
    outer loop
      vertex 165.005 10.5875 13
      vertex 165.032 10.5045 3
      vertex 165.032 10.5045 13
    endloop
  endfacet
  facet normal -0.585657 -0.810559 0
    outer loop
      vertex 164.529 11.1963 2
      vertex 164.6 11.145 2.1
      vertex 164.529 11.1963 2.1
    endloop
  endfacet
  facet normal -0.585657 -0.810559 -0
    outer loop
      vertex 164.6 11.145 2.1
      vertex 164.529 11.1963 2
      vertex 164.6 11.145 2
    endloop
  endfacet
  facet normal -0.585657 -0.810559 0
    outer loop
      vertex 164.529 11.1963 3
      vertex 164.6 11.145 13
      vertex 164.529 11.1963 13
    endloop
  endfacet
  facet normal -0.585657 -0.810559 -0
    outer loop
      vertex 164.6 11.145 13
      vertex 164.529 11.1963 3
      vertex 164.6 11.145 3
    endloop
  endfacet
  facet normal 0.985094 -0.172019 0
    outer loop
      vertex 162.592 10.334 2.1
      vertex 162.607 10.4199 2
      vertex 162.607 10.4199 2.1
    endloop
  endfacet
  facet normal 0.985094 -0.172019 0
    outer loop
      vertex 162.607 10.4199 2
      vertex 162.592 10.334 2.1
      vertex 162.592 10.334 2
    endloop
  endfacet
  facet normal 0.985094 -0.172019 0
    outer loop
      vertex 162.592 10.334 13
      vertex 162.607 10.4199 3
      vertex 162.607 10.4199 13
    endloop
  endfacet
  facet normal 0.985094 -0.172019 0
    outer loop
      vertex 162.607 10.4199 3
      vertex 162.592 10.334 13
      vertex 162.592 10.334 3
    endloop
  endfacet
  facet normal 0.739424 -0.673241 0
    outer loop
      vertex 162.872 10.9635 2.1
      vertex 162.931 11.0283 2
      vertex 162.931 11.0283 2.1
    endloop
  endfacet
  facet normal 0.739424 -0.673241 0
    outer loop
      vertex 162.931 11.0283 2
      vertex 162.872 10.9635 2.1
      vertex 162.872 10.9635 2
    endloop
  endfacet
  facet normal 0.739424 -0.673241 0
    outer loop
      vertex 162.872 10.9635 13
      vertex 162.931 11.0283 3
      vertex 162.931 11.0283 13
    endloop
  endfacet
  facet normal 0.739424 -0.673241 0
    outer loop
      vertex 162.931 11.0283 3
      vertex 162.872 10.9635 13
      vertex 162.872 10.9635 3
    endloop
  endfacet
  facet normal 0.208272 -0.978071 0
    outer loop
      vertex 163.528 11.3729 2
      vertex 163.613 11.391 2.1
      vertex 163.528 11.3729 2.1
    endloop
  endfacet
  facet normal 0.208272 -0.978071 0
    outer loop
      vertex 163.613 11.391 2.1
      vertex 163.528 11.3729 2
      vertex 163.613 11.391 2
    endloop
  endfacet
  facet normal 0.208272 -0.978071 0
    outer loop
      vertex 163.528 11.3729 3
      vertex 163.613 11.391 13
      vertex 163.528 11.3729 13
    endloop
  endfacet
  facet normal 0.208272 -0.978071 0
    outer loop
      vertex 163.613 11.391 13
      vertex 163.528 11.3729 3
      vertex 163.613 11.391 3
    endloop
  endfacet
  facet normal -0.405513 0.914089 0
    outer loop
      vertex 164.378 9.03651 2
      vertex 164.298 9.00102 2.1
      vertex 164.378 9.03651 2.1
    endloop
  endfacet
  facet normal -0.405513 0.914089 0
    outer loop
      vertex 164.298 9.00102 2.1
      vertex 164.378 9.03651 2
      vertex 164.298 9.00102 2
    endloop
  endfacet
  facet normal -0.405513 0.914089 0
    outer loop
      vertex 164.378 9.03651 3
      vertex 164.298 9.00102 13
      vertex 164.378 9.03651 13
    endloop
  endfacet
  facet normal -0.405513 0.914089 0
    outer loop
      vertex 164.298 9.00102 13
      vertex 164.378 9.03651 3
      vertex 164.298 9.00102 3
    endloop
  endfacet
  facet normal 0.693305 0.720644 -0
    outer loop
      vertex 162.994 9.23107 2
      vertex 162.931 9.29168 2.1
      vertex 162.994 9.23107 2.1
    endloop
  endfacet
  facet normal 0.693305 0.720644 0
    outer loop
      vertex 162.931 9.29168 2.1
      vertex 162.994 9.23107 2
      vertex 162.931 9.29168 2
    endloop
  endfacet
  facet normal 0.693305 0.720644 -0
    outer loop
      vertex 162.994 9.23107 3
      vertex 162.931 9.29168 13
      vertex 162.994 9.23107 13
    endloop
  endfacet
  facet normal 0.693305 0.720644 0
    outer loop
      vertex 162.931 9.29168 13
      vertex 162.994 9.23107 3
      vertex 162.931 9.29168 3
    endloop
  endfacet
  facet normal 0.899912 0.436071 0
    outer loop
      vertex 162.726 9.57316 2.1
      vertex 162.688 9.65158 2
      vertex 162.688 9.65158 2.1
    endloop
  endfacet
  facet normal 0.899912 0.436071 0
    outer loop
      vertex 162.688 9.65158 2
      vertex 162.726 9.57316 2.1
      vertex 162.726 9.57316 2
    endloop
  endfacet
  facet normal 0.899912 0.436071 0
    outer loop
      vertex 162.726 9.57316 13
      vertex 162.688 9.65158 3
      vertex 162.688 9.65158 13
    endloop
  endfacet
  facet normal 0.899912 0.436071 0
    outer loop
      vertex 162.688 9.65158 3
      vertex 162.726 9.57316 13
      vertex 162.726 9.57316 3
    endloop
  endfacet
  facet normal -0.792196 -0.610267 0
    outer loop
      vertex 164.841 10.8947 2
      vertex 164.788 10.9635 2.1
      vertex 164.788 10.9635 2
    endloop
  endfacet
  facet normal -0.792196 -0.610267 0
    outer loop
      vertex 164.788 10.9635 2.1
      vertex 164.841 10.8947 2
      vertex 164.841 10.8947 2.1
    endloop
  endfacet
  facet normal -0.792196 -0.610267 0
    outer loop
      vertex 164.841 10.8947 3
      vertex 164.788 10.9635 13
      vertex 164.788 10.9635 3
    endloop
  endfacet
  facet normal -0.792196 -0.610267 0
    outer loop
      vertex 164.788 10.9635 13
      vertex 164.841 10.8947 3
      vertex 164.841 10.8947 13
    endloop
  endfacet
  facet normal -0.693246 -0.720701 0
    outer loop
      vertex 164.666 11.0889 2
      vertex 164.729 11.0283 2.1
      vertex 164.666 11.0889 2.1
    endloop
  endfacet
  facet normal -0.693246 -0.720701 -0
    outer loop
      vertex 164.729 11.0283 2.1
      vertex 164.666 11.0889 2
      vertex 164.729 11.0283 2
    endloop
  endfacet
  facet normal -0.693246 -0.720701 0
    outer loop
      vertex 164.666 11.0889 3
      vertex 164.729 11.0283 13
      vertex 164.666 11.0889 13
    endloop
  endfacet
  facet normal -0.693246 -0.720701 -0
    outer loop
      vertex 164.729 11.0283 13
      vertex 164.666 11.0889 3
      vertex 164.729 11.0283 3
    endloop
  endfacet
  facet normal -0.739424 -0.673241 0
    outer loop
      vertex 164.788 10.9635 2
      vertex 164.729 11.0283 2.1
      vertex 164.729 11.0283 2
    endloop
  endfacet
  facet normal -0.739424 -0.673241 0
    outer loop
      vertex 164.729 11.0283 2.1
      vertex 164.788 10.9635 2
      vertex 164.788 10.9635 2.1
    endloop
  endfacet
  facet normal -0.739424 -0.673241 0
    outer loop
      vertex 164.788 10.9635 3
      vertex 164.729 11.0283 13
      vertex 164.729 11.0283 3
    endloop
  endfacet
  facet normal -0.739424 -0.673241 0
    outer loop
      vertex 164.729 11.0283 13
      vertex 164.788 10.9635 3
      vertex 164.788 10.9635 13
    endloop
  endfacet
  facet normal 0 -1 0
    outer loop
      vertex 163.786 11.4092 2
      vertex 163.874 11.4092 2.1
      vertex 163.786 11.4092 2.1
    endloop
  endfacet
  facet normal 0 -1 -0
    outer loop
      vertex 163.874 11.4092 2.1
      vertex 163.786 11.4092 2
      vertex 163.874 11.4092 2
    endloop
  endfacet
  facet normal 0 -1 0
    outer loop
      vertex 163.786 11.4092 3
      vertex 163.874 11.4092 13
      vertex 163.786 11.4092 13
    endloop
  endfacet
  facet normal 0 -1 -0
    outer loop
      vertex 163.874 11.4092 13
      vertex 163.786 11.4092 3
      vertex 163.874 11.4092 3
    endloop
  endfacet
  facet normal -0.208272 -0.978071 0
    outer loop
      vertex 164.047 11.391 2
      vertex 164.132 11.3729 2.1
      vertex 164.047 11.391 2.1
    endloop
  endfacet
  facet normal -0.208272 -0.978071 -0
    outer loop
      vertex 164.132 11.3729 2.1
      vertex 164.047 11.391 2
      vertex 164.132 11.3729 2
    endloop
  endfacet
  facet normal -0.208272 -0.978071 0
    outer loop
      vertex 164.047 11.391 3
      vertex 164.132 11.3729 13
      vertex 164.047 11.391 13
    endloop
  endfacet
  facet normal -0.208272 -0.978071 -0
    outer loop
      vertex 164.132 11.3729 13
      vertex 164.047 11.391 3
      vertex 164.132 11.3729 3
    endloop
  endfacet
  facet normal -0.647648 -0.761939 0
    outer loop
      vertex 164.6 11.145 2
      vertex 164.666 11.0889 2.1
      vertex 164.6 11.145 2.1
    endloop
  endfacet
  facet normal -0.647648 -0.761939 -0
    outer loop
      vertex 164.666 11.0889 2.1
      vertex 164.6 11.145 2
      vertex 164.666 11.0889 2
    endloop
  endfacet
  facet normal -0.647648 -0.761939 0
    outer loop
      vertex 164.6 11.145 3
      vertex 164.666 11.0889 13
      vertex 164.6 11.145 13
    endloop
  endfacet
  facet normal -0.647648 -0.761939 -0
    outer loop
      vertex 164.666 11.0889 13
      vertex 164.6 11.145 3
      vertex 164.666 11.0889 3
    endloop
  endfacet
  facet normal 0.994667 -0.103134 0
    outer loop
      vertex 162.583 10.2472 2.1
      vertex 162.592 10.334 2
      vertex 162.592 10.334 2.1
    endloop
  endfacet
  facet normal 0.994667 -0.103134 0
    outer loop
      vertex 162.592 10.334 2
      vertex 162.583 10.2472 2.1
      vertex 162.583 10.2472 2
    endloop
  endfacet
  facet normal 0.994667 -0.103134 0
    outer loop
      vertex 162.583 10.2472 13
      vertex 162.592 10.334 3
      vertex 162.592 10.334 13
    endloop
  endfacet
  facet normal 0.994667 -0.103134 0
    outer loop
      vertex 162.592 10.334 3
      vertex 162.583 10.2472 13
      vertex 162.583 10.2472 3
    endloop
  endfacet
  facet normal 0.970546 -0.240916 0
    outer loop
      vertex 162.607 10.4199 2.1
      vertex 162.628 10.5045 2
      vertex 162.628 10.5045 2.1
    endloop
  endfacet
  facet normal 0.970546 -0.240916 0
    outer loop
      vertex 162.628 10.5045 2
      vertex 162.607 10.4199 2.1
      vertex 162.607 10.4199 2
    endloop
  endfacet
  facet normal 0.970546 -0.240916 0
    outer loop
      vertex 162.607 10.4199 13
      vertex 162.628 10.5045 3
      vertex 162.628 10.5045 13
    endloop
  endfacet
  facet normal 0.970546 -0.240916 0
    outer loop
      vertex 162.628 10.5045 3
      vertex 162.607 10.4199 13
      vertex 162.607 10.4199 3
    endloop
  endfacet
  facet normal 0.864276 -0.503018 0
    outer loop
      vertex 162.726 10.7468 2.1
      vertex 162.77 10.8224 2
      vertex 162.77 10.8224 2.1
    endloop
  endfacet
  facet normal 0.864276 -0.503018 0
    outer loop
      vertex 162.77 10.8224 2
      vertex 162.726 10.7468 2.1
      vertex 162.726 10.7468 2
    endloop
  endfacet
  facet normal 0.864276 -0.503018 0
    outer loop
      vertex 162.726 10.7468 13
      vertex 162.77 10.8224 3
      vertex 162.77 10.8224 13
    endloop
  endfacet
  facet normal 0.864276 -0.503018 0
    outer loop
      vertex 162.77 10.8224 3
      vertex 162.726 10.7468 13
      vertex 162.726 10.7468 3
    endloop
  endfacet
  facet normal 0.827799 -0.561025 0
    outer loop
      vertex 162.77 10.8224 2.1
      vertex 162.819 10.8947 2
      vertex 162.819 10.8947 2.1
    endloop
  endfacet
  facet normal 0.827799 -0.561025 0
    outer loop
      vertex 162.819 10.8947 2
      vertex 162.77 10.8224 2.1
      vertex 162.77 10.8224 2
    endloop
  endfacet
  facet normal 0.827799 -0.561025 0
    outer loop
      vertex 162.77 10.8224 13
      vertex 162.819 10.8947 3
      vertex 162.819 10.8947 13
    endloop
  endfacet
  facet normal 0.827799 -0.561025 0
    outer loop
      vertex 162.819 10.8947 3
      vertex 162.77 10.8224 13
      vertex 162.77 10.8224 3
    endloop
  endfacet
  facet normal 0.275779 -0.961221 0
    outer loop
      vertex 163.444 11.3488 2
      vertex 163.528 11.3729 2.1
      vertex 163.444 11.3488 2.1
    endloop
  endfacet
  facet normal 0.275779 -0.961221 0
    outer loop
      vertex 163.528 11.3729 2.1
      vertex 163.444 11.3488 2
      vertex 163.528 11.3729 2
    endloop
  endfacet
  facet normal 0.275779 -0.961221 0
    outer loop
      vertex 163.444 11.3488 3
      vertex 163.528 11.3729 13
      vertex 163.444 11.3488 13
    endloop
  endfacet
  facet normal 0.275779 -0.961221 0
    outer loop
      vertex 163.528 11.3729 13
      vertex 163.444 11.3488 3
      vertex 163.528 11.3729 3
    endloop
  endfacet
  facet normal 0.140454 -0.990087 0
    outer loop
      vertex 163.613 11.391 2
      vertex 163.699 11.4032 2.1
      vertex 163.613 11.391 2.1
    endloop
  endfacet
  facet normal 0.140454 -0.990087 0
    outer loop
      vertex 163.699 11.4032 2.1
      vertex 163.613 11.391 2
      vertex 163.699 11.4032 2
    endloop
  endfacet
  facet normal 0.140454 -0.990087 0
    outer loop
      vertex 163.613 11.391 3
      vertex 163.699 11.4032 13
      vertex 163.613 11.391 13
    endloop
  endfacet
  facet normal 0.140454 -0.990087 0
    outer loop
      vertex 163.699 11.4032 13
      vertex 163.613 11.391 3
      vertex 163.699 11.4032 3
    endloop
  endfacet
  facet normal 0.529587 -0.848256 0
    outer loop
      vertex 163.131 11.1963 2
      vertex 163.205 11.2425 2.1
      vertex 163.131 11.1963 2.1
    endloop
  endfacet
  facet normal 0.529587 -0.848256 0
    outer loop
      vertex 163.205 11.2425 2.1
      vertex 163.131 11.1963 2
      vertex 163.205 11.2425 2
    endloop
  endfacet
  facet normal 0.529587 -0.848256 0
    outer loop
      vertex 163.131 11.1963 3
      vertex 163.205 11.2425 13
      vertex 163.131 11.1963 13
    endloop
  endfacet
  facet normal 0.529587 -0.848256 0
    outer loop
      vertex 163.205 11.2425 13
      vertex 163.131 11.1963 3
      vertex 163.205 11.2425 3
    endloop
  endfacet
  facet normal 0.585657 -0.810559 0
    outer loop
      vertex 163.06 11.145 2
      vertex 163.131 11.1963 2.1
      vertex 163.06 11.145 2.1
    endloop
  endfacet
  facet normal 0.585657 -0.810559 0
    outer loop
      vertex 163.131 11.1963 2.1
      vertex 163.06 11.145 2
      vertex 163.131 11.1963 2
    endloop
  endfacet
  facet normal 0.585657 -0.810559 0
    outer loop
      vertex 163.06 11.145 3
      vertex 163.131 11.1963 13
      vertex 163.06 11.145 13
    endloop
  endfacet
  facet normal 0.585657 -0.810559 0
    outer loop
      vertex 163.131 11.1963 13
      vertex 163.06 11.145 3
      vertex 163.131 11.1963 3
    endloop
  endfacet
  facet normal 0.405608 -0.914047 0
    outer loop
      vertex 163.282 11.2835 2
      vertex 163.362 11.319 2.1
      vertex 163.282 11.2835 2.1
    endloop
  endfacet
  facet normal 0.405608 -0.914047 0
    outer loop
      vertex 163.362 11.319 2.1
      vertex 163.282 11.2835 2
      vertex 163.362 11.319 2
    endloop
  endfacet
  facet normal 0.405608 -0.914047 0
    outer loop
      vertex 163.282 11.2835 3
      vertex 163.362 11.319 13
      vertex 163.282 11.2835 13
    endloop
  endfacet
  facet normal 0.405608 -0.914047 0
    outer loop
      vertex 163.362 11.319 13
      vertex 163.282 11.2835 3
      vertex 163.362 11.319 3
    endloop
  endfacet
  facet normal -0.999409 -0.0343833 0
    outer loop
      vertex 165.08 10.16 2
      vertex 165.077 10.2472 2.1
      vertex 165.077 10.2472 2
    endloop
  endfacet
  facet normal -0.999409 -0.0343833 0
    outer loop
      vertex 165.077 10.2472 2.1
      vertex 165.08 10.16 2
      vertex 165.08 10.16 2.1
    endloop
  endfacet
  facet normal -0.999409 -0.0343833 0
    outer loop
      vertex 165.08 10.16 3
      vertex 165.077 10.2472 13
      vertex 165.077 10.2472 3
    endloop
  endfacet
  facet normal -0.999409 -0.0343833 0
    outer loop
      vertex 165.077 10.2472 13
      vertex 165.08 10.16 3
      vertex 165.08 10.16 13
    endloop
  endfacet
  facet normal 0.827907 0.560866 0
    outer loop
      vertex 162.819 9.42527 2.1
      vertex 162.77 9.4976 2
      vertex 162.77 9.4976 2.1
    endloop
  endfacet
  facet normal 0.827907 0.560866 0
    outer loop
      vertex 162.77 9.4976 2
      vertex 162.819 9.42527 2.1
      vertex 162.819 9.42527 2
    endloop
  endfacet
  facet normal 0.827907 0.560866 0
    outer loop
      vertex 162.819 9.42527 13
      vertex 162.77 9.4976 3
      vertex 162.77 9.4976 13
    endloop
  endfacet
  facet normal 0.827907 0.560866 0
    outer loop
      vertex 162.77 9.4976 3
      vertex 162.819 9.42527 13
      vertex 162.819 9.42527 3
    endloop
  endfacet
  facet normal -0.899869 -0.436161 0
    outer loop
      vertex 164.972 10.6684 2
      vertex 164.934 10.7468 2.1
      vertex 164.934 10.7468 2
    endloop
  endfacet
  facet normal -0.899869 -0.436161 0
    outer loop
      vertex 164.934 10.7468 2.1
      vertex 164.972 10.6684 2
      vertex 164.972 10.6684 2.1
    endloop
  endfacet
  facet normal -0.899869 -0.436161 0
    outer loop
      vertex 164.972 10.6684 3
      vertex 164.934 10.7468 13
      vertex 164.934 10.7468 3
    endloop
  endfacet
  facet normal -0.899869 -0.436161 0
    outer loop
      vertex 164.934 10.7468 13
      vertex 164.972 10.6684 3
      vertex 164.972 10.6684 13
    endloop
  endfacet
  facet normal -0.827799 -0.561025 0
    outer loop
      vertex 164.89 10.8224 2
      vertex 164.841 10.8947 2.1
      vertex 164.841 10.8947 2
    endloop
  endfacet
  facet normal -0.827799 -0.561025 0
    outer loop
      vertex 164.841 10.8947 2.1
      vertex 164.89 10.8224 2
      vertex 164.89 10.8224 2.1
    endloop
  endfacet
  facet normal -0.827799 -0.561025 0
    outer loop
      vertex 164.89 10.8224 3
      vertex 164.841 10.8947 13
      vertex 164.841 10.8947 3
    endloop
  endfacet
  facet normal -0.827799 -0.561025 0
    outer loop
      vertex 164.841 10.8947 13
      vertex 164.89 10.8224 3
      vertex 164.89 10.8224 13
    endloop
  endfacet
  facet normal -0.275779 -0.961221 0
    outer loop
      vertex 164.132 11.3729 2
      vertex 164.216 11.3488 2.1
      vertex 164.132 11.3729 2.1
    endloop
  endfacet
  facet normal -0.275779 -0.961221 -0
    outer loop
      vertex 164.216 11.3488 2.1
      vertex 164.132 11.3729 2
      vertex 164.216 11.3488 2
    endloop
  endfacet
  facet normal -0.275779 -0.961221 0
    outer loop
      vertex 164.132 11.3729 3
      vertex 164.216 11.3488 13
      vertex 164.132 11.3729 13
    endloop
  endfacet
  facet normal -0.275779 -0.961221 -0
    outer loop
      vertex 164.216 11.3488 13
      vertex 164.132 11.3729 3
      vertex 164.216 11.3488 3
    endloop
  endfacet
  facet normal -0.341559 -0.93986 0
    outer loop
      vertex 164.216 11.3488 2
      vertex 164.298 11.319 2.1
      vertex 164.216 11.3488 2.1
    endloop
  endfacet
  facet normal -0.341559 -0.93986 -0
    outer loop
      vertex 164.298 11.319 2.1
      vertex 164.216 11.3488 2
      vertex 164.298 11.319 2
    endloop
  endfacet
  facet normal -0.341559 -0.93986 0
    outer loop
      vertex 164.216 11.3488 3
      vertex 164.298 11.319 13
      vertex 164.216 11.3488 13
    endloop
  endfacet
  facet normal -0.341559 -0.93986 -0
    outer loop
      vertex 164.298 11.319 13
      vertex 164.216 11.3488 3
      vertex 164.298 11.319 3
    endloop
  endfacet
  facet normal -0.140454 -0.990087 0
    outer loop
      vertex 163.961 11.4032 2
      vertex 164.047 11.391 2.1
      vertex 163.961 11.4032 2.1
    endloop
  endfacet
  facet normal -0.140454 -0.990087 -0
    outer loop
      vertex 164.047 11.391 2.1
      vertex 163.961 11.4032 2
      vertex 164.047 11.391 2
    endloop
  endfacet
  facet normal -0.140454 -0.990087 0
    outer loop
      vertex 163.961 11.4032 3
      vertex 164.047 11.391 13
      vertex 163.961 11.4032 13
    endloop
  endfacet
  facet normal -0.140454 -0.990087 -0
    outer loop
      vertex 164.047 11.391 13
      vertex 163.961 11.4032 3
      vertex 164.047 11.391 3
    endloop
  endfacet
  facet normal -0.0688021 -0.99763 0
    outer loop
      vertex 163.874 11.4092 2
      vertex 163.961 11.4032 2.1
      vertex 163.874 11.4092 2.1
    endloop
  endfacet
  facet normal -0.0688021 -0.99763 -0
    outer loop
      vertex 163.961 11.4032 2.1
      vertex 163.874 11.4092 2
      vertex 163.961 11.4032 2
    endloop
  endfacet
  facet normal -0.0688021 -0.99763 0
    outer loop
      vertex 163.874 11.4092 3
      vertex 163.961 11.4032 13
      vertex 163.874 11.4092 13
    endloop
  endfacet
  facet normal -0.0688021 -0.99763 -0
    outer loop
      vertex 163.961 11.4032 13
      vertex 163.874 11.4092 3
      vertex 163.961 11.4032 3
    endloop
  endfacet
  facet normal -0.529587 -0.848256 0
    outer loop
      vertex 164.455 11.2425 2
      vertex 164.529 11.1963 2.1
      vertex 164.455 11.2425 2.1
    endloop
  endfacet
  facet normal -0.529587 -0.848256 -0
    outer loop
      vertex 164.529 11.1963 2.1
      vertex 164.455 11.2425 2
      vertex 164.529 11.1963 2
    endloop
  endfacet
  facet normal -0.529587 -0.848256 0
    outer loop
      vertex 164.455 11.2425 3
      vertex 164.529 11.1963 13
      vertex 164.455 11.2425 13
    endloop
  endfacet
  facet normal -0.529587 -0.848256 -0
    outer loop
      vertex 164.529 11.1963 13
      vertex 164.455 11.2425 3
      vertex 164.529 11.1963 3
    endloop
  endfacet
  facet normal -0.469993 -0.88267 0
    outer loop
      vertex 164.378 11.2835 2
      vertex 164.455 11.2425 2.1
      vertex 164.378 11.2835 2.1
    endloop
  endfacet
  facet normal -0.469993 -0.88267 -0
    outer loop
      vertex 164.455 11.2425 2.1
      vertex 164.378 11.2835 2
      vertex 164.455 11.2425 2
    endloop
  endfacet
  facet normal -0.469993 -0.88267 0
    outer loop
      vertex 164.378 11.2835 3
      vertex 164.455 11.2425 13
      vertex 164.378 11.2835 13
    endloop
  endfacet
  facet normal -0.469993 -0.88267 -0
    outer loop
      vertex 164.455 11.2425 13
      vertex 164.378 11.2835 3
      vertex 164.455 11.2425 3
    endloop
  endfacet
  facet normal 0.999409 -0.0343833 0
    outer loop
      vertex 162.58 10.16 2.1
      vertex 162.583 10.2472 2
      vertex 162.583 10.2472 2.1
    endloop
  endfacet
  facet normal 0.999409 -0.0343833 0
    outer loop
      vertex 162.583 10.2472 2
      vertex 162.58 10.16 2.1
      vertex 162.58 10.16 2
    endloop
  endfacet
  facet normal 0.999409 -0.0343833 0
    outer loop
      vertex 162.58 10.16 13
      vertex 162.583 10.2472 3
      vertex 162.583 10.2472 13
    endloop
  endfacet
  facet normal 0.999409 -0.0343833 0
    outer loop
      vertex 162.583 10.2472 3
      vertex 162.58 10.16 13
      vertex 162.58 10.16 3
    endloop
  endfacet
  facet normal 0.95095 -0.309345 0
    outer loop
      vertex 162.628 10.5045 2.1
      vertex 162.655 10.5875 2
      vertex 162.655 10.5875 2.1
    endloop
  endfacet
  facet normal 0.95095 -0.309345 0
    outer loop
      vertex 162.655 10.5875 2
      vertex 162.628 10.5045 2.1
      vertex 162.628 10.5045 2
    endloop
  endfacet
  facet normal 0.95095 -0.309345 0
    outer loop
      vertex 162.628 10.5045 13
      vertex 162.655 10.5875 3
      vertex 162.655 10.5875 13
    endloop
  endfacet
  facet normal 0.95095 -0.309345 0
    outer loop
      vertex 162.655 10.5875 3
      vertex 162.628 10.5045 13
      vertex 162.628 10.5045 3
    endloop
  endfacet
  facet normal 0.925929 -0.377697 0
    outer loop
      vertex 162.655 10.5875 2.1
      vertex 162.688 10.6684 2
      vertex 162.688 10.6684 2.1
    endloop
  endfacet
  facet normal 0.925929 -0.377697 0
    outer loop
      vertex 162.688 10.6684 2
      vertex 162.655 10.5875 2.1
      vertex 162.655 10.5875 2
    endloop
  endfacet
  facet normal 0.925929 -0.377697 0
    outer loop
      vertex 162.655 10.5875 13
      vertex 162.688 10.6684 3
      vertex 162.688 10.6684 13
    endloop
  endfacet
  facet normal 0.925929 -0.377697 0
    outer loop
      vertex 162.688 10.6684 3
      vertex 162.655 10.5875 13
      vertex 162.655 10.5875 3
    endloop
  endfacet
  facet normal 0.792196 -0.610267 0
    outer loop
      vertex 162.819 10.8947 2.1
      vertex 162.872 10.9635 2
      vertex 162.872 10.9635 2.1
    endloop
  endfacet
  facet normal 0.792196 -0.610267 0
    outer loop
      vertex 162.872 10.9635 2
      vertex 162.819 10.8947 2.1
      vertex 162.819 10.8947 2
    endloop
  endfacet
  facet normal 0.792196 -0.610267 0
    outer loop
      vertex 162.819 10.8947 13
      vertex 162.872 10.9635 3
      vertex 162.872 10.9635 13
    endloop
  endfacet
  facet normal 0.792196 -0.610267 0
    outer loop
      vertex 162.872 10.9635 3
      vertex 162.819 10.8947 13
      vertex 162.819 10.8947 3
    endloop
  endfacet
  facet normal 0.0688021 -0.99763 0
    outer loop
      vertex 163.699 11.4032 2
      vertex 163.786 11.4092 2.1
      vertex 163.699 11.4032 2.1
    endloop
  endfacet
  facet normal 0.0688021 -0.99763 0
    outer loop
      vertex 163.786 11.4092 2.1
      vertex 163.699 11.4032 2
      vertex 163.786 11.4092 2
    endloop
  endfacet
  facet normal 0.0688021 -0.99763 0
    outer loop
      vertex 163.699 11.4032 3
      vertex 163.786 11.4092 13
      vertex 163.699 11.4032 13
    endloop
  endfacet
  facet normal 0.0688021 -0.99763 0
    outer loop
      vertex 163.786 11.4092 13
      vertex 163.699 11.4032 3
      vertex 163.786 11.4092 3
    endloop
  endfacet
  facet normal 0.469993 -0.88267 0
    outer loop
      vertex 163.205 11.2425 2
      vertex 163.282 11.2835 2.1
      vertex 163.205 11.2425 2.1
    endloop
  endfacet
  facet normal 0.469993 -0.88267 0
    outer loop
      vertex 163.282 11.2835 2.1
      vertex 163.205 11.2425 2
      vertex 163.282 11.2835 2
    endloop
  endfacet
  facet normal 0.469993 -0.88267 0
    outer loop
      vertex 163.205 11.2425 3
      vertex 163.282 11.2835 13
      vertex 163.205 11.2425 13
    endloop
  endfacet
  facet normal 0.469993 -0.88267 0
    outer loop
      vertex 163.282 11.2835 13
      vertex 163.205 11.2425 3
      vertex 163.282 11.2835 3
    endloop
  endfacet
  facet normal 0.647648 -0.761939 0
    outer loop
      vertex 162.994 11.0889 2
      vertex 163.06 11.145 2.1
      vertex 162.994 11.0889 2.1
    endloop
  endfacet
  facet normal 0.647648 -0.761939 0
    outer loop
      vertex 163.06 11.145 2.1
      vertex 162.994 11.0889 2
      vertex 163.06 11.145 2
    endloop
  endfacet
  facet normal 0.647648 -0.761939 0
    outer loop
      vertex 162.994 11.0889 3
      vertex 163.06 11.145 13
      vertex 162.994 11.0889 13
    endloop
  endfacet
  facet normal 0.647648 -0.761939 0
    outer loop
      vertex 163.06 11.145 13
      vertex 162.994 11.0889 3
      vertex 163.06 11.145 3
    endloop
  endfacet
  facet normal 0.693246 -0.720701 0
    outer loop
      vertex 162.931 11.0283 2
      vertex 162.994 11.0889 2.1
      vertex 162.931 11.0283 2.1
    endloop
  endfacet
  facet normal 0.693246 -0.720701 0
    outer loop
      vertex 162.994 11.0889 2.1
      vertex 162.931 11.0283 2
      vertex 162.994 11.0889 2
    endloop
  endfacet
  facet normal 0.693246 -0.720701 0
    outer loop
      vertex 162.931 11.0283 3
      vertex 162.994 11.0889 13
      vertex 162.931 11.0283 13
    endloop
  endfacet
  facet normal 0.693246 -0.720701 0
    outer loop
      vertex 162.994 11.0889 13
      vertex 162.931 11.0283 3
      vertex 162.994 11.0889 3
    endloop
  endfacet
  facet normal -0.999409 0.0343833 0
    outer loop
      vertex 165.077 10.0728 2
      vertex 165.08 10.16 2.1
      vertex 165.08 10.16 2
    endloop
  endfacet
  facet normal -0.999409 0.0343833 0
    outer loop
      vertex 165.08 10.16 2.1
      vertex 165.077 10.0728 2
      vertex 165.077 10.0728 2.1
    endloop
  endfacet
  facet normal -0.999409 0.0343833 0
    outer loop
      vertex 165.077 10.0728 3
      vertex 165.08 10.16 13
      vertex 165.08 10.16 3
    endloop
  endfacet
  facet normal -0.999409 0.0343833 0
    outer loop
      vertex 165.08 10.16 13
      vertex 165.077 10.0728 3
      vertex 165.077 10.0728 13
    endloop
  endfacet
  facet normal -0.9851 0.17198 0
    outer loop
      vertex 165.053 9.90011 2
      vertex 165.068 9.98603 2.1
      vertex 165.068 9.98603 2
    endloop
  endfacet
  facet normal -0.9851 0.17198 0
    outer loop
      vertex 165.068 9.98603 2.1
      vertex 165.053 9.90011 2
      vertex 165.053 9.90011 2.1
    endloop
  endfacet
  facet normal -0.9851 0.17198 0
    outer loop
      vertex 165.053 9.90011 3
      vertex 165.068 9.98603 13
      vertex 165.068 9.98603 3
    endloop
  endfacet
  facet normal -0.9851 0.17198 0
    outer loop
      vertex 165.068 9.98603 13
      vertex 165.053 9.90011 3
      vertex 165.053 9.90011 13
    endloop
  endfacet
  facet normal -0.925929 0.377697 0
    outer loop
      vertex 164.972 9.65158 2
      vertex 165.005 9.73248 2.1
      vertex 165.005 9.73248 2
    endloop
  endfacet
  facet normal -0.925929 0.377697 0
    outer loop
      vertex 165.005 9.73248 2.1
      vertex 164.972 9.65158 2
      vertex 164.972 9.65158 2.1
    endloop
  endfacet
  facet normal -0.925929 0.377697 0
    outer loop
      vertex 164.972 9.65158 3
      vertex 165.005 9.73248 13
      vertex 165.005 9.73248 3
    endloop
  endfacet
  facet normal -0.925929 0.377697 0
    outer loop
      vertex 165.005 9.73248 13
      vertex 164.972 9.65158 3
      vertex 164.972 9.65158 13
    endloop
  endfacet
  facet normal -0.585582 0.810613 0
    outer loop
      vertex 164.6 9.17499 2
      vertex 164.529 9.1237 2.1
      vertex 164.6 9.17499 2.1
    endloop
  endfacet
  facet normal -0.585582 0.810613 0
    outer loop
      vertex 164.529 9.1237 2.1
      vertex 164.6 9.17499 2
      vertex 164.529 9.1237 2
    endloop
  endfacet
  facet normal -0.585582 0.810613 0
    outer loop
      vertex 164.6 9.17499 3
      vertex 164.529 9.1237 13
      vertex 164.6 9.17499 13
    endloop
  endfacet
  facet normal -0.585582 0.810613 0
    outer loop
      vertex 164.529 9.1237 13
      vertex 164.6 9.17499 3
      vertex 164.529 9.1237 3
    endloop
  endfacet
  facet normal -0.73963 0.673013 0
    outer loop
      vertex 164.729 9.29168 2
      vertex 164.788 9.35652 2.1
      vertex 164.788 9.35652 2
    endloop
  endfacet
  facet normal -0.73963 0.673013 0
    outer loop
      vertex 164.788 9.35652 2.1
      vertex 164.729 9.29168 2
      vertex 164.729 9.29168 2.1
    endloop
  endfacet
  facet normal -0.73963 0.673013 0
    outer loop
      vertex 164.729 9.29168 3
      vertex 164.788 9.35652 13
      vertex 164.788 9.35652 3
    endloop
  endfacet
  facet normal -0.73963 0.673013 0
    outer loop
      vertex 164.788 9.35652 13
      vertex 164.729 9.29168 3
      vertex 164.729 9.29168 13
    endloop
  endfacet
  facet normal 0 1 -0
    outer loop
      vertex 163.874 8.91076 2
      vertex 163.786 8.91076 2.1
      vertex 163.874 8.91076 2.1
    endloop
  endfacet
  facet normal 0 1 0
    outer loop
      vertex 163.786 8.91076 2.1
      vertex 163.874 8.91076 2
      vertex 163.786 8.91076 2
    endloop
  endfacet
  facet normal 0 1 -0
    outer loop
      vertex 163.874 8.91076 3
      vertex 163.786 8.91076 13
      vertex 163.874 8.91076 13
    endloop
  endfacet
  facet normal 0 1 0
    outer loop
      vertex 163.786 8.91076 13
      vertex 163.874 8.91076 3
      vertex 163.786 8.91076 3
    endloop
  endfacet
  facet normal 0.9851 0.17198 0
    outer loop
      vertex 162.607 9.90011 2.1
      vertex 162.592 9.98603 2
      vertex 162.592 9.98603 2.1
    endloop
  endfacet
  facet normal 0.9851 0.17198 0
    outer loop
      vertex 162.592 9.98603 2
      vertex 162.607 9.90011 2.1
      vertex 162.607 9.90011 2
    endloop
  endfacet
  facet normal 0.9851 0.17198 0
    outer loop
      vertex 162.607 9.90011 13
      vertex 162.592 9.98603 3
      vertex 162.592 9.98603 13
    endloop
  endfacet
  facet normal 0.9851 0.17198 0
    outer loop
      vertex 162.592 9.98603 3
      vertex 162.607 9.90011 13
      vertex 162.607 9.90011 3
    endloop
  endfacet
  facet normal 0.925929 0.377697 0
    outer loop
      vertex 162.688 9.65158 2.1
      vertex 162.655 9.73248 2
      vertex 162.655 9.73248 2.1
    endloop
  endfacet
  facet normal 0.925929 0.377697 0
    outer loop
      vertex 162.655 9.73248 2
      vertex 162.688 9.65158 2.1
      vertex 162.688 9.65158 2
    endloop
  endfacet
  facet normal 0.925929 0.377697 0
    outer loop
      vertex 162.688 9.65158 13
      vertex 162.655 9.73248 3
      vertex 162.655 9.73248 13
    endloop
  endfacet
  facet normal 0.925929 0.377697 0
    outer loop
      vertex 162.655 9.73248 3
      vertex 162.688 9.65158 13
      vertex 162.688 9.65158 3
    endloop
  endfacet
  facet normal 0.970586 0.240755 0
    outer loop
      vertex 162.628 9.81545 2.1
      vertex 162.607 9.90011 2
      vertex 162.607 9.90011 2.1
    endloop
  endfacet
  facet normal 0.970586 0.240755 0
    outer loop
      vertex 162.607 9.90011 2
      vertex 162.628 9.81545 2.1
      vertex 162.628 9.81545 2
    endloop
  endfacet
  facet normal 0.970586 0.240755 0
    outer loop
      vertex 162.628 9.81545 13
      vertex 162.607 9.90011 3
      vertex 162.607 9.90011 13
    endloop
  endfacet
  facet normal 0.970586 0.240755 0
    outer loop
      vertex 162.607 9.90011 3
      vertex 162.628 9.81545 13
      vertex 162.628 9.81545 3
    endloop
  endfacet
  facet normal 0.73963 0.673013 0
    outer loop
      vertex 162.931 9.29168 2.1
      vertex 162.872 9.35652 2
      vertex 162.872 9.35652 2.1
    endloop
  endfacet
  facet normal 0.73963 0.673013 0
    outer loop
      vertex 162.872 9.35652 2
      vertex 162.931 9.29168 2.1
      vertex 162.931 9.29168 2
    endloop
  endfacet
  facet normal 0.73963 0.673013 0
    outer loop
      vertex 162.931 9.29168 13
      vertex 162.872 9.35652 3
      vertex 162.872 9.35652 13
    endloop
  endfacet
  facet normal 0.73963 0.673013 0
    outer loop
      vertex 162.872 9.35652 3
      vertex 162.931 9.29168 13
      vertex 162.931 9.29168 3
    endloop
  endfacet
  facet normal -0.27525 0.961373 0
    outer loop
      vertex 164.216 8.97118 2
      vertex 164.132 8.94713 2.1
      vertex 164.216 8.97118 2.1
    endloop
  endfacet
  facet normal -0.27525 0.961373 0
    outer loop
      vertex 164.132 8.94713 2.1
      vertex 164.216 8.97118 2
      vertex 164.132 8.94713 2
    endloop
  endfacet
  facet normal -0.27525 0.961373 0
    outer loop
      vertex 164.216 8.97118 3
      vertex 164.132 8.94713 13
      vertex 164.216 8.97118 13
    endloop
  endfacet
  facet normal -0.27525 0.961373 0
    outer loop
      vertex 164.132 8.94713 13
      vertex 164.216 8.97118 3
      vertex 164.132 8.94713 3
    endloop
  endfacet
  facet normal -0.208712 0.977977 0
    outer loop
      vertex 164.132 8.94713 2
      vertex 164.047 8.92899 2.1
      vertex 164.132 8.94713 2.1
    endloop
  endfacet
  facet normal -0.208712 0.977977 0
    outer loop
      vertex 164.047 8.92899 2.1
      vertex 164.132 8.94713 2
      vertex 164.047 8.92899 2
    endloop
  endfacet
  facet normal -0.208712 0.977977 0
    outer loop
      vertex 164.132 8.94713 3
      vertex 164.047 8.92899 13
      vertex 164.132 8.94713 13
    endloop
  endfacet
  facet normal -0.208712 0.977977 0
    outer loop
      vertex 164.047 8.92899 13
      vertex 164.132 8.94713 3
      vertex 164.047 8.92899 3
    endloop
  endfacet
  facet normal -0.341964 0.939713 0
    outer loop
      vertex 164.298 9.00102 2
      vertex 164.216 8.97118 2.1
      vertex 164.298 9.00102 2.1
    endloop
  endfacet
  facet normal -0.341964 0.939713 0
    outer loop
      vertex 164.216 8.97118 2.1
      vertex 164.298 9.00102 2
      vertex 164.216 8.97118 2
    endloop
  endfacet
  facet normal -0.341964 0.939713 0
    outer loop
      vertex 164.298 9.00102 3
      vertex 164.216 8.97118 13
      vertex 164.298 9.00102 13
    endloop
  endfacet
  facet normal -0.341964 0.939713 0
    outer loop
      vertex 164.216 8.97118 13
      vertex 164.298 9.00102 3
      vertex 164.216 8.97118 3
    endloop
  endfacet
  facet normal -0.985094 -0.172019 0
    outer loop
      vertex 165.068 10.334 2
      vertex 165.053 10.4199 2.1
      vertex 165.053 10.4199 2
    endloop
  endfacet
  facet normal -0.985094 -0.172019 0
    outer loop
      vertex 165.053 10.4199 2.1
      vertex 165.068 10.334 2
      vertex 165.068 10.334 2.1
    endloop
  endfacet
  facet normal -0.985094 -0.172019 0
    outer loop
      vertex 165.068 10.334 3
      vertex 165.053 10.4199 13
      vertex 165.053 10.4199 3
    endloop
  endfacet
  facet normal -0.985094 -0.172019 0
    outer loop
      vertex 165.053 10.4199 13
      vertex 165.068 10.334 3
      vertex 165.068 10.334 13
    endloop
  endfacet
  facet normal -0.925929 -0.377697 0
    outer loop
      vertex 165.005 10.5875 2
      vertex 164.972 10.6684 2.1
      vertex 164.972 10.6684 2
    endloop
  endfacet
  facet normal -0.925929 -0.377697 0
    outer loop
      vertex 164.972 10.6684 2.1
      vertex 165.005 10.5875 2
      vertex 165.005 10.5875 2.1
    endloop
  endfacet
  facet normal -0.925929 -0.377697 0
    outer loop
      vertex 165.005 10.5875 3
      vertex 164.972 10.6684 13
      vertex 164.972 10.6684 3
    endloop
  endfacet
  facet normal -0.925929 -0.377697 0
    outer loop
      vertex 164.972 10.6684 13
      vertex 165.005 10.5875 3
      vertex 165.005 10.5875 13
    endloop
  endfacet
  facet normal -0.970586 0.240755 0
    outer loop
      vertex 165.032 9.81545 2
      vertex 165.053 9.90011 2.1
      vertex 165.053 9.90011 2
    endloop
  endfacet
  facet normal -0.970586 0.240755 0
    outer loop
      vertex 165.053 9.90011 2.1
      vertex 165.032 9.81545 2
      vertex 165.032 9.81545 2.1
    endloop
  endfacet
  facet normal -0.970586 0.240755 0
    outer loop
      vertex 165.032 9.81545 3
      vertex 165.053 9.90011 13
      vertex 165.053 9.90011 3
    endloop
  endfacet
  facet normal -0.970586 0.240755 0
    outer loop
      vertex 165.053 9.90011 13
      vertex 165.032 9.81545 3
      vertex 165.032 9.81545 13
    endloop
  endfacet
  facet normal -0.86416 0.503217 0
    outer loop
      vertex 164.89 9.4976 2
      vertex 164.934 9.57316 2.1
      vertex 164.934 9.57316 2
    endloop
  endfacet
  facet normal -0.86416 0.503217 0
    outer loop
      vertex 164.934 9.57316 2.1
      vertex 164.89 9.4976 2
      vertex 164.89 9.4976 2.1
    endloop
  endfacet
  facet normal -0.86416 0.503217 0
    outer loop
      vertex 164.89 9.4976 3
      vertex 164.934 9.57316 13
      vertex 164.934 9.57316 3
    endloop
  endfacet
  facet normal -0.86416 0.503217 0
    outer loop
      vertex 164.934 9.57316 13
      vertex 164.89 9.4976 3
      vertex 164.89 9.4976 13
    endloop
  endfacet
  facet normal -0.899912 0.436071 0
    outer loop
      vertex 164.934 9.57316 2
      vertex 164.972 9.65158 2.1
      vertex 164.972 9.65158 2
    endloop
  endfacet
  facet normal -0.899912 0.436071 0
    outer loop
      vertex 164.972 9.65158 2.1
      vertex 164.934 9.57316 2
      vertex 164.934 9.57316 2.1
    endloop
  endfacet
  facet normal -0.899912 0.436071 0
    outer loop
      vertex 164.934 9.57316 3
      vertex 164.972 9.65158 13
      vertex 164.972 9.65158 3
    endloop
  endfacet
  facet normal -0.899912 0.436071 0
    outer loop
      vertex 164.972 9.65158 13
      vertex 164.934 9.57316 3
      vertex 164.934 9.57316 13
    endloop
  endfacet
  facet normal -0.529834 0.848101 0
    outer loop
      vertex 164.529 9.1237 2
      vertex 164.455 9.07747 2.1
      vertex 164.529 9.1237 2.1
    endloop
  endfacet
  facet normal -0.529834 0.848101 0
    outer loop
      vertex 164.455 9.07747 2.1
      vertex 164.529 9.1237 2
      vertex 164.455 9.07747 2
    endloop
  endfacet
  facet normal -0.529834 0.848101 0
    outer loop
      vertex 164.529 9.1237 3
      vertex 164.455 9.07747 13
      vertex 164.529 9.1237 13
    endloop
  endfacet
  facet normal -0.529834 0.848101 0
    outer loop
      vertex 164.455 9.07747 13
      vertex 164.529 9.1237 3
      vertex 164.455 9.07747 3
    endloop
  endfacet
  facet normal -0.791981 0.610545 0
    outer loop
      vertex 164.788 9.35652 2
      vertex 164.841 9.42527 2.1
      vertex 164.841 9.42527 2
    endloop
  endfacet
  facet normal -0.791981 0.610545 0
    outer loop
      vertex 164.841 9.42527 2.1
      vertex 164.788 9.35652 2
      vertex 164.788 9.35652 2.1
    endloop
  endfacet
  facet normal -0.791981 0.610545 0
    outer loop
      vertex 164.788 9.35652 3
      vertex 164.841 9.42527 13
      vertex 164.841 9.42527 3
    endloop
  endfacet
  facet normal -0.791981 0.610545 0
    outer loop
      vertex 164.841 9.42527 13
      vertex 164.788 9.35652 3
      vertex 164.788 9.35652 13
    endloop
  endfacet
  facet normal -0.827907 0.560866 0
    outer loop
      vertex 164.841 9.42527 2
      vertex 164.89 9.4976 2.1
      vertex 164.89 9.4976 2
    endloop
  endfacet
  facet normal -0.827907 0.560866 0
    outer loop
      vertex 164.89 9.4976 2.1
      vertex 164.841 9.42527 2
      vertex 164.841 9.42527 2.1
    endloop
  endfacet
  facet normal -0.827907 0.560866 0
    outer loop
      vertex 164.841 9.42527 3
      vertex 164.89 9.4976 13
      vertex 164.89 9.4976 3
    endloop
  endfacet
  facet normal -0.827907 0.560866 0
    outer loop
      vertex 164.89 9.4976 13
      vertex 164.841 9.42527 3
      vertex 164.841 9.42527 13
    endloop
  endfacet
  facet normal 0.27525 0.961373 -0
    outer loop
      vertex 163.528 8.94713 2
      vertex 163.444 8.97118 2.1
      vertex 163.528 8.94713 2.1
    endloop
  endfacet
  facet normal 0.27525 0.961373 0
    outer loop
      vertex 163.444 8.97118 2.1
      vertex 163.528 8.94713 2
      vertex 163.444 8.97118 2
    endloop
  endfacet
  facet normal 0.27525 0.961373 -0
    outer loop
      vertex 163.528 8.94713 3
      vertex 163.444 8.97118 13
      vertex 163.528 8.94713 13
    endloop
  endfacet
  facet normal 0.27525 0.961373 0
    outer loop
      vertex 163.444 8.97118 13
      vertex 163.528 8.94713 3
      vertex 163.444 8.97118 3
    endloop
  endfacet
  facet normal 0.999409 0.0343833 0
    outer loop
      vertex 162.583 10.0728 2.1
      vertex 162.58 10.16 2
      vertex 162.58 10.16 2.1
    endloop
  endfacet
  facet normal 0.999409 0.0343833 0
    outer loop
      vertex 162.58 10.16 2
      vertex 162.583 10.0728 2.1
      vertex 162.583 10.0728 2
    endloop
  endfacet
  facet normal 0.999409 0.0343833 0
    outer loop
      vertex 162.583 10.0728 13
      vertex 162.58 10.16 3
      vertex 162.58 10.16 13
    endloop
  endfacet
  facet normal 0.999409 0.0343833 0
    outer loop
      vertex 162.58 10.16 3
      vertex 162.583 10.0728 13
      vertex 162.583 10.0728 3
    endloop
  endfacet
  facet normal 0.950917 0.309446 0
    outer loop
      vertex 162.655 9.73248 2.1
      vertex 162.628 9.81545 2
      vertex 162.628 9.81545 2.1
    endloop
  endfacet
  facet normal 0.950917 0.309446 0
    outer loop
      vertex 162.628 9.81545 2
      vertex 162.655 9.73248 2.1
      vertex 162.655 9.73248 2
    endloop
  endfacet
  facet normal 0.950917 0.309446 0
    outer loop
      vertex 162.655 9.73248 13
      vertex 162.628 9.81545 3
      vertex 162.628 9.81545 13
    endloop
  endfacet
  facet normal 0.950917 0.309446 0
    outer loop
      vertex 162.628 9.81545 3
      vertex 162.655 9.73248 13
      vertex 162.655 9.73248 3
    endloop
  endfacet
  facet normal 0 0 1
    outer loop
      vertex 165.077 10.2472 2
      vertex 165.077 10.0728 2
      vertex 165.08 10.16 2
    endloop
  endfacet
  facet normal 0 0 1
    outer loop
      vertex 165.068 10.334 2
      vertex 165.077 10.0728 2
      vertex 165.077 10.2472 2
    endloop
  endfacet
  facet normal 0 0 1
    outer loop
      vertex 165.068 10.334 2
      vertex 165.068 9.98603 2
      vertex 165.077 10.0728 2
    endloop
  endfacet
  facet normal 0 0 1
    outer loop
      vertex 165.053 10.4199 2
      vertex 165.068 9.98603 2
      vertex 165.068 10.334 2
    endloop
  endfacet
  facet normal 0 0 1
    outer loop
      vertex 165.053 10.4199 2
      vertex 165.053 9.90011 2
      vertex 165.068 9.98603 2
    endloop
  endfacet
  facet normal 0 0 1
    outer loop
      vertex 165.032 10.5045 2
      vertex 165.053 9.90011 2
      vertex 165.053 10.4199 2
    endloop
  endfacet
  facet normal 0 0 1
    outer loop
      vertex 165.032 10.5045 2
      vertex 165.032 9.81545 2
      vertex 165.053 9.90011 2
    endloop
  endfacet
  facet normal 0 0 1
    outer loop
      vertex 165.005 10.5875 2
      vertex 165.032 9.81545 2
      vertex 165.032 10.5045 2
    endloop
  endfacet
  facet normal 0 0 1
    outer loop
      vertex 165.005 10.5875 2
      vertex 165.005 9.73248 2
      vertex 165.032 9.81545 2
    endloop
  endfacet
  facet normal 0 0 1
    outer loop
      vertex 164.972 10.6684 2
      vertex 165.005 9.73248 2
      vertex 165.005 10.5875 2
    endloop
  endfacet
  facet normal 0 0 1
    outer loop
      vertex 164.972 10.6684 2
      vertex 164.972 9.65158 2
      vertex 165.005 9.73248 2
    endloop
  endfacet
  facet normal 0 0 1
    outer loop
      vertex 164.934 10.7468 2
      vertex 164.972 9.65158 2
      vertex 164.972 10.6684 2
    endloop
  endfacet
  facet normal 0 0 1
    outer loop
      vertex 164.934 10.7468 2
      vertex 164.934 9.57316 2
      vertex 164.972 9.65158 2
    endloop
  endfacet
  facet normal 0 0 1
    outer loop
      vertex 164.89 10.8224 2
      vertex 164.934 9.57316 2
      vertex 164.934 10.7468 2
    endloop
  endfacet
  facet normal 0 0 1
    outer loop
      vertex 164.89 10.8224 2
      vertex 164.89 9.4976 2
      vertex 164.934 9.57316 2
    endloop
  endfacet
  facet normal 0 0 1
    outer loop
      vertex 164.841 10.8947 2
      vertex 164.89 9.4976 2
      vertex 164.89 10.8224 2
    endloop
  endfacet
  facet normal 0 0 1
    outer loop
      vertex 164.841 10.8947 2
      vertex 164.841 9.42527 2
      vertex 164.89 9.4976 2
    endloop
  endfacet
  facet normal 0 0 1
    outer loop
      vertex 164.788 10.9635 2
      vertex 164.841 9.42527 2
      vertex 164.841 10.8947 2
    endloop
  endfacet
  facet normal 0 0 1
    outer loop
      vertex 164.788 10.9635 2
      vertex 164.788 9.35652 2
      vertex 164.841 9.42527 2
    endloop
  endfacet
  facet normal 0 0 1
    outer loop
      vertex 164.729 11.0283 2
      vertex 164.788 9.35652 2
      vertex 164.788 10.9635 2
    endloop
  endfacet
  facet normal 0 0 1
    outer loop
      vertex 164.729 11.0283 2
      vertex 164.729 9.29168 2
      vertex 164.788 9.35652 2
    endloop
  endfacet
  facet normal 0 0 1
    outer loop
      vertex 164.666 11.0889 2
      vertex 164.729 9.29168 2
      vertex 164.729 11.0283 2
    endloop
  endfacet
  facet normal 0 0 1
    outer loop
      vertex 164.666 11.0889 2
      vertex 164.666 9.23107 2
      vertex 164.729 9.29168 2
    endloop
  endfacet
  facet normal 0 0 1
    outer loop
      vertex 164.6 11.145 2
      vertex 164.666 9.23107 2
      vertex 164.666 11.0889 2
    endloop
  endfacet
  facet normal 0 0 1
    outer loop
      vertex 164.6 11.145 2
      vertex 164.6 9.17499 2
      vertex 164.666 9.23107 2
    endloop
  endfacet
  facet normal 0 0 1
    outer loop
      vertex 164.529 11.1963 2
      vertex 164.6 9.17499 2
      vertex 164.6 11.145 2
    endloop
  endfacet
  facet normal 0 0 1
    outer loop
      vertex 164.529 11.1963 2
      vertex 164.529 9.1237 2
      vertex 164.6 9.17499 2
    endloop
  endfacet
  facet normal 0 0 1
    outer loop
      vertex 164.455 11.2425 2
      vertex 164.529 9.1237 2
      vertex 164.529 11.1963 2
    endloop
  endfacet
  facet normal 0 0 1
    outer loop
      vertex 164.455 11.2425 2
      vertex 164.455 9.07747 2
      vertex 164.529 9.1237 2
    endloop
  endfacet
  facet normal 0 0 1
    outer loop
      vertex 164.378 11.2835 2
      vertex 164.455 9.07747 2
      vertex 164.455 11.2425 2
    endloop
  endfacet
  facet normal 0 0 1
    outer loop
      vertex 164.378 11.2835 2
      vertex 164.378 9.03651 2
      vertex 164.455 9.07747 2
    endloop
  endfacet
  facet normal 0 0 1
    outer loop
      vertex 164.298 11.319 2
      vertex 164.378 9.03651 2
      vertex 164.378 11.2835 2
    endloop
  endfacet
  facet normal 0 0 1
    outer loop
      vertex 164.298 11.319 2
      vertex 164.298 9.00102 2
      vertex 164.378 9.03651 2
    endloop
  endfacet
  facet normal 0 0 1
    outer loop
      vertex 164.216 11.3488 2
      vertex 164.298 9.00102 2
      vertex 164.298 11.319 2
    endloop
  endfacet
  facet normal 0 0 1
    outer loop
      vertex 164.216 11.3488 2
      vertex 164.216 8.97118 2
      vertex 164.298 9.00102 2
    endloop
  endfacet
  facet normal 0 0 1
    outer loop
      vertex 164.132 11.3729 2
      vertex 164.216 8.97118 2
      vertex 164.216 11.3488 2
    endloop
  endfacet
  facet normal 0 0 1
    outer loop
      vertex 164.132 11.3729 2
      vertex 164.132 8.94713 2
      vertex 164.216 8.97118 2
    endloop
  endfacet
  facet normal 0 0 1
    outer loop
      vertex 164.047 11.391 2
      vertex 164.132 8.94713 2
      vertex 164.132 11.3729 2
    endloop
  endfacet
  facet normal 0 0 1
    outer loop
      vertex 164.047 11.391 2
      vertex 164.047 8.92899 2
      vertex 164.132 8.94713 2
    endloop
  endfacet
  facet normal 0 0 1
    outer loop
      vertex 163.961 11.4032 2
      vertex 164.047 8.92899 2
      vertex 164.047 11.391 2
    endloop
  endfacet
  facet normal 0 0 1
    outer loop
      vertex 163.961 11.4032 2
      vertex 163.961 8.91685 2
      vertex 164.047 8.92899 2
    endloop
  endfacet
  facet normal 0 0 1
    outer loop
      vertex 163.874 11.4092 2
      vertex 163.961 8.91685 2
      vertex 163.961 11.4032 2
    endloop
  endfacet
  facet normal 0 0 1
    outer loop
      vertex 163.874 11.4092 2
      vertex 163.874 8.91076 2
      vertex 163.961 8.91685 2
    endloop
  endfacet
  facet normal -0 0 1
    outer loop
      vertex 163.786 11.4092 2
      vertex 163.874 8.91076 2
      vertex 163.874 11.4092 2
    endloop
  endfacet
  facet normal 0 0 1
    outer loop
      vertex 163.786 11.4092 2
      vertex 163.786 8.91076 2
      vertex 163.874 8.91076 2
    endloop
  endfacet
  facet normal -0 0 1
    outer loop
      vertex 163.699 11.4032 2
      vertex 163.786 8.91076 2
      vertex 163.786 11.4092 2
    endloop
  endfacet
  facet normal 0 0 1
    outer loop
      vertex 163.699 11.4032 2
      vertex 163.699 8.91685 2
      vertex 163.786 8.91076 2
    endloop
  endfacet
  facet normal -0 0 1
    outer loop
      vertex 163.613 11.391 2
      vertex 163.699 8.91685 2
      vertex 163.699 11.4032 2
    endloop
  endfacet
  facet normal 0 0 1
    outer loop
      vertex 163.613 11.391 2
      vertex 163.613 8.92899 2
      vertex 163.699 8.91685 2
    endloop
  endfacet
  facet normal -0 0 1
    outer loop
      vertex 163.528 11.3729 2
      vertex 163.613 8.92899 2
      vertex 163.613 11.391 2
    endloop
  endfacet
  facet normal 0 0 1
    outer loop
      vertex 163.528 11.3729 2
      vertex 163.528 8.94713 2
      vertex 163.613 8.92899 2
    endloop
  endfacet
  facet normal -0 0 1
    outer loop
      vertex 163.444 11.3488 2
      vertex 163.528 8.94713 2
      vertex 163.528 11.3729 2
    endloop
  endfacet
  facet normal 0 0 1
    outer loop
      vertex 163.444 11.3488 2
      vertex 163.444 8.97118 2
      vertex 163.528 8.94713 2
    endloop
  endfacet
  facet normal -0 0 1
    outer loop
      vertex 163.362 11.319 2
      vertex 163.444 8.97118 2
      vertex 163.444 11.3488 2
    endloop
  endfacet
  facet normal 0 0 1
    outer loop
      vertex 163.362 11.319 2
      vertex 163.362 9.00102 2
      vertex 163.444 8.97118 2
    endloop
  endfacet
  facet normal -0 0 1
    outer loop
      vertex 163.282 11.2835 2
      vertex 163.362 9.00102 2
      vertex 163.362 11.319 2
    endloop
  endfacet
  facet normal 0 0 1
    outer loop
      vertex 163.282 11.2835 2
      vertex 163.282 9.03651 2
      vertex 163.362 9.00102 2
    endloop
  endfacet
  facet normal -0 0 1
    outer loop
      vertex 163.205 11.2425 2
      vertex 163.282 9.03651 2
      vertex 163.282 11.2835 2
    endloop
  endfacet
  facet normal 0 0 1
    outer loop
      vertex 163.205 11.2425 2
      vertex 163.205 9.07747 2
      vertex 163.282 9.03651 2
    endloop
  endfacet
  facet normal -0 0 1
    outer loop
      vertex 163.131 11.1963 2
      vertex 163.205 9.07747 2
      vertex 163.205 11.2425 2
    endloop
  endfacet
  facet normal 0 0 1
    outer loop
      vertex 163.131 11.1963 2
      vertex 163.131 9.1237 2
      vertex 163.205 9.07747 2
    endloop
  endfacet
  facet normal -0 0 1
    outer loop
      vertex 163.06 11.145 2
      vertex 163.131 9.1237 2
      vertex 163.131 11.1963 2
    endloop
  endfacet
  facet normal 0 0 1
    outer loop
      vertex 163.06 11.145 2
      vertex 163.06 9.17499 2
      vertex 163.131 9.1237 2
    endloop
  endfacet
  facet normal -0 0 1
    outer loop
      vertex 162.994 11.0889 2
      vertex 163.06 9.17499 2
      vertex 163.06 11.145 2
    endloop
  endfacet
  facet normal 0 0 1
    outer loop
      vertex 162.994 11.0889 2
      vertex 162.994 9.23107 2
      vertex 163.06 9.17499 2
    endloop
  endfacet
  facet normal -0 0 1
    outer loop
      vertex 162.931 11.0283 2
      vertex 162.994 9.23107 2
      vertex 162.994 11.0889 2
    endloop
  endfacet
  facet normal 0 0 1
    outer loop
      vertex 162.931 11.0283 2
      vertex 162.931 9.29168 2
      vertex 162.994 9.23107 2
    endloop
  endfacet
  facet normal -0 0 1
    outer loop
      vertex 162.872 10.9635 2
      vertex 162.931 9.29168 2
      vertex 162.931 11.0283 2
    endloop
  endfacet
  facet normal 0 0 1
    outer loop
      vertex 162.872 10.9635 2
      vertex 162.872 9.35652 2
      vertex 162.931 9.29168 2
    endloop
  endfacet
  facet normal -0 0 1
    outer loop
      vertex 162.819 10.8947 2
      vertex 162.872 9.35652 2
      vertex 162.872 10.9635 2
    endloop
  endfacet
  facet normal 0 0 1
    outer loop
      vertex 162.819 10.8947 2
      vertex 162.819 9.42527 2
      vertex 162.872 9.35652 2
    endloop
  endfacet
  facet normal -0 0 1
    outer loop
      vertex 162.77 10.8224 2
      vertex 162.819 9.42527 2
      vertex 162.819 10.8947 2
    endloop
  endfacet
  facet normal 0 0 1
    outer loop
      vertex 162.77 10.8224 2
      vertex 162.77 9.4976 2
      vertex 162.819 9.42527 2
    endloop
  endfacet
  facet normal -0 0 1
    outer loop
      vertex 162.726 10.7468 2
      vertex 162.77 9.4976 2
      vertex 162.77 10.8224 2
    endloop
  endfacet
  facet normal 0 0 1
    outer loop
      vertex 162.726 10.7468 2
      vertex 162.726 9.57316 2
      vertex 162.77 9.4976 2
    endloop
  endfacet
  facet normal -0 0 1
    outer loop
      vertex 162.688 10.6684 2
      vertex 162.726 9.57316 2
      vertex 162.726 10.7468 2
    endloop
  endfacet
  facet normal 0 0 1
    outer loop
      vertex 162.688 10.6684 2
      vertex 162.688 9.65158 2
      vertex 162.726 9.57316 2
    endloop
  endfacet
  facet normal -0 0 1
    outer loop
      vertex 162.655 10.5875 2
      vertex 162.688 9.65158 2
      vertex 162.688 10.6684 2
    endloop
  endfacet
  facet normal 0 0 1
    outer loop
      vertex 162.655 10.5875 2
      vertex 162.655 9.73248 2
      vertex 162.688 9.65158 2
    endloop
  endfacet
  facet normal -0 0 1
    outer loop
      vertex 162.628 10.5045 2
      vertex 162.655 9.73248 2
      vertex 162.655 10.5875 2
    endloop
  endfacet
  facet normal 0 0 1
    outer loop
      vertex 162.628 10.5045 2
      vertex 162.628 9.81545 2
      vertex 162.655 9.73248 2
    endloop
  endfacet
  facet normal -0 0 1
    outer loop
      vertex 162.607 10.4199 2
      vertex 162.628 9.81545 2
      vertex 162.628 10.5045 2
    endloop
  endfacet
  facet normal 0 0 1
    outer loop
      vertex 162.607 10.4199 2
      vertex 162.607 9.90011 2
      vertex 162.628 9.81545 2
    endloop
  endfacet
  facet normal -0 0 1
    outer loop
      vertex 162.592 10.334 2
      vertex 162.607 9.90011 2
      vertex 162.607 10.4199 2
    endloop
  endfacet
  facet normal 0 0 1
    outer loop
      vertex 162.592 10.334 2
      vertex 162.592 9.98603 2
      vertex 162.607 9.90011 2
    endloop
  endfacet
  facet normal -0 0 1
    outer loop
      vertex 162.583 10.2472 2
      vertex 162.592 9.98603 2
      vertex 162.592 10.334 2
    endloop
  endfacet
  facet normal 0 0 1
    outer loop
      vertex 162.583 10.2472 2
      vertex 162.583 10.0728 2
      vertex 162.592 9.98603 2
    endloop
  endfacet
  facet normal 0 -0 1
    outer loop
      vertex 162.583 10.0728 2
      vertex 162.583 10.2472 2
      vertex 162.58 10.16 2
    endloop
  endfacet
  facet normal 0.86416 0.503217 0
    outer loop
      vertex 162.77 9.4976 2.1
      vertex 162.726 9.57316 2
      vertex 162.726 9.57316 2.1
    endloop
  endfacet
  facet normal 0.86416 0.503217 0
    outer loop
      vertex 162.726 9.57316 2
      vertex 162.77 9.4976 2.1
      vertex 162.77 9.4976 2
    endloop
  endfacet
  facet normal 0.86416 0.503217 0
    outer loop
      vertex 162.77 9.4976 13
      vertex 162.726 9.57316 3
      vertex 162.726 9.57316 13
    endloop
  endfacet
  facet normal 0.86416 0.503217 0
    outer loop
      vertex 162.726 9.57316 3
      vertex 162.77 9.4976 13
      vertex 162.77 9.4976 3
    endloop
  endfacet
  facet normal -0.139777 0.990183 0
    outer loop
      vertex 164.047 8.92899 2
      vertex 163.961 8.91685 2.1
      vertex 164.047 8.92899 2.1
    endloop
  endfacet
  facet normal -0.139777 0.990183 0
    outer loop
      vertex 163.961 8.91685 2.1
      vertex 164.047 8.92899 2
      vertex 163.961 8.91685 2
    endloop
  endfacet
  facet normal -0.139777 0.990183 0
    outer loop
      vertex 164.047 8.92899 3
      vertex 163.961 8.91685 13
      vertex 164.047 8.92899 13
    endloop
  endfacet
  facet normal -0.139777 0.990183 0
    outer loop
      vertex 163.961 8.91685 13
      vertex 164.047 8.92899 3
      vertex 163.961 8.91685 3
    endloop
  endfacet
  facet normal -0.0698291 0.997559 0
    outer loop
      vertex 163.961 8.91685 2
      vertex 163.874 8.91076 2.1
      vertex 163.961 8.91685 2.1
    endloop
  endfacet
  facet normal -0.0698291 0.997559 0
    outer loop
      vertex 163.874 8.91076 2.1
      vertex 163.961 8.91685 2
      vertex 163.874 8.91076 2
    endloop
  endfacet
  facet normal -0.0698291 0.997559 0
    outer loop
      vertex 163.961 8.91685 3
      vertex 163.874 8.91076 13
      vertex 163.961 8.91685 13
    endloop
  endfacet
  facet normal -0.0698291 0.997559 0
    outer loop
      vertex 163.874 8.91076 13
      vertex 163.961 8.91685 3
      vertex 163.874 8.91076 3
    endloop
  endfacet
  facet normal -0.970546 -0.240916 0
    outer loop
      vertex 165.053 10.4199 2
      vertex 165.032 10.5045 2.1
      vertex 165.032 10.5045 2
    endloop
  endfacet
  facet normal -0.970546 -0.240916 0
    outer loop
      vertex 165.032 10.5045 2.1
      vertex 165.053 10.4199 2
      vertex 165.053 10.4199 2.1
    endloop
  endfacet
  facet normal -0.970546 -0.240916 0
    outer loop
      vertex 165.053 10.4199 3
      vertex 165.032 10.5045 13
      vertex 165.032 10.5045 3
    endloop
  endfacet
  facet normal -0.970546 -0.240916 0
    outer loop
      vertex 165.032 10.5045 13
      vertex 165.053 10.4199 3
      vertex 165.053 10.4199 13
    endloop
  endfacet
  facet normal -0.994667 -0.103134 0
    outer loop
      vertex 165.077 10.2472 2
      vertex 165.068 10.334 2.1
      vertex 165.068 10.334 2
    endloop
  endfacet
  facet normal -0.994667 -0.103134 0
    outer loop
      vertex 165.068 10.334 2.1
      vertex 165.077 10.2472 2
      vertex 165.077 10.2472 2.1
    endloop
  endfacet
  facet normal -0.994667 -0.103134 0
    outer loop
      vertex 165.077 10.2472 3
      vertex 165.068 10.334 13
      vertex 165.068 10.334 3
    endloop
  endfacet
  facet normal -0.994667 -0.103134 0
    outer loop
      vertex 165.068 10.334 13
      vertex 165.077 10.2472 3
      vertex 165.077 10.2472 13
    endloop
  endfacet
  facet normal -0.950917 0.309446 0
    outer loop
      vertex 165.005 9.73248 2
      vertex 165.032 9.81545 2.1
      vertex 165.032 9.81545 2
    endloop
  endfacet
  facet normal -0.950917 0.309446 0
    outer loop
      vertex 165.032 9.81545 2.1
      vertex 165.005 9.73248 2
      vertex 165.005 9.73248 2.1
    endloop
  endfacet
  facet normal -0.950917 0.309446 0
    outer loop
      vertex 165.005 9.73248 3
      vertex 165.032 9.81545 13
      vertex 165.032 9.81545 3
    endloop
  endfacet
  facet normal -0.950917 0.309446 0
    outer loop
      vertex 165.032 9.81545 13
      vertex 165.005 9.73248 3
      vertex 165.005 9.73248 13
    endloop
  endfacet
  facet normal -0.693305 0.720644 0
    outer loop
      vertex 164.729 9.29168 2
      vertex 164.666 9.23107 2.1
      vertex 164.729 9.29168 2.1
    endloop
  endfacet
  facet normal -0.693305 0.720644 0
    outer loop
      vertex 164.666 9.23107 2.1
      vertex 164.729 9.29168 2
      vertex 164.666 9.23107 2
    endloop
  endfacet
  facet normal -0.693305 0.720644 0
    outer loop
      vertex 164.729 9.29168 3
      vertex 164.666 9.23107 13
      vertex 164.729 9.29168 13
    endloop
  endfacet
  facet normal -0.693305 0.720644 0
    outer loop
      vertex 164.666 9.23107 13
      vertex 164.729 9.29168 3
      vertex 164.666 9.23107 3
    endloop
  endfacet
  facet normal -0.647514 0.762053 0
    outer loop
      vertex 164.666 9.23107 2
      vertex 164.6 9.17499 2.1
      vertex 164.666 9.23107 2.1
    endloop
  endfacet
  facet normal -0.647514 0.762053 0
    outer loop
      vertex 164.6 9.17499 2.1
      vertex 164.666 9.23107 2
      vertex 164.6 9.17499 2
    endloop
  endfacet
  facet normal -0.647514 0.762053 0
    outer loop
      vertex 164.666 9.23107 3
      vertex 164.6 9.17499 13
      vertex 164.666 9.23107 13
    endloop
  endfacet
  facet normal -0.647514 0.762053 0
    outer loop
      vertex 164.6 9.17499 13
      vertex 164.666 9.23107 3
      vertex 164.6 9.17499 3
    endloop
  endfacet
  facet normal 0.585582 0.810613 -0
    outer loop
      vertex 163.131 9.1237 2
      vertex 163.06 9.17499 2.1
      vertex 163.131 9.1237 2.1
    endloop
  endfacet
  facet normal 0.585582 0.810613 0
    outer loop
      vertex 163.06 9.17499 2.1
      vertex 163.131 9.1237 2
      vertex 163.06 9.17499 2
    endloop
  endfacet
  facet normal 0.585582 0.810613 -0
    outer loop
      vertex 163.131 9.1237 3
      vertex 163.06 9.17499 13
      vertex 163.131 9.1237 13
    endloop
  endfacet
  facet normal 0.585582 0.810613 0
    outer loop
      vertex 163.06 9.17499 13
      vertex 163.131 9.1237 3
      vertex 163.06 9.17499 3
    endloop
  endfacet
  facet normal 0.529834 0.848101 -0
    outer loop
      vertex 163.205 9.07747 2
      vertex 163.131 9.1237 2.1
      vertex 163.205 9.07747 2.1
    endloop
  endfacet
  facet normal 0.529834 0.848101 0
    outer loop
      vertex 163.131 9.1237 2.1
      vertex 163.205 9.07747 2
      vertex 163.131 9.1237 2
    endloop
  endfacet
  facet normal 0.529834 0.848101 -0
    outer loop
      vertex 163.205 9.07747 3
      vertex 163.131 9.1237 13
      vertex 163.205 9.07747 13
    endloop
  endfacet
  facet normal 0.529834 0.848101 0
    outer loop
      vertex 163.131 9.1237 13
      vertex 163.205 9.07747 3
      vertex 163.131 9.1237 3
    endloop
  endfacet
  facet normal 0.405513 0.914089 -0
    outer loop
      vertex 163.362 9.00102 2
      vertex 163.282 9.03651 2.1
      vertex 163.362 9.00102 2.1
    endloop
  endfacet
  facet normal 0.405513 0.914089 0
    outer loop
      vertex 163.282 9.03651 2.1
      vertex 163.362 9.00102 2
      vertex 163.282 9.03651 2
    endloop
  endfacet
  facet normal 0.405513 0.914089 -0
    outer loop
      vertex 163.362 9.00102 3
      vertex 163.282 9.03651 13
      vertex 163.362 9.00102 13
    endloop
  endfacet
  facet normal 0.405513 0.914089 0
    outer loop
      vertex 163.282 9.03651 13
      vertex 163.362 9.00102 3
      vertex 163.282 9.03651 3
    endloop
  endfacet
  facet normal 0.469636 0.88286 -0
    outer loop
      vertex 163.282 9.03651 2
      vertex 163.205 9.07747 2.1
      vertex 163.282 9.03651 2.1
    endloop
  endfacet
  facet normal 0.469636 0.88286 0
    outer loop
      vertex 163.205 9.07747 2.1
      vertex 163.282 9.03651 2
      vertex 163.205 9.07747 2
    endloop
  endfacet
  facet normal 0.469636 0.88286 -0
    outer loop
      vertex 163.282 9.03651 3
      vertex 163.205 9.07747 13
      vertex 163.282 9.03651 13
    endloop
  endfacet
  facet normal 0.469636 0.88286 0
    outer loop
      vertex 163.205 9.07747 13
      vertex 163.282 9.03651 3
      vertex 163.205 9.07747 3
    endloop
  endfacet
  facet normal 0.208712 0.977977 -0
    outer loop
      vertex 163.613 8.92899 2
      vertex 163.528 8.94713 2.1
      vertex 163.613 8.92899 2.1
    endloop
  endfacet
  facet normal 0.208712 0.977977 0
    outer loop
      vertex 163.528 8.94713 2.1
      vertex 163.613 8.92899 2
      vertex 163.528 8.94713 2
    endloop
  endfacet
  facet normal 0.208712 0.977977 -0
    outer loop
      vertex 163.613 8.92899 3
      vertex 163.528 8.94713 13
      vertex 163.613 8.92899 13
    endloop
  endfacet
  facet normal 0.208712 0.977977 0
    outer loop
      vertex 163.528 8.94713 13
      vertex 163.613 8.92899 3
      vertex 163.528 8.94713 3
    endloop
  endfacet
  facet normal 0.341964 0.939713 -0
    outer loop
      vertex 163.444 8.97118 2
      vertex 163.362 9.00102 2.1
      vertex 163.444 8.97118 2.1
    endloop
  endfacet
  facet normal 0.341964 0.939713 0
    outer loop
      vertex 163.362 9.00102 2.1
      vertex 163.444 8.97118 2
      vertex 163.362 9.00102 2
    endloop
  endfacet
  facet normal 0.341964 0.939713 -0
    outer loop
      vertex 163.444 8.97118 3
      vertex 163.362 9.00102 13
      vertex 163.444 8.97118 13
    endloop
  endfacet
  facet normal 0.341964 0.939713 0
    outer loop
      vertex 163.362 9.00102 13
      vertex 163.444 8.97118 3
      vertex 163.362 9.00102 3
    endloop
  endfacet
  facet normal 0.994664 0.103169 0
    outer loop
      vertex 162.592 9.98603 2.1
      vertex 162.583 10.0728 2
      vertex 162.583 10.0728 2.1
    endloop
  endfacet
  facet normal 0.994664 0.103169 0
    outer loop
      vertex 162.583 10.0728 2
      vertex 162.592 9.98603 2.1
      vertex 162.592 9.98603 2
    endloop
  endfacet
  facet normal 0.994664 0.103169 0
    outer loop
      vertex 162.592 9.98603 13
      vertex 162.583 10.0728 3
      vertex 162.583 10.0728 13
    endloop
  endfacet
  facet normal 0.994664 0.103169 0
    outer loop
      vertex 162.583 10.0728 3
      vertex 162.592 9.98603 13
      vertex 162.592 9.98603 3
    endloop
  endfacet
  facet normal 0.791981 0.610545 0
    outer loop
      vertex 162.872 9.35652 2.1
      vertex 162.819 9.42527 2
      vertex 162.819 9.42527 2.1
    endloop
  endfacet
  facet normal 0.791981 0.610545 0
    outer loop
      vertex 162.819 9.42527 2
      vertex 162.872 9.35652 2.1
      vertex 162.872 9.35652 2
    endloop
  endfacet
  facet normal 0.791981 0.610545 0
    outer loop
      vertex 162.872 9.35652 13
      vertex 162.819 9.42527 3
      vertex 162.819 9.42527 13
    endloop
  endfacet
  facet normal 0.791981 0.610545 0
    outer loop
      vertex 162.819 9.42527 3
      vertex 162.872 9.35652 13
      vertex 162.872 9.35652 3
    endloop
  endfacet
  facet normal -0.469636 0.88286 0
    outer loop
      vertex 164.455 9.07747 2
      vertex 164.378 9.03651 2.1
      vertex 164.455 9.07747 2.1
    endloop
  endfacet
  facet normal -0.469636 0.88286 0
    outer loop
      vertex 164.378 9.03651 2.1
      vertex 164.455 9.07747 2
      vertex 164.378 9.03651 2
    endloop
  endfacet
  facet normal -0.469636 0.88286 0
    outer loop
      vertex 164.455 9.07747 3
      vertex 164.378 9.03651 13
      vertex 164.455 9.07747 13
    endloop
  endfacet
  facet normal -0.469636 0.88286 0
    outer loop
      vertex 164.378 9.03651 13
      vertex 164.455 9.07747 3
      vertex 164.378 9.03651 3
    endloop
  endfacet
  facet normal 0.647514 0.762053 -0
    outer loop
      vertex 163.06 9.17499 2
      vertex 162.994 9.23107 2.1
      vertex 163.06 9.17499 2.1
    endloop
  endfacet
  facet normal 0.647514 0.762053 0
    outer loop
      vertex 162.994 9.23107 2.1
      vertex 163.06 9.17499 2
      vertex 162.994 9.23107 2
    endloop
  endfacet
  facet normal 0.647514 0.762053 -0
    outer loop
      vertex 163.06 9.17499 3
      vertex 162.994 9.23107 13
      vertex 163.06 9.17499 13
    endloop
  endfacet
  facet normal 0.647514 0.762053 0
    outer loop
      vertex 162.994 9.23107 13
      vertex 163.06 9.17499 3
      vertex 162.994 9.23107 3
    endloop
  endfacet
  facet normal 0.139777 0.990183 -0
    outer loop
      vertex 163.699 8.91685 2
      vertex 163.613 8.92899 2.1
      vertex 163.699 8.91685 2.1
    endloop
  endfacet
  facet normal 0.139777 0.990183 0
    outer loop
      vertex 163.613 8.92899 2.1
      vertex 163.699 8.91685 2
      vertex 163.613 8.92899 2
    endloop
  endfacet
  facet normal 0.139777 0.990183 -0
    outer loop
      vertex 163.699 8.91685 3
      vertex 163.613 8.92899 13
      vertex 163.699 8.91685 13
    endloop
  endfacet
  facet normal 0.139777 0.990183 0
    outer loop
      vertex 163.613 8.92899 13
      vertex 163.699 8.91685 3
      vertex 163.613 8.92899 3
    endloop
  endfacet
  facet normal 0.0698291 0.997559 -0
    outer loop
      vertex 163.786 8.91076 2
      vertex 163.699 8.91685 2.1
      vertex 163.786 8.91076 2.1
    endloop
  endfacet
  facet normal 0.0698291 0.997559 0
    outer loop
      vertex 163.699 8.91685 2.1
      vertex 163.786 8.91076 2
      vertex 163.699 8.91685 2
    endloop
  endfacet
  facet normal 0.0698291 0.997559 -0
    outer loop
      vertex 163.786 8.91076 3
      vertex 163.699 8.91685 13
      vertex 163.786 8.91076 13
    endloop
  endfacet
  facet normal 0.0698291 0.997559 0
    outer loop
      vertex 163.699 8.91685 13
      vertex 163.786 8.91076 3
      vertex 163.699 8.91685 3
    endloop
  endfacet
  facet normal -1 0 0
    outer loop
      vertex 151.267 153.1 0
      vertex 151.267 128.025 5.5
      vertex 151.267 153.1 8
    endloop
  endfacet
  facet normal -1 0 0
    outer loop
      vertex 151.267 153.1 0
      vertex 151.267 127.967 5.06001
      vertex 151.267 128.025 5.5
    endloop
  endfacet
  facet normal -1 0 0
    outer loop
      vertex 151.267 153.1 0
      vertex 151.267 127.797 4.65
      vertex 151.267 127.967 5.06001
    endloop
  endfacet
  facet normal -1 0 0
    outer loop
      vertex 151.267 153.1 0
      vertex 151.267 127.527 4.29792
      vertex 151.267 127.797 4.65
    endloop
  endfacet
  facet normal -1 0 0
    outer loop
      vertex 151.267 153.1 0
      vertex 151.267 127.175 4.02776
      vertex 151.267 127.527 4.29792
    endloop
  endfacet
  facet normal -1 0 0
    outer loop
      vertex 151.267 153.1 0
      vertex 151.267 126.765 3.85793
      vertex 151.267 127.175 4.02776
    endloop
  endfacet
  facet normal -1 0 0
    outer loop
      vertex 151.267 153.1 0
      vertex 151.267 126.325 3.8
      vertex 151.267 126.765 3.85793
    endloop
  endfacet
  facet normal -1 0 0
    outer loop
      vertex 151.267 87.55 3.8
      vertex 151.267 126.325 3.8
      vertex 151.267 153.1 0
    endloop
  endfacet
  facet normal -1 0 0
    outer loop
      vertex 151.267 124.683 5.06001
      vertex 151.267 89.25 5.5
      vertex 151.267 124.625 5.5
    endloop
  endfacet
  facet normal -1 0 0
    outer loop
      vertex 151.267 89.1921 5.06001
      vertex 151.267 124.683 5.06001
      vertex 151.267 124.853 4.65
    endloop
  endfacet
  facet normal -1 0 0
    outer loop
      vertex 151.267 89.0222 4.65
      vertex 151.267 124.853 4.65
      vertex 151.267 125.123 4.29792
    endloop
  endfacet
  facet normal -1 0 0
    outer loop
      vertex 151.267 88.7521 4.29792
      vertex 151.267 125.123 4.29792
      vertex 151.267 125.475 4.02776
    endloop
  endfacet
  facet normal -1 0 0
    outer loop
      vertex 151.267 88.4 4.02776
      vertex 151.267 125.475 4.02776
      vertex 151.267 125.885 3.85793
    endloop
  endfacet
  facet normal -1 0 0
    outer loop
      vertex 151.267 126.325 3.8
      vertex 151.267 87.55 3.8
      vertex 151.267 125.885 3.85793
    endloop
  endfacet
  facet normal -1 0 0
    outer loop
      vertex 151.267 124.683 5.06001
      vertex 151.267 89.1921 5.06001
      vertex 151.267 89.25 5.5
    endloop
  endfacet
  facet normal -1 0 0
    outer loop
      vertex 151.267 124.853 4.65
      vertex 151.267 89.0222 4.65
      vertex 151.267 89.1921 5.06001
    endloop
  endfacet
  facet normal -1 0 0
    outer loop
      vertex 151.267 125.123 4.29792
      vertex 151.267 88.7521 4.29792
      vertex 151.267 89.0222 4.65
    endloop
  endfacet
  facet normal -1 0 0
    outer loop
      vertex 151.267 125.475 4.02776
      vertex 151.267 88.4 4.02776
      vertex 151.267 88.7521 4.29792
    endloop
  endfacet
  facet normal -1 0 0
    outer loop
      vertex 151.267 125.885 3.85793
      vertex 151.267 87.99 3.85793
      vertex 151.267 88.4 4.02776
    endloop
  endfacet
  facet normal -1 -0 0
    outer loop
      vertex 151.267 125.885 3.85793
      vertex 151.267 87.55 3.8
      vertex 151.267 87.99 3.85793
    endloop
  endfacet
  facet normal -1 0 0
    outer loop
      vertex 151.267 85.9079 5.06001
      vertex 151.267 50.475 5.5
      vertex 151.267 85.85 5.5
    endloop
  endfacet
  facet normal -1 0 0
    outer loop
      vertex 151.267 50.4171 5.06001
      vertex 151.267 85.9079 5.06001
      vertex 151.267 86.0778 4.65
    endloop
  endfacet
  facet normal -1 0 0
    outer loop
      vertex 151.267 50.2472 4.65
      vertex 151.267 86.0778 4.65
      vertex 151.267 86.3479 4.29792
    endloop
  endfacet
  facet normal -1 0 0
    outer loop
      vertex 151.267 49.9771 4.29792
      vertex 151.267 86.3479 4.29792
      vertex 151.267 86.7 4.02776
    endloop
  endfacet
  facet normal -1 0 0
    outer loop
      vertex 151.267 49.625 4.02776
      vertex 151.267 86.7 4.02776
      vertex 151.267 87.11 3.85793
    endloop
  endfacet
  facet normal -1 0 0
    outer loop
      vertex 151.267 49.215 3.85793
      vertex 151.267 87.11 3.85793
      vertex 151.267 87.55 3.8
    endloop
  endfacet
  facet normal -1 0 0
    outer loop
      vertex 151.267 -4 0
      vertex 151.267 87.55 3.8
      vertex 151.267 153.1 0
    endloop
  endfacet
  facet normal -1 0 0
    outer loop
      vertex 151.267 85.9079 5.06001
      vertex 151.267 50.4171 5.06001
      vertex 151.267 50.475 5.5
    endloop
  endfacet
  facet normal -1 0 0
    outer loop
      vertex 151.267 86.0778 4.65
      vertex 151.267 50.2472 4.65
      vertex 151.267 50.4171 5.06001
    endloop
  endfacet
  facet normal -1 0 0
    outer loop
      vertex 151.267 86.3479 4.29792
      vertex 151.267 49.9771 4.29792
      vertex 151.267 50.2472 4.65
    endloop
  endfacet
  facet normal -1 0 0
    outer loop
      vertex 151.267 86.7 4.02776
      vertex 151.267 49.625 4.02776
      vertex 151.267 49.9771 4.29792
    endloop
  endfacet
  facet normal -1 0 0
    outer loop
      vertex 151.267 87.11 3.85793
      vertex 151.267 49.215 3.85793
      vertex 151.267 49.625 4.02776
    endloop
  endfacet
  facet normal -1 0 0
    outer loop
      vertex 151.267 87.55 3.8
      vertex 151.267 48.775 3.8
      vertex 151.267 49.215 3.85793
    endloop
  endfacet
  facet normal -1 0 0
    outer loop
      vertex 151.267 47.1329 5.06001
      vertex 151.267 11.7 5.5
      vertex 151.267 47.075 5.5
    endloop
  endfacet
  facet normal -1 0 0
    outer loop
      vertex 151.267 11.6421 5.06001
      vertex 151.267 47.1329 5.06001
      vertex 151.267 47.3028 4.65
    endloop
  endfacet
  facet normal -1 0 0
    outer loop
      vertex 151.267 11.4722 4.65
      vertex 151.267 47.3028 4.65
      vertex 151.267 47.5729 4.29792
    endloop
  endfacet
  facet normal -1 0 0
    outer loop
      vertex 151.267 11.2021 4.29792
      vertex 151.267 47.5729 4.29792
      vertex 151.267 47.925 4.02776
    endloop
  endfacet
  facet normal -1 0 0
    outer loop
      vertex 151.267 10.85 4.02776
      vertex 151.267 47.925 4.02776
      vertex 151.267 48.335 3.85793
    endloop
  endfacet
  facet normal -1 0 0
    outer loop
      vertex 151.267 -4 0
      vertex 151.267 48.335 3.85793
      vertex 151.267 48.775 3.8
    endloop
  endfacet
  facet normal -1 0 0
    outer loop
      vertex 151.267 47.1329 5.06001
      vertex 151.267 11.6421 5.06001
      vertex 151.267 11.7 5.5
    endloop
  endfacet
  facet normal -1 -0 0
    outer loop
      vertex 151.267 87.55 3.8
      vertex 151.267 -4 0
      vertex 151.267 48.775 3.8
    endloop
  endfacet
  facet normal -1 0 0
    outer loop
      vertex 151.267 47.3028 4.65
      vertex 151.267 11.4722 4.65
      vertex 151.267 11.6421 5.06001
    endloop
  endfacet
  facet normal -1 0 0
    outer loop
      vertex 151.267 47.5729 4.29792
      vertex 151.267 11.2021 4.29792
      vertex 151.267 11.4722 4.65
    endloop
  endfacet
  facet normal -1 0 0
    outer loop
      vertex 151.267 47.925 4.02776
      vertex 151.267 10.85 4.02776
      vertex 151.267 11.2021 4.29792
    endloop
  endfacet
  facet normal -1 0 0
    outer loop
      vertex 151.267 48.335 3.85793
      vertex 151.267 10.44 3.85793
      vertex 151.267 10.85 4.02776
    endloop
  endfacet
  facet normal -1 -0 0
    outer loop
      vertex 151.267 48.335 3.85793
      vertex 151.267 -4 0
      vertex 151.267 10.44 3.85793
    endloop
  endfacet
  facet normal -1 0 0
    outer loop
      vertex 151.267 8.35793 5.06001
      vertex 151.267 4 8
      vertex 151.267 8.3 5.5
    endloop
  endfacet
  facet normal -1 0 0
    outer loop
      vertex 151.267 8.52776 4.65
      vertex 151.267 4 8
      vertex 151.267 8.35793 5.06001
    endloop
  endfacet
  facet normal -1 0 0
    outer loop
      vertex 151.267 -4 0
      vertex 151.267 8.52776 4.65
      vertex 151.267 8.79792 4.29792
    endloop
  endfacet
  facet normal -1 0 0
    outer loop
      vertex 151.267 10.44 3.85793
      vertex 151.267 -4 0
      vertex 151.267 10 3.8
    endloop
  endfacet
  facet normal -1 0 0
    outer loop
      vertex 151.267 -4 0
      vertex 151.267 9.56001 3.85793
      vertex 151.267 10 3.8
    endloop
  endfacet
  facet normal -1 0 0
    outer loop
      vertex 151.267 -4 0
      vertex 151.267 9.15 4.02776
      vertex 151.267 9.56001 3.85793
    endloop
  endfacet
  facet normal -1 0 0
    outer loop
      vertex 151.267 -4 0
      vertex 151.267 8.79792 4.29792
      vertex 151.267 9.15 4.02776
    endloop
  endfacet
  facet normal -1 -0 0
    outer loop
      vertex 151.267 8.52776 4.65
      vertex 151.267 -4 0
      vertex 151.267 4 8
    endloop
  endfacet
  facet normal -1 0 0
    outer loop
      vertex 151.267 -4 3.01
      vertex 151.267 4 8
      vertex 151.267 -4 0
    endloop
  endfacet
  facet normal -1 0 0
    outer loop
      vertex 151.267 -4 10.76
      vertex 151.267 4 8
      vertex 151.267 -4 3.01
    endloop
  endfacet
  facet normal -1 0 0
    outer loop
      vertex 151.267 4 8
      vertex 151.267 -4 10.76
      vertex 151.267 4 10.76
    endloop
  endfacet
  facet normal -1 0 0
    outer loop
      vertex 151.267 127.967 5.93999
      vertex 151.267 153.1 8
      vertex 151.267 128.025 5.5
    endloop
  endfacet
  facet normal -1 0 0
    outer loop
      vertex 151.267 127.797 6.35
      vertex 151.267 153.1 8
      vertex 151.267 127.967 5.93999
    endloop
  endfacet
  facet normal -1 0 0
    outer loop
      vertex 151.267 127.527 6.70208
      vertex 151.267 153.1 8
      vertex 151.267 127.797 6.35
    endloop
  endfacet
  facet normal -1 0 0
    outer loop
      vertex 151.267 127.175 6.97224
      vertex 151.267 153.1 8
      vertex 151.267 127.527 6.70208
    endloop
  endfacet
  facet normal -1 0 0
    outer loop
      vertex 151.267 126.765 7.14207
      vertex 151.267 153.1 8
      vertex 151.267 127.175 6.97224
    endloop
  endfacet
  facet normal -1 0 0
    outer loop
      vertex 151.267 126.325 7.2
      vertex 151.267 153.1 8
      vertex 151.267 126.765 7.14207
    endloop
  endfacet
  facet normal -1 0 0
    outer loop
      vertex 151.267 89.25 5.5
      vertex 151.267 124.683 5.93999
      vertex 151.267 124.625 5.5
    endloop
  endfacet
  facet normal -1 0 0
    outer loop
      vertex 151.267 89.1921 5.93999
      vertex 151.267 124.683 5.93999
      vertex 151.267 89.25 5.5
    endloop
  endfacet
  facet normal -1 0 0
    outer loop
      vertex 151.267 124.683 5.93999
      vertex 151.267 89.1921 5.93999
      vertex 151.267 124.853 6.35
    endloop
  endfacet
  facet normal -1 0 0
    outer loop
      vertex 151.267 89.0222 6.35
      vertex 151.267 124.853 6.35
      vertex 151.267 89.1921 5.93999
    endloop
  endfacet
  facet normal -1 0 0
    outer loop
      vertex 151.267 124.853 6.35
      vertex 151.267 89.0222 6.35
      vertex 151.267 125.123 6.70208
    endloop
  endfacet
  facet normal -1 0 0
    outer loop
      vertex 151.267 88.7521 6.70208
      vertex 151.267 125.123 6.70208
      vertex 151.267 89.0222 6.35
    endloop
  endfacet
  facet normal -1 0 0
    outer loop
      vertex 151.267 125.123 6.70208
      vertex 151.267 88.7521 6.70208
      vertex 151.267 125.475 6.97224
    endloop
  endfacet
  facet normal -1 0 0
    outer loop
      vertex 151.267 88.4 6.97224
      vertex 151.267 125.475 6.97224
      vertex 151.267 88.7521 6.70208
    endloop
  endfacet
  facet normal -1 0 0
    outer loop
      vertex 151.267 125.475 6.97224
      vertex 151.267 88.4 6.97224
      vertex 151.267 125.885 7.14207
    endloop
  endfacet
  facet normal -1 0 0
    outer loop
      vertex 151.267 87.99 7.14207
      vertex 151.267 125.885 7.14207
      vertex 151.267 88.4 6.97224
    endloop
  endfacet
  facet normal -1 0 0
    outer loop
      vertex 151.267 125.885 7.14207
      vertex 151.267 87.99 7.14207
      vertex 151.267 126.325 7.2
    endloop
  endfacet
  facet normal -1 0 0
    outer loop
      vertex 151.267 87.55 7.2
      vertex 151.267 126.325 7.2
      vertex 151.267 87.99 7.14207
    endloop
  endfacet
  facet normal -1 0 0
    outer loop
      vertex 151.267 126.325 7.2
      vertex 151.267 87.55 7.2
      vertex 151.267 153.1 8
    endloop
  endfacet
  facet normal -1 0 0
    outer loop
      vertex 151.267 50.475 5.5
      vertex 151.267 85.9079 5.93999
      vertex 151.267 85.85 5.5
    endloop
  endfacet
  facet normal -1 0 0
    outer loop
      vertex 151.267 50.4171 5.93999
      vertex 151.267 85.9079 5.93999
      vertex 151.267 50.475 5.5
    endloop
  endfacet
  facet normal -1 0 0
    outer loop
      vertex 151.267 85.9079 5.93999
      vertex 151.267 50.4171 5.93999
      vertex 151.267 86.0778 6.35
    endloop
  endfacet
  facet normal -1 0 0
    outer loop
      vertex 151.267 50.2472 6.35
      vertex 151.267 86.0778 6.35
      vertex 151.267 50.4171 5.93999
    endloop
  endfacet
  facet normal -1 0 0
    outer loop
      vertex 151.267 86.0778 6.35
      vertex 151.267 50.2472 6.35
      vertex 151.267 86.3479 6.70208
    endloop
  endfacet
  facet normal -1 0 0
    outer loop
      vertex 151.267 49.9771 6.70208
      vertex 151.267 86.3479 6.70208
      vertex 151.267 50.2472 6.35
    endloop
  endfacet
  facet normal -1 0 0
    outer loop
      vertex 151.267 86.3479 6.70208
      vertex 151.267 49.9771 6.70208
      vertex 151.267 86.7 6.97224
    endloop
  endfacet
  facet normal -1 0 0
    outer loop
      vertex 151.267 49.625 6.97224
      vertex 151.267 86.7 6.97224
      vertex 151.267 49.9771 6.70208
    endloop
  endfacet
  facet normal -1 0 0
    outer loop
      vertex 151.267 86.7 6.97224
      vertex 151.267 49.625 6.97224
      vertex 151.267 87.11 7.14207
    endloop
  endfacet
  facet normal -1 0 0
    outer loop
      vertex 151.267 49.215 7.14207
      vertex 151.267 87.11 7.14207
      vertex 151.267 49.625 6.97224
    endloop
  endfacet
  facet normal -1 0 0
    outer loop
      vertex 151.267 87.11 7.14207
      vertex 151.267 49.215 7.14207
      vertex 151.267 87.55 7.2
    endloop
  endfacet
  facet normal -1 0 0
    outer loop
      vertex 151.267 48.775 7.2
      vertex 151.267 87.55 7.2
      vertex 151.267 49.215 7.14207
    endloop
  endfacet
  facet normal -1 0 0
    outer loop
      vertex 151.267 87.55 7.2
      vertex 151.267 48.775 7.2
      vertex 151.267 153.1 8
    endloop
  endfacet
  facet normal -1 0 0
    outer loop
      vertex 151.267 11.7 5.5
      vertex 151.267 47.1329 5.93999
      vertex 151.267 47.075 5.5
    endloop
  endfacet
  facet normal -1 0 0
    outer loop
      vertex 151.267 11.6421 5.93999
      vertex 151.267 47.1329 5.93999
      vertex 151.267 11.7 5.5
    endloop
  endfacet
  facet normal -1 0 0
    outer loop
      vertex 151.267 47.1329 5.93999
      vertex 151.267 11.6421 5.93999
      vertex 151.267 47.3028 6.35
    endloop
  endfacet
  facet normal -1 0 0
    outer loop
      vertex 151.267 11.4722 6.35
      vertex 151.267 47.3028 6.35
      vertex 151.267 11.6421 5.93999
    endloop
  endfacet
  facet normal -1 0 0
    outer loop
      vertex 151.267 47.3028 6.35
      vertex 151.267 11.4722 6.35
      vertex 151.267 47.5729 6.70208
    endloop
  endfacet
  facet normal -1 0 0
    outer loop
      vertex 151.267 11.2021 6.70208
      vertex 151.267 47.5729 6.70208
      vertex 151.267 11.4722 6.35
    endloop
  endfacet
  facet normal -1 0 0
    outer loop
      vertex 151.267 47.5729 6.70208
      vertex 151.267 11.2021 6.70208
      vertex 151.267 47.925 6.97224
    endloop
  endfacet
  facet normal -1 0 0
    outer loop
      vertex 151.267 10.85 6.97224
      vertex 151.267 47.925 6.97224
      vertex 151.267 11.2021 6.70208
    endloop
  endfacet
  facet normal -1 0 0
    outer loop
      vertex 151.267 47.925 6.97224
      vertex 151.267 10.85 6.97224
      vertex 151.267 48.335 7.14207
    endloop
  endfacet
  facet normal -1 0 0
    outer loop
      vertex 151.267 10.44 7.14207
      vertex 151.267 48.335 7.14207
      vertex 151.267 10.85 6.97224
    endloop
  endfacet
  facet normal -1 0 0
    outer loop
      vertex 151.267 48.335 7.14207
      vertex 151.267 10.44 7.14207
      vertex 151.267 48.775 7.2
    endloop
  endfacet
  facet normal -1 0 0
    outer loop
      vertex 151.267 10 7.2
      vertex 151.267 48.775 7.2
      vertex 151.267 10.44 7.14207
    endloop
  endfacet
  facet normal -1 0 0
    outer loop
      vertex 151.267 4 8
      vertex 151.267 48.775 7.2
      vertex 151.267 10 7.2
    endloop
  endfacet
  facet normal -1 0 0
    outer loop
      vertex 151.267 48.775 7.2
      vertex 151.267 4 8
      vertex 151.267 153.1 8
    endloop
  endfacet
  facet normal -1 0 0
    outer loop
      vertex 151.267 9.56001 7.14207
      vertex 151.267 4 8
      vertex 151.267 10 7.2
    endloop
  endfacet
  facet normal -1 0 0
    outer loop
      vertex 151.267 9.15 6.97224
      vertex 151.267 4 8
      vertex 151.267 9.56001 7.14207
    endloop
  endfacet
  facet normal -1 0 0
    outer loop
      vertex 151.267 8.79792 6.70208
      vertex 151.267 4 8
      vertex 151.267 9.15 6.97224
    endloop
  endfacet
  facet normal -1 0 0
    outer loop
      vertex 151.267 8.52776 6.35
      vertex 151.267 4 8
      vertex 151.267 8.79792 6.70208
    endloop
  endfacet
  facet normal -1 0 0
    outer loop
      vertex 151.267 8.35793 5.93999
      vertex 151.267 4 8
      vertex 151.267 8.52776 6.35
    endloop
  endfacet
  facet normal -1 0 0
    outer loop
      vertex 151.267 4 8
      vertex 151.267 8.35793 5.93999
      vertex 151.267 8.3 5.5
    endloop
  endfacet
  facet normal 1 -0 0
    outer loop
      vertex 314.533 -4 15
      vertex 314.533 4 8
      vertex 314.533 4 15
    endloop
  endfacet
  facet normal 1 0 0
    outer loop
      vertex 314.533 4 8
      vertex 314.533 -4 15
      vertex 314.533 -4 3.01
    endloop
  endfacet
  facet normal 1 0 0
    outer loop
      vertex 314.533 153.1 8
      vertex 314.533 128.025 5.5
      vertex 314.533 153.1 0
    endloop
  endfacet
  facet normal 1 0 0
    outer loop
      vertex 314.533 153.1 8
      vertex 314.533 127.967 5.93999
      vertex 314.533 128.025 5.5
    endloop
  endfacet
  facet normal 1 0 0
    outer loop
      vertex 314.533 153.1 8
      vertex 314.533 127.797 6.35
      vertex 314.533 127.967 5.93999
    endloop
  endfacet
  facet normal 1 0 0
    outer loop
      vertex 314.533 153.1 8
      vertex 314.533 127.527 6.70208
      vertex 314.533 127.797 6.35
    endloop
  endfacet
  facet normal 1 0 0
    outer loop
      vertex 314.533 153.1 8
      vertex 314.533 127.175 6.97224
      vertex 314.533 127.527 6.70208
    endloop
  endfacet
  facet normal 1 0 0
    outer loop
      vertex 314.533 153.1 8
      vertex 314.533 126.765 7.14207
      vertex 314.533 127.175 6.97224
    endloop
  endfacet
  facet normal 1 0 0
    outer loop
      vertex 314.533 153.1 8
      vertex 314.533 126.325 7.2
      vertex 314.533 126.765 7.14207
    endloop
  endfacet
  facet normal 1 0 0
    outer loop
      vertex 314.533 124.683 5.93999
      vertex 314.533 89.25 5.5
      vertex 314.533 124.625 5.5
    endloop
  endfacet
  facet normal 1 0 0
    outer loop
      vertex 314.533 89.1921 5.93999
      vertex 314.533 124.683 5.93999
      vertex 314.533 124.853 6.35
    endloop
  endfacet
  facet normal 1 0 0
    outer loop
      vertex 314.533 89.0222 6.35
      vertex 314.533 124.853 6.35
      vertex 314.533 125.123 6.70208
    endloop
  endfacet
  facet normal 1 0 0
    outer loop
      vertex 314.533 88.7521 6.70208
      vertex 314.533 125.123 6.70208
      vertex 314.533 125.475 6.97224
    endloop
  endfacet
  facet normal 1 0 0
    outer loop
      vertex 314.533 88.4 6.97224
      vertex 314.533 125.475 6.97224
      vertex 314.533 125.885 7.14207
    endloop
  endfacet
  facet normal 1 0 0
    outer loop
      vertex 314.533 87.99 7.14207
      vertex 314.533 125.885 7.14207
      vertex 314.533 126.325 7.2
    endloop
  endfacet
  facet normal 1 0 0
    outer loop
      vertex 314.533 124.683 5.93999
      vertex 314.533 89.1921 5.93999
      vertex 314.533 89.25 5.5
    endloop
  endfacet
  facet normal 1 0 0
    outer loop
      vertex 314.533 124.853 6.35
      vertex 314.533 89.0222 6.35
      vertex 314.533 89.1921 5.93999
    endloop
  endfacet
  facet normal 1 0 0
    outer loop
      vertex 314.533 87.55 7.2
      vertex 314.533 126.325 7.2
      vertex 314.533 153.1 8
    endloop
  endfacet
  facet normal 1 0 0
    outer loop
      vertex 314.533 125.123 6.70208
      vertex 314.533 88.7521 6.70208
      vertex 314.533 89.0222 6.35
    endloop
  endfacet
  facet normal 1 0 0
    outer loop
      vertex 314.533 125.475 6.97224
      vertex 314.533 88.4 6.97224
      vertex 314.533 88.7521 6.70208
    endloop
  endfacet
  facet normal 1 0 0
    outer loop
      vertex 314.533 125.885 7.14207
      vertex 314.533 87.99 7.14207
      vertex 314.533 88.4 6.97224
    endloop
  endfacet
  facet normal 1 0 0
    outer loop
      vertex 314.533 126.325 7.2
      vertex 314.533 87.55 7.2
      vertex 314.533 87.99 7.14207
    endloop
  endfacet
  facet normal 1 0 0
    outer loop
      vertex 314.533 85.9079 5.93999
      vertex 314.533 50.475 5.5
      vertex 314.533 85.85 5.5
    endloop
  endfacet
  facet normal 1 0 0
    outer loop
      vertex 314.533 50.4171 5.93999
      vertex 314.533 85.9079 5.93999
      vertex 314.533 86.0778 6.35
    endloop
  endfacet
  facet normal 1 0 0
    outer loop
      vertex 314.533 50.2472 6.35
      vertex 314.533 86.0778 6.35
      vertex 314.533 86.3479 6.70208
    endloop
  endfacet
  facet normal 1 0 0
    outer loop
      vertex 314.533 49.9771 6.70208
      vertex 314.533 86.3479 6.70208
      vertex 314.533 86.7 6.97224
    endloop
  endfacet
  facet normal 1 0 0
    outer loop
      vertex 314.533 49.625 6.97224
      vertex 314.533 86.7 6.97224
      vertex 314.533 87.11 7.14207
    endloop
  endfacet
  facet normal 1 0 0
    outer loop
      vertex 314.533 49.215 7.14207
      vertex 314.533 87.11 7.14207
      vertex 314.533 87.55 7.2
    endloop
  endfacet
  facet normal 1 0 0
    outer loop
      vertex 314.533 85.9079 5.93999
      vertex 314.533 50.4171 5.93999
      vertex 314.533 50.475 5.5
    endloop
  endfacet
  facet normal 1 0 0
    outer loop
      vertex 314.533 86.0778 6.35
      vertex 314.533 50.2472 6.35
      vertex 314.533 50.4171 5.93999
    endloop
  endfacet
  facet normal 1 0 0
    outer loop
      vertex 314.533 86.3479 6.70208
      vertex 314.533 49.9771 6.70208
      vertex 314.533 50.2472 6.35
    endloop
  endfacet
  facet normal 1 0 0
    outer loop
      vertex 314.533 86.7 6.97224
      vertex 314.533 49.625 6.97224
      vertex 314.533 49.9771 6.70208
    endloop
  endfacet
  facet normal 1 0 0
    outer loop
      vertex 314.533 48.775 7.2
      vertex 314.533 87.55 7.2
      vertex 314.533 153.1 8
    endloop
  endfacet
  facet normal 1 0 0
    outer loop
      vertex 314.533 87.11 7.14207
      vertex 314.533 49.215 7.14207
      vertex 314.533 49.625 6.97224
    endloop
  endfacet
  facet normal 1 0 0
    outer loop
      vertex 314.533 87.55 7.2
      vertex 314.533 48.775 7.2
      vertex 314.533 49.215 7.14207
    endloop
  endfacet
  facet normal 1 0 0
    outer loop
      vertex 314.533 47.1329 5.93999
      vertex 314.533 11.7 5.5
      vertex 314.533 47.075 5.5
    endloop
  endfacet
  facet normal 1 0 0
    outer loop
      vertex 314.533 11.6421 5.93999
      vertex 314.533 47.1329 5.93999
      vertex 314.533 47.3028 6.35
    endloop
  endfacet
  facet normal 1 0 0
    outer loop
      vertex 314.533 11.4722 6.35
      vertex 314.533 47.3028 6.35
      vertex 314.533 47.5729 6.70208
    endloop
  endfacet
  facet normal 1 0 0
    outer loop
      vertex 314.533 11.2021 6.70208
      vertex 314.533 47.5729 6.70208
      vertex 314.533 47.925 6.97224
    endloop
  endfacet
  facet normal 1 0 0
    outer loop
      vertex 314.533 10.85 6.97224
      vertex 314.533 47.925 6.97224
      vertex 314.533 48.335 7.14207
    endloop
  endfacet
  facet normal 1 0 0
    outer loop
      vertex 314.533 10.44 7.14207
      vertex 314.533 48.335 7.14207
      vertex 314.533 48.775 7.2
    endloop
  endfacet
  facet normal 1 0 0
    outer loop
      vertex 314.533 47.1329 5.93999
      vertex 314.533 11.6421 5.93999
      vertex 314.533 11.7 5.5
    endloop
  endfacet
  facet normal 1 0 0
    outer loop
      vertex 314.533 47.3028 6.35
      vertex 314.533 11.4722 6.35
      vertex 314.533 11.6421 5.93999
    endloop
  endfacet
  facet normal 1 0 0
    outer loop
      vertex 314.533 47.5729 6.70208
      vertex 314.533 11.2021 6.70208
      vertex 314.533 11.4722 6.35
    endloop
  endfacet
  facet normal 1 0 0
    outer loop
      vertex 314.533 47.925 6.97224
      vertex 314.533 10.85 6.97224
      vertex 314.533 11.2021 6.70208
    endloop
  endfacet
  facet normal 1 -0 0
    outer loop
      vertex 314.533 4 8
      vertex 314.533 48.775 7.2
      vertex 314.533 153.1 8
    endloop
  endfacet
  facet normal 1 0 0
    outer loop
      vertex 314.533 48.335 7.14207
      vertex 314.533 10.44 7.14207
      vertex 314.533 10.85 6.97224
    endloop
  endfacet
  facet normal 1 0 0
    outer loop
      vertex 314.533 48.775 7.2
      vertex 314.533 10 7.2
      vertex 314.533 10.44 7.14207
    endloop
  endfacet
  facet normal 1 0 0
    outer loop
      vertex 314.533 8.35793 5.93999
      vertex 314.533 4 8
      vertex 314.533 8.3 5.5
    endloop
  endfacet
  facet normal 1 0 0
    outer loop
      vertex 314.533 8.52776 6.35
      vertex 314.533 4 8
      vertex 314.533 8.35793 5.93999
    endloop
  endfacet
  facet normal 1 0 0
    outer loop
      vertex 314.533 8.79792 6.70208
      vertex 314.533 4 8
      vertex 314.533 8.52776 6.35
    endloop
  endfacet
  facet normal 1 0 0
    outer loop
      vertex 314.533 9.15 6.97224
      vertex 314.533 4 8
      vertex 314.533 8.79792 6.70208
    endloop
  endfacet
  facet normal 1 0 0
    outer loop
      vertex 314.533 9.56001 7.14207
      vertex 314.533 4 8
      vertex 314.533 9.15 6.97224
    endloop
  endfacet
  facet normal 1 0 0
    outer loop
      vertex 314.533 10 7.2
      vertex 314.533 4 8
      vertex 314.533 9.56001 7.14207
    endloop
  endfacet
  facet normal 1 0 0
    outer loop
      vertex 314.533 48.775 7.2
      vertex 314.533 4 8
      vertex 314.533 10 7.2
    endloop
  endfacet
  facet normal 1 -0 0
    outer loop
      vertex 314.533 127.967 5.06001
      vertex 314.533 153.1 0
      vertex 314.533 128.025 5.5
    endloop
  endfacet
  facet normal 1 -0 0
    outer loop
      vertex 314.533 127.797 4.65
      vertex 314.533 153.1 0
      vertex 314.533 127.967 5.06001
    endloop
  endfacet
  facet normal 1 -0 0
    outer loop
      vertex 314.533 127.527 4.29792
      vertex 314.533 153.1 0
      vertex 314.533 127.797 4.65
    endloop
  endfacet
  facet normal 1 -0 0
    outer loop
      vertex 314.533 127.175 4.02776
      vertex 314.533 153.1 0
      vertex 314.533 127.527 4.29792
    endloop
  endfacet
  facet normal 1 -0 0
    outer loop
      vertex 314.533 126.765 3.85793
      vertex 314.533 153.1 0
      vertex 314.533 127.175 4.02776
    endloop
  endfacet
  facet normal 1 -0 0
    outer loop
      vertex 314.533 126.325 3.8
      vertex 314.533 153.1 0
      vertex 314.533 126.765 3.85793
    endloop
  endfacet
  facet normal 1 0 0
    outer loop
      vertex 314.533 87.55 3.8
      vertex 314.533 126.325 3.8
      vertex 314.533 125.885 3.85793
    endloop
  endfacet
  facet normal 1 -0 0
    outer loop
      vertex 314.533 89.25 5.5
      vertex 314.533 124.683 5.06001
      vertex 314.533 124.625 5.5
    endloop
  endfacet
  facet normal 1 0 0
    outer loop
      vertex 314.533 89.1921 5.06001
      vertex 314.533 124.683 5.06001
      vertex 314.533 89.25 5.5
    endloop
  endfacet
  facet normal 1 0 0
    outer loop
      vertex 314.533 124.683 5.06001
      vertex 314.533 89.1921 5.06001
      vertex 314.533 124.853 4.65
    endloop
  endfacet
  facet normal 1 0 0
    outer loop
      vertex 314.533 89.0222 4.65
      vertex 314.533 124.853 4.65
      vertex 314.533 89.1921 5.06001
    endloop
  endfacet
  facet normal 1 0 0
    outer loop
      vertex 314.533 124.853 4.65
      vertex 314.533 89.0222 4.65
      vertex 314.533 125.123 4.29792
    endloop
  endfacet
  facet normal 1 0 0
    outer loop
      vertex 314.533 88.7521 4.29792
      vertex 314.533 125.123 4.29792
      vertex 314.533 89.0222 4.65
    endloop
  endfacet
  facet normal 1 0 0
    outer loop
      vertex 314.533 125.123 4.29792
      vertex 314.533 88.7521 4.29792
      vertex 314.533 125.475 4.02776
    endloop
  endfacet
  facet normal 1 0 0
    outer loop
      vertex 314.533 88.4 4.02776
      vertex 314.533 125.475 4.02776
      vertex 314.533 88.7521 4.29792
    endloop
  endfacet
  facet normal 1 0 0
    outer loop
      vertex 314.533 125.475 4.02776
      vertex 314.533 88.4 4.02776
      vertex 314.533 125.885 3.85793
    endloop
  endfacet
  facet normal 1 0 0
    outer loop
      vertex 314.533 87.99 3.85793
      vertex 314.533 125.885 3.85793
      vertex 314.533 88.4 4.02776
    endloop
  endfacet
  facet normal 1 0 0
    outer loop
      vertex 314.533 87.55 3.8
      vertex 314.533 125.885 3.85793
      vertex 314.533 87.99 3.85793
    endloop
  endfacet
  facet normal 1 0 0
    outer loop
      vertex 314.533 126.325 3.8
      vertex 314.533 87.55 3.8
      vertex 314.533 153.1 0
    endloop
  endfacet
  facet normal 1 -0 0
    outer loop
      vertex 314.533 50.475 5.5
      vertex 314.533 85.9079 5.06001
      vertex 314.533 85.85 5.5
    endloop
  endfacet
  facet normal 1 0 0
    outer loop
      vertex 314.533 50.4171 5.06001
      vertex 314.533 85.9079 5.06001
      vertex 314.533 50.475 5.5
    endloop
  endfacet
  facet normal 1 0 0
    outer loop
      vertex 314.533 85.9079 5.06001
      vertex 314.533 50.4171 5.06001
      vertex 314.533 86.0778 4.65
    endloop
  endfacet
  facet normal 1 0 0
    outer loop
      vertex 314.533 50.2472 4.65
      vertex 314.533 86.0778 4.65
      vertex 314.533 50.4171 5.06001
    endloop
  endfacet
  facet normal 1 0 0
    outer loop
      vertex 314.533 86.0778 4.65
      vertex 314.533 50.2472 4.65
      vertex 314.533 86.3479 4.29792
    endloop
  endfacet
  facet normal 1 0 0
    outer loop
      vertex 314.533 49.9771 4.29792
      vertex 314.533 86.3479 4.29792
      vertex 314.533 50.2472 4.65
    endloop
  endfacet
  facet normal 1 0 0
    outer loop
      vertex 314.533 86.3479 4.29792
      vertex 314.533 49.9771 4.29792
      vertex 314.533 86.7 4.02776
    endloop
  endfacet
  facet normal 1 0 0
    outer loop
      vertex 314.533 49.625 4.02776
      vertex 314.533 86.7 4.02776
      vertex 314.533 49.9771 4.29792
    endloop
  endfacet
  facet normal 1 0 0
    outer loop
      vertex 314.533 86.7 4.02776
      vertex 314.533 49.625 4.02776
      vertex 314.533 87.11 3.85793
    endloop
  endfacet
  facet normal 1 0 0
    outer loop
      vertex 314.533 49.215 3.85793
      vertex 314.533 87.11 3.85793
      vertex 314.533 49.625 4.02776
    endloop
  endfacet
  facet normal 1 0 0
    outer loop
      vertex 314.533 87.11 3.85793
      vertex 314.533 49.215 3.85793
      vertex 314.533 87.55 3.8
    endloop
  endfacet
  facet normal 1 0 0
    outer loop
      vertex 314.533 48.775 3.8
      vertex 314.533 87.55 3.8
      vertex 314.533 49.215 3.85793
    endloop
  endfacet
  facet normal 1 0 0
    outer loop
      vertex 314.533 -4 0
      vertex 314.533 87.55 3.8
      vertex 314.533 48.775 3.8
    endloop
  endfacet
  facet normal 1 -0 0
    outer loop
      vertex 314.533 11.7 5.5
      vertex 314.533 47.1329 5.06001
      vertex 314.533 47.075 5.5
    endloop
  endfacet
  facet normal 1 0 0
    outer loop
      vertex 314.533 11.6421 5.06001
      vertex 314.533 47.1329 5.06001
      vertex 314.533 11.7 5.5
    endloop
  endfacet
  facet normal 1 0 0
    outer loop
      vertex 314.533 47.1329 5.06001
      vertex 314.533 11.6421 5.06001
      vertex 314.533 47.3028 4.65
    endloop
  endfacet
  facet normal 1 0 0
    outer loop
      vertex 314.533 11.4722 4.65
      vertex 314.533 47.3028 4.65
      vertex 314.533 11.6421 5.06001
    endloop
  endfacet
  facet normal 1 0 0
    outer loop
      vertex 314.533 47.3028 4.65
      vertex 314.533 11.4722 4.65
      vertex 314.533 47.5729 4.29792
    endloop
  endfacet
  facet normal 1 0 0
    outer loop
      vertex 314.533 11.2021 4.29792
      vertex 314.533 47.5729 4.29792
      vertex 314.533 11.4722 4.65
    endloop
  endfacet
  facet normal 1 0 0
    outer loop
      vertex 314.533 47.5729 4.29792
      vertex 314.533 11.2021 4.29792
      vertex 314.533 47.925 4.02776
    endloop
  endfacet
  facet normal 1 0 0
    outer loop
      vertex 314.533 10.85 4.02776
      vertex 314.533 47.925 4.02776
      vertex 314.533 11.2021 4.29792
    endloop
  endfacet
  facet normal 1 0 0
    outer loop
      vertex 314.533 47.925 4.02776
      vertex 314.533 10.85 4.02776
      vertex 314.533 48.335 3.85793
    endloop
  endfacet
  facet normal 1 0 0
    outer loop
      vertex 314.533 10.44 3.85793
      vertex 314.533 48.335 3.85793
      vertex 314.533 10.85 4.02776
    endloop
  endfacet
  facet normal 1 0 0
    outer loop
      vertex 314.533 -4 0
      vertex 314.533 48.335 3.85793
      vertex 314.533 10.44 3.85793
    endloop
  endfacet
  facet normal 1 0 0
    outer loop
      vertex 314.533 48.335 3.85793
      vertex 314.533 -4 0
      vertex 314.533 48.775 3.8
    endloop
  endfacet
  facet normal 1 0 0
    outer loop
      vertex 314.533 -4 0
      vertex 314.533 10.44 3.85793
      vertex 314.533 10 3.8
    endloop
  endfacet
  facet normal 1 0 0
    outer loop
      vertex 314.533 4 8
      vertex 314.533 8.35793 5.06001
      vertex 314.533 8.3 5.5
    endloop
  endfacet
  facet normal 1 0 0
    outer loop
      vertex 314.533 4 8
      vertex 314.533 8.52776 4.65
      vertex 314.533 8.35793 5.06001
    endloop
  endfacet
  facet normal 1 0 0
    outer loop
      vertex 314.533 -4 0
      vertex 314.533 8.52776 4.65
      vertex 314.533 4 8
    endloop
  endfacet
  facet normal 1 0 0
    outer loop
      vertex 314.533 -4 0
      vertex 314.533 4 8
      vertex 314.533 -4 3.01
    endloop
  endfacet
  facet normal 1 0 0
    outer loop
      vertex 314.533 8.52776 4.65
      vertex 314.533 -4 0
      vertex 314.533 8.79792 4.29792
    endloop
  endfacet
  facet normal 1 0 0
    outer loop
      vertex 314.533 8.79792 4.29792
      vertex 314.533 -4 0
      vertex 314.533 9.15 4.02776
    endloop
  endfacet
  facet normal 1 0 0
    outer loop
      vertex 314.533 9.15 4.02776
      vertex 314.533 -4 0
      vertex 314.533 9.56001 3.85793
    endloop
  endfacet
  facet normal 1 0 0
    outer loop
      vertex 314.533 9.56001 3.85793
      vertex 314.533 -4 0
      vertex 314.533 10 3.8
    endloop
  endfacet
  facet normal 1 0 0
    outer loop
      vertex 314.533 87.55 3.8
      vertex 314.533 -4 0
      vertex 314.533 153.1 0
    endloop
  endfacet
  facet normal 0 1 -0
    outer loop
      vertex 214.015 153.1 7.14207
      vertex 173.564 153.1 7.2
      vertex 214.455 153.1 7.2
    endloop
  endfacet
  facet normal 0 1 0
    outer loop
      vertex 214.015 153.1 7.14207
      vertex 174.004 153.1 7.14207
      vertex 173.564 153.1 7.2
    endloop
  endfacet
  facet normal 0 1 -0
    outer loop
      vertex 213.605 153.1 6.97224
      vertex 174.004 153.1 7.14207
      vertex 214.015 153.1 7.14207
    endloop
  endfacet
  facet normal 0 1 0
    outer loop
      vertex 213.605 153.1 6.97224
      vertex 174.414 153.1 6.97224
      vertex 174.004 153.1 7.14207
    endloop
  endfacet
  facet normal 0 1 -0
    outer loop
      vertex 213.252 153.1 6.70208
      vertex 174.414 153.1 6.97224
      vertex 213.605 153.1 6.97224
    endloop
  endfacet
  facet normal 0 1 0
    outer loop
      vertex 213.252 153.1 6.70208
      vertex 174.766 153.1 6.70208
      vertex 174.414 153.1 6.97224
    endloop
  endfacet
  facet normal 0 1 -0
    outer loop
      vertex 212.982 153.1 6.35
      vertex 174.766 153.1 6.70208
      vertex 213.252 153.1 6.70208
    endloop
  endfacet
  facet normal 0 1 0
    outer loop
      vertex 212.982 153.1 6.35
      vertex 175.036 153.1 6.35
      vertex 174.766 153.1 6.70208
    endloop
  endfacet
  facet normal 0 1 -0
    outer loop
      vertex 212.812 153.1 5.93999
      vertex 175.036 153.1 6.35
      vertex 212.982 153.1 6.35
    endloop
  endfacet
  facet normal 0 1 0
    outer loop
      vertex 212.812 153.1 5.93999
      vertex 175.206 153.1 5.93999
      vertex 175.036 153.1 6.35
    endloop
  endfacet
  facet normal 0 1 -0
    outer loop
      vertex 212.755 153.1 5.5
      vertex 175.206 153.1 5.93999
      vertex 212.812 153.1 5.93999
    endloop
  endfacet
  facet normal 0 1 0
    outer loop
      vertex 212.755 153.1 5.5
      vertex 175.264 153.1 5.5
      vertex 175.206 153.1 5.93999
    endloop
  endfacet
  facet normal 0 1 0
    outer loop
      vertex 212.812 153.1 5.06001
      vertex 175.264 153.1 5.5
      vertex 212.755 153.1 5.5
    endloop
  endfacet
  facet normal 0 1 0
    outer loop
      vertex 212.812 153.1 5.06001
      vertex 175.206 153.1 5.06001
      vertex 175.264 153.1 5.5
    endloop
  endfacet
  facet normal 0 1 0
    outer loop
      vertex 212.982 153.1 4.65
      vertex 175.206 153.1 5.06001
      vertex 212.812 153.1 5.06001
    endloop
  endfacet
  facet normal 0 1 0
    outer loop
      vertex 212.982 153.1 4.65
      vertex 175.036 153.1 4.65
      vertex 175.206 153.1 5.06001
    endloop
  endfacet
  facet normal 0 1 0
    outer loop
      vertex 213.252 153.1 4.29792
      vertex 175.036 153.1 4.65
      vertex 212.982 153.1 4.65
    endloop
  endfacet
  facet normal 0 1 0
    outer loop
      vertex 213.252 153.1 4.29792
      vertex 174.766 153.1 4.29792
      vertex 175.036 153.1 4.65
    endloop
  endfacet
  facet normal 0 1 0
    outer loop
      vertex 213.605 153.1 4.02776
      vertex 174.766 153.1 4.29792
      vertex 213.252 153.1 4.29792
    endloop
  endfacet
  facet normal 0 1 0
    outer loop
      vertex 213.605 153.1 4.02776
      vertex 174.414 153.1 4.02776
      vertex 174.766 153.1 4.29792
    endloop
  endfacet
  facet normal 0 1 0
    outer loop
      vertex 214.015 153.1 3.85793
      vertex 174.414 153.1 4.02776
      vertex 213.605 153.1 4.02776
    endloop
  endfacet
  facet normal 0 1 0
    outer loop
      vertex 214.015 153.1 3.85793
      vertex 174.004 153.1 3.85793
      vertex 174.414 153.1 4.02776
    endloop
  endfacet
  facet normal 0 1 0
    outer loop
      vertex 214.455 153.1 3.8
      vertex 174.004 153.1 3.85793
      vertex 214.015 153.1 3.85793
    endloop
  endfacet
  facet normal 0 1 0
    outer loop
      vertex 174.004 153.1 3.85793
      vertex 214.455 153.1 3.8
      vertex 173.564 153.1 3.8
    endloop
  endfacet
  facet normal 0 1 -0
    outer loop
      vertex 254.905 153.1 7.14207
      vertex 214.455 153.1 7.2
      vertex 255.345 153.1 7.2
    endloop
  endfacet
  facet normal 0 1 0
    outer loop
      vertex 254.905 153.1 7.14207
      vertex 214.895 153.1 7.14207
      vertex 214.455 153.1 7.2
    endloop
  endfacet
  facet normal 0 1 -0
    outer loop
      vertex 254.495 153.1 6.97224
      vertex 214.895 153.1 7.14207
      vertex 254.905 153.1 7.14207
    endloop
  endfacet
  facet normal 0 1 0
    outer loop
      vertex 254.495 153.1 6.97224
      vertex 215.305 153.1 6.97224
      vertex 214.895 153.1 7.14207
    endloop
  endfacet
  facet normal 0 1 -0
    outer loop
      vertex 254.143 153.1 6.70208
      vertex 215.305 153.1 6.97224
      vertex 254.495 153.1 6.97224
    endloop
  endfacet
  facet normal 0 1 0
    outer loop
      vertex 254.143 153.1 6.70208
      vertex 215.657 153.1 6.70208
      vertex 215.305 153.1 6.97224
    endloop
  endfacet
  facet normal 0 1 -0
    outer loop
      vertex 253.873 153.1 6.35
      vertex 215.657 153.1 6.70208
      vertex 254.143 153.1 6.70208
    endloop
  endfacet
  facet normal 0 1 0
    outer loop
      vertex 253.873 153.1 6.35
      vertex 215.927 153.1 6.35
      vertex 215.657 153.1 6.70208
    endloop
  endfacet
  facet normal 0 1 -0
    outer loop
      vertex 253.703 153.1 5.93999
      vertex 215.927 153.1 6.35
      vertex 253.873 153.1 6.35
    endloop
  endfacet
  facet normal 0 1 0
    outer loop
      vertex 253.703 153.1 5.93999
      vertex 216.097 153.1 5.93999
      vertex 215.927 153.1 6.35
    endloop
  endfacet
  facet normal 0 1 -0
    outer loop
      vertex 253.645 153.1 5.5
      vertex 216.097 153.1 5.93999
      vertex 253.703 153.1 5.93999
    endloop
  endfacet
  facet normal 0 1 0
    outer loop
      vertex 253.645 153.1 5.5
      vertex 216.155 153.1 5.5
      vertex 216.097 153.1 5.93999
    endloop
  endfacet
  facet normal 0 1 0
    outer loop
      vertex 253.703 153.1 5.06001
      vertex 216.155 153.1 5.5
      vertex 253.645 153.1 5.5
    endloop
  endfacet
  facet normal 0 1 0
    outer loop
      vertex 253.703 153.1 5.06001
      vertex 216.097 153.1 5.06001
      vertex 216.155 153.1 5.5
    endloop
  endfacet
  facet normal 0 1 0
    outer loop
      vertex 253.873 153.1 4.65
      vertex 216.097 153.1 5.06001
      vertex 253.703 153.1 5.06001
    endloop
  endfacet
  facet normal 0 1 0
    outer loop
      vertex 253.873 153.1 4.65
      vertex 215.927 153.1 4.65
      vertex 216.097 153.1 5.06001
    endloop
  endfacet
  facet normal 0 1 0
    outer loop
      vertex 254.143 153.1 4.29792
      vertex 215.927 153.1 4.65
      vertex 253.873 153.1 4.65
    endloop
  endfacet
  facet normal 0 1 0
    outer loop
      vertex 254.143 153.1 4.29792
      vertex 215.657 153.1 4.29792
      vertex 215.927 153.1 4.65
    endloop
  endfacet
  facet normal 0 1 0
    outer loop
      vertex 254.495 153.1 4.02776
      vertex 215.657 153.1 4.29792
      vertex 254.143 153.1 4.29792
    endloop
  endfacet
  facet normal 0 1 0
    outer loop
      vertex 254.495 153.1 4.02776
      vertex 215.305 153.1 4.02776
      vertex 215.657 153.1 4.29792
    endloop
  endfacet
  facet normal 0 1 0
    outer loop
      vertex 254.905 153.1 3.85793
      vertex 215.305 153.1 4.02776
      vertex 254.495 153.1 4.02776
    endloop
  endfacet
  facet normal 0 1 0
    outer loop
      vertex 254.905 153.1 3.85793
      vertex 214.895 153.1 3.85793
      vertex 215.305 153.1 4.02776
    endloop
  endfacet
  facet normal 0 1 0
    outer loop
      vertex 255.345 153.1 3.8
      vertex 214.895 153.1 3.85793
      vertex 254.905 153.1 3.85793
    endloop
  endfacet
  facet normal 0 1 0
    outer loop
      vertex 214.895 153.1 3.85793
      vertex 255.345 153.1 3.8
      vertex 214.455 153.1 3.8
    endloop
  endfacet
  facet normal 0 1 -0
    outer loop
      vertex 295.796 153.1 7.14207
      vertex 255.345 153.1 7.2
      vertex 296.236 153.1 7.2
    endloop
  endfacet
  facet normal 0 1 0
    outer loop
      vertex 295.796 153.1 7.14207
      vertex 255.785 153.1 7.14207
      vertex 255.345 153.1 7.2
    endloop
  endfacet
  facet normal 0 1 -0
    outer loop
      vertex 295.386 153.1 6.97224
      vertex 255.785 153.1 7.14207
      vertex 295.796 153.1 7.14207
    endloop
  endfacet
  facet normal 0 1 0
    outer loop
      vertex 295.386 153.1 6.97224
      vertex 256.195 153.1 6.97224
      vertex 255.785 153.1 7.14207
    endloop
  endfacet
  facet normal 0 1 -0
    outer loop
      vertex 295.034 153.1 6.70208
      vertex 256.195 153.1 6.97224
      vertex 295.386 153.1 6.97224
    endloop
  endfacet
  facet normal 0 1 0
    outer loop
      vertex 295.034 153.1 6.70208
      vertex 256.548 153.1 6.70208
      vertex 256.195 153.1 6.97224
    endloop
  endfacet
  facet normal 0 1 -0
    outer loop
      vertex 294.764 153.1 6.35
      vertex 256.548 153.1 6.70208
      vertex 295.034 153.1 6.70208
    endloop
  endfacet
  facet normal 0 1 0
    outer loop
      vertex 294.764 153.1 6.35
      vertex 256.818 153.1 6.35
      vertex 256.548 153.1 6.70208
    endloop
  endfacet
  facet normal 0 1 -0
    outer loop
      vertex 294.594 153.1 5.93999
      vertex 256.818 153.1 6.35
      vertex 294.764 153.1 6.35
    endloop
  endfacet
  facet normal 0 1 0
    outer loop
      vertex 294.594 153.1 5.93999
      vertex 256.988 153.1 5.93999
      vertex 256.818 153.1 6.35
    endloop
  endfacet
  facet normal 0 1 -0
    outer loop
      vertex 294.536 153.1 5.5
      vertex 256.988 153.1 5.93999
      vertex 294.594 153.1 5.93999
    endloop
  endfacet
  facet normal 0 1 0
    outer loop
      vertex 294.536 153.1 5.5
      vertex 257.045 153.1 5.5
      vertex 256.988 153.1 5.93999
    endloop
  endfacet
  facet normal 0 1 0
    outer loop
      vertex 294.594 153.1 5.06001
      vertex 257.045 153.1 5.5
      vertex 294.536 153.1 5.5
    endloop
  endfacet
  facet normal 0 1 0
    outer loop
      vertex 294.594 153.1 5.06001
      vertex 256.988 153.1 5.06001
      vertex 257.045 153.1 5.5
    endloop
  endfacet
  facet normal 0 1 0
    outer loop
      vertex 294.764 153.1 4.65
      vertex 256.988 153.1 5.06001
      vertex 294.594 153.1 5.06001
    endloop
  endfacet
  facet normal 0 1 0
    outer loop
      vertex 294.764 153.1 4.65
      vertex 256.818 153.1 4.65
      vertex 256.988 153.1 5.06001
    endloop
  endfacet
  facet normal 0 1 0
    outer loop
      vertex 295.034 153.1 4.29792
      vertex 256.818 153.1 4.65
      vertex 294.764 153.1 4.65
    endloop
  endfacet
  facet normal 0 1 0
    outer loop
      vertex 295.034 153.1 4.29792
      vertex 256.548 153.1 4.29792
      vertex 256.818 153.1 4.65
    endloop
  endfacet
  facet normal 0 1 0
    outer loop
      vertex 295.386 153.1 4.02776
      vertex 256.548 153.1 4.29792
      vertex 295.034 153.1 4.29792
    endloop
  endfacet
  facet normal 0 1 0
    outer loop
      vertex 295.386 153.1 4.02776
      vertex 256.195 153.1 4.02776
      vertex 256.548 153.1 4.29792
    endloop
  endfacet
  facet normal 0 1 0
    outer loop
      vertex 295.796 153.1 3.85793
      vertex 256.195 153.1 4.02776
      vertex 295.386 153.1 4.02776
    endloop
  endfacet
  facet normal 0 1 0
    outer loop
      vertex 295.796 153.1 3.85793
      vertex 255.785 153.1 3.85793
      vertex 256.195 153.1 4.02776
    endloop
  endfacet
  facet normal 0 1 0
    outer loop
      vertex 296.236 153.1 3.8
      vertex 255.785 153.1 3.85793
      vertex 295.796 153.1 3.85793
    endloop
  endfacet
  facet normal 0 1 0
    outer loop
      vertex 255.785 153.1 3.85793
      vertex 296.236 153.1 3.8
      vertex 255.345 153.1 3.8
    endloop
  endfacet
  facet normal 0 1 0
    outer loop
      vertex 255.345 153.1 7.2
      vertex 314.533 153.1 8
      vertex 296.236 153.1 7.2
    endloop
  endfacet
  facet normal 0 1 0
    outer loop
      vertex 314.533 153.1 8
      vertex 296.676 153.1 7.14207
      vertex 296.236 153.1 7.2
    endloop
  endfacet
  facet normal 0 1 0
    outer loop
      vertex 314.533 153.1 8
      vertex 297.086 153.1 6.97224
      vertex 296.676 153.1 7.14207
    endloop
  endfacet
  facet normal 0 1 0
    outer loop
      vertex 314.533 153.1 8
      vertex 297.438 153.1 6.70208
      vertex 297.086 153.1 6.97224
    endloop
  endfacet
  facet normal 0 1 0
    outer loop
      vertex 314.533 153.1 8
      vertex 297.709 153.1 6.35
      vertex 297.438 153.1 6.70208
    endloop
  endfacet
  facet normal 0 1 0
    outer loop
      vertex 314.533 153.1 8
      vertex 297.878 153.1 5.93999
      vertex 297.709 153.1 6.35
    endloop
  endfacet
  facet normal 0 1 0
    outer loop
      vertex 314.533 153.1 8
      vertex 297.936 153.1 5.5
      vertex 297.878 153.1 5.93999
    endloop
  endfacet
  facet normal 0 1 0
    outer loop
      vertex 314.533 153.1 8
      vertex 297.878 153.1 5.06001
      vertex 297.936 153.1 5.5
    endloop
  endfacet
  facet normal 0 1 -0
    outer loop
      vertex 314.533 153.1 0
      vertex 297.878 153.1 5.06001
      vertex 314.533 153.1 8
    endloop
  endfacet
  facet normal 0 1 0
    outer loop
      vertex 297.878 153.1 5.06001
      vertex 314.533 153.1 0
      vertex 297.709 153.1 4.65
    endloop
  endfacet
  facet normal 0 1 0
    outer loop
      vertex 297.709 153.1 4.65
      vertex 314.533 153.1 0
      vertex 297.438 153.1 4.29792
    endloop
  endfacet
  facet normal 0 1 0
    outer loop
      vertex 297.438 153.1 4.29792
      vertex 314.533 153.1 0
      vertex 297.086 153.1 4.02776
    endloop
  endfacet
  facet normal 0 1 0
    outer loop
      vertex 314.533 153.1 0
      vertex 255.345 153.1 3.8
      vertex 296.236 153.1 3.8
    endloop
  endfacet
  facet normal 0 1 0
    outer loop
      vertex 255.345 153.1 3.8
      vertex 314.533 153.1 0
      vertex 214.455 153.1 3.8
    endloop
  endfacet
  facet normal 0 1 0
    outer loop
      vertex 151.267 153.1 0
      vertex 214.455 153.1 3.8
      vertex 314.533 153.1 0
    endloop
  endfacet
  facet normal 0 1 0
    outer loop
      vertex 296.676 153.1 3.85793
      vertex 314.533 153.1 0
      vertex 296.236 153.1 3.8
    endloop
  endfacet
  facet normal 0 1 0
    outer loop
      vertex 297.086 153.1 4.02776
      vertex 314.533 153.1 0
      vertex 296.676 153.1 3.85793
    endloop
  endfacet
  facet normal 0 1 0
    outer loop
      vertex 314.533 153.1 8
      vertex 255.345 153.1 7.2
      vertex 151.267 153.1 8
    endloop
  endfacet
  facet normal 0 1 -0
    outer loop
      vertex 214.455 153.1 7.2
      vertex 151.267 153.1 8
      vertex 255.345 153.1 7.2
    endloop
  endfacet
  facet normal 0 1 -0
    outer loop
      vertex 173.564 153.1 7.2
      vertex 151.267 153.1 8
      vertex 214.455 153.1 7.2
    endloop
  endfacet
  facet normal 0 1 -0
    outer loop
      vertex 173.124 153.1 7.14207
      vertex 151.267 153.1 8
      vertex 173.564 153.1 7.2
    endloop
  endfacet
  facet normal 0 1 -0
    outer loop
      vertex 172.714 153.1 6.97224
      vertex 151.267 153.1 8
      vertex 173.124 153.1 7.14207
    endloop
  endfacet
  facet normal 0 1 -0
    outer loop
      vertex 172.362 153.1 6.70208
      vertex 151.267 153.1 8
      vertex 172.714 153.1 6.97224
    endloop
  endfacet
  facet normal 0 1 -0
    outer loop
      vertex 172.091 153.1 6.35
      vertex 151.267 153.1 8
      vertex 172.362 153.1 6.70208
    endloop
  endfacet
  facet normal 0 1 -0
    outer loop
      vertex 171.922 153.1 5.93999
      vertex 151.267 153.1 8
      vertex 172.091 153.1 6.35
    endloop
  endfacet
  facet normal 0 1 -0
    outer loop
      vertex 171.864 153.1 5.5
      vertex 151.267 153.1 8
      vertex 171.922 153.1 5.93999
    endloop
  endfacet
  facet normal 0 1 0
    outer loop
      vertex 151.267 153.1 0
      vertex 171.864 153.1 5.5
      vertex 171.922 153.1 5.06001
    endloop
  endfacet
  facet normal 0 1 0
    outer loop
      vertex 151.267 153.1 0
      vertex 171.922 153.1 5.06001
      vertex 172.091 153.1 4.65
    endloop
  endfacet
  facet normal 0 1 0
    outer loop
      vertex 151.267 153.1 0
      vertex 172.091 153.1 4.65
      vertex 172.362 153.1 4.29792
    endloop
  endfacet
  facet normal 0 1 0
    outer loop
      vertex 151.267 153.1 0
      vertex 172.362 153.1 4.29792
      vertex 172.714 153.1 4.02776
    endloop
  endfacet
  facet normal 0 1 0
    outer loop
      vertex 151.267 153.1 0
      vertex 172.714 153.1 4.02776
      vertex 173.124 153.1 3.85793
    endloop
  endfacet
  facet normal 0 1 0
    outer loop
      vertex 171.864 153.1 5.5
      vertex 151.267 153.1 0
      vertex 151.267 153.1 8
    endloop
  endfacet
  facet normal 0 1 0
    outer loop
      vertex 173.564 153.1 3.8
      vertex 151.267 153.1 0
      vertex 173.124 153.1 3.85793
    endloop
  endfacet
  facet normal 0 1 0
    outer loop
      vertex 214.455 153.1 3.8
      vertex 151.267 153.1 0
      vertex 173.564 153.1 3.8
    endloop
  endfacet
  facet normal 1 0 0
    outer loop
      vertex 155.277 4 10.76
      vertex 155.277 -0.999999 10.75
      vertex 155.277 4 3.01
    endloop
  endfacet
  facet normal 1 -0 0
    outer loop
      vertex 155.277 -4 10.76
      vertex 155.277 -0.999999 10.75
      vertex 155.277 4 10.76
    endloop
  endfacet
  facet normal 1 0 0
    outer loop
      vertex 155.277 -0.999999 10.75
      vertex 155.277 -4 10.76
      vertex 155.277 -4 10.75
    endloop
  endfacet
  facet normal 0 0 0
    outer loop
      vertex 155.277 -4 3.01
      vertex 155.277 -4 10.75
      vertex 155.277 -4 10.76
    endloop
  endfacet
  facet normal 1 0 0
    outer loop
      vertex 155.277 4 3.01
      vertex 155.277 -0.999999 10.75
      vertex 155.277 -0.999999 3.01
    endloop
  endfacet
  facet normal 0 1 0
    outer loop
      vertex 155.277 4 10.76
      vertex 155.267 4 8
      vertex 151.267 4 10.76
    endloop
  endfacet
  facet normal 0 1 -0
    outer loop
      vertex 155.277 4 3.01
      vertex 155.267 4 8
      vertex 155.277 4 10.76
    endloop
  endfacet
  facet normal 0 1 0
    outer loop
      vertex 155.267 4 8
      vertex 155.277 4 3.01
      vertex 155.267 4 3.01
    endloop
  endfacet
  facet normal 0 1 0
    outer loop
      vertex 151.267 4 10.76
      vertex 155.267 4 8
      vertex 151.267 4 8
    endloop
  endfacet
  facet normal 0 0 -1
    outer loop
      vertex 155.267 -0.999999 3.01
      vertex 155.277 4 3.01
      vertex 155.277 -0.999999 3.01
    endloop
  endfacet
  facet normal -0 0 -1
    outer loop
      vertex 155.277 4 3.01
      vertex 155.267 -0.999999 3.01
      vertex 155.267 4 3.01
    endloop
  endfacet
  facet normal -0 0 1
    outer loop
      vertex 151.267 4 10.76
      vertex 155.277 -4 10.76
      vertex 155.277 4 10.76
    endloop
  endfacet
  facet normal 0 0 1
    outer loop
      vertex 155.277 -4 10.76
      vertex 151.267 4 10.76
      vertex 151.267 -4 10.76
    endloop
  endfacet
  facet normal 0 -1 0
    outer loop
      vertex 151.267 -4 3.01
      vertex 155.277 -4 10.76
      vertex 151.267 -4 10.76
    endloop
  endfacet
  facet normal 0 -1 -0
    outer loop
      vertex 155.277 -4 10.76
      vertex 151.267 -4 3.01
      vertex 155.277 -4 3.01
    endloop
  endfacet
  facet normal 0 0 1
    outer loop
      vertex 314.533 153.1 8
      vertex 310.533 149.1 8
      vertex 314.533 4 8
    endloop
  endfacet
  facet normal 0 0 1
    outer loop
      vertex 314.533 153.1 8
      vertex 155.267 149.1 8
      vertex 310.533 149.1 8
    endloop
  endfacet
  facet normal -0 0 1
    outer loop
      vertex 151.267 153.1 8
      vertex 155.267 149.1 8
      vertex 314.533 153.1 8
    endloop
  endfacet
  facet normal 0 0 1
    outer loop
      vertex 151.267 4 8
      vertex 155.267 149.1 8
      vertex 151.267 153.1 8
    endloop
  endfacet
  facet normal 0 0 1
    outer loop
      vertex 155.267 149.1 8
      vertex 151.267 4 8
      vertex 155.267 4 8
    endloop
  endfacet
  facet normal 0 0 1
    outer loop
      vertex 314.533 4 8
      vertex 310.533 149.1 8
      vertex 310.533 4 8
    endloop
  endfacet
  facet normal 1 0 0
    outer loop
      vertex 155.267 149.1 8
      vertex 155.267 128.025 5.5
      vertex 155.267 149.1 3
    endloop
  endfacet
  facet normal 1 0 0
    outer loop
      vertex 155.267 149.1 8
      vertex 155.267 127.967 5.93999
      vertex 155.267 128.025 5.5
    endloop
  endfacet
  facet normal 1 0 0
    outer loop
      vertex 155.267 149.1 8
      vertex 155.267 127.797 6.35
      vertex 155.267 127.967 5.93999
    endloop
  endfacet
  facet normal 1 0 0
    outer loop
      vertex 155.267 149.1 8
      vertex 155.267 127.527 6.70208
      vertex 155.267 127.797 6.35
    endloop
  endfacet
  facet normal 1 0 0
    outer loop
      vertex 155.267 149.1 8
      vertex 155.267 127.175 6.97224
      vertex 155.267 127.527 6.70208
    endloop
  endfacet
  facet normal 1 0 0
    outer loop
      vertex 155.267 149.1 8
      vertex 155.267 126.765 7.14207
      vertex 155.267 127.175 6.97224
    endloop
  endfacet
  facet normal 1 0 0
    outer loop
      vertex 155.267 149.1 8
      vertex 155.267 126.325 7.2
      vertex 155.267 126.765 7.14207
    endloop
  endfacet
  facet normal 1 0 0
    outer loop
      vertex 155.267 124.683 5.93999
      vertex 155.267 89.25 5.5
      vertex 155.267 124.625 5.5
    endloop
  endfacet
  facet normal 1 0 0
    outer loop
      vertex 155.267 89.1921 5.93999
      vertex 155.267 124.683 5.93999
      vertex 155.267 124.853 6.35
    endloop
  endfacet
  facet normal 1 0 0
    outer loop
      vertex 155.267 89.0222 6.35
      vertex 155.267 124.853 6.35
      vertex 155.267 125.123 6.70208
    endloop
  endfacet
  facet normal 1 0 0
    outer loop
      vertex 155.267 88.7521 6.70208
      vertex 155.267 125.123 6.70208
      vertex 155.267 125.475 6.97224
    endloop
  endfacet
  facet normal 1 0 0
    outer loop
      vertex 155.267 88.4 6.97224
      vertex 155.267 125.475 6.97224
      vertex 155.267 125.885 7.14207
    endloop
  endfacet
  facet normal 1 0 0
    outer loop
      vertex 155.267 87.99 7.14207
      vertex 155.267 125.885 7.14207
      vertex 155.267 126.325 7.2
    endloop
  endfacet
  facet normal 1 0 0
    outer loop
      vertex 155.267 124.683 5.93999
      vertex 155.267 89.1921 5.93999
      vertex 155.267 89.25 5.5
    endloop
  endfacet
  facet normal 1 0 0
    outer loop
      vertex 155.267 87.55 7.2
      vertex 155.267 126.325 7.2
      vertex 155.267 149.1 8
    endloop
  endfacet
  facet normal 1 0 0
    outer loop
      vertex 155.267 124.853 6.35
      vertex 155.267 89.0222 6.35
      vertex 155.267 89.1921 5.93999
    endloop
  endfacet
  facet normal 1 0 0
    outer loop
      vertex 155.267 125.123 6.70208
      vertex 155.267 88.7521 6.70208
      vertex 155.267 89.0222 6.35
    endloop
  endfacet
  facet normal 1 0 0
    outer loop
      vertex 155.267 125.475 6.97224
      vertex 155.267 88.4 6.97224
      vertex 155.267 88.7521 6.70208
    endloop
  endfacet
  facet normal 1 0 0
    outer loop
      vertex 155.267 125.885 7.14207
      vertex 155.267 87.99 7.14207
      vertex 155.267 88.4 6.97224
    endloop
  endfacet
  facet normal 1 0 0
    outer loop
      vertex 155.267 126.325 7.2
      vertex 155.267 87.55 7.2
      vertex 155.267 87.99 7.14207
    endloop
  endfacet
  facet normal 1 0 0
    outer loop
      vertex 155.267 85.9079 5.93999
      vertex 155.267 50.475 5.5
      vertex 155.267 85.85 5.5
    endloop
  endfacet
  facet normal 1 0 0
    outer loop
      vertex 155.267 50.4171 5.93999
      vertex 155.267 85.9079 5.93999
      vertex 155.267 86.0778 6.35
    endloop
  endfacet
  facet normal 1 0 0
    outer loop
      vertex 155.267 50.2472 6.35
      vertex 155.267 86.0778 6.35
      vertex 155.267 86.3479 6.70208
    endloop
  endfacet
  facet normal 1 0 0
    outer loop
      vertex 155.267 49.9771 6.70208
      vertex 155.267 86.3479 6.70208
      vertex 155.267 86.7 6.97224
    endloop
  endfacet
  facet normal 1 0 0
    outer loop
      vertex 155.267 49.625 6.97224
      vertex 155.267 86.7 6.97224
      vertex 155.267 87.11 7.14207
    endloop
  endfacet
  facet normal 1 0 0
    outer loop
      vertex 155.267 49.215 7.14207
      vertex 155.267 87.11 7.14207
      vertex 155.267 87.55 7.2
    endloop
  endfacet
  facet normal 1 0 0
    outer loop
      vertex 155.267 85.9079 5.93999
      vertex 155.267 50.4171 5.93999
      vertex 155.267 50.475 5.5
    endloop
  endfacet
  facet normal 1 0 0
    outer loop
      vertex 155.267 86.0778 6.35
      vertex 155.267 50.2472 6.35
      vertex 155.267 50.4171 5.93999
    endloop
  endfacet
  facet normal 1 0 0
    outer loop
      vertex 155.267 86.3479 6.70208
      vertex 155.267 49.9771 6.70208
      vertex 155.267 50.2472 6.35
    endloop
  endfacet
  facet normal 1 0 0
    outer loop
      vertex 155.267 86.7 6.97224
      vertex 155.267 49.625 6.97224
      vertex 155.267 49.9771 6.70208
    endloop
  endfacet
  facet normal 1 0 0
    outer loop
      vertex 155.267 48.775 7.2
      vertex 155.267 87.55 7.2
      vertex 155.267 149.1 8
    endloop
  endfacet
  facet normal 1 0 0
    outer loop
      vertex 155.267 87.11 7.14207
      vertex 155.267 49.215 7.14207
      vertex 155.267 49.625 6.97224
    endloop
  endfacet
  facet normal 1 0 0
    outer loop
      vertex 155.267 87.55 7.2
      vertex 155.267 48.775 7.2
      vertex 155.267 49.215 7.14207
    endloop
  endfacet
  facet normal 1 0 0
    outer loop
      vertex 155.267 47.1329 5.93999
      vertex 155.267 11.7 5.5
      vertex 155.267 47.075 5.5
    endloop
  endfacet
  facet normal 1 0 0
    outer loop
      vertex 155.267 11.6421 5.93999
      vertex 155.267 47.1329 5.93999
      vertex 155.267 47.3028 6.35
    endloop
  endfacet
  facet normal 1 0 0
    outer loop
      vertex 155.267 11.4722 6.35
      vertex 155.267 47.3028 6.35
      vertex 155.267 47.5729 6.70208
    endloop
  endfacet
  facet normal 1 0 0
    outer loop
      vertex 155.267 11.2021 6.70208
      vertex 155.267 47.5729 6.70208
      vertex 155.267 47.925 6.97224
    endloop
  endfacet
  facet normal 1 0 0
    outer loop
      vertex 155.267 10.85 6.97224
      vertex 155.267 47.925 6.97224
      vertex 155.267 48.335 7.14207
    endloop
  endfacet
  facet normal 1 0 0
    outer loop
      vertex 155.267 10.44 7.14207
      vertex 155.267 48.335 7.14207
      vertex 155.267 48.775 7.2
    endloop
  endfacet
  facet normal 1 0 0
    outer loop
      vertex 155.267 47.1329 5.93999
      vertex 155.267 11.6421 5.93999
      vertex 155.267 11.7 5.5
    endloop
  endfacet
  facet normal 1 0 0
    outer loop
      vertex 155.267 47.3028 6.35
      vertex 155.267 11.4722 6.35
      vertex 155.267 11.6421 5.93999
    endloop
  endfacet
  facet normal 1 0 0
    outer loop
      vertex 155.267 47.5729 6.70208
      vertex 155.267 11.2021 6.70208
      vertex 155.267 11.4722 6.35
    endloop
  endfacet
  facet normal 1 0 0
    outer loop
      vertex 155.267 47.925 6.97224
      vertex 155.267 10.85 6.97224
      vertex 155.267 11.2021 6.70208
    endloop
  endfacet
  facet normal 1 -0 0
    outer loop
      vertex 155.267 4 8
      vertex 155.267 48.775 7.2
      vertex 155.267 149.1 8
    endloop
  endfacet
  facet normal 1 0 0
    outer loop
      vertex 155.267 48.335 7.14207
      vertex 155.267 10.44 7.14207
      vertex 155.267 10.85 6.97224
    endloop
  endfacet
  facet normal 1 0 0
    outer loop
      vertex 155.267 48.775 7.2
      vertex 155.267 10 7.2
      vertex 155.267 10.44 7.14207
    endloop
  endfacet
  facet normal 1 0 0
    outer loop
      vertex 155.267 8.35793 5.93999
      vertex 155.267 4 8
      vertex 155.267 8.3 5.5
    endloop
  endfacet
  facet normal 1 0 0
    outer loop
      vertex 155.267 8.52776 6.35
      vertex 155.267 4 8
      vertex 155.267 8.35793 5.93999
    endloop
  endfacet
  facet normal 1 0 0
    outer loop
      vertex 155.267 8.79792 6.70208
      vertex 155.267 4 8
      vertex 155.267 8.52776 6.35
    endloop
  endfacet
  facet normal 1 0 0
    outer loop
      vertex 155.267 9.15 6.97224
      vertex 155.267 4 8
      vertex 155.267 8.79792 6.70208
    endloop
  endfacet
  facet normal 1 0 0
    outer loop
      vertex 155.267 9.56001 7.14207
      vertex 155.267 4 8
      vertex 155.267 9.15 6.97224
    endloop
  endfacet
  facet normal 1 0 0
    outer loop
      vertex 155.267 10 7.2
      vertex 155.267 4 8
      vertex 155.267 9.56001 7.14207
    endloop
  endfacet
  facet normal 1 0 0
    outer loop
      vertex 155.267 48.775 7.2
      vertex 155.267 4 8
      vertex 155.267 10 7.2
    endloop
  endfacet
  facet normal 1 -0 0
    outer loop
      vertex 155.267 127.967 5.06001
      vertex 155.267 149.1 3
      vertex 155.267 128.025 5.5
    endloop
  endfacet
  facet normal 1 -0 0
    outer loop
      vertex 155.267 127.797 4.65
      vertex 155.267 149.1 3
      vertex 155.267 127.967 5.06001
    endloop
  endfacet
  facet normal 1 -0 0
    outer loop
      vertex 155.267 127.527 4.29792
      vertex 155.267 149.1 3
      vertex 155.267 127.797 4.65
    endloop
  endfacet
  facet normal 1 -0 0
    outer loop
      vertex 155.267 127.175 4.02776
      vertex 155.267 149.1 3
      vertex 155.267 127.527 4.29792
    endloop
  endfacet
  facet normal 1 -0 0
    outer loop
      vertex 155.267 126.765 3.85793
      vertex 155.267 149.1 3
      vertex 155.267 127.175 4.02776
    endloop
  endfacet
  facet normal 1 -0 0
    outer loop
      vertex 155.267 126.325 3.8
      vertex 155.267 149.1 3
      vertex 155.267 126.765 3.85793
    endloop
  endfacet
  facet normal 1 -0 0
    outer loop
      vertex 155.267 89.25 5.5
      vertex 155.267 124.683 5.06001
      vertex 155.267 124.625 5.5
    endloop
  endfacet
  facet normal 1 0 0
    outer loop
      vertex 155.267 89.1921 5.06001
      vertex 155.267 124.683 5.06001
      vertex 155.267 89.25 5.5
    endloop
  endfacet
  facet normal 1 0 0
    outer loop
      vertex 155.267 124.683 5.06001
      vertex 155.267 89.1921 5.06001
      vertex 155.267 124.853 4.65
    endloop
  endfacet
  facet normal 1 0 0
    outer loop
      vertex 155.267 89.0222 4.65
      vertex 155.267 124.853 4.65
      vertex 155.267 89.1921 5.06001
    endloop
  endfacet
  facet normal 1 0 0
    outer loop
      vertex 155.267 124.853 4.65
      vertex 155.267 89.0222 4.65
      vertex 155.267 125.123 4.29792
    endloop
  endfacet
  facet normal 1 0 0
    outer loop
      vertex 155.267 88.7521 4.29792
      vertex 155.267 125.123 4.29792
      vertex 155.267 89.0222 4.65
    endloop
  endfacet
  facet normal 1 0 0
    outer loop
      vertex 155.267 125.123 4.29792
      vertex 155.267 88.7521 4.29792
      vertex 155.267 125.475 4.02776
    endloop
  endfacet
  facet normal 1 0 0
    outer loop
      vertex 155.267 88.4 4.02776
      vertex 155.267 125.475 4.02776
      vertex 155.267 88.7521 4.29792
    endloop
  endfacet
  facet normal 1 0 0
    outer loop
      vertex 155.267 125.475 4.02776
      vertex 155.267 88.4 4.02776
      vertex 155.267 125.885 3.85793
    endloop
  endfacet
  facet normal 1 0 0
    outer loop
      vertex 155.267 87.99 3.85793
      vertex 155.267 125.885 3.85793
      vertex 155.267 88.4 4.02776
    endloop
  endfacet
  facet normal 1 0 0
    outer loop
      vertex 155.267 125.885 3.85793
      vertex 155.267 87.99 3.85793
      vertex 155.267 126.325 3.8
    endloop
  endfacet
  facet normal 1 0 0
    outer loop
      vertex 155.267 87.55 3.8
      vertex 155.267 126.325 3.8
      vertex 155.267 87.99 3.85793
    endloop
  endfacet
  facet normal 1 0 0
    outer loop
      vertex 155.267 126.325 3.8
      vertex 155.267 87.55 3.8
      vertex 155.267 149.1 3
    endloop
  endfacet
  facet normal 1 -0 0
    outer loop
      vertex 155.267 50.475 5.5
      vertex 155.267 85.9079 5.06001
      vertex 155.267 85.85 5.5
    endloop
  endfacet
  facet normal 1 0 0
    outer loop
      vertex 155.267 50.4171 5.06001
      vertex 155.267 85.9079 5.06001
      vertex 155.267 50.475 5.5
    endloop
  endfacet
  facet normal 1 0 0
    outer loop
      vertex 155.267 85.9079 5.06001
      vertex 155.267 50.4171 5.06001
      vertex 155.267 86.0778 4.65
    endloop
  endfacet
  facet normal 1 0 0
    outer loop
      vertex 155.267 50.2472 4.65
      vertex 155.267 86.0778 4.65
      vertex 155.267 50.4171 5.06001
    endloop
  endfacet
  facet normal 1 0 0
    outer loop
      vertex 155.267 86.0778 4.65
      vertex 155.267 50.2472 4.65
      vertex 155.267 86.3479 4.29792
    endloop
  endfacet
  facet normal 1 0 0
    outer loop
      vertex 155.267 49.9771 4.29792
      vertex 155.267 86.3479 4.29792
      vertex 155.267 50.2472 4.65
    endloop
  endfacet
  facet normal 1 0 0
    outer loop
      vertex 155.267 86.3479 4.29792
      vertex 155.267 49.9771 4.29792
      vertex 155.267 86.7 4.02776
    endloop
  endfacet
  facet normal 1 0 0
    outer loop
      vertex 155.267 49.625 4.02776
      vertex 155.267 86.7 4.02776
      vertex 155.267 49.9771 4.29792
    endloop
  endfacet
  facet normal 1 0 0
    outer loop
      vertex 155.267 86.7 4.02776
      vertex 155.267 49.625 4.02776
      vertex 155.267 87.11 3.85793
    endloop
  endfacet
  facet normal 1 0 0
    outer loop
      vertex 155.267 49.215 3.85793
      vertex 155.267 87.11 3.85793
      vertex 155.267 49.625 4.02776
    endloop
  endfacet
  facet normal 1 0 0
    outer loop
      vertex 155.267 87.11 3.85793
      vertex 155.267 49.215 3.85793
      vertex 155.267 87.55 3.8
    endloop
  endfacet
  facet normal 1 0 0
    outer loop
      vertex 155.267 48.775 3.8
      vertex 155.267 87.55 3.8
      vertex 155.267 49.215 3.85793
    endloop
  endfacet
  facet normal 1 0 0
    outer loop
      vertex 155.267 87.55 3.8
      vertex 155.267 48.775 3.8
      vertex 155.267 149.1 3
    endloop
  endfacet
  facet normal 1 -0 0
    outer loop
      vertex 155.267 11.7 5.5
      vertex 155.267 47.1329 5.06001
      vertex 155.267 47.075 5.5
    endloop
  endfacet
  facet normal 1 0 0
    outer loop
      vertex 155.267 11.6421 5.06001
      vertex 155.267 47.1329 5.06001
      vertex 155.267 11.7 5.5
    endloop
  endfacet
  facet normal 1 0 0
    outer loop
      vertex 155.267 47.1329 5.06001
      vertex 155.267 11.6421 5.06001
      vertex 155.267 47.3028 4.65
    endloop
  endfacet
  facet normal 1 0 0
    outer loop
      vertex 155.267 11.4722 4.65
      vertex 155.267 47.3028 4.65
      vertex 155.267 11.6421 5.06001
    endloop
  endfacet
  facet normal 1 0 0
    outer loop
      vertex 155.267 47.3028 4.65
      vertex 155.267 11.4722 4.65
      vertex 155.267 47.5729 4.29792
    endloop
  endfacet
  facet normal 1 0 0
    outer loop
      vertex 155.267 11.2021 4.29792
      vertex 155.267 47.5729 4.29792
      vertex 155.267 11.4722 4.65
    endloop
  endfacet
  facet normal 1 0 0
    outer loop
      vertex 155.267 47.5729 4.29792
      vertex 155.267 11.2021 4.29792
      vertex 155.267 47.925 4.02776
    endloop
  endfacet
  facet normal 1 0 0
    outer loop
      vertex 155.267 10.85 4.02776
      vertex 155.267 47.925 4.02776
      vertex 155.267 11.2021 4.29792
    endloop
  endfacet
  facet normal 1 0 0
    outer loop
      vertex 155.267 47.925 4.02776
      vertex 155.267 10.85 4.02776
      vertex 155.267 48.335 3.85793
    endloop
  endfacet
  facet normal 1 0 0
    outer loop
      vertex 155.267 10.44 3.85793
      vertex 155.267 48.335 3.85793
      vertex 155.267 10.85 4.02776
    endloop
  endfacet
  facet normal 1 0 0
    outer loop
      vertex 155.267 48.335 3.85793
      vertex 155.267 10.44 3.85793
      vertex 155.267 48.775 3.8
    endloop
  endfacet
  facet normal 1 0 0
    outer loop
      vertex 155.267 10 3.8
      vertex 155.267 48.775 3.8
      vertex 155.267 10.44 3.85793
    endloop
  endfacet
  facet normal 1 0 0
    outer loop
      vertex 155.267 4 3.01
      vertex 155.267 48.775 3.8
      vertex 155.267 10 3.8
    endloop
  endfacet
  facet normal 1 0 0
    outer loop
      vertex 155.267 4 3.01
      vertex 155.267 8.3 5.5
      vertex 155.267 4 8
    endloop
  endfacet
  facet normal 1 0 0
    outer loop
      vertex 155.267 8.3 5.5
      vertex 155.267 4 3.01
      vertex 155.267 8.35793 5.06001
    endloop
  endfacet
  facet normal 1 0 0
    outer loop
      vertex 155.267 8.35793 5.06001
      vertex 155.267 4 3.01
      vertex 155.267 8.52776 4.65
    endloop
  endfacet
  facet normal 1 0 0
    outer loop
      vertex 155.267 8.52776 4.65
      vertex 155.267 4 3.01
      vertex 155.267 8.79792 4.29792
    endloop
  endfacet
  facet normal 1 0 0
    outer loop
      vertex 155.267 4 3.01
      vertex 155.267 9.15 4.02776
      vertex 155.267 8.79792 4.29792
    endloop
  endfacet
  facet normal 1 0 0
    outer loop
      vertex 155.267 4 3.01
      vertex 155.267 9.56001 3.85793
      vertex 155.267 9.15 4.02776
    endloop
  endfacet
  facet normal 1 0 0
    outer loop
      vertex 155.267 4 3.01
      vertex 155.267 10 3.8
      vertex 155.267 9.56001 3.85793
    endloop
  endfacet
  facet normal 1 0 0
    outer loop
      vertex 155.267 48.775 3.8
      vertex 155.267 4 3.01
      vertex 155.267 149.1 3
    endloop
  endfacet
  facet normal 1 0 0
    outer loop
      vertex 155.267 -0.999999 3
      vertex 155.267 4 3.01
      vertex 155.267 -0.999999 3.01
    endloop
  endfacet
  facet normal 1 0 0
    outer loop
      vertex 155.267 4 3.01
      vertex 155.267 -0.999999 3
      vertex 155.267 149.1 3
    endloop
  endfacet
  facet normal -1 0 0
    outer loop
      vertex 310.533 149.1 3
      vertex 310.533 128.025 5.5
      vertex 310.533 149.1 8
    endloop
  endfacet
  facet normal -1 0 0
    outer loop
      vertex 310.533 149.1 3
      vertex 310.533 127.967 5.06001
      vertex 310.533 128.025 5.5
    endloop
  endfacet
  facet normal -1 0 0
    outer loop
      vertex 310.533 149.1 3
      vertex 310.533 127.797 4.65
      vertex 310.533 127.967 5.06001
    endloop
  endfacet
  facet normal -1 0 0
    outer loop
      vertex 310.533 149.1 3
      vertex 310.533 127.527 4.29792
      vertex 310.533 127.797 4.65
    endloop
  endfacet
  facet normal -1 0 0
    outer loop
      vertex 310.533 149.1 3
      vertex 310.533 127.175 4.02776
      vertex 310.533 127.527 4.29792
    endloop
  endfacet
  facet normal -1 0 0
    outer loop
      vertex 310.533 149.1 3
      vertex 310.533 126.765 3.85793
      vertex 310.533 127.175 4.02776
    endloop
  endfacet
  facet normal -1 0 0
    outer loop
      vertex 310.533 149.1 3
      vertex 310.533 126.325 3.8
      vertex 310.533 126.765 3.85793
    endloop
  endfacet
  facet normal -1 0 0
    outer loop
      vertex 310.533 124.683 5.06001
      vertex 310.533 89.25 5.5
      vertex 310.533 124.625 5.5
    endloop
  endfacet
  facet normal -1 0 0
    outer loop
      vertex 310.533 89.1921 5.06001
      vertex 310.533 124.683 5.06001
      vertex 310.533 124.853 4.65
    endloop
  endfacet
  facet normal -1 0 0
    outer loop
      vertex 310.533 89.0222 4.65
      vertex 310.533 124.853 4.65
      vertex 310.533 125.123 4.29792
    endloop
  endfacet
  facet normal -1 0 0
    outer loop
      vertex 310.533 88.7521 4.29792
      vertex 310.533 125.123 4.29792
      vertex 310.533 125.475 4.02776
    endloop
  endfacet
  facet normal -1 0 0
    outer loop
      vertex 310.533 88.4 4.02776
      vertex 310.533 125.475 4.02776
      vertex 310.533 125.885 3.85793
    endloop
  endfacet
  facet normal -1 0 0
    outer loop
      vertex 310.533 87.99 3.85793
      vertex 310.533 125.885 3.85793
      vertex 310.533 126.325 3.8
    endloop
  endfacet
  facet normal -1 0 0
    outer loop
      vertex 310.533 124.683 5.06001
      vertex 310.533 89.1921 5.06001
      vertex 310.533 89.25 5.5
    endloop
  endfacet
  facet normal -1 0 0
    outer loop
      vertex 310.533 87.55 3.8
      vertex 310.533 126.325 3.8
      vertex 310.533 149.1 3
    endloop
  endfacet
  facet normal -1 0 0
    outer loop
      vertex 310.533 124.853 4.65
      vertex 310.533 89.0222 4.65
      vertex 310.533 89.1921 5.06001
    endloop
  endfacet
  facet normal -1 0 0
    outer loop
      vertex 310.533 125.123 4.29792
      vertex 310.533 88.7521 4.29792
      vertex 310.533 89.0222 4.65
    endloop
  endfacet
  facet normal -1 0 0
    outer loop
      vertex 310.533 125.475 4.02776
      vertex 310.533 88.4 4.02776
      vertex 310.533 88.7521 4.29792
    endloop
  endfacet
  facet normal -1 0 0
    outer loop
      vertex 310.533 125.885 3.85793
      vertex 310.533 87.99 3.85793
      vertex 310.533 88.4 4.02776
    endloop
  endfacet
  facet normal -1 0 0
    outer loop
      vertex 310.533 126.325 3.8
      vertex 310.533 87.55 3.8
      vertex 310.533 87.99 3.85793
    endloop
  endfacet
  facet normal -1 0 0
    outer loop
      vertex 310.533 85.9079 5.06001
      vertex 310.533 50.475 5.5
      vertex 310.533 85.85 5.5
    endloop
  endfacet
  facet normal -1 0 0
    outer loop
      vertex 310.533 50.4171 5.06001
      vertex 310.533 85.9079 5.06001
      vertex 310.533 86.0778 4.65
    endloop
  endfacet
  facet normal -1 0 0
    outer loop
      vertex 310.533 50.2472 4.65
      vertex 310.533 86.0778 4.65
      vertex 310.533 86.3479 4.29792
    endloop
  endfacet
  facet normal -1 0 0
    outer loop
      vertex 310.533 49.9771 4.29792
      vertex 310.533 86.3479 4.29792
      vertex 310.533 86.7 4.02776
    endloop
  endfacet
  facet normal -1 0 0
    outer loop
      vertex 310.533 49.625 4.02776
      vertex 310.533 86.7 4.02776
      vertex 310.533 87.11 3.85793
    endloop
  endfacet
  facet normal -1 0 0
    outer loop
      vertex 310.533 49.215 3.85793
      vertex 310.533 87.11 3.85793
      vertex 310.533 87.55 3.8
    endloop
  endfacet
  facet normal -1 0 0
    outer loop
      vertex 310.533 85.9079 5.06001
      vertex 310.533 50.4171 5.06001
      vertex 310.533 50.475 5.5
    endloop
  endfacet
  facet normal -1 0 0
    outer loop
      vertex 310.533 86.0778 4.65
      vertex 310.533 50.2472 4.65
      vertex 310.533 50.4171 5.06001
    endloop
  endfacet
  facet normal -1 0 0
    outer loop
      vertex 310.533 86.3479 4.29792
      vertex 310.533 49.9771 4.29792
      vertex 310.533 50.2472 4.65
    endloop
  endfacet
  facet normal -1 0 0
    outer loop
      vertex 310.533 86.7 4.02776
      vertex 310.533 49.625 4.02776
      vertex 310.533 49.9771 4.29792
    endloop
  endfacet
  facet normal -1 0 0
    outer loop
      vertex 310.533 48.775 3.8
      vertex 310.533 87.55 3.8
      vertex 310.533 149.1 3
    endloop
  endfacet
  facet normal -1 0 0
    outer loop
      vertex 310.533 87.11 3.85793
      vertex 310.533 49.215 3.85793
      vertex 310.533 49.625 4.02776
    endloop
  endfacet
  facet normal -1 0 0
    outer loop
      vertex 310.533 87.55 3.8
      vertex 310.533 48.775 3.8
      vertex 310.533 49.215 3.85793
    endloop
  endfacet
  facet normal -1 0 0
    outer loop
      vertex 310.533 47.1329 5.06001
      vertex 310.533 11.7 5.5
      vertex 310.533 47.075 5.5
    endloop
  endfacet
  facet normal -1 0 0
    outer loop
      vertex 310.533 11.6421 5.06001
      vertex 310.533 47.1329 5.06001
      vertex 310.533 47.3028 4.65
    endloop
  endfacet
  facet normal -1 0 0
    outer loop
      vertex 310.533 11.4722 4.65
      vertex 310.533 47.3028 4.65
      vertex 310.533 47.5729 4.29792
    endloop
  endfacet
  facet normal -1 0 0
    outer loop
      vertex 310.533 11.2021 4.29792
      vertex 310.533 47.5729 4.29792
      vertex 310.533 47.925 4.02776
    endloop
  endfacet
  facet normal -1 0 0
    outer loop
      vertex 310.533 10.85 4.02776
      vertex 310.533 47.925 4.02776
      vertex 310.533 48.335 3.85793
    endloop
  endfacet
  facet normal -1 0 0
    outer loop
      vertex 310.533 10.44 3.85793
      vertex 310.533 48.335 3.85793
      vertex 310.533 48.775 3.8
    endloop
  endfacet
  facet normal -1 0 0
    outer loop
      vertex 310.533 47.1329 5.06001
      vertex 310.533 11.6421 5.06001
      vertex 310.533 11.7 5.5
    endloop
  endfacet
  facet normal -1 0 0
    outer loop
      vertex 310.533 47.3028 4.65
      vertex 310.533 11.4722 4.65
      vertex 310.533 11.6421 5.06001
    endloop
  endfacet
  facet normal -1 0 0
    outer loop
      vertex 310.533 47.5729 4.29792
      vertex 310.533 11.2021 4.29792
      vertex 310.533 11.4722 4.65
    endloop
  endfacet
  facet normal -1 0 0
    outer loop
      vertex 310.533 47.925 4.02776
      vertex 310.533 10.85 4.02776
      vertex 310.533 11.2021 4.29792
    endloop
  endfacet
  facet normal -1 0 0
    outer loop
      vertex 310.533 -0.999999 3
      vertex 310.533 48.775 3.8
      vertex 310.533 149.1 3
    endloop
  endfacet
  facet normal -1 0 0
    outer loop
      vertex 310.533 48.335 3.85793
      vertex 310.533 10.44 3.85793
      vertex 310.533 10.85 4.02776
    endloop
  endfacet
  facet normal -1 0 0
    outer loop
      vertex 310.533 48.775 3.8
      vertex 310.533 10 3.8
      vertex 310.533 10.44 3.85793
    endloop
  endfacet
  facet normal -1 0 0
    outer loop
      vertex 310.533 8.35793 5.06001
      vertex 310.533 4 8
      vertex 310.533 8.3 5.5
    endloop
  endfacet
  facet normal -1 0 0
    outer loop
      vertex 310.533 -0.999999 3
      vertex 310.533 8.35793 5.06001
      vertex 310.533 8.52776 4.65
    endloop
  endfacet
  facet normal -1 0 0
    outer loop
      vertex 310.533 -0.999999 3
      vertex 310.533 8.52776 4.65
      vertex 310.533 8.79792 4.29792
    endloop
  endfacet
  facet normal -1 -0 0
    outer loop
      vertex 310.533 48.775 3.8
      vertex 310.533 -0.999999 3
      vertex 310.533 10 3.8
    endloop
  endfacet
  facet normal -1 0 0
    outer loop
      vertex 310.533 -0.999999 3
      vertex 310.533 9.56001 3.85793
      vertex 310.533 10 3.8
    endloop
  endfacet
  facet normal -1 0 0
    outer loop
      vertex 310.533 -0.999999 3
      vertex 310.533 9.15 4.02776
      vertex 310.533 9.56001 3.85793
    endloop
  endfacet
  facet normal -1 0 0
    outer loop
      vertex 310.533 -0.999999 3
      vertex 310.533 8.79792 4.29792
      vertex 310.533 9.15 4.02776
    endloop
  endfacet
  facet normal -1 -0 0
    outer loop
      vertex 310.533 8.35793 5.06001
      vertex 310.533 -0.999999 3
      vertex 310.533 4 8
    endloop
  endfacet
  facet normal -1 0 0
    outer loop
      vertex 310.533 -0.999999 15
      vertex 310.533 4 8
      vertex 310.533 -0.999999 3
    endloop
  endfacet
  facet normal -1 0 0
    outer loop
      vertex 310.533 4 8
      vertex 310.533 -0.999999 15
      vertex 310.533 4 15
    endloop
  endfacet
  facet normal -1 0 0
    outer loop
      vertex 310.533 127.967 5.93999
      vertex 310.533 149.1 8
      vertex 310.533 128.025 5.5
    endloop
  endfacet
  facet normal -1 0 0
    outer loop
      vertex 310.533 127.797 6.35
      vertex 310.533 149.1 8
      vertex 310.533 127.967 5.93999
    endloop
  endfacet
  facet normal -1 0 0
    outer loop
      vertex 310.533 127.527 6.70208
      vertex 310.533 149.1 8
      vertex 310.533 127.797 6.35
    endloop
  endfacet
  facet normal -1 0 0
    outer loop
      vertex 310.533 127.175 6.97224
      vertex 310.533 149.1 8
      vertex 310.533 127.527 6.70208
    endloop
  endfacet
  facet normal -1 0 0
    outer loop
      vertex 310.533 126.765 7.14207
      vertex 310.533 149.1 8
      vertex 310.533 127.175 6.97224
    endloop
  endfacet
  facet normal -1 0 0
    outer loop
      vertex 310.533 126.325 7.2
      vertex 310.533 149.1 8
      vertex 310.533 126.765 7.14207
    endloop
  endfacet
  facet normal -1 0 0
    outer loop
      vertex 310.533 89.25 5.5
      vertex 310.533 124.683 5.93999
      vertex 310.533 124.625 5.5
    endloop
  endfacet
  facet normal -1 0 0
    outer loop
      vertex 310.533 89.1921 5.93999
      vertex 310.533 124.683 5.93999
      vertex 310.533 89.25 5.5
    endloop
  endfacet
  facet normal -1 0 0
    outer loop
      vertex 310.533 124.683 5.93999
      vertex 310.533 89.1921 5.93999
      vertex 310.533 124.853 6.35
    endloop
  endfacet
  facet normal -1 0 0
    outer loop
      vertex 310.533 89.0222 6.35
      vertex 310.533 124.853 6.35
      vertex 310.533 89.1921 5.93999
    endloop
  endfacet
  facet normal -1 0 0
    outer loop
      vertex 310.533 124.853 6.35
      vertex 310.533 89.0222 6.35
      vertex 310.533 125.123 6.70208
    endloop
  endfacet
  facet normal -1 0 0
    outer loop
      vertex 310.533 88.7521 6.70208
      vertex 310.533 125.123 6.70208
      vertex 310.533 89.0222 6.35
    endloop
  endfacet
  facet normal -1 0 0
    outer loop
      vertex 310.533 125.123 6.70208
      vertex 310.533 88.7521 6.70208
      vertex 310.533 125.475 6.97224
    endloop
  endfacet
  facet normal -1 0 0
    outer loop
      vertex 310.533 88.4 6.97224
      vertex 310.533 125.475 6.97224
      vertex 310.533 88.7521 6.70208
    endloop
  endfacet
  facet normal -1 0 0
    outer loop
      vertex 310.533 125.475 6.97224
      vertex 310.533 88.4 6.97224
      vertex 310.533 125.885 7.14207
    endloop
  endfacet
  facet normal -1 0 0
    outer loop
      vertex 310.533 87.99 7.14207
      vertex 310.533 125.885 7.14207
      vertex 310.533 88.4 6.97224
    endloop
  endfacet
  facet normal -1 0 0
    outer loop
      vertex 310.533 125.885 7.14207
      vertex 310.533 87.99 7.14207
      vertex 310.533 126.325 7.2
    endloop
  endfacet
  facet normal -1 0 0
    outer loop
      vertex 310.533 87.55 7.2
      vertex 310.533 126.325 7.2
      vertex 310.533 87.99 7.14207
    endloop
  endfacet
  facet normal -1 0 0
    outer loop
      vertex 310.533 126.325 7.2
      vertex 310.533 87.55 7.2
      vertex 310.533 149.1 8
    endloop
  endfacet
  facet normal -1 0 0
    outer loop
      vertex 310.533 50.475 5.5
      vertex 310.533 85.9079 5.93999
      vertex 310.533 85.85 5.5
    endloop
  endfacet
  facet normal -1 0 0
    outer loop
      vertex 310.533 50.4171 5.93999
      vertex 310.533 85.9079 5.93999
      vertex 310.533 50.475 5.5
    endloop
  endfacet
  facet normal -1 0 0
    outer loop
      vertex 310.533 85.9079 5.93999
      vertex 310.533 50.4171 5.93999
      vertex 310.533 86.0778 6.35
    endloop
  endfacet
  facet normal -1 0 0
    outer loop
      vertex 310.533 50.2472 6.35
      vertex 310.533 86.0778 6.35
      vertex 310.533 50.4171 5.93999
    endloop
  endfacet
  facet normal -1 0 0
    outer loop
      vertex 310.533 86.0778 6.35
      vertex 310.533 50.2472 6.35
      vertex 310.533 86.3479 6.70208
    endloop
  endfacet
  facet normal -1 0 0
    outer loop
      vertex 310.533 49.9771 6.70208
      vertex 310.533 86.3479 6.70208
      vertex 310.533 50.2472 6.35
    endloop
  endfacet
  facet normal -1 0 0
    outer loop
      vertex 310.533 86.3479 6.70208
      vertex 310.533 49.9771 6.70208
      vertex 310.533 86.7 6.97224
    endloop
  endfacet
  facet normal -1 0 0
    outer loop
      vertex 310.533 49.625 6.97224
      vertex 310.533 86.7 6.97224
      vertex 310.533 49.9771 6.70208
    endloop
  endfacet
  facet normal -1 0 0
    outer loop
      vertex 310.533 86.7 6.97224
      vertex 310.533 49.625 6.97224
      vertex 310.533 87.11 7.14207
    endloop
  endfacet
  facet normal -1 0 0
    outer loop
      vertex 310.533 49.215 7.14207
      vertex 310.533 87.11 7.14207
      vertex 310.533 49.625 6.97224
    endloop
  endfacet
  facet normal -1 0 0
    outer loop
      vertex 310.533 87.11 7.14207
      vertex 310.533 49.215 7.14207
      vertex 310.533 87.55 7.2
    endloop
  endfacet
  facet normal -1 0 0
    outer loop
      vertex 310.533 48.775 7.2
      vertex 310.533 87.55 7.2
      vertex 310.533 49.215 7.14207
    endloop
  endfacet
  facet normal -1 0 0
    outer loop
      vertex 310.533 87.55 7.2
      vertex 310.533 48.775 7.2
      vertex 310.533 149.1 8
    endloop
  endfacet
  facet normal -1 0 0
    outer loop
      vertex 310.533 11.7 5.5
      vertex 310.533 47.1329 5.93999
      vertex 310.533 47.075 5.5
    endloop
  endfacet
  facet normal -1 0 0
    outer loop
      vertex 310.533 11.6421 5.93999
      vertex 310.533 47.1329 5.93999
      vertex 310.533 11.7 5.5
    endloop
  endfacet
  facet normal -1 0 0
    outer loop
      vertex 310.533 47.1329 5.93999
      vertex 310.533 11.6421 5.93999
      vertex 310.533 47.3028 6.35
    endloop
  endfacet
  facet normal -1 0 0
    outer loop
      vertex 310.533 11.4722 6.35
      vertex 310.533 47.3028 6.35
      vertex 310.533 11.6421 5.93999
    endloop
  endfacet
  facet normal -1 0 0
    outer loop
      vertex 310.533 47.3028 6.35
      vertex 310.533 11.4722 6.35
      vertex 310.533 47.5729 6.70208
    endloop
  endfacet
  facet normal -1 0 0
    outer loop
      vertex 310.533 11.2021 6.70208
      vertex 310.533 47.5729 6.70208
      vertex 310.533 11.4722 6.35
    endloop
  endfacet
  facet normal -1 0 0
    outer loop
      vertex 310.533 47.5729 6.70208
      vertex 310.533 11.2021 6.70208
      vertex 310.533 47.925 6.97224
    endloop
  endfacet
  facet normal -1 0 0
    outer loop
      vertex 310.533 10.85 6.97224
      vertex 310.533 47.925 6.97224
      vertex 310.533 11.2021 6.70208
    endloop
  endfacet
  facet normal -1 0 0
    outer loop
      vertex 310.533 47.925 6.97224
      vertex 310.533 10.85 6.97224
      vertex 310.533 48.335 7.14207
    endloop
  endfacet
  facet normal -1 0 0
    outer loop
      vertex 310.533 10.44 7.14207
      vertex 310.533 48.335 7.14207
      vertex 310.533 10.85 6.97224
    endloop
  endfacet
  facet normal -1 0 0
    outer loop
      vertex 310.533 48.335 7.14207
      vertex 310.533 10.44 7.14207
      vertex 310.533 48.775 7.2
    endloop
  endfacet
  facet normal -1 0 0
    outer loop
      vertex 310.533 10 7.2
      vertex 310.533 48.775 7.2
      vertex 310.533 10.44 7.14207
    endloop
  endfacet
  facet normal -1 0 0
    outer loop
      vertex 310.533 4 8
      vertex 310.533 48.775 7.2
      vertex 310.533 10 7.2
    endloop
  endfacet
  facet normal -1 0 0
    outer loop
      vertex 310.533 48.775 7.2
      vertex 310.533 4 8
      vertex 310.533 149.1 8
    endloop
  endfacet
  facet normal -1 0 0
    outer loop
      vertex 310.533 9.56001 7.14207
      vertex 310.533 4 8
      vertex 310.533 10 7.2
    endloop
  endfacet
  facet normal -1 0 0
    outer loop
      vertex 310.533 9.15 6.97224
      vertex 310.533 4 8
      vertex 310.533 9.56001 7.14207
    endloop
  endfacet
  facet normal -1 0 0
    outer loop
      vertex 310.533 8.79792 6.70208
      vertex 310.533 4 8
      vertex 310.533 9.15 6.97224
    endloop
  endfacet
  facet normal -1 0 0
    outer loop
      vertex 310.533 8.52776 6.35
      vertex 310.533 4 8
      vertex 310.533 8.79792 6.70208
    endloop
  endfacet
  facet normal -1 0 0
    outer loop
      vertex 310.533 8.35793 5.93999
      vertex 310.533 4 8
      vertex 310.533 8.52776 6.35
    endloop
  endfacet
  facet normal -1 0 0
    outer loop
      vertex 310.533 4 8
      vertex 310.533 8.35793 5.93999
      vertex 310.533 8.3 5.5
    endloop
  endfacet
  facet normal 0 1 -0
    outer loop
      vertex 314.533 4 8
      vertex 310.533 4 15
      vertex 314.533 4 15
    endloop
  endfacet
  facet normal 0 1 0
    outer loop
      vertex 310.533 4 15
      vertex 314.533 4 8
      vertex 310.533 4 8
    endloop
  endfacet
  facet normal 0 -1 0
    outer loop
      vertex 310.533 -4 3.01
      vertex 314.533 -4 15
      vertex 310.533 -4 15
    endloop
  endfacet
  facet normal 0 -1 -0
    outer loop
      vertex 314.533 -4 15
      vertex 310.533 -4 3.01
      vertex 314.533 -4 3.01
    endloop
  endfacet
  facet normal 0 -1 0
    outer loop
      vertex 255.785 149.1 7.14207
      vertex 296.236 149.1 7.2
      vertex 255.345 149.1 7.2
    endloop
  endfacet
  facet normal 0 -1 0
    outer loop
      vertex 255.785 149.1 7.14207
      vertex 295.796 149.1 7.14207
      vertex 296.236 149.1 7.2
    endloop
  endfacet
  facet normal 0 -1 0
    outer loop
      vertex 256.195 149.1 6.97224
      vertex 295.796 149.1 7.14207
      vertex 255.785 149.1 7.14207
    endloop
  endfacet
  facet normal 0 -1 0
    outer loop
      vertex 256.195 149.1 6.97224
      vertex 295.386 149.1 6.97224
      vertex 295.796 149.1 7.14207
    endloop
  endfacet
  facet normal 0 -1 0
    outer loop
      vertex 256.548 149.1 6.70208
      vertex 295.386 149.1 6.97224
      vertex 256.195 149.1 6.97224
    endloop
  endfacet
  facet normal 0 -1 0
    outer loop
      vertex 256.548 149.1 6.70208
      vertex 295.034 149.1 6.70208
      vertex 295.386 149.1 6.97224
    endloop
  endfacet
  facet normal 0 -1 0
    outer loop
      vertex 256.818 149.1 6.35
      vertex 295.034 149.1 6.70208
      vertex 256.548 149.1 6.70208
    endloop
  endfacet
  facet normal 0 -1 0
    outer loop
      vertex 256.818 149.1 6.35
      vertex 294.764 149.1 6.35
      vertex 295.034 149.1 6.70208
    endloop
  endfacet
  facet normal 0 -1 0
    outer loop
      vertex 256.988 149.1 5.93999
      vertex 294.764 149.1 6.35
      vertex 256.818 149.1 6.35
    endloop
  endfacet
  facet normal 0 -1 0
    outer loop
      vertex 256.988 149.1 5.93999
      vertex 294.594 149.1 5.93999
      vertex 294.764 149.1 6.35
    endloop
  endfacet
  facet normal 0 -1 0
    outer loop
      vertex 257.045 149.1 5.5
      vertex 294.594 149.1 5.93999
      vertex 256.988 149.1 5.93999
    endloop
  endfacet
  facet normal 0 -1 0
    outer loop
      vertex 257.045 149.1 5.5
      vertex 294.536 149.1 5.5
      vertex 294.594 149.1 5.93999
    endloop
  endfacet
  facet normal 0 -1 0
    outer loop
      vertex 256.988 149.1 5.06001
      vertex 294.536 149.1 5.5
      vertex 257.045 149.1 5.5
    endloop
  endfacet
  facet normal 0 -1 0
    outer loop
      vertex 256.988 149.1 5.06001
      vertex 294.594 149.1 5.06001
      vertex 294.536 149.1 5.5
    endloop
  endfacet
  facet normal 0 -1 0
    outer loop
      vertex 256.818 149.1 4.65
      vertex 294.594 149.1 5.06001
      vertex 256.988 149.1 5.06001
    endloop
  endfacet
  facet normal 0 -1 0
    outer loop
      vertex 256.818 149.1 4.65
      vertex 294.764 149.1 4.65
      vertex 294.594 149.1 5.06001
    endloop
  endfacet
  facet normal 0 -1 0
    outer loop
      vertex 256.548 149.1 4.29792
      vertex 294.764 149.1 4.65
      vertex 256.818 149.1 4.65
    endloop
  endfacet
  facet normal 0 -1 0
    outer loop
      vertex 256.548 149.1 4.29792
      vertex 295.034 149.1 4.29792
      vertex 294.764 149.1 4.65
    endloop
  endfacet
  facet normal 0 -1 0
    outer loop
      vertex 256.195 149.1 4.02776
      vertex 295.034 149.1 4.29792
      vertex 256.548 149.1 4.29792
    endloop
  endfacet
  facet normal 0 -1 0
    outer loop
      vertex 256.195 149.1 4.02776
      vertex 295.386 149.1 4.02776
      vertex 295.034 149.1 4.29792
    endloop
  endfacet
  facet normal 0 -1 0
    outer loop
      vertex 255.785 149.1 3.85793
      vertex 295.386 149.1 4.02776
      vertex 256.195 149.1 4.02776
    endloop
  endfacet
  facet normal 0 -1 0
    outer loop
      vertex 255.785 149.1 3.85793
      vertex 295.796 149.1 3.85793
      vertex 295.386 149.1 4.02776
    endloop
  endfacet
  facet normal 0 -1 0
    outer loop
      vertex 255.345 149.1 3.8
      vertex 295.796 149.1 3.85793
      vertex 255.785 149.1 3.85793
    endloop
  endfacet
  facet normal 0 -1 -0
    outer loop
      vertex 295.796 149.1 3.85793
      vertex 255.345 149.1 3.8
      vertex 296.236 149.1 3.8
    endloop
  endfacet
  facet normal 0 -1 0
    outer loop
      vertex 214.895 149.1 7.14207
      vertex 255.345 149.1 7.2
      vertex 214.455 149.1 7.2
    endloop
  endfacet
  facet normal 0 -1 0
    outer loop
      vertex 214.895 149.1 7.14207
      vertex 254.905 149.1 7.14207
      vertex 255.345 149.1 7.2
    endloop
  endfacet
  facet normal 0 -1 0
    outer loop
      vertex 215.305 149.1 6.97224
      vertex 254.905 149.1 7.14207
      vertex 214.895 149.1 7.14207
    endloop
  endfacet
  facet normal 0 -1 0
    outer loop
      vertex 215.305 149.1 6.97224
      vertex 254.495 149.1 6.97224
      vertex 254.905 149.1 7.14207
    endloop
  endfacet
  facet normal 0 -1 0
    outer loop
      vertex 215.657 149.1 6.70208
      vertex 254.495 149.1 6.97224
      vertex 215.305 149.1 6.97224
    endloop
  endfacet
  facet normal 0 -1 0
    outer loop
      vertex 215.657 149.1 6.70208
      vertex 254.143 149.1 6.70208
      vertex 254.495 149.1 6.97224
    endloop
  endfacet
  facet normal 0 -1 0
    outer loop
      vertex 215.927 149.1 6.35
      vertex 254.143 149.1 6.70208
      vertex 215.657 149.1 6.70208
    endloop
  endfacet
  facet normal 0 -1 0
    outer loop
      vertex 215.927 149.1 6.35
      vertex 253.873 149.1 6.35
      vertex 254.143 149.1 6.70208
    endloop
  endfacet
  facet normal 0 -1 0
    outer loop
      vertex 216.097 149.1 5.93999
      vertex 253.873 149.1 6.35
      vertex 215.927 149.1 6.35
    endloop
  endfacet
  facet normal 0 -1 0
    outer loop
      vertex 216.097 149.1 5.93999
      vertex 253.703 149.1 5.93999
      vertex 253.873 149.1 6.35
    endloop
  endfacet
  facet normal 0 -1 0
    outer loop
      vertex 216.155 149.1 5.5
      vertex 253.703 149.1 5.93999
      vertex 216.097 149.1 5.93999
    endloop
  endfacet
  facet normal 0 -1 0
    outer loop
      vertex 216.155 149.1 5.5
      vertex 253.645 149.1 5.5
      vertex 253.703 149.1 5.93999
    endloop
  endfacet
  facet normal 0 -1 0
    outer loop
      vertex 216.097 149.1 5.06001
      vertex 253.645 149.1 5.5
      vertex 216.155 149.1 5.5
    endloop
  endfacet
  facet normal 0 -1 0
    outer loop
      vertex 216.097 149.1 5.06001
      vertex 253.703 149.1 5.06001
      vertex 253.645 149.1 5.5
    endloop
  endfacet
  facet normal 0 -1 0
    outer loop
      vertex 215.927 149.1 4.65
      vertex 253.703 149.1 5.06001
      vertex 216.097 149.1 5.06001
    endloop
  endfacet
  facet normal 0 -1 0
    outer loop
      vertex 215.927 149.1 4.65
      vertex 253.873 149.1 4.65
      vertex 253.703 149.1 5.06001
    endloop
  endfacet
  facet normal 0 -1 0
    outer loop
      vertex 215.657 149.1 4.29792
      vertex 253.873 149.1 4.65
      vertex 215.927 149.1 4.65
    endloop
  endfacet
  facet normal 0 -1 0
    outer loop
      vertex 215.657 149.1 4.29792
      vertex 254.143 149.1 4.29792
      vertex 253.873 149.1 4.65
    endloop
  endfacet
  facet normal 0 -1 0
    outer loop
      vertex 215.305 149.1 4.02776
      vertex 254.143 149.1 4.29792
      vertex 215.657 149.1 4.29792
    endloop
  endfacet
  facet normal 0 -1 0
    outer loop
      vertex 215.305 149.1 4.02776
      vertex 254.495 149.1 4.02776
      vertex 254.143 149.1 4.29792
    endloop
  endfacet
  facet normal 0 -1 0
    outer loop
      vertex 214.895 149.1 3.85793
      vertex 254.495 149.1 4.02776
      vertex 215.305 149.1 4.02776
    endloop
  endfacet
  facet normal 0 -1 0
    outer loop
      vertex 214.895 149.1 3.85793
      vertex 254.905 149.1 3.85793
      vertex 254.495 149.1 4.02776
    endloop
  endfacet
  facet normal 0 -1 0
    outer loop
      vertex 214.455 149.1 3.8
      vertex 254.905 149.1 3.85793
      vertex 214.895 149.1 3.85793
    endloop
  endfacet
  facet normal 0 -1 -0
    outer loop
      vertex 254.905 149.1 3.85793
      vertex 214.455 149.1 3.8
      vertex 255.345 149.1 3.8
    endloop
  endfacet
  facet normal 0 -1 0
    outer loop
      vertex 174.004 149.1 7.14207
      vertex 214.455 149.1 7.2
      vertex 173.564 149.1 7.2
    endloop
  endfacet
  facet normal 0 -1 0
    outer loop
      vertex 174.004 149.1 7.14207
      vertex 214.015 149.1 7.14207
      vertex 214.455 149.1 7.2
    endloop
  endfacet
  facet normal 0 -1 0
    outer loop
      vertex 174.414 149.1 6.97224
      vertex 214.015 149.1 7.14207
      vertex 174.004 149.1 7.14207
    endloop
  endfacet
  facet normal 0 -1 0
    outer loop
      vertex 174.414 149.1 6.97224
      vertex 213.605 149.1 6.97224
      vertex 214.015 149.1 7.14207
    endloop
  endfacet
  facet normal 0 -1 0
    outer loop
      vertex 174.766 149.1 6.70208
      vertex 213.605 149.1 6.97224
      vertex 174.414 149.1 6.97224
    endloop
  endfacet
  facet normal 0 -1 0
    outer loop
      vertex 174.766 149.1 6.70208
      vertex 213.252 149.1 6.70208
      vertex 213.605 149.1 6.97224
    endloop
  endfacet
  facet normal 0 -1 0
    outer loop
      vertex 175.036 149.1 6.35
      vertex 213.252 149.1 6.70208
      vertex 174.766 149.1 6.70208
    endloop
  endfacet
  facet normal 0 -1 0
    outer loop
      vertex 175.036 149.1 6.35
      vertex 212.982 149.1 6.35
      vertex 213.252 149.1 6.70208
    endloop
  endfacet
  facet normal 0 -1 0
    outer loop
      vertex 175.206 149.1 5.93999
      vertex 212.982 149.1 6.35
      vertex 175.036 149.1 6.35
    endloop
  endfacet
  facet normal 0 -1 0
    outer loop
      vertex 175.206 149.1 5.93999
      vertex 212.812 149.1 5.93999
      vertex 212.982 149.1 6.35
    endloop
  endfacet
  facet normal 0 -1 0
    outer loop
      vertex 175.264 149.1 5.5
      vertex 212.812 149.1 5.93999
      vertex 175.206 149.1 5.93999
    endloop
  endfacet
  facet normal 0 -1 0
    outer loop
      vertex 175.264 149.1 5.5
      vertex 212.755 149.1 5.5
      vertex 212.812 149.1 5.93999
    endloop
  endfacet
  facet normal 0 -1 0
    outer loop
      vertex 175.206 149.1 5.06001
      vertex 212.755 149.1 5.5
      vertex 175.264 149.1 5.5
    endloop
  endfacet
  facet normal 0 -1 0
    outer loop
      vertex 175.206 149.1 5.06001
      vertex 212.812 149.1 5.06001
      vertex 212.755 149.1 5.5
    endloop
  endfacet
  facet normal 0 -1 0
    outer loop
      vertex 175.036 149.1 4.65
      vertex 212.812 149.1 5.06001
      vertex 175.206 149.1 5.06001
    endloop
  endfacet
  facet normal 0 -1 0
    outer loop
      vertex 175.036 149.1 4.65
      vertex 212.982 149.1 4.65
      vertex 212.812 149.1 5.06001
    endloop
  endfacet
  facet normal 0 -1 0
    outer loop
      vertex 174.766 149.1 4.29792
      vertex 212.982 149.1 4.65
      vertex 175.036 149.1 4.65
    endloop
  endfacet
  facet normal 0 -1 0
    outer loop
      vertex 174.766 149.1 4.29792
      vertex 213.252 149.1 4.29792
      vertex 212.982 149.1 4.65
    endloop
  endfacet
  facet normal 0 -1 0
    outer loop
      vertex 174.414 149.1 4.02776
      vertex 213.252 149.1 4.29792
      vertex 174.766 149.1 4.29792
    endloop
  endfacet
  facet normal 0 -1 0
    outer loop
      vertex 174.414 149.1 4.02776
      vertex 213.605 149.1 4.02776
      vertex 213.252 149.1 4.29792
    endloop
  endfacet
  facet normal 0 -1 0
    outer loop
      vertex 174.004 149.1 3.85793
      vertex 213.605 149.1 4.02776
      vertex 174.414 149.1 4.02776
    endloop
  endfacet
  facet normal 0 -1 0
    outer loop
      vertex 174.004 149.1 3.85793
      vertex 214.015 149.1 3.85793
      vertex 213.605 149.1 4.02776
    endloop
  endfacet
  facet normal 0 -1 0
    outer loop
      vertex 173.564 149.1 3.8
      vertex 214.015 149.1 3.85793
      vertex 174.004 149.1 3.85793
    endloop
  endfacet
  facet normal 0 -1 -0
    outer loop
      vertex 214.015 149.1 3.85793
      vertex 173.564 149.1 3.8
      vertex 214.455 149.1 3.8
    endloop
  endfacet
  facet normal 0 -1 0
    outer loop
      vertex 214.455 149.1 7.2
      vertex 155.267 149.1 8
      vertex 173.564 149.1 7.2
    endloop
  endfacet
  facet normal 0 -1 0
    outer loop
      vertex 155.267 149.1 8
      vertex 173.124 149.1 7.14207
      vertex 173.564 149.1 7.2
    endloop
  endfacet
  facet normal 0 -1 0
    outer loop
      vertex 155.267 149.1 8
      vertex 172.714 149.1 6.97224
      vertex 173.124 149.1 7.14207
    endloop
  endfacet
  facet normal 0 -1 0
    outer loop
      vertex 155.267 149.1 8
      vertex 172.362 149.1 6.70208
      vertex 172.714 149.1 6.97224
    endloop
  endfacet
  facet normal 0 -1 0
    outer loop
      vertex 155.267 149.1 8
      vertex 172.091 149.1 6.35
      vertex 172.362 149.1 6.70208
    endloop
  endfacet
  facet normal 0 -1 0
    outer loop
      vertex 155.267 149.1 8
      vertex 171.922 149.1 5.93999
      vertex 172.091 149.1 6.35
    endloop
  endfacet
  facet normal 0 -1 0
    outer loop
      vertex 155.267 149.1 8
      vertex 171.864 149.1 5.5
      vertex 171.922 149.1 5.93999
    endloop
  endfacet
  facet normal 0 -1 0
    outer loop
      vertex 155.267 149.1 3
      vertex 171.864 149.1 5.5
      vertex 155.267 149.1 8
    endloop
  endfacet
  facet normal 0 -1 -0
    outer loop
      vertex 171.864 149.1 5.5
      vertex 155.267 149.1 3
      vertex 171.922 149.1 5.06001
    endloop
  endfacet
  facet normal 0 -1 -0
    outer loop
      vertex 171.922 149.1 5.06001
      vertex 155.267 149.1 3
      vertex 172.091 149.1 4.65
    endloop
  endfacet
  facet normal 0 -1 -0
    outer loop
      vertex 172.091 149.1 4.65
      vertex 155.267 149.1 3
      vertex 172.362 149.1 4.29792
    endloop
  endfacet
  facet normal 0 -1 -0
    outer loop
      vertex 172.362 149.1 4.29792
      vertex 155.267 149.1 3
      vertex 172.714 149.1 4.02776
    endloop
  endfacet
  facet normal 0 -1 0
    outer loop
      vertex 155.267 149.1 3
      vertex 214.455 149.1 3.8
      vertex 173.564 149.1 3.8
    endloop
  endfacet
  facet normal 0 -1 -0
    outer loop
      vertex 214.455 149.1 3.8
      vertex 155.267 149.1 3
      vertex 255.345 149.1 3.8
    endloop
  endfacet
  facet normal 0 -1 -0
    outer loop
      vertex 255.345 149.1 3.8
      vertex 155.267 149.1 3
      vertex 310.533 149.1 3
    endloop
  endfacet
  facet normal 0 -1 -0
    outer loop
      vertex 173.124 149.1 3.85793
      vertex 155.267 149.1 3
      vertex 173.564 149.1 3.8
    endloop
  endfacet
  facet normal 0 -1 -0
    outer loop
      vertex 172.714 149.1 4.02776
      vertex 155.267 149.1 3
      vertex 173.124 149.1 3.85793
    endloop
  endfacet
  facet normal 0 -1 0
    outer loop
      vertex 155.267 149.1 8
      vertex 214.455 149.1 7.2
      vertex 310.533 149.1 8
    endloop
  endfacet
  facet normal 0 -1 0
    outer loop
      vertex 255.345 149.1 7.2
      vertex 310.533 149.1 8
      vertex 214.455 149.1 7.2
    endloop
  endfacet
  facet normal 0 -1 0
    outer loop
      vertex 296.236 149.1 7.2
      vertex 310.533 149.1 8
      vertex 255.345 149.1 7.2
    endloop
  endfacet
  facet normal 0 -1 0
    outer loop
      vertex 296.676 149.1 7.14207
      vertex 310.533 149.1 8
      vertex 296.236 149.1 7.2
    endloop
  endfacet
  facet normal 0 -1 0
    outer loop
      vertex 297.086 149.1 6.97224
      vertex 310.533 149.1 8
      vertex 296.676 149.1 7.14207
    endloop
  endfacet
  facet normal 0 -1 0
    outer loop
      vertex 297.438 149.1 6.70208
      vertex 310.533 149.1 8
      vertex 297.086 149.1 6.97224
    endloop
  endfacet
  facet normal 0 -1 0
    outer loop
      vertex 297.709 149.1 6.35
      vertex 310.533 149.1 8
      vertex 297.438 149.1 6.70208
    endloop
  endfacet
  facet normal 0 -1 0
    outer loop
      vertex 297.878 149.1 5.93999
      vertex 310.533 149.1 8
      vertex 297.709 149.1 6.35
    endloop
  endfacet
  facet normal 0 -1 0
    outer loop
      vertex 297.936 149.1 5.5
      vertex 310.533 149.1 8
      vertex 297.878 149.1 5.93999
    endloop
  endfacet
  facet normal 0 -1 0
    outer loop
      vertex 310.533 149.1 3
      vertex 297.936 149.1 5.5
      vertex 297.878 149.1 5.06001
    endloop
  endfacet
  facet normal 0 -1 0
    outer loop
      vertex 310.533 149.1 3
      vertex 297.878 149.1 5.06001
      vertex 297.709 149.1 4.65
    endloop
  endfacet
  facet normal 0 -1 0
    outer loop
      vertex 310.533 149.1 3
      vertex 297.709 149.1 4.65
      vertex 297.438 149.1 4.29792
    endloop
  endfacet
  facet normal 0 -1 0
    outer loop
      vertex 310.533 149.1 3
      vertex 297.438 149.1 4.29792
      vertex 297.086 149.1 4.02776
    endloop
  endfacet
  facet normal 0 -1 0
    outer loop
      vertex 310.533 149.1 3
      vertex 297.086 149.1 4.02776
      vertex 296.676 149.1 3.85793
    endloop
  endfacet
  facet normal 0 -1 0
    outer loop
      vertex 297.936 149.1 5.5
      vertex 310.533 149.1 3
      vertex 310.533 149.1 8
    endloop
  endfacet
  facet normal 0 -1 0
    outer loop
      vertex 296.236 149.1 3.8
      vertex 310.533 149.1 3
      vertex 296.676 149.1 3.85793
    endloop
  endfacet
  facet normal 0 -1 0
    outer loop
      vertex 255.345 149.1 3.8
      vertex 310.533 149.1 3
      vertex 296.236 149.1 3.8
    endloop
  endfacet
  facet normal 0 -0.130533 0.991444
    outer loop
      vertex 151.267 10.44 3.85793
      vertex 155.267 10 3.8
      vertex 155.267 10.44 3.85793
    endloop
  endfacet
  facet normal 0 -0.130533 0.991444
    outer loop
      vertex 155.267 10 3.8
      vertex 151.267 10.44 3.85793
      vertex 151.267 10 3.8
    endloop
  endfacet
  facet normal 0 0.130536 -0.991444
    outer loop
      vertex 151.267 9.56001 7.14207
      vertex 155.267 10 7.2
      vertex 155.267 9.56001 7.14207
    endloop
  endfacet
  facet normal 0 0.130536 -0.991444
    outer loop
      vertex 155.267 10 7.2
      vertex 151.267 9.56001 7.14207
      vertex 151.267 10 7.2
    endloop
  endfacet
  facet normal 0 -0.991452 -0.130469
    outer loop
      vertex 151.267 11.7 5.5
      vertex 155.267 11.6421 5.93999
      vertex 151.267 11.6421 5.93999
    endloop
  endfacet
  facet normal 0 -0.991452 -0.130469
    outer loop
      vertex 155.267 11.6421 5.93999
      vertex 151.267 11.7 5.5
      vertex 155.267 11.7 5.5
    endloop
  endfacet
  facet normal 0 0.991444 0.130536
    outer loop
      vertex 155.267 8.35793 5.06001
      vertex 151.267 8.3 5.5
      vertex 155.267 8.3 5.5
    endloop
  endfacet
  facet normal 0 0.991444 0.130536
    outer loop
      vertex 151.267 8.3 5.5
      vertex 155.267 8.35793 5.06001
      vertex 151.267 8.35793 5.06001
    endloop
  endfacet
  facet normal 0 0.793354 -0.608761
    outer loop
      vertex 155.267 8.52776 6.35
      vertex 151.267 8.79792 6.70208
      vertex 155.267 8.79792 6.70208
    endloop
  endfacet
  facet normal 0 0.793354 -0.608761
    outer loop
      vertex 151.267 8.79792 6.70208
      vertex 155.267 8.52776 6.35
      vertex 151.267 8.52776 6.35
    endloop
  endfacet
  facet normal 0 -0.923825 0.382815
    outer loop
      vertex 151.267 11.4722 4.65
      vertex 155.267 11.6421 5.06001
      vertex 151.267 11.6421 5.06001
    endloop
  endfacet
  facet normal 0 -0.923825 0.382815
    outer loop
      vertex 155.267 11.6421 5.06001
      vertex 151.267 11.4722 4.65
      vertex 155.267 11.4722 4.65
    endloop
  endfacet
  facet normal 0 -0.608739 -0.793371
    outer loop
      vertex 151.267 10.85 6.97224
      vertex 155.267 11.2021 6.70208
      vertex 155.267 10.85 6.97224
    endloop
  endfacet
  facet normal -0 -0.608739 -0.793371
    outer loop
      vertex 155.267 11.2021 6.70208
      vertex 151.267 10.85 6.97224
      vertex 151.267 11.2021 6.70208
    endloop
  endfacet
  facet normal 0 -0.382688 -0.923878
    outer loop
      vertex 151.267 10.44 7.14207
      vertex 155.267 10.85 6.97224
      vertex 155.267 10.44 7.14207
    endloop
  endfacet
  facet normal -0 -0.382688 -0.923878
    outer loop
      vertex 155.267 10.85 6.97224
      vertex 151.267 10.44 7.14207
      vertex 151.267 10.85 6.97224
    endloop
  endfacet
  facet normal 0 -0.793419 -0.608676
    outer loop
      vertex 151.267 11.4722 6.35
      vertex 155.267 11.2021 6.70208
      vertex 151.267 11.2021 6.70208
    endloop
  endfacet
  facet normal 0 -0.793419 -0.608676
    outer loop
      vertex 155.267 11.2021 6.70208
      vertex 151.267 11.4722 6.35
      vertex 155.267 11.4722 6.35
    endloop
  endfacet
  facet normal -0 0.38268 0.923881
    outer loop
      vertex 151.267 9.56001 3.85793
      vertex 155.267 9.15 4.02776
      vertex 155.267 9.56001 3.85793
    endloop
  endfacet
  facet normal 0 0.38268 0.923881
    outer loop
      vertex 155.267 9.15 4.02776
      vertex 151.267 9.56001 3.85793
      vertex 151.267 9.15 4.02776
    endloop
  endfacet
  facet normal 0 0.923881 -0.38268
    outer loop
      vertex 155.267 8.35793 5.93999
      vertex 151.267 8.52776 6.35
      vertex 155.267 8.52776 6.35
    endloop
  endfacet
  facet normal 0 0.923881 -0.38268
    outer loop
      vertex 151.267 8.52776 6.35
      vertex 155.267 8.35793 5.93999
      vertex 151.267 8.35793 5.93999
    endloop
  endfacet
  facet normal 0 0.608761 -0.793354
    outer loop
      vertex 151.267 8.79792 6.70208
      vertex 155.267 9.15 6.97224
      vertex 155.267 8.79792 6.70208
    endloop
  endfacet
  facet normal 0 0.608761 -0.793354
    outer loop
      vertex 155.267 9.15 6.97224
      vertex 151.267 8.79792 6.70208
      vertex 151.267 9.15 6.97224
    endloop
  endfacet
  facet normal 0 -0.382688 0.923878
    outer loop
      vertex 151.267 10.85 4.02776
      vertex 155.267 10.44 3.85793
      vertex 155.267 10.85 4.02776
    endloop
  endfacet
  facet normal 0 -0.382688 0.923878
    outer loop
      vertex 155.267 10.44 3.85793
      vertex 151.267 10.85 4.02776
      vertex 151.267 10.44 3.85793
    endloop
  endfacet
  facet normal 0 -0.793419 0.608676
    outer loop
      vertex 151.267 11.2021 4.29792
      vertex 155.267 11.4722 4.65
      vertex 151.267 11.4722 4.65
    endloop
  endfacet
  facet normal 0 -0.793419 0.608676
    outer loop
      vertex 155.267 11.4722 4.65
      vertex 151.267 11.2021 4.29792
      vertex 155.267 11.2021 4.29792
    endloop
  endfacet
  facet normal 0 -0.991452 0.130469
    outer loop
      vertex 151.267 11.6421 5.06001
      vertex 155.267 11.7 5.5
      vertex 151.267 11.7 5.5
    endloop
  endfacet
  facet normal 0 -0.991452 0.130469
    outer loop
      vertex 155.267 11.7 5.5
      vertex 151.267 11.6421 5.06001
      vertex 155.267 11.6421 5.06001
    endloop
  endfacet
  facet normal 0 -0.130533 -0.991444
    outer loop
      vertex 151.267 10 7.2
      vertex 155.267 10.44 7.14207
      vertex 155.267 10 7.2
    endloop
  endfacet
  facet normal -0 -0.130533 -0.991444
    outer loop
      vertex 155.267 10.44 7.14207
      vertex 151.267 10 7.2
      vertex 151.267 10.44 7.14207
    endloop
  endfacet
  facet normal 0 -0.923825 -0.382815
    outer loop
      vertex 151.267 11.6421 5.93999
      vertex 155.267 11.4722 6.35
      vertex 151.267 11.4722 6.35
    endloop
  endfacet
  facet normal 0 -0.923825 -0.382815
    outer loop
      vertex 155.267 11.4722 6.35
      vertex 151.267 11.6421 5.93999
      vertex 155.267 11.6421 5.93999
    endloop
  endfacet
  facet normal -0 0.130536 0.991444
    outer loop
      vertex 151.267 10 3.8
      vertex 155.267 9.56001 3.85793
      vertex 155.267 10 3.8
    endloop
  endfacet
  facet normal 0 0.130536 0.991444
    outer loop
      vertex 155.267 9.56001 3.85793
      vertex 151.267 10 3.8
      vertex 151.267 9.56001 3.85793
    endloop
  endfacet
  facet normal 0 0.923881 0.38268
    outer loop
      vertex 155.267 8.52776 4.65
      vertex 151.267 8.35793 5.06001
      vertex 155.267 8.35793 5.06001
    endloop
  endfacet
  facet normal 0 0.923881 0.38268
    outer loop
      vertex 151.267 8.35793 5.06001
      vertex 155.267 8.52776 4.65
      vertex 151.267 8.52776 4.65
    endloop
  endfacet
  facet normal -0 0.608761 0.793354
    outer loop
      vertex 151.267 9.15 4.02776
      vertex 155.267 8.79792 4.29792
      vertex 155.267 9.15 4.02776
    endloop
  endfacet
  facet normal 0 0.608761 0.793354
    outer loop
      vertex 155.267 8.79792 4.29792
      vertex 151.267 9.15 4.02776
      vertex 151.267 8.79792 4.29792
    endloop
  endfacet
  facet normal 0 0.991444 -0.130536
    outer loop
      vertex 155.267 8.3 5.5
      vertex 151.267 8.35793 5.93999
      vertex 155.267 8.35793 5.93999
    endloop
  endfacet
  facet normal 0 0.991444 -0.130536
    outer loop
      vertex 151.267 8.35793 5.93999
      vertex 155.267 8.3 5.5
      vertex 151.267 8.3 5.5
    endloop
  endfacet
  facet normal 0 0.38268 -0.923881
    outer loop
      vertex 151.267 9.15 6.97224
      vertex 155.267 9.56001 7.14207
      vertex 155.267 9.15 6.97224
    endloop
  endfacet
  facet normal 0 0.38268 -0.923881
    outer loop
      vertex 155.267 9.56001 7.14207
      vertex 151.267 9.15 6.97224
      vertex 151.267 9.56001 7.14207
    endloop
  endfacet
  facet normal 0 -0.608739 0.793371
    outer loop
      vertex 151.267 11.2021 4.29792
      vertex 155.267 10.85 4.02776
      vertex 155.267 11.2021 4.29792
    endloop
  endfacet
  facet normal 0 -0.608739 0.793371
    outer loop
      vertex 155.267 10.85 4.02776
      vertex 151.267 11.2021 4.29792
      vertex 151.267 10.85 4.02776
    endloop
  endfacet
  facet normal 0 0.793354 0.608761
    outer loop
      vertex 155.267 8.79792 4.29792
      vertex 151.267 8.52776 4.65
      vertex 155.267 8.52776 4.65
    endloop
  endfacet
  facet normal 0 0.793354 0.608761
    outer loop
      vertex 151.267 8.52776 4.65
      vertex 155.267 8.79792 4.29792
      vertex 151.267 8.79792 4.29792
    endloop
  endfacet
  facet normal 0 -0.130533 0.991444
    outer loop
      vertex 151.267 49.215 3.85793
      vertex 155.267 48.775 3.8
      vertex 155.267 49.215 3.85793
    endloop
  endfacet
  facet normal 0 -0.130533 0.991444
    outer loop
      vertex 155.267 48.775 3.8
      vertex 151.267 49.215 3.85793
      vertex 151.267 48.775 3.8
    endloop
  endfacet
  facet normal 0 0.130533 -0.991444
    outer loop
      vertex 151.267 48.335 7.14207
      vertex 155.267 48.775 7.2
      vertex 155.267 48.335 7.14207
    endloop
  endfacet
  facet normal 0 0.130533 -0.991444
    outer loop
      vertex 155.267 48.775 7.2
      vertex 151.267 48.335 7.14207
      vertex 151.267 48.775 7.2
    endloop
  endfacet
  facet normal 0 -0.991452 -0.130469
    outer loop
      vertex 151.267 50.475 5.5
      vertex 155.267 50.4171 5.93999
      vertex 151.267 50.4171 5.93999
    endloop
  endfacet
  facet normal 0 -0.991452 -0.130469
    outer loop
      vertex 155.267 50.4171 5.93999
      vertex 151.267 50.475 5.5
      vertex 155.267 50.475 5.5
    endloop
  endfacet
  facet normal 0 0.793419 -0.608676
    outer loop
      vertex 155.267 47.3028 6.35
      vertex 151.267 47.5729 6.70208
      vertex 155.267 47.5729 6.70208
    endloop
  endfacet
  facet normal 0 0.793419 -0.608676
    outer loop
      vertex 151.267 47.5729 6.70208
      vertex 155.267 47.3028 6.35
      vertex 151.267 47.3028 6.35
    endloop
  endfacet
  facet normal 0 -0.382688 0.923878
    outer loop
      vertex 151.267 49.625 4.02776
      vertex 155.267 49.215 3.85793
      vertex 155.267 49.625 4.02776
    endloop
  endfacet
  facet normal 0 -0.382688 0.923878
    outer loop
      vertex 155.267 49.215 3.85793
      vertex 151.267 49.625 4.02776
      vertex 151.267 49.215 3.85793
    endloop
  endfacet
  facet normal 0 -0.608739 -0.793371
    outer loop
      vertex 151.267 49.625 6.97224
      vertex 155.267 49.9771 6.70208
      vertex 155.267 49.625 6.97224
    endloop
  endfacet
  facet normal -0 -0.608739 -0.793371
    outer loop
      vertex 155.267 49.9771 6.70208
      vertex 151.267 49.625 6.97224
      vertex 151.267 49.9771 6.70208
    endloop
  endfacet
  facet normal 0 -0.382688 -0.923878
    outer loop
      vertex 151.267 49.215 7.14207
      vertex 155.267 49.625 6.97224
      vertex 155.267 49.215 7.14207
    endloop
  endfacet
  facet normal -0 -0.382688 -0.923878
    outer loop
      vertex 155.267 49.625 6.97224
      vertex 151.267 49.215 7.14207
      vertex 151.267 49.625 6.97224
    endloop
  endfacet
  facet normal 0 -0.923825 -0.382815
    outer loop
      vertex 151.267 50.4171 5.93999
      vertex 155.267 50.2472 6.35
      vertex 151.267 50.2472 6.35
    endloop
  endfacet
  facet normal 0 -0.923825 -0.382815
    outer loop
      vertex 155.267 50.2472 6.35
      vertex 151.267 50.4171 5.93999
      vertex 155.267 50.4171 5.93999
    endloop
  endfacet
  facet normal 0 0.923825 0.382815
    outer loop
      vertex 155.267 47.3028 4.65
      vertex 151.267 47.1329 5.06001
      vertex 155.267 47.1329 5.06001
    endloop
  endfacet
  facet normal 0 0.923825 0.382815
    outer loop
      vertex 151.267 47.1329 5.06001
      vertex 155.267 47.3028 4.65
      vertex 151.267 47.3028 4.65
    endloop
  endfacet
  facet normal -0 0.382688 0.923878
    outer loop
      vertex 151.267 48.335 3.85793
      vertex 155.267 47.925 4.02776
      vertex 155.267 48.335 3.85793
    endloop
  endfacet
  facet normal 0 0.382688 0.923878
    outer loop
      vertex 155.267 47.925 4.02776
      vertex 151.267 48.335 3.85793
      vertex 151.267 47.925 4.02776
    endloop
  endfacet
  facet normal 0 0.608739 -0.793371
    outer loop
      vertex 151.267 47.5729 6.70208
      vertex 155.267 47.925 6.97224
      vertex 155.267 47.5729 6.70208
    endloop
  endfacet
  facet normal 0 0.608739 -0.793371
    outer loop
      vertex 155.267 47.925 6.97224
      vertex 151.267 47.5729 6.70208
      vertex 151.267 47.925 6.97224
    endloop
  endfacet
  facet normal 0 -0.608739 0.793371
    outer loop
      vertex 151.267 49.9771 4.29792
      vertex 155.267 49.625 4.02776
      vertex 155.267 49.9771 4.29792
    endloop
  endfacet
  facet normal 0 -0.608739 0.793371
    outer loop
      vertex 155.267 49.625 4.02776
      vertex 151.267 49.9771 4.29792
      vertex 151.267 49.625 4.02776
    endloop
  endfacet
  facet normal 0 -0.923825 0.382815
    outer loop
      vertex 151.267 50.2472 4.65
      vertex 155.267 50.4171 5.06001
      vertex 151.267 50.4171 5.06001
    endloop
  endfacet
  facet normal 0 -0.923825 0.382815
    outer loop
      vertex 155.267 50.4171 5.06001
      vertex 151.267 50.2472 4.65
      vertex 155.267 50.2472 4.65
    endloop
  endfacet
  facet normal 0 -0.130533 -0.991444
    outer loop
      vertex 151.267 48.775 7.2
      vertex 155.267 49.215 7.14207
      vertex 155.267 48.775 7.2
    endloop
  endfacet
  facet normal -0 -0.130533 -0.991444
    outer loop
      vertex 155.267 49.215 7.14207
      vertex 151.267 48.775 7.2
      vertex 151.267 49.215 7.14207
    endloop
  endfacet
  facet normal 0 -0.793419 -0.608676
    outer loop
      vertex 151.267 50.2472 6.35
      vertex 155.267 49.9771 6.70208
      vertex 151.267 49.9771 6.70208
    endloop
  endfacet
  facet normal 0 -0.793419 -0.608676
    outer loop
      vertex 155.267 49.9771 6.70208
      vertex 151.267 50.2472 6.35
      vertex 155.267 50.2472 6.35
    endloop
  endfacet
  facet normal -0 0.130533 0.991444
    outer loop
      vertex 151.267 48.775 3.8
      vertex 155.267 48.335 3.85793
      vertex 155.267 48.775 3.8
    endloop
  endfacet
  facet normal 0 0.130533 0.991444
    outer loop
      vertex 155.267 48.335 3.85793
      vertex 151.267 48.775 3.8
      vertex 151.267 48.335 3.85793
    endloop
  endfacet
  facet normal 0 0.793419 0.608676
    outer loop
      vertex 155.267 47.5729 4.29792
      vertex 151.267 47.3028 4.65
      vertex 155.267 47.3028 4.65
    endloop
  endfacet
  facet normal 0 0.793419 0.608676
    outer loop
      vertex 151.267 47.3028 4.65
      vertex 155.267 47.5729 4.29792
      vertex 151.267 47.5729 4.29792
    endloop
  endfacet
  facet normal 0 0.923825 -0.382815
    outer loop
      vertex 155.267 47.1329 5.93999
      vertex 151.267 47.3028 6.35
      vertex 155.267 47.3028 6.35
    endloop
  endfacet
  facet normal 0 0.923825 -0.382815
    outer loop
      vertex 151.267 47.3028 6.35
      vertex 155.267 47.1329 5.93999
      vertex 151.267 47.1329 5.93999
    endloop
  endfacet
  facet normal 0 0.991452 -0.130469
    outer loop
      vertex 155.267 47.075 5.5
      vertex 151.267 47.1329 5.93999
      vertex 155.267 47.1329 5.93999
    endloop
  endfacet
  facet normal 0 0.991452 -0.130469
    outer loop
      vertex 151.267 47.1329 5.93999
      vertex 155.267 47.075 5.5
      vertex 151.267 47.075 5.5
    endloop
  endfacet
  facet normal 0 0.991452 0.130469
    outer loop
      vertex 155.267 47.1329 5.06001
      vertex 151.267 47.075 5.5
      vertex 155.267 47.075 5.5
    endloop
  endfacet
  facet normal 0 0.991452 0.130469
    outer loop
      vertex 151.267 47.075 5.5
      vertex 155.267 47.1329 5.06001
      vertex 151.267 47.1329 5.06001
    endloop
  endfacet
  facet normal 0 0.382688 -0.923878
    outer loop
      vertex 151.267 47.925 6.97224
      vertex 155.267 48.335 7.14207
      vertex 155.267 47.925 6.97224
    endloop
  endfacet
  facet normal 0 0.382688 -0.923878
    outer loop
      vertex 155.267 48.335 7.14207
      vertex 151.267 47.925 6.97224
      vertex 151.267 48.335 7.14207
    endloop
  endfacet
  facet normal 0 -0.793419 0.608676
    outer loop
      vertex 151.267 49.9771 4.29792
      vertex 155.267 50.2472 4.65
      vertex 151.267 50.2472 4.65
    endloop
  endfacet
  facet normal 0 -0.793419 0.608676
    outer loop
      vertex 155.267 50.2472 4.65
      vertex 151.267 49.9771 4.29792
      vertex 155.267 49.9771 4.29792
    endloop
  endfacet
  facet normal 0 -0.991452 0.130469
    outer loop
      vertex 151.267 50.4171 5.06001
      vertex 155.267 50.475 5.5
      vertex 151.267 50.475 5.5
    endloop
  endfacet
  facet normal 0 -0.991452 0.130469
    outer loop
      vertex 155.267 50.475 5.5
      vertex 151.267 50.4171 5.06001
      vertex 155.267 50.4171 5.06001
    endloop
  endfacet
  facet normal -0 0.608739 0.793371
    outer loop
      vertex 151.267 47.925 4.02776
      vertex 155.267 47.5729 4.29792
      vertex 155.267 47.925 4.02776
    endloop
  endfacet
  facet normal 0 0.608739 0.793371
    outer loop
      vertex 155.267 47.5729 4.29792
      vertex 151.267 47.925 4.02776
      vertex 151.267 47.5729 4.29792
    endloop
  endfacet
  facet normal 0 -0.130533 0.991444
    outer loop
      vertex 151.267 87.99 3.85793
      vertex 155.267 87.55 3.8
      vertex 155.267 87.99 3.85793
    endloop
  endfacet
  facet normal 0 -0.130533 0.991444
    outer loop
      vertex 155.267 87.55 3.8
      vertex 151.267 87.99 3.85793
      vertex 151.267 87.55 3.8
    endloop
  endfacet
  facet normal 0 -0.130533 -0.991444
    outer loop
      vertex 151.267 87.55 7.2
      vertex 155.267 87.99 7.14207
      vertex 155.267 87.55 7.2
    endloop
  endfacet
  facet normal -0 -0.130533 -0.991444
    outer loop
      vertex 155.267 87.99 7.14207
      vertex 151.267 87.55 7.2
      vertex 151.267 87.99 7.14207
    endloop
  endfacet
  facet normal 0 0.991452 0.130469
    outer loop
      vertex 155.267 85.9079 5.06001
      vertex 151.267 85.85 5.5
      vertex 155.267 85.85 5.5
    endloop
  endfacet
  facet normal 0 0.991452 0.130469
    outer loop
      vertex 151.267 85.85 5.5
      vertex 155.267 85.9079 5.06001
      vertex 151.267 85.9079 5.06001
    endloop
  endfacet
  facet normal -0 0.608739 0.793371
    outer loop
      vertex 151.267 86.7 4.02776
      vertex 155.267 86.3479 4.29792
      vertex 155.267 86.7 4.02776
    endloop
  endfacet
  facet normal 0 0.608739 0.793371
    outer loop
      vertex 155.267 86.3479 4.29792
      vertex 151.267 86.7 4.02776
      vertex 151.267 86.3479 4.29792
    endloop
  endfacet
  facet normal 0 -0.923825 0.382815
    outer loop
      vertex 151.267 89.0222 4.65
      vertex 155.267 89.1921 5.06001
      vertex 151.267 89.1921 5.06001
    endloop
  endfacet
  facet normal 0 -0.923825 0.382815
    outer loop
      vertex 155.267 89.1921 5.06001
      vertex 151.267 89.0222 4.65
      vertex 155.267 89.0222 4.65
    endloop
  endfacet
  facet normal 0 -0.793419 -0.608676
    outer loop
      vertex 151.267 89.0222 6.35
      vertex 155.267 88.7521 6.70208
      vertex 151.267 88.7521 6.70208
    endloop
  endfacet
  facet normal 0 -0.793419 -0.608676
    outer loop
      vertex 155.267 88.7521 6.70208
      vertex 151.267 89.0222 6.35
      vertex 155.267 89.0222 6.35
    endloop
  endfacet
  facet normal 0 -0.991452 -0.130469
    outer loop
      vertex 151.267 89.25 5.5
      vertex 155.267 89.1921 5.93999
      vertex 151.267 89.1921 5.93999
    endloop
  endfacet
  facet normal 0 -0.991452 -0.130469
    outer loop
      vertex 155.267 89.1921 5.93999
      vertex 151.267 89.25 5.5
      vertex 155.267 89.25 5.5
    endloop
  endfacet
  facet normal 0 -0.382688 0.923878
    outer loop
      vertex 151.267 88.4 4.02776
      vertex 155.267 87.99 3.85793
      vertex 155.267 88.4 4.02776
    endloop
  endfacet
  facet normal 0 -0.382688 0.923878
    outer loop
      vertex 155.267 87.99 3.85793
      vertex 151.267 88.4 4.02776
      vertex 151.267 87.99 3.85793
    endloop
  endfacet
  facet normal 0 -0.793419 0.608676
    outer loop
      vertex 151.267 88.7521 4.29792
      vertex 155.267 89.0222 4.65
      vertex 151.267 89.0222 4.65
    endloop
  endfacet
  facet normal 0 -0.793419 0.608676
    outer loop
      vertex 155.267 89.0222 4.65
      vertex 151.267 88.7521 4.29792
      vertex 155.267 88.7521 4.29792
    endloop
  endfacet
  facet normal 0 -0.991452 0.130469
    outer loop
      vertex 151.267 89.1921 5.06001
      vertex 155.267 89.25 5.5
      vertex 151.267 89.25 5.5
    endloop
  endfacet
  facet normal 0 -0.991452 0.130469
    outer loop
      vertex 155.267 89.25 5.5
      vertex 151.267 89.1921 5.06001
      vertex 155.267 89.1921 5.06001
    endloop
  endfacet
  facet normal 0 -0.608739 -0.793371
    outer loop
      vertex 151.267 88.4 6.97224
      vertex 155.267 88.7521 6.70208
      vertex 155.267 88.4 6.97224
    endloop
  endfacet
  facet normal -0 -0.608739 -0.793371
    outer loop
      vertex 155.267 88.7521 6.70208
      vertex 151.267 88.4 6.97224
      vertex 151.267 88.7521 6.70208
    endloop
  endfacet
  facet normal 0 -0.382688 -0.923878
    outer loop
      vertex 151.267 87.99 7.14207
      vertex 155.267 88.4 6.97224
      vertex 155.267 87.99 7.14207
    endloop
  endfacet
  facet normal -0 -0.382688 -0.923878
    outer loop
      vertex 155.267 88.4 6.97224
      vertex 151.267 87.99 7.14207
      vertex 151.267 88.4 6.97224
    endloop
  endfacet
  facet normal 0 -0.923825 -0.382815
    outer loop
      vertex 151.267 89.1921 5.93999
      vertex 155.267 89.0222 6.35
      vertex 151.267 89.0222 6.35
    endloop
  endfacet
  facet normal 0 -0.923825 -0.382815
    outer loop
      vertex 155.267 89.0222 6.35
      vertex 151.267 89.1921 5.93999
      vertex 155.267 89.1921 5.93999
    endloop
  endfacet
  facet normal -0 0.130533 0.991444
    outer loop
      vertex 151.267 87.55 3.8
      vertex 155.267 87.11 3.85793
      vertex 155.267 87.55 3.8
    endloop
  endfacet
  facet normal 0 0.130533 0.991444
    outer loop
      vertex 155.267 87.11 3.85793
      vertex 151.267 87.55 3.8
      vertex 151.267 87.11 3.85793
    endloop
  endfacet
  facet normal 0 0.608739 -0.793371
    outer loop
      vertex 151.267 86.3479 6.70208
      vertex 155.267 86.7 6.97224
      vertex 155.267 86.3479 6.70208
    endloop
  endfacet
  facet normal 0 0.608739 -0.793371
    outer loop
      vertex 155.267 86.7 6.97224
      vertex 151.267 86.3479 6.70208
      vertex 151.267 86.7 6.97224
    endloop
  endfacet
  facet normal 0 0.923825 0.382815
    outer loop
      vertex 155.267 86.0778 4.65
      vertex 151.267 85.9079 5.06001
      vertex 155.267 85.9079 5.06001
    endloop
  endfacet
  facet normal 0 0.923825 0.382815
    outer loop
      vertex 151.267 85.9079 5.06001
      vertex 155.267 86.0778 4.65
      vertex 151.267 86.0778 4.65
    endloop
  endfacet
  facet normal -0 0.382688 0.923878
    outer loop
      vertex 151.267 87.11 3.85793
      vertex 155.267 86.7 4.02776
      vertex 155.267 87.11 3.85793
    endloop
  endfacet
  facet normal 0 0.382688 0.923878
    outer loop
      vertex 155.267 86.7 4.02776
      vertex 151.267 87.11 3.85793
      vertex 151.267 86.7 4.02776
    endloop
  endfacet
  facet normal 0 -0.608739 0.793371
    outer loop
      vertex 151.267 88.7521 4.29792
      vertex 155.267 88.4 4.02776
      vertex 155.267 88.7521 4.29792
    endloop
  endfacet
  facet normal 0 -0.608739 0.793371
    outer loop
      vertex 155.267 88.4 4.02776
      vertex 151.267 88.7521 4.29792
      vertex 151.267 88.4 4.02776
    endloop
  endfacet
  facet normal 0 0.923825 -0.382815
    outer loop
      vertex 155.267 85.9079 5.93999
      vertex 151.267 86.0778 6.35
      vertex 155.267 86.0778 6.35
    endloop
  endfacet
  facet normal 0 0.923825 -0.382815
    outer loop
      vertex 151.267 86.0778 6.35
      vertex 155.267 85.9079 5.93999
      vertex 151.267 85.9079 5.93999
    endloop
  endfacet
  facet normal 0 0.793419 0.608676
    outer loop
      vertex 155.267 86.3479 4.29792
      vertex 151.267 86.0778 4.65
      vertex 155.267 86.0778 4.65
    endloop
  endfacet
  facet normal 0 0.793419 0.608676
    outer loop
      vertex 151.267 86.0778 4.65
      vertex 155.267 86.3479 4.29792
      vertex 151.267 86.3479 4.29792
    endloop
  endfacet
  facet normal 0 0.991452 -0.130469
    outer loop
      vertex 155.267 85.85 5.5
      vertex 151.267 85.9079 5.93999
      vertex 155.267 85.9079 5.93999
    endloop
  endfacet
  facet normal 0 0.991452 -0.130469
    outer loop
      vertex 151.267 85.9079 5.93999
      vertex 155.267 85.85 5.5
      vertex 151.267 85.85 5.5
    endloop
  endfacet
  facet normal 0 0.793419 -0.608676
    outer loop
      vertex 155.267 86.0778 6.35
      vertex 151.267 86.3479 6.70208
      vertex 155.267 86.3479 6.70208
    endloop
  endfacet
  facet normal 0 0.793419 -0.608676
    outer loop
      vertex 151.267 86.3479 6.70208
      vertex 155.267 86.0778 6.35
      vertex 151.267 86.0778 6.35
    endloop
  endfacet
  facet normal 0 0.382688 -0.923878
    outer loop
      vertex 151.267 86.7 6.97224
      vertex 155.267 87.11 7.14207
      vertex 155.267 86.7 6.97224
    endloop
  endfacet
  facet normal 0 0.382688 -0.923878
    outer loop
      vertex 155.267 87.11 7.14207
      vertex 151.267 86.7 6.97224
      vertex 151.267 87.11 7.14207
    endloop
  endfacet
  facet normal 0 0.130533 -0.991444
    outer loop
      vertex 151.267 87.11 7.14207
      vertex 155.267 87.55 7.2
      vertex 155.267 87.11 7.14207
    endloop
  endfacet
  facet normal 0 0.130533 -0.991444
    outer loop
      vertex 155.267 87.55 7.2
      vertex 151.267 87.11 7.14207
      vertex 151.267 87.55 7.2
    endloop
  endfacet
  facet normal 0 -0.130533 0.991444
    outer loop
      vertex 151.267 126.765 3.85793
      vertex 155.267 126.325 3.8
      vertex 155.267 126.765 3.85793
    endloop
  endfacet
  facet normal 0 -0.130533 0.991444
    outer loop
      vertex 155.267 126.325 3.8
      vertex 151.267 126.765 3.85793
      vertex 151.267 126.325 3.8
    endloop
  endfacet
  facet normal 0 0.130533 -0.991444
    outer loop
      vertex 151.267 125.885 7.14207
      vertex 155.267 126.325 7.2
      vertex 155.267 125.885 7.14207
    endloop
  endfacet
  facet normal 0 0.130533 -0.991444
    outer loop
      vertex 155.267 126.325 7.2
      vertex 151.267 125.885 7.14207
      vertex 151.267 126.325 7.2
    endloop
  endfacet
  facet normal 0 -0.991423 -0.130691
    outer loop
      vertex 151.267 128.025 5.5
      vertex 155.267 127.967 5.93999
      vertex 151.267 127.967 5.93999
    endloop
  endfacet
  facet normal 0 -0.991423 -0.130691
    outer loop
      vertex 155.267 127.967 5.93999
      vertex 151.267 128.025 5.5
      vertex 155.267 128.025 5.5
    endloop
  endfacet
  facet normal 0 0.991423 0.130691
    outer loop
      vertex 155.267 124.683 5.06001
      vertex 151.267 124.625 5.5
      vertex 155.267 124.625 5.5
    endloop
  endfacet
  facet normal 0 0.991423 0.130691
    outer loop
      vertex 151.267 124.625 5.5
      vertex 155.267 124.683 5.06001
      vertex 151.267 124.683 5.06001
    endloop
  endfacet
  facet normal 0 0.793528 -0.608534
    outer loop
      vertex 155.267 124.853 6.35
      vertex 151.267 125.123 6.70208
      vertex 155.267 125.123 6.70208
    endloop
  endfacet
  facet normal 0 0.793528 -0.608534
    outer loop
      vertex 151.267 125.123 6.70208
      vertex 155.267 124.853 6.35
      vertex 151.267 124.853 6.35
    endloop
  endfacet
  facet normal 0 -0.608848 -0.793287
    outer loop
      vertex 151.267 127.175 6.97224
      vertex 155.267 127.527 6.70208
      vertex 155.267 127.175 6.97224
    endloop
  endfacet
  facet normal -0 -0.608848 -0.793287
    outer loop
      vertex 155.267 127.527 6.70208
      vertex 151.267 127.175 6.97224
      vertex 151.267 127.527 6.70208
    endloop
  endfacet
  facet normal 0 -0.382688 -0.923878
    outer loop
      vertex 151.267 126.765 7.14207
      vertex 155.267 127.175 6.97224
      vertex 155.267 126.765 7.14207
    endloop
  endfacet
  facet normal -0 -0.382688 -0.923878
    outer loop
      vertex 155.267 127.175 6.97224
      vertex 151.267 126.765 7.14207
      vertex 151.267 127.175 6.97224
    endloop
  endfacet
  facet normal 0 -0.793528 -0.608534
    outer loop
      vertex 151.267 127.797 6.35
      vertex 155.267 127.527 6.70208
      vertex 151.267 127.527 6.70208
    endloop
  endfacet
  facet normal 0 -0.793528 -0.608534
    outer loop
      vertex 155.267 127.527 6.70208
      vertex 151.267 127.797 6.35
      vertex 155.267 127.797 6.35
    endloop
  endfacet
  facet normal -0 0.382688 0.923878
    outer loop
      vertex 151.267 125.885 3.85793
      vertex 155.267 125.475 4.02776
      vertex 155.267 125.885 3.85793
    endloop
  endfacet
  facet normal 0 0.382688 0.923878
    outer loop
      vertex 155.267 125.475 4.02776
      vertex 151.267 125.885 3.85793
      vertex 151.267 125.475 4.02776
    endloop
  endfacet
  facet normal 0 0.923745 -0.383007
    outer loop
      vertex 155.267 124.683 5.93999
      vertex 151.267 124.853 6.35
      vertex 155.267 124.853 6.35
    endloop
  endfacet
  facet normal 0 0.923745 -0.383007
    outer loop
      vertex 151.267 124.853 6.35
      vertex 155.267 124.683 5.93999
      vertex 151.267 124.683 5.93999
    endloop
  endfacet
  facet normal 0 0.608848 -0.793287
    outer loop
      vertex 151.267 125.123 6.70208
      vertex 155.267 125.475 6.97224
      vertex 155.267 125.123 6.70208
    endloop
  endfacet
  facet normal 0 0.608848 -0.793287
    outer loop
      vertex 155.267 125.475 6.97224
      vertex 151.267 125.123 6.70208
      vertex 151.267 125.475 6.97224
    endloop
  endfacet
  facet normal 0 -0.382688 0.923878
    outer loop
      vertex 151.267 127.175 4.02776
      vertex 155.267 126.765 3.85793
      vertex 155.267 127.175 4.02776
    endloop
  endfacet
  facet normal 0 -0.382688 0.923878
    outer loop
      vertex 155.267 126.765 3.85793
      vertex 151.267 127.175 4.02776
      vertex 151.267 126.765 3.85793
    endloop
  endfacet
  facet normal 0 -0.793528 0.608534
    outer loop
      vertex 151.267 127.527 4.29792
      vertex 155.267 127.797 4.65
      vertex 151.267 127.797 4.65
    endloop
  endfacet
  facet normal 0 -0.793528 0.608534
    outer loop
      vertex 155.267 127.797 4.65
      vertex 151.267 127.527 4.29792
      vertex 155.267 127.527 4.29792
    endloop
  endfacet
  facet normal 0 -0.923745 0.383007
    outer loop
      vertex 151.267 127.797 4.65
      vertex 155.267 127.967 5.06001
      vertex 151.267 127.967 5.06001
    endloop
  endfacet
  facet normal 0 -0.923745 0.383007
    outer loop
      vertex 155.267 127.967 5.06001
      vertex 151.267 127.797 4.65
      vertex 155.267 127.797 4.65
    endloop
  endfacet
  facet normal 0 -0.130533 -0.991444
    outer loop
      vertex 151.267 126.325 7.2
      vertex 155.267 126.765 7.14207
      vertex 155.267 126.325 7.2
    endloop
  endfacet
  facet normal -0 -0.130533 -0.991444
    outer loop
      vertex 155.267 126.765 7.14207
      vertex 151.267 126.325 7.2
      vertex 151.267 126.765 7.14207
    endloop
  endfacet
  facet normal 0 -0.923745 -0.383007
    outer loop
      vertex 151.267 127.967 5.93999
      vertex 155.267 127.797 6.35
      vertex 151.267 127.797 6.35
    endloop
  endfacet
  facet normal 0 -0.923745 -0.383007
    outer loop
      vertex 155.267 127.797 6.35
      vertex 151.267 127.967 5.93999
      vertex 155.267 127.967 5.93999
    endloop
  endfacet
  facet normal -0 0.130533 0.991444
    outer loop
      vertex 151.267 126.325 3.8
      vertex 155.267 125.885 3.85793
      vertex 155.267 126.325 3.8
    endloop
  endfacet
  facet normal 0 0.130533 0.991444
    outer loop
      vertex 155.267 125.885 3.85793
      vertex 151.267 126.325 3.8
      vertex 151.267 125.885 3.85793
    endloop
  endfacet
  facet normal 0 0.923745 0.383007
    outer loop
      vertex 155.267 124.853 4.65
      vertex 151.267 124.683 5.06001
      vertex 155.267 124.683 5.06001
    endloop
  endfacet
  facet normal 0 0.923745 0.383007
    outer loop
      vertex 151.267 124.683 5.06001
      vertex 155.267 124.853 4.65
      vertex 151.267 124.853 4.65
    endloop
  endfacet
  facet normal -0 0.608848 0.793287
    outer loop
      vertex 151.267 125.475 4.02776
      vertex 155.267 125.123 4.29792
      vertex 155.267 125.475 4.02776
    endloop
  endfacet
  facet normal 0 0.608848 0.793287
    outer loop
      vertex 155.267 125.123 4.29792
      vertex 151.267 125.475 4.02776
      vertex 151.267 125.123 4.29792
    endloop
  endfacet
  facet normal 0 0.991423 -0.130691
    outer loop
      vertex 155.267 124.625 5.5
      vertex 151.267 124.683 5.93999
      vertex 155.267 124.683 5.93999
    endloop
  endfacet
  facet normal 0 0.991423 -0.130691
    outer loop
      vertex 151.267 124.683 5.93999
      vertex 155.267 124.625 5.5
      vertex 151.267 124.625 5.5
    endloop
  endfacet
  facet normal 0 0.382688 -0.923878
    outer loop
      vertex 151.267 125.475 6.97224
      vertex 155.267 125.885 7.14207
      vertex 155.267 125.475 6.97224
    endloop
  endfacet
  facet normal 0 0.382688 -0.923878
    outer loop
      vertex 155.267 125.885 7.14207
      vertex 151.267 125.475 6.97224
      vertex 151.267 125.885 7.14207
    endloop
  endfacet
  facet normal 0 -0.608848 0.793287
    outer loop
      vertex 151.267 127.527 4.29792
      vertex 155.267 127.175 4.02776
      vertex 155.267 127.527 4.29792
    endloop
  endfacet
  facet normal 0 -0.608848 0.793287
    outer loop
      vertex 155.267 127.175 4.02776
      vertex 151.267 127.527 4.29792
      vertex 151.267 127.175 4.02776
    endloop
  endfacet
  facet normal 0 -0.991423 0.130691
    outer loop
      vertex 151.267 127.967 5.06001
      vertex 155.267 128.025 5.5
      vertex 151.267 128.025 5.5
    endloop
  endfacet
  facet normal 0 -0.991423 0.130691
    outer loop
      vertex 155.267 128.025 5.5
      vertex 151.267 127.967 5.06001
      vertex 155.267 127.967 5.06001
    endloop
  endfacet
  facet normal 0 0.793528 0.608534
    outer loop
      vertex 155.267 125.123 4.29792
      vertex 151.267 124.853 4.65
      vertex 155.267 124.853 4.65
    endloop
  endfacet
  facet normal 0 0.793528 0.608534
    outer loop
      vertex 151.267 124.853 4.65
      vertex 155.267 125.123 4.29792
      vertex 151.267 125.123 4.29792
    endloop
  endfacet
  facet normal 0 -0.923825 0.382815
    outer loop
      vertex 310.533 11.4722 4.65
      vertex 314.533 11.6421 5.06001
      vertex 310.533 11.6421 5.06001
    endloop
  endfacet
  facet normal 0 -0.923825 0.382815
    outer loop
      vertex 314.533 11.6421 5.06001
      vertex 310.533 11.4722 4.65
      vertex 314.533 11.4722 4.65
    endloop
  endfacet
  facet normal -0 0.130536 0.991444
    outer loop
      vertex 310.533 10 3.8
      vertex 314.533 9.56001 3.85793
      vertex 314.533 10 3.8
    endloop
  endfacet
  facet normal 0 0.130536 0.991444
    outer loop
      vertex 314.533 9.56001 3.85793
      vertex 310.533 10 3.8
      vertex 310.533 9.56001 3.85793
    endloop
  endfacet
  facet normal 0 -0.793419 -0.608676
    outer loop
      vertex 310.533 11.4722 6.35
      vertex 314.533 11.2021 6.70208
      vertex 310.533 11.2021 6.70208
    endloop
  endfacet
  facet normal 0 -0.793419 -0.608676
    outer loop
      vertex 314.533 11.2021 6.70208
      vertex 310.533 11.4722 6.35
      vertex 314.533 11.4722 6.35
    endloop
  endfacet
  facet normal 0 -0.382688 -0.923878
    outer loop
      vertex 310.533 10.44 7.14207
      vertex 314.533 10.85 6.97224
      vertex 314.533 10.44 7.14207
    endloop
  endfacet
  facet normal -0 -0.382688 -0.923878
    outer loop
      vertex 314.533 10.85 6.97224
      vertex 310.533 10.44 7.14207
      vertex 310.533 10.85 6.97224
    endloop
  endfacet
  facet normal 0 -0.608739 -0.793371
    outer loop
      vertex 310.533 10.85 6.97224
      vertex 314.533 11.2021 6.70208
      vertex 314.533 10.85 6.97224
    endloop
  endfacet
  facet normal -0 -0.608739 -0.793371
    outer loop
      vertex 314.533 11.2021 6.70208
      vertex 310.533 10.85 6.97224
      vertex 310.533 11.2021 6.70208
    endloop
  endfacet
  facet normal -0 0.608761 0.793354
    outer loop
      vertex 310.533 9.15 4.02776
      vertex 314.533 8.79792 4.29792
      vertex 314.533 9.15 4.02776
    endloop
  endfacet
  facet normal 0 0.608761 0.793354
    outer loop
      vertex 314.533 8.79792 4.29792
      vertex 310.533 9.15 4.02776
      vertex 310.533 8.79792 4.29792
    endloop
  endfacet
  facet normal -0 0.38268 0.923881
    outer loop
      vertex 310.533 9.56001 3.85793
      vertex 314.533 9.15 4.02776
      vertex 314.533 9.56001 3.85793
    endloop
  endfacet
  facet normal 0 0.38268 0.923881
    outer loop
      vertex 314.533 9.15 4.02776
      vertex 310.533 9.56001 3.85793
      vertex 310.533 9.15 4.02776
    endloop
  endfacet
  facet normal 0 0.608761 -0.793354
    outer loop
      vertex 310.533 8.79792 6.70208
      vertex 314.533 9.15 6.97224
      vertex 314.533 8.79792 6.70208
    endloop
  endfacet
  facet normal 0 0.608761 -0.793354
    outer loop
      vertex 314.533 9.15 6.97224
      vertex 310.533 8.79792 6.70208
      vertex 310.533 9.15 6.97224
    endloop
  endfacet
  facet normal 0 0.793354 -0.608761
    outer loop
      vertex 314.533 8.52776 6.35
      vertex 310.533 8.79792 6.70208
      vertex 314.533 8.79792 6.70208
    endloop
  endfacet
  facet normal 0 0.793354 -0.608761
    outer loop
      vertex 310.533 8.79792 6.70208
      vertex 314.533 8.52776 6.35
      vertex 310.533 8.52776 6.35
    endloop
  endfacet
  facet normal 0 -0.608739 0.793371
    outer loop
      vertex 310.533 11.2021 4.29792
      vertex 314.533 10.85 4.02776
      vertex 314.533 11.2021 4.29792
    endloop
  endfacet
  facet normal 0 -0.608739 0.793371
    outer loop
      vertex 314.533 10.85 4.02776
      vertex 310.533 11.2021 4.29792
      vertex 310.533 10.85 4.02776
    endloop
  endfacet
  facet normal 0 -0.382688 0.923878
    outer loop
      vertex 310.533 10.85 4.02776
      vertex 314.533 10.44 3.85793
      vertex 314.533 10.85 4.02776
    endloop
  endfacet
  facet normal 0 -0.382688 0.923878
    outer loop
      vertex 314.533 10.44 3.85793
      vertex 310.533 10.85 4.02776
      vertex 310.533 10.44 3.85793
    endloop
  endfacet
  facet normal 0 -0.793419 0.608676
    outer loop
      vertex 310.533 11.2021 4.29792
      vertex 314.533 11.4722 4.65
      vertex 310.533 11.4722 4.65
    endloop
  endfacet
  facet normal 0 -0.793419 0.608676
    outer loop
      vertex 314.533 11.4722 4.65
      vertex 310.533 11.2021 4.29792
      vertex 314.533 11.2021 4.29792
    endloop
  endfacet
  facet normal 0 -0.991452 -0.130469
    outer loop
      vertex 310.533 11.7 5.5
      vertex 314.533 11.6421 5.93999
      vertex 310.533 11.6421 5.93999
    endloop
  endfacet
  facet normal 0 -0.991452 -0.130469
    outer loop
      vertex 314.533 11.6421 5.93999
      vertex 310.533 11.7 5.5
      vertex 314.533 11.7 5.5
    endloop
  endfacet
  facet normal 0 -0.991452 0.130469
    outer loop
      vertex 310.533 11.6421 5.06001
      vertex 314.533 11.7 5.5
      vertex 310.533 11.7 5.5
    endloop
  endfacet
  facet normal 0 -0.991452 0.130469
    outer loop
      vertex 314.533 11.7 5.5
      vertex 310.533 11.6421 5.06001
      vertex 314.533 11.6421 5.06001
    endloop
  endfacet
  facet normal 0 0.130536 -0.991444
    outer loop
      vertex 310.533 9.56001 7.14207
      vertex 314.533 10 7.2
      vertex 314.533 9.56001 7.14207
    endloop
  endfacet
  facet normal 0 0.130536 -0.991444
    outer loop
      vertex 314.533 10 7.2
      vertex 310.533 9.56001 7.14207
      vertex 310.533 10 7.2
    endloop
  endfacet
  facet normal 0 -0.923825 -0.382815
    outer loop
      vertex 310.533 11.6421 5.93999
      vertex 314.533 11.4722 6.35
      vertex 310.533 11.4722 6.35
    endloop
  endfacet
  facet normal 0 -0.923825 -0.382815
    outer loop
      vertex 314.533 11.4722 6.35
      vertex 310.533 11.6421 5.93999
      vertex 314.533 11.6421 5.93999
    endloop
  endfacet
  facet normal 0 -0.130533 0.991444
    outer loop
      vertex 310.533 10.44 3.85793
      vertex 314.533 10 3.8
      vertex 314.533 10.44 3.85793
    endloop
  endfacet
  facet normal 0 -0.130533 0.991444
    outer loop
      vertex 314.533 10 3.8
      vertex 310.533 10.44 3.85793
      vertex 310.533 10 3.8
    endloop
  endfacet
  facet normal 0 0.923881 0.38268
    outer loop
      vertex 314.533 8.52776 4.65
      vertex 310.533 8.35793 5.06001
      vertex 314.533 8.35793 5.06001
    endloop
  endfacet
  facet normal 0 0.923881 0.38268
    outer loop
      vertex 310.533 8.35793 5.06001
      vertex 314.533 8.52776 4.65
      vertex 310.533 8.52776 4.65
    endloop
  endfacet
  facet normal 0 0.793354 0.608761
    outer loop
      vertex 314.533 8.79792 4.29792
      vertex 310.533 8.52776 4.65
      vertex 314.533 8.52776 4.65
    endloop
  endfacet
  facet normal 0 0.793354 0.608761
    outer loop
      vertex 310.533 8.52776 4.65
      vertex 314.533 8.79792 4.29792
      vertex 310.533 8.79792 4.29792
    endloop
  endfacet
  facet normal 0 0.991444 0.130536
    outer loop
      vertex 314.533 8.35793 5.06001
      vertex 310.533 8.3 5.5
      vertex 314.533 8.3 5.5
    endloop
  endfacet
  facet normal 0 0.991444 0.130536
    outer loop
      vertex 310.533 8.3 5.5
      vertex 314.533 8.35793 5.06001
      vertex 310.533 8.35793 5.06001
    endloop
  endfacet
  facet normal 0 0.923881 -0.38268
    outer loop
      vertex 314.533 8.35793 5.93999
      vertex 310.533 8.52776 6.35
      vertex 314.533 8.52776 6.35
    endloop
  endfacet
  facet normal 0 0.923881 -0.38268
    outer loop
      vertex 310.533 8.52776 6.35
      vertex 314.533 8.35793 5.93999
      vertex 310.533 8.35793 5.93999
    endloop
  endfacet
  facet normal 0 0.38268 -0.923881
    outer loop
      vertex 310.533 9.15 6.97224
      vertex 314.533 9.56001 7.14207
      vertex 314.533 9.15 6.97224
    endloop
  endfacet
  facet normal 0 0.38268 -0.923881
    outer loop
      vertex 314.533 9.56001 7.14207
      vertex 310.533 9.15 6.97224
      vertex 310.533 9.56001 7.14207
    endloop
  endfacet
  facet normal 0 -0.130533 -0.991444
    outer loop
      vertex 310.533 10 7.2
      vertex 314.533 10.44 7.14207
      vertex 314.533 10 7.2
    endloop
  endfacet
  facet normal -0 -0.130533 -0.991444
    outer loop
      vertex 314.533 10.44 7.14207
      vertex 310.533 10 7.2
      vertex 310.533 10.44 7.14207
    endloop
  endfacet
  facet normal 0 0.991444 -0.130536
    outer loop
      vertex 314.533 8.3 5.5
      vertex 310.533 8.35793 5.93999
      vertex 314.533 8.35793 5.93999
    endloop
  endfacet
  facet normal 0 0.991444 -0.130536
    outer loop
      vertex 310.533 8.35793 5.93999
      vertex 314.533 8.3 5.5
      vertex 310.533 8.3 5.5
    endloop
  endfacet
  facet normal 0 -0.923825 0.382815
    outer loop
      vertex 310.533 50.2472 4.65
      vertex 314.533 50.4171 5.06001
      vertex 310.533 50.4171 5.06001
    endloop
  endfacet
  facet normal 0 -0.923825 0.382815
    outer loop
      vertex 314.533 50.4171 5.06001
      vertex 310.533 50.2472 4.65
      vertex 314.533 50.2472 4.65
    endloop
  endfacet
  facet normal -0 0.130533 0.991444
    outer loop
      vertex 310.533 48.775 3.8
      vertex 314.533 48.335 3.85793
      vertex 314.533 48.775 3.8
    endloop
  endfacet
  facet normal 0 0.130533 0.991444
    outer loop
      vertex 314.533 48.335 3.85793
      vertex 310.533 48.775 3.8
      vertex 310.533 48.335 3.85793
    endloop
  endfacet
  facet normal 0 0.991452 0.130469
    outer loop
      vertex 314.533 47.1329 5.06001
      vertex 310.533 47.075 5.5
      vertex 314.533 47.075 5.5
    endloop
  endfacet
  facet normal 0 0.991452 0.130469
    outer loop
      vertex 310.533 47.075 5.5
      vertex 314.533 47.1329 5.06001
      vertex 310.533 47.1329 5.06001
    endloop
  endfacet
  facet normal 0 -0.382688 0.923878
    outer loop
      vertex 310.533 49.625 4.02776
      vertex 314.533 49.215 3.85793
      vertex 314.533 49.625 4.02776
    endloop
  endfacet
  facet normal 0 -0.382688 0.923878
    outer loop
      vertex 314.533 49.215 3.85793
      vertex 310.533 49.625 4.02776
      vertex 310.533 49.215 3.85793
    endloop
  endfacet
  facet normal 0 -0.991452 -0.130469
    outer loop
      vertex 310.533 50.475 5.5
      vertex 314.533 50.4171 5.93999
      vertex 310.533 50.4171 5.93999
    endloop
  endfacet
  facet normal 0 -0.991452 -0.130469
    outer loop
      vertex 314.533 50.4171 5.93999
      vertex 310.533 50.475 5.5
      vertex 314.533 50.475 5.5
    endloop
  endfacet
  facet normal 0 -0.923825 -0.382815
    outer loop
      vertex 310.533 50.4171 5.93999
      vertex 314.533 50.2472 6.35
      vertex 310.533 50.2472 6.35
    endloop
  endfacet
  facet normal 0 -0.923825 -0.382815
    outer loop
      vertex 314.533 50.2472 6.35
      vertex 310.533 50.4171 5.93999
      vertex 314.533 50.4171 5.93999
    endloop
  endfacet
  facet normal 0 0.923825 0.382815
    outer loop
      vertex 314.533 47.3028 4.65
      vertex 310.533 47.1329 5.06001
      vertex 314.533 47.1329 5.06001
    endloop
  endfacet
  facet normal 0 0.923825 0.382815
    outer loop
      vertex 310.533 47.1329 5.06001
      vertex 314.533 47.3028 4.65
      vertex 310.533 47.3028 4.65
    endloop
  endfacet
  facet normal -0 0.382688 0.923878
    outer loop
      vertex 310.533 48.335 3.85793
      vertex 314.533 47.925 4.02776
      vertex 314.533 48.335 3.85793
    endloop
  endfacet
  facet normal 0 0.382688 0.923878
    outer loop
      vertex 314.533 47.925 4.02776
      vertex 310.533 48.335 3.85793
      vertex 310.533 47.925 4.02776
    endloop
  endfacet
  facet normal 0 0.608739 -0.793371
    outer loop
      vertex 310.533 47.5729 6.70208
      vertex 314.533 47.925 6.97224
      vertex 314.533 47.5729 6.70208
    endloop
  endfacet
  facet normal 0 0.608739 -0.793371
    outer loop
      vertex 314.533 47.925 6.97224
      vertex 310.533 47.5729 6.70208
      vertex 310.533 47.925 6.97224
    endloop
  endfacet
  facet normal 0 0.991452 -0.130469
    outer loop
      vertex 314.533 47.075 5.5
      vertex 310.533 47.1329 5.93999
      vertex 314.533 47.1329 5.93999
    endloop
  endfacet
  facet normal 0 0.991452 -0.130469
    outer loop
      vertex 310.533 47.1329 5.93999
      vertex 314.533 47.075 5.5
      vertex 310.533 47.075 5.5
    endloop
  endfacet
  facet normal 0 0.793419 -0.608676
    outer loop
      vertex 314.533 47.3028 6.35
      vertex 310.533 47.5729 6.70208
      vertex 314.533 47.5729 6.70208
    endloop
  endfacet
  facet normal 0 0.793419 -0.608676
    outer loop
      vertex 310.533 47.5729 6.70208
      vertex 314.533 47.3028 6.35
      vertex 310.533 47.3028 6.35
    endloop
  endfacet
  facet normal 0 -0.608739 0.793371
    outer loop
      vertex 310.533 49.9771 4.29792
      vertex 314.533 49.625 4.02776
      vertex 314.533 49.9771 4.29792
    endloop
  endfacet
  facet normal 0 -0.608739 0.793371
    outer loop
      vertex 314.533 49.625 4.02776
      vertex 310.533 49.9771 4.29792
      vertex 310.533 49.625 4.02776
    endloop
  endfacet
  facet normal 0 0.130533 -0.991444
    outer loop
      vertex 310.533 48.335 7.14207
      vertex 314.533 48.775 7.2
      vertex 314.533 48.335 7.14207
    endloop
  endfacet
  facet normal 0 0.130533 -0.991444
    outer loop
      vertex 314.533 48.775 7.2
      vertex 310.533 48.335 7.14207
      vertex 310.533 48.775 7.2
    endloop
  endfacet
  facet normal 0 -0.382688 -0.923878
    outer loop
      vertex 310.533 49.215 7.14207
      vertex 314.533 49.625 6.97224
      vertex 314.533 49.215 7.14207
    endloop
  endfacet
  facet normal -0 -0.382688 -0.923878
    outer loop
      vertex 314.533 49.625 6.97224
      vertex 310.533 49.215 7.14207
      vertex 310.533 49.625 6.97224
    endloop
  endfacet
  facet normal 0 -0.793419 -0.608676
    outer loop
      vertex 310.533 50.2472 6.35
      vertex 314.533 49.9771 6.70208
      vertex 310.533 49.9771 6.70208
    endloop
  endfacet
  facet normal 0 -0.793419 -0.608676
    outer loop
      vertex 314.533 49.9771 6.70208
      vertex 310.533 50.2472 6.35
      vertex 314.533 50.2472 6.35
    endloop
  endfacet
  facet normal 0 -0.608739 -0.793371
    outer loop
      vertex 310.533 49.625 6.97224
      vertex 314.533 49.9771 6.70208
      vertex 314.533 49.625 6.97224
    endloop
  endfacet
  facet normal -0 -0.608739 -0.793371
    outer loop
      vertex 314.533 49.9771 6.70208
      vertex 310.533 49.625 6.97224
      vertex 310.533 49.9771 6.70208
    endloop
  endfacet
  facet normal 0 -0.130533 0.991444
    outer loop
      vertex 310.533 49.215 3.85793
      vertex 314.533 48.775 3.8
      vertex 314.533 49.215 3.85793
    endloop
  endfacet
  facet normal 0 -0.130533 0.991444
    outer loop
      vertex 314.533 48.775 3.8
      vertex 310.533 49.215 3.85793
      vertex 310.533 48.775 3.8
    endloop
  endfacet
  facet normal 0 0.793419 0.608676
    outer loop
      vertex 314.533 47.5729 4.29792
      vertex 310.533 47.3028 4.65
      vertex 314.533 47.3028 4.65
    endloop
  endfacet
  facet normal 0 0.793419 0.608676
    outer loop
      vertex 310.533 47.3028 4.65
      vertex 314.533 47.5729 4.29792
      vertex 310.533 47.5729 4.29792
    endloop
  endfacet
  facet normal 0 0.923825 -0.382815
    outer loop
      vertex 314.533 47.1329 5.93999
      vertex 310.533 47.3028 6.35
      vertex 314.533 47.3028 6.35
    endloop
  endfacet
  facet normal 0 0.923825 -0.382815
    outer loop
      vertex 310.533 47.3028 6.35
      vertex 314.533 47.1329 5.93999
      vertex 310.533 47.1329 5.93999
    endloop
  endfacet
  facet normal 0 0.382688 -0.923878
    outer loop
      vertex 310.533 47.925 6.97224
      vertex 314.533 48.335 7.14207
      vertex 314.533 47.925 6.97224
    endloop
  endfacet
  facet normal 0 0.382688 -0.923878
    outer loop
      vertex 314.533 48.335 7.14207
      vertex 310.533 47.925 6.97224
      vertex 310.533 48.335 7.14207
    endloop
  endfacet
  facet normal 0 -0.793419 0.608676
    outer loop
      vertex 310.533 49.9771 4.29792
      vertex 314.533 50.2472 4.65
      vertex 310.533 50.2472 4.65
    endloop
  endfacet
  facet normal 0 -0.793419 0.608676
    outer loop
      vertex 314.533 50.2472 4.65
      vertex 310.533 49.9771 4.29792
      vertex 314.533 49.9771 4.29792
    endloop
  endfacet
  facet normal 0 -0.991452 0.130469
    outer loop
      vertex 310.533 50.4171 5.06001
      vertex 314.533 50.475 5.5
      vertex 310.533 50.475 5.5
    endloop
  endfacet
  facet normal 0 -0.991452 0.130469
    outer loop
      vertex 314.533 50.475 5.5
      vertex 310.533 50.4171 5.06001
      vertex 314.533 50.4171 5.06001
    endloop
  endfacet
  facet normal 0 -0.130533 -0.991444
    outer loop
      vertex 310.533 48.775 7.2
      vertex 314.533 49.215 7.14207
      vertex 314.533 48.775 7.2
    endloop
  endfacet
  facet normal -0 -0.130533 -0.991444
    outer loop
      vertex 314.533 49.215 7.14207
      vertex 310.533 48.775 7.2
      vertex 310.533 49.215 7.14207
    endloop
  endfacet
  facet normal -0 0.608739 0.793371
    outer loop
      vertex 310.533 47.925 4.02776
      vertex 314.533 47.5729 4.29792
      vertex 314.533 47.925 4.02776
    endloop
  endfacet
  facet normal 0 0.608739 0.793371
    outer loop
      vertex 314.533 47.5729 4.29792
      vertex 310.533 47.925 4.02776
      vertex 310.533 47.5729 4.29792
    endloop
  endfacet
  facet normal 0 -0.130533 -0.991444
    outer loop
      vertex 310.533 87.55 7.2
      vertex 314.533 87.99 7.14207
      vertex 314.533 87.55 7.2
    endloop
  endfacet
  facet normal -0 -0.130533 -0.991444
    outer loop
      vertex 314.533 87.99 7.14207
      vertex 310.533 87.55 7.2
      vertex 310.533 87.99 7.14207
    endloop
  endfacet
  facet normal -0 0.130533 0.991444
    outer loop
      vertex 310.533 87.55 3.8
      vertex 314.533 87.11 3.85793
      vertex 314.533 87.55 3.8
    endloop
  endfacet
  facet normal 0 0.130533 0.991444
    outer loop
      vertex 314.533 87.11 3.85793
      vertex 310.533 87.55 3.8
      vertex 310.533 87.11 3.85793
    endloop
  endfacet
  facet normal 0 -0.991452 0.130469
    outer loop
      vertex 310.533 89.1921 5.06001
      vertex 314.533 89.25 5.5
      vertex 310.533 89.25 5.5
    endloop
  endfacet
  facet normal 0 -0.991452 0.130469
    outer loop
      vertex 314.533 89.25 5.5
      vertex 310.533 89.1921 5.06001
      vertex 314.533 89.1921 5.06001
    endloop
  endfacet
  facet normal 0 -0.923825 0.382815
    outer loop
      vertex 310.533 89.0222 4.65
      vertex 314.533 89.1921 5.06001
      vertex 310.533 89.1921 5.06001
    endloop
  endfacet
  facet normal 0 -0.923825 0.382815
    outer loop
      vertex 314.533 89.1921 5.06001
      vertex 310.533 89.0222 4.65
      vertex 314.533 89.0222 4.65
    endloop
  endfacet
  facet normal 0 -0.991452 -0.130469
    outer loop
      vertex 310.533 89.25 5.5
      vertex 314.533 89.1921 5.93999
      vertex 310.533 89.1921 5.93999
    endloop
  endfacet
  facet normal 0 -0.991452 -0.130469
    outer loop
      vertex 314.533 89.1921 5.93999
      vertex 310.533 89.25 5.5
      vertex 314.533 89.25 5.5
    endloop
  endfacet
  facet normal 0 -0.382688 -0.923878
    outer loop
      vertex 310.533 87.99 7.14207
      vertex 314.533 88.4 6.97224
      vertex 314.533 87.99 7.14207
    endloop
  endfacet
  facet normal -0 -0.382688 -0.923878
    outer loop
      vertex 314.533 88.4 6.97224
      vertex 310.533 87.99 7.14207
      vertex 310.533 88.4 6.97224
    endloop
  endfacet
  facet normal 0 -0.793419 0.608676
    outer loop
      vertex 310.533 88.7521 4.29792
      vertex 314.533 89.0222 4.65
      vertex 310.533 89.0222 4.65
    endloop
  endfacet
  facet normal 0 -0.793419 0.608676
    outer loop
      vertex 314.533 89.0222 4.65
      vertex 310.533 88.7521 4.29792
      vertex 314.533 88.7521 4.29792
    endloop
  endfacet
  facet normal 0 -0.382688 0.923878
    outer loop
      vertex 310.533 88.4 4.02776
      vertex 314.533 87.99 3.85793
      vertex 314.533 88.4 4.02776
    endloop
  endfacet
  facet normal 0 -0.382688 0.923878
    outer loop
      vertex 314.533 87.99 3.85793
      vertex 310.533 88.4 4.02776
      vertex 310.533 87.99 3.85793
    endloop
  endfacet
  facet normal 0 -0.608739 0.793371
    outer loop
      vertex 310.533 88.7521 4.29792
      vertex 314.533 88.4 4.02776
      vertex 314.533 88.7521 4.29792
    endloop
  endfacet
  facet normal 0 -0.608739 0.793371
    outer loop
      vertex 314.533 88.4 4.02776
      vertex 310.533 88.7521 4.29792
      vertex 310.533 88.4 4.02776
    endloop
  endfacet
  facet normal 0 -0.608739 -0.793371
    outer loop
      vertex 310.533 88.4 6.97224
      vertex 314.533 88.7521 6.70208
      vertex 314.533 88.4 6.97224
    endloop
  endfacet
  facet normal -0 -0.608739 -0.793371
    outer loop
      vertex 314.533 88.7521 6.70208
      vertex 310.533 88.4 6.97224
      vertex 310.533 88.7521 6.70208
    endloop
  endfacet
  facet normal 0 -0.923825 -0.382815
    outer loop
      vertex 310.533 89.1921 5.93999
      vertex 314.533 89.0222 6.35
      vertex 310.533 89.0222 6.35
    endloop
  endfacet
  facet normal 0 -0.923825 -0.382815
    outer loop
      vertex 314.533 89.0222 6.35
      vertex 310.533 89.1921 5.93999
      vertex 314.533 89.1921 5.93999
    endloop
  endfacet
  facet normal 0 -0.793419 -0.608676
    outer loop
      vertex 310.533 89.0222 6.35
      vertex 314.533 88.7521 6.70208
      vertex 310.533 88.7521 6.70208
    endloop
  endfacet
  facet normal 0 -0.793419 -0.608676
    outer loop
      vertex 314.533 88.7521 6.70208
      vertex 310.533 89.0222 6.35
      vertex 314.533 89.0222 6.35
    endloop
  endfacet
  facet normal 0 -0.130533 0.991444
    outer loop
      vertex 310.533 87.99 3.85793
      vertex 314.533 87.55 3.8
      vertex 314.533 87.99 3.85793
    endloop
  endfacet
  facet normal 0 -0.130533 0.991444
    outer loop
      vertex 314.533 87.55 3.8
      vertex 310.533 87.99 3.85793
      vertex 310.533 87.55 3.8
    endloop
  endfacet
  facet normal 0 0.130533 -0.991444
    outer loop
      vertex 310.533 87.11 7.14207
      vertex 314.533 87.55 7.2
      vertex 314.533 87.11 7.14207
    endloop
  endfacet
  facet normal 0 0.130533 -0.991444
    outer loop
      vertex 314.533 87.55 7.2
      vertex 310.533 87.11 7.14207
      vertex 310.533 87.55 7.2
    endloop
  endfacet
  facet normal -0 0.608739 0.793371
    outer loop
      vertex 310.533 86.7 4.02776
      vertex 314.533 86.3479 4.29792
      vertex 314.533 86.7 4.02776
    endloop
  endfacet
  facet normal 0 0.608739 0.793371
    outer loop
      vertex 314.533 86.3479 4.29792
      vertex 310.533 86.7 4.02776
      vertex 310.533 86.3479 4.29792
    endloop
  endfacet
  facet normal 0 0.991452 0.130469
    outer loop
      vertex 314.533 85.9079 5.06001
      vertex 310.533 85.85 5.5
      vertex 314.533 85.85 5.5
    endloop
  endfacet
  facet normal 0 0.991452 0.130469
    outer loop
      vertex 310.533 85.85 5.5
      vertex 314.533 85.9079 5.06001
      vertex 310.533 85.9079 5.06001
    endloop
  endfacet
  facet normal 0 0.991452 -0.130469
    outer loop
      vertex 314.533 85.85 5.5
      vertex 310.533 85.9079 5.93999
      vertex 314.533 85.9079 5.93999
    endloop
  endfacet
  facet normal 0 0.991452 -0.130469
    outer loop
      vertex 310.533 85.9079 5.93999
      vertex 314.533 85.85 5.5
      vertex 310.533 85.85 5.5
    endloop
  endfacet
  facet normal 0 0.608739 -0.793371
    outer loop
      vertex 310.533 86.3479 6.70208
      vertex 314.533 86.7 6.97224
      vertex 314.533 86.3479 6.70208
    endloop
  endfacet
  facet normal 0 0.608739 -0.793371
    outer loop
      vertex 314.533 86.7 6.97224
      vertex 310.533 86.3479 6.70208
      vertex 310.533 86.7 6.97224
    endloop
  endfacet
  facet normal -0 0.382688 0.923878
    outer loop
      vertex 310.533 87.11 3.85793
      vertex 314.533 86.7 4.02776
      vertex 314.533 87.11 3.85793
    endloop
  endfacet
  facet normal 0 0.382688 0.923878
    outer loop
      vertex 314.533 86.7 4.02776
      vertex 310.533 87.11 3.85793
      vertex 310.533 86.7 4.02776
    endloop
  endfacet
  facet normal 0 0.923825 0.382815
    outer loop
      vertex 314.533 86.0778 4.65
      vertex 310.533 85.9079 5.06001
      vertex 314.533 85.9079 5.06001
    endloop
  endfacet
  facet normal 0 0.923825 0.382815
    outer loop
      vertex 310.533 85.9079 5.06001
      vertex 314.533 86.0778 4.65
      vertex 310.533 86.0778 4.65
    endloop
  endfacet
  facet normal 0 0.793419 0.608676
    outer loop
      vertex 314.533 86.3479 4.29792
      vertex 310.533 86.0778 4.65
      vertex 314.533 86.0778 4.65
    endloop
  endfacet
  facet normal 0 0.793419 0.608676
    outer loop
      vertex 310.533 86.0778 4.65
      vertex 314.533 86.3479 4.29792
      vertex 310.533 86.3479 4.29792
    endloop
  endfacet
  facet normal 0 0.923825 -0.382815
    outer loop
      vertex 314.533 85.9079 5.93999
      vertex 310.533 86.0778 6.35
      vertex 314.533 86.0778 6.35
    endloop
  endfacet
  facet normal 0 0.923825 -0.382815
    outer loop
      vertex 310.533 86.0778 6.35
      vertex 314.533 85.9079 5.93999
      vertex 310.533 85.9079 5.93999
    endloop
  endfacet
  facet normal 0 0.382688 -0.923878
    outer loop
      vertex 310.533 86.7 6.97224
      vertex 314.533 87.11 7.14207
      vertex 314.533 86.7 6.97224
    endloop
  endfacet
  facet normal 0 0.382688 -0.923878
    outer loop
      vertex 314.533 87.11 7.14207
      vertex 310.533 86.7 6.97224
      vertex 310.533 87.11 7.14207
    endloop
  endfacet
  facet normal 0 0.793419 -0.608676
    outer loop
      vertex 314.533 86.0778 6.35
      vertex 310.533 86.3479 6.70208
      vertex 314.533 86.3479 6.70208
    endloop
  endfacet
  facet normal 0 0.793419 -0.608676
    outer loop
      vertex 310.533 86.3479 6.70208
      vertex 314.533 86.0778 6.35
      vertex 310.533 86.0778 6.35
    endloop
  endfacet
  facet normal 0 -0.923745 0.383007
    outer loop
      vertex 310.533 127.797 4.65
      vertex 314.533 127.967 5.06001
      vertex 310.533 127.967 5.06001
    endloop
  endfacet
  facet normal 0 -0.923745 0.383007
    outer loop
      vertex 314.533 127.967 5.06001
      vertex 310.533 127.797 4.65
      vertex 314.533 127.797 4.65
    endloop
  endfacet
  facet normal 0 -0.130533 -0.991444
    outer loop
      vertex 310.533 126.325 7.2
      vertex 314.533 126.765 7.14207
      vertex 314.533 126.325 7.2
    endloop
  endfacet
  facet normal -0 -0.130533 -0.991444
    outer loop
      vertex 314.533 126.765 7.14207
      vertex 310.533 126.325 7.2
      vertex 310.533 126.765 7.14207
    endloop
  endfacet
  facet normal -0 0.130533 0.991444
    outer loop
      vertex 310.533 126.325 3.8
      vertex 314.533 125.885 3.85793
      vertex 314.533 126.325 3.8
    endloop
  endfacet
  facet normal 0 0.130533 0.991444
    outer loop
      vertex 314.533 125.885 3.85793
      vertex 310.533 126.325 3.8
      vertex 310.533 125.885 3.85793
    endloop
  endfacet
  facet normal 0 0.991423 -0.130691
    outer loop
      vertex 314.533 124.625 5.5
      vertex 310.533 124.683 5.93999
      vertex 314.533 124.683 5.93999
    endloop
  endfacet
  facet normal 0 0.991423 -0.130691
    outer loop
      vertex 310.533 124.683 5.93999
      vertex 314.533 124.625 5.5
      vertex 310.533 124.625 5.5
    endloop
  endfacet
  facet normal 0 -0.991423 -0.130691
    outer loop
      vertex 310.533 128.025 5.5
      vertex 314.533 127.967 5.93999
      vertex 310.533 127.967 5.93999
    endloop
  endfacet
  facet normal 0 -0.991423 -0.130691
    outer loop
      vertex 314.533 127.967 5.93999
      vertex 310.533 128.025 5.5
      vertex 314.533 128.025 5.5
    endloop
  endfacet
  facet normal 0 -0.793528 -0.608534
    outer loop
      vertex 310.533 127.797 6.35
      vertex 314.533 127.527 6.70208
      vertex 310.533 127.527 6.70208
    endloop
  endfacet
  facet normal 0 -0.793528 -0.608534
    outer loop
      vertex 314.533 127.527 6.70208
      vertex 310.533 127.797 6.35
      vertex 314.533 127.797 6.35
    endloop
  endfacet
  facet normal 0 -0.608848 -0.793287
    outer loop
      vertex 310.533 127.175 6.97224
      vertex 314.533 127.527 6.70208
      vertex 314.533 127.175 6.97224
    endloop
  endfacet
  facet normal -0 -0.608848 -0.793287
    outer loop
      vertex 314.533 127.527 6.70208
      vertex 310.533 127.175 6.97224
      vertex 310.533 127.527 6.70208
    endloop
  endfacet
  facet normal -0 0.608848 0.793287
    outer loop
      vertex 310.533 125.475 4.02776
      vertex 314.533 125.123 4.29792
      vertex 314.533 125.475 4.02776
    endloop
  endfacet
  facet normal 0 0.608848 0.793287
    outer loop
      vertex 314.533 125.123 4.29792
      vertex 310.533 125.475 4.02776
      vertex 310.533 125.123 4.29792
    endloop
  endfacet
  facet normal -0 0.382688 0.923878
    outer loop
      vertex 310.533 125.885 3.85793
      vertex 314.533 125.475 4.02776
      vertex 314.533 125.885 3.85793
    endloop
  endfacet
  facet normal 0 0.382688 0.923878
    outer loop
      vertex 314.533 125.475 4.02776
      vertex 310.533 125.885 3.85793
      vertex 310.533 125.475 4.02776
    endloop
  endfacet
  facet normal 0 0.608848 -0.793287
    outer loop
      vertex 310.533 125.123 6.70208
      vertex 314.533 125.475 6.97224
      vertex 314.533 125.123 6.70208
    endloop
  endfacet
  facet normal 0 0.608848 -0.793287
    outer loop
      vertex 314.533 125.475 6.97224
      vertex 310.533 125.123 6.70208
      vertex 310.533 125.475 6.97224
    endloop
  endfacet
  facet normal 0 0.793528 -0.608534
    outer loop
      vertex 314.533 124.853 6.35
      vertex 310.533 125.123 6.70208
      vertex 314.533 125.123 6.70208
    endloop
  endfacet
  facet normal 0 0.793528 -0.608534
    outer loop
      vertex 310.533 125.123 6.70208
      vertex 314.533 124.853 6.35
      vertex 310.533 124.853 6.35
    endloop
  endfacet
  facet normal 0 -0.608848 0.793287
    outer loop
      vertex 310.533 127.527 4.29792
      vertex 314.533 127.175 4.02776
      vertex 314.533 127.527 4.29792
    endloop
  endfacet
  facet normal 0 -0.608848 0.793287
    outer loop
      vertex 314.533 127.175 4.02776
      vertex 310.533 127.527 4.29792
      vertex 310.533 127.175 4.02776
    endloop
  endfacet
  facet normal 0 -0.382688 0.923878
    outer loop
      vertex 310.533 127.175 4.02776
      vertex 314.533 126.765 3.85793
      vertex 314.533 127.175 4.02776
    endloop
  endfacet
  facet normal 0 -0.382688 0.923878
    outer loop
      vertex 314.533 126.765 3.85793
      vertex 310.533 127.175 4.02776
      vertex 310.533 126.765 3.85793
    endloop
  endfacet
  facet normal 0 -0.793528 0.608534
    outer loop
      vertex 310.533 127.527 4.29792
      vertex 314.533 127.797 4.65
      vertex 310.533 127.797 4.65
    endloop
  endfacet
  facet normal 0 -0.793528 0.608534
    outer loop
      vertex 314.533 127.797 4.65
      vertex 310.533 127.527 4.29792
      vertex 314.533 127.527 4.29792
    endloop
  endfacet
  facet normal 0 0.130533 -0.991444
    outer loop
      vertex 310.533 125.885 7.14207
      vertex 314.533 126.325 7.2
      vertex 314.533 125.885 7.14207
    endloop
  endfacet
  facet normal 0 0.130533 -0.991444
    outer loop
      vertex 314.533 126.325 7.2
      vertex 310.533 125.885 7.14207
      vertex 310.533 126.325 7.2
    endloop
  endfacet
  facet normal 0 -0.382688 -0.923878
    outer loop
      vertex 310.533 126.765 7.14207
      vertex 314.533 127.175 6.97224
      vertex 314.533 126.765 7.14207
    endloop
  endfacet
  facet normal -0 -0.382688 -0.923878
    outer loop
      vertex 314.533 127.175 6.97224
      vertex 310.533 126.765 7.14207
      vertex 310.533 127.175 6.97224
    endloop
  endfacet
  facet normal 0 -0.923745 -0.383007
    outer loop
      vertex 310.533 127.967 5.93999
      vertex 314.533 127.797 6.35
      vertex 310.533 127.797 6.35
    endloop
  endfacet
  facet normal 0 -0.923745 -0.383007
    outer loop
      vertex 314.533 127.797 6.35
      vertex 310.533 127.967 5.93999
      vertex 314.533 127.967 5.93999
    endloop
  endfacet
  facet normal 0 -0.130533 0.991444
    outer loop
      vertex 310.533 126.765 3.85793
      vertex 314.533 126.325 3.8
      vertex 314.533 126.765 3.85793
    endloop
  endfacet
  facet normal 0 -0.130533 0.991444
    outer loop
      vertex 314.533 126.325 3.8
      vertex 310.533 126.765 3.85793
      vertex 310.533 126.325 3.8
    endloop
  endfacet
  facet normal 0 0.923745 0.383007
    outer loop
      vertex 314.533 124.853 4.65
      vertex 310.533 124.683 5.06001
      vertex 314.533 124.683 5.06001
    endloop
  endfacet
  facet normal 0 0.923745 0.383007
    outer loop
      vertex 310.533 124.683 5.06001
      vertex 314.533 124.853 4.65
      vertex 310.533 124.853 4.65
    endloop
  endfacet
  facet normal 0 0.793528 0.608534
    outer loop
      vertex 314.533 125.123 4.29792
      vertex 310.533 124.853 4.65
      vertex 314.533 124.853 4.65
    endloop
  endfacet
  facet normal 0 0.793528 0.608534
    outer loop
      vertex 310.533 124.853 4.65
      vertex 314.533 125.123 4.29792
      vertex 310.533 125.123 4.29792
    endloop
  endfacet
  facet normal 0 0.991423 0.130691
    outer loop
      vertex 314.533 124.683 5.06001
      vertex 310.533 124.625 5.5
      vertex 314.533 124.625 5.5
    endloop
  endfacet
  facet normal 0 0.991423 0.130691
    outer loop
      vertex 310.533 124.625 5.5
      vertex 314.533 124.683 5.06001
      vertex 310.533 124.683 5.06001
    endloop
  endfacet
  facet normal 0 0.923745 -0.383007
    outer loop
      vertex 314.533 124.683 5.93999
      vertex 310.533 124.853 6.35
      vertex 314.533 124.853 6.35
    endloop
  endfacet
  facet normal 0 0.923745 -0.383007
    outer loop
      vertex 310.533 124.853 6.35
      vertex 314.533 124.683 5.93999
      vertex 310.533 124.683 5.93999
    endloop
  endfacet
  facet normal 0 0.382688 -0.923878
    outer loop
      vertex 310.533 125.475 6.97224
      vertex 314.533 125.885 7.14207
      vertex 314.533 125.475 6.97224
    endloop
  endfacet
  facet normal 0 0.382688 -0.923878
    outer loop
      vertex 314.533 125.885 7.14207
      vertex 310.533 125.475 6.97224
      vertex 310.533 125.885 7.14207
    endloop
  endfacet
  facet normal 0 -0.991423 0.130691
    outer loop
      vertex 310.533 127.967 5.06001
      vertex 314.533 128.025 5.5
      vertex 310.533 128.025 5.5
    endloop
  endfacet
  facet normal 0 -0.991423 0.130691
    outer loop
      vertex 314.533 128.025 5.5
      vertex 310.533 127.967 5.06001
      vertex 314.533 127.967 5.06001
    endloop
  endfacet
  facet normal -0.991423 0 0.130691
    outer loop
      vertex 175.206 149.1 5.06001
      vertex 175.264 153.1 5.5
      vertex 175.206 153.1 5.06001
    endloop
  endfacet
  facet normal -0.991423 0 0.130691
    outer loop
      vertex 175.264 153.1 5.5
      vertex 175.206 149.1 5.06001
      vertex 175.264 149.1 5.5
    endloop
  endfacet
  facet normal -0.130533 0 0.991444
    outer loop
      vertex 173.564 153.1 3.8
      vertex 174.004 149.1 3.85793
      vertex 174.004 153.1 3.85793
    endloop
  endfacet
  facet normal -0.130533 0 0.991444
    outer loop
      vertex 174.004 149.1 3.85793
      vertex 173.564 153.1 3.8
      vertex 173.564 149.1 3.8
    endloop
  endfacet
  facet normal -0.793528 0 0.608534
    outer loop
      vertex 174.766 149.1 4.29792
      vertex 175.036 153.1 4.65
      vertex 174.766 153.1 4.29792
    endloop
  endfacet
  facet normal -0.793528 0 0.608534
    outer loop
      vertex 175.036 153.1 4.65
      vertex 174.766 149.1 4.29792
      vertex 175.036 149.1 4.65
    endloop
  endfacet
  facet normal -0.923745 0 0.383007
    outer loop
      vertex 175.036 149.1 4.65
      vertex 175.206 153.1 5.06001
      vertex 175.036 153.1 4.65
    endloop
  endfacet
  facet normal -0.923745 0 0.383007
    outer loop
      vertex 175.206 153.1 5.06001
      vertex 175.036 149.1 4.65
      vertex 175.206 149.1 5.06001
    endloop
  endfacet
  facet normal 0.130533 0 0.991444
    outer loop
      vertex 173.124 153.1 3.85793
      vertex 173.564 149.1 3.8
      vertex 173.564 153.1 3.8
    endloop
  endfacet
  facet normal 0.130533 0 0.991444
    outer loop
      vertex 173.564 149.1 3.8
      vertex 173.124 153.1 3.85793
      vertex 173.124 149.1 3.85793
    endloop
  endfacet
  facet normal -0.382688 0 -0.923878
    outer loop
      vertex 174.004 149.1 7.14207
      vertex 174.414 153.1 6.97224
      vertex 174.414 149.1 6.97224
    endloop
  endfacet
  facet normal -0.382688 0 -0.923878
    outer loop
      vertex 174.414 153.1 6.97224
      vertex 174.004 149.1 7.14207
      vertex 174.004 153.1 7.14207
    endloop
  endfacet
  facet normal -0.608848 0 0.793287
    outer loop
      vertex 174.414 153.1 4.02776
      vertex 174.766 149.1 4.29792
      vertex 174.766 153.1 4.29792
    endloop
  endfacet
  facet normal -0.608848 0 0.793287
    outer loop
      vertex 174.766 149.1 4.29792
      vertex 174.414 153.1 4.02776
      vertex 174.414 149.1 4.02776
    endloop
  endfacet
  facet normal -0.382688 0 0.923878
    outer loop
      vertex 174.004 153.1 3.85793
      vertex 174.414 149.1 4.02776
      vertex 174.414 153.1 4.02776
    endloop
  endfacet
  facet normal -0.382688 0 0.923878
    outer loop
      vertex 174.414 149.1 4.02776
      vertex 174.004 153.1 3.85793
      vertex 174.004 149.1 3.85793
    endloop
  endfacet
  facet normal 0.991423 -0 0.130691
    outer loop
      vertex 171.864 149.1 5.5
      vertex 171.922 153.1 5.06001
      vertex 171.864 153.1 5.5
    endloop
  endfacet
  facet normal 0.991423 0 0.130691
    outer loop
      vertex 171.922 153.1 5.06001
      vertex 171.864 149.1 5.5
      vertex 171.922 149.1 5.06001
    endloop
  endfacet
  facet normal 0.79244 -0 0.60995
    outer loop
      vertex 172.091 149.1 4.65
      vertex 172.362 153.1 4.29792
      vertex 172.091 153.1 4.65
    endloop
  endfacet
  facet normal 0.79244 0 0.60995
    outer loop
      vertex 172.362 153.1 4.29792
      vertex 172.091 149.1 4.65
      vertex 172.362 149.1 4.29792
    endloop
  endfacet
  facet normal 0.382688 0 0.923878
    outer loop
      vertex 172.714 153.1 4.02776
      vertex 173.124 149.1 3.85793
      vertex 173.124 153.1 3.85793
    endloop
  endfacet
  facet normal 0.382688 0 0.923878
    outer loop
      vertex 173.124 149.1 3.85793
      vertex 172.714 153.1 4.02776
      vertex 172.714 149.1 4.02776
    endloop
  endfacet
  facet normal 0.608848 0 0.793287
    outer loop
      vertex 172.362 153.1 4.29792
      vertex 172.714 149.1 4.02776
      vertex 172.714 153.1 4.02776
    endloop
  endfacet
  facet normal 0.608848 0 0.793287
    outer loop
      vertex 172.714 149.1 4.02776
      vertex 172.362 153.1 4.29792
      vertex 172.362 149.1 4.29792
    endloop
  endfacet
  facet normal -0.923745 0 -0.383007
    outer loop
      vertex 175.206 149.1 5.93999
      vertex 175.036 153.1 6.35
      vertex 175.206 153.1 5.93999
    endloop
  endfacet
  facet normal -0.923745 -0 -0.383007
    outer loop
      vertex 175.036 153.1 6.35
      vertex 175.206 149.1 5.93999
      vertex 175.036 149.1 6.35
    endloop
  endfacet
  facet normal 0.79244 0 -0.60995
    outer loop
      vertex 172.362 149.1 6.70208
      vertex 172.091 153.1 6.35
      vertex 172.362 153.1 6.70208
    endloop
  endfacet
  facet normal 0.79244 0 -0.60995
    outer loop
      vertex 172.091 153.1 6.35
      vertex 172.362 149.1 6.70208
      vertex 172.091 149.1 6.35
    endloop
  endfacet
  facet normal -0.793528 0 -0.608534
    outer loop
      vertex 175.036 149.1 6.35
      vertex 174.766 153.1 6.70208
      vertex 175.036 153.1 6.35
    endloop
  endfacet
  facet normal -0.793528 -0 -0.608534
    outer loop
      vertex 174.766 153.1 6.70208
      vertex 175.036 149.1 6.35
      vertex 174.766 149.1 6.70208
    endloop
  endfacet
  facet normal -0.991423 0 -0.130691
    outer loop
      vertex 175.264 149.1 5.5
      vertex 175.206 153.1 5.93999
      vertex 175.264 153.1 5.5
    endloop
  endfacet
  facet normal -0.991423 -0 -0.130691
    outer loop
      vertex 175.206 153.1 5.93999
      vertex 175.264 149.1 5.5
      vertex 175.206 149.1 5.93999
    endloop
  endfacet
  facet normal 0.924541 -0 0.381082
    outer loop
      vertex 171.922 149.1 5.06001
      vertex 172.091 153.1 4.65
      vertex 171.922 153.1 5.06001
    endloop
  endfacet
  facet normal 0.924541 0 0.381082
    outer loop
      vertex 172.091 153.1 4.65
      vertex 171.922 149.1 5.06001
      vertex 172.091 149.1 4.65
    endloop
  endfacet
  facet normal 0.991423 0 -0.130691
    outer loop
      vertex 171.922 149.1 5.93999
      vertex 171.864 153.1 5.5
      vertex 171.922 153.1 5.93999
    endloop
  endfacet
  facet normal 0.991423 0 -0.130691
    outer loop
      vertex 171.864 153.1 5.5
      vertex 171.922 149.1 5.93999
      vertex 171.864 149.1 5.5
    endloop
  endfacet
  facet normal -0.608848 0 -0.793287
    outer loop
      vertex 174.414 149.1 6.97224
      vertex 174.766 153.1 6.70208
      vertex 174.766 149.1 6.70208
    endloop
  endfacet
  facet normal -0.608848 0 -0.793287
    outer loop
      vertex 174.766 153.1 6.70208
      vertex 174.414 149.1 6.97224
      vertex 174.414 153.1 6.97224
    endloop
  endfacet
  facet normal -0.130533 0 -0.991444
    outer loop
      vertex 173.564 149.1 7.2
      vertex 174.004 153.1 7.14207
      vertex 174.004 149.1 7.14207
    endloop
  endfacet
  facet normal -0.130533 0 -0.991444
    outer loop
      vertex 174.004 153.1 7.14207
      vertex 173.564 149.1 7.2
      vertex 173.564 153.1 7.2
    endloop
  endfacet
  facet normal 0.130533 0 -0.991444
    outer loop
      vertex 173.124 149.1 7.14207
      vertex 173.564 153.1 7.2
      vertex 173.564 149.1 7.2
    endloop
  endfacet
  facet normal 0.130533 0 -0.991444
    outer loop
      vertex 173.564 153.1 7.2
      vertex 173.124 149.1 7.14207
      vertex 173.124 153.1 7.14207
    endloop
  endfacet
  facet normal 0.924541 0 -0.381082
    outer loop
      vertex 172.091 149.1 6.35
      vertex 171.922 153.1 5.93999
      vertex 172.091 153.1 6.35
    endloop
  endfacet
  facet normal 0.924541 0 -0.381082
    outer loop
      vertex 171.922 153.1 5.93999
      vertex 172.091 149.1 6.35
      vertex 171.922 149.1 5.93999
    endloop
  endfacet
  facet normal 0.608848 0 -0.793287
    outer loop
      vertex 172.362 149.1 6.70208
      vertex 172.714 153.1 6.97224
      vertex 172.714 149.1 6.97224
    endloop
  endfacet
  facet normal 0.608848 0 -0.793287
    outer loop
      vertex 172.714 153.1 6.97224
      vertex 172.362 149.1 6.70208
      vertex 172.362 153.1 6.70208
    endloop
  endfacet
  facet normal 0.382688 0 -0.923878
    outer loop
      vertex 172.714 149.1 6.97224
      vertex 173.124 153.1 7.14207
      vertex 173.124 149.1 7.14207
    endloop
  endfacet
  facet normal 0.382688 0 -0.923878
    outer loop
      vertex 173.124 153.1 7.14207
      vertex 172.714 149.1 6.97224
      vertex 172.714 153.1 6.97224
    endloop
  endfacet
  facet normal -0.991423 0 0.130691
    outer loop
      vertex 216.097 149.1 5.06001
      vertex 216.155 153.1 5.5
      vertex 216.097 153.1 5.06001
    endloop
  endfacet
  facet normal -0.991423 0 0.130691
    outer loop
      vertex 216.155 153.1 5.5
      vertex 216.097 149.1 5.06001
      vertex 216.155 149.1 5.5
    endloop
  endfacet
  facet normal -0.382688 0 0.923878
    outer loop
      vertex 214.895 153.1 3.85793
      vertex 215.305 149.1 4.02776
      vertex 215.305 153.1 4.02776
    endloop
  endfacet
  facet normal -0.382688 0 0.923878
    outer loop
      vertex 215.305 149.1 4.02776
      vertex 214.895 153.1 3.85793
      vertex 214.895 149.1 3.85793
    endloop
  endfacet
  facet normal 0.130533 0 -0.991444
    outer loop
      vertex 214.015 149.1 7.14207
      vertex 214.455 153.1 7.2
      vertex 214.455 149.1 7.2
    endloop
  endfacet
  facet normal 0.130533 0 -0.991444
    outer loop
      vertex 214.455 153.1 7.2
      vertex 214.015 149.1 7.14207
      vertex 214.015 153.1 7.14207
    endloop
  endfacet
  facet normal -0.923745 0 0.383007
    outer loop
      vertex 215.927 149.1 4.65
      vertex 216.097 153.1 5.06001
      vertex 215.927 153.1 4.65
    endloop
  endfacet
  facet normal -0.923745 0 0.383007
    outer loop
      vertex 216.097 153.1 5.06001
      vertex 215.927 149.1 4.65
      vertex 216.097 149.1 5.06001
    endloop
  endfacet
  facet normal -0.130533 0 0.991444
    outer loop
      vertex 214.455 153.1 3.8
      vertex 214.895 149.1 3.85793
      vertex 214.895 153.1 3.85793
    endloop
  endfacet
  facet normal -0.130533 0 0.991444
    outer loop
      vertex 214.895 149.1 3.85793
      vertex 214.455 153.1 3.8
      vertex 214.455 149.1 3.8
    endloop
  endfacet
  facet normal 0.130533 0 0.991444
    outer loop
      vertex 214.015 153.1 3.85793
      vertex 214.455 149.1 3.8
      vertex 214.455 153.1 3.8
    endloop
  endfacet
  facet normal 0.130533 0 0.991444
    outer loop
      vertex 214.455 149.1 3.8
      vertex 214.015 153.1 3.85793
      vertex 214.015 149.1 3.85793
    endloop
  endfacet
  facet normal -0.608848 0 -0.793287
    outer loop
      vertex 215.305 149.1 6.97224
      vertex 215.657 153.1 6.70208
      vertex 215.657 149.1 6.70208
    endloop
  endfacet
  facet normal -0.608848 0 -0.793287
    outer loop
      vertex 215.657 153.1 6.70208
      vertex 215.305 149.1 6.97224
      vertex 215.305 153.1 6.97224
    endloop
  endfacet
  facet normal 0.923745 0 -0.383007
    outer loop
      vertex 212.982 149.1 6.35
      vertex 212.812 153.1 5.93999
      vertex 212.982 153.1 6.35
    endloop
  endfacet
  facet normal 0.923745 0 -0.383007
    outer loop
      vertex 212.812 153.1 5.93999
      vertex 212.982 149.1 6.35
      vertex 212.812 149.1 5.93999
    endloop
  endfacet
  facet normal -0.793528 0 0.608534
    outer loop
      vertex 215.657 149.1 4.29792
      vertex 215.927 153.1 4.65
      vertex 215.657 153.1 4.29792
    endloop
  endfacet
  facet normal -0.793528 0 0.608534
    outer loop
      vertex 215.927 153.1 4.65
      vertex 215.657 149.1 4.29792
      vertex 215.927 149.1 4.65
    endloop
  endfacet
  facet normal -0.608848 0 0.793287
    outer loop
      vertex 215.305 153.1 4.02776
      vertex 215.657 149.1 4.29792
      vertex 215.657 153.1 4.29792
    endloop
  endfacet
  facet normal -0.608848 0 0.793287
    outer loop
      vertex 215.657 149.1 4.29792
      vertex 215.305 153.1 4.02776
      vertex 215.305 149.1 4.02776
    endloop
  endfacet
  facet normal 0.991713 -0 0.128475
    outer loop
      vertex 212.755 149.1 5.5
      vertex 212.812 153.1 5.06001
      vertex 212.755 153.1 5.5
    endloop
  endfacet
  facet normal 0.991713 0 0.128475
    outer loop
      vertex 212.812 153.1 5.06001
      vertex 212.755 149.1 5.5
      vertex 212.812 149.1 5.06001
    endloop
  endfacet
  facet normal 0.793528 -0 0.608534
    outer loop
      vertex 212.982 149.1 4.65
      vertex 213.252 153.1 4.29792
      vertex 212.982 153.1 4.65
    endloop
  endfacet
  facet normal 0.793528 0 0.608534
    outer loop
      vertex 213.252 153.1 4.29792
      vertex 212.982 149.1 4.65
      vertex 213.252 149.1 4.29792
    endloop
  endfacet
  facet normal 0.382688 0 0.923878
    outer loop
      vertex 213.605 153.1 4.02776
      vertex 214.015 149.1 3.85793
      vertex 214.015 153.1 3.85793
    endloop
  endfacet
  facet normal 0.382688 0 0.923878
    outer loop
      vertex 214.015 149.1 3.85793
      vertex 213.605 153.1 4.02776
      vertex 213.605 149.1 4.02776
    endloop
  endfacet
  facet normal 0.607761 0 0.79412
    outer loop
      vertex 213.252 153.1 4.29792
      vertex 213.605 149.1 4.02776
      vertex 213.605 153.1 4.02776
    endloop
  endfacet
  facet normal 0.607761 0 0.79412
    outer loop
      vertex 213.605 149.1 4.02776
      vertex 213.252 153.1 4.29792
      vertex 213.252 149.1 4.29792
    endloop
  endfacet
  facet normal -0.923745 0 -0.383007
    outer loop
      vertex 216.097 149.1 5.93999
      vertex 215.927 153.1 6.35
      vertex 216.097 153.1 5.93999
    endloop
  endfacet
  facet normal -0.923745 -0 -0.383007
    outer loop
      vertex 215.927 153.1 6.35
      vertex 216.097 149.1 5.93999
      vertex 215.927 149.1 6.35
    endloop
  endfacet
  facet normal -0.130533 0 -0.991444
    outer loop
      vertex 214.455 149.1 7.2
      vertex 214.895 153.1 7.14207
      vertex 214.895 149.1 7.14207
    endloop
  endfacet
  facet normal -0.130533 0 -0.991444
    outer loop
      vertex 214.895 153.1 7.14207
      vertex 214.455 149.1 7.2
      vertex 214.455 153.1 7.2
    endloop
  endfacet
  facet normal -0.382688 0 -0.923878
    outer loop
      vertex 214.895 149.1 7.14207
      vertex 215.305 153.1 6.97224
      vertex 215.305 149.1 6.97224
    endloop
  endfacet
  facet normal -0.382688 0 -0.923878
    outer loop
      vertex 215.305 153.1 6.97224
      vertex 214.895 149.1 7.14207
      vertex 214.895 153.1 7.14207
    endloop
  endfacet
  facet normal 0.607761 0 -0.79412
    outer loop
      vertex 213.252 149.1 6.70208
      vertex 213.605 153.1 6.97224
      vertex 213.605 149.1 6.97224
    endloop
  endfacet
  facet normal 0.607761 0 -0.79412
    outer loop
      vertex 213.605 153.1 6.97224
      vertex 213.252 149.1 6.70208
      vertex 213.252 153.1 6.70208
    endloop
  endfacet
  facet normal 0.793528 0 -0.608534
    outer loop
      vertex 213.252 149.1 6.70208
      vertex 212.982 153.1 6.35
      vertex 213.252 153.1 6.70208
    endloop
  endfacet
  facet normal 0.793528 0 -0.608534
    outer loop
      vertex 212.982 153.1 6.35
      vertex 213.252 149.1 6.70208
      vertex 212.982 149.1 6.35
    endloop
  endfacet
  facet normal 0.991713 0 -0.128475
    outer loop
      vertex 212.812 149.1 5.93999
      vertex 212.755 153.1 5.5
      vertex 212.812 153.1 5.93999
    endloop
  endfacet
  facet normal 0.991713 0 -0.128475
    outer loop
      vertex 212.755 153.1 5.5
      vertex 212.812 149.1 5.93999
      vertex 212.755 149.1 5.5
    endloop
  endfacet
  facet normal 0.923745 -0 0.383007
    outer loop
      vertex 212.812 149.1 5.06001
      vertex 212.982 153.1 4.65
      vertex 212.812 153.1 5.06001
    endloop
  endfacet
  facet normal 0.923745 0 0.383007
    outer loop
      vertex 212.982 153.1 4.65
      vertex 212.812 149.1 5.06001
      vertex 212.982 149.1 4.65
    endloop
  endfacet
  facet normal -0.991423 0 -0.130691
    outer loop
      vertex 216.155 149.1 5.5
      vertex 216.097 153.1 5.93999
      vertex 216.155 153.1 5.5
    endloop
  endfacet
  facet normal -0.991423 -0 -0.130691
    outer loop
      vertex 216.097 153.1 5.93999
      vertex 216.155 149.1 5.5
      vertex 216.097 149.1 5.93999
    endloop
  endfacet
  facet normal -0.793528 0 -0.608534
    outer loop
      vertex 215.927 149.1 6.35
      vertex 215.657 153.1 6.70208
      vertex 215.927 153.1 6.35
    endloop
  endfacet
  facet normal -0.793528 -0 -0.608534
    outer loop
      vertex 215.657 153.1 6.70208
      vertex 215.927 149.1 6.35
      vertex 215.657 149.1 6.70208
    endloop
  endfacet
  facet normal 0.382688 0 -0.923878
    outer loop
      vertex 213.605 149.1 6.97224
      vertex 214.015 153.1 7.14207
      vertex 214.015 149.1 7.14207
    endloop
  endfacet
  facet normal 0.382688 0 -0.923878
    outer loop
      vertex 214.015 153.1 7.14207
      vertex 213.605 149.1 6.97224
      vertex 213.605 153.1 6.97224
    endloop
  endfacet
  facet normal -0.991713 0 0.128475
    outer loop
      vertex 256.988 149.1 5.06001
      vertex 257.045 153.1 5.5
      vertex 256.988 153.1 5.06001
    endloop
  endfacet
  facet normal -0.991713 0 0.128475
    outer loop
      vertex 257.045 153.1 5.5
      vertex 256.988 149.1 5.06001
      vertex 257.045 149.1 5.5
    endloop
  endfacet
  facet normal 0.991423 -0 0.130691
    outer loop
      vertex 253.645 149.1 5.5
      vertex 253.703 153.1 5.06001
      vertex 253.645 153.1 5.5
    endloop
  endfacet
  facet normal 0.991423 0 0.130691
    outer loop
      vertex 253.703 153.1 5.06001
      vertex 253.645 149.1 5.5
      vertex 253.703 149.1 5.06001
    endloop
  endfacet
  facet normal -0.382688 0 0.923878
    outer loop
      vertex 255.785 153.1 3.85793
      vertex 256.195 149.1 4.02776
      vertex 256.195 153.1 4.02776
    endloop
  endfacet
  facet normal -0.382688 0 0.923878
    outer loop
      vertex 256.195 149.1 4.02776
      vertex 255.785 153.1 3.85793
      vertex 255.785 149.1 3.85793
    endloop
  endfacet
  facet normal 0.130533 0 -0.991444
    outer loop
      vertex 254.905 149.1 7.14207
      vertex 255.345 153.1 7.2
      vertex 255.345 149.1 7.2
    endloop
  endfacet
  facet normal 0.130533 0 -0.991444
    outer loop
      vertex 255.345 153.1 7.2
      vertex 254.905 149.1 7.14207
      vertex 254.905 153.1 7.14207
    endloop
  endfacet
  facet normal -0.607761 0 0.79412
    outer loop
      vertex 256.195 153.1 4.02776
      vertex 256.548 149.1 4.29792
      vertex 256.548 153.1 4.29792
    endloop
  endfacet
  facet normal -0.607761 0 0.79412
    outer loop
      vertex 256.548 149.1 4.29792
      vertex 256.195 153.1 4.02776
      vertex 256.195 149.1 4.02776
    endloop
  endfacet
  facet normal 0.608848 0 0.793287
    outer loop
      vertex 254.143 153.1 4.29792
      vertex 254.495 149.1 4.02776
      vertex 254.495 153.1 4.02776
    endloop
  endfacet
  facet normal 0.608848 0 0.793287
    outer loop
      vertex 254.495 149.1 4.02776
      vertex 254.143 153.1 4.29792
      vertex 254.143 149.1 4.29792
    endloop
  endfacet
  facet normal 0.793528 -0 0.608534
    outer loop
      vertex 253.873 149.1 4.65
      vertex 254.143 153.1 4.29792
      vertex 253.873 153.1 4.65
    endloop
  endfacet
  facet normal 0.793528 0 0.608534
    outer loop
      vertex 254.143 153.1 4.29792
      vertex 253.873 149.1 4.65
      vertex 254.143 149.1 4.29792
    endloop
  endfacet
  facet normal -0.607761 0 -0.79412
    outer loop
      vertex 256.195 149.1 6.97224
      vertex 256.548 153.1 6.70208
      vertex 256.548 149.1 6.70208
    endloop
  endfacet
  facet normal -0.607761 0 -0.79412
    outer loop
      vertex 256.548 153.1 6.70208
      vertex 256.195 149.1 6.97224
      vertex 256.195 153.1 6.97224
    endloop
  endfacet
  facet normal 0.923745 0 -0.383007
    outer loop
      vertex 253.873 149.1 6.35
      vertex 253.703 153.1 5.93999
      vertex 253.873 153.1 6.35
    endloop
  endfacet
  facet normal 0.923745 0 -0.383007
    outer loop
      vertex 253.703 153.1 5.93999
      vertex 253.873 149.1 6.35
      vertex 253.703 149.1 5.93999
    endloop
  endfacet
  facet normal -0.923745 0 0.383007
    outer loop
      vertex 256.818 149.1 4.65
      vertex 256.988 153.1 5.06001
      vertex 256.818 153.1 4.65
    endloop
  endfacet
  facet normal -0.923745 0 0.383007
    outer loop
      vertex 256.988 153.1 5.06001
      vertex 256.818 149.1 4.65
      vertex 256.988 149.1 5.06001
    endloop
  endfacet
  facet normal -0.793528 0 0.608534
    outer loop
      vertex 256.548 149.1 4.29792
      vertex 256.818 153.1 4.65
      vertex 256.548 153.1 4.29792
    endloop
  endfacet
  facet normal -0.793528 0 0.608534
    outer loop
      vertex 256.818 153.1 4.65
      vertex 256.548 149.1 4.29792
      vertex 256.818 149.1 4.65
    endloop
  endfacet
  facet normal 0.130533 0 0.991444
    outer loop
      vertex 254.905 153.1 3.85793
      vertex 255.345 149.1 3.8
      vertex 255.345 153.1 3.8
    endloop
  endfacet
  facet normal 0.130533 0 0.991444
    outer loop
      vertex 255.345 149.1 3.8
      vertex 254.905 153.1 3.85793
      vertex 254.905 149.1 3.85793
    endloop
  endfacet
  facet normal -0.130533 0 0.991444
    outer loop
      vertex 255.345 153.1 3.8
      vertex 255.785 149.1 3.85793
      vertex 255.785 153.1 3.85793
    endloop
  endfacet
  facet normal -0.130533 0 0.991444
    outer loop
      vertex 255.785 149.1 3.85793
      vertex 255.345 153.1 3.8
      vertex 255.345 149.1 3.8
    endloop
  endfacet
  facet normal 0.923745 -0 0.383007
    outer loop
      vertex 253.703 149.1 5.06001
      vertex 253.873 153.1 4.65
      vertex 253.703 153.1 5.06001
    endloop
  endfacet
  facet normal 0.923745 0 0.383007
    outer loop
      vertex 253.873 153.1 4.65
      vertex 253.703 149.1 5.06001
      vertex 253.873 149.1 4.65
    endloop
  endfacet
  facet normal 0.382688 0 0.923878
    outer loop
      vertex 254.495 153.1 4.02776
      vertex 254.905 149.1 3.85793
      vertex 254.905 153.1 3.85793
    endloop
  endfacet
  facet normal 0.382688 0 0.923878
    outer loop
      vertex 254.905 149.1 3.85793
      vertex 254.495 153.1 4.02776
      vertex 254.495 149.1 4.02776
    endloop
  endfacet
  facet normal -0.923745 0 -0.383007
    outer loop
      vertex 256.988 149.1 5.93999
      vertex 256.818 153.1 6.35
      vertex 256.988 153.1 5.93999
    endloop
  endfacet
  facet normal -0.923745 -0 -0.383007
    outer loop
      vertex 256.818 153.1 6.35
      vertex 256.988 149.1 5.93999
      vertex 256.818 149.1 6.35
    endloop
  endfacet
  facet normal -0.130533 0 -0.991444
    outer loop
      vertex 255.345 149.1 7.2
      vertex 255.785 153.1 7.14207
      vertex 255.785 149.1 7.14207
    endloop
  endfacet
  facet normal -0.130533 0 -0.991444
    outer loop
      vertex 255.785 153.1 7.14207
      vertex 255.345 149.1 7.2
      vertex 255.345 153.1 7.2
    endloop
  endfacet
  facet normal -0.793528 0 -0.608534
    outer loop
      vertex 256.818 149.1 6.35
      vertex 256.548 153.1 6.70208
      vertex 256.818 153.1 6.35
    endloop
  endfacet
  facet normal -0.793528 -0 -0.608534
    outer loop
      vertex 256.548 153.1 6.70208
      vertex 256.818 149.1 6.35
      vertex 256.548 149.1 6.70208
    endloop
  endfacet
  facet normal -0.382688 0 -0.923878
    outer loop
      vertex 255.785 149.1 7.14207
      vertex 256.195 153.1 6.97224
      vertex 256.195 149.1 6.97224
    endloop
  endfacet
  facet normal -0.382688 0 -0.923878
    outer loop
      vertex 256.195 153.1 6.97224
      vertex 255.785 149.1 7.14207
      vertex 255.785 153.1 7.14207
    endloop
  endfacet
  facet normal 0.608848 0 -0.793287
    outer loop
      vertex 254.143 149.1 6.70208
      vertex 254.495 153.1 6.97224
      vertex 254.495 149.1 6.97224
    endloop
  endfacet
  facet normal 0.608848 0 -0.793287
    outer loop
      vertex 254.495 153.1 6.97224
      vertex 254.143 149.1 6.70208
      vertex 254.143 153.1 6.70208
    endloop
  endfacet
  facet normal 0.793528 0 -0.608534
    outer loop
      vertex 254.143 149.1 6.70208
      vertex 253.873 153.1 6.35
      vertex 254.143 153.1 6.70208
    endloop
  endfacet
  facet normal 0.793528 0 -0.608534
    outer loop
      vertex 253.873 153.1 6.35
      vertex 254.143 149.1 6.70208
      vertex 253.873 149.1 6.35
    endloop
  endfacet
  facet normal 0.991423 0 -0.130691
    outer loop
      vertex 253.703 149.1 5.93999
      vertex 253.645 153.1 5.5
      vertex 253.703 153.1 5.93999
    endloop
  endfacet
  facet normal 0.991423 0 -0.130691
    outer loop
      vertex 253.645 153.1 5.5
      vertex 253.703 149.1 5.93999
      vertex 253.645 149.1 5.5
    endloop
  endfacet
  facet normal -0.991713 0 -0.128475
    outer loop
      vertex 257.045 149.1 5.5
      vertex 256.988 153.1 5.93999
      vertex 257.045 153.1 5.5
    endloop
  endfacet
  facet normal -0.991713 -0 -0.128475
    outer loop
      vertex 256.988 153.1 5.93999
      vertex 257.045 149.1 5.5
      vertex 256.988 149.1 5.93999
    endloop
  endfacet
  facet normal 0.382688 0 -0.923878
    outer loop
      vertex 254.495 149.1 6.97224
      vertex 254.905 153.1 7.14207
      vertex 254.905 149.1 7.14207
    endloop
  endfacet
  facet normal 0.382688 0 -0.923878
    outer loop
      vertex 254.905 153.1 7.14207
      vertex 254.495 149.1 6.97224
      vertex 254.495 153.1 6.97224
    endloop
  endfacet
  facet normal -0.79244 0 0.60995
    outer loop
      vertex 297.438 149.1 4.29792
      vertex 297.709 153.1 4.65
      vertex 297.438 153.1 4.29792
    endloop
  endfacet
  facet normal -0.79244 0 0.60995
    outer loop
      vertex 297.709 153.1 4.65
      vertex 297.438 149.1 4.29792
      vertex 297.709 149.1 4.65
    endloop
  endfacet
  facet normal -0.991423 0 0.130691
    outer loop
      vertex 297.878 149.1 5.06001
      vertex 297.936 153.1 5.5
      vertex 297.878 153.1 5.06001
    endloop
  endfacet
  facet normal -0.991423 0 0.130691
    outer loop
      vertex 297.936 153.1 5.5
      vertex 297.878 149.1 5.06001
      vertex 297.936 149.1 5.5
    endloop
  endfacet
  facet normal 0.991423 -0 0.130691
    outer loop
      vertex 294.536 149.1 5.5
      vertex 294.594 153.1 5.06001
      vertex 294.536 153.1 5.5
    endloop
  endfacet
  facet normal 0.991423 0 0.130691
    outer loop
      vertex 294.594 153.1 5.06001
      vertex 294.536 149.1 5.5
      vertex 294.594 149.1 5.06001
    endloop
  endfacet
  facet normal -0.608848 0 0.793287
    outer loop
      vertex 297.086 153.1 4.02776
      vertex 297.438 149.1 4.29792
      vertex 297.438 153.1 4.29792
    endloop
  endfacet
  facet normal -0.608848 0 0.793287
    outer loop
      vertex 297.438 149.1 4.29792
      vertex 297.086 153.1 4.02776
      vertex 297.086 149.1 4.02776
    endloop
  endfacet
  facet normal 0.608848 0 0.793287
    outer loop
      vertex 295.034 153.1 4.29792
      vertex 295.386 149.1 4.02776
      vertex 295.386 153.1 4.02776
    endloop
  endfacet
  facet normal 0.608848 0 0.793287
    outer loop
      vertex 295.386 149.1 4.02776
      vertex 295.034 153.1 4.29792
      vertex 295.034 149.1 4.29792
    endloop
  endfacet
  facet normal 0.793528 -0 0.608534
    outer loop
      vertex 294.764 149.1 4.65
      vertex 295.034 153.1 4.29792
      vertex 294.764 153.1 4.65
    endloop
  endfacet
  facet normal 0.793528 0 0.608534
    outer loop
      vertex 295.034 153.1 4.29792
      vertex 294.764 149.1 4.65
      vertex 295.034 149.1 4.29792
    endloop
  endfacet
  facet normal -0.382688 0 -0.923878
    outer loop
      vertex 296.676 149.1 7.14207
      vertex 297.086 153.1 6.97224
      vertex 297.086 149.1 6.97224
    endloop
  endfacet
  facet normal -0.382688 0 -0.923878
    outer loop
      vertex 297.086 153.1 6.97224
      vertex 296.676 149.1 7.14207
      vertex 296.676 153.1 7.14207
    endloop
  endfacet
  facet normal 0.130533 0 0.991444
    outer loop
      vertex 295.796 153.1 3.85793
      vertex 296.236 149.1 3.8
      vertex 296.236 153.1 3.8
    endloop
  endfacet
  facet normal 0.130533 0 0.991444
    outer loop
      vertex 296.236 149.1 3.8
      vertex 295.796 153.1 3.85793
      vertex 295.796 149.1 3.85793
    endloop
  endfacet
  facet normal -0.382688 0 0.923878
    outer loop
      vertex 296.676 153.1 3.85793
      vertex 297.086 149.1 4.02776
      vertex 297.086 153.1 4.02776
    endloop
  endfacet
  facet normal -0.382688 0 0.923878
    outer loop
      vertex 297.086 149.1 4.02776
      vertex 296.676 153.1 3.85793
      vertex 296.676 149.1 3.85793
    endloop
  endfacet
  facet normal 0.991423 0 -0.130691
    outer loop
      vertex 294.594 149.1 5.93999
      vertex 294.536 153.1 5.5
      vertex 294.594 153.1 5.93999
    endloop
  endfacet
  facet normal 0.991423 0 -0.130691
    outer loop
      vertex 294.536 153.1 5.5
      vertex 294.594 149.1 5.93999
      vertex 294.536 149.1 5.5
    endloop
  endfacet
  facet normal 0.923745 -0 0.383007
    outer loop
      vertex 294.594 149.1 5.06001
      vertex 294.764 153.1 4.65
      vertex 294.594 153.1 5.06001
    endloop
  endfacet
  facet normal 0.923745 0 0.383007
    outer loop
      vertex 294.764 153.1 4.65
      vertex 294.594 149.1 5.06001
      vertex 294.764 149.1 4.65
    endloop
  endfacet
  facet normal 0.382688 0 0.923878
    outer loop
      vertex 295.386 153.1 4.02776
      vertex 295.796 149.1 3.85793
      vertex 295.796 153.1 3.85793
    endloop
  endfacet
  facet normal 0.382688 0 0.923878
    outer loop
      vertex 295.796 149.1 3.85793
      vertex 295.386 153.1 4.02776
      vertex 295.386 149.1 4.02776
    endloop
  endfacet
  facet normal -0.924541 0 -0.381082
    outer loop
      vertex 297.878 149.1 5.93999
      vertex 297.709 153.1 6.35
      vertex 297.878 153.1 5.93999
    endloop
  endfacet
  facet normal -0.924541 -0 -0.381082
    outer loop
      vertex 297.709 153.1 6.35
      vertex 297.878 149.1 5.93999
      vertex 297.709 149.1 6.35
    endloop
  endfacet
  facet normal 0.382688 0 -0.923878
    outer loop
      vertex 295.386 149.1 6.97224
      vertex 295.796 153.1 7.14207
      vertex 295.796 149.1 7.14207
    endloop
  endfacet
  facet normal 0.382688 0 -0.923878
    outer loop
      vertex 295.796 153.1 7.14207
      vertex 295.386 149.1 6.97224
      vertex 295.386 153.1 6.97224
    endloop
  endfacet
  facet normal 0.608848 0 -0.793287
    outer loop
      vertex 295.034 149.1 6.70208
      vertex 295.386 153.1 6.97224
      vertex 295.386 149.1 6.97224
    endloop
  endfacet
  facet normal 0.608848 0 -0.793287
    outer loop
      vertex 295.386 153.1 6.97224
      vertex 295.034 149.1 6.70208
      vertex 295.034 153.1 6.70208
    endloop
  endfacet
  facet normal -0.79244 0 -0.60995
    outer loop
      vertex 297.709 149.1 6.35
      vertex 297.438 153.1 6.70208
      vertex 297.709 153.1 6.35
    endloop
  endfacet
  facet normal -0.79244 -0 -0.60995
    outer loop
      vertex 297.438 153.1 6.70208
      vertex 297.709 149.1 6.35
      vertex 297.438 149.1 6.70208
    endloop
  endfacet
  facet normal -0.991423 0 -0.130691
    outer loop
      vertex 297.936 149.1 5.5
      vertex 297.878 153.1 5.93999
      vertex 297.936 153.1 5.5
    endloop
  endfacet
  facet normal -0.991423 -0 -0.130691
    outer loop
      vertex 297.878 153.1 5.93999
      vertex 297.936 149.1 5.5
      vertex 297.878 149.1 5.93999
    endloop
  endfacet
  facet normal -0.924541 0 0.381082
    outer loop
      vertex 297.709 149.1 4.65
      vertex 297.878 153.1 5.06001
      vertex 297.709 153.1 4.65
    endloop
  endfacet
  facet normal -0.924541 0 0.381082
    outer loop
      vertex 297.878 153.1 5.06001
      vertex 297.709 149.1 4.65
      vertex 297.878 149.1 5.06001
    endloop
  endfacet
  facet normal -0.130533 0 0.991444
    outer loop
      vertex 296.236 153.1 3.8
      vertex 296.676 149.1 3.85793
      vertex 296.676 153.1 3.85793
    endloop
  endfacet
  facet normal -0.130533 0 0.991444
    outer loop
      vertex 296.676 149.1 3.85793
      vertex 296.236 153.1 3.8
      vertex 296.236 149.1 3.8
    endloop
  endfacet
  facet normal 0.923745 0 -0.383007
    outer loop
      vertex 294.764 149.1 6.35
      vertex 294.594 153.1 5.93999
      vertex 294.764 153.1 6.35
    endloop
  endfacet
  facet normal 0.923745 0 -0.383007
    outer loop
      vertex 294.594 153.1 5.93999
      vertex 294.764 149.1 6.35
      vertex 294.594 149.1 5.93999
    endloop
  endfacet
  facet normal -0.608848 0 -0.793287
    outer loop
      vertex 297.086 149.1 6.97224
      vertex 297.438 153.1 6.70208
      vertex 297.438 149.1 6.70208
    endloop
  endfacet
  facet normal -0.608848 0 -0.793287
    outer loop
      vertex 297.438 153.1 6.70208
      vertex 297.086 149.1 6.97224
      vertex 297.086 153.1 6.97224
    endloop
  endfacet
  facet normal -0.130533 0 -0.991444
    outer loop
      vertex 296.236 149.1 7.2
      vertex 296.676 153.1 7.14207
      vertex 296.676 149.1 7.14207
    endloop
  endfacet
  facet normal -0.130533 0 -0.991444
    outer loop
      vertex 296.676 153.1 7.14207
      vertex 296.236 149.1 7.2
      vertex 296.236 153.1 7.2
    endloop
  endfacet
  facet normal 0.130533 0 -0.991444
    outer loop
      vertex 295.796 149.1 7.14207
      vertex 296.236 153.1 7.2
      vertex 296.236 149.1 7.2
    endloop
  endfacet
  facet normal 0.130533 0 -0.991444
    outer loop
      vertex 296.236 153.1 7.2
      vertex 295.796 149.1 7.14207
      vertex 295.796 153.1 7.14207
    endloop
  endfacet
  facet normal 0.793528 0 -0.608534
    outer loop
      vertex 295.034 149.1 6.70208
      vertex 294.764 153.1 6.35
      vertex 295.034 153.1 6.70208
    endloop
  endfacet
  facet normal 0.793528 0 -0.608534
    outer loop
      vertex 294.764 153.1 6.35
      vertex 295.034 149.1 6.70208
      vertex 294.764 149.1 6.35
    endloop
  endfacet
endsolid OpenSCAD_Model
