solid OpenSCAD_Model
  facet normal 1 -0 0
    outer loop
      vertex 473.8 -1.05235 15
      vertex 473.8 -0.999999 0
      vertex 473.8 -0.999999 15
    endloop
  endfacet
  facet normal 1 0 0
    outer loop
      vertex 473.8 -0.999999 0
      vertex 473.8 -1.05235 15
      vertex 473.8 -1.05235 0
    endloop
  endfacet
  facet normal 0.999271 -0.0381838 0
    outer loop
      vertex 473.798 -1.10469 15
      vertex 473.8 -1.05235 0
      vertex 473.8 -1.05235 15
    endloop
  endfacet
  facet normal 0.999271 -0.0381838 0
    outer loop
      vertex 473.8 -1.05235 0
      vertex 473.798 -1.10469 15
      vertex 473.798 -1.10469 0
    endloop
  endfacet
  facet normal 0.99927 -0.0382057 0
    outer loop
      vertex 473.796 -1.157 15
      vertex 473.798 -1.10469 0
      vertex 473.798 -1.10469 15
    endloop
  endfacet
  facet normal 0.99927 -0.0382057 0
    outer loop
      vertex 473.798 -1.10469 0
      vertex 473.796 -1.157 15
      vertex 473.796 -1.157 0
    endloop
  endfacet
  facet normal 0.998356 -0.0573109 0
    outer loop
      vertex 473.793 -1.20926 15
      vertex 473.796 -1.157 0
      vertex 473.796 -1.157 15
    endloop
  endfacet
  facet normal 0.998356 -0.0573109 0
    outer loop
      vertex 473.796 -1.157 0
      vertex 473.793 -1.20926 15
      vertex 473.793 -1.20926 0
    endloop
  endfacet
  facet normal 0.997077 -0.0764044 0
    outer loop
      vertex 473.789 -1.26146 15
      vertex 473.793 -1.20926 0
      vertex 473.793 -1.20926 15
    endloop
  endfacet
  facet normal 0.997077 -0.0764044 0
    outer loop
      vertex 473.793 -1.20926 0
      vertex 473.789 -1.26146 15
      vertex 473.789 -1.26146 0
    endloop
  endfacet
  facet normal 0.99543 -0.0954941 0
    outer loop
      vertex 473.784 -1.31358 15
      vertex 473.789 -1.26146 0
      vertex 473.789 -1.26146 15
    endloop
  endfacet
  facet normal 0.99543 -0.0954941 0
    outer loop
      vertex 473.789 -1.26146 0
      vertex 473.784 -1.31358 15
      vertex 473.784 -1.31358 0
    endloop
  endfacet
  facet normal 0.993414 -0.114581 0
    outer loop
      vertex 473.778 -1.3656 15
      vertex 473.784 -1.31358 0
      vertex 473.784 -1.31358 15
    endloop
  endfacet
  facet normal 0.993414 -0.114581 0
    outer loop
      vertex 473.784 -1.31358 0
      vertex 473.778 -1.3656 15
      vertex 473.778 -1.3656 0
    endloop
  endfacet
  facet normal 0.99103 -0.133639 0
    outer loop
      vertex 473.771 -1.41751 15
      vertex 473.778 -1.3656 0
      vertex 473.778 -1.3656 15
    endloop
  endfacet
  facet normal 0.99103 -0.133639 0
    outer loop
      vertex 473.778 -1.3656 0
      vertex 473.771 -1.41751 15
      vertex 473.771 -1.41751 0
    endloop
  endfacet
  facet normal 0.988279 -0.152659 0
    outer loop
      vertex 473.763 -1.4693 15
      vertex 473.771 -1.41751 0
      vertex 473.771 -1.41751 15
    endloop
  endfacet
  facet normal 0.988279 -0.152659 0
    outer loop
      vertex 473.771 -1.41751 0
      vertex 473.763 -1.4693 15
      vertex 473.763 -1.4693 0
    endloop
  endfacet
  facet normal 0.985144 -0.171728 0
    outer loop
      vertex 473.754 -1.52093 15
      vertex 473.763 -1.4693 0
      vertex 473.763 -1.4693 15
    endloop
  endfacet
  facet normal 0.985144 -0.171728 0
    outer loop
      vertex 473.763 -1.4693 0
      vertex 473.754 -1.52093 15
      vertex 473.754 -1.52093 0
    endloop
  endfacet
  facet normal 0.985065 -0.172181 0
    outer loop
      vertex 473.745 -1.57242 15
      vertex 473.754 -1.52093 0
      vertex 473.754 -1.52093 15
    endloop
  endfacet
  facet normal 0.985065 -0.172181 0
    outer loop
      vertex 473.754 -1.52093 0
      vertex 473.745 -1.57242 15
      vertex 473.745 -1.57242 0
    endloop
  endfacet
  facet normal 0.977783 -0.20962 0
    outer loop
      vertex 473.734 -1.62373 15
      vertex 473.745 -1.57242 0
      vertex 473.745 -1.57242 15
    endloop
  endfacet
  facet normal 0.977783 -0.20962 0
    outer loop
      vertex 473.745 -1.57242 0
      vertex 473.734 -1.62373 15
      vertex 473.734 -1.62373 0
    endloop
  endfacet
  facet normal 0.977623 -0.210365 0
    outer loop
      vertex 473.723 -1.67485 15
      vertex 473.734 -1.62373 0
      vertex 473.734 -1.62373 15
    endloop
  endfacet
  facet normal 0.977623 -0.210365 0
    outer loop
      vertex 473.734 -1.62373 0
      vertex 473.723 -1.67485 15
      vertex 473.723 -1.67485 0
    endloop
  endfacet
  facet normal 0.973317 -0.229466 0
    outer loop
      vertex 473.711 -1.72575 15
      vertex 473.723 -1.67485 0
      vertex 473.723 -1.67485 15
    endloop
  endfacet
  facet normal 0.973317 -0.229466 0
    outer loop
      vertex 473.723 -1.67485 0
      vertex 473.711 -1.72575 15
      vertex 473.711 -1.72575 0
    endloop
  endfacet
  facet normal 0.968652 -0.248421 0
    outer loop
      vertex 473.698 -1.77644 15
      vertex 473.711 -1.72575 0
      vertex 473.711 -1.72575 15
    endloop
  endfacet
  facet normal 0.968652 -0.248421 0
    outer loop
      vertex 473.711 -1.72575 0
      vertex 473.698 -1.77644 15
      vertex 473.698 -1.77644 0
    endloop
  endfacet
  facet normal 0.9636 -0.267348 0
    outer loop
      vertex 473.684 -1.8269 15
      vertex 473.698 -1.77644 0
      vertex 473.698 -1.77644 15
    endloop
  endfacet
  facet normal 0.9636 -0.267348 0
    outer loop
      vertex 473.698 -1.77644 0
      vertex 473.684 -1.8269 15
      vertex 473.684 -1.8269 0
    endloop
  endfacet
  facet normal 0.958157 -0.286245 0
    outer loop
      vertex 473.669 -1.87711 15
      vertex 473.684 -1.8269 0
      vertex 473.684 -1.8269 15
    endloop
  endfacet
  facet normal 0.958157 -0.286245 0
    outer loop
      vertex 473.684 -1.8269 0
      vertex 473.669 -1.87711 15
      vertex 473.669 -1.87711 0
    endloop
  endfacet
  facet normal 0.952318 -0.305108 0
    outer loop
      vertex 473.653 -1.92705 15
      vertex 473.669 -1.87711 0
      vertex 473.669 -1.87711 15
    endloop
  endfacet
  facet normal 0.952318 -0.305108 0
    outer loop
      vertex 473.669 -1.87711 0
      vertex 473.653 -1.92705 15
      vertex 473.653 -1.92705 0
    endloop
  endfacet
  facet normal 0.951799 -0.306723 0
    outer loop
      vertex 473.637 -1.9767 15
      vertex 473.653 -1.92705 0
      vertex 473.653 -1.92705 15
    endloop
  endfacet
  facet normal 0.951799 -0.306723 0
    outer loop
      vertex 473.653 -1.92705 0
      vertex 473.637 -1.9767 15
      vertex 473.637 -1.9767 0
    endloop
  endfacet
  facet normal 0.939459 -0.34266 0
    outer loop
      vertex 473.619 -2.02605 15
      vertex 473.637 -1.9767 0
      vertex 473.637 -1.9767 15
    endloop
  endfacet
  facet normal 0.939459 -0.34266 0
    outer loop
      vertex 473.637 -1.9767 0
      vertex 473.619 -2.02605 15
      vertex 473.619 -2.02605 0
    endloop
  endfacet
  facet normal 0.938783 -0.344508 0
    outer loop
      vertex 473.601 -2.0751 15
      vertex 473.619 -2.02605 0
      vertex 473.619 -2.02605 15
    endloop
  endfacet
  facet normal 0.938783 -0.344508 0
    outer loop
      vertex 473.619 -2.02605 0
      vertex 473.601 -2.0751 15
      vertex 473.601 -2.0751 0
    endloop
  endfacet
  facet normal 0.931634 -0.363397 0
    outer loop
      vertex 473.582 -2.12381 15
      vertex 473.601 -2.0751 0
      vertex 473.601 -2.0751 15
    endloop
  endfacet
  facet normal 0.931634 -0.363397 0
    outer loop
      vertex 473.601 -2.0751 0
      vertex 473.582 -2.12381 15
      vertex 473.582 -2.12381 0
    endloop
  endfacet
  facet normal 0.917281 -0.398241 0
    outer loop
      vertex 473.561 -2.17218 15
      vertex 473.582 -2.12381 0
      vertex 473.582 -2.12381 15
    endloop
  endfacet
  facet normal 0.917281 -0.398241 0
    outer loop
      vertex 473.582 -2.12381 0
      vertex 473.561 -2.17218 15
      vertex 473.561 -2.17218 0
    endloop
  endfacet
  facet normal 0.923134 -0.384479 0
    outer loop
      vertex 473.541 -2.2202 15
      vertex 473.561 -2.17218 0
      vertex 473.561 -2.17218 15
    endloop
  endfacet
  facet normal 0.923134 -0.384479 0
    outer loop
      vertex 473.561 -2.17218 0
      vertex 473.541 -2.2202 15
      vertex 473.541 -2.2202 0
    endloop
  endfacet
  facet normal 0.907904 -0.419179 0
    outer loop
      vertex 473.519 -2.26785 15
      vertex 473.541 -2.2202 0
      vertex 473.541 -2.2202 15
    endloop
  endfacet
  facet normal 0.907904 -0.419179 0
    outer loop
      vertex 473.541 -2.2202 0
      vertex 473.519 -2.26785 15
      vertex 473.519 -2.26785 0
    endloop
  endfacet
  facet normal 0.89917 -0.437599 0
    outer loop
      vertex 473.496 -2.31511 15
      vertex 473.519 -2.26785 0
      vertex 473.519 -2.26785 15
    endloop
  endfacet
  facet normal 0.89917 -0.437599 0
    outer loop
      vertex 473.519 -2.26785 0
      vertex 473.496 -2.31511 15
      vertex 473.496 -2.31511 0
    endloop
  endfacet
  facet normal 0.897698 -0.440611 0
    outer loop
      vertex 473.473 -2.36197 15
      vertex 473.496 -2.31511 0
      vertex 473.496 -2.31511 15
    endloop
  endfacet
  facet normal 0.897698 -0.440611 0
    outer loop
      vertex 473.496 -2.31511 0
      vertex 473.473 -2.36197 15
      vertex 473.473 -2.36197 0
    endloop
  endfacet
  facet normal 0.888339 -0.459189 0
    outer loop
      vertex 473.449 -2.4084 15
      vertex 473.473 -2.36197 0
      vertex 473.473 -2.36197 15
    endloop
  endfacet
  facet normal 0.888339 -0.459189 0
    outer loop
      vertex 473.473 -2.36197 0
      vertex 473.449 -2.4084 15
      vertex 473.449 -2.4084 0
    endloop
  endfacet
  facet normal 0.878712 -0.477353 0
    outer loop
      vertex 473.424 -2.45442 15
      vertex 473.449 -2.4084 0
      vertex 473.449 -2.4084 15
    endloop
  endfacet
  facet normal 0.878712 -0.477353 0
    outer loop
      vertex 473.449 -2.4084 0
      vertex 473.424 -2.45442 15
      vertex 473.424 -2.45442 0
    endloop
  endfacet
  facet normal 0.868618 -0.495482 0
    outer loop
      vertex 473.398 -2.5 15
      vertex 473.424 -2.45442 0
      vertex 473.424 -2.45442 15
    endloop
  endfacet
  facet normal 0.868618 -0.495482 0
    outer loop
      vertex 473.424 -2.45442 0
      vertex 473.398 -2.5 15
      vertex 473.398 -2.5 0
    endloop
  endfacet
  facet normal 0.857996 -0.513656 0
    outer loop
      vertex 473.371 -2.5451 15
      vertex 473.398 -2.5 0
      vertex 473.398 -2.5 15
    endloop
  endfacet
  facet normal 0.857996 -0.513656 0
    outer loop
      vertex 473.398 -2.5 0
      vertex 473.371 -2.5451 15
      vertex 473.371 -2.5451 0
    endloop
  endfacet
  facet normal 0.855712 -0.517452 0
    outer loop
      vertex 473.344 -2.58975 15
      vertex 473.371 -2.5451 0
      vertex 473.371 -2.5451 15
    endloop
  endfacet
  facet normal 0.855712 -0.517452 0
    outer loop
      vertex 473.371 -2.5451 0
      vertex 473.344 -2.58975 15
      vertex 473.344 -2.58975 0
    endloop
  endfacet
  facet normal 0.844542 -0.535489 0
    outer loop
      vertex 473.316 -2.63391 15
      vertex 473.344 -2.58975 0
      vertex 473.344 -2.58975 15
    endloop
  endfacet
  facet normal 0.844542 -0.535489 0
    outer loop
      vertex 473.344 -2.58975 0
      vertex 473.316 -2.63391 15
      vertex 473.316 -2.63391 0
    endloop
  endfacet
  facet normal 0.832988 -0.55329 0
    outer loop
      vertex 473.287 -2.67757 15
      vertex 473.316 -2.63391 0
      vertex 473.316 -2.63391 15
    endloop
  endfacet
  facet normal 0.832988 -0.55329 0
    outer loop
      vertex 473.316 -2.63391 0
      vertex 473.287 -2.67757 15
      vertex 473.287 -2.67757 0
    endloop
  endfacet
  facet normal 0.82106 -0.570841 0
    outer loop
      vertex 473.257 -2.72072 15
      vertex 473.287 -2.67757 0
      vertex 473.287 -2.67757 15
    endloop
  endfacet
  facet normal 0.82106 -0.570841 0
    outer loop
      vertex 473.287 -2.67757 0
      vertex 473.257 -2.72072 15
      vertex 473.257 -2.72072 0
    endloop
  endfacet
  facet normal 0.817796 -0.575508 0
    outer loop
      vertex 473.227 -2.76335 15
      vertex 473.257 -2.72072 0
      vertex 473.257 -2.72072 15
    endloop
  endfacet
  facet normal 0.817796 -0.575508 0
    outer loop
      vertex 473.257 -2.72072 0
      vertex 473.227 -2.76335 15
      vertex 473.227 -2.76335 0
    endloop
  endfacet
  facet normal 0.805114 -0.593121 0
    outer loop
      vertex 473.196 -2.80543 15
      vertex 473.227 -2.76335 0
      vertex 473.227 -2.76335 15
    endloop
  endfacet
  facet normal 0.805114 -0.593121 0
    outer loop
      vertex 473.227 -2.76335 0
      vertex 473.196 -2.80543 15
      vertex 473.196 -2.80543 0
    endloop
  endfacet
  facet normal 0.792198 -0.610264 0
    outer loop
      vertex 473.164 -2.84697 15
      vertex 473.196 -2.80543 0
      vertex 473.196 -2.80543 15
    endloop
  endfacet
  facet normal 0.792198 -0.610264 0
    outer loop
      vertex 473.196 -2.80543 0
      vertex 473.164 -2.84697 15
      vertex 473.164 -2.84697 0
    endloop
  endfacet
  facet normal 0.778862 -0.627195 0
    outer loop
      vertex 473.131 -2.88795 15
      vertex 473.164 -2.84697 0
      vertex 473.164 -2.84697 15
    endloop
  endfacet
  facet normal 0.778862 -0.627195 0
    outer loop
      vertex 473.164 -2.84697 0
      vertex 473.131 -2.88795 15
      vertex 473.131 -2.88795 0
    endloop
  endfacet
  facet normal 0.774546 -0.632517 0
    outer loop
      vertex 473.098 -2.92836 15
      vertex 473.131 -2.88795 0
      vertex 473.131 -2.88795 15
    endloop
  endfacet
  facet normal 0.774546 -0.632517 0
    outer loop
      vertex 473.131 -2.88795 0
      vertex 473.098 -2.92836 15
      vertex 473.098 -2.92836 0
    endloop
  endfacet
  facet normal 0.760415 -0.649438 0
    outer loop
      vertex 473.064 -2.96817 15
      vertex 473.098 -2.92836 0
      vertex 473.098 -2.92836 15
    endloop
  endfacet
  facet normal 0.760415 -0.649438 0
    outer loop
      vertex 473.098 -2.92836 0
      vertex 473.064 -2.96817 15
      vertex 473.064 -2.96817 0
    endloop
  endfacet
  facet normal 0.746022 -0.665921 0
    outer loop
      vertex 473.029 -3.00738 15
      vertex 473.064 -2.96817 0
      vertex 473.064 -2.96817 15
    endloop
  endfacet
  facet normal 0.746022 -0.665921 0
    outer loop
      vertex 473.064 -2.96817 0
      vertex 473.029 -3.00738 15
      vertex 473.029 -3.00738 0
    endloop
  endfacet
  facet normal 0.740894 -0.671621 0
    outer loop
      vertex 472.994 -3.04599 15
      vertex 473.029 -3.00738 0
      vertex 473.029 -3.00738 15
    endloop
  endfacet
  facet normal 0.740894 -0.671621 0
    outer loop
      vertex 473.029 -3.00738 0
      vertex 472.994 -3.04599 15
      vertex 472.994 -3.04599 0
    endloop
  endfacet
  facet normal 0.725772 -0.687935 0
    outer loop
      vertex 472.958 -3.08397 15
      vertex 472.994 -3.04599 0
      vertex 472.994 -3.04599 15
    endloop
  endfacet
  facet normal 0.725772 -0.687935 0
    outer loop
      vertex 472.994 -3.04599 0
      vertex 472.958 -3.08397 15
      vertex 472.958 -3.08397 0
    endloop
  endfacet
  facet normal 0.710333 -0.703865 0
    outer loop
      vertex 472.921 -3.12131 15
      vertex 472.958 -3.08397 0
      vertex 472.958 -3.08397 15
    endloop
  endfacet
  facet normal 0.710333 -0.703865 0
    outer loop
      vertex 472.958 -3.08397 0
      vertex 472.921 -3.12131 15
      vertex 472.921 -3.12131 0
    endloop
  endfacet
  facet normal 0.704126 -0.710075 0
    outer loop
      vertex 472.884 -3.158 0
      vertex 472.921 -3.12131 15
      vertex 472.884 -3.158 15
    endloop
  endfacet
  facet normal 0.704126 -0.710075 0
    outer loop
      vertex 472.921 -3.12131 15
      vertex 472.884 -3.158 0
      vertex 472.921 -3.12131 0
    endloop
  endfacet
  facet normal 0.688248 -0.725476 0
    outer loop
      vertex 472.846 -3.19405 0
      vertex 472.884 -3.158 15
      vertex 472.846 -3.19405 15
    endloop
  endfacet
  facet normal 0.688248 -0.725476 0
    outer loop
      vertex 472.884 -3.158 15
      vertex 472.846 -3.19405 0
      vertex 472.884 -3.158 0
    endloop
  endfacet
  facet normal 0.671897 -0.740644 0
    outer loop
      vertex 472.807 -3.22943 0
      vertex 472.846 -3.19405 15
      vertex 472.807 -3.22943 15
    endloop
  endfacet
  facet normal 0.671897 -0.740644 0
    outer loop
      vertex 472.846 -3.19405 15
      vertex 472.807 -3.22943 0
      vertex 472.846 -3.19405 0
    endloop
  endfacet
  facet normal 0.664507 -0.747282 0
    outer loop
      vertex 472.768 -3.26411 0
      vertex 472.807 -3.22943 15
      vertex 472.768 -3.26411 15
    endloop
  endfacet
  facet normal 0.664507 -0.747282 0
    outer loop
      vertex 472.807 -3.22943 15
      vertex 472.768 -3.26411 0
      vertex 472.807 -3.22943 0
    endloop
  endfacet
  facet normal 0.64787 -0.761751 0
    outer loop
      vertex 472.728 -3.29813 0
      vertex 472.768 -3.26411 15
      vertex 472.728 -3.29813 15
    endloop
  endfacet
  facet normal 0.64787 -0.761751 0
    outer loop
      vertex 472.768 -3.26411 15
      vertex 472.728 -3.29813 0
      vertex 472.768 -3.26411 0
    endloop
  endfacet
  facet normal 0.63992 -0.768442 0
    outer loop
      vertex 472.688 -3.33144 0
      vertex 472.728 -3.29813 15
      vertex 472.688 -3.33144 15
    endloop
  endfacet
  facet normal 0.63992 -0.768442 0
    outer loop
      vertex 472.728 -3.29813 15
      vertex 472.688 -3.33144 0
      vertex 472.728 -3.29813 0
    endloop
  endfacet
  facet normal 0.622247 -0.782821 0
    outer loop
      vertex 472.647 -3.36403 0
      vertex 472.688 -3.33144 15
      vertex 472.647 -3.36403 15
    endloop
  endfacet
  facet normal 0.622247 -0.782821 0
    outer loop
      vertex 472.688 -3.33144 15
      vertex 472.647 -3.36403 0
      vertex 472.688 -3.33144 0
    endloop
  endfacet
  facet normal 0.604482 -0.796619 0
    outer loop
      vertex 472.605 -3.3959 0
      vertex 472.647 -3.36403 15
      vertex 472.605 -3.3959 15
    endloop
  endfacet
  facet normal 0.604482 -0.796619 0
    outer loop
      vertex 472.647 -3.36403 15
      vertex 472.605 -3.3959 0
      vertex 472.647 -3.36403 0
    endloop
  endfacet
  facet normal 0.595708 -0.803201 0
    outer loop
      vertex 472.563 -3.42705 0
      vertex 472.605 -3.3959 15
      vertex 472.563 -3.42705 15
    endloop
  endfacet
  facet normal 0.595708 -0.803201 0
    outer loop
      vertex 472.605 -3.3959 15
      vertex 472.563 -3.42705 0
      vertex 472.605 -3.3959 0
    endloop
  endfacet
  facet normal 0.586209 -0.81016 0
    outer loop
      vertex 472.521 -3.45744 0
      vertex 472.563 -3.42705 15
      vertex 472.521 -3.45744 15
    endloop
  endfacet
  facet normal 0.586209 -0.81016 0
    outer loop
      vertex 472.563 -3.42705 15
      vertex 472.521 -3.45744 0
      vertex 472.563 -3.42705 0
    endloop
  endfacet
  facet normal 0.567925 -0.82308 0
    outer loop
      vertex 472.478 -3.48711 0
      vertex 472.521 -3.45744 15
      vertex 472.478 -3.48711 15
    endloop
  endfacet
  facet normal 0.567925 -0.82308 0
    outer loop
      vertex 472.521 -3.45744 15
      vertex 472.478 -3.48711 0
      vertex 472.521 -3.45744 0
    endloop
  endfacet
  facet normal 0.548988 -0.83583 0
    outer loop
      vertex 472.434 -3.51601 0
      vertex 472.478 -3.48711 15
      vertex 472.434 -3.51601 15
    endloop
  endfacet
  facet normal 0.548988 -0.83583 0
    outer loop
      vertex 472.478 -3.48711 15
      vertex 472.434 -3.51601 0
      vertex 472.478 -3.48711 0
    endloop
  endfacet
  facet normal 0.538646 -0.842532 0
    outer loop
      vertex 472.39 -3.54414 0
      vertex 472.434 -3.51601 15
      vertex 472.39 -3.54414 15
    endloop
  endfacet
  facet normal 0.538646 -0.842532 0
    outer loop
      vertex 472.434 -3.51601 15
      vertex 472.39 -3.54414 0
      vertex 472.434 -3.51601 0
    endloop
  endfacet
  facet normal 0.519375 -0.854547 0
    outer loop
      vertex 472.345 -3.57149 0
      vertex 472.39 -3.54414 15
      vertex 472.345 -3.57149 15
    endloop
  endfacet
  facet normal 0.519375 -0.854547 0
    outer loop
      vertex 472.39 -3.54414 15
      vertex 472.345 -3.57149 0
      vertex 472.39 -3.54414 0
    endloop
  endfacet
  facet normal 0.508575 -0.861018 0
    outer loop
      vertex 472.3 -3.59807 0
      vertex 472.345 -3.57149 15
      vertex 472.3 -3.59807 15
    endloop
  endfacet
  facet normal 0.508575 -0.861018 0
    outer loop
      vertex 472.345 -3.57149 15
      vertex 472.3 -3.59807 0
      vertex 472.345 -3.57149 0
    endloop
  endfacet
  facet normal 0.489036 -0.872263 0
    outer loop
      vertex 472.254 -3.62386 0
      vertex 472.3 -3.59807 15
      vertex 472.254 -3.62386 15
    endloop
  endfacet
  facet normal 0.489036 -0.872263 0
    outer loop
      vertex 472.3 -3.59807 15
      vertex 472.254 -3.62386 0
      vertex 472.3 -3.59807 0
    endloop
  endfacet
  facet normal 0.477071 -0.878865 0
    outer loop
      vertex 472.208 -3.64883 0
      vertex 472.254 -3.62386 15
      vertex 472.208 -3.64883 15
    endloop
  endfacet
  facet normal 0.477071 -0.878865 0
    outer loop
      vertex 472.254 -3.62386 15
      vertex 472.208 -3.64883 0
      vertex 472.254 -3.62386 0
    endloop
  endfacet
  facet normal 0.465437 -0.885081 0
    outer loop
      vertex 472.162 -3.67302 0
      vertex 472.208 -3.64883 15
      vertex 472.162 -3.67302 15
    endloop
  endfacet
  facet normal 0.465437 -0.885081 0
    outer loop
      vertex 472.208 -3.64883 15
      vertex 472.162 -3.67302 0
      vertex 472.208 -3.64883 0
    endloop
  endfacet
  facet normal 0.445078 -0.895492 0
    outer loop
      vertex 472.115 -3.69638 0
      vertex 472.162 -3.67302 15
      vertex 472.115 -3.69638 15
    endloop
  endfacet
  facet normal 0.445078 -0.895492 0
    outer loop
      vertex 472.162 -3.67302 15
      vertex 472.115 -3.69638 0
      vertex 472.162 -3.67302 0
    endloop
  endfacet
  facet normal 0.432419 -0.901673 0
    outer loop
      vertex 472.068 -3.71892 0
      vertex 472.115 -3.69638 15
      vertex 472.068 -3.71892 15
    endloop
  endfacet
  facet normal 0.432419 -0.901673 0
    outer loop
      vertex 472.115 -3.69638 15
      vertex 472.068 -3.71892 0
      vertex 472.115 -3.69638 0
    endloop
  endfacet
  facet normal 0.4121 -0.911138 0
    outer loop
      vertex 472.02 -3.74063 0
      vertex 472.068 -3.71892 15
      vertex 472.02 -3.74063 15
    endloop
  endfacet
  facet normal 0.4121 -0.911138 0
    outer loop
      vertex 472.068 -3.71892 15
      vertex 472.02 -3.74063 0
      vertex 472.068 -3.71892 0
    endloop
  endfacet
  facet normal 0.398733 -0.917067 0
    outer loop
      vertex 471.972 -3.7615 0
      vertex 472.02 -3.74063 15
      vertex 471.972 -3.7615 15
    endloop
  endfacet
  facet normal 0.398733 -0.917067 0
    outer loop
      vertex 472.02 -3.74063 15
      vertex 471.972 -3.7615 0
      vertex 472.02 -3.74063 0
    endloop
  endfacet
  facet normal 0.385271 -0.922804 0
    outer loop
      vertex 471.924 -3.78154 0
      vertex 471.972 -3.7615 15
      vertex 471.924 -3.78154 15
    endloop
  endfacet
  facet normal 0.385271 -0.922804 0
    outer loop
      vertex 471.972 -3.7615 15
      vertex 471.924 -3.78154 0
      vertex 471.972 -3.7615 0
    endloop
  endfacet
  facet normal 0.364664 -0.931139 0
    outer loop
      vertex 471.875 -3.80073 0
      vertex 471.924 -3.78154 15
      vertex 471.875 -3.80073 15
    endloop
  endfacet
  facet normal 0.364664 -0.931139 0
    outer loop
      vertex 471.924 -3.78154 15
      vertex 471.875 -3.80073 0
      vertex 471.924 -3.78154 0
    endloop
  endfacet
  facet normal 0.350705 -0.936486 0
    outer loop
      vertex 471.826 -3.81908 0
      vertex 471.875 -3.80073 15
      vertex 471.826 -3.81908 15
    endloop
  endfacet
  facet normal 0.350705 -0.936486 0
    outer loop
      vertex 471.875 -3.80073 15
      vertex 471.826 -3.81908 0
      vertex 471.875 -3.80073 0
    endloop
  endfacet
  facet normal 0.335825 -0.941924 0
    outer loop
      vertex 471.777 -3.83655 0
      vertex 471.826 -3.81908 15
      vertex 471.777 -3.83655 15
    endloop
  endfacet
  facet normal 0.335825 -0.941924 0
    outer loop
      vertex 471.826 -3.81908 15
      vertex 471.777 -3.83655 0
      vertex 471.826 -3.81908 0
    endloop
  endfacet
  facet normal 0.31526 -0.949005 0
    outer loop
      vertex 471.727 -3.85316 0
      vertex 471.777 -3.83655 15
      vertex 471.727 -3.85316 15
    endloop
  endfacet
  facet normal 0.31526 -0.949005 0
    outer loop
      vertex 471.777 -3.83655 15
      vertex 471.727 -3.85316 0
      vertex 471.777 -3.83655 0
    endloop
  endfacet
  facet normal 0.300447 -0.953799 0
    outer loop
      vertex 471.677 -3.86891 0
      vertex 471.727 -3.85316 15
      vertex 471.677 -3.86891 15
    endloop
  endfacet
  facet normal 0.300447 -0.953799 0
    outer loop
      vertex 471.727 -3.85316 15
      vertex 471.677 -3.86891 0
      vertex 471.727 -3.85316 0
    endloop
  endfacet
  facet normal 0.284885 -0.958562 0
    outer loop
      vertex 471.627 -3.88377 0
      vertex 471.677 -3.86891 15
      vertex 471.627 -3.88377 15
    endloop
  endfacet
  facet normal 0.284885 -0.958562 0
    outer loop
      vertex 471.677 -3.86891 15
      vertex 471.627 -3.88377 0
      vertex 471.677 -3.86891 0
    endloop
  endfacet
  facet normal 0.264717 -0.964326 0
    outer loop
      vertex 471.576 -3.89777 0
      vertex 471.627 -3.88377 15
      vertex 471.576 -3.89777 15
    endloop
  endfacet
  facet normal 0.264717 -0.964326 0
    outer loop
      vertex 471.627 -3.88377 15
      vertex 471.576 -3.89777 0
      vertex 471.627 -3.88377 0
    endloop
  endfacet
  facet normal 0.253446 -0.96735 0
    outer loop
      vertex 471.526 -3.91087 0
      vertex 471.576 -3.89777 15
      vertex 471.526 -3.91087 15
    endloop
  endfacet
  facet normal 0.253446 -0.96735 0
    outer loop
      vertex 471.576 -3.89777 15
      vertex 471.526 -3.91087 0
      vertex 471.576 -3.89777 0
    endloop
  endfacet
  facet normal 0.233193 -0.972431 0
    outer loop
      vertex 471.475 -3.9231 0
      vertex 471.526 -3.91087 15
      vertex 471.475 -3.9231 15
    endloop
  endfacet
  facet normal 0.233193 -0.972431 0
    outer loop
      vertex 471.526 -3.91087 15
      vertex 471.475 -3.9231 0
      vertex 471.526 -3.91087 0
    endloop
  endfacet
  facet normal 0.21687 -0.976201 0
    outer loop
      vertex 471.424 -3.93443 0
      vertex 471.475 -3.9231 15
      vertex 471.424 -3.93443 15
    endloop
  endfacet
  facet normal 0.21687 -0.976201 0
    outer loop
      vertex 471.475 -3.9231 15
      vertex 471.424 -3.93443 0
      vertex 471.475 -3.9231 0
    endloop
  endfacet
  facet normal 0.196841 -0.980435 0
    outer loop
      vertex 471.372 -3.94487 0
      vertex 471.424 -3.93443 15
      vertex 471.372 -3.94487 15
    endloop
  endfacet
  facet normal 0.196841 -0.980435 0
    outer loop
      vertex 471.424 -3.93443 15
      vertex 471.372 -3.94487 0
      vertex 471.424 -3.93443 0
    endloop
  endfacet
  facet normal 0.184056 -0.982916 0
    outer loop
      vertex 471.321 -3.95442 0
      vertex 471.372 -3.94487 15
      vertex 471.321 -3.95442 15
    endloop
  endfacet
  facet normal 0.184056 -0.982916 0
    outer loop
      vertex 471.372 -3.94487 15
      vertex 471.321 -3.95442 0
      vertex 471.372 -3.94487 0
    endloop
  endfacet
  facet normal 0.163907 -0.986476 0
    outer loop
      vertex 471.269 -3.96306 0
      vertex 471.321 -3.95442 15
      vertex 471.269 -3.96306 15
    endloop
  endfacet
  facet normal 0.163907 -0.986476 0
    outer loop
      vertex 471.321 -3.95442 15
      vertex 471.269 -3.96306 0
      vertex 471.321 -3.95442 0
    endloop
  endfacet
  facet normal 0.147038 -0.989131 0
    outer loop
      vertex 471.217 -3.97079 0
      vertex 471.269 -3.96306 15
      vertex 471.217 -3.97079 15
    endloop
  endfacet
  facet normal 0.147038 -0.989131 0
    outer loop
      vertex 471.269 -3.96306 15
      vertex 471.217 -3.97079 0
      vertex 471.269 -3.96306 0
    endloop
  endfacet
  facet normal 0.132927 -0.991126 0
    outer loop
      vertex 471.166 -3.97763 0
      vertex 471.217 -3.97079 15
      vertex 471.166 -3.97763 15
    endloop
  endfacet
  facet normal 0.132927 -0.991126 0
    outer loop
      vertex 471.217 -3.97079 15
      vertex 471.166 -3.97763 0
      vertex 471.217 -3.97079 0
    endloop
  endfacet
  facet normal 0.113115 -0.993582 0
    outer loop
      vertex 471.114 -3.98355 0
      vertex 471.166 -3.97763 15
      vertex 471.114 -3.98355 15
    endloop
  endfacet
  facet normal 0.113115 -0.993582 0
    outer loop
      vertex 471.166 -3.97763 15
      vertex 471.114 -3.98355 0
      vertex 471.166 -3.97763 0
    endloop
  endfacet
  facet normal 0.094295 -0.995544 0
    outer loop
      vertex 471.061 -3.98857 0
      vertex 471.114 -3.98355 15
      vertex 471.061 -3.98857 15
    endloop
  endfacet
  facet normal 0.094295 -0.995544 0
    outer loop
      vertex 471.114 -3.98355 15
      vertex 471.061 -3.98857 0
      vertex 471.114 -3.98355 0
    endloop
  endfacet
  facet normal 0.0789832 -0.996876 0
    outer loop
      vertex 471.009 -3.99269 0
      vertex 471.061 -3.98857 15
      vertex 471.009 -3.99269 15
    endloop
  endfacet
  facet normal 0.0789832 -0.996876 0
    outer loop
      vertex 471.061 -3.98857 15
      vertex 471.009 -3.99269 0
      vertex 471.061 -3.98857 0
    endloop
  endfacet
  facet normal 0.061231 -0.998124 0
    outer loop
      vertex 470.957 -3.99588 0
      vertex 471.009 -3.99269 15
      vertex 470.957 -3.99588 15
    endloop
  endfacet
  facet normal 0.061231 -0.998124 0
    outer loop
      vertex 471.009 -3.99269 15
      vertex 470.957 -3.99588 0
      vertex 471.009 -3.99269 0
    endloop
  endfacet
  facet normal 0.0439958 -0.999032 0
    outer loop
      vertex 470.905 -3.99817 0
      vertex 470.957 -3.99588 15
      vertex 470.905 -3.99817 15
    endloop
  endfacet
  facet normal 0.0439958 -0.999032 0
    outer loop
      vertex 470.957 -3.99588 15
      vertex 470.905 -3.99817 0
      vertex 470.957 -3.99588 0
    endloop
  endfacet
  facet normal 0.0258404 -0.999666 0
    outer loop
      vertex 470.852 -3.99954 0
      vertex 470.905 -3.99817 15
      vertex 470.852 -3.99954 15
    endloop
  endfacet
  facet normal 0.0258404 -0.999666 0
    outer loop
      vertex 470.905 -3.99817 15
      vertex 470.852 -3.99954 0
      vertex 470.905 -3.99817 0
    endloop
  endfacet
  facet normal 0.00884581 -0.999961 0
    outer loop
      vertex 470.8 -4 0
      vertex 470.852 -3.99954 15
      vertex 470.8 -4 15
    endloop
  endfacet
  facet normal 0.00884581 -0.999961 0
    outer loop
      vertex 470.852 -3.99954 15
      vertex 470.8 -4 0
      vertex 470.852 -3.99954 0
    endloop
  endfacet
  facet normal -0 0 1
    outer loop
      vertex 470.8 149.1 15
      vertex 473.8 -0.999999 15
      vertex 473.8 153.1 15
    endloop
  endfacet
  facet normal 0 0 1
    outer loop
      vertex 470.8 -0.999999 15
      vertex 473.8 -0.999999 15
      vertex 470.8 149.1 15
    endloop
  endfacet
  facet normal 0 0 1
    outer loop
      vertex 473.8 -0.999999 15
      vertex 470.8 -0.999999 15
      vertex 473.8 -1.05235 15
    endloop
  endfacet
  facet normal 0 0 1
    outer loop
      vertex 473.8 -1.05235 15
      vertex 470.8 -0.999999 15
      vertex 473.798 -1.10469 15
    endloop
  endfacet
  facet normal 0 0 1
    outer loop
      vertex 473.798 -1.10469 15
      vertex 470.8 -0.999999 15
      vertex 473.796 -1.157 15
    endloop
  endfacet
  facet normal 0 0 1
    outer loop
      vertex 473.796 -1.157 15
      vertex 470.8 -0.999999 15
      vertex 473.793 -1.20926 15
    endloop
  endfacet
  facet normal 0 0 1
    outer loop
      vertex 473.793 -1.20926 15
      vertex 470.8 -0.999999 15
      vertex 473.789 -1.26146 15
    endloop
  endfacet
  facet normal 0 0 1
    outer loop
      vertex 473.789 -1.26146 15
      vertex 470.8 -0.999999 15
      vertex 473.784 -1.31358 15
    endloop
  endfacet
  facet normal 0 0 1
    outer loop
      vertex 473.784 -1.31358 15
      vertex 470.8 -0.999999 15
      vertex 473.778 -1.3656 15
    endloop
  endfacet
  facet normal 0 0 1
    outer loop
      vertex 473.778 -1.3656 15
      vertex 470.8 -0.999999 15
      vertex 473.771 -1.41751 15
    endloop
  endfacet
  facet normal 0 0 1
    outer loop
      vertex 473.771 -1.41751 15
      vertex 470.8 -0.999999 15
      vertex 473.763 -1.4693 15
    endloop
  endfacet
  facet normal 0 0 1
    outer loop
      vertex 473.763 -1.4693 15
      vertex 470.8 -0.999999 15
      vertex 473.754 -1.52093 15
    endloop
  endfacet
  facet normal 0 0 1
    outer loop
      vertex 473.754 -1.52093 15
      vertex 470.8 -0.999999 15
      vertex 473.745 -1.57242 15
    endloop
  endfacet
  facet normal 0 0 1
    outer loop
      vertex 473.745 -1.57242 15
      vertex 470.8 -0.999999 15
      vertex 473.734 -1.62373 15
    endloop
  endfacet
  facet normal 0 0 1
    outer loop
      vertex 473.734 -1.62373 15
      vertex 470.8 -0.999999 15
      vertex 473.723 -1.67485 15
    endloop
  endfacet
  facet normal 0 0 1
    outer loop
      vertex 473.723 -1.67485 15
      vertex 470.8 -0.999999 15
      vertex 473.711 -1.72575 15
    endloop
  endfacet
  facet normal 0 0 1
    outer loop
      vertex 473.711 -1.72575 15
      vertex 470.8 -0.999999 15
      vertex 473.698 -1.77644 15
    endloop
  endfacet
  facet normal 0 0 1
    outer loop
      vertex 473.698 -1.77644 15
      vertex 470.8 -0.999999 15
      vertex 473.684 -1.8269 15
    endloop
  endfacet
  facet normal 0 0 1
    outer loop
      vertex 473.684 -1.8269 15
      vertex 470.8 -0.999999 15
      vertex 473.669 -1.87711 15
    endloop
  endfacet
  facet normal 0 0 1
    outer loop
      vertex 473.669 -1.87711 15
      vertex 470.8 -0.999999 15
      vertex 473.653 -1.92705 15
    endloop
  endfacet
  facet normal 0 0 1
    outer loop
      vertex 473.653 -1.92705 15
      vertex 470.8 -0.999999 15
      vertex 473.637 -1.9767 15
    endloop
  endfacet
  facet normal 0 0 1
    outer loop
      vertex 473.637 -1.9767 15
      vertex 470.8 -0.999999 15
      vertex 473.619 -2.02605 15
    endloop
  endfacet
  facet normal 0 0 1
    outer loop
      vertex 473.619 -2.02605 15
      vertex 470.8 -0.999999 15
      vertex 473.601 -2.0751 15
    endloop
  endfacet
  facet normal 0 0 1
    outer loop
      vertex 473.601 -2.0751 15
      vertex 470.8 -0.999999 15
      vertex 473.582 -2.12381 15
    endloop
  endfacet
  facet normal 0 0 1
    outer loop
      vertex 473.582 -2.12381 15
      vertex 470.8 -0.999999 15
      vertex 473.561 -2.17218 15
    endloop
  endfacet
  facet normal 0 0 1
    outer loop
      vertex 473.561 -2.17218 15
      vertex 470.8 -0.999999 15
      vertex 473.541 -2.2202 15
    endloop
  endfacet
  facet normal 0 0 1
    outer loop
      vertex 473.541 -2.2202 15
      vertex 470.8 -0.999999 15
      vertex 473.519 -2.26785 15
    endloop
  endfacet
  facet normal 0 0 1
    outer loop
      vertex 473.519 -2.26785 15
      vertex 470.8 -0.999999 15
      vertex 473.496 -2.31511 15
    endloop
  endfacet
  facet normal 0 0 1
    outer loop
      vertex 473.496 -2.31511 15
      vertex 470.8 -0.999999 15
      vertex 473.473 -2.36197 15
    endloop
  endfacet
  facet normal 0 0 1
    outer loop
      vertex 473.473 -2.36197 15
      vertex 470.8 -0.999999 15
      vertex 473.449 -2.4084 15
    endloop
  endfacet
  facet normal 0 0 1
    outer loop
      vertex 473.449 -2.4084 15
      vertex 470.8 -0.999999 15
      vertex 473.424 -2.45442 15
    endloop
  endfacet
  facet normal 0 0 1
    outer loop
      vertex 473.424 -2.45442 15
      vertex 470.8 -0.999999 15
      vertex 473.398 -2.5 15
    endloop
  endfacet
  facet normal 0 0 1
    outer loop
      vertex 473.398 -2.5 15
      vertex 470.8 -0.999999 15
      vertex 473.371 -2.5451 15
    endloop
  endfacet
  facet normal 0 0 1
    outer loop
      vertex 473.371 -2.5451 15
      vertex 470.8 -0.999999 15
      vertex 473.344 -2.58975 15
    endloop
  endfacet
  facet normal 0 0 1
    outer loop
      vertex 473.344 -2.58975 15
      vertex 470.8 -0.999999 15
      vertex 473.316 -2.63391 15
    endloop
  endfacet
  facet normal 0 0 1
    outer loop
      vertex 473.316 -2.63391 15
      vertex 470.8 -0.999999 15
      vertex 473.287 -2.67757 15
    endloop
  endfacet
  facet normal 0 0 1
    outer loop
      vertex 473.287 -2.67757 15
      vertex 470.8 -0.999999 15
      vertex 473.257 -2.72072 15
    endloop
  endfacet
  facet normal 0 0 1
    outer loop
      vertex 473.257 -2.72072 15
      vertex 470.8 -0.999999 15
      vertex 473.227 -2.76335 15
    endloop
  endfacet
  facet normal 0 0 1
    outer loop
      vertex 473.227 -2.76335 15
      vertex 470.8 -0.999999 15
      vertex 473.196 -2.80543 15
    endloop
  endfacet
  facet normal 0 0 1
    outer loop
      vertex 473.196 -2.80543 15
      vertex 470.8 -0.999999 15
      vertex 473.164 -2.84697 15
    endloop
  endfacet
  facet normal 0 0 1
    outer loop
      vertex 473.164 -2.84697 15
      vertex 470.8 -0.999999 15
      vertex 473.131 -2.88795 15
    endloop
  endfacet
  facet normal 0 0 1
    outer loop
      vertex 473.131 -2.88795 15
      vertex 470.8 -0.999999 15
      vertex 473.098 -2.92836 15
    endloop
  endfacet
  facet normal 0 0 1
    outer loop
      vertex 473.098 -2.92836 15
      vertex 470.8 -0.999999 15
      vertex 473.064 -2.96817 15
    endloop
  endfacet
  facet normal 0 0 1
    outer loop
      vertex 473.064 -2.96817 15
      vertex 470.8 -0.999999 15
      vertex 473.029 -3.00738 15
    endloop
  endfacet
  facet normal 0 0 1
    outer loop
      vertex 473.029 -3.00738 15
      vertex 470.8 -0.999999 15
      vertex 472.994 -3.04599 15
    endloop
  endfacet
  facet normal 0 0 1
    outer loop
      vertex 472.994 -3.04599 15
      vertex 470.8 -0.999999 15
      vertex 472.958 -3.08397 15
    endloop
  endfacet
  facet normal 0 0 1
    outer loop
      vertex 472.958 -3.08397 15
      vertex 470.8 -0.999999 15
      vertex 472.921 -3.12131 15
    endloop
  endfacet
  facet normal 0 0 1
    outer loop
      vertex 472.921 -3.12131 15
      vertex 470.8 -0.999999 15
      vertex 472.884 -3.158 15
    endloop
  endfacet
  facet normal 0 0 1
    outer loop
      vertex 472.884 -3.158 15
      vertex 470.8 -0.999999 15
      vertex 472.846 -3.19405 15
    endloop
  endfacet
  facet normal 0 0 1
    outer loop
      vertex 472.846 -3.19405 15
      vertex 470.8 -0.999999 15
      vertex 472.807 -3.22943 15
    endloop
  endfacet
  facet normal 0 0 1
    outer loop
      vertex 472.807 -3.22943 15
      vertex 470.8 -0.999999 15
      vertex 472.768 -3.26411 15
    endloop
  endfacet
  facet normal 0 0 1
    outer loop
      vertex 472.768 -3.26411 15
      vertex 470.8 -0.999999 15
      vertex 472.728 -3.29813 15
    endloop
  endfacet
  facet normal 0 0 1
    outer loop
      vertex 472.728 -3.29813 15
      vertex 470.8 -0.999999 15
      vertex 472.688 -3.33144 15
    endloop
  endfacet
  facet normal 0 0 1
    outer loop
      vertex 472.647 -3.36403 15
      vertex 470.8 -0.999999 15
      vertex 472.605 -3.3959 15
    endloop
  endfacet
  facet normal 0 0 1
    outer loop
      vertex 472.605 -3.3959 15
      vertex 470.8 -0.999999 15
      vertex 472.563 -3.42705 15
    endloop
  endfacet
  facet normal 0 0 1
    outer loop
      vertex 472.563 -3.42705 15
      vertex 470.8 -0.999999 15
      vertex 472.521 -3.45744 15
    endloop
  endfacet
  facet normal 0 0 1
    outer loop
      vertex 472.521 -3.45744 15
      vertex 470.8 -0.999999 15
      vertex 472.478 -3.48711 15
    endloop
  endfacet
  facet normal 0 0 1
    outer loop
      vertex 472.478 -3.48711 15
      vertex 470.8 -0.999999 15
      vertex 472.434 -3.51601 15
    endloop
  endfacet
  facet normal 0 0 1
    outer loop
      vertex 472.434 -3.51601 15
      vertex 470.8 -0.999999 15
      vertex 472.39 -3.54414 15
    endloop
  endfacet
  facet normal 0 0 1
    outer loop
      vertex 472.39 -3.54414 15
      vertex 470.8 -0.999999 15
      vertex 472.345 -3.57149 15
    endloop
  endfacet
  facet normal 0 0 1
    outer loop
      vertex 472.345 -3.57149 15
      vertex 470.8 -0.999999 15
      vertex 472.3 -3.59807 15
    endloop
  endfacet
  facet normal 0 0 1
    outer loop
      vertex 472.3 -3.59807 15
      vertex 470.8 -0.999999 15
      vertex 472.254 -3.62386 15
    endloop
  endfacet
  facet normal 0 0 1
    outer loop
      vertex 472.254 -3.62386 15
      vertex 470.8 -0.999999 15
      vertex 472.208 -3.64883 15
    endloop
  endfacet
  facet normal 0 0 1
    outer loop
      vertex 472.208 -3.64883 15
      vertex 470.8 -0.999999 15
      vertex 472.162 -3.67302 15
    endloop
  endfacet
  facet normal 0 0 1
    outer loop
      vertex 472.162 -3.67302 15
      vertex 470.8 -0.999999 15
      vertex 472.115 -3.69638 15
    endloop
  endfacet
  facet normal 0 0 1
    outer loop
      vertex 472.115 -3.69638 15
      vertex 470.8 -0.999999 15
      vertex 472.068 -3.71892 15
    endloop
  endfacet
  facet normal 0 0 1
    outer loop
      vertex 472.068 -3.71892 15
      vertex 470.8 -0.999999 15
      vertex 472.02 -3.74063 15
    endloop
  endfacet
  facet normal 0 0 1
    outer loop
      vertex 472.02 -3.74063 15
      vertex 470.8 -0.999999 15
      vertex 471.972 -3.7615 15
    endloop
  endfacet
  facet normal 0 0 1
    outer loop
      vertex 471.972 -3.7615 15
      vertex 470.8 -0.999999 15
      vertex 471.924 -3.78154 15
    endloop
  endfacet
  facet normal 0 0 1
    outer loop
      vertex 471.924 -3.78154 15
      vertex 470.8 -0.999999 15
      vertex 471.875 -3.80073 15
    endloop
  endfacet
  facet normal 0 0 1
    outer loop
      vertex 471.875 -3.80073 15
      vertex 470.8 -0.999999 15
      vertex 471.826 -3.81908 15
    endloop
  endfacet
  facet normal 0 0 1
    outer loop
      vertex 471.826 -3.81908 15
      vertex 470.8 -0.999999 15
      vertex 471.777 -3.83655 15
    endloop
  endfacet
  facet normal 0 0 1
    outer loop
      vertex 471.777 -3.83655 15
      vertex 470.8 -0.999999 15
      vertex 471.727 -3.85316 15
    endloop
  endfacet
  facet normal 0 0 1
    outer loop
      vertex 471.727 -3.85316 15
      vertex 470.8 -0.999999 15
      vertex 471.677 -3.86891 15
    endloop
  endfacet
  facet normal 0 0 1
    outer loop
      vertex 471.677 -3.86891 15
      vertex 470.8 -0.999999 15
      vertex 471.627 -3.88377 15
    endloop
  endfacet
  facet normal 0 0 1
    outer loop
      vertex 471.627 -3.88377 15
      vertex 470.8 -0.999999 15
      vertex 471.576 -3.89777 15
    endloop
  endfacet
  facet normal 0 0 1
    outer loop
      vertex 471.576 -3.89777 15
      vertex 470.8 -0.999999 15
      vertex 471.526 -3.91087 15
    endloop
  endfacet
  facet normal 0 0 1
    outer loop
      vertex 471.526 -3.91087 15
      vertex 470.8 -0.999999 15
      vertex 471.475 -3.9231 15
    endloop
  endfacet
  facet normal 0 0 1
    outer loop
      vertex 471.475 -3.9231 15
      vertex 470.8 -0.999999 15
      vertex 471.424 -3.93443 15
    endloop
  endfacet
  facet normal 0 0 1
    outer loop
      vertex 471.424 -3.93443 15
      vertex 470.8 -0.999999 15
      vertex 471.372 -3.94487 15
    endloop
  endfacet
  facet normal 0 0 1
    outer loop
      vertex 471.372 -3.94487 15
      vertex 470.8 -0.999999 15
      vertex 471.321 -3.95442 15
    endloop
  endfacet
  facet normal 0 0 1
    outer loop
      vertex 471.321 -3.95442 15
      vertex 470.8 -0.999999 15
      vertex 471.269 -3.96306 15
    endloop
  endfacet
  facet normal 0 0 1
    outer loop
      vertex 471.269 -3.96306 15
      vertex 470.8 -0.999999 15
      vertex 471.217 -3.97079 15
    endloop
  endfacet
  facet normal 0 0 1
    outer loop
      vertex 471.217 -3.97079 15
      vertex 470.8 -0.999999 15
      vertex 471.166 -3.97763 15
    endloop
  endfacet
  facet normal 0 0 1
    outer loop
      vertex 471.166 -3.97763 15
      vertex 470.8 -0.999999 15
      vertex 471.114 -3.98355 15
    endloop
  endfacet
  facet normal 0 0 1
    outer loop
      vertex 471.114 -3.98355 15
      vertex 470.8 -0.999999 15
      vertex 471.061 -3.98857 15
    endloop
  endfacet
  facet normal 0 0 1
    outer loop
      vertex 471.061 -3.98857 15
      vertex 470.8 -0.999999 15
      vertex 471.009 -3.99269 15
    endloop
  endfacet
  facet normal 0 0 1
    outer loop
      vertex 471.009 -3.99269 15
      vertex 470.8 -0.999999 15
      vertex 470.957 -3.99588 15
    endloop
  endfacet
  facet normal 0 0 1
    outer loop
      vertex 470.957 -3.99588 15
      vertex 470.8 -0.999999 15
      vertex 470.905 -3.99817 15
    endloop
  endfacet
  facet normal 0 0 1
    outer loop
      vertex 472.688 -3.33144 15
      vertex 470.8 -0.999999 15
      vertex 472.647 -3.36403 15
    endloop
  endfacet
  facet normal -0 0 1
    outer loop
      vertex 465.8 153.1 15
      vertex 470.8 149.1 15
      vertex 473.8 153.1 15
    endloop
  endfacet
  facet normal 0 0 1
    outer loop
      vertex 470.8 149.1 15
      vertex 465.8 153.1 15
      vertex 465.8 149.1 15
    endloop
  endfacet
  facet normal 0 0 1
    outer loop
      vertex 470.905 -3.99817 15
      vertex 470.8 -0.999999 15
      vertex 470.852 -3.99954 15
    endloop
  endfacet
  facet normal 0 0 1
    outer loop
      vertex 470.8 -0.999999 15
      vertex 470.8 -4 15
      vertex 470.852 -3.99954 15
    endloop
  endfacet
  facet normal -0 0 1
    outer loop
      vertex 318.543 -0.999999 15
      vertex 470.8 -4 15
      vertex 470.8 -0.999999 15
    endloop
  endfacet
  facet normal 0 0 1
    outer loop
      vertex 470.8 -4 15
      vertex 318.543 -0.999999 15
      vertex 318.543 -4 15
    endloop
  endfacet
  facet normal -0 0 1
    outer loop
      vertex 314.533 4 15
      vertex 318.543 -0.999999 15
      vertex 318.543 4 15
    endloop
  endfacet
  facet normal 0 0 1
    outer loop
      vertex 314.533 -4 15
      vertex 318.543 -0.999999 15
      vertex 314.533 4 15
    endloop
  endfacet
  facet normal 0 0 1
    outer loop
      vertex 318.543 -0.999999 15
      vertex 314.533 -4 15
      vertex 318.543 -4 15
    endloop
  endfacet
  facet normal 1 -0 0
    outer loop
      vertex 473.8 -0.999999 15
      vertex 473.8 153.1 0
      vertex 473.8 153.1 15
    endloop
  endfacet
  facet normal 1 0 0
    outer loop
      vertex 473.8 153.1 0
      vertex 473.8 -0.999999 15
      vertex 473.8 -0.999999 0
    endloop
  endfacet
  facet normal 0 0 -1
    outer loop
      vertex 470.8 -4 0
      vertex 473.8 -0.999999 0
      vertex 473.8 -1.05235 0
    endloop
  endfacet
  facet normal 0 0 -1
    outer loop
      vertex 470.8 -4 0
      vertex 473.8 -1.05235 0
      vertex 473.798 -1.10469 0
    endloop
  endfacet
  facet normal 0 0 -1
    outer loop
      vertex 470.8 -4 0
      vertex 473.798 -1.10469 0
      vertex 473.796 -1.157 0
    endloop
  endfacet
  facet normal 0 0 -1
    outer loop
      vertex 470.8 -4 0
      vertex 473.796 -1.157 0
      vertex 473.793 -1.20926 0
    endloop
  endfacet
  facet normal 0 0 -1
    outer loop
      vertex 470.8 -4 0
      vertex 473.793 -1.20926 0
      vertex 473.789 -1.26146 0
    endloop
  endfacet
  facet normal 0 0 -1
    outer loop
      vertex 470.8 -4 0
      vertex 473.789 -1.26146 0
      vertex 473.784 -1.31358 0
    endloop
  endfacet
  facet normal 0 0 -1
    outer loop
      vertex 470.8 -4 0
      vertex 473.784 -1.31358 0
      vertex 473.778 -1.3656 0
    endloop
  endfacet
  facet normal 0 0 -1
    outer loop
      vertex 470.8 -4 0
      vertex 473.778 -1.3656 0
      vertex 473.771 -1.41751 0
    endloop
  endfacet
  facet normal 0 0 -1
    outer loop
      vertex 470.8 -4 0
      vertex 473.771 -1.41751 0
      vertex 473.763 -1.4693 0
    endloop
  endfacet
  facet normal 0 0 -1
    outer loop
      vertex 470.8 -4 0
      vertex 473.763 -1.4693 0
      vertex 473.754 -1.52093 0
    endloop
  endfacet
  facet normal 0 0 -1
    outer loop
      vertex 470.8 -4 0
      vertex 473.754 -1.52093 0
      vertex 473.745 -1.57242 0
    endloop
  endfacet
  facet normal 0 0 -1
    outer loop
      vertex 470.8 -4 0
      vertex 473.745 -1.57242 0
      vertex 473.734 -1.62373 0
    endloop
  endfacet
  facet normal 0 0 -1
    outer loop
      vertex 470.8 -4 0
      vertex 473.734 -1.62373 0
      vertex 473.723 -1.67485 0
    endloop
  endfacet
  facet normal 0 0 -1
    outer loop
      vertex 470.8 -4 0
      vertex 473.723 -1.67485 0
      vertex 473.711 -1.72575 0
    endloop
  endfacet
  facet normal 0 0 -1
    outer loop
      vertex 470.8 -4 0
      vertex 473.711 -1.72575 0
      vertex 473.698 -1.77644 0
    endloop
  endfacet
  facet normal 0 0 -1
    outer loop
      vertex 470.8 -4 0
      vertex 473.698 -1.77644 0
      vertex 473.684 -1.8269 0
    endloop
  endfacet
  facet normal 0 0 -1
    outer loop
      vertex 470.8 -4 0
      vertex 473.684 -1.8269 0
      vertex 473.669 -1.87711 0
    endloop
  endfacet
  facet normal 0 0 -1
    outer loop
      vertex 470.8 -4 0
      vertex 473.669 -1.87711 0
      vertex 473.653 -1.92705 0
    endloop
  endfacet
  facet normal 0 0 -1
    outer loop
      vertex 470.8 -4 0
      vertex 473.653 -1.92705 0
      vertex 473.637 -1.9767 0
    endloop
  endfacet
  facet normal 0 0 -1
    outer loop
      vertex 470.8 -4 0
      vertex 473.637 -1.9767 0
      vertex 473.619 -2.02605 0
    endloop
  endfacet
  facet normal 0 0 -1
    outer loop
      vertex 470.8 -4 0
      vertex 473.619 -2.02605 0
      vertex 473.601 -2.0751 0
    endloop
  endfacet
  facet normal 0 0 -1
    outer loop
      vertex 470.8 -4 0
      vertex 473.601 -2.0751 0
      vertex 473.582 -2.12381 0
    endloop
  endfacet
  facet normal 0 0 -1
    outer loop
      vertex 470.8 -4 0
      vertex 473.582 -2.12381 0
      vertex 473.561 -2.17218 0
    endloop
  endfacet
  facet normal 0 0 -1
    outer loop
      vertex 470.8 -4 0
      vertex 473.561 -2.17218 0
      vertex 473.541 -2.2202 0
    endloop
  endfacet
  facet normal 0 0 -1
    outer loop
      vertex 470.8 -4 0
      vertex 473.541 -2.2202 0
      vertex 473.519 -2.26785 0
    endloop
  endfacet
  facet normal 0 0 -1
    outer loop
      vertex 470.8 -4 0
      vertex 473.519 -2.26785 0
      vertex 473.496 -2.31511 0
    endloop
  endfacet
  facet normal 0 0 -1
    outer loop
      vertex 470.8 -4 0
      vertex 473.496 -2.31511 0
      vertex 473.473 -2.36197 0
    endloop
  endfacet
  facet normal 0 0 -1
    outer loop
      vertex 470.8 -4 0
      vertex 473.473 -2.36197 0
      vertex 473.449 -2.4084 0
    endloop
  endfacet
  facet normal 0 0 -1
    outer loop
      vertex 470.8 -4 0
      vertex 473.449 -2.4084 0
      vertex 473.424 -2.45442 0
    endloop
  endfacet
  facet normal 0 0 -1
    outer loop
      vertex 470.8 -4 0
      vertex 473.424 -2.45442 0
      vertex 473.398 -2.5 0
    endloop
  endfacet
  facet normal 0 0 -1
    outer loop
      vertex 470.8 -4 0
      vertex 473.398 -2.5 0
      vertex 473.371 -2.5451 0
    endloop
  endfacet
  facet normal 0 0 -1
    outer loop
      vertex 470.8 -4 0
      vertex 473.371 -2.5451 0
      vertex 473.344 -2.58975 0
    endloop
  endfacet
  facet normal 0 0 -1
    outer loop
      vertex 470.8 -4 0
      vertex 473.344 -2.58975 0
      vertex 473.316 -2.63391 0
    endloop
  endfacet
  facet normal 0 0 -1
    outer loop
      vertex 470.8 -4 0
      vertex 473.316 -2.63391 0
      vertex 473.287 -2.67757 0
    endloop
  endfacet
  facet normal 0 0 -1
    outer loop
      vertex 470.8 -4 0
      vertex 473.287 -2.67757 0
      vertex 473.257 -2.72072 0
    endloop
  endfacet
  facet normal 0 0 -1
    outer loop
      vertex 470.8 -4 0
      vertex 473.257 -2.72072 0
      vertex 473.227 -2.76335 0
    endloop
  endfacet
  facet normal 0 0 -1
    outer loop
      vertex 470.8 -4 0
      vertex 473.227 -2.76335 0
      vertex 473.196 -2.80543 0
    endloop
  endfacet
  facet normal 0 0 -1
    outer loop
      vertex 470.8 -4 0
      vertex 473.196 -2.80543 0
      vertex 473.164 -2.84697 0
    endloop
  endfacet
  facet normal 0 0 -1
    outer loop
      vertex 470.8 -4 0
      vertex 473.164 -2.84697 0
      vertex 473.131 -2.88795 0
    endloop
  endfacet
  facet normal 0 0 -1
    outer loop
      vertex 470.8 -4 0
      vertex 473.131 -2.88795 0
      vertex 473.098 -2.92836 0
    endloop
  endfacet
  facet normal 0 0 -1
    outer loop
      vertex 470.8 -4 0
      vertex 473.098 -2.92836 0
      vertex 473.064 -2.96817 0
    endloop
  endfacet
  facet normal 0 0 -1
    outer loop
      vertex 470.8 -4 0
      vertex 473.064 -2.96817 0
      vertex 473.029 -3.00738 0
    endloop
  endfacet
  facet normal 0 0 -1
    outer loop
      vertex 470.8 -4 0
      vertex 473.029 -3.00738 0
      vertex 472.994 -3.04599 0
    endloop
  endfacet
  facet normal 0 0 -1
    outer loop
      vertex 470.8 -4 0
      vertex 472.994 -3.04599 0
      vertex 472.958 -3.08397 0
    endloop
  endfacet
  facet normal 0 0 -1
    outer loop
      vertex 470.8 -4 0
      vertex 472.958 -3.08397 0
      vertex 472.921 -3.12131 0
    endloop
  endfacet
  facet normal 0 0 -1
    outer loop
      vertex 470.8 -4 0
      vertex 472.921 -3.12131 0
      vertex 472.884 -3.158 0
    endloop
  endfacet
  facet normal 0 0 -1
    outer loop
      vertex 470.8 -4 0
      vertex 472.884 -3.158 0
      vertex 472.846 -3.19405 0
    endloop
  endfacet
  facet normal 0 0 -1
    outer loop
      vertex 470.8 -4 0
      vertex 472.846 -3.19405 0
      vertex 472.807 -3.22943 0
    endloop
  endfacet
  facet normal 0 0 -1
    outer loop
      vertex 470.8 -4 0
      vertex 472.807 -3.22943 0
      vertex 472.768 -3.26411 0
    endloop
  endfacet
  facet normal 0 0 -1
    outer loop
      vertex 470.8 -4 0
      vertex 472.768 -3.26411 0
      vertex 472.728 -3.29813 0
    endloop
  endfacet
  facet normal 0 0 -1
    outer loop
      vertex 470.8 -4 0
      vertex 472.728 -3.29813 0
      vertex 472.688 -3.33144 0
    endloop
  endfacet
  facet normal 0 0 -1
    outer loop
      vertex 470.8 -4 0
      vertex 472.688 -3.33144 0
      vertex 472.647 -3.36403 0
    endloop
  endfacet
  facet normal 0 0 -1
    outer loop
      vertex 470.8 -4 0
      vertex 472.647 -3.36403 0
      vertex 472.605 -3.3959 0
    endloop
  endfacet
  facet normal 0 0 -1
    outer loop
      vertex 470.8 -4 0
      vertex 472.605 -3.3959 0
      vertex 472.563 -3.42705 0
    endloop
  endfacet
  facet normal 0 0 -1
    outer loop
      vertex 470.8 -4 0
      vertex 472.563 -3.42705 0
      vertex 472.521 -3.45744 0
    endloop
  endfacet
  facet normal 0 0 -1
    outer loop
      vertex 470.8 -4 0
      vertex 472.521 -3.45744 0
      vertex 472.478 -3.48711 0
    endloop
  endfacet
  facet normal 0 0 -1
    outer loop
      vertex 470.8 -4 0
      vertex 472.478 -3.48711 0
      vertex 472.434 -3.51601 0
    endloop
  endfacet
  facet normal 0 0 -1
    outer loop
      vertex 470.8 -4 0
      vertex 472.434 -3.51601 0
      vertex 472.39 -3.54414 0
    endloop
  endfacet
  facet normal 0 0 -1
    outer loop
      vertex 470.8 -4 0
      vertex 472.39 -3.54414 0
      vertex 472.345 -3.57149 0
    endloop
  endfacet
  facet normal 0 0 -1
    outer loop
      vertex 470.8 -4 0
      vertex 472.345 -3.57149 0
      vertex 472.3 -3.59807 0
    endloop
  endfacet
  facet normal 0 0 -1
    outer loop
      vertex 470.8 -4 0
      vertex 472.3 -3.59807 0
      vertex 472.254 -3.62386 0
    endloop
  endfacet
  facet normal 0 0 -1
    outer loop
      vertex 470.8 -4 0
      vertex 472.254 -3.62386 0
      vertex 472.208 -3.64883 0
    endloop
  endfacet
  facet normal 0 0 -1
    outer loop
      vertex 470.8 -4 0
      vertex 472.208 -3.64883 0
      vertex 472.162 -3.67302 0
    endloop
  endfacet
  facet normal 0 0 -1
    outer loop
      vertex 470.8 -4 0
      vertex 472.162 -3.67302 0
      vertex 472.115 -3.69638 0
    endloop
  endfacet
  facet normal 0 0 -1
    outer loop
      vertex 470.8 -4 0
      vertex 472.115 -3.69638 0
      vertex 472.068 -3.71892 0
    endloop
  endfacet
  facet normal 0 0 -1
    outer loop
      vertex 470.8 -4 0
      vertex 472.068 -3.71892 0
      vertex 472.02 -3.74063 0
    endloop
  endfacet
  facet normal 0 0 -1
    outer loop
      vertex 470.8 -4 0
      vertex 472.02 -3.74063 0
      vertex 471.972 -3.7615 0
    endloop
  endfacet
  facet normal 0 0 -1
    outer loop
      vertex 470.8 -4 0
      vertex 471.972 -3.7615 0
      vertex 471.924 -3.78154 0
    endloop
  endfacet
  facet normal 0 0 -1
    outer loop
      vertex 470.8 -4 0
      vertex 471.924 -3.78154 0
      vertex 471.875 -3.80073 0
    endloop
  endfacet
  facet normal 0 0 -1
    outer loop
      vertex 470.8 -4 0
      vertex 471.875 -3.80073 0
      vertex 471.826 -3.81908 0
    endloop
  endfacet
  facet normal 0 0 -1
    outer loop
      vertex 470.8 -4 0
      vertex 471.826 -3.81908 0
      vertex 471.777 -3.83655 0
    endloop
  endfacet
  facet normal 0 0 -1
    outer loop
      vertex 470.8 -4 0
      vertex 471.777 -3.83655 0
      vertex 471.727 -3.85316 0
    endloop
  endfacet
  facet normal 0 0 -1
    outer loop
      vertex 470.8 -4 0
      vertex 471.727 -3.85316 0
      vertex 471.677 -3.86891 0
    endloop
  endfacet
  facet normal 0 0 -1
    outer loop
      vertex 470.8 -4 0
      vertex 471.677 -3.86891 0
      vertex 471.627 -3.88377 0
    endloop
  endfacet
  facet normal 0 0 -1
    outer loop
      vertex 470.8 -4 0
      vertex 471.627 -3.88377 0
      vertex 471.576 -3.89777 0
    endloop
  endfacet
  facet normal 0 0 -1
    outer loop
      vertex 470.8 -4 0
      vertex 471.576 -3.89777 0
      vertex 471.526 -3.91087 0
    endloop
  endfacet
  facet normal 0 0 -1
    outer loop
      vertex 470.8 -4 0
      vertex 471.526 -3.91087 0
      vertex 471.475 -3.9231 0
    endloop
  endfacet
  facet normal 0 0 -1
    outer loop
      vertex 470.8 -4 0
      vertex 471.475 -3.9231 0
      vertex 471.424 -3.93443 0
    endloop
  endfacet
  facet normal 0 0 -1
    outer loop
      vertex 470.8 -4 0
      vertex 471.424 -3.93443 0
      vertex 471.372 -3.94487 0
    endloop
  endfacet
  facet normal 0 0 -1
    outer loop
      vertex 470.8 -4 0
      vertex 471.372 -3.94487 0
      vertex 471.321 -3.95442 0
    endloop
  endfacet
  facet normal 0 0 -1
    outer loop
      vertex 470.8 -4 0
      vertex 471.321 -3.95442 0
      vertex 471.269 -3.96306 0
    endloop
  endfacet
  facet normal 0 0 -1
    outer loop
      vertex 470.8 -4 0
      vertex 471.269 -3.96306 0
      vertex 471.217 -3.97079 0
    endloop
  endfacet
  facet normal 0 0 -1
    outer loop
      vertex 470.8 -4 0
      vertex 471.217 -3.97079 0
      vertex 471.166 -3.97763 0
    endloop
  endfacet
  facet normal 0 0 -1
    outer loop
      vertex 470.8 -4 0
      vertex 471.166 -3.97763 0
      vertex 471.114 -3.98355 0
    endloop
  endfacet
  facet normal 0 0 -1
    outer loop
      vertex 470.8 -4 0
      vertex 471.114 -3.98355 0
      vertex 471.061 -3.98857 0
    endloop
  endfacet
  facet normal 0 0 -1
    outer loop
      vertex 470.8 -4 0
      vertex 471.061 -3.98857 0
      vertex 471.009 -3.99269 0
    endloop
  endfacet
  facet normal 0 0 -1
    outer loop
      vertex 470.8 -4 0
      vertex 471.009 -3.99269 0
      vertex 470.957 -3.99588 0
    endloop
  endfacet
  facet normal 0 0 -1
    outer loop
      vertex 470.8 -4 0
      vertex 470.957 -3.99588 0
      vertex 470.905 -3.99817 0
    endloop
  endfacet
  facet normal 0 0 -1
    outer loop
      vertex 470.8 -4 0
      vertex 470.905 -3.99817 0
      vertex 470.852 -3.99954 0
    endloop
  endfacet
  facet normal -0 0 -1
    outer loop
      vertex 473.8 -0.999999 0
      vertex 470.8 -4 0
      vertex 473.8 153.1 0
    endloop
  endfacet
  facet normal 0 0 -1
    outer loop
      vertex 314.533 153.1 0
      vertex 470.8 -4 0
      vertex 314.533 -4 0
    endloop
  endfacet
  facet normal 0 0 -1
    outer loop
      vertex 470.8 -4 0
      vertex 314.533 153.1 0
      vertex 473.8 153.1 0
    endloop
  endfacet
  facet normal 0 -1 0
    outer loop
      vertex 314.533 -4 3.01
      vertex 314.533 -4 0
      vertex 318.543 -4 3.01
    endloop
  endfacet
  facet normal 0 -1 0
    outer loop
      vertex 436.313 -4 10.7727
      vertex 470.8 -4 15
      vertex 436.188 -4 10.7901
    endloop
  endfacet
  facet normal 0 -1 0
    outer loop
      vertex 470.8 -4 15
      vertex 459.812 -4 10.7901
      vertex 459.937 -4 10.7989
    endloop
  endfacet
  facet normal 0 -1 0
    outer loop
      vertex 436.435 -4 10.7465
      vertex 470.8 -4 15
      vertex 436.313 -4 10.7727
    endloop
  endfacet
  facet normal 0 -1 0
    outer loop
      vertex 470.8 -4 15
      vertex 459.687 -4 10.7727
      vertex 459.812 -4 10.7901
    endloop
  endfacet
  facet normal 0 -1 0
    outer loop
      vertex 459.565 -4 10.7465
      vertex 470.8 -4 15
      vertex 436.435 -4 10.7465
    endloop
  endfacet
  facet normal 0 -1 0
    outer loop
      vertex 470.8 -4 15
      vertex 459.565 -4 10.7465
      vertex 459.687 -4 10.7727
    endloop
  endfacet
  facet normal 0 -1 0
    outer loop
      vertex 436.556 -4 10.7119
      vertex 459.565 -4 10.7465
      vertex 436.435 -4 10.7465
    endloop
  endfacet
  facet normal 0 -1 0
    outer loop
      vertex 436.556 -4 10.7119
      vertex 459.444 -4 10.7119
      vertex 459.565 -4 10.7465
    endloop
  endfacet
  facet normal 0 -1 0
    outer loop
      vertex 436.674 -4 10.6689
      vertex 459.444 -4 10.7119
      vertex 436.556 -4 10.7119
    endloop
  endfacet
  facet normal 0 -1 0
    outer loop
      vertex 436.674 -4 10.6689
      vertex 459.326 -4 10.6689
      vertex 459.444 -4 10.7119
    endloop
  endfacet
  facet normal 0 -1 0
    outer loop
      vertex 436.789 -4 10.6178
      vertex 459.326 -4 10.6689
      vertex 436.674 -4 10.6689
    endloop
  endfacet
  facet normal 0 -1 0
    outer loop
      vertex 436.789 -4 10.6178
      vertex 459.211 -4 10.6178
      vertex 459.326 -4 10.6689
    endloop
  endfacet
  facet normal 0 -1 0
    outer loop
      vertex 436.9 -4 10.5588
      vertex 459.211 -4 10.6178
      vertex 436.789 -4 10.6178
    endloop
  endfacet
  facet normal 0 -1 0
    outer loop
      vertex 436.9 -4 10.5588
      vertex 459.1 -4 10.5588
      vertex 459.211 -4 10.6178
    endloop
  endfacet
  facet normal 0 -1 0
    outer loop
      vertex 437.007 -4 10.4923
      vertex 459.1 -4 10.5588
      vertex 436.9 -4 10.5588
    endloop
  endfacet
  facet normal 0 -1 0
    outer loop
      vertex 437.007 -4 10.4923
      vertex 458.993 -4 10.4923
      vertex 459.1 -4 10.5588
    endloop
  endfacet
  facet normal 0 -1 0
    outer loop
      vertex 437.108 -4 10.4184
      vertex 458.993 -4 10.4923
      vertex 437.007 -4 10.4923
    endloop
  endfacet
  facet normal 0 -1 0
    outer loop
      vertex 437.108 -4 10.4184
      vertex 458.892 -4 10.4184
      vertex 458.993 -4 10.4923
    endloop
  endfacet
  facet normal 0 -1 0
    outer loop
      vertex 437.204 -4 10.3377
      vertex 458.892 -4 10.4184
      vertex 437.108 -4 10.4184
    endloop
  endfacet
  facet normal 0 -1 0
    outer loop
      vertex 437.204 -4 10.3377
      vertex 458.796 -4 10.3377
      vertex 458.892 -4 10.4184
    endloop
  endfacet
  facet normal 0 -1 0
    outer loop
      vertex 437.295 -4 10.2504
      vertex 458.796 -4 10.3377
      vertex 437.204 -4 10.3377
    endloop
  endfacet
  facet normal 0 -1 0
    outer loop
      vertex 437.295 -4 10.2504
      vertex 458.705 -4 10.2504
      vertex 458.796 -4 10.3377
    endloop
  endfacet
  facet normal 0 -1 0
    outer loop
      vertex 437.379 -4 10.157
      vertex 458.705 -4 10.2504
      vertex 437.295 -4 10.2504
    endloop
  endfacet
  facet normal 0 -1 0
    outer loop
      vertex 437.379 -4 10.157
      vertex 458.621 -4 10.157
      vertex 458.705 -4 10.2504
    endloop
  endfacet
  facet normal 0 -1 0
    outer loop
      vertex 437.456 -4 10.058
      vertex 458.621 -4 10.157
      vertex 437.379 -4 10.157
    endloop
  endfacet
  facet normal 0 -1 0
    outer loop
      vertex 437.456 -4 10.058
      vertex 458.544 -4 10.058
      vertex 458.621 -4 10.157
    endloop
  endfacet
  facet normal 0 -1 0
    outer loop
      vertex 437.526 -4 9.95385
      vertex 458.544 -4 10.058
      vertex 437.456 -4 10.058
    endloop
  endfacet
  facet normal 0 -1 0
    outer loop
      vertex 437.526 -4 9.95385
      vertex 458.474 -4 9.95385
      vertex 458.544 -4 10.058
    endloop
  endfacet
  facet normal 0 -1 0
    outer loop
      vertex 437.589 -4 9.84505
      vertex 458.474 -4 9.95385
      vertex 437.526 -4 9.95385
    endloop
  endfacet
  facet normal 0 -1 0
    outer loop
      vertex 437.589 -4 9.84505
      vertex 458.411 -4 9.84505
      vertex 458.474 -4 9.95385
    endloop
  endfacet
  facet normal 0 -1 0
    outer loop
      vertex 437.644 -4 9.73213
      vertex 458.411 -4 9.84505
      vertex 437.589 -4 9.84505
    endloop
  endfacet
  facet normal 0 -1 0
    outer loop
      vertex 437.644 -4 9.73213
      vertex 458.356 -4 9.73213
      vertex 458.411 -4 9.84505
    endloop
  endfacet
  facet normal 0 -1 0
    outer loop
      vertex 437.691 -4 9.61564
      vertex 458.356 -4 9.73213
      vertex 437.644 -4 9.73213
    endloop
  endfacet
  facet normal 0 -1 0
    outer loop
      vertex 437.691 -4 9.61564
      vertex 458.309 -4 9.61564
      vertex 458.356 -4 9.73213
    endloop
  endfacet
  facet normal 0 -1 0
    outer loop
      vertex 437.73 -4 9.49615
      vertex 458.309 -4 9.61564
      vertex 437.691 -4 9.61564
    endloop
  endfacet
  facet normal 0 -1 0
    outer loop
      vertex 437.73 -4 9.49615
      vertex 458.27 -4 9.49615
      vertex 458.309 -4 9.61564
    endloop
  endfacet
  facet normal 0 -1 0
    outer loop
      vertex 437.761 -4 9.37424
      vertex 458.27 -4 9.49615
      vertex 437.73 -4 9.49615
    endloop
  endfacet
  facet normal 0 -1 0
    outer loop
      vertex 437.761 -4 9.37424
      vertex 458.239 -4 9.37424
      vertex 458.27 -4 9.49615
    endloop
  endfacet
  facet normal 0 -1 0
    outer loop
      vertex 437.782 -4 9.25051
      vertex 458.239 -4 9.37424
      vertex 437.761 -4 9.37424
    endloop
  endfacet
  facet normal 0 -1 0
    outer loop
      vertex 437.782 -4 9.25051
      vertex 458.218 -4 9.25051
      vertex 458.239 -4 9.37424
    endloop
  endfacet
  facet normal 0 -1 0
    outer loop
      vertex 437.796 -4 9.12556
      vertex 458.218 -4 9.25051
      vertex 437.782 -4 9.25051
    endloop
  endfacet
  facet normal 0 -1 0
    outer loop
      vertex 437.796 -4 9.12556
      vertex 458.204 -4 9.12556
      vertex 458.218 -4 9.25051
    endloop
  endfacet
  facet normal 0 -1 0
    outer loop
      vertex 437.8 -4 9
      vertex 458.204 -4 9.12556
      vertex 437.796 -4 9.12556
    endloop
  endfacet
  facet normal 0 -1 0
    outer loop
      vertex 437.8 -4 9
      vertex 458.2 -4 9
      vertex 458.204 -4 9.12556
    endloop
  endfacet
  facet normal 0 -1 0
    outer loop
      vertex 437.796 -4 8.87444
      vertex 458.2 -4 9
      vertex 437.8 -4 9
    endloop
  endfacet
  facet normal 0 -1 0
    outer loop
      vertex 437.796 -4 8.87444
      vertex 458.204 -4 8.87444
      vertex 458.2 -4 9
    endloop
  endfacet
  facet normal 0 -1 0
    outer loop
      vertex 437.782 -4 8.74949
      vertex 458.204 -4 8.87444
      vertex 437.796 -4 8.87444
    endloop
  endfacet
  facet normal 0 -1 0
    outer loop
      vertex 437.782 -4 8.74949
      vertex 458.218 -4 8.74949
      vertex 458.204 -4 8.87444
    endloop
  endfacet
  facet normal 0 -1 0
    outer loop
      vertex 437.761 -4 8.62576
      vertex 458.218 -4 8.74949
      vertex 437.782 -4 8.74949
    endloop
  endfacet
  facet normal 0 -1 0
    outer loop
      vertex 437.761 -4 8.62576
      vertex 458.239 -4 8.62576
      vertex 458.218 -4 8.74949
    endloop
  endfacet
  facet normal 0 -1 0
    outer loop
      vertex 437.73 -4 8.50385
      vertex 458.239 -4 8.62576
      vertex 437.761 -4 8.62576
    endloop
  endfacet
  facet normal 0 -1 0
    outer loop
      vertex 437.73 -4 8.50385
      vertex 458.27 -4 8.50385
      vertex 458.239 -4 8.62576
    endloop
  endfacet
  facet normal 0 -1 0
    outer loop
      vertex 437.691 -4 8.38436
      vertex 458.27 -4 8.50385
      vertex 437.73 -4 8.50385
    endloop
  endfacet
  facet normal 0 -1 0
    outer loop
      vertex 437.691 -4 8.38436
      vertex 458.309 -4 8.38436
      vertex 458.27 -4 8.50385
    endloop
  endfacet
  facet normal 0 -1 0
    outer loop
      vertex 437.644 -4 8.26787
      vertex 458.309 -4 8.38436
      vertex 437.691 -4 8.38436
    endloop
  endfacet
  facet normal 0 -1 0
    outer loop
      vertex 437.644 -4 8.26787
      vertex 458.356 -4 8.26787
      vertex 458.309 -4 8.38436
    endloop
  endfacet
  facet normal 0 -1 0
    outer loop
      vertex 437.589 -4 8.15495
      vertex 458.356 -4 8.26787
      vertex 437.644 -4 8.26787
    endloop
  endfacet
  facet normal 0 -1 0
    outer loop
      vertex 437.589 -4 8.15495
      vertex 458.411 -4 8.15495
      vertex 458.356 -4 8.26787
    endloop
  endfacet
  facet normal 0 -1 0
    outer loop
      vertex 437.526 -4 8.04614
      vertex 458.411 -4 8.15495
      vertex 437.589 -4 8.15495
    endloop
  endfacet
  facet normal 0 -1 0
    outer loop
      vertex 437.526 -4 8.04614
      vertex 458.474 -4 8.04614
      vertex 458.411 -4 8.15495
    endloop
  endfacet
  facet normal 0 -1 0
    outer loop
      vertex 437.456 -4 7.94199
      vertex 458.474 -4 8.04614
      vertex 437.526 -4 8.04614
    endloop
  endfacet
  facet normal 0 -1 0
    outer loop
      vertex 437.456 -4 7.94199
      vertex 458.544 -4 7.94199
      vertex 458.474 -4 8.04614
    endloop
  endfacet
  facet normal 0 -1 0
    outer loop
      vertex 437.379 -4 7.84298
      vertex 458.544 -4 7.94199
      vertex 437.456 -4 7.94199
    endloop
  endfacet
  facet normal 0 -1 0
    outer loop
      vertex 437.379 -4 7.84298
      vertex 458.621 -4 7.84298
      vertex 458.544 -4 7.94199
    endloop
  endfacet
  facet normal 0 -1 0
    outer loop
      vertex 437.295 -4 7.74961
      vertex 458.621 -4 7.84298
      vertex 437.379 -4 7.84298
    endloop
  endfacet
  facet normal 0 -1 0
    outer loop
      vertex 437.295 -4 7.74961
      vertex 458.705 -4 7.74961
      vertex 458.621 -4 7.84298
    endloop
  endfacet
  facet normal 0 -1 0
    outer loop
      vertex 437.204 -4 7.66234
      vertex 458.705 -4 7.74961
      vertex 437.295 -4 7.74961
    endloop
  endfacet
  facet normal 0 -1 0
    outer loop
      vertex 437.204 -4 7.66234
      vertex 458.796 -4 7.66234
      vertex 458.705 -4 7.74961
    endloop
  endfacet
  facet normal 0 -1 0
    outer loop
      vertex 437.108 -4 7.58158
      vertex 458.796 -4 7.66234
      vertex 437.204 -4 7.66234
    endloop
  endfacet
  facet normal 0 -1 0
    outer loop
      vertex 437.108 -4 7.58158
      vertex 458.892 -4 7.58158
      vertex 458.796 -4 7.66234
    endloop
  endfacet
  facet normal 0 -1 0
    outer loop
      vertex 437.007 -4 7.50773
      vertex 458.892 -4 7.58158
      vertex 437.108 -4 7.58158
    endloop
  endfacet
  facet normal 0 -1 0
    outer loop
      vertex 437.007 -4 7.50773
      vertex 458.993 -4 7.50773
      vertex 458.892 -4 7.58158
    endloop
  endfacet
  facet normal 0 -1 0
    outer loop
      vertex 436.9 -4 7.44115
      vertex 458.993 -4 7.50773
      vertex 437.007 -4 7.50773
    endloop
  endfacet
  facet normal 0 -1 0
    outer loop
      vertex 436.9 -4 7.44115
      vertex 459.1 -4 7.44115
      vertex 458.993 -4 7.50773
    endloop
  endfacet
  facet normal 0 -1 0
    outer loop
      vertex 436.789 -4 7.38217
      vertex 459.1 -4 7.44115
      vertex 436.9 -4 7.44115
    endloop
  endfacet
  facet normal 0 -1 0
    outer loop
      vertex 436.789 -4 7.38217
      vertex 459.211 -4 7.38217
      vertex 459.1 -4 7.44115
    endloop
  endfacet
  facet normal 0 -1 0
    outer loop
      vertex 436.674 -4 7.33107
      vertex 459.211 -4 7.38217
      vertex 436.789 -4 7.38217
    endloop
  endfacet
  facet normal 0 -1 0
    outer loop
      vertex 436.674 -4 7.33107
      vertex 459.326 -4 7.33107
      vertex 459.211 -4 7.38217
    endloop
  endfacet
  facet normal 0 -1 0
    outer loop
      vertex 436.556 -4 7.2881
      vertex 459.326 -4 7.33107
      vertex 436.674 -4 7.33107
    endloop
  endfacet
  facet normal 0 -1 0
    outer loop
      vertex 436.556 -4 7.2881
      vertex 459.444 -4 7.2881
      vertex 459.326 -4 7.33107
    endloop
  endfacet
  facet normal 0 -1 0
    outer loop
      vertex 470.8 -4 0
      vertex 436.556 -4 7.2881
      vertex 436.435 -4 7.25347
    endloop
  endfacet
  facet normal 0 -1 0
    outer loop
      vertex 436.556 -4 7.2881
      vertex 470.8 -4 0
      vertex 459.444 -4 7.2881
    endloop
  endfacet
  facet normal 0 -1 0
    outer loop
      vertex 470.8 -4 0
      vertex 436.435 -4 7.25347
      vertex 436.313 -4 7.22735
    endloop
  endfacet
  facet normal 0 -1 0
    outer loop
      vertex 459.444 -4 7.2881
      vertex 470.8 -4 0
      vertex 459.565 -4 7.25347
    endloop
  endfacet
  facet normal 0 -1 0
    outer loop
      vertex 470.8 -4 0
      vertex 436.313 -4 7.22735
      vertex 436.188 -4 7.20986
    endloop
  endfacet
  facet normal 0 -1 0
    outer loop
      vertex 459.565 -4 7.25347
      vertex 470.8 -4 0
      vertex 459.687 -4 7.22735
    endloop
  endfacet
  facet normal 0 -1 0
    outer loop
      vertex 470.8 -4 0
      vertex 436.188 -4 7.20986
      vertex 436.063 -4 7.2011
    endloop
  endfacet
  facet normal 0 -1 0
    outer loop
      vertex 459.687 -4 7.22735
      vertex 470.8 -4 0
      vertex 459.812 -4 7.20986
    endloop
  endfacet
  facet normal 0 -1 0
    outer loop
      vertex 322.313 -4 10.7727
      vertex 318.543 -4 15
      vertex 322.188 -4 10.7901
    endloop
  endfacet
  facet normal 0 -1 0
    outer loop
      vertex 318.543 -4 15
      vertex 435.812 -4 10.7901
      vertex 435.937 -4 10.7989
    endloop
  endfacet
  facet normal 0 -1 0
    outer loop
      vertex 322.435 -4 10.7465
      vertex 318.543 -4 15
      vertex 322.313 -4 10.7727
    endloop
  endfacet
  facet normal 0 -1 0
    outer loop
      vertex 318.543 -4 15
      vertex 435.687 -4 10.7727
      vertex 435.812 -4 10.7901
    endloop
  endfacet
  facet normal 0 -1 0
    outer loop
      vertex 322.556 -4 10.7119
      vertex 318.543 -4 15
      vertex 322.435 -4 10.7465
    endloop
  endfacet
  facet normal 0 -1 0
    outer loop
      vertex 318.543 -4 15
      vertex 435.565 -4 10.7465
      vertex 435.687 -4 10.7727
    endloop
  endfacet
  facet normal 0 -1 0
    outer loop
      vertex 322.674 -4 10.6689
      vertex 318.543 -4 15
      vertex 322.556 -4 10.7119
    endloop
  endfacet
  facet normal 0 -1 0
    outer loop
      vertex 318.543 -4 15
      vertex 435.444 -4 10.7119
      vertex 435.565 -4 10.7465
    endloop
  endfacet
  facet normal 0 -1 0
    outer loop
      vertex 322.789 -4 10.6178
      vertex 318.543 -4 15
      vertex 322.674 -4 10.6689
    endloop
  endfacet
  facet normal 0 -1 0
    outer loop
      vertex 318.543 -4 15
      vertex 435.326 -4 10.6689
      vertex 435.444 -4 10.7119
    endloop
  endfacet
  facet normal 0 -1 0
    outer loop
      vertex 322.9 -4 10.5588
      vertex 318.543 -4 15
      vertex 322.789 -4 10.6178
    endloop
  endfacet
  facet normal 0 -1 0
    outer loop
      vertex 318.543 -4 15
      vertex 435.211 -4 10.6178
      vertex 435.326 -4 10.6689
    endloop
  endfacet
  facet normal 0 -1 0
    outer loop
      vertex 323.007 -4 10.4923
      vertex 318.543 -4 15
      vertex 322.9 -4 10.5588
    endloop
  endfacet
  facet normal 0 -1 0
    outer loop
      vertex 318.543 -4 15
      vertex 435.1 -4 10.5588
      vertex 435.211 -4 10.6178
    endloop
  endfacet
  facet normal 0 -1 0
    outer loop
      vertex 323.108 -4 10.4184
      vertex 318.543 -4 15
      vertex 323.007 -4 10.4923
    endloop
  endfacet
  facet normal 0 -1 0
    outer loop
      vertex 318.543 -4 15
      vertex 434.993 -4 10.4923
      vertex 435.1 -4 10.5588
    endloop
  endfacet
  facet normal 0 -1 0
    outer loop
      vertex 323.204 -4 10.3377
      vertex 318.543 -4 15
      vertex 323.108 -4 10.4184
    endloop
  endfacet
  facet normal 0 -1 0
    outer loop
      vertex 318.543 -4 15
      vertex 434.892 -4 10.4184
      vertex 434.993 -4 10.4923
    endloop
  endfacet
  facet normal 0 -1 0
    outer loop
      vertex 434.796 -4 10.3377
      vertex 318.543 -4 15
      vertex 323.204 -4 10.3377
    endloop
  endfacet
  facet normal 0 -1 0
    outer loop
      vertex 318.543 -4 15
      vertex 434.796 -4 10.3377
      vertex 434.892 -4 10.4184
    endloop
  endfacet
  facet normal 0 -1 0
    outer loop
      vertex 323.295 -4 10.2504
      vertex 434.796 -4 10.3377
      vertex 323.204 -4 10.3377
    endloop
  endfacet
  facet normal 0 -1 0
    outer loop
      vertex 323.295 -4 10.2504
      vertex 434.705 -4 10.2504
      vertex 434.796 -4 10.3377
    endloop
  endfacet
  facet normal 0 -1 0
    outer loop
      vertex 323.379 -4 10.157
      vertex 434.705 -4 10.2504
      vertex 323.295 -4 10.2504
    endloop
  endfacet
  facet normal 0 -1 0
    outer loop
      vertex 323.379 -4 10.157
      vertex 434.621 -4 10.157
      vertex 434.705 -4 10.2504
    endloop
  endfacet
  facet normal 0 -1 0
    outer loop
      vertex 323.456 -4 10.058
      vertex 434.621 -4 10.157
      vertex 323.379 -4 10.157
    endloop
  endfacet
  facet normal 0 -1 0
    outer loop
      vertex 323.456 -4 10.058
      vertex 434.544 -4 10.058
      vertex 434.621 -4 10.157
    endloop
  endfacet
  facet normal 0 -1 0
    outer loop
      vertex 323.526 -4 9.95385
      vertex 434.544 -4 10.058
      vertex 323.456 -4 10.058
    endloop
  endfacet
  facet normal 0 -1 0
    outer loop
      vertex 323.526 -4 9.95385
      vertex 434.474 -4 9.95385
      vertex 434.544 -4 10.058
    endloop
  endfacet
  facet normal 0 -1 0
    outer loop
      vertex 323.589 -4 9.84505
      vertex 434.474 -4 9.95385
      vertex 323.526 -4 9.95385
    endloop
  endfacet
  facet normal 0 -1 0
    outer loop
      vertex 323.589 -4 9.84505
      vertex 434.411 -4 9.84505
      vertex 434.474 -4 9.95385
    endloop
  endfacet
  facet normal 0 -1 0
    outer loop
      vertex 323.644 -4 9.73213
      vertex 434.411 -4 9.84505
      vertex 323.589 -4 9.84505
    endloop
  endfacet
  facet normal 0 -1 0
    outer loop
      vertex 323.644 -4 9.73213
      vertex 434.356 -4 9.73213
      vertex 434.411 -4 9.84505
    endloop
  endfacet
  facet normal 0 -1 0
    outer loop
      vertex 323.691 -4 9.61564
      vertex 434.356 -4 9.73213
      vertex 323.644 -4 9.73213
    endloop
  endfacet
  facet normal 0 -1 0
    outer loop
      vertex 323.691 -4 9.61564
      vertex 434.309 -4 9.61564
      vertex 434.356 -4 9.73213
    endloop
  endfacet
  facet normal 0 -1 0
    outer loop
      vertex 323.73 -4 9.49615
      vertex 434.309 -4 9.61564
      vertex 323.691 -4 9.61564
    endloop
  endfacet
  facet normal 0 -1 0
    outer loop
      vertex 323.73 -4 9.49615
      vertex 434.27 -4 9.49615
      vertex 434.309 -4 9.61564
    endloop
  endfacet
  facet normal 0 -1 0
    outer loop
      vertex 323.761 -4 9.37424
      vertex 434.27 -4 9.49615
      vertex 323.73 -4 9.49615
    endloop
  endfacet
  facet normal 0 -1 0
    outer loop
      vertex 323.761 -4 9.37424
      vertex 434.239 -4 9.37424
      vertex 434.27 -4 9.49615
    endloop
  endfacet
  facet normal 0 -1 0
    outer loop
      vertex 323.782 -4 9.25051
      vertex 434.239 -4 9.37424
      vertex 323.761 -4 9.37424
    endloop
  endfacet
  facet normal 0 -1 0
    outer loop
      vertex 323.782 -4 9.25051
      vertex 434.218 -4 9.25051
      vertex 434.239 -4 9.37424
    endloop
  endfacet
  facet normal 0 -1 0
    outer loop
      vertex 323.796 -4 9.12556
      vertex 434.218 -4 9.25051
      vertex 323.782 -4 9.25051
    endloop
  endfacet
  facet normal 0 -1 0
    outer loop
      vertex 323.796 -4 9.12556
      vertex 434.204 -4 9.12556
      vertex 434.218 -4 9.25051
    endloop
  endfacet
  facet normal 0 -1 0
    outer loop
      vertex 323.8 -4 9
      vertex 434.204 -4 9.12556
      vertex 323.796 -4 9.12556
    endloop
  endfacet
  facet normal 0 -1 0
    outer loop
      vertex 323.8 -4 9
      vertex 434.2 -4 9
      vertex 434.204 -4 9.12556
    endloop
  endfacet
  facet normal 0 -1 0
    outer loop
      vertex 323.796 -4 8.87444
      vertex 434.2 -4 9
      vertex 323.8 -4 9
    endloop
  endfacet
  facet normal 0 -1 0
    outer loop
      vertex 323.796 -4 8.87444
      vertex 434.204 -4 8.87444
      vertex 434.2 -4 9
    endloop
  endfacet
  facet normal 0 -1 0
    outer loop
      vertex 323.782 -4 8.74949
      vertex 434.204 -4 8.87444
      vertex 323.796 -4 8.87444
    endloop
  endfacet
  facet normal 0 -1 0
    outer loop
      vertex 323.782 -4 8.74949
      vertex 434.218 -4 8.74949
      vertex 434.204 -4 8.87444
    endloop
  endfacet
  facet normal 0 -1 0
    outer loop
      vertex 323.761 -4 8.62576
      vertex 434.218 -4 8.74949
      vertex 323.782 -4 8.74949
    endloop
  endfacet
  facet normal 0 -1 0
    outer loop
      vertex 323.761 -4 8.62576
      vertex 434.239 -4 8.62576
      vertex 434.218 -4 8.74949
    endloop
  endfacet
  facet normal 0 -1 0
    outer loop
      vertex 323.73 -4 8.50385
      vertex 434.239 -4 8.62576
      vertex 323.761 -4 8.62576
    endloop
  endfacet
  facet normal 0 -1 0
    outer loop
      vertex 323.73 -4 8.50385
      vertex 434.27 -4 8.50385
      vertex 434.239 -4 8.62576
    endloop
  endfacet
  facet normal 0 -1 0
    outer loop
      vertex 323.691 -4 8.38436
      vertex 434.27 -4 8.50385
      vertex 323.73 -4 8.50385
    endloop
  endfacet
  facet normal 0 -1 0
    outer loop
      vertex 323.691 -4 8.38436
      vertex 434.309 -4 8.38436
      vertex 434.27 -4 8.50385
    endloop
  endfacet
  facet normal 0 -1 0
    outer loop
      vertex 323.644 -4 8.26787
      vertex 434.309 -4 8.38436
      vertex 323.691 -4 8.38436
    endloop
  endfacet
  facet normal 0 -1 0
    outer loop
      vertex 323.644 -4 8.26787
      vertex 434.356 -4 8.26787
      vertex 434.309 -4 8.38436
    endloop
  endfacet
  facet normal 0 -1 0
    outer loop
      vertex 323.589 -4 8.15495
      vertex 434.356 -4 8.26787
      vertex 323.644 -4 8.26787
    endloop
  endfacet
  facet normal 0 -1 0
    outer loop
      vertex 323.589 -4 8.15495
      vertex 434.411 -4 8.15495
      vertex 434.356 -4 8.26787
    endloop
  endfacet
  facet normal 0 -1 0
    outer loop
      vertex 323.526 -4 8.04614
      vertex 434.411 -4 8.15495
      vertex 323.589 -4 8.15495
    endloop
  endfacet
  facet normal 0 -1 0
    outer loop
      vertex 323.526 -4 8.04614
      vertex 434.474 -4 8.04614
      vertex 434.411 -4 8.15495
    endloop
  endfacet
  facet normal 0 -1 0
    outer loop
      vertex 323.456 -4 7.94199
      vertex 434.474 -4 8.04614
      vertex 323.526 -4 8.04614
    endloop
  endfacet
  facet normal 0 -1 0
    outer loop
      vertex 323.456 -4 7.94199
      vertex 434.544 -4 7.94199
      vertex 434.474 -4 8.04614
    endloop
  endfacet
  facet normal 0 -1 0
    outer loop
      vertex 323.379 -4 7.84298
      vertex 434.544 -4 7.94199
      vertex 323.456 -4 7.94199
    endloop
  endfacet
  facet normal 0 -1 0
    outer loop
      vertex 323.379 -4 7.84298
      vertex 434.621 -4 7.84298
      vertex 434.544 -4 7.94199
    endloop
  endfacet
  facet normal 0 -1 0
    outer loop
      vertex 323.295 -4 7.74961
      vertex 434.621 -4 7.84298
      vertex 323.379 -4 7.84298
    endloop
  endfacet
  facet normal 0 -1 0
    outer loop
      vertex 323.295 -4 7.74961
      vertex 434.705 -4 7.74961
      vertex 434.621 -4 7.84298
    endloop
  endfacet
  facet normal 0 -1 0
    outer loop
      vertex 323.204 -4 7.66234
      vertex 434.705 -4 7.74961
      vertex 323.295 -4 7.74961
    endloop
  endfacet
  facet normal 0 -1 0
    outer loop
      vertex 323.204 -4 7.66234
      vertex 434.796 -4 7.66234
      vertex 434.705 -4 7.74961
    endloop
  endfacet
  facet normal 0 -1 0
    outer loop
      vertex 318.543 -4 3.01
      vertex 323.204 -4 7.66234
      vertex 323.108 -4 7.58158
    endloop
  endfacet
  facet normal 0 -1 -0
    outer loop
      vertex 323.204 -4 7.66234
      vertex 318.543 -4 3.01
      vertex 434.796 -4 7.66234
    endloop
  endfacet
  facet normal 0 -1 0
    outer loop
      vertex 318.543 -4 3.01
      vertex 323.108 -4 7.58158
      vertex 323.007 -4 7.50773
    endloop
  endfacet
  facet normal 0 -1 -0
    outer loop
      vertex 434.796 -4 7.66234
      vertex 318.543 -4 3.01
      vertex 434.892 -4 7.58158
    endloop
  endfacet
  facet normal 0 -1 0
    outer loop
      vertex 318.543 -4 3.01
      vertex 323.007 -4 7.50773
      vertex 322.9 -4 7.44115
    endloop
  endfacet
  facet normal 0 -1 -0
    outer loop
      vertex 434.892 -4 7.58158
      vertex 318.543 -4 3.01
      vertex 434.993 -4 7.50773
    endloop
  endfacet
  facet normal 0 -1 0
    outer loop
      vertex 318.543 -4 3.01
      vertex 322.9 -4 7.44115
      vertex 322.789 -4 7.38217
    endloop
  endfacet
  facet normal 0 -1 -0
    outer loop
      vertex 434.993 -4 7.50773
      vertex 318.543 -4 3.01
      vertex 435.1 -4 7.44115
    endloop
  endfacet
  facet normal 0 -1 0
    outer loop
      vertex 318.543 -4 3.01
      vertex 322.789 -4 7.38217
      vertex 322.674 -4 7.33107
    endloop
  endfacet
  facet normal 0 -1 0
    outer loop
      vertex 314.533 -4 0
      vertex 435.1 -4 7.44115
      vertex 318.543 -4 3.01
    endloop
  endfacet
  facet normal 0 -1 0
    outer loop
      vertex 318.543 -4 3.01
      vertex 322.674 -4 7.33107
      vertex 322.556 -4 7.2881
    endloop
  endfacet
  facet normal 0 -1 -0
    outer loop
      vertex 435.1 -4 7.44115
      vertex 314.533 -4 0
      vertex 435.211 -4 7.38217
    endloop
  endfacet
  facet normal 0 -1 0
    outer loop
      vertex 318.543 -4 3.01
      vertex 322.556 -4 7.2881
      vertex 322.435 -4 7.25347
    endloop
  endfacet
  facet normal 0 -1 -0
    outer loop
      vertex 435.211 -4 7.38217
      vertex 314.533 -4 0
      vertex 435.326 -4 7.33107
    endloop
  endfacet
  facet normal 0 -1 0
    outer loop
      vertex 318.543 -4 3.01
      vertex 322.435 -4 7.25347
      vertex 322.313 -4 7.22735
    endloop
  endfacet
  facet normal 0 -1 -0
    outer loop
      vertex 435.326 -4 7.33107
      vertex 314.533 -4 0
      vertex 435.444 -4 7.2881
    endloop
  endfacet
  facet normal 0 -1 0
    outer loop
      vertex 318.543 -4 3.01
      vertex 322.313 -4 7.22735
      vertex 322.188 -4 7.20986
    endloop
  endfacet
  facet normal 0 -1 -0
    outer loop
      vertex 435.444 -4 7.2881
      vertex 314.533 -4 0
      vertex 435.565 -4 7.25347
    endloop
  endfacet
  facet normal 0 -1 0
    outer loop
      vertex 318.543 -4 3.01
      vertex 322.188 -4 7.20986
      vertex 322.063 -4 7.2011
    endloop
  endfacet
  facet normal 0 -1 -0
    outer loop
      vertex 435.565 -4 7.25347
      vertex 314.533 -4 0
      vertex 435.687 -4 7.22735
    endloop
  endfacet
  facet normal 0 -1 0
    outer loop
      vertex 322.063 -4 10.7989
      vertex 318.543 -4 15
      vertex 321.937 -4 10.7989
    endloop
  endfacet
  facet normal 0 -1 0
    outer loop
      vertex 318.543 -4 15
      vertex 321.812 -4 10.7901
      vertex 321.937 -4 10.7989
    endloop
  endfacet
  facet normal 0 -1 0
    outer loop
      vertex 318.543 -4 15
      vertex 321.687 -4 10.7727
      vertex 321.812 -4 10.7901
    endloop
  endfacet
  facet normal 0 -1 0
    outer loop
      vertex 318.543 -4 15
      vertex 321.565 -4 10.7465
      vertex 321.687 -4 10.7727
    endloop
  endfacet
  facet normal 0 -1 0
    outer loop
      vertex 318.543 -4 15
      vertex 321.444 -4 10.7119
      vertex 321.565 -4 10.7465
    endloop
  endfacet
  facet normal 0 -1 0
    outer loop
      vertex 318.543 -4 15
      vertex 321.326 -4 10.6689
      vertex 321.444 -4 10.7119
    endloop
  endfacet
  facet normal 0 -1 0
    outer loop
      vertex 318.543 -4 15
      vertex 321.211 -4 10.6178
      vertex 321.326 -4 10.6689
    endloop
  endfacet
  facet normal 0 -1 0
    outer loop
      vertex 318.543 -4 15
      vertex 321.1 -4 10.5588
      vertex 321.211 -4 10.6178
    endloop
  endfacet
  facet normal 0 -1 0
    outer loop
      vertex 318.543 -4 15
      vertex 320.993 -4 10.4923
      vertex 321.1 -4 10.5588
    endloop
  endfacet
  facet normal 0 -1 0
    outer loop
      vertex 318.543 -4 15
      vertex 320.892 -4 10.4184
      vertex 320.993 -4 10.4923
    endloop
  endfacet
  facet normal 0 -1 0
    outer loop
      vertex 318.543 -4 15
      vertex 320.796 -4 10.3377
      vertex 320.892 -4 10.4184
    endloop
  endfacet
  facet normal 0 -1 0
    outer loop
      vertex 318.543 -4 15
      vertex 320.705 -4 10.2504
      vertex 320.796 -4 10.3377
    endloop
  endfacet
  facet normal 0 -1 0
    outer loop
      vertex 318.543 -4 15
      vertex 320.621 -4 10.157
      vertex 320.705 -4 10.2504
    endloop
  endfacet
  facet normal 0 -1 0
    outer loop
      vertex 318.543 -4 15
      vertex 320.544 -4 10.058
      vertex 320.621 -4 10.157
    endloop
  endfacet
  facet normal 0 -1 0
    outer loop
      vertex 318.543 -4 15
      vertex 320.474 -4 9.95385
      vertex 320.544 -4 10.058
    endloop
  endfacet
  facet normal 0 -1 0
    outer loop
      vertex 318.543 -4 15
      vertex 320.411 -4 9.84505
      vertex 320.474 -4 9.95385
    endloop
  endfacet
  facet normal 0 -1 0
    outer loop
      vertex 318.543 -4 15
      vertex 320.356 -4 9.73213
      vertex 320.411 -4 9.84505
    endloop
  endfacet
  facet normal 0 -1 0
    outer loop
      vertex 318.543 -4 15
      vertex 320.309 -4 9.61564
      vertex 320.356 -4 9.73213
    endloop
  endfacet
  facet normal 0 -1 0
    outer loop
      vertex 318.543 -4 15
      vertex 320.27 -4 9.49615
      vertex 320.309 -4 9.61564
    endloop
  endfacet
  facet normal 0 -1 0
    outer loop
      vertex 318.543 -4 15
      vertex 320.239 -4 9.37424
      vertex 320.27 -4 9.49615
    endloop
  endfacet
  facet normal 0 -1 0
    outer loop
      vertex 318.543 -4 15
      vertex 320.218 -4 9.25051
      vertex 320.239 -4 9.37424
    endloop
  endfacet
  facet normal 0 -1 0
    outer loop
      vertex 318.543 -4 15
      vertex 320.204 -4 9.12556
      vertex 320.218 -4 9.25051
    endloop
  endfacet
  facet normal 0 -1 0
    outer loop
      vertex 318.543 -4 15
      vertex 320.2 -4 9
      vertex 320.204 -4 9.12556
    endloop
  endfacet
  facet normal 0 -1 0
    outer loop
      vertex 318.543 -4 3.01
      vertex 320.2 -4 9
      vertex 318.543 -4 15
    endloop
  endfacet
  facet normal 0 -1 -0
    outer loop
      vertex 320.2 -4 9
      vertex 318.543 -4 3.01
      vertex 320.204 -4 8.87444
    endloop
  endfacet
  facet normal 0 -1 -0
    outer loop
      vertex 320.204 -4 8.87444
      vertex 318.543 -4 3.01
      vertex 320.218 -4 8.74949
    endloop
  endfacet
  facet normal 0 -1 -0
    outer loop
      vertex 320.218 -4 8.74949
      vertex 318.543 -4 3.01
      vertex 320.239 -4 8.62576
    endloop
  endfacet
  facet normal 0 -1 0
    outer loop
      vertex 318.543 -4 3.01
      vertex 322.063 -4 7.2011
      vertex 321.937 -4 7.2011
    endloop
  endfacet
  facet normal 0 -1 -0
    outer loop
      vertex 435.687 -4 7.22735
      vertex 314.533 -4 0
      vertex 435.812 -4 7.20986
    endloop
  endfacet
  facet normal 0 -1 0
    outer loop
      vertex 470.8 -4 0
      vertex 435.812 -4 7.20986
      vertex 314.533 -4 0
    endloop
  endfacet
  facet normal 0 -1 0
    outer loop
      vertex 435.812 -4 7.20986
      vertex 470.8 -4 0
      vertex 435.937 -4 7.2011
    endloop
  endfacet
  facet normal 0 -1 0
    outer loop
      vertex 435.937 -4 7.2011
      vertex 470.8 -4 0
      vertex 436.063 -4 7.2011
    endloop
  endfacet
  facet normal 0 -1 -0
    outer loop
      vertex 321.812 -4 7.20986
      vertex 318.543 -4 3.01
      vertex 321.937 -4 7.2011
    endloop
  endfacet
  facet normal 0 -1 -0
    outer loop
      vertex 321.687 -4 7.22735
      vertex 318.543 -4 3.01
      vertex 321.812 -4 7.20986
    endloop
  endfacet
  facet normal 0 -1 -0
    outer loop
      vertex 321.565 -4 7.25347
      vertex 318.543 -4 3.01
      vertex 321.687 -4 7.22735
    endloop
  endfacet
  facet normal 0 -1 -0
    outer loop
      vertex 321.444 -4 7.2881
      vertex 318.543 -4 3.01
      vertex 321.565 -4 7.25347
    endloop
  endfacet
  facet normal 0 -1 -0
    outer loop
      vertex 321.326 -4 7.33107
      vertex 318.543 -4 3.01
      vertex 321.444 -4 7.2881
    endloop
  endfacet
  facet normal 0 -1 -0
    outer loop
      vertex 321.211 -4 7.38217
      vertex 318.543 -4 3.01
      vertex 321.326 -4 7.33107
    endloop
  endfacet
  facet normal 0 -1 -0
    outer loop
      vertex 321.1 -4 7.44115
      vertex 318.543 -4 3.01
      vertex 321.211 -4 7.38217
    endloop
  endfacet
  facet normal 0 -1 -0
    outer loop
      vertex 320.993 -4 7.50773
      vertex 318.543 -4 3.01
      vertex 321.1 -4 7.44115
    endloop
  endfacet
  facet normal 0 -1 -0
    outer loop
      vertex 320.892 -4 7.58158
      vertex 318.543 -4 3.01
      vertex 320.993 -4 7.50773
    endloop
  endfacet
  facet normal 0 -1 -0
    outer loop
      vertex 320.796 -4 7.66234
      vertex 318.543 -4 3.01
      vertex 320.892 -4 7.58158
    endloop
  endfacet
  facet normal 0 -1 -0
    outer loop
      vertex 320.705 -4 7.74961
      vertex 318.543 -4 3.01
      vertex 320.796 -4 7.66234
    endloop
  endfacet
  facet normal 0 -1 -0
    outer loop
      vertex 320.621 -4 7.84298
      vertex 318.543 -4 3.01
      vertex 320.705 -4 7.74961
    endloop
  endfacet
  facet normal 0 -1 -0
    outer loop
      vertex 320.544 -4 7.94199
      vertex 318.543 -4 3.01
      vertex 320.621 -4 7.84298
    endloop
  endfacet
  facet normal 0 -1 -0
    outer loop
      vertex 320.474 -4 8.04614
      vertex 318.543 -4 3.01
      vertex 320.544 -4 7.94199
    endloop
  endfacet
  facet normal 0 -1 -0
    outer loop
      vertex 320.411 -4 8.15495
      vertex 318.543 -4 3.01
      vertex 320.474 -4 8.04614
    endloop
  endfacet
  facet normal 0 -1 -0
    outer loop
      vertex 320.356 -4 8.26787
      vertex 318.543 -4 3.01
      vertex 320.411 -4 8.15495
    endloop
  endfacet
  facet normal 0 -1 -0
    outer loop
      vertex 320.309 -4 8.38436
      vertex 318.543 -4 3.01
      vertex 320.356 -4 8.26787
    endloop
  endfacet
  facet normal 0 -1 -0
    outer loop
      vertex 320.27 -4 8.50385
      vertex 318.543 -4 3.01
      vertex 320.309 -4 8.38436
    endloop
  endfacet
  facet normal 0 -1 -0
    outer loop
      vertex 320.239 -4 8.62576
      vertex 318.543 -4 3.01
      vertex 320.27 -4 8.50385
    endloop
  endfacet
  facet normal 0 -1 0
    outer loop
      vertex 322.188 -4 10.7901
      vertex 318.543 -4 15
      vertex 322.063 -4 10.7989
    endloop
  endfacet
  facet normal 0 -1 0
    outer loop
      vertex 318.543 -4 15
      vertex 435.937 -4 10.7989
      vertex 470.8 -4 15
    endloop
  endfacet
  facet normal 0 -1 0
    outer loop
      vertex 436.063 -4 10.7989
      vertex 470.8 -4 15
      vertex 435.937 -4 10.7989
    endloop
  endfacet
  facet normal 0 -1 0
    outer loop
      vertex 436.188 -4 10.7901
      vertex 470.8 -4 15
      vertex 436.063 -4 10.7989
    endloop
  endfacet
  facet normal 0 -1 0
    outer loop
      vertex 460.063 -4 10.7989
      vertex 470.8 -4 15
      vertex 459.937 -4 10.7989
    endloop
  endfacet
  facet normal 0 -1 0
    outer loop
      vertex 460.188 -4 10.7901
      vertex 470.8 -4 15
      vertex 460.063 -4 10.7989
    endloop
  endfacet
  facet normal 0 -1 0
    outer loop
      vertex 460.313 -4 10.7727
      vertex 470.8 -4 15
      vertex 460.188 -4 10.7901
    endloop
  endfacet
  facet normal 0 -1 0
    outer loop
      vertex 460.435 -4 10.7465
      vertex 470.8 -4 15
      vertex 460.313 -4 10.7727
    endloop
  endfacet
  facet normal 0 -1 0
    outer loop
      vertex 460.556 -4 10.7119
      vertex 470.8 -4 15
      vertex 460.435 -4 10.7465
    endloop
  endfacet
  facet normal 0 -1 0
    outer loop
      vertex 460.674 -4 10.6689
      vertex 470.8 -4 15
      vertex 460.556 -4 10.7119
    endloop
  endfacet
  facet normal 0 -1 0
    outer loop
      vertex 460.789 -4 10.6178
      vertex 470.8 -4 15
      vertex 460.674 -4 10.6689
    endloop
  endfacet
  facet normal 0 -1 0
    outer loop
      vertex 460.9 -4 10.5588
      vertex 470.8 -4 15
      vertex 460.789 -4 10.6178
    endloop
  endfacet
  facet normal 0 -1 0
    outer loop
      vertex 461.007 -4 10.4923
      vertex 470.8 -4 15
      vertex 460.9 -4 10.5588
    endloop
  endfacet
  facet normal 0 -1 0
    outer loop
      vertex 461.108 -4 10.4184
      vertex 470.8 -4 15
      vertex 461.007 -4 10.4923
    endloop
  endfacet
  facet normal 0 -1 0
    outer loop
      vertex 461.204 -4 10.3377
      vertex 470.8 -4 15
      vertex 461.108 -4 10.4184
    endloop
  endfacet
  facet normal 0 -1 0
    outer loop
      vertex 461.295 -4 10.2504
      vertex 470.8 -4 15
      vertex 461.204 -4 10.3377
    endloop
  endfacet
  facet normal 0 -1 0
    outer loop
      vertex 461.379 -4 10.157
      vertex 470.8 -4 15
      vertex 461.295 -4 10.2504
    endloop
  endfacet
  facet normal 0 -1 0
    outer loop
      vertex 461.456 -4 10.058
      vertex 470.8 -4 15
      vertex 461.379 -4 10.157
    endloop
  endfacet
  facet normal 0 -1 0
    outer loop
      vertex 461.526 -4 9.95385
      vertex 470.8 -4 15
      vertex 461.456 -4 10.058
    endloop
  endfacet
  facet normal 0 -1 0
    outer loop
      vertex 461.589 -4 9.84505
      vertex 470.8 -4 15
      vertex 461.526 -4 9.95385
    endloop
  endfacet
  facet normal 0 -1 0
    outer loop
      vertex 461.644 -4 9.73213
      vertex 470.8 -4 15
      vertex 461.589 -4 9.84505
    endloop
  endfacet
  facet normal 0 -1 0
    outer loop
      vertex 461.691 -4 9.61564
      vertex 470.8 -4 15
      vertex 461.644 -4 9.73213
    endloop
  endfacet
  facet normal 0 -1 0
    outer loop
      vertex 461.73 -4 9.49615
      vertex 470.8 -4 15
      vertex 461.691 -4 9.61564
    endloop
  endfacet
  facet normal 0 -1 0
    outer loop
      vertex 461.761 -4 9.37424
      vertex 470.8 -4 15
      vertex 461.73 -4 9.49615
    endloop
  endfacet
  facet normal 0 -1 0
    outer loop
      vertex 461.782 -4 9.25051
      vertex 470.8 -4 15
      vertex 461.761 -4 9.37424
    endloop
  endfacet
  facet normal 0 -1 0
    outer loop
      vertex 461.796 -4 9.12556
      vertex 470.8 -4 15
      vertex 461.782 -4 9.25051
    endloop
  endfacet
  facet normal 0 -1 0
    outer loop
      vertex 461.8 -4 9
      vertex 470.8 -4 15
      vertex 461.796 -4 9.12556
    endloop
  endfacet
  facet normal 0 -1 0
    outer loop
      vertex 461.796 -4 8.87444
      vertex 470.8 -4 15
      vertex 461.8 -4 9
    endloop
  endfacet
  facet normal 0 -1 0
    outer loop
      vertex 461.782 -4 8.74949
      vertex 470.8 -4 15
      vertex 461.796 -4 8.87444
    endloop
  endfacet
  facet normal 0 -1 0
    outer loop
      vertex 470.8 -4 0
      vertex 461.782 -4 8.74949
      vertex 461.761 -4 8.62576
    endloop
  endfacet
  facet normal 0 -1 0
    outer loop
      vertex 470.8 -4 0
      vertex 461.761 -4 8.62576
      vertex 461.73 -4 8.50385
    endloop
  endfacet
  facet normal 0 -1 0
    outer loop
      vertex 470.8 -4 0
      vertex 461.73 -4 8.50385
      vertex 461.691 -4 8.38436
    endloop
  endfacet
  facet normal 0 -1 0
    outer loop
      vertex 470.8 -4 0
      vertex 461.691 -4 8.38436
      vertex 461.644 -4 8.26787
    endloop
  endfacet
  facet normal 0 -1 0
    outer loop
      vertex 470.8 -4 0
      vertex 461.644 -4 8.26787
      vertex 461.589 -4 8.15495
    endloop
  endfacet
  facet normal 0 -1 0
    outer loop
      vertex 470.8 -4 0
      vertex 461.589 -4 8.15495
      vertex 461.526 -4 8.04614
    endloop
  endfacet
  facet normal 0 -1 0
    outer loop
      vertex 470.8 -4 0
      vertex 461.526 -4 8.04614
      vertex 461.456 -4 7.94199
    endloop
  endfacet
  facet normal 0 -1 0
    outer loop
      vertex 470.8 -4 0
      vertex 461.456 -4 7.94199
      vertex 461.379 -4 7.84298
    endloop
  endfacet
  facet normal 0 -1 0
    outer loop
      vertex 470.8 -4 0
      vertex 461.379 -4 7.84298
      vertex 461.295 -4 7.74961
    endloop
  endfacet
  facet normal 0 -1 0
    outer loop
      vertex 470.8 -4 0
      vertex 461.295 -4 7.74961
      vertex 461.204 -4 7.66234
    endloop
  endfacet
  facet normal 0 -1 0
    outer loop
      vertex 470.8 -4 0
      vertex 461.204 -4 7.66234
      vertex 461.108 -4 7.58158
    endloop
  endfacet
  facet normal 0 -1 0
    outer loop
      vertex 459.812 -4 7.20986
      vertex 470.8 -4 0
      vertex 459.937 -4 7.2011
    endloop
  endfacet
  facet normal 0 -1 0
    outer loop
      vertex 461.782 -4 8.74949
      vertex 470.8 -4 0
      vertex 470.8 -4 15
    endloop
  endfacet
  facet normal 0 -1 0
    outer loop
      vertex 461.007 -4 7.50773
      vertex 470.8 -4 0
      vertex 461.108 -4 7.58158
    endloop
  endfacet
  facet normal 0 -1 0
    outer loop
      vertex 460.9 -4 7.44115
      vertex 470.8 -4 0
      vertex 461.007 -4 7.50773
    endloop
  endfacet
  facet normal 0 -1 0
    outer loop
      vertex 460.789 -4 7.38217
      vertex 470.8 -4 0
      vertex 460.9 -4 7.44115
    endloop
  endfacet
  facet normal 0 -1 0
    outer loop
      vertex 460.674 -4 7.33107
      vertex 470.8 -4 0
      vertex 460.789 -4 7.38217
    endloop
  endfacet
  facet normal 0 -1 0
    outer loop
      vertex 460.556 -4 7.2881
      vertex 470.8 -4 0
      vertex 460.674 -4 7.33107
    endloop
  endfacet
  facet normal 0 -1 0
    outer loop
      vertex 460.435 -4 7.25347
      vertex 470.8 -4 0
      vertex 460.556 -4 7.2881
    endloop
  endfacet
  facet normal 0 -1 0
    outer loop
      vertex 460.313 -4 7.22735
      vertex 470.8 -4 0
      vertex 460.435 -4 7.25347
    endloop
  endfacet
  facet normal 0 -1 0
    outer loop
      vertex 460.188 -4 7.20986
      vertex 470.8 -4 0
      vertex 460.313 -4 7.22735
    endloop
  endfacet
  facet normal 0 -1 0
    outer loop
      vertex 460.063 -4 7.2011
      vertex 470.8 -4 0
      vertex 460.188 -4 7.20986
    endloop
  endfacet
  facet normal 0 -1 0
    outer loop
      vertex 459.937 -4 7.2011
      vertex 470.8 -4 0
      vertex 460.063 -4 7.2011
    endloop
  endfacet
  facet normal -1 0 0
    outer loop
      vertex 470.8 153.1 3
      vertex 470.8 149.1 3.01
      vertex 470.8 153.1 3.01
    endloop
  endfacet
  facet normal -1 0 0
    outer loop
      vertex 470.8 -0.999999 3
      vertex 470.8 149.1 3.01
      vertex 470.8 153.1 3
    endloop
  endfacet
  facet normal -1 0 0
    outer loop
      vertex 470.8 -0.999999 3
      vertex 470.8 149.1 15
      vertex 470.8 149.1 3.01
    endloop
  endfacet
  facet normal -1 -0 0
    outer loop
      vertex 470.8 149.1 15
      vertex 470.8 -0.999999 3
      vertex 470.8 -0.999999 15
    endloop
  endfacet
  facet normal 0 1 -0
    outer loop
      vertex 435.687 -0.999999 10.7727
      vertex 318.543 -0.999999 15
      vertex 435.812 -0.999999 10.7901
    endloop
  endfacet
  facet normal 0 1 0
    outer loop
      vertex 318.543 -0.999999 15
      vertex 322.188 -0.999999 10.7901
      vertex 322.063 -0.999999 10.7989
    endloop
  endfacet
  facet normal 0 1 -0
    outer loop
      vertex 435.565 -0.999999 10.7465
      vertex 318.543 -0.999999 15
      vertex 435.687 -0.999999 10.7727
    endloop
  endfacet
  facet normal 0 1 0
    outer loop
      vertex 318.543 -0.999999 15
      vertex 322.313 -0.999999 10.7727
      vertex 322.188 -0.999999 10.7901
    endloop
  endfacet
  facet normal 0 1 -0
    outer loop
      vertex 435.444 -0.999999 10.7119
      vertex 318.543 -0.999999 15
      vertex 435.565 -0.999999 10.7465
    endloop
  endfacet
  facet normal 0 1 0
    outer loop
      vertex 318.543 -0.999999 15
      vertex 322.435 -0.999999 10.7465
      vertex 322.313 -0.999999 10.7727
    endloop
  endfacet
  facet normal 0 1 -0
    outer loop
      vertex 435.326 -0.999999 10.6689
      vertex 318.543 -0.999999 15
      vertex 435.444 -0.999999 10.7119
    endloop
  endfacet
  facet normal 0 1 0
    outer loop
      vertex 318.543 -0.999999 15
      vertex 322.556 -0.999999 10.7119
      vertex 322.435 -0.999999 10.7465
    endloop
  endfacet
  facet normal 0 1 -0
    outer loop
      vertex 435.211 -0.999999 10.6178
      vertex 318.543 -0.999999 15
      vertex 435.326 -0.999999 10.6689
    endloop
  endfacet
  facet normal 0 1 0
    outer loop
      vertex 318.543 -0.999999 15
      vertex 322.674 -0.999999 10.6689
      vertex 322.556 -0.999999 10.7119
    endloop
  endfacet
  facet normal 0 1 -0
    outer loop
      vertex 435.1 -0.999999 10.5588
      vertex 318.543 -0.999999 15
      vertex 435.211 -0.999999 10.6178
    endloop
  endfacet
  facet normal 0 1 0
    outer loop
      vertex 318.543 -0.999999 15
      vertex 322.789 -0.999999 10.6178
      vertex 322.674 -0.999999 10.6689
    endloop
  endfacet
  facet normal 0 1 -0
    outer loop
      vertex 434.993 -0.999999 10.4923
      vertex 318.543 -0.999999 15
      vertex 435.1 -0.999999 10.5588
    endloop
  endfacet
  facet normal 0 1 0
    outer loop
      vertex 318.543 -0.999999 15
      vertex 322.9 -0.999999 10.5588
      vertex 322.789 -0.999999 10.6178
    endloop
  endfacet
  facet normal 0 1 -0
    outer loop
      vertex 434.892 -0.999999 10.4184
      vertex 318.543 -0.999999 15
      vertex 434.993 -0.999999 10.4923
    endloop
  endfacet
  facet normal 0 1 0
    outer loop
      vertex 318.543 -0.999999 15
      vertex 323.007 -0.999999 10.4923
      vertex 322.9 -0.999999 10.5588
    endloop
  endfacet
  facet normal 0 1 -0
    outer loop
      vertex 434.796 -0.999999 10.3377
      vertex 318.543 -0.999999 15
      vertex 434.892 -0.999999 10.4184
    endloop
  endfacet
  facet normal 0 1 0
    outer loop
      vertex 318.543 -0.999999 15
      vertex 323.108 -0.999999 10.4184
      vertex 323.007 -0.999999 10.4923
    endloop
  endfacet
  facet normal 0 1 -0
    outer loop
      vertex 323.204 -0.999999 10.3377
      vertex 318.543 -0.999999 15
      vertex 434.796 -0.999999 10.3377
    endloop
  endfacet
  facet normal 0 1 0
    outer loop
      vertex 318.543 -0.999999 15
      vertex 323.204 -0.999999 10.3377
      vertex 323.108 -0.999999 10.4184
    endloop
  endfacet
  facet normal 0 1 -0
    outer loop
      vertex 434.705 -0.999999 10.2504
      vertex 323.204 -0.999999 10.3377
      vertex 434.796 -0.999999 10.3377
    endloop
  endfacet
  facet normal 0 1 0
    outer loop
      vertex 434.705 -0.999999 10.2504
      vertex 323.295 -0.999999 10.2504
      vertex 323.204 -0.999999 10.3377
    endloop
  endfacet
  facet normal 0 1 -0
    outer loop
      vertex 434.621 -0.999999 10.157
      vertex 323.295 -0.999999 10.2504
      vertex 434.705 -0.999999 10.2504
    endloop
  endfacet
  facet normal 0 1 0
    outer loop
      vertex 434.621 -0.999999 10.157
      vertex 323.379 -0.999999 10.157
      vertex 323.295 -0.999999 10.2504
    endloop
  endfacet
  facet normal 0 1 -0
    outer loop
      vertex 434.544 -0.999999 10.058
      vertex 323.379 -0.999999 10.157
      vertex 434.621 -0.999999 10.157
    endloop
  endfacet
  facet normal 0 1 0
    outer loop
      vertex 434.544 -0.999999 10.058
      vertex 323.456 -0.999999 10.058
      vertex 323.379 -0.999999 10.157
    endloop
  endfacet
  facet normal 0 1 -0
    outer loop
      vertex 434.474 -0.999999 9.95385
      vertex 323.456 -0.999999 10.058
      vertex 434.544 -0.999999 10.058
    endloop
  endfacet
  facet normal 0 1 0
    outer loop
      vertex 434.474 -0.999999 9.95385
      vertex 323.526 -0.999999 9.95385
      vertex 323.456 -0.999999 10.058
    endloop
  endfacet
  facet normal 0 1 -0
    outer loop
      vertex 434.411 -0.999999 9.84505
      vertex 323.526 -0.999999 9.95385
      vertex 434.474 -0.999999 9.95385
    endloop
  endfacet
  facet normal 0 1 0
    outer loop
      vertex 434.411 -0.999999 9.84505
      vertex 323.589 -0.999999 9.84505
      vertex 323.526 -0.999999 9.95385
    endloop
  endfacet
  facet normal 0 1 -0
    outer loop
      vertex 434.356 -0.999999 9.73213
      vertex 323.589 -0.999999 9.84505
      vertex 434.411 -0.999999 9.84505
    endloop
  endfacet
  facet normal 0 1 0
    outer loop
      vertex 434.356 -0.999999 9.73213
      vertex 323.644 -0.999999 9.73213
      vertex 323.589 -0.999999 9.84505
    endloop
  endfacet
  facet normal 0 1 -0
    outer loop
      vertex 434.309 -0.999999 9.61564
      vertex 323.644 -0.999999 9.73213
      vertex 434.356 -0.999999 9.73213
    endloop
  endfacet
  facet normal 0 1 0
    outer loop
      vertex 434.309 -0.999999 9.61564
      vertex 323.691 -0.999999 9.61564
      vertex 323.644 -0.999999 9.73213
    endloop
  endfacet
  facet normal 0 1 -0
    outer loop
      vertex 434.27 -0.999999 9.49615
      vertex 323.691 -0.999999 9.61564
      vertex 434.309 -0.999999 9.61564
    endloop
  endfacet
  facet normal 0 1 0
    outer loop
      vertex 434.27 -0.999999 9.49615
      vertex 323.73 -0.999999 9.49615
      vertex 323.691 -0.999999 9.61564
    endloop
  endfacet
  facet normal 0 1 -0
    outer loop
      vertex 434.239 -0.999999 9.37424
      vertex 323.73 -0.999999 9.49615
      vertex 434.27 -0.999999 9.49615
    endloop
  endfacet
  facet normal 0 1 0
    outer loop
      vertex 434.239 -0.999999 9.37424
      vertex 323.761 -0.999999 9.37424
      vertex 323.73 -0.999999 9.49615
    endloop
  endfacet
  facet normal 0 1 -0
    outer loop
      vertex 434.218 -0.999999 9.25051
      vertex 323.761 -0.999999 9.37424
      vertex 434.239 -0.999999 9.37424
    endloop
  endfacet
  facet normal 0 1 0
    outer loop
      vertex 434.218 -0.999999 9.25051
      vertex 323.782 -0.999999 9.25051
      vertex 323.761 -0.999999 9.37424
    endloop
  endfacet
  facet normal 0 1 -0
    outer loop
      vertex 434.204 -0.999999 9.12556
      vertex 323.782 -0.999999 9.25051
      vertex 434.218 -0.999999 9.25051
    endloop
  endfacet
  facet normal 0 1 0
    outer loop
      vertex 434.204 -0.999999 9.12556
      vertex 323.796 -0.999999 9.12556
      vertex 323.782 -0.999999 9.25051
    endloop
  endfacet
  facet normal 0 1 -0
    outer loop
      vertex 434.2 -0.999999 9
      vertex 323.796 -0.999999 9.12556
      vertex 434.204 -0.999999 9.12556
    endloop
  endfacet
  facet normal 0 1 0
    outer loop
      vertex 434.2 -0.999999 9
      vertex 323.8 -0.999999 9
      vertex 323.796 -0.999999 9.12556
    endloop
  endfacet
  facet normal 0 1 0
    outer loop
      vertex 434.204 -0.999999 8.87444
      vertex 323.8 -0.999999 9
      vertex 434.2 -0.999999 9
    endloop
  endfacet
  facet normal 0 1 0
    outer loop
      vertex 434.204 -0.999999 8.87444
      vertex 323.796 -0.999999 8.87444
      vertex 323.8 -0.999999 9
    endloop
  endfacet
  facet normal 0 1 0
    outer loop
      vertex 434.218 -0.999999 8.74949
      vertex 323.796 -0.999999 8.87444
      vertex 434.204 -0.999999 8.87444
    endloop
  endfacet
  facet normal 0 1 0
    outer loop
      vertex 434.218 -0.999999 8.74949
      vertex 323.782 -0.999999 8.74949
      vertex 323.796 -0.999999 8.87444
    endloop
  endfacet
  facet normal 0 1 0
    outer loop
      vertex 434.239 -0.999999 8.62576
      vertex 323.782 -0.999999 8.74949
      vertex 434.218 -0.999999 8.74949
    endloop
  endfacet
  facet normal 0 1 0
    outer loop
      vertex 434.239 -0.999999 8.62576
      vertex 323.761 -0.999999 8.62576
      vertex 323.782 -0.999999 8.74949
    endloop
  endfacet
  facet normal 0 1 0
    outer loop
      vertex 434.27 -0.999999 8.50385
      vertex 323.761 -0.999999 8.62576
      vertex 434.239 -0.999999 8.62576
    endloop
  endfacet
  facet normal 0 1 0
    outer loop
      vertex 434.27 -0.999999 8.50385
      vertex 323.73 -0.999999 8.50385
      vertex 323.761 -0.999999 8.62576
    endloop
  endfacet
  facet normal 0 1 0
    outer loop
      vertex 434.309 -0.999999 8.38436
      vertex 323.73 -0.999999 8.50385
      vertex 434.27 -0.999999 8.50385
    endloop
  endfacet
  facet normal 0 1 0
    outer loop
      vertex 434.309 -0.999999 8.38436
      vertex 323.691 -0.999999 8.38436
      vertex 323.73 -0.999999 8.50385
    endloop
  endfacet
  facet normal 0 1 0
    outer loop
      vertex 434.356 -0.999999 8.26787
      vertex 323.691 -0.999999 8.38436
      vertex 434.309 -0.999999 8.38436
    endloop
  endfacet
  facet normal 0 1 0
    outer loop
      vertex 434.356 -0.999999 8.26787
      vertex 323.644 -0.999999 8.26787
      vertex 323.691 -0.999999 8.38436
    endloop
  endfacet
  facet normal 0 1 0
    outer loop
      vertex 434.411 -0.999999 8.15495
      vertex 323.644 -0.999999 8.26787
      vertex 434.356 -0.999999 8.26787
    endloop
  endfacet
  facet normal 0 1 0
    outer loop
      vertex 434.411 -0.999999 8.15495
      vertex 323.589 -0.999999 8.15495
      vertex 323.644 -0.999999 8.26787
    endloop
  endfacet
  facet normal 0 1 0
    outer loop
      vertex 434.474 -0.999999 8.04614
      vertex 323.589 -0.999999 8.15495
      vertex 434.411 -0.999999 8.15495
    endloop
  endfacet
  facet normal 0 1 0
    outer loop
      vertex 434.474 -0.999999 8.04614
      vertex 323.526 -0.999999 8.04614
      vertex 323.589 -0.999999 8.15495
    endloop
  endfacet
  facet normal 0 1 0
    outer loop
      vertex 434.544 -0.999999 7.94199
      vertex 323.526 -0.999999 8.04614
      vertex 434.474 -0.999999 8.04614
    endloop
  endfacet
  facet normal 0 1 0
    outer loop
      vertex 434.544 -0.999999 7.94199
      vertex 323.456 -0.999999 7.94199
      vertex 323.526 -0.999999 8.04614
    endloop
  endfacet
  facet normal 0 1 0
    outer loop
      vertex 434.621 -0.999999 7.84298
      vertex 323.456 -0.999999 7.94199
      vertex 434.544 -0.999999 7.94199
    endloop
  endfacet
  facet normal 0 1 0
    outer loop
      vertex 434.621 -0.999999 7.84298
      vertex 323.379 -0.999999 7.84298
      vertex 323.456 -0.999999 7.94199
    endloop
  endfacet
  facet normal 0 1 0
    outer loop
      vertex 434.705 -0.999999 7.74961
      vertex 323.379 -0.999999 7.84298
      vertex 434.621 -0.999999 7.84298
    endloop
  endfacet
  facet normal 0 1 0
    outer loop
      vertex 434.705 -0.999999 7.74961
      vertex 323.295 -0.999999 7.74961
      vertex 323.379 -0.999999 7.84298
    endloop
  endfacet
  facet normal 0 1 0
    outer loop
      vertex 434.796 -0.999999 7.66234
      vertex 323.295 -0.999999 7.74961
      vertex 434.705 -0.999999 7.74961
    endloop
  endfacet
  facet normal 0 1 0
    outer loop
      vertex 434.796 -0.999999 7.66234
      vertex 323.204 -0.999999 7.66234
      vertex 323.295 -0.999999 7.74961
    endloop
  endfacet
  facet normal 0 1 0
    outer loop
      vertex 318.543 -0.999999 3.01
      vertex 434.796 -0.999999 7.66234
      vertex 434.892 -0.999999 7.58158
    endloop
  endfacet
  facet normal 0 1 0
    outer loop
      vertex 434.796 -0.999999 7.66234
      vertex 318.543 -0.999999 3.01
      vertex 323.204 -0.999999 7.66234
    endloop
  endfacet
  facet normal 0 1 0
    outer loop
      vertex 318.533 -0.999999 3
      vertex 434.892 -0.999999 7.58158
      vertex 434.993 -0.999999 7.50773
    endloop
  endfacet
  facet normal 0 1 0
    outer loop
      vertex 323.204 -0.999999 7.66234
      vertex 318.543 -0.999999 3.01
      vertex 323.108 -0.999999 7.58158
    endloop
  endfacet
  facet normal 0 1 0
    outer loop
      vertex 318.533 -0.999999 3
      vertex 434.993 -0.999999 7.50773
      vertex 435.1 -0.999999 7.44115
    endloop
  endfacet
  facet normal 0 1 0
    outer loop
      vertex 323.108 -0.999999 7.58158
      vertex 318.543 -0.999999 3.01
      vertex 323.007 -0.999999 7.50773
    endloop
  endfacet
  facet normal 0 1 0
    outer loop
      vertex 318.533 -0.999999 3
      vertex 435.1 -0.999999 7.44115
      vertex 435.211 -0.999999 7.38217
    endloop
  endfacet
  facet normal 0 1 0
    outer loop
      vertex 323.007 -0.999999 7.50773
      vertex 318.543 -0.999999 3.01
      vertex 322.9 -0.999999 7.44115
    endloop
  endfacet
  facet normal 0 1 0
    outer loop
      vertex 318.533 -0.999999 3
      vertex 435.211 -0.999999 7.38217
      vertex 435.326 -0.999999 7.33107
    endloop
  endfacet
  facet normal 0 1 0
    outer loop
      vertex 322.9 -0.999999 7.44115
      vertex 318.543 -0.999999 3.01
      vertex 322.789 -0.999999 7.38217
    endloop
  endfacet
  facet normal 0 1 0
    outer loop
      vertex 318.533 -0.999999 3
      vertex 435.326 -0.999999 7.33107
      vertex 435.444 -0.999999 7.2881
    endloop
  endfacet
  facet normal 0 1 0
    outer loop
      vertex 322.789 -0.999999 7.38217
      vertex 318.543 -0.999999 3.01
      vertex 322.674 -0.999999 7.33107
    endloop
  endfacet
  facet normal 0 1 0
    outer loop
      vertex 318.533 -0.999999 3
      vertex 435.444 -0.999999 7.2881
      vertex 435.565 -0.999999 7.25347
    endloop
  endfacet
  facet normal 0 1 0
    outer loop
      vertex 322.674 -0.999999 7.33107
      vertex 318.543 -0.999999 3.01
      vertex 322.556 -0.999999 7.2881
    endloop
  endfacet
  facet normal 0 1 0
    outer loop
      vertex 318.533 -0.999999 3
      vertex 435.565 -0.999999 7.25347
      vertex 435.687 -0.999999 7.22735
    endloop
  endfacet
  facet normal 0 1 0
    outer loop
      vertex 322.556 -0.999999 7.2881
      vertex 318.543 -0.999999 3.01
      vertex 322.435 -0.999999 7.25347
    endloop
  endfacet
  facet normal 0 1 0
    outer loop
      vertex 318.533 -0.999999 3
      vertex 435.687 -0.999999 7.22735
      vertex 435.812 -0.999999 7.20986
    endloop
  endfacet
  facet normal 0 1 0
    outer loop
      vertex 322.435 -0.999999 7.25347
      vertex 318.543 -0.999999 3.01
      vertex 322.313 -0.999999 7.22735
    endloop
  endfacet
  facet normal 0 1 0
    outer loop
      vertex 470.8 -0.999999 3
      vertex 435.812 -0.999999 7.20986
      vertex 435.937 -0.999999 7.2011
    endloop
  endfacet
  facet normal 0 1 0
    outer loop
      vertex 322.313 -0.999999 7.22735
      vertex 318.543 -0.999999 3.01
      vertex 322.188 -0.999999 7.20986
    endloop
  endfacet
  facet normal 0 1 0
    outer loop
      vertex 459.687 -0.999999 10.7727
      vertex 470.8 -0.999999 15
      vertex 459.812 -0.999999 10.7901
    endloop
  endfacet
  facet normal 0 1 0
    outer loop
      vertex 470.8 -0.999999 15
      vertex 436.188 -0.999999 10.7901
      vertex 436.063 -0.999999 10.7989
    endloop
  endfacet
  facet normal 0 1 0
    outer loop
      vertex 459.565 -0.999999 10.7465
      vertex 470.8 -0.999999 15
      vertex 459.687 -0.999999 10.7727
    endloop
  endfacet
  facet normal 0 1 0
    outer loop
      vertex 470.8 -0.999999 15
      vertex 436.313 -0.999999 10.7727
      vertex 436.188 -0.999999 10.7901
    endloop
  endfacet
  facet normal 0 1 0
    outer loop
      vertex 436.435 -0.999999 10.7465
      vertex 470.8 -0.999999 15
      vertex 459.565 -0.999999 10.7465
    endloop
  endfacet
  facet normal 0 1 0
    outer loop
      vertex 470.8 -0.999999 15
      vertex 436.435 -0.999999 10.7465
      vertex 436.313 -0.999999 10.7727
    endloop
  endfacet
  facet normal 0 1 -0
    outer loop
      vertex 459.444 -0.999999 10.7119
      vertex 436.435 -0.999999 10.7465
      vertex 459.565 -0.999999 10.7465
    endloop
  endfacet
  facet normal 0 1 0
    outer loop
      vertex 459.444 -0.999999 10.7119
      vertex 436.556 -0.999999 10.7119
      vertex 436.435 -0.999999 10.7465
    endloop
  endfacet
  facet normal 0 1 -0
    outer loop
      vertex 459.326 -0.999999 10.6689
      vertex 436.556 -0.999999 10.7119
      vertex 459.444 -0.999999 10.7119
    endloop
  endfacet
  facet normal 0 1 0
    outer loop
      vertex 459.326 -0.999999 10.6689
      vertex 436.674 -0.999999 10.6689
      vertex 436.556 -0.999999 10.7119
    endloop
  endfacet
  facet normal 0 1 -0
    outer loop
      vertex 459.211 -0.999999 10.6178
      vertex 436.674 -0.999999 10.6689
      vertex 459.326 -0.999999 10.6689
    endloop
  endfacet
  facet normal 0 1 0
    outer loop
      vertex 459.211 -0.999999 10.6178
      vertex 436.789 -0.999999 10.6178
      vertex 436.674 -0.999999 10.6689
    endloop
  endfacet
  facet normal 0 1 -0
    outer loop
      vertex 459.1 -0.999999 10.5588
      vertex 436.789 -0.999999 10.6178
      vertex 459.211 -0.999999 10.6178
    endloop
  endfacet
  facet normal 0 1 0
    outer loop
      vertex 459.1 -0.999999 10.5588
      vertex 436.9 -0.999999 10.5588
      vertex 436.789 -0.999999 10.6178
    endloop
  endfacet
  facet normal 0 1 -0
    outer loop
      vertex 458.993 -0.999999 10.4923
      vertex 436.9 -0.999999 10.5588
      vertex 459.1 -0.999999 10.5588
    endloop
  endfacet
  facet normal 0 1 0
    outer loop
      vertex 458.993 -0.999999 10.4923
      vertex 437.007 -0.999999 10.4923
      vertex 436.9 -0.999999 10.5588
    endloop
  endfacet
  facet normal 0 1 -0
    outer loop
      vertex 458.892 -0.999999 10.4184
      vertex 437.007 -0.999999 10.4923
      vertex 458.993 -0.999999 10.4923
    endloop
  endfacet
  facet normal 0 1 0
    outer loop
      vertex 458.892 -0.999999 10.4184
      vertex 437.108 -0.999999 10.4184
      vertex 437.007 -0.999999 10.4923
    endloop
  endfacet
  facet normal 0 1 -0
    outer loop
      vertex 458.796 -0.999999 10.3377
      vertex 437.108 -0.999999 10.4184
      vertex 458.892 -0.999999 10.4184
    endloop
  endfacet
  facet normal 0 1 0
    outer loop
      vertex 458.796 -0.999999 10.3377
      vertex 437.204 -0.999999 10.3377
      vertex 437.108 -0.999999 10.4184
    endloop
  endfacet
  facet normal 0 1 -0
    outer loop
      vertex 458.705 -0.999999 10.2504
      vertex 437.204 -0.999999 10.3377
      vertex 458.796 -0.999999 10.3377
    endloop
  endfacet
  facet normal 0 1 0
    outer loop
      vertex 458.705 -0.999999 10.2504
      vertex 437.295 -0.999999 10.2504
      vertex 437.204 -0.999999 10.3377
    endloop
  endfacet
  facet normal 0 1 -0
    outer loop
      vertex 458.621 -0.999999 10.157
      vertex 437.295 -0.999999 10.2504
      vertex 458.705 -0.999999 10.2504
    endloop
  endfacet
  facet normal 0 1 0
    outer loop
      vertex 458.621 -0.999999 10.157
      vertex 437.379 -0.999999 10.157
      vertex 437.295 -0.999999 10.2504
    endloop
  endfacet
  facet normal 0 1 -0
    outer loop
      vertex 458.544 -0.999999 10.058
      vertex 437.379 -0.999999 10.157
      vertex 458.621 -0.999999 10.157
    endloop
  endfacet
  facet normal 0 1 0
    outer loop
      vertex 458.544 -0.999999 10.058
      vertex 437.456 -0.999999 10.058
      vertex 437.379 -0.999999 10.157
    endloop
  endfacet
  facet normal 0 1 -0
    outer loop
      vertex 458.474 -0.999999 9.95385
      vertex 437.456 -0.999999 10.058
      vertex 458.544 -0.999999 10.058
    endloop
  endfacet
  facet normal 0 1 0
    outer loop
      vertex 458.474 -0.999999 9.95385
      vertex 437.526 -0.999999 9.95385
      vertex 437.456 -0.999999 10.058
    endloop
  endfacet
  facet normal 0 1 -0
    outer loop
      vertex 458.411 -0.999999 9.84505
      vertex 437.526 -0.999999 9.95385
      vertex 458.474 -0.999999 9.95385
    endloop
  endfacet
  facet normal 0 1 0
    outer loop
      vertex 458.411 -0.999999 9.84505
      vertex 437.589 -0.999999 9.84505
      vertex 437.526 -0.999999 9.95385
    endloop
  endfacet
  facet normal 0 1 -0
    outer loop
      vertex 458.356 -0.999999 9.73213
      vertex 437.589 -0.999999 9.84505
      vertex 458.411 -0.999999 9.84505
    endloop
  endfacet
  facet normal 0 1 0
    outer loop
      vertex 458.356 -0.999999 9.73213
      vertex 437.644 -0.999999 9.73213
      vertex 437.589 -0.999999 9.84505
    endloop
  endfacet
  facet normal 0 1 -0
    outer loop
      vertex 458.309 -0.999999 9.61564
      vertex 437.644 -0.999999 9.73213
      vertex 458.356 -0.999999 9.73213
    endloop
  endfacet
  facet normal 0 1 0
    outer loop
      vertex 458.309 -0.999999 9.61564
      vertex 437.691 -0.999999 9.61564
      vertex 437.644 -0.999999 9.73213
    endloop
  endfacet
  facet normal 0 1 -0
    outer loop
      vertex 458.27 -0.999999 9.49615
      vertex 437.691 -0.999999 9.61564
      vertex 458.309 -0.999999 9.61564
    endloop
  endfacet
  facet normal 0 1 0
    outer loop
      vertex 458.27 -0.999999 9.49615
      vertex 437.73 -0.999999 9.49615
      vertex 437.691 -0.999999 9.61564
    endloop
  endfacet
  facet normal 0 1 -0
    outer loop
      vertex 458.239 -0.999999 9.37424
      vertex 437.73 -0.999999 9.49615
      vertex 458.27 -0.999999 9.49615
    endloop
  endfacet
  facet normal 0 1 0
    outer loop
      vertex 458.239 -0.999999 9.37424
      vertex 437.761 -0.999999 9.37424
      vertex 437.73 -0.999999 9.49615
    endloop
  endfacet
  facet normal 0 1 -0
    outer loop
      vertex 458.218 -0.999999 9.25051
      vertex 437.761 -0.999999 9.37424
      vertex 458.239 -0.999999 9.37424
    endloop
  endfacet
  facet normal 0 1 0
    outer loop
      vertex 458.218 -0.999999 9.25051
      vertex 437.782 -0.999999 9.25051
      vertex 437.761 -0.999999 9.37424
    endloop
  endfacet
  facet normal 0 1 -0
    outer loop
      vertex 458.204 -0.999999 9.12556
      vertex 437.782 -0.999999 9.25051
      vertex 458.218 -0.999999 9.25051
    endloop
  endfacet
  facet normal 0 1 0
    outer loop
      vertex 458.204 -0.999999 9.12556
      vertex 437.796 -0.999999 9.12556
      vertex 437.782 -0.999999 9.25051
    endloop
  endfacet
  facet normal 0 1 -0
    outer loop
      vertex 458.2 -0.999999 9
      vertex 437.796 -0.999999 9.12556
      vertex 458.204 -0.999999 9.12556
    endloop
  endfacet
  facet normal 0 1 0
    outer loop
      vertex 458.2 -0.999999 9
      vertex 437.8 -0.999999 9
      vertex 437.796 -0.999999 9.12556
    endloop
  endfacet
  facet normal 0 1 0
    outer loop
      vertex 458.204 -0.999999 8.87444
      vertex 437.8 -0.999999 9
      vertex 458.2 -0.999999 9
    endloop
  endfacet
  facet normal 0 1 0
    outer loop
      vertex 458.204 -0.999999 8.87444
      vertex 437.796 -0.999999 8.87444
      vertex 437.8 -0.999999 9
    endloop
  endfacet
  facet normal 0 1 0
    outer loop
      vertex 458.218 -0.999999 8.74949
      vertex 437.796 -0.999999 8.87444
      vertex 458.204 -0.999999 8.87444
    endloop
  endfacet
  facet normal 0 1 0
    outer loop
      vertex 458.218 -0.999999 8.74949
      vertex 437.782 -0.999999 8.74949
      vertex 437.796 -0.999999 8.87444
    endloop
  endfacet
  facet normal 0 1 0
    outer loop
      vertex 458.239 -0.999999 8.62576
      vertex 437.782 -0.999999 8.74949
      vertex 458.218 -0.999999 8.74949
    endloop
  endfacet
  facet normal 0 1 0
    outer loop
      vertex 458.239 -0.999999 8.62576
      vertex 437.761 -0.999999 8.62576
      vertex 437.782 -0.999999 8.74949
    endloop
  endfacet
  facet normal 0 1 0
    outer loop
      vertex 458.27 -0.999999 8.50385
      vertex 437.761 -0.999999 8.62576
      vertex 458.239 -0.999999 8.62576
    endloop
  endfacet
  facet normal 0 1 0
    outer loop
      vertex 458.27 -0.999999 8.50385
      vertex 437.73 -0.999999 8.50385
      vertex 437.761 -0.999999 8.62576
    endloop
  endfacet
  facet normal 0 1 0
    outer loop
      vertex 458.309 -0.999999 8.38436
      vertex 437.73 -0.999999 8.50385
      vertex 458.27 -0.999999 8.50385
    endloop
  endfacet
  facet normal 0 1 0
    outer loop
      vertex 458.309 -0.999999 8.38436
      vertex 437.691 -0.999999 8.38436
      vertex 437.73 -0.999999 8.50385
    endloop
  endfacet
  facet normal 0 1 0
    outer loop
      vertex 458.356 -0.999999 8.26787
      vertex 437.691 -0.999999 8.38436
      vertex 458.309 -0.999999 8.38436
    endloop
  endfacet
  facet normal 0 1 0
    outer loop
      vertex 458.356 -0.999999 8.26787
      vertex 437.644 -0.999999 8.26787
      vertex 437.691 -0.999999 8.38436
    endloop
  endfacet
  facet normal 0 1 0
    outer loop
      vertex 458.411 -0.999999 8.15495
      vertex 437.644 -0.999999 8.26787
      vertex 458.356 -0.999999 8.26787
    endloop
  endfacet
  facet normal 0 1 0
    outer loop
      vertex 458.411 -0.999999 8.15495
      vertex 437.589 -0.999999 8.15495
      vertex 437.644 -0.999999 8.26787
    endloop
  endfacet
  facet normal 0 1 0
    outer loop
      vertex 458.474 -0.999999 8.04614
      vertex 437.589 -0.999999 8.15495
      vertex 458.411 -0.999999 8.15495
    endloop
  endfacet
  facet normal 0 1 0
    outer loop
      vertex 458.474 -0.999999 8.04614
      vertex 437.526 -0.999999 8.04614
      vertex 437.589 -0.999999 8.15495
    endloop
  endfacet
  facet normal 0 1 0
    outer loop
      vertex 458.544 -0.999999 7.94199
      vertex 437.526 -0.999999 8.04614
      vertex 458.474 -0.999999 8.04614
    endloop
  endfacet
  facet normal 0 1 0
    outer loop
      vertex 458.544 -0.999999 7.94199
      vertex 437.456 -0.999999 7.94199
      vertex 437.526 -0.999999 8.04614
    endloop
  endfacet
  facet normal 0 1 0
    outer loop
      vertex 458.621 -0.999999 7.84298
      vertex 437.456 -0.999999 7.94199
      vertex 458.544 -0.999999 7.94199
    endloop
  endfacet
  facet normal 0 1 0
    outer loop
      vertex 458.621 -0.999999 7.84298
      vertex 437.379 -0.999999 7.84298
      vertex 437.456 -0.999999 7.94199
    endloop
  endfacet
  facet normal 0 1 0
    outer loop
      vertex 458.705 -0.999999 7.74961
      vertex 437.379 -0.999999 7.84298
      vertex 458.621 -0.999999 7.84298
    endloop
  endfacet
  facet normal 0 1 0
    outer loop
      vertex 458.705 -0.999999 7.74961
      vertex 437.295 -0.999999 7.74961
      vertex 437.379 -0.999999 7.84298
    endloop
  endfacet
  facet normal 0 1 0
    outer loop
      vertex 458.796 -0.999999 7.66234
      vertex 437.295 -0.999999 7.74961
      vertex 458.705 -0.999999 7.74961
    endloop
  endfacet
  facet normal 0 1 0
    outer loop
      vertex 458.796 -0.999999 7.66234
      vertex 437.204 -0.999999 7.66234
      vertex 437.295 -0.999999 7.74961
    endloop
  endfacet
  facet normal 0 1 0
    outer loop
      vertex 458.892 -0.999999 7.58158
      vertex 437.204 -0.999999 7.66234
      vertex 458.796 -0.999999 7.66234
    endloop
  endfacet
  facet normal 0 1 0
    outer loop
      vertex 458.892 -0.999999 7.58158
      vertex 437.108 -0.999999 7.58158
      vertex 437.204 -0.999999 7.66234
    endloop
  endfacet
  facet normal 0 1 0
    outer loop
      vertex 458.993 -0.999999 7.50773
      vertex 437.108 -0.999999 7.58158
      vertex 458.892 -0.999999 7.58158
    endloop
  endfacet
  facet normal 0 1 0
    outer loop
      vertex 458.993 -0.999999 7.50773
      vertex 437.007 -0.999999 7.50773
      vertex 437.108 -0.999999 7.58158
    endloop
  endfacet
  facet normal 0 1 0
    outer loop
      vertex 459.1 -0.999999 7.44115
      vertex 437.007 -0.999999 7.50773
      vertex 458.993 -0.999999 7.50773
    endloop
  endfacet
  facet normal 0 1 0
    outer loop
      vertex 459.1 -0.999999 7.44115
      vertex 436.9 -0.999999 7.44115
      vertex 437.007 -0.999999 7.50773
    endloop
  endfacet
  facet normal 0 1 0
    outer loop
      vertex 459.211 -0.999999 7.38217
      vertex 436.9 -0.999999 7.44115
      vertex 459.1 -0.999999 7.44115
    endloop
  endfacet
  facet normal 0 1 0
    outer loop
      vertex 459.211 -0.999999 7.38217
      vertex 436.789 -0.999999 7.38217
      vertex 436.9 -0.999999 7.44115
    endloop
  endfacet
  facet normal 0 1 0
    outer loop
      vertex 459.326 -0.999999 7.33107
      vertex 436.789 -0.999999 7.38217
      vertex 459.211 -0.999999 7.38217
    endloop
  endfacet
  facet normal 0 1 0
    outer loop
      vertex 459.326 -0.999999 7.33107
      vertex 436.674 -0.999999 7.33107
      vertex 436.789 -0.999999 7.38217
    endloop
  endfacet
  facet normal 0 1 0
    outer loop
      vertex 459.444 -0.999999 7.2881
      vertex 436.674 -0.999999 7.33107
      vertex 459.326 -0.999999 7.33107
    endloop
  endfacet
  facet normal 0 1 0
    outer loop
      vertex 459.444 -0.999999 7.2881
      vertex 436.556 -0.999999 7.2881
      vertex 436.674 -0.999999 7.33107
    endloop
  endfacet
  facet normal 0 1 0
    outer loop
      vertex 459.565 -0.999999 7.25347
      vertex 436.556 -0.999999 7.2881
      vertex 459.444 -0.999999 7.2881
    endloop
  endfacet
  facet normal 0 1 0
    outer loop
      vertex 459.565 -0.999999 7.25347
      vertex 436.435 -0.999999 7.25347
      vertex 436.556 -0.999999 7.2881
    endloop
  endfacet
  facet normal 0 1 0
    outer loop
      vertex 470.8 -0.999999 3
      vertex 459.565 -0.999999 7.25347
      vertex 459.687 -0.999999 7.22735
    endloop
  endfacet
  facet normal 0 1 0
    outer loop
      vertex 459.565 -0.999999 7.25347
      vertex 470.8 -0.999999 3
      vertex 436.435 -0.999999 7.25347
    endloop
  endfacet
  facet normal 0 1 0
    outer loop
      vertex 470.8 -0.999999 3
      vertex 459.687 -0.999999 7.22735
      vertex 459.812 -0.999999 7.20986
    endloop
  endfacet
  facet normal 0 1 0
    outer loop
      vertex 436.435 -0.999999 7.25347
      vertex 470.8 -0.999999 3
      vertex 436.313 -0.999999 7.22735
    endloop
  endfacet
  facet normal 0 1 0
    outer loop
      vertex 470.8 -0.999999 3
      vertex 459.812 -0.999999 7.20986
      vertex 459.937 -0.999999 7.2011
    endloop
  endfacet
  facet normal 0 1 0
    outer loop
      vertex 436.313 -0.999999 7.22735
      vertex 470.8 -0.999999 3
      vertex 436.188 -0.999999 7.20986
    endloop
  endfacet
  facet normal 0 1 0
    outer loop
      vertex 459.937 -0.999999 10.7989
      vertex 470.8 -0.999999 15
      vertex 460.063 -0.999999 10.7989
    endloop
  endfacet
  facet normal 0 1 0
    outer loop
      vertex 470.8 -0.999999 15
      vertex 460.188 -0.999999 10.7901
      vertex 460.063 -0.999999 10.7989
    endloop
  endfacet
  facet normal 0 1 0
    outer loop
      vertex 470.8 -0.999999 15
      vertex 460.313 -0.999999 10.7727
      vertex 460.188 -0.999999 10.7901
    endloop
  endfacet
  facet normal 0 1 0
    outer loop
      vertex 470.8 -0.999999 15
      vertex 460.435 -0.999999 10.7465
      vertex 460.313 -0.999999 10.7727
    endloop
  endfacet
  facet normal 0 1 0
    outer loop
      vertex 470.8 -0.999999 15
      vertex 460.556 -0.999999 10.7119
      vertex 460.435 -0.999999 10.7465
    endloop
  endfacet
  facet normal 0 1 0
    outer loop
      vertex 470.8 -0.999999 15
      vertex 460.674 -0.999999 10.6689
      vertex 460.556 -0.999999 10.7119
    endloop
  endfacet
  facet normal 0 1 0
    outer loop
      vertex 470.8 -0.999999 15
      vertex 460.789 -0.999999 10.6178
      vertex 460.674 -0.999999 10.6689
    endloop
  endfacet
  facet normal 0 1 0
    outer loop
      vertex 470.8 -0.999999 15
      vertex 460.9 -0.999999 10.5588
      vertex 460.789 -0.999999 10.6178
    endloop
  endfacet
  facet normal 0 1 0
    outer loop
      vertex 470.8 -0.999999 15
      vertex 461.007 -0.999999 10.4923
      vertex 460.9 -0.999999 10.5588
    endloop
  endfacet
  facet normal 0 1 0
    outer loop
      vertex 470.8 -0.999999 15
      vertex 461.108 -0.999999 10.4184
      vertex 461.007 -0.999999 10.4923
    endloop
  endfacet
  facet normal 0 1 0
    outer loop
      vertex 470.8 -0.999999 15
      vertex 461.204 -0.999999 10.3377
      vertex 461.108 -0.999999 10.4184
    endloop
  endfacet
  facet normal 0 1 0
    outer loop
      vertex 470.8 -0.999999 15
      vertex 461.295 -0.999999 10.2504
      vertex 461.204 -0.999999 10.3377
    endloop
  endfacet
  facet normal 0 1 0
    outer loop
      vertex 470.8 -0.999999 15
      vertex 461.379 -0.999999 10.157
      vertex 461.295 -0.999999 10.2504
    endloop
  endfacet
  facet normal 0 1 0
    outer loop
      vertex 470.8 -0.999999 15
      vertex 461.456 -0.999999 10.058
      vertex 461.379 -0.999999 10.157
    endloop
  endfacet
  facet normal 0 1 0
    outer loop
      vertex 470.8 -0.999999 15
      vertex 461.526 -0.999999 9.95385
      vertex 461.456 -0.999999 10.058
    endloop
  endfacet
  facet normal 0 1 0
    outer loop
      vertex 470.8 -0.999999 15
      vertex 461.589 -0.999999 9.84505
      vertex 461.526 -0.999999 9.95385
    endloop
  endfacet
  facet normal 0 1 0
    outer loop
      vertex 470.8 -0.999999 15
      vertex 461.644 -0.999999 9.73213
      vertex 461.589 -0.999999 9.84505
    endloop
  endfacet
  facet normal 0 1 0
    outer loop
      vertex 470.8 -0.999999 15
      vertex 461.691 -0.999999 9.61564
      vertex 461.644 -0.999999 9.73213
    endloop
  endfacet
  facet normal 0 1 0
    outer loop
      vertex 470.8 -0.999999 15
      vertex 461.73 -0.999999 9.49615
      vertex 461.691 -0.999999 9.61564
    endloop
  endfacet
  facet normal 0 1 0
    outer loop
      vertex 470.8 -0.999999 15
      vertex 461.761 -0.999999 9.37424
      vertex 461.73 -0.999999 9.49615
    endloop
  endfacet
  facet normal 0 1 0
    outer loop
      vertex 470.8 -0.999999 15
      vertex 461.782 -0.999999 9.25051
      vertex 461.761 -0.999999 9.37424
    endloop
  endfacet
  facet normal 0 1 0
    outer loop
      vertex 470.8 -0.999999 15
      vertex 461.796 -0.999999 9.12556
      vertex 461.782 -0.999999 9.25051
    endloop
  endfacet
  facet normal 0 1 0
    outer loop
      vertex 470.8 -0.999999 15
      vertex 461.8 -0.999999 9
      vertex 461.796 -0.999999 9.12556
    endloop
  endfacet
  facet normal 0 1 -0
    outer loop
      vertex 470.8 -0.999999 3
      vertex 461.8 -0.999999 9
      vertex 470.8 -0.999999 15
    endloop
  endfacet
  facet normal 0 1 0
    outer loop
      vertex 461.8 -0.999999 9
      vertex 470.8 -0.999999 3
      vertex 461.796 -0.999999 8.87444
    endloop
  endfacet
  facet normal 0 1 0
    outer loop
      vertex 461.796 -0.999999 8.87444
      vertex 470.8 -0.999999 3
      vertex 461.782 -0.999999 8.74949
    endloop
  endfacet
  facet normal 0 1 0
    outer loop
      vertex 461.782 -0.999999 8.74949
      vertex 470.8 -0.999999 3
      vertex 461.761 -0.999999 8.62576
    endloop
  endfacet
  facet normal 0 1 0
    outer loop
      vertex 461.761 -0.999999 8.62576
      vertex 470.8 -0.999999 3
      vertex 461.73 -0.999999 8.50385
    endloop
  endfacet
  facet normal 0 1 0
    outer loop
      vertex 461.73 -0.999999 8.50385
      vertex 470.8 -0.999999 3
      vertex 461.691 -0.999999 8.38436
    endloop
  endfacet
  facet normal 0 1 0
    outer loop
      vertex 461.691 -0.999999 8.38436
      vertex 470.8 -0.999999 3
      vertex 461.644 -0.999999 8.26787
    endloop
  endfacet
  facet normal 0 1 0
    outer loop
      vertex 461.644 -0.999999 8.26787
      vertex 470.8 -0.999999 3
      vertex 461.589 -0.999999 8.15495
    endloop
  endfacet
  facet normal 0 1 0
    outer loop
      vertex 461.589 -0.999999 8.15495
      vertex 470.8 -0.999999 3
      vertex 461.526 -0.999999 8.04614
    endloop
  endfacet
  facet normal 0 1 0
    outer loop
      vertex 461.526 -0.999999 8.04614
      vertex 470.8 -0.999999 3
      vertex 461.456 -0.999999 7.94199
    endloop
  endfacet
  facet normal 0 1 0
    outer loop
      vertex 461.456 -0.999999 7.94199
      vertex 470.8 -0.999999 3
      vertex 461.379 -0.999999 7.84298
    endloop
  endfacet
  facet normal 0 1 0
    outer loop
      vertex 461.379 -0.999999 7.84298
      vertex 470.8 -0.999999 3
      vertex 461.295 -0.999999 7.74961
    endloop
  endfacet
  facet normal 0 1 0
    outer loop
      vertex 461.295 -0.999999 7.74961
      vertex 470.8 -0.999999 3
      vertex 461.204 -0.999999 7.66234
    endloop
  endfacet
  facet normal 0 1 0
    outer loop
      vertex 470.8 -0.999999 3
      vertex 459.937 -0.999999 7.2011
      vertex 460.063 -0.999999 7.2011
    endloop
  endfacet
  facet normal 0 1 0
    outer loop
      vertex 436.188 -0.999999 7.20986
      vertex 470.8 -0.999999 3
      vertex 436.063 -0.999999 7.2011
    endloop
  endfacet
  facet normal 0 1 0
    outer loop
      vertex 436.063 -0.999999 7.2011
      vertex 470.8 -0.999999 3
      vertex 435.937 -0.999999 7.2011
    endloop
  endfacet
  facet normal 0 1 0
    outer loop
      vertex 322.188 -0.999999 7.20986
      vertex 318.543 -0.999999 3.01
      vertex 322.063 -0.999999 7.2011
    endloop
  endfacet
  facet normal 0 1 0
    outer loop
      vertex 322.063 -0.999999 7.2011
      vertex 318.543 -0.999999 3.01
      vertex 321.937 -0.999999 7.2011
    endloop
  endfacet
  facet normal 0 1 0
    outer loop
      vertex 461.204 -0.999999 7.66234
      vertex 470.8 -0.999999 3
      vertex 461.108 -0.999999 7.58158
    endloop
  endfacet
  facet normal 0 1 0
    outer loop
      vertex 470.8 -0.999999 3
      vertex 461.007 -0.999999 7.50773
      vertex 461.108 -0.999999 7.58158
    endloop
  endfacet
  facet normal 0 1 0
    outer loop
      vertex 470.8 -0.999999 3
      vertex 460.9 -0.999999 7.44115
      vertex 461.007 -0.999999 7.50773
    endloop
  endfacet
  facet normal 0 1 0
    outer loop
      vertex 470.8 -0.999999 3
      vertex 460.789 -0.999999 7.38217
      vertex 460.9 -0.999999 7.44115
    endloop
  endfacet
  facet normal 0 1 0
    outer loop
      vertex 470.8 -0.999999 3
      vertex 460.674 -0.999999 7.33107
      vertex 460.789 -0.999999 7.38217
    endloop
  endfacet
  facet normal 0 1 0
    outer loop
      vertex 470.8 -0.999999 3
      vertex 460.556 -0.999999 7.2881
      vertex 460.674 -0.999999 7.33107
    endloop
  endfacet
  facet normal 0 1 0
    outer loop
      vertex 470.8 -0.999999 3
      vertex 460.435 -0.999999 7.25347
      vertex 460.556 -0.999999 7.2881
    endloop
  endfacet
  facet normal 0 1 0
    outer loop
      vertex 470.8 -0.999999 3
      vertex 460.313 -0.999999 7.22735
      vertex 460.435 -0.999999 7.25347
    endloop
  endfacet
  facet normal 0 1 0
    outer loop
      vertex 470.8 -0.999999 3
      vertex 460.188 -0.999999 7.20986
      vertex 460.313 -0.999999 7.22735
    endloop
  endfacet
  facet normal 0 1 0
    outer loop
      vertex 470.8 -0.999999 3
      vertex 460.063 -0.999999 7.2011
      vertex 460.188 -0.999999 7.20986
    endloop
  endfacet
  facet normal 0 1 0
    outer loop
      vertex 435.812 -0.999999 7.20986
      vertex 470.8 -0.999999 3
      vertex 318.533 -0.999999 3
    endloop
  endfacet
  facet normal 0 1 0
    outer loop
      vertex 434.892 -0.999999 7.58158
      vertex 318.533 -0.999999 3
      vertex 318.543 -0.999999 3.01
    endloop
  endfacet
  facet normal 0 1 0
    outer loop
      vertex 318.543 -0.999999 3.01
      vertex 318.533 -0.999999 3
      vertex 318.533 -0.999999 3.01
    endloop
  endfacet
  facet normal 0 1 0
    outer loop
      vertex 459.812 -0.999999 10.7901
      vertex 470.8 -0.999999 15
      vertex 459.937 -0.999999 10.7989
    endloop
  endfacet
  facet normal 0 1 0
    outer loop
      vertex 435.937 -0.999999 10.7989
      vertex 470.8 -0.999999 15
      vertex 436.063 -0.999999 10.7989
    endloop
  endfacet
  facet normal 0 1 0
    outer loop
      vertex 435.812 -0.999999 10.7901
      vertex 470.8 -0.999999 15
      vertex 435.937 -0.999999 10.7989
    endloop
  endfacet
  facet normal 0 1 0
    outer loop
      vertex 470.8 -0.999999 15
      vertex 435.812 -0.999999 10.7901
      vertex 318.543 -0.999999 15
    endloop
  endfacet
  facet normal 0 1 -0
    outer loop
      vertex 321.937 -0.999999 10.7989
      vertex 318.543 -0.999999 15
      vertex 322.063 -0.999999 10.7989
    endloop
  endfacet
  facet normal 0 1 -0
    outer loop
      vertex 321.812 -0.999999 10.7901
      vertex 318.543 -0.999999 15
      vertex 321.937 -0.999999 10.7989
    endloop
  endfacet
  facet normal 0 1 -0
    outer loop
      vertex 321.687 -0.999999 10.7727
      vertex 318.543 -0.999999 15
      vertex 321.812 -0.999999 10.7901
    endloop
  endfacet
  facet normal 0 1 -0
    outer loop
      vertex 321.565 -0.999999 10.7465
      vertex 318.543 -0.999999 15
      vertex 321.687 -0.999999 10.7727
    endloop
  endfacet
  facet normal 0 1 -0
    outer loop
      vertex 321.444 -0.999999 10.7119
      vertex 318.543 -0.999999 15
      vertex 321.565 -0.999999 10.7465
    endloop
  endfacet
  facet normal 0 1 -0
    outer loop
      vertex 321.326 -0.999999 10.6689
      vertex 318.543 -0.999999 15
      vertex 321.444 -0.999999 10.7119
    endloop
  endfacet
  facet normal 0 1 -0
    outer loop
      vertex 321.211 -0.999999 10.6178
      vertex 318.543 -0.999999 15
      vertex 321.326 -0.999999 10.6689
    endloop
  endfacet
  facet normal 0 1 -0
    outer loop
      vertex 321.1 -0.999999 10.5588
      vertex 318.543 -0.999999 15
      vertex 321.211 -0.999999 10.6178
    endloop
  endfacet
  facet normal 0 1 -0
    outer loop
      vertex 320.993 -0.999999 10.4923
      vertex 318.543 -0.999999 15
      vertex 321.1 -0.999999 10.5588
    endloop
  endfacet
  facet normal 0 1 -0
    outer loop
      vertex 320.892 -0.999999 10.4184
      vertex 318.543 -0.999999 15
      vertex 320.993 -0.999999 10.4923
    endloop
  endfacet
  facet normal 0 1 -0
    outer loop
      vertex 320.796 -0.999999 10.3377
      vertex 318.543 -0.999999 15
      vertex 320.892 -0.999999 10.4184
    endloop
  endfacet
  facet normal 0 1 -0
    outer loop
      vertex 320.705 -0.999999 10.2504
      vertex 318.543 -0.999999 15
      vertex 320.796 -0.999999 10.3377
    endloop
  endfacet
  facet normal 0 1 -0
    outer loop
      vertex 320.621 -0.999999 10.157
      vertex 318.543 -0.999999 15
      vertex 320.705 -0.999999 10.2504
    endloop
  endfacet
  facet normal 0 1 -0
    outer loop
      vertex 320.544 -0.999999 10.058
      vertex 318.543 -0.999999 15
      vertex 320.621 -0.999999 10.157
    endloop
  endfacet
  facet normal 0 1 -0
    outer loop
      vertex 320.474 -0.999999 9.95385
      vertex 318.543 -0.999999 15
      vertex 320.544 -0.999999 10.058
    endloop
  endfacet
  facet normal 0 1 -0
    outer loop
      vertex 320.411 -0.999999 9.84505
      vertex 318.543 -0.999999 15
      vertex 320.474 -0.999999 9.95385
    endloop
  endfacet
  facet normal 0 1 -0
    outer loop
      vertex 320.356 -0.999999 9.73213
      vertex 318.543 -0.999999 15
      vertex 320.411 -0.999999 9.84505
    endloop
  endfacet
  facet normal 0 1 -0
    outer loop
      vertex 320.309 -0.999999 9.61564
      vertex 318.543 -0.999999 15
      vertex 320.356 -0.999999 9.73213
    endloop
  endfacet
  facet normal 0 1 -0
    outer loop
      vertex 320.27 -0.999999 9.49615
      vertex 318.543 -0.999999 15
      vertex 320.309 -0.999999 9.61564
    endloop
  endfacet
  facet normal 0 1 -0
    outer loop
      vertex 320.239 -0.999999 9.37424
      vertex 318.543 -0.999999 15
      vertex 320.27 -0.999999 9.49615
    endloop
  endfacet
  facet normal 0 1 -0
    outer loop
      vertex 320.218 -0.999999 9.25051
      vertex 318.543 -0.999999 15
      vertex 320.239 -0.999999 9.37424
    endloop
  endfacet
  facet normal 0 1 -0
    outer loop
      vertex 320.204 -0.999999 9.12556
      vertex 318.543 -0.999999 15
      vertex 320.218 -0.999999 9.25051
    endloop
  endfacet
  facet normal 0 1 -0
    outer loop
      vertex 320.2 -0.999999 9
      vertex 318.543 -0.999999 15
      vertex 320.204 -0.999999 9.12556
    endloop
  endfacet
  facet normal 0 1 0
    outer loop
      vertex 318.543 -0.999999 3.01
      vertex 320.2 -0.999999 9
      vertex 320.204 -0.999999 8.87444
    endloop
  endfacet
  facet normal 0 1 0
    outer loop
      vertex 318.543 -0.999999 3.01
      vertex 320.204 -0.999999 8.87444
      vertex 320.218 -0.999999 8.74949
    endloop
  endfacet
  facet normal 0 1 0
    outer loop
      vertex 318.543 -0.999999 3.01
      vertex 320.218 -0.999999 8.74949
      vertex 320.239 -0.999999 8.62576
    endloop
  endfacet
  facet normal 0 1 0
    outer loop
      vertex 318.543 -0.999999 3.01
      vertex 320.239 -0.999999 8.62576
      vertex 320.27 -0.999999 8.50385
    endloop
  endfacet
  facet normal 0 1 0
    outer loop
      vertex 320.2 -0.999999 9
      vertex 318.543 -0.999999 3.01
      vertex 318.543 -0.999999 15
    endloop
  endfacet
  facet normal 0 1 0
    outer loop
      vertex 320.309 -0.999999 8.38436
      vertex 318.543 -0.999999 3.01
      vertex 320.27 -0.999999 8.50385
    endloop
  endfacet
  facet normal 0 1 0
    outer loop
      vertex 320.356 -0.999999 8.26787
      vertex 318.543 -0.999999 3.01
      vertex 320.309 -0.999999 8.38436
    endloop
  endfacet
  facet normal 0 1 0
    outer loop
      vertex 320.411 -0.999999 8.15495
      vertex 318.543 -0.999999 3.01
      vertex 320.356 -0.999999 8.26787
    endloop
  endfacet
  facet normal 0 1 0
    outer loop
      vertex 320.474 -0.999999 8.04614
      vertex 318.543 -0.999999 3.01
      vertex 320.411 -0.999999 8.15495
    endloop
  endfacet
  facet normal 0 1 0
    outer loop
      vertex 320.544 -0.999999 7.94199
      vertex 318.543 -0.999999 3.01
      vertex 320.474 -0.999999 8.04614
    endloop
  endfacet
  facet normal 0 1 0
    outer loop
      vertex 320.621 -0.999999 7.84298
      vertex 318.543 -0.999999 3.01
      vertex 320.544 -0.999999 7.94199
    endloop
  endfacet
  facet normal 0 1 0
    outer loop
      vertex 320.705 -0.999999 7.74961
      vertex 318.543 -0.999999 3.01
      vertex 320.621 -0.999999 7.84298
    endloop
  endfacet
  facet normal 0 1 0
    outer loop
      vertex 320.796 -0.999999 7.66234
      vertex 318.543 -0.999999 3.01
      vertex 320.705 -0.999999 7.74961
    endloop
  endfacet
  facet normal 0 1 0
    outer loop
      vertex 320.892 -0.999999 7.58158
      vertex 318.543 -0.999999 3.01
      vertex 320.796 -0.999999 7.66234
    endloop
  endfacet
  facet normal 0 1 0
    outer loop
      vertex 320.993 -0.999999 7.50773
      vertex 318.543 -0.999999 3.01
      vertex 320.892 -0.999999 7.58158
    endloop
  endfacet
  facet normal 0 1 0
    outer loop
      vertex 321.1 -0.999999 7.44115
      vertex 318.543 -0.999999 3.01
      vertex 320.993 -0.999999 7.50773
    endloop
  endfacet
  facet normal 0 1 0
    outer loop
      vertex 321.211 -0.999999 7.38217
      vertex 318.543 -0.999999 3.01
      vertex 321.1 -0.999999 7.44115
    endloop
  endfacet
  facet normal 0 1 0
    outer loop
      vertex 321.326 -0.999999 7.33107
      vertex 318.543 -0.999999 3.01
      vertex 321.211 -0.999999 7.38217
    endloop
  endfacet
  facet normal 0 1 0
    outer loop
      vertex 321.444 -0.999999 7.2881
      vertex 318.543 -0.999999 3.01
      vertex 321.326 -0.999999 7.33107
    endloop
  endfacet
  facet normal 0 1 0
    outer loop
      vertex 321.565 -0.999999 7.25347
      vertex 318.543 -0.999999 3.01
      vertex 321.444 -0.999999 7.2881
    endloop
  endfacet
  facet normal 0 1 0
    outer loop
      vertex 321.687 -0.999999 7.22735
      vertex 318.543 -0.999999 3.01
      vertex 321.565 -0.999999 7.25347
    endloop
  endfacet
  facet normal 0 1 0
    outer loop
      vertex 321.812 -0.999999 7.20986
      vertex 318.543 -0.999999 3.01
      vertex 321.687 -0.999999 7.22735
    endloop
  endfacet
  facet normal 0 1 0
    outer loop
      vertex 318.543 -0.999999 3.01
      vertex 321.812 -0.999999 7.20986
      vertex 321.937 -0.999999 7.2011
    endloop
  endfacet
  facet normal -0 0 1
    outer loop
      vertex 318.533 149.1 3
      vertex 470.8 -0.999999 3
      vertex 470.8 149.1 3
    endloop
  endfacet
  facet normal 0 0 1
    outer loop
      vertex 470.8 -0.999999 3
      vertex 318.533 149.1 3
      vertex 318.533 -0.999999 3
    endloop
  endfacet
  facet normal -0 0 0
    outer loop
      vertex 470.8 149.1 3
      vertex 470.8 -0.999999 3
      vertex 470.8 153.1 3
    endloop
  endfacet
  facet normal -0.899028 0 0.43789
    outer loop
      vertex 323.589 -4 8.15495
      vertex 323.644 -0.999999 8.26787
      vertex 323.589 -0.999999 8.15495
    endloop
  endfacet
  facet normal -0.899028 0 0.43789
    outer loop
      vertex 323.644 -0.999999 8.26787
      vertex 323.589 -4 8.15495
      vertex 323.644 -4 8.26787
    endloop
  endfacet
  facet normal -0.342171 0 0.939638
    outer loop
      vertex 322.556 -0.999999 7.2881
      vertex 322.674 -4 7.33107
      vertex 322.674 -0.999999 7.33107
    endloop
  endfacet
  facet normal -0.342171 0 0.939638
    outer loop
      vertex 322.674 -4 7.33107
      vertex 322.556 -0.999999 7.2881
      vertex 322.556 -4 7.2881
    endloop
  endfacet
  facet normal 0.342171 0 0.939638
    outer loop
      vertex 321.326 -0.999999 7.33107
      vertex 321.444 -4 7.2881
      vertex 321.444 -0.999999 7.2881
    endloop
  endfacet
  facet normal 0.342171 0 0.939638
    outer loop
      vertex 321.444 -4 7.2881
      vertex 321.326 -0.999999 7.33107
      vertex 321.326 -4 7.33107
    endloop
  endfacet
  facet normal 0.927364 -0 0.374162
    outer loop
      vertex 320.309 -4 8.38436
      vertex 320.356 -0.999999 8.26787
      vertex 320.309 -0.999999 8.38436
    endloop
  endfacet
  facet normal 0.927364 0 0.374162
    outer loop
      vertex 320.356 -0.999999 8.26787
      vertex 320.309 -4 8.38436
      vertex 320.356 -4 8.26787
    endloop
  endfacet
  facet normal -0.999493 0 -0.0318411
    outer loop
      vertex 323.8 -4 9
      vertex 323.796 -0.999999 9.12556
      vertex 323.8 -0.999999 9
    endloop
  endfacet
  facet normal -0.999493 -0 -0.0318411
    outer loop
      vertex 323.796 -0.999999 9.12556
      vertex 323.8 -4 9
      vertex 323.796 -4 9.12556
    endloop
  endfacet
  facet normal -0.0699085 0 0.997553
    outer loop
      vertex 322.063 -0.999999 7.2011
      vertex 322.188 -4 7.20986
      vertex 322.188 -0.999999 7.20986
    endloop
  endfacet
  facet normal -0.0699085 0 0.997553
    outer loop
      vertex 322.188 -4 7.20986
      vertex 322.063 -0.999999 7.2011
      vertex 322.063 -4 7.2011
    endloop
  endfacet
  facet normal -0.528315 0 0.849049
    outer loop
      vertex 322.9 -0.999999 7.44115
      vertex 323.007 -4 7.50773
      vertex 323.007 -0.999999 7.50773
    endloop
  endfacet
  facet normal -0.528315 0 0.849049
    outer loop
      vertex 323.007 -4 7.50773
      vertex 322.9 -0.999999 7.44115
      vertex 322.9 -4 7.44115
    endloop
  endfacet
  facet normal 0.993781 -0 0.111348
    outer loop
      vertex 320.204 -4 8.87444
      vertex 320.218 -0.999999 8.74949
      vertex 320.204 -0.999999 8.87444
    endloop
  endfacet
  facet normal 0.993781 0 0.111348
    outer loop
      vertex 320.218 -0.999999 8.74949
      vertex 320.204 -4 8.87444
      vertex 320.218 -4 8.74949
    endloop
  endfacet
  facet normal 0.743425 -0 0.66882
    outer loop
      vertex 320.621 -4 7.84298
      vertex 320.705 -0.999999 7.74961
      vertex 320.621 -0.999999 7.84298
    endloop
  endfacet
  facet normal 0.743425 0 0.66882
    outer loop
      vertex 320.705 -0.999999 7.74961
      vertex 320.621 -4 7.84298
      vertex 320.705 -4 7.74961
    endloop
  endfacet
  facet normal 0.13857 0 0.990353
    outer loop
      vertex 321.687 -0.999999 7.22735
      vertex 321.812 -4 7.20986
      vertex 321.812 -0.999999 7.20986
    endloop
  endfacet
  facet normal 0.13857 0 0.990353
    outer loop
      vertex 321.812 -4 7.20986
      vertex 321.687 -0.999999 7.22735
      vertex 321.687 -4 7.22735
    endloop
  endfacet
  facet normal -0.406065 0 -0.913844
    outer loop
      vertex 322.674 -4 10.6689
      vertex 322.789 -0.999999 10.6178
      vertex 322.789 -4 10.6178
    endloop
  endfacet
  facet normal -0.406065 0 -0.913844
    outer loop
      vertex 322.789 -0.999999 10.6178
      vertex 322.674 -4 10.6689
      vertex 322.674 -0.999999 10.6689
    endloop
  endfacet
  facet normal 0.692284 0 -0.721625
    outer loop
      vertex 320.705 -4 10.2504
      vertex 320.796 -0.999999 10.3377
      vertex 320.796 -4 10.3377
    endloop
  endfacet
  facet normal 0.692284 0 -0.721625
    outer loop
      vertex 320.796 -0.999999 10.3377
      vertex 320.705 -4 10.2504
      vertex 320.705 -0.999999 10.2504
    endloop
  endfacet
  facet normal 0.927364 0 -0.374162
    outer loop
      vertex 320.356 -4 9.73213
      vertex 320.309 -0.999999 9.61564
      vertex 320.356 -0.999999 9.73213
    endloop
  endfacet
  facet normal 0.927364 0 -0.374162
    outer loop
      vertex 320.309 -0.999999 9.61564
      vertex 320.356 -4 9.73213
      vertex 320.309 -4 9.61564
    endloop
  endfacet
  facet normal -0.993781 0 0.111348
    outer loop
      vertex 323.782 -4 8.74949
      vertex 323.796 -0.999999 8.87444
      vertex 323.782 -0.999999 8.74949
    endloop
  endfacet
  facet normal -0.993781 0 0.111348
    outer loop
      vertex 323.796 -0.999999 8.87444
      vertex 323.782 -4 8.74949
      vertex 323.796 -4 8.87444
    endloop
  endfacet
  facet normal -0.82996 0 0.557823
    outer loop
      vertex 323.456 -4 7.94199
      vertex 323.526 -0.999999 8.04614
      vertex 323.456 -0.999999 7.94199
    endloop
  endfacet
  facet normal -0.82996 0 0.557823
    outer loop
      vertex 323.526 -0.999999 8.04614
      vertex 323.456 -4 7.94199
      vertex 323.526 -4 8.04614
    endloop
  endfacet
  facet normal -0.69216 0 0.721744
    outer loop
      vertex 323.204 -0.999999 7.66234
      vertex 323.295 -4 7.74961
      vertex 323.295 -0.999999 7.74961
    endloop
  endfacet
  facet normal -0.69216 0 0.721744
    outer loop
      vertex 323.295 -4 7.74961
      vertex 323.204 -0.999999 7.66234
      vertex 323.204 -4 7.66234
    endloop
  endfacet
  facet normal -0 0 1
    outer loop
      vertex 321.937 -0.999999 7.2011
      vertex 322.063 -4 7.2011
      vertex 322.063 -0.999999 7.2011
    endloop
  endfacet
  facet normal 0 0 1
    outer loop
      vertex 322.063 -4 7.2011
      vertex 321.937 -0.999999 7.2011
      vertex 321.937 -4 7.2011
    endloop
  endfacet
  facet normal -0.13857 0 0.990353
    outer loop
      vertex 322.188 -0.999999 7.20986
      vertex 322.313 -4 7.22735
      vertex 322.313 -0.999999 7.22735
    endloop
  endfacet
  facet normal -0.13857 0 0.990353
    outer loop
      vertex 322.313 -4 7.22735
      vertex 322.188 -0.999999 7.20986
      vertex 322.188 -4 7.20986
    endloop
  endfacet
  facet normal -0.590237 0 0.80723
    outer loop
      vertex 323.007 -0.999999 7.50773
      vertex 323.108 -4 7.58158
      vertex 323.108 -0.999999 7.58158
    endloop
  endfacet
  facet normal -0.590237 0 0.80723
    outer loop
      vertex 323.108 -4 7.58158
      vertex 323.007 -0.999999 7.50773
      vertex 323.007 -4 7.50773
    endloop
  endfacet
  facet normal 0.999493 -0 0.0318411
    outer loop
      vertex 320.2 -4 9
      vertex 320.204 -0.999999 8.87444
      vertex 320.2 -0.999999 9
    endloop
  endfacet
  facet normal 0.999493 0 0.0318411
    outer loop
      vertex 320.204 -0.999999 8.87444
      vertex 320.2 -4 9
      vertex 320.204 -4 8.87444
    endloop
  endfacet
  facet normal 0.950646 -0 0.310279
    outer loop
      vertex 320.27 -4 8.50385
      vertex 320.309 -0.999999 8.38436
      vertex 320.27 -0.999999 8.50385
    endloop
  endfacet
  facet normal 0.950646 0 0.310279
    outer loop
      vertex 320.309 -0.999999 8.38436
      vertex 320.27 -4 8.50385
      vertex 320.309 -4 8.38436
    endloop
  endfacet
  facet normal 0.985901 -0 0.167331
    outer loop
      vertex 320.218 -4 8.74949
      vertex 320.239 -0.999999 8.62576
      vertex 320.218 -0.999999 8.74949
    endloop
  endfacet
  facet normal 0.985901 0 0.167331
    outer loop
      vertex 320.239 -0.999999 8.62576
      vertex 320.218 -4 8.74949
      vertex 320.239 -4 8.62576
    endloop
  endfacet
  facet normal 0.82996 -0 0.557823
    outer loop
      vertex 320.474 -4 8.04614
      vertex 320.544 -0.999999 7.94199
      vertex 320.474 -0.999999 8.04614
    endloop
  endfacet
  facet normal 0.82996 0 0.557823
    outer loop
      vertex 320.544 -0.999999 7.94199
      vertex 320.474 -4 8.04614
      vertex 320.544 -4 7.94199
    endloop
  endfacet
  facet normal 0.0699085 0 0.997553
    outer loop
      vertex 321.812 -0.999999 7.20986
      vertex 321.937 -4 7.2011
      vertex 321.937 -0.999999 7.2011
    endloop
  endfacet
  facet normal 0.0699085 0 0.997553
    outer loop
      vertex 321.937 -4 7.2011
      vertex 321.812 -0.999999 7.20986
      vertex 321.812 -4 7.20986
    endloop
  endfacet
  facet normal 0.528315 0 0.849049
    outer loop
      vertex 320.993 -0.999999 7.50773
      vertex 321.1 -4 7.44115
      vertex 321.1 -0.999999 7.44115
    endloop
  endfacet
  facet normal 0.528315 0 0.849049
    outer loop
      vertex 321.1 -4 7.44115
      vertex 320.993 -0.999999 7.50773
      vertex 320.993 -4 7.50773
    endloop
  endfacet
  facet normal 0.590237 0 0.80723
    outer loop
      vertex 320.892 -0.999999 7.58158
      vertex 320.993 -4 7.50773
      vertex 320.993 -0.999999 7.50773
    endloop
  endfacet
  facet normal 0.590237 0 0.80723
    outer loop
      vertex 320.993 -4 7.50773
      vertex 320.892 -0.999999 7.58158
      vertex 320.892 -4 7.58158
    endloop
  endfacet
  facet normal 0.469225 0 0.883079
    outer loop
      vertex 321.1 -0.999999 7.44115
      vertex 321.211 -4 7.38217
      vertex 321.211 -0.999999 7.38217
    endloop
  endfacet
  facet normal 0.469225 0 0.883079
    outer loop
      vertex 321.211 -4 7.38217
      vertex 321.1 -0.999999 7.44115
      vertex 321.1 -4 7.44115
    endloop
  endfacet
  facet normal -0.999493 0 0.0318411
    outer loop
      vertex 323.796 -4 8.87444
      vertex 323.8 -0.999999 9
      vertex 323.796 -0.999999 8.87444
    endloop
  endfacet
  facet normal -0.999493 0 0.0318411
    outer loop
      vertex 323.8 -0.999999 9
      vertex 323.796 -4 8.87444
      vertex 323.8 -4 9
    endloop
  endfacet
  facet normal -0.950646 0 -0.310279
    outer loop
      vertex 323.73 -4 9.49615
      vertex 323.691 -0.999999 9.61564
      vertex 323.73 -0.999999 9.49615
    endloop
  endfacet
  facet normal -0.950646 -0 -0.310279
    outer loop
      vertex 323.691 -0.999999 9.61564
      vertex 323.73 -4 9.49615
      vertex 323.691 -4 9.61564
    endloop
  endfacet
  facet normal 0 0 -1
    outer loop
      vertex 321.937 -4 10.7989
      vertex 322.063 -0.999999 10.7989
      vertex 322.063 -4 10.7989
    endloop
  endfacet
  facet normal -0 0 -1
    outer loop
      vertex 322.063 -0.999999 10.7989
      vertex 321.937 -4 10.7989
      vertex 321.937 -0.999999 10.7989
    endloop
  endfacet
  facet normal 0.82996 0 -0.557823
    outer loop
      vertex 320.544 -4 10.058
      vertex 320.474 -0.999999 9.95385
      vertex 320.544 -0.999999 10.058
    endloop
  endfacet
  facet normal 0.82996 0 -0.557823
    outer loop
      vertex 320.474 -0.999999 9.95385
      vertex 320.544 -4 10.058
      vertex 320.474 -4 9.95385
    endloop
  endfacet
  facet normal -0.927364 0 0.374162
    outer loop
      vertex 323.644 -4 8.26787
      vertex 323.691 -0.999999 8.38436
      vertex 323.644 -0.999999 8.26787
    endloop
  endfacet
  facet normal -0.927364 0 0.374162
    outer loop
      vertex 323.691 -0.999999 8.38436
      vertex 323.644 -4 8.26787
      vertex 323.691 -4 8.38436
    endloop
  endfacet
  facet normal -0.950646 0 0.310279
    outer loop
      vertex 323.691 -4 8.38436
      vertex 323.73 -0.999999 8.50385
      vertex 323.691 -0.999999 8.38436
    endloop
  endfacet
  facet normal -0.950646 0 0.310279
    outer loop
      vertex 323.73 -0.999999 8.50385
      vertex 323.691 -4 8.38436
      vertex 323.73 -4 8.50385
    endloop
  endfacet
  facet normal -0.969157 0 0.246443
    outer loop
      vertex 323.73 -4 8.50385
      vertex 323.761 -0.999999 8.62576
      vertex 323.73 -0.999999 8.50385
    endloop
  endfacet
  facet normal -0.969157 0 0.246443
    outer loop
      vertex 323.761 -0.999999 8.62576
      vertex 323.73 -4 8.50385
      vertex 323.761 -4 8.62576
    endloop
  endfacet
  facet normal -0.86541 0 0.501064
    outer loop
      vertex 323.526 -4 8.04614
      vertex 323.589 -0.999999 8.15495
      vertex 323.526 -0.999999 8.04614
    endloop
  endfacet
  facet normal -0.86541 0 0.501064
    outer loop
      vertex 323.589 -0.999999 8.15495
      vertex 323.526 -4 8.04614
      vertex 323.589 -4 8.15495
    endloop
  endfacet
  facet normal -0.789382 0 0.613902
    outer loop
      vertex 323.379 -4 7.84298
      vertex 323.456 -0.999999 7.94199
      vertex 323.379 -0.999999 7.84298
    endloop
  endfacet
  facet normal -0.789382 0 0.613902
    outer loop
      vertex 323.456 -0.999999 7.94199
      vertex 323.379 -4 7.84298
      vertex 323.456 -4 7.94199
    endloop
  endfacet
  facet normal -0.743425 0 0.66882
    outer loop
      vertex 323.295 -4 7.74961
      vertex 323.379 -0.999999 7.84298
      vertex 323.295 -0.999999 7.74961
    endloop
  endfacet
  facet normal -0.743425 0 0.66882
    outer loop
      vertex 323.379 -0.999999 7.84298
      vertex 323.295 -4 7.74961
      vertex 323.379 -4 7.84298
    endloop
  endfacet
  facet normal -0.209354 0 0.97784
    outer loop
      vertex 322.313 -0.999999 7.22735
      vertex 322.435 -4 7.25347
      vertex 322.435 -0.999999 7.25347
    endloop
  endfacet
  facet normal -0.209354 0 0.97784
    outer loop
      vertex 322.435 -4 7.25347
      vertex 322.313 -0.999999 7.22735
      vertex 322.313 -4 7.22735
    endloop
  endfacet
  facet normal -0.275151 0 0.961401
    outer loop
      vertex 322.435 -0.999999 7.25347
      vertex 322.556 -4 7.2881
      vertex 322.556 -0.999999 7.2881
    endloop
  endfacet
  facet normal -0.275151 0 0.961401
    outer loop
      vertex 322.556 -4 7.2881
      vertex 322.435 -0.999999 7.25347
      vertex 322.435 -4 7.25347
    endloop
  endfacet
  facet normal -0.469225 0 0.883079
    outer loop
      vertex 322.789 -0.999999 7.38217
      vertex 322.9 -4 7.44115
      vertex 322.9 -0.999999 7.44115
    endloop
  endfacet
  facet normal -0.469225 0 0.883079
    outer loop
      vertex 322.9 -4 7.44115
      vertex 322.789 -0.999999 7.38217
      vertex 322.789 -4 7.38217
    endloop
  endfacet
  facet normal -0.406065 0 0.913844
    outer loop
      vertex 322.674 -0.999999 7.33107
      vertex 322.789 -4 7.38217
      vertex 322.789 -0.999999 7.38217
    endloop
  endfacet
  facet normal -0.406065 0 0.913844
    outer loop
      vertex 322.789 -4 7.38217
      vertex 322.674 -0.999999 7.33107
      vertex 322.674 -4 7.33107
    endloop
  endfacet
  facet normal -0.643753 0 0.765234
    outer loop
      vertex 323.108 -0.999999 7.58158
      vertex 323.204 -4 7.66234
      vertex 323.204 -0.999999 7.66234
    endloop
  endfacet
  facet normal -0.643753 0 0.765234
    outer loop
      vertex 323.204 -4 7.66234
      vertex 323.108 -0.999999 7.58158
      vertex 323.108 -4 7.58158
    endloop
  endfacet
  facet normal 0.969157 -0 0.246443
    outer loop
      vertex 320.239 -4 8.62576
      vertex 320.27 -0.999999 8.50385
      vertex 320.239 -0.999999 8.62576
    endloop
  endfacet
  facet normal 0.969157 0 0.246443
    outer loop
      vertex 320.27 -0.999999 8.50385
      vertex 320.239 -4 8.62576
      vertex 320.27 -4 8.50385
    endloop
  endfacet
  facet normal 0.86541 -0 0.501064
    outer loop
      vertex 320.411 -4 8.15495
      vertex 320.474 -0.999999 8.04614
      vertex 320.411 -0.999999 8.15495
    endloop
  endfacet
  facet normal 0.86541 0 0.501064
    outer loop
      vertex 320.474 -0.999999 8.04614
      vertex 320.411 -4 8.15495
      vertex 320.474 -4 8.04614
    endloop
  endfacet
  facet normal 0.899028 -0 0.43789
    outer loop
      vertex 320.356 -4 8.26787
      vertex 320.411 -0.999999 8.15495
      vertex 320.356 -0.999999 8.26787
    endloop
  endfacet
  facet normal 0.899028 0 0.43789
    outer loop
      vertex 320.411 -0.999999 8.15495
      vertex 320.356 -4 8.26787
      vertex 320.411 -4 8.15495
    endloop
  endfacet
  facet normal 0.789382 -0 0.613902
    outer loop
      vertex 320.544 -4 7.94199
      vertex 320.621 -0.999999 7.84298
      vertex 320.544 -0.999999 7.94199
    endloop
  endfacet
  facet normal 0.789382 0 0.613902
    outer loop
      vertex 320.621 -0.999999 7.84298
      vertex 320.544 -4 7.94199
      vertex 320.621 -4 7.84298
    endloop
  endfacet
  facet normal 0.275151 0 0.961401
    outer loop
      vertex 321.444 -0.999999 7.2881
      vertex 321.565 -4 7.25347
      vertex 321.565 -0.999999 7.25347
    endloop
  endfacet
  facet normal 0.275151 0 0.961401
    outer loop
      vertex 321.565 -4 7.25347
      vertex 321.444 -0.999999 7.2881
      vertex 321.444 -4 7.2881
    endloop
  endfacet
  facet normal 0.406065 0 0.913844
    outer loop
      vertex 321.211 -0.999999 7.38217
      vertex 321.326 -4 7.33107
      vertex 321.326 -0.999999 7.33107
    endloop
  endfacet
  facet normal 0.406065 0 0.913844
    outer loop
      vertex 321.326 -4 7.33107
      vertex 321.211 -0.999999 7.38217
      vertex 321.211 -4 7.38217
    endloop
  endfacet
  facet normal 0.643753 0 0.765234
    outer loop
      vertex 320.796 -0.999999 7.66234
      vertex 320.892 -4 7.58158
      vertex 320.892 -0.999999 7.58158
    endloop
  endfacet
  facet normal 0.643753 0 0.765234
    outer loop
      vertex 320.892 -4 7.58158
      vertex 320.796 -0.999999 7.66234
      vertex 320.796 -4 7.66234
    endloop
  endfacet
  facet normal 0.69216 0 0.721744
    outer loop
      vertex 320.705 -0.999999 7.74961
      vertex 320.796 -4 7.66234
      vertex 320.796 -0.999999 7.66234
    endloop
  endfacet
  facet normal 0.69216 0 0.721744
    outer loop
      vertex 320.796 -4 7.66234
      vertex 320.705 -0.999999 7.74961
      vertex 320.705 -4 7.74961
    endloop
  endfacet
  facet normal -0.993781 0 -0.111348
    outer loop
      vertex 323.796 -4 9.12556
      vertex 323.782 -0.999999 9.25051
      vertex 323.796 -0.999999 9.12556
    endloop
  endfacet
  facet normal -0.993781 -0 -0.111348
    outer loop
      vertex 323.782 -0.999999 9.25051
      vertex 323.796 -4 9.12556
      vertex 323.782 -4 9.25051
    endloop
  endfacet
  facet normal -0.86539 0 -0.501099
    outer loop
      vertex 323.589 -4 9.84505
      vertex 323.526 -0.999999 9.95385
      vertex 323.589 -0.999999 9.84505
    endloop
  endfacet
  facet normal -0.86539 -0 -0.501099
    outer loop
      vertex 323.526 -0.999999 9.95385
      vertex 323.589 -4 9.84505
      vertex 323.526 -4 9.95385
    endloop
  endfacet
  facet normal -0.927364 0 -0.374162
    outer loop
      vertex 323.691 -4 9.61564
      vertex 323.644 -0.999999 9.73213
      vertex 323.691 -0.999999 9.61564
    endloop
  endfacet
  facet normal -0.927364 -0 -0.374162
    outer loop
      vertex 323.644 -0.999999 9.73213
      vertex 323.691 -4 9.61564
      vertex 323.644 -4 9.73213
    endloop
  endfacet
  facet normal -0.692284 0 -0.721625
    outer loop
      vertex 323.204 -4 10.3377
      vertex 323.295 -0.999999 10.2504
      vertex 323.295 -4 10.2504
    endloop
  endfacet
  facet normal -0.692284 0 -0.721625
    outer loop
      vertex 323.295 -0.999999 10.2504
      vertex 323.204 -4 10.3377
      vertex 323.204 -0.999999 10.3377
    endloop
  endfacet
  facet normal -0.82996 0 -0.557823
    outer loop
      vertex 323.526 -4 9.95385
      vertex 323.456 -0.999999 10.058
      vertex 323.526 -0.999999 9.95385
    endloop
  endfacet
  facet normal -0.82996 -0 -0.557823
    outer loop
      vertex 323.456 -0.999999 10.058
      vertex 323.526 -4 9.95385
      vertex 323.456 -4 10.058
    endloop
  endfacet
  facet normal 0.985901 0 -0.167331
    outer loop
      vertex 320.239 -4 9.37424
      vertex 320.218 -0.999999 9.25051
      vertex 320.239 -0.999999 9.37424
    endloop
  endfacet
  facet normal 0.985901 0 -0.167331
    outer loop
      vertex 320.218 -0.999999 9.25051
      vertex 320.239 -4 9.37424
      vertex 320.218 -4 9.25051
    endloop
  endfacet
  facet normal 0.789352 0 -0.613941
    outer loop
      vertex 320.621 -4 10.157
      vertex 320.544 -0.999999 10.058
      vertex 320.621 -0.999999 10.157
    endloop
  endfacet
  facet normal 0.789352 0 -0.613941
    outer loop
      vertex 320.544 -0.999999 10.058
      vertex 320.621 -4 10.157
      vertex 320.544 -4 10.058
    endloop
  endfacet
  facet normal -0.209967 0 -0.977708
    outer loop
      vertex 322.313 -4 10.7727
      vertex 322.435 -0.999999 10.7465
      vertex 322.435 -4 10.7465
    endloop
  endfacet
  facet normal -0.209967 0 -0.977708
    outer loop
      vertex 322.435 -0.999999 10.7465
      vertex 322.313 -4 10.7727
      vertex 322.313 -0.999999 10.7727
    endloop
  endfacet
  facet normal -0.342382 0 -0.939561
    outer loop
      vertex 322.556 -4 10.7119
      vertex 322.674 -0.999999 10.6689
      vertex 322.674 -4 10.6689
    endloop
  endfacet
  facet normal -0.342382 0 -0.939561
    outer loop
      vertex 322.674 -0.999999 10.6689
      vertex 322.556 -4 10.7119
      vertex 322.556 -0.999999 10.7119
    endloop
  endfacet
  facet normal -0.985901 0 0.167331
    outer loop
      vertex 323.761 -4 8.62576
      vertex 323.782 -0.999999 8.74949
      vertex 323.761 -0.999999 8.62576
    endloop
  endfacet
  facet normal -0.985901 0 0.167331
    outer loop
      vertex 323.782 -0.999999 8.74949
      vertex 323.761 -4 8.62576
      vertex 323.782 -4 8.74949
    endloop
  endfacet
  facet normal 0.209354 0 0.97784
    outer loop
      vertex 321.565 -0.999999 7.25347
      vertex 321.687 -4 7.22735
      vertex 321.687 -0.999999 7.22735
    endloop
  endfacet
  facet normal 0.209354 0 0.97784
    outer loop
      vertex 321.687 -4 7.22735
      vertex 321.565 -0.999999 7.25347
      vertex 321.565 -4 7.25347
    endloop
  endfacet
  facet normal -0.969157 0 -0.246443
    outer loop
      vertex 323.761 -4 9.37424
      vertex 323.73 -0.999999 9.49615
      vertex 323.761 -0.999999 9.37424
    endloop
  endfacet
  facet normal -0.969157 -0 -0.246443
    outer loop
      vertex 323.73 -0.999999 9.49615
      vertex 323.761 -4 9.37424
      vertex 323.73 -4 9.49615
    endloop
  endfacet
  facet normal -0.643473 0 -0.765469
    outer loop
      vertex 323.108 -4 10.4184
      vertex 323.204 -0.999999 10.3377
      vertex 323.204 -4 10.3377
    endloop
  endfacet
  facet normal -0.643473 0 -0.765469
    outer loop
      vertex 323.204 -0.999999 10.3377
      vertex 323.108 -4 10.4184
      vertex 323.108 -0.999999 10.4184
    endloop
  endfacet
  facet normal -0.743532 0 -0.668701
    outer loop
      vertex 323.379 -4 10.157
      vertex 323.295 -0.999999 10.2504
      vertex 323.379 -0.999999 10.157
    endloop
  endfacet
  facet normal -0.743532 -0 -0.668701
    outer loop
      vertex 323.295 -0.999999 10.2504
      vertex 323.379 -4 10.157
      vertex 323.295 -4 10.2504
    endloop
  endfacet
  facet normal 0.527857 0 -0.849333
    outer loop
      vertex 320.993 -4 10.4923
      vertex 321.1 -0.999999 10.5588
      vertex 321.1 -4 10.5588
    endloop
  endfacet
  facet normal 0.527857 0 -0.849333
    outer loop
      vertex 321.1 -0.999999 10.5588
      vertex 320.993 -4 10.4923
      vertex 320.993 -0.999999 10.4923
    endloop
  endfacet
  facet normal 0.342382 0 -0.939561
    outer loop
      vertex 321.326 -4 10.6689
      vertex 321.444 -0.999999 10.7119
      vertex 321.444 -4 10.7119
    endloop
  endfacet
  facet normal 0.342382 0 -0.939561
    outer loop
      vertex 321.444 -0.999999 10.7119
      vertex 321.326 -4 10.6689
      vertex 321.326 -0.999999 10.6689
    endloop
  endfacet
  facet normal 0.209967 0 -0.977708
    outer loop
      vertex 321.565 -4 10.7465
      vertex 321.687 -0.999999 10.7727
      vertex 321.687 -4 10.7727
    endloop
  endfacet
  facet normal 0.209967 0 -0.977708
    outer loop
      vertex 321.687 -0.999999 10.7727
      vertex 321.565 -4 10.7465
      vertex 321.565 -0.999999 10.7465
    endloop
  endfacet
  facet normal 0.137871 0 -0.99045
    outer loop
      vertex 321.687 -4 10.7727
      vertex 321.812 -0.999999 10.7901
      vertex 321.812 -4 10.7901
    endloop
  endfacet
  facet normal 0.137871 0 -0.99045
    outer loop
      vertex 321.812 -0.999999 10.7901
      vertex 321.687 -4 10.7727
      vertex 321.687 -0.999999 10.7727
    endloop
  endfacet
  facet normal 0.950646 0 -0.310279
    outer loop
      vertex 320.309 -4 9.61564
      vertex 320.27 -0.999999 9.49615
      vertex 320.309 -0.999999 9.61564
    endloop
  endfacet
  facet normal 0.950646 0 -0.310279
    outer loop
      vertex 320.27 -0.999999 9.49615
      vertex 320.309 -4 9.61564
      vertex 320.27 -4 9.49615
    endloop
  endfacet
  facet normal 0.993781 0 -0.111348
    outer loop
      vertex 320.218 -4 9.25051
      vertex 320.204 -0.999999 9.12556
      vertex 320.218 -0.999999 9.25051
    endloop
  endfacet
  facet normal 0.993781 0 -0.111348
    outer loop
      vertex 320.204 -0.999999 9.12556
      vertex 320.218 -4 9.25051
      vertex 320.204 -4 9.12556
    endloop
  endfacet
  facet normal 0.999493 0 -0.0318411
    outer loop
      vertex 320.204 -4 9.12556
      vertex 320.2 -0.999999 9
      vertex 320.204 -0.999999 9.12556
    endloop
  endfacet
  facet normal 0.999493 0 -0.0318411
    outer loop
      vertex 320.2 -0.999999 9
      vertex 320.204 -4 9.12556
      vertex 320.2 -4 9
    endloop
  endfacet
  facet normal 0.86539 0 -0.501099
    outer loop
      vertex 320.474 -4 9.95385
      vertex 320.411 -0.999999 9.84505
      vertex 320.474 -0.999999 9.95385
    endloop
  endfacet
  facet normal 0.86539 0 -0.501099
    outer loop
      vertex 320.411 -0.999999 9.84505
      vertex 320.474 -4 9.95385
      vertex 320.411 -4 9.84505
    endloop
  endfacet
  facet normal 0.899028 0 -0.43789
    outer loop
      vertex 320.411 -4 9.84505
      vertex 320.356 -0.999999 9.73213
      vertex 320.411 -0.999999 9.84505
    endloop
  endfacet
  facet normal 0.899028 0 -0.43789
    outer loop
      vertex 320.356 -0.999999 9.73213
      vertex 320.411 -4 9.84505
      vertex 320.356 -4 9.73213
    endloop
  endfacet
  facet normal 0.743532 0 -0.668701
    outer loop
      vertex 320.705 -4 10.2504
      vertex 320.621 -0.999999 10.157
      vertex 320.705 -0.999999 10.2504
    endloop
  endfacet
  facet normal 0.743532 0 -0.668701
    outer loop
      vertex 320.621 -0.999999 10.157
      vertex 320.705 -4 10.2504
      vertex 320.621 -4 10.157
    endloop
  endfacet
  facet normal -0.137871 0 -0.99045
    outer loop
      vertex 322.188 -4 10.7901
      vertex 322.313 -0.999999 10.7727
      vertex 322.313 -4 10.7727
    endloop
  endfacet
  facet normal -0.137871 0 -0.99045
    outer loop
      vertex 322.313 -0.999999 10.7727
      vertex 322.188 -4 10.7901
      vertex 322.188 -0.999999 10.7901
    endloop
  endfacet
  facet normal -0.0702262 0 -0.997531
    outer loop
      vertex 322.063 -4 10.7989
      vertex 322.188 -0.999999 10.7901
      vertex 322.188 -4 10.7901
    endloop
  endfacet
  facet normal -0.0702262 0 -0.997531
    outer loop
      vertex 322.188 -0.999999 10.7901
      vertex 322.063 -4 10.7989
      vertex 322.063 -0.999999 10.7989
    endloop
  endfacet
  facet normal -0.985901 0 -0.167331
    outer loop
      vertex 323.782 -4 9.25051
      vertex 323.761 -0.999999 9.37424
      vertex 323.782 -0.999999 9.25051
    endloop
  endfacet
  facet normal -0.985901 -0 -0.167331
    outer loop
      vertex 323.761 -0.999999 9.37424
      vertex 323.782 -4 9.25051
      vertex 323.761 -4 9.37424
    endloop
  endfacet
  facet normal -0.899028 0 -0.43789
    outer loop
      vertex 323.644 -4 9.73213
      vertex 323.589 -0.999999 9.84505
      vertex 323.644 -0.999999 9.73213
    endloop
  endfacet
  facet normal -0.899028 -0 -0.43789
    outer loop
      vertex 323.589 -0.999999 9.84505
      vertex 323.644 -4 9.73213
      vertex 323.589 -4 9.84505
    endloop
  endfacet
  facet normal -0.469349 0 -0.883013
    outer loop
      vertex 322.789 -4 10.6178
      vertex 322.9 -0.999999 10.5588
      vertex 322.9 -4 10.5588
    endloop
  endfacet
  facet normal -0.469349 0 -0.883013
    outer loop
      vertex 322.9 -0.999999 10.5588
      vertex 322.789 -4 10.6178
      vertex 322.789 -0.999999 10.6178
    endloop
  endfacet
  facet normal -0.590497 0 -0.80704
    outer loop
      vertex 323.007 -4 10.4923
      vertex 323.108 -0.999999 10.4184
      vertex 323.108 -4 10.4184
    endloop
  endfacet
  facet normal -0.590497 0 -0.80704
    outer loop
      vertex 323.108 -0.999999 10.4184
      vertex 323.007 -4 10.4923
      vertex 323.007 -0.999999 10.4923
    endloop
  endfacet
  facet normal -0.789352 0 -0.613941
    outer loop
      vertex 323.456 -4 10.058
      vertex 323.379 -0.999999 10.157
      vertex 323.456 -0.999999 10.058
    endloop
  endfacet
  facet normal -0.789352 -0 -0.613941
    outer loop
      vertex 323.379 -0.999999 10.157
      vertex 323.456 -4 10.058
      vertex 323.379 -4 10.157
    endloop
  endfacet
  facet normal 0.0702262 0 -0.997531
    outer loop
      vertex 321.812 -4 10.7901
      vertex 321.937 -0.999999 10.7989
      vertex 321.937 -4 10.7989
    endloop
  endfacet
  facet normal 0.0702262 0 -0.997531
    outer loop
      vertex 321.937 -0.999999 10.7989
      vertex 321.812 -4 10.7901
      vertex 321.812 -0.999999 10.7901
    endloop
  endfacet
  facet normal 0.590497 0 -0.80704
    outer loop
      vertex 320.892 -4 10.4184
      vertex 320.993 -0.999999 10.4923
      vertex 320.993 -4 10.4923
    endloop
  endfacet
  facet normal 0.590497 0 -0.80704
    outer loop
      vertex 320.993 -0.999999 10.4923
      vertex 320.892 -4 10.4184
      vertex 320.892 -0.999999 10.4184
    endloop
  endfacet
  facet normal 0.469349 0 -0.883013
    outer loop
      vertex 321.1 -4 10.5588
      vertex 321.211 -0.999999 10.6178
      vertex 321.211 -4 10.6178
    endloop
  endfacet
  facet normal 0.469349 0 -0.883013
    outer loop
      vertex 321.211 -0.999999 10.6178
      vertex 321.1 -4 10.5588
      vertex 321.1 -0.999999 10.5588
    endloop
  endfacet
  facet normal 0.274931 0 -0.961464
    outer loop
      vertex 321.444 -4 10.7119
      vertex 321.565 -0.999999 10.7465
      vertex 321.565 -4 10.7465
    endloop
  endfacet
  facet normal 0.274931 0 -0.961464
    outer loop
      vertex 321.565 -0.999999 10.7465
      vertex 321.444 -4 10.7119
      vertex 321.444 -0.999999 10.7119
    endloop
  endfacet
  facet normal 0.969157 0 -0.246443
    outer loop
      vertex 320.27 -4 9.49615
      vertex 320.239 -0.999999 9.37424
      vertex 320.27 -0.999999 9.49615
    endloop
  endfacet
  facet normal 0.969157 0 -0.246443
    outer loop
      vertex 320.239 -0.999999 9.37424
      vertex 320.27 -4 9.49615
      vertex 320.239 -4 9.37424
    endloop
  endfacet
  facet normal -0.274931 0 -0.961464
    outer loop
      vertex 322.435 -4 10.7465
      vertex 322.556 -0.999999 10.7119
      vertex 322.556 -4 10.7119
    endloop
  endfacet
  facet normal -0.274931 0 -0.961464
    outer loop
      vertex 322.556 -0.999999 10.7119
      vertex 322.435 -4 10.7465
      vertex 322.435 -0.999999 10.7465
    endloop
  endfacet
  facet normal -0.527857 0 -0.849333
    outer loop
      vertex 322.9 -4 10.5588
      vertex 323.007 -0.999999 10.4923
      vertex 323.007 -4 10.4923
    endloop
  endfacet
  facet normal -0.527857 0 -0.849333
    outer loop
      vertex 323.007 -0.999999 10.4923
      vertex 322.9 -4 10.5588
      vertex 322.9 -0.999999 10.5588
    endloop
  endfacet
  facet normal 0.643473 0 -0.765469
    outer loop
      vertex 320.796 -4 10.3377
      vertex 320.892 -0.999999 10.4184
      vertex 320.892 -4 10.4184
    endloop
  endfacet
  facet normal 0.643473 0 -0.765469
    outer loop
      vertex 320.892 -0.999999 10.4184
      vertex 320.796 -4 10.3377
      vertex 320.796 -0.999999 10.3377
    endloop
  endfacet
  facet normal 0.406065 0 -0.913844
    outer loop
      vertex 321.211 -4 10.6178
      vertex 321.326 -0.999999 10.6689
      vertex 321.326 -4 10.6689
    endloop
  endfacet
  facet normal 0.406065 0 -0.913844
    outer loop
      vertex 321.326 -0.999999 10.6689
      vertex 321.211 -4 10.6178
      vertex 321.211 -0.999999 10.6178
    endloop
  endfacet
  facet normal 0.999493 -0 0.0318411
    outer loop
      vertex 434.2 -4 9
      vertex 434.204 -0.999999 8.87444
      vertex 434.2 -0.999999 9
    endloop
  endfacet
  facet normal 0.999493 0 0.0318411
    outer loop
      vertex 434.204 -0.999999 8.87444
      vertex 434.2 -4 9
      vertex 434.204 -4 8.87444
    endloop
  endfacet
  facet normal -0 0 1
    outer loop
      vertex 435.937 -0.999999 7.2011
      vertex 436.063 -4 7.2011
      vertex 436.063 -0.999999 7.2011
    endloop
  endfacet
  facet normal 0 0 1
    outer loop
      vertex 436.063 -4 7.2011
      vertex 435.937 -0.999999 7.2011
      vertex 435.937 -4 7.2011
    endloop
  endfacet
  facet normal -0.69216 0 0.721744
    outer loop
      vertex 437.204 -0.999999 7.66234
      vertex 437.295 -4 7.74961
      vertex 437.295 -0.999999 7.74961
    endloop
  endfacet
  facet normal -0.69216 0 0.721744
    outer loop
      vertex 437.295 -4 7.74961
      vertex 437.204 -0.999999 7.66234
      vertex 437.204 -4 7.66234
    endloop
  endfacet
  facet normal 0.342171 0 0.939638
    outer loop
      vertex 435.326 -0.999999 7.33107
      vertex 435.444 -4 7.2881
      vertex 435.444 -0.999999 7.2881
    endloop
  endfacet
  facet normal 0.342171 0 0.939638
    outer loop
      vertex 435.444 -4 7.2881
      vertex 435.326 -0.999999 7.33107
      vertex 435.326 -4 7.33107
    endloop
  endfacet
  facet normal -0.927364 0 0.374162
    outer loop
      vertex 437.644 -4 8.26787
      vertex 437.691 -0.999999 8.38436
      vertex 437.644 -0.999999 8.26787
    endloop
  endfacet
  facet normal -0.927364 0 0.374162
    outer loop
      vertex 437.691 -0.999999 8.38436
      vertex 437.644 -4 8.26787
      vertex 437.691 -4 8.38436
    endloop
  endfacet
  facet normal -0.342171 0 0.939638
    outer loop
      vertex 436.556 -0.999999 7.2881
      vertex 436.674 -4 7.33107
      vertex 436.674 -0.999999 7.33107
    endloop
  endfacet
  facet normal -0.342171 0 0.939638
    outer loop
      vertex 436.674 -4 7.33107
      vertex 436.556 -0.999999 7.2881
      vertex 436.556 -4 7.2881
    endloop
  endfacet
  facet normal 0.86541 -0 0.501064
    outer loop
      vertex 434.411 -4 8.15495
      vertex 434.474 -0.999999 8.04614
      vertex 434.411 -0.999999 8.15495
    endloop
  endfacet
  facet normal 0.86541 0 0.501064
    outer loop
      vertex 434.474 -0.999999 8.04614
      vertex 434.411 -4 8.15495
      vertex 434.474 -4 8.04614
    endloop
  endfacet
  facet normal 0.82996 -0 0.557823
    outer loop
      vertex 434.474 -4 8.04614
      vertex 434.544 -0.999999 7.94199
      vertex 434.474 -0.999999 8.04614
    endloop
  endfacet
  facet normal 0.82996 0 0.557823
    outer loop
      vertex 434.544 -0.999999 7.94199
      vertex 434.474 -4 8.04614
      vertex 434.544 -4 7.94199
    endloop
  endfacet
  facet normal 0.643753 0 0.765234
    outer loop
      vertex 434.796 -0.999999 7.66234
      vertex 434.892 -4 7.58158
      vertex 434.892 -0.999999 7.58158
    endloop
  endfacet
  facet normal 0.643753 0 0.765234
    outer loop
      vertex 434.892 -4 7.58158
      vertex 434.796 -0.999999 7.66234
      vertex 434.796 -4 7.66234
    endloop
  endfacet
  facet normal -0.985901 0 0.167331
    outer loop
      vertex 437.761 -4 8.62576
      vertex 437.782 -0.999999 8.74949
      vertex 437.761 -0.999999 8.62576
    endloop
  endfacet
  facet normal -0.985901 0 0.167331
    outer loop
      vertex 437.782 -0.999999 8.74949
      vertex 437.761 -4 8.62576
      vertex 437.782 -4 8.74949
    endloop
  endfacet
  facet normal -0.993781 0 0.111348
    outer loop
      vertex 437.782 -4 8.74949
      vertex 437.796 -0.999999 8.87444
      vertex 437.782 -0.999999 8.74949
    endloop
  endfacet
  facet normal -0.993781 0 0.111348
    outer loop
      vertex 437.796 -0.999999 8.87444
      vertex 437.782 -4 8.74949
      vertex 437.796 -4 8.87444
    endloop
  endfacet
  facet normal -0.950646 0 0.310279
    outer loop
      vertex 437.691 -4 8.38436
      vertex 437.73 -0.999999 8.50385
      vertex 437.691 -0.999999 8.38436
    endloop
  endfacet
  facet normal -0.950646 0 0.310279
    outer loop
      vertex 437.73 -0.999999 8.50385
      vertex 437.691 -4 8.38436
      vertex 437.73 -4 8.50385
    endloop
  endfacet
  facet normal -0.82996 0 0.557823
    outer loop
      vertex 437.456 -4 7.94199
      vertex 437.526 -0.999999 8.04614
      vertex 437.456 -0.999999 7.94199
    endloop
  endfacet
  facet normal -0.82996 0 0.557823
    outer loop
      vertex 437.526 -0.999999 8.04614
      vertex 437.456 -4 7.94199
      vertex 437.526 -4 8.04614
    endloop
  endfacet
  facet normal -0.743425 0 0.66882
    outer loop
      vertex 437.295 -4 7.74961
      vertex 437.379 -0.999999 7.84298
      vertex 437.295 -0.999999 7.74961
    endloop
  endfacet
  facet normal -0.743425 0 0.66882
    outer loop
      vertex 437.379 -0.999999 7.84298
      vertex 437.295 -4 7.74961
      vertex 437.379 -4 7.84298
    endloop
  endfacet
  facet normal -0.86541 0 0.501064
    outer loop
      vertex 437.526 -4 8.04614
      vertex 437.589 -0.999999 8.15495
      vertex 437.526 -0.999999 8.04614
    endloop
  endfacet
  facet normal -0.86541 0 0.501064
    outer loop
      vertex 437.589 -0.999999 8.15495
      vertex 437.526 -4 8.04614
      vertex 437.589 -4 8.15495
    endloop
  endfacet
  facet normal -0.13857 0 0.990353
    outer loop
      vertex 436.188 -0.999999 7.20986
      vertex 436.313 -4 7.22735
      vertex 436.313 -0.999999 7.22735
    endloop
  endfacet
  facet normal -0.13857 0 0.990353
    outer loop
      vertex 436.313 -4 7.22735
      vertex 436.188 -0.999999 7.20986
      vertex 436.188 -4 7.20986
    endloop
  endfacet
  facet normal -0.590237 0 0.80723
    outer loop
      vertex 437.007 -0.999999 7.50773
      vertex 437.108 -4 7.58158
      vertex 437.108 -0.999999 7.58158
    endloop
  endfacet
  facet normal -0.590237 0 0.80723
    outer loop
      vertex 437.108 -4 7.58158
      vertex 437.007 -0.999999 7.50773
      vertex 437.007 -4 7.50773
    endloop
  endfacet
  facet normal -0.406065 0 0.913844
    outer loop
      vertex 436.674 -0.999999 7.33107
      vertex 436.789 -4 7.38217
      vertex 436.789 -0.999999 7.38217
    endloop
  endfacet
  facet normal -0.406065 0 0.913844
    outer loop
      vertex 436.789 -4 7.38217
      vertex 436.674 -0.999999 7.33107
      vertex 436.674 -4 7.33107
    endloop
  endfacet
  facet normal -0.528315 0 0.849049
    outer loop
      vertex 436.9 -0.999999 7.44115
      vertex 437.007 -4 7.50773
      vertex 437.007 -0.999999 7.50773
    endloop
  endfacet
  facet normal -0.528315 0 0.849049
    outer loop
      vertex 437.007 -4 7.50773
      vertex 436.9 -0.999999 7.44115
      vertex 436.9 -4 7.44115
    endloop
  endfacet
  facet normal 0.985901 -0 0.167331
    outer loop
      vertex 434.218 -4 8.74949
      vertex 434.239 -0.999999 8.62576
      vertex 434.218 -0.999999 8.74949
    endloop
  endfacet
  facet normal 0.985901 0 0.167331
    outer loop
      vertex 434.239 -0.999999 8.62576
      vertex 434.218 -4 8.74949
      vertex 434.239 -4 8.62576
    endloop
  endfacet
  facet normal 0.927364 -0 0.374162
    outer loop
      vertex 434.309 -4 8.38436
      vertex 434.356 -0.999999 8.26787
      vertex 434.309 -0.999999 8.38436
    endloop
  endfacet
  facet normal 0.927364 0 0.374162
    outer loop
      vertex 434.356 -0.999999 8.26787
      vertex 434.309 -4 8.38436
      vertex 434.356 -4 8.26787
    endloop
  endfacet
  facet normal 0.950646 -0 0.310279
    outer loop
      vertex 434.27 -4 8.50385
      vertex 434.309 -0.999999 8.38436
      vertex 434.27 -0.999999 8.50385
    endloop
  endfacet
  facet normal 0.950646 0 0.310279
    outer loop
      vertex 434.309 -0.999999 8.38436
      vertex 434.27 -4 8.50385
      vertex 434.309 -4 8.38436
    endloop
  endfacet
  facet normal 0.528315 0 0.849049
    outer loop
      vertex 434.993 -0.999999 7.50773
      vertex 435.1 -4 7.44115
      vertex 435.1 -0.999999 7.44115
    endloop
  endfacet
  facet normal 0.528315 0 0.849049
    outer loop
      vertex 435.1 -4 7.44115
      vertex 434.993 -0.999999 7.50773
      vertex 434.993 -4 7.50773
    endloop
  endfacet
  facet normal 0.0699085 0 0.997553
    outer loop
      vertex 435.812 -0.999999 7.20986
      vertex 435.937 -4 7.2011
      vertex 435.937 -0.999999 7.2011
    endloop
  endfacet
  facet normal 0.0699085 0 0.997553
    outer loop
      vertex 435.937 -4 7.2011
      vertex 435.812 -0.999999 7.20986
      vertex 435.812 -4 7.20986
    endloop
  endfacet
  facet normal 0.275151 0 0.961401
    outer loop
      vertex 435.444 -0.999999 7.2881
      vertex 435.565 -4 7.25347
      vertex 435.565 -0.999999 7.25347
    endloop
  endfacet
  facet normal 0.275151 0 0.961401
    outer loop
      vertex 435.565 -4 7.25347
      vertex 435.444 -0.999999 7.2881
      vertex 435.444 -4 7.2881
    endloop
  endfacet
  facet normal 0.13857 0 0.990353
    outer loop
      vertex 435.687 -0.999999 7.22735
      vertex 435.812 -4 7.20986
      vertex 435.812 -0.999999 7.20986
    endloop
  endfacet
  facet normal 0.13857 0 0.990353
    outer loop
      vertex 435.812 -4 7.20986
      vertex 435.687 -0.999999 7.22735
      vertex 435.687 -4 7.22735
    endloop
  endfacet
  facet normal -0.999493 0 -0.0318411
    outer loop
      vertex 437.8 -4 9
      vertex 437.796 -0.999999 9.12556
      vertex 437.8 -0.999999 9
    endloop
  endfacet
  facet normal -0.999493 -0 -0.0318411
    outer loop
      vertex 437.796 -0.999999 9.12556
      vertex 437.8 -4 9
      vertex 437.796 -4 9.12556
    endloop
  endfacet
  facet normal -0.927364 0 -0.374162
    outer loop
      vertex 437.691 -4 9.61564
      vertex 437.644 -0.999999 9.73213
      vertex 437.691 -0.999999 9.61564
    endloop
  endfacet
  facet normal -0.927364 -0 -0.374162
    outer loop
      vertex 437.644 -0.999999 9.73213
      vertex 437.691 -4 9.61564
      vertex 437.644 -4 9.73213
    endloop
  endfacet
  facet normal 0.82996 0 -0.557823
    outer loop
      vertex 434.544 -4 10.058
      vertex 434.474 -0.999999 9.95385
      vertex 434.544 -0.999999 10.058
    endloop
  endfacet
  facet normal 0.82996 0 -0.557823
    outer loop
      vertex 434.474 -0.999999 9.95385
      vertex 434.544 -4 10.058
      vertex 434.474 -4 9.95385
    endloop
  endfacet
  facet normal 0.950646 0 -0.310279
    outer loop
      vertex 434.309 -4 9.61564
      vertex 434.27 -0.999999 9.49615
      vertex 434.309 -0.999999 9.61564
    endloop
  endfacet
  facet normal 0.950646 0 -0.310279
    outer loop
      vertex 434.27 -0.999999 9.49615
      vertex 434.309 -4 9.61564
      vertex 434.27 -4 9.49615
    endloop
  endfacet
  facet normal -0.342382 0 -0.939561
    outer loop
      vertex 436.556 -4 10.7119
      vertex 436.674 -0.999999 10.6689
      vertex 436.674 -4 10.6689
    endloop
  endfacet
  facet normal -0.342382 0 -0.939561
    outer loop
      vertex 436.674 -0.999999 10.6689
      vertex 436.556 -4 10.7119
      vertex 436.556 -0.999999 10.7119
    endloop
  endfacet
  facet normal -0.969157 0 0.246443
    outer loop
      vertex 437.73 -4 8.50385
      vertex 437.761 -0.999999 8.62576
      vertex 437.73 -0.999999 8.50385
    endloop
  endfacet
  facet normal -0.969157 0 0.246443
    outer loop
      vertex 437.761 -0.999999 8.62576
      vertex 437.73 -4 8.50385
      vertex 437.761 -4 8.62576
    endloop
  endfacet
  facet normal -0.899028 0 0.43789
    outer loop
      vertex 437.589 -4 8.15495
      vertex 437.644 -0.999999 8.26787
      vertex 437.589 -0.999999 8.15495
    endloop
  endfacet
  facet normal -0.899028 0 0.43789
    outer loop
      vertex 437.644 -0.999999 8.26787
      vertex 437.589 -4 8.15495
      vertex 437.644 -4 8.26787
    endloop
  endfacet
  facet normal -0.0699085 0 0.997553
    outer loop
      vertex 436.063 -0.999999 7.2011
      vertex 436.188 -4 7.20986
      vertex 436.188 -0.999999 7.20986
    endloop
  endfacet
  facet normal -0.0699085 0 0.997553
    outer loop
      vertex 436.188 -4 7.20986
      vertex 436.063 -0.999999 7.2011
      vertex 436.063 -4 7.2011
    endloop
  endfacet
  facet normal -0.209354 0 0.97784
    outer loop
      vertex 436.313 -0.999999 7.22735
      vertex 436.435 -4 7.25347
      vertex 436.435 -0.999999 7.25347
    endloop
  endfacet
  facet normal -0.209354 0 0.97784
    outer loop
      vertex 436.435 -4 7.25347
      vertex 436.313 -0.999999 7.22735
      vertex 436.313 -4 7.22735
    endloop
  endfacet
  facet normal -0.469225 0 0.883079
    outer loop
      vertex 436.789 -0.999999 7.38217
      vertex 436.9 -4 7.44115
      vertex 436.9 -0.999999 7.44115
    endloop
  endfacet
  facet normal -0.469225 0 0.883079
    outer loop
      vertex 436.9 -4 7.44115
      vertex 436.789 -0.999999 7.38217
      vertex 436.789 -4 7.38217
    endloop
  endfacet
  facet normal -0.643753 0 0.765234
    outer loop
      vertex 437.108 -0.999999 7.58158
      vertex 437.204 -4 7.66234
      vertex 437.204 -0.999999 7.66234
    endloop
  endfacet
  facet normal -0.643753 0 0.765234
    outer loop
      vertex 437.204 -4 7.66234
      vertex 437.108 -0.999999 7.58158
      vertex 437.108 -4 7.58158
    endloop
  endfacet
  facet normal 0.743425 -0 0.66882
    outer loop
      vertex 434.621 -4 7.84298
      vertex 434.705 -0.999999 7.74961
      vertex 434.621 -0.999999 7.84298
    endloop
  endfacet
  facet normal 0.743425 0 0.66882
    outer loop
      vertex 434.705 -0.999999 7.74961
      vertex 434.621 -4 7.84298
      vertex 434.705 -4 7.74961
    endloop
  endfacet
  facet normal 0.789382 -0 0.613902
    outer loop
      vertex 434.544 -4 7.94199
      vertex 434.621 -0.999999 7.84298
      vertex 434.544 -0.999999 7.94199
    endloop
  endfacet
  facet normal 0.789382 0 0.613902
    outer loop
      vertex 434.621 -0.999999 7.84298
      vertex 434.544 -4 7.94199
      vertex 434.621 -4 7.84298
    endloop
  endfacet
  facet normal 0.899028 -0 0.43789
    outer loop
      vertex 434.356 -4 8.26787
      vertex 434.411 -0.999999 8.15495
      vertex 434.356 -0.999999 8.26787
    endloop
  endfacet
  facet normal 0.899028 0 0.43789
    outer loop
      vertex 434.411 -0.999999 8.15495
      vertex 434.356 -4 8.26787
      vertex 434.411 -4 8.15495
    endloop
  endfacet
  facet normal 0.993781 -0 0.111348
    outer loop
      vertex 434.204 -4 8.87444
      vertex 434.218 -0.999999 8.74949
      vertex 434.204 -0.999999 8.87444
    endloop
  endfacet
  facet normal 0.993781 0 0.111348
    outer loop
      vertex 434.218 -0.999999 8.74949
      vertex 434.204 -4 8.87444
      vertex 434.218 -4 8.74949
    endloop
  endfacet
  facet normal 0.969157 -0 0.246443
    outer loop
      vertex 434.239 -4 8.62576
      vertex 434.27 -0.999999 8.50385
      vertex 434.239 -0.999999 8.62576
    endloop
  endfacet
  facet normal 0.969157 0 0.246443
    outer loop
      vertex 434.27 -0.999999 8.50385
      vertex 434.239 -4 8.62576
      vertex 434.27 -4 8.50385
    endloop
  endfacet
  facet normal 0.69216 0 0.721744
    outer loop
      vertex 434.705 -0.999999 7.74961
      vertex 434.796 -4 7.66234
      vertex 434.796 -0.999999 7.66234
    endloop
  endfacet
  facet normal 0.69216 0 0.721744
    outer loop
      vertex 434.796 -4 7.66234
      vertex 434.705 -0.999999 7.74961
      vertex 434.705 -4 7.74961
    endloop
  endfacet
  facet normal 0.406065 0 0.913844
    outer loop
      vertex 435.211 -0.999999 7.38217
      vertex 435.326 -4 7.33107
      vertex 435.326 -0.999999 7.33107
    endloop
  endfacet
  facet normal 0.406065 0 0.913844
    outer loop
      vertex 435.326 -4 7.33107
      vertex 435.211 -0.999999 7.38217
      vertex 435.211 -4 7.38217
    endloop
  endfacet
  facet normal 0.590237 0 0.80723
    outer loop
      vertex 434.892 -0.999999 7.58158
      vertex 434.993 -4 7.50773
      vertex 434.993 -0.999999 7.50773
    endloop
  endfacet
  facet normal 0.590237 0 0.80723
    outer loop
      vertex 434.993 -4 7.50773
      vertex 434.892 -0.999999 7.58158
      vertex 434.892 -4 7.58158
    endloop
  endfacet
  facet normal 0.469225 0 0.883079
    outer loop
      vertex 435.1 -0.999999 7.44115
      vertex 435.211 -4 7.38217
      vertex 435.211 -0.999999 7.38217
    endloop
  endfacet
  facet normal 0.469225 0 0.883079
    outer loop
      vertex 435.211 -4 7.38217
      vertex 435.1 -0.999999 7.44115
      vertex 435.1 -4 7.44115
    endloop
  endfacet
  facet normal 0.209354 0 0.97784
    outer loop
      vertex 435.565 -0.999999 7.25347
      vertex 435.687 -4 7.22735
      vertex 435.687 -0.999999 7.22735
    endloop
  endfacet
  facet normal 0.209354 0 0.97784
    outer loop
      vertex 435.687 -4 7.22735
      vertex 435.565 -0.999999 7.25347
      vertex 435.565 -4 7.25347
    endloop
  endfacet
  facet normal -0.999493 0 0.0318411
    outer loop
      vertex 437.796 -4 8.87444
      vertex 437.8 -0.999999 9
      vertex 437.796 -0.999999 8.87444
    endloop
  endfacet
  facet normal -0.999493 0 0.0318411
    outer loop
      vertex 437.8 -0.999999 9
      vertex 437.796 -4 8.87444
      vertex 437.8 -4 9
    endloop
  endfacet
  facet normal -0.969157 0 -0.246443
    outer loop
      vertex 437.761 -4 9.37424
      vertex 437.73 -0.999999 9.49615
      vertex 437.761 -0.999999 9.37424
    endloop
  endfacet
  facet normal -0.969157 -0 -0.246443
    outer loop
      vertex 437.73 -0.999999 9.49615
      vertex 437.761 -4 9.37424
      vertex 437.73 -4 9.49615
    endloop
  endfacet
  facet normal 0 0 -1
    outer loop
      vertex 435.937 -4 10.7989
      vertex 436.063 -0.999999 10.7989
      vertex 436.063 -4 10.7989
    endloop
  endfacet
  facet normal -0 0 -1
    outer loop
      vertex 436.063 -0.999999 10.7989
      vertex 435.937 -4 10.7989
      vertex 435.937 -0.999999 10.7989
    endloop
  endfacet
  facet normal 0.590497 0 -0.80704
    outer loop
      vertex 434.892 -4 10.4184
      vertex 434.993 -0.999999 10.4923
      vertex 434.993 -4 10.4923
    endloop
  endfacet
  facet normal 0.590497 0 -0.80704
    outer loop
      vertex 434.993 -0.999999 10.4923
      vertex 434.892 -4 10.4184
      vertex 434.892 -0.999999 10.4184
    endloop
  endfacet
  facet normal 0.927364 0 -0.374162
    outer loop
      vertex 434.356 -4 9.73213
      vertex 434.309 -0.999999 9.61564
      vertex 434.356 -0.999999 9.73213
    endloop
  endfacet
  facet normal 0.927364 0 -0.374162
    outer loop
      vertex 434.309 -0.999999 9.61564
      vertex 434.356 -4 9.73213
      vertex 434.309 -4 9.61564
    endloop
  endfacet
  facet normal -0.789382 0 0.613902
    outer loop
      vertex 437.379 -4 7.84298
      vertex 437.456 -0.999999 7.94199
      vertex 437.379 -0.999999 7.84298
    endloop
  endfacet
  facet normal -0.789382 0 0.613902
    outer loop
      vertex 437.456 -0.999999 7.94199
      vertex 437.379 -4 7.84298
      vertex 437.456 -4 7.94199
    endloop
  endfacet
  facet normal -0.275151 0 0.961401
    outer loop
      vertex 436.435 -0.999999 7.25347
      vertex 436.556 -4 7.2881
      vertex 436.556 -0.999999 7.2881
    endloop
  endfacet
  facet normal -0.275151 0 0.961401
    outer loop
      vertex 436.556 -4 7.2881
      vertex 436.435 -0.999999 7.25347
      vertex 436.435 -4 7.25347
    endloop
  endfacet
  facet normal -0.993781 0 -0.111348
    outer loop
      vertex 437.796 -4 9.12556
      vertex 437.782 -0.999999 9.25051
      vertex 437.796 -0.999999 9.12556
    endloop
  endfacet
  facet normal -0.993781 -0 -0.111348
    outer loop
      vertex 437.782 -0.999999 9.25051
      vertex 437.796 -4 9.12556
      vertex 437.782 -4 9.25051
    endloop
  endfacet
  facet normal -0.950646 0 -0.310279
    outer loop
      vertex 437.73 -4 9.49615
      vertex 437.691 -0.999999 9.61564
      vertex 437.73 -0.999999 9.49615
    endloop
  endfacet
  facet normal -0.950646 -0 -0.310279
    outer loop
      vertex 437.691 -0.999999 9.61564
      vertex 437.73 -4 9.49615
      vertex 437.691 -4 9.61564
    endloop
  endfacet
  facet normal -0.406065 0 -0.913844
    outer loop
      vertex 436.674 -4 10.6689
      vertex 436.789 -0.999999 10.6178
      vertex 436.789 -4 10.6178
    endloop
  endfacet
  facet normal -0.406065 0 -0.913844
    outer loop
      vertex 436.789 -0.999999 10.6178
      vertex 436.674 -4 10.6689
      vertex 436.674 -0.999999 10.6689
    endloop
  endfacet
  facet normal -0.469349 0 -0.883013
    outer loop
      vertex 436.789 -4 10.6178
      vertex 436.9 -0.999999 10.5588
      vertex 436.9 -4 10.5588
    endloop
  endfacet
  facet normal -0.469349 0 -0.883013
    outer loop
      vertex 436.9 -0.999999 10.5588
      vertex 436.789 -4 10.6178
      vertex 436.789 -0.999999 10.6178
    endloop
  endfacet
  facet normal -0.82996 0 -0.557823
    outer loop
      vertex 437.526 -4 9.95385
      vertex 437.456 -0.999999 10.058
      vertex 437.526 -0.999999 9.95385
    endloop
  endfacet
  facet normal -0.82996 -0 -0.557823
    outer loop
      vertex 437.456 -0.999999 10.058
      vertex 437.526 -4 9.95385
      vertex 437.456 -4 10.058
    endloop
  endfacet
  facet normal -0.743532 0 -0.668701
    outer loop
      vertex 437.379 -4 10.157
      vertex 437.295 -0.999999 10.2504
      vertex 437.379 -0.999999 10.157
    endloop
  endfacet
  facet normal -0.743532 -0 -0.668701
    outer loop
      vertex 437.295 -0.999999 10.2504
      vertex 437.379 -4 10.157
      vertex 437.295 -4 10.2504
    endloop
  endfacet
  facet normal 0.0702262 0 -0.997531
    outer loop
      vertex 435.812 -4 10.7901
      vertex 435.937 -0.999999 10.7989
      vertex 435.937 -4 10.7989
    endloop
  endfacet
  facet normal 0.0702262 0 -0.997531
    outer loop
      vertex 435.937 -0.999999 10.7989
      vertex 435.812 -4 10.7901
      vertex 435.812 -0.999999 10.7901
    endloop
  endfacet
  facet normal 0.342382 0 -0.939561
    outer loop
      vertex 435.326 -4 10.6689
      vertex 435.444 -0.999999 10.7119
      vertex 435.444 -4 10.7119
    endloop
  endfacet
  facet normal 0.342382 0 -0.939561
    outer loop
      vertex 435.444 -0.999999 10.7119
      vertex 435.326 -4 10.6689
      vertex 435.326 -0.999999 10.6689
    endloop
  endfacet
  facet normal 0.274931 0 -0.961464
    outer loop
      vertex 435.444 -4 10.7119
      vertex 435.565 -0.999999 10.7465
      vertex 435.565 -4 10.7465
    endloop
  endfacet
  facet normal 0.274931 0 -0.961464
    outer loop
      vertex 435.565 -0.999999 10.7465
      vertex 435.444 -4 10.7119
      vertex 435.444 -0.999999 10.7119
    endloop
  endfacet
  facet normal 0.137871 0 -0.99045
    outer loop
      vertex 435.687 -4 10.7727
      vertex 435.812 -0.999999 10.7901
      vertex 435.812 -4 10.7901
    endloop
  endfacet
  facet normal 0.137871 0 -0.99045
    outer loop
      vertex 435.812 -0.999999 10.7901
      vertex 435.687 -4 10.7727
      vertex 435.687 -0.999999 10.7727
    endloop
  endfacet
  facet normal 0.527857 0 -0.849333
    outer loop
      vertex 434.993 -4 10.4923
      vertex 435.1 -0.999999 10.5588
      vertex 435.1 -4 10.5588
    endloop
  endfacet
  facet normal 0.527857 0 -0.849333
    outer loop
      vertex 435.1 -0.999999 10.5588
      vertex 434.993 -4 10.4923
      vertex 434.993 -0.999999 10.4923
    endloop
  endfacet
  facet normal 0.406065 0 -0.913844
    outer loop
      vertex 435.211 -4 10.6178
      vertex 435.326 -0.999999 10.6689
      vertex 435.326 -4 10.6689
    endloop
  endfacet
  facet normal 0.406065 0 -0.913844
    outer loop
      vertex 435.326 -0.999999 10.6689
      vertex 435.211 -4 10.6178
      vertex 435.211 -0.999999 10.6178
    endloop
  endfacet
  facet normal 0.899028 0 -0.43789
    outer loop
      vertex 434.411 -4 9.84505
      vertex 434.356 -0.999999 9.73213
      vertex 434.411 -0.999999 9.84505
    endloop
  endfacet
  facet normal 0.899028 0 -0.43789
    outer loop
      vertex 434.356 -0.999999 9.73213
      vertex 434.411 -4 9.84505
      vertex 434.356 -4 9.73213
    endloop
  endfacet
  facet normal 0.86539 0 -0.501099
    outer loop
      vertex 434.474 -4 9.95385
      vertex 434.411 -0.999999 9.84505
      vertex 434.474 -0.999999 9.95385
    endloop
  endfacet
  facet normal 0.86539 0 -0.501099
    outer loop
      vertex 434.411 -0.999999 9.84505
      vertex 434.474 -4 9.95385
      vertex 434.411 -4 9.84505
    endloop
  endfacet
  facet normal 0.985901 0 -0.167331
    outer loop
      vertex 434.239 -4 9.37424
      vertex 434.218 -0.999999 9.25051
      vertex 434.239 -0.999999 9.37424
    endloop
  endfacet
  facet normal 0.985901 0 -0.167331
    outer loop
      vertex 434.218 -0.999999 9.25051
      vertex 434.239 -4 9.37424
      vertex 434.218 -4 9.25051
    endloop
  endfacet
  facet normal 0.969157 0 -0.246443
    outer loop
      vertex 434.27 -4 9.49615
      vertex 434.239 -0.999999 9.37424
      vertex 434.27 -0.999999 9.49615
    endloop
  endfacet
  facet normal 0.969157 0 -0.246443
    outer loop
      vertex 434.239 -0.999999 9.37424
      vertex 434.27 -4 9.49615
      vertex 434.239 -4 9.37424
    endloop
  endfacet
  facet normal 0.993781 0 -0.111348
    outer loop
      vertex 434.218 -4 9.25051
      vertex 434.204 -0.999999 9.12556
      vertex 434.218 -0.999999 9.25051
    endloop
  endfacet
  facet normal 0.993781 0 -0.111348
    outer loop
      vertex 434.204 -0.999999 9.12556
      vertex 434.218 -4 9.25051
      vertex 434.204 -4 9.12556
    endloop
  endfacet
  facet normal 0.999493 0 -0.0318411
    outer loop
      vertex 434.204 -4 9.12556
      vertex 434.2 -0.999999 9
      vertex 434.204 -0.999999 9.12556
    endloop
  endfacet
  facet normal 0.999493 0 -0.0318411
    outer loop
      vertex 434.2 -0.999999 9
      vertex 434.204 -4 9.12556
      vertex 434.2 -4 9
    endloop
  endfacet
  facet normal -0.209967 0 -0.977708
    outer loop
      vertex 436.313 -4 10.7727
      vertex 436.435 -0.999999 10.7465
      vertex 436.435 -4 10.7465
    endloop
  endfacet
  facet normal -0.209967 0 -0.977708
    outer loop
      vertex 436.435 -0.999999 10.7465
      vertex 436.313 -4 10.7727
      vertex 436.313 -0.999999 10.7727
    endloop
  endfacet
  facet normal -0.137871 0 -0.99045
    outer loop
      vertex 436.188 -4 10.7901
      vertex 436.313 -0.999999 10.7727
      vertex 436.313 -4 10.7727
    endloop
  endfacet
  facet normal -0.137871 0 -0.99045
    outer loop
      vertex 436.313 -0.999999 10.7727
      vertex 436.188 -4 10.7901
      vertex 436.188 -0.999999 10.7901
    endloop
  endfacet
  facet normal -0.0702262 0 -0.997531
    outer loop
      vertex 436.063 -4 10.7989
      vertex 436.188 -0.999999 10.7901
      vertex 436.188 -4 10.7901
    endloop
  endfacet
  facet normal -0.0702262 0 -0.997531
    outer loop
      vertex 436.188 -0.999999 10.7901
      vertex 436.063 -4 10.7989
      vertex 436.063 -0.999999 10.7989
    endloop
  endfacet
  facet normal -0.899028 0 -0.43789
    outer loop
      vertex 437.644 -4 9.73213
      vertex 437.589 -0.999999 9.84505
      vertex 437.644 -0.999999 9.73213
    endloop
  endfacet
  facet normal -0.899028 -0 -0.43789
    outer loop
      vertex 437.589 -0.999999 9.84505
      vertex 437.644 -4 9.73213
      vertex 437.589 -4 9.84505
    endloop
  endfacet
  facet normal -0.86539 0 -0.501099
    outer loop
      vertex 437.589 -4 9.84505
      vertex 437.526 -0.999999 9.95385
      vertex 437.589 -0.999999 9.84505
    endloop
  endfacet
  facet normal -0.86539 -0 -0.501099
    outer loop
      vertex 437.526 -0.999999 9.95385
      vertex 437.589 -4 9.84505
      vertex 437.526 -4 9.95385
    endloop
  endfacet
  facet normal -0.985901 0 -0.167331
    outer loop
      vertex 437.782 -4 9.25051
      vertex 437.761 -0.999999 9.37424
      vertex 437.782 -0.999999 9.25051
    endloop
  endfacet
  facet normal -0.985901 -0 -0.167331
    outer loop
      vertex 437.761 -0.999999 9.37424
      vertex 437.782 -4 9.25051
      vertex 437.761 -4 9.37424
    endloop
  endfacet
  facet normal -0.590497 0 -0.80704
    outer loop
      vertex 437.007 -4 10.4923
      vertex 437.108 -0.999999 10.4184
      vertex 437.108 -4 10.4184
    endloop
  endfacet
  facet normal -0.590497 0 -0.80704
    outer loop
      vertex 437.108 -0.999999 10.4184
      vertex 437.007 -4 10.4923
      vertex 437.007 -0.999999 10.4923
    endloop
  endfacet
  facet normal -0.643473 0 -0.765469
    outer loop
      vertex 437.108 -4 10.4184
      vertex 437.204 -0.999999 10.3377
      vertex 437.204 -4 10.3377
    endloop
  endfacet
  facet normal -0.643473 0 -0.765469
    outer loop
      vertex 437.204 -0.999999 10.3377
      vertex 437.108 -4 10.4184
      vertex 437.108 -0.999999 10.4184
    endloop
  endfacet
  facet normal -0.789352 0 -0.613941
    outer loop
      vertex 437.456 -4 10.058
      vertex 437.379 -0.999999 10.157
      vertex 437.456 -0.999999 10.058
    endloop
  endfacet
  facet normal -0.789352 -0 -0.613941
    outer loop
      vertex 437.379 -0.999999 10.157
      vertex 437.456 -4 10.058
      vertex 437.379 -4 10.157
    endloop
  endfacet
  facet normal 0.469349 0 -0.883013
    outer loop
      vertex 435.1 -4 10.5588
      vertex 435.211 -0.999999 10.6178
      vertex 435.211 -4 10.6178
    endloop
  endfacet
  facet normal 0.469349 0 -0.883013
    outer loop
      vertex 435.211 -0.999999 10.6178
      vertex 435.1 -4 10.5588
      vertex 435.1 -0.999999 10.5588
    endloop
  endfacet
  facet normal 0.692284 0 -0.721625
    outer loop
      vertex 434.705 -4 10.2504
      vertex 434.796 -0.999999 10.3377
      vertex 434.796 -4 10.3377
    endloop
  endfacet
  facet normal 0.692284 0 -0.721625
    outer loop
      vertex 434.796 -0.999999 10.3377
      vertex 434.705 -4 10.2504
      vertex 434.705 -0.999999 10.2504
    endloop
  endfacet
  facet normal 0.643473 0 -0.765469
    outer loop
      vertex 434.796 -4 10.3377
      vertex 434.892 -0.999999 10.4184
      vertex 434.892 -4 10.4184
    endloop
  endfacet
  facet normal 0.643473 0 -0.765469
    outer loop
      vertex 434.892 -0.999999 10.4184
      vertex 434.796 -4 10.3377
      vertex 434.796 -0.999999 10.3377
    endloop
  endfacet
  facet normal 0.743532 0 -0.668701
    outer loop
      vertex 434.705 -4 10.2504
      vertex 434.621 -0.999999 10.157
      vertex 434.705 -0.999999 10.2504
    endloop
  endfacet
  facet normal 0.743532 0 -0.668701
    outer loop
      vertex 434.621 -0.999999 10.157
      vertex 434.705 -4 10.2504
      vertex 434.621 -4 10.157
    endloop
  endfacet
  facet normal 0.789352 0 -0.613941
    outer loop
      vertex 434.621 -4 10.157
      vertex 434.544 -0.999999 10.058
      vertex 434.621 -0.999999 10.157
    endloop
  endfacet
  facet normal 0.789352 0 -0.613941
    outer loop
      vertex 434.544 -0.999999 10.058
      vertex 434.621 -4 10.157
      vertex 434.544 -4 10.058
    endloop
  endfacet
  facet normal -0.274931 0 -0.961464
    outer loop
      vertex 436.435 -4 10.7465
      vertex 436.556 -0.999999 10.7119
      vertex 436.556 -4 10.7119
    endloop
  endfacet
  facet normal -0.274931 0 -0.961464
    outer loop
      vertex 436.556 -0.999999 10.7119
      vertex 436.435 -4 10.7465
      vertex 436.435 -0.999999 10.7465
    endloop
  endfacet
  facet normal -0.527857 0 -0.849333
    outer loop
      vertex 436.9 -4 10.5588
      vertex 437.007 -0.999999 10.4923
      vertex 437.007 -4 10.4923
    endloop
  endfacet
  facet normal -0.527857 0 -0.849333
    outer loop
      vertex 437.007 -0.999999 10.4923
      vertex 436.9 -4 10.5588
      vertex 436.9 -0.999999 10.5588
    endloop
  endfacet
  facet normal -0.692284 0 -0.721625
    outer loop
      vertex 437.204 -4 10.3377
      vertex 437.295 -0.999999 10.2504
      vertex 437.295 -4 10.2504
    endloop
  endfacet
  facet normal -0.692284 0 -0.721625
    outer loop
      vertex 437.295 -0.999999 10.2504
      vertex 437.204 -4 10.3377
      vertex 437.204 -0.999999 10.3377
    endloop
  endfacet
  facet normal 0.209967 0 -0.977708
    outer loop
      vertex 435.565 -4 10.7465
      vertex 435.687 -0.999999 10.7727
      vertex 435.687 -4 10.7727
    endloop
  endfacet
  facet normal 0.209967 0 -0.977708
    outer loop
      vertex 435.687 -0.999999 10.7727
      vertex 435.565 -4 10.7465
      vertex 435.565 -0.999999 10.7465
    endloop
  endfacet
  facet normal 0.999493 -0 0.0318411
    outer loop
      vertex 458.2 -4 9
      vertex 458.204 -0.999999 8.87444
      vertex 458.2 -0.999999 9
    endloop
  endfacet
  facet normal 0.999493 0 0.0318411
    outer loop
      vertex 458.204 -0.999999 8.87444
      vertex 458.2 -4 9
      vertex 458.204 -4 8.87444
    endloop
  endfacet
  facet normal -0 0 1
    outer loop
      vertex 459.937 -0.999999 7.2011
      vertex 460.063 -4 7.2011
      vertex 460.063 -0.999999 7.2011
    endloop
  endfacet
  facet normal 0 0 1
    outer loop
      vertex 460.063 -4 7.2011
      vertex 459.937 -0.999999 7.2011
      vertex 459.937 -4 7.2011
    endloop
  endfacet
  facet normal -0.69216 0 0.721744
    outer loop
      vertex 461.204 -0.999999 7.66234
      vertex 461.295 -4 7.74961
      vertex 461.295 -0.999999 7.74961
    endloop
  endfacet
  facet normal -0.69216 0 0.721744
    outer loop
      vertex 461.295 -4 7.74961
      vertex 461.204 -0.999999 7.66234
      vertex 461.204 -4 7.66234
    endloop
  endfacet
  facet normal 0.342171 0 0.939638
    outer loop
      vertex 459.326 -0.999999 7.33107
      vertex 459.444 -4 7.2881
      vertex 459.444 -0.999999 7.2881
    endloop
  endfacet
  facet normal 0.342171 0 0.939638
    outer loop
      vertex 459.444 -4 7.2881
      vertex 459.326 -0.999999 7.33107
      vertex 459.326 -4 7.33107
    endloop
  endfacet
  facet normal -0.927364 0 0.374162
    outer loop
      vertex 461.644 -4 8.26787
      vertex 461.691 -0.999999 8.38436
      vertex 461.644 -0.999999 8.26787
    endloop
  endfacet
  facet normal -0.927364 0 0.374162
    outer loop
      vertex 461.691 -0.999999 8.38436
      vertex 461.644 -4 8.26787
      vertex 461.691 -4 8.38436
    endloop
  endfacet
  facet normal -0.342171 0 0.939638
    outer loop
      vertex 460.556 -0.999999 7.2881
      vertex 460.674 -4 7.33107
      vertex 460.674 -0.999999 7.33107
    endloop
  endfacet
  facet normal -0.342171 0 0.939638
    outer loop
      vertex 460.674 -4 7.33107
      vertex 460.556 -0.999999 7.2881
      vertex 460.556 -4 7.2881
    endloop
  endfacet
  facet normal 0.86541 -0 0.501064
    outer loop
      vertex 458.411 -4 8.15495
      vertex 458.474 -0.999999 8.04614
      vertex 458.411 -0.999999 8.15495
    endloop
  endfacet
  facet normal 0.86541 0 0.501064
    outer loop
      vertex 458.474 -0.999999 8.04614
      vertex 458.411 -4 8.15495
      vertex 458.474 -4 8.04614
    endloop
  endfacet
  facet normal 0.82996 -0 0.557823
    outer loop
      vertex 458.474 -4 8.04614
      vertex 458.544 -0.999999 7.94199
      vertex 458.474 -0.999999 8.04614
    endloop
  endfacet
  facet normal 0.82996 0 0.557823
    outer loop
      vertex 458.544 -0.999999 7.94199
      vertex 458.474 -4 8.04614
      vertex 458.544 -4 7.94199
    endloop
  endfacet
  facet normal 0.643753 0 0.765234
    outer loop
      vertex 458.796 -0.999999 7.66234
      vertex 458.892 -4 7.58158
      vertex 458.892 -0.999999 7.58158
    endloop
  endfacet
  facet normal 0.643753 0 0.765234
    outer loop
      vertex 458.892 -4 7.58158
      vertex 458.796 -0.999999 7.66234
      vertex 458.796 -4 7.66234
    endloop
  endfacet
  facet normal -0.0702262 0 -0.997531
    outer loop
      vertex 460.063 -4 10.7989
      vertex 460.188 -0.999999 10.7901
      vertex 460.188 -4 10.7901
    endloop
  endfacet
  facet normal -0.0702262 0 -0.997531
    outer loop
      vertex 460.188 -0.999999 10.7901
      vertex 460.063 -4 10.7989
      vertex 460.063 -0.999999 10.7989
    endloop
  endfacet
  facet normal -0.985901 0 0.167331
    outer loop
      vertex 461.761 -4 8.62576
      vertex 461.782 -0.999999 8.74949
      vertex 461.761 -0.999999 8.62576
    endloop
  endfacet
  facet normal -0.985901 0 0.167331
    outer loop
      vertex 461.782 -0.999999 8.74949
      vertex 461.761 -4 8.62576
      vertex 461.782 -4 8.74949
    endloop
  endfacet
  facet normal -0.993781 0 0.111348
    outer loop
      vertex 461.782 -4 8.74949
      vertex 461.796 -0.999999 8.87444
      vertex 461.782 -0.999999 8.74949
    endloop
  endfacet
  facet normal -0.993781 0 0.111348
    outer loop
      vertex 461.796 -0.999999 8.87444
      vertex 461.782 -4 8.74949
      vertex 461.796 -4 8.87444
    endloop
  endfacet
  facet normal -0.950646 0 0.310279
    outer loop
      vertex 461.691 -4 8.38436
      vertex 461.73 -0.999999 8.50385
      vertex 461.691 -0.999999 8.38436
    endloop
  endfacet
  facet normal -0.950646 0 0.310279
    outer loop
      vertex 461.73 -0.999999 8.50385
      vertex 461.691 -4 8.38436
      vertex 461.73 -4 8.50385
    endloop
  endfacet
  facet normal -0.82996 0 0.557823
    outer loop
      vertex 461.456 -4 7.94199
      vertex 461.526 -0.999999 8.04614
      vertex 461.456 -0.999999 7.94199
    endloop
  endfacet
  facet normal -0.82996 0 0.557823
    outer loop
      vertex 461.526 -0.999999 8.04614
      vertex 461.456 -4 7.94199
      vertex 461.526 -4 8.04614
    endloop
  endfacet
  facet normal -0.743425 0 0.66882
    outer loop
      vertex 461.295 -4 7.74961
      vertex 461.379 -0.999999 7.84298
      vertex 461.295 -0.999999 7.74961
    endloop
  endfacet
  facet normal -0.743425 0 0.66882
    outer loop
      vertex 461.379 -0.999999 7.84298
      vertex 461.295 -4 7.74961
      vertex 461.379 -4 7.84298
    endloop
  endfacet
  facet normal -0.86541 0 0.501064
    outer loop
      vertex 461.526 -4 8.04614
      vertex 461.589 -0.999999 8.15495
      vertex 461.526 -0.999999 8.04614
    endloop
  endfacet
  facet normal -0.86541 0 0.501064
    outer loop
      vertex 461.589 -0.999999 8.15495
      vertex 461.526 -4 8.04614
      vertex 461.589 -4 8.15495
    endloop
  endfacet
  facet normal -0.13857 0 0.990353
    outer loop
      vertex 460.188 -0.999999 7.20986
      vertex 460.313 -4 7.22735
      vertex 460.313 -0.999999 7.22735
    endloop
  endfacet
  facet normal -0.13857 0 0.990353
    outer loop
      vertex 460.313 -4 7.22735
      vertex 460.188 -0.999999 7.20986
      vertex 460.188 -4 7.20986
    endloop
  endfacet
  facet normal -0.590237 0 0.80723
    outer loop
      vertex 461.007 -0.999999 7.50773
      vertex 461.108 -4 7.58158
      vertex 461.108 -0.999999 7.58158
    endloop
  endfacet
  facet normal -0.590237 0 0.80723
    outer loop
      vertex 461.108 -4 7.58158
      vertex 461.007 -0.999999 7.50773
      vertex 461.007 -4 7.50773
    endloop
  endfacet
  facet normal -0.406065 0 0.913844
    outer loop
      vertex 460.674 -0.999999 7.33107
      vertex 460.789 -4 7.38217
      vertex 460.789 -0.999999 7.38217
    endloop
  endfacet
  facet normal -0.406065 0 0.913844
    outer loop
      vertex 460.789 -4 7.38217
      vertex 460.674 -0.999999 7.33107
      vertex 460.674 -4 7.33107
    endloop
  endfacet
  facet normal -0.528315 0 0.849049
    outer loop
      vertex 460.9 -0.999999 7.44115
      vertex 461.007 -4 7.50773
      vertex 461.007 -0.999999 7.50773
    endloop
  endfacet
  facet normal -0.528315 0 0.849049
    outer loop
      vertex 461.007 -4 7.50773
      vertex 460.9 -0.999999 7.44115
      vertex 460.9 -4 7.44115
    endloop
  endfacet
  facet normal 0.985901 -0 0.167331
    outer loop
      vertex 458.218 -4 8.74949
      vertex 458.239 -0.999999 8.62576
      vertex 458.218 -0.999999 8.74949
    endloop
  endfacet
  facet normal 0.985901 0 0.167331
    outer loop
      vertex 458.239 -0.999999 8.62576
      vertex 458.218 -4 8.74949
      vertex 458.239 -4 8.62576
    endloop
  endfacet
  facet normal 0.927364 -0 0.374162
    outer loop
      vertex 458.309 -4 8.38436
      vertex 458.356 -0.999999 8.26787
      vertex 458.309 -0.999999 8.38436
    endloop
  endfacet
  facet normal 0.927364 0 0.374162
    outer loop
      vertex 458.356 -0.999999 8.26787
      vertex 458.309 -4 8.38436
      vertex 458.356 -4 8.26787
    endloop
  endfacet
  facet normal 0.950646 -0 0.310279
    outer loop
      vertex 458.27 -4 8.50385
      vertex 458.309 -0.999999 8.38436
      vertex 458.27 -0.999999 8.50385
    endloop
  endfacet
  facet normal 0.950646 0 0.310279
    outer loop
      vertex 458.309 -0.999999 8.38436
      vertex 458.27 -4 8.50385
      vertex 458.309 -4 8.38436
    endloop
  endfacet
  facet normal 0.993781 -0 0.111348
    outer loop
      vertex 458.204 -4 8.87444
      vertex 458.218 -0.999999 8.74949
      vertex 458.204 -0.999999 8.87444
    endloop
  endfacet
  facet normal 0.993781 0 0.111348
    outer loop
      vertex 458.218 -0.999999 8.74949
      vertex 458.204 -4 8.87444
      vertex 458.218 -4 8.74949
    endloop
  endfacet
  facet normal 0.528315 0 0.849049
    outer loop
      vertex 458.993 -0.999999 7.50773
      vertex 459.1 -4 7.44115
      vertex 459.1 -0.999999 7.44115
    endloop
  endfacet
  facet normal 0.528315 0 0.849049
    outer loop
      vertex 459.1 -4 7.44115
      vertex 458.993 -0.999999 7.50773
      vertex 458.993 -4 7.50773
    endloop
  endfacet
  facet normal 0.0699085 0 0.997553
    outer loop
      vertex 459.812 -0.999999 7.20986
      vertex 459.937 -4 7.2011
      vertex 459.937 -0.999999 7.2011
    endloop
  endfacet
  facet normal 0.0699085 0 0.997553
    outer loop
      vertex 459.937 -4 7.2011
      vertex 459.812 -0.999999 7.20986
      vertex 459.812 -4 7.20986
    endloop
  endfacet
  facet normal 0.275151 0 0.961401
    outer loop
      vertex 459.444 -0.999999 7.2881
      vertex 459.565 -4 7.25347
      vertex 459.565 -0.999999 7.25347
    endloop
  endfacet
  facet normal 0.275151 0 0.961401
    outer loop
      vertex 459.565 -4 7.25347
      vertex 459.444 -0.999999 7.2881
      vertex 459.444 -4 7.2881
    endloop
  endfacet
  facet normal 0.13857 0 0.990353
    outer loop
      vertex 459.687 -0.999999 7.22735
      vertex 459.812 -4 7.20986
      vertex 459.812 -0.999999 7.20986
    endloop
  endfacet
  facet normal 0.13857 0 0.990353
    outer loop
      vertex 459.812 -4 7.20986
      vertex 459.687 -0.999999 7.22735
      vertex 459.687 -4 7.22735
    endloop
  endfacet
  facet normal -0.999493 0 -0.0318411
    outer loop
      vertex 461.8 -4 9
      vertex 461.796 -0.999999 9.12556
      vertex 461.8 -0.999999 9
    endloop
  endfacet
  facet normal -0.999493 -0 -0.0318411
    outer loop
      vertex 461.796 -0.999999 9.12556
      vertex 461.8 -4 9
      vertex 461.796 -4 9.12556
    endloop
  endfacet
  facet normal -0.927364 0 -0.374162
    outer loop
      vertex 461.691 -4 9.61564
      vertex 461.644 -0.999999 9.73213
      vertex 461.691 -0.999999 9.61564
    endloop
  endfacet
  facet normal -0.927364 -0 -0.374162
    outer loop
      vertex 461.644 -0.999999 9.73213
      vertex 461.691 -4 9.61564
      vertex 461.644 -4 9.73213
    endloop
  endfacet
  facet normal 0.82996 0 -0.557823
    outer loop
      vertex 458.544 -4 10.058
      vertex 458.474 -0.999999 9.95385
      vertex 458.544 -0.999999 10.058
    endloop
  endfacet
  facet normal 0.82996 0 -0.557823
    outer loop
      vertex 458.474 -0.999999 9.95385
      vertex 458.544 -4 10.058
      vertex 458.474 -4 9.95385
    endloop
  endfacet
  facet normal 0.950646 0 -0.310279
    outer loop
      vertex 458.309 -4 9.61564
      vertex 458.27 -0.999999 9.49615
      vertex 458.309 -0.999999 9.61564
    endloop
  endfacet
  facet normal 0.950646 0 -0.310279
    outer loop
      vertex 458.27 -0.999999 9.49615
      vertex 458.309 -4 9.61564
      vertex 458.27 -4 9.49615
    endloop
  endfacet
  facet normal -0.342382 0 -0.939561
    outer loop
      vertex 460.556 -4 10.7119
      vertex 460.674 -0.999999 10.6689
      vertex 460.674 -4 10.6689
    endloop
  endfacet
  facet normal -0.342382 0 -0.939561
    outer loop
      vertex 460.674 -0.999999 10.6689
      vertex 460.556 -4 10.7119
      vertex 460.556 -0.999999 10.7119
    endloop
  endfacet
  facet normal -0.969157 0 0.246443
    outer loop
      vertex 461.73 -4 8.50385
      vertex 461.761 -0.999999 8.62576
      vertex 461.73 -0.999999 8.50385
    endloop
  endfacet
  facet normal -0.969157 0 0.246443
    outer loop
      vertex 461.761 -0.999999 8.62576
      vertex 461.73 -4 8.50385
      vertex 461.761 -4 8.62576
    endloop
  endfacet
  facet normal -0.789382 0 0.613902
    outer loop
      vertex 461.379 -4 7.84298
      vertex 461.456 -0.999999 7.94199
      vertex 461.379 -0.999999 7.84298
    endloop
  endfacet
  facet normal -0.789382 0 0.613902
    outer loop
      vertex 461.456 -0.999999 7.94199
      vertex 461.379 -4 7.84298
      vertex 461.456 -4 7.94199
    endloop
  endfacet
  facet normal -0.899028 0 0.43789
    outer loop
      vertex 461.589 -4 8.15495
      vertex 461.644 -0.999999 8.26787
      vertex 461.589 -0.999999 8.15495
    endloop
  endfacet
  facet normal -0.899028 0 0.43789
    outer loop
      vertex 461.644 -0.999999 8.26787
      vertex 461.589 -4 8.15495
      vertex 461.644 -4 8.26787
    endloop
  endfacet
  facet normal -0.275151 0 0.961401
    outer loop
      vertex 460.435 -0.999999 7.25347
      vertex 460.556 -4 7.2881
      vertex 460.556 -0.999999 7.2881
    endloop
  endfacet
  facet normal -0.275151 0 0.961401
    outer loop
      vertex 460.556 -4 7.2881
      vertex 460.435 -0.999999 7.25347
      vertex 460.435 -4 7.25347
    endloop
  endfacet
  facet normal -0.0699085 0 0.997553
    outer loop
      vertex 460.063 -0.999999 7.2011
      vertex 460.188 -4 7.20986
      vertex 460.188 -0.999999 7.20986
    endloop
  endfacet
  facet normal -0.0699085 0 0.997553
    outer loop
      vertex 460.188 -4 7.20986
      vertex 460.063 -0.999999 7.2011
      vertex 460.063 -4 7.2011
    endloop
  endfacet
  facet normal -0.209354 0 0.97784
    outer loop
      vertex 460.313 -0.999999 7.22735
      vertex 460.435 -4 7.25347
      vertex 460.435 -0.999999 7.25347
    endloop
  endfacet
  facet normal -0.209354 0 0.97784
    outer loop
      vertex 460.435 -4 7.25347
      vertex 460.313 -0.999999 7.22735
      vertex 460.313 -4 7.22735
    endloop
  endfacet
  facet normal -0.469225 0 0.883079
    outer loop
      vertex 460.789 -0.999999 7.38217
      vertex 460.9 -4 7.44115
      vertex 460.9 -0.999999 7.44115
    endloop
  endfacet
  facet normal -0.469225 0 0.883079
    outer loop
      vertex 460.9 -4 7.44115
      vertex 460.789 -0.999999 7.38217
      vertex 460.789 -4 7.38217
    endloop
  endfacet
  facet normal -0.643753 0 0.765234
    outer loop
      vertex 461.108 -0.999999 7.58158
      vertex 461.204 -4 7.66234
      vertex 461.204 -0.999999 7.66234
    endloop
  endfacet
  facet normal -0.643753 0 0.765234
    outer loop
      vertex 461.204 -4 7.66234
      vertex 461.108 -0.999999 7.58158
      vertex 461.108 -4 7.58158
    endloop
  endfacet
  facet normal 0.743425 -0 0.66882
    outer loop
      vertex 458.621 -4 7.84298
      vertex 458.705 -0.999999 7.74961
      vertex 458.621 -0.999999 7.84298
    endloop
  endfacet
  facet normal 0.743425 0 0.66882
    outer loop
      vertex 458.705 -0.999999 7.74961
      vertex 458.621 -4 7.84298
      vertex 458.705 -4 7.74961
    endloop
  endfacet
  facet normal 0.789382 -0 0.613902
    outer loop
      vertex 458.544 -4 7.94199
      vertex 458.621 -0.999999 7.84298
      vertex 458.544 -0.999999 7.94199
    endloop
  endfacet
  facet normal 0.789382 0 0.613902
    outer loop
      vertex 458.621 -0.999999 7.84298
      vertex 458.544 -4 7.94199
      vertex 458.621 -4 7.84298
    endloop
  endfacet
  facet normal 0.899028 -0 0.43789
    outer loop
      vertex 458.356 -4 8.26787
      vertex 458.411 -0.999999 8.15495
      vertex 458.356 -0.999999 8.26787
    endloop
  endfacet
  facet normal 0.899028 0 0.43789
    outer loop
      vertex 458.411 -0.999999 8.15495
      vertex 458.356 -4 8.26787
      vertex 458.411 -4 8.15495
    endloop
  endfacet
  facet normal 0.969157 -0 0.246443
    outer loop
      vertex 458.239 -4 8.62576
      vertex 458.27 -0.999999 8.50385
      vertex 458.239 -0.999999 8.62576
    endloop
  endfacet
  facet normal 0.969157 0 0.246443
    outer loop
      vertex 458.27 -0.999999 8.50385
      vertex 458.239 -4 8.62576
      vertex 458.27 -4 8.50385
    endloop
  endfacet
  facet normal 0.69216 0 0.721744
    outer loop
      vertex 458.705 -0.999999 7.74961
      vertex 458.796 -4 7.66234
      vertex 458.796 -0.999999 7.66234
    endloop
  endfacet
  facet normal 0.69216 0 0.721744
    outer loop
      vertex 458.796 -4 7.66234
      vertex 458.705 -0.999999 7.74961
      vertex 458.705 -4 7.74961
    endloop
  endfacet
  facet normal 0.406065 0 0.913844
    outer loop
      vertex 459.211 -0.999999 7.38217
      vertex 459.326 -4 7.33107
      vertex 459.326 -0.999999 7.33107
    endloop
  endfacet
  facet normal 0.406065 0 0.913844
    outer loop
      vertex 459.326 -4 7.33107
      vertex 459.211 -0.999999 7.38217
      vertex 459.211 -4 7.38217
    endloop
  endfacet
  facet normal 0.590237 0 0.80723
    outer loop
      vertex 458.892 -0.999999 7.58158
      vertex 458.993 -4 7.50773
      vertex 458.993 -0.999999 7.50773
    endloop
  endfacet
  facet normal 0.590237 0 0.80723
    outer loop
      vertex 458.993 -4 7.50773
      vertex 458.892 -0.999999 7.58158
      vertex 458.892 -4 7.58158
    endloop
  endfacet
  facet normal 0.469225 0 0.883079
    outer loop
      vertex 459.1 -0.999999 7.44115
      vertex 459.211 -4 7.38217
      vertex 459.211 -0.999999 7.38217
    endloop
  endfacet
  facet normal 0.469225 0 0.883079
    outer loop
      vertex 459.211 -4 7.38217
      vertex 459.1 -0.999999 7.44115
      vertex 459.1 -4 7.44115
    endloop
  endfacet
  facet normal 0.209354 0 0.97784
    outer loop
      vertex 459.565 -0.999999 7.25347
      vertex 459.687 -4 7.22735
      vertex 459.687 -0.999999 7.22735
    endloop
  endfacet
  facet normal 0.209354 0 0.97784
    outer loop
      vertex 459.687 -4 7.22735
      vertex 459.565 -0.999999 7.25347
      vertex 459.565 -4 7.25347
    endloop
  endfacet
  facet normal -0.999493 0 0.0318411
    outer loop
      vertex 461.796 -4 8.87444
      vertex 461.8 -0.999999 9
      vertex 461.796 -0.999999 8.87444
    endloop
  endfacet
  facet normal -0.999493 0 0.0318411
    outer loop
      vertex 461.8 -0.999999 9
      vertex 461.796 -4 8.87444
      vertex 461.8 -4 9
    endloop
  endfacet
  facet normal -0.969157 0 -0.246443
    outer loop
      vertex 461.761 -4 9.37424
      vertex 461.73 -0.999999 9.49615
      vertex 461.761 -0.999999 9.37424
    endloop
  endfacet
  facet normal -0.969157 -0 -0.246443
    outer loop
      vertex 461.73 -0.999999 9.49615
      vertex 461.761 -4 9.37424
      vertex 461.73 -4 9.49615
    endloop
  endfacet
  facet normal 0 0 -1
    outer loop
      vertex 459.937 -4 10.7989
      vertex 460.063 -0.999999 10.7989
      vertex 460.063 -4 10.7989
    endloop
  endfacet
  facet normal -0 0 -1
    outer loop
      vertex 460.063 -0.999999 10.7989
      vertex 459.937 -4 10.7989
      vertex 459.937 -0.999999 10.7989
    endloop
  endfacet
  facet normal 0.590497 0 -0.80704
    outer loop
      vertex 458.892 -4 10.4184
      vertex 458.993 -0.999999 10.4923
      vertex 458.993 -4 10.4923
    endloop
  endfacet
  facet normal 0.590497 0 -0.80704
    outer loop
      vertex 458.993 -0.999999 10.4923
      vertex 458.892 -4 10.4184
      vertex 458.892 -0.999999 10.4184
    endloop
  endfacet
  facet normal 0.789352 0 -0.613941
    outer loop
      vertex 458.621 -4 10.157
      vertex 458.544 -0.999999 10.058
      vertex 458.621 -0.999999 10.157
    endloop
  endfacet
  facet normal 0.789352 0 -0.613941
    outer loop
      vertex 458.544 -0.999999 10.058
      vertex 458.621 -4 10.157
      vertex 458.544 -4 10.058
    endloop
  endfacet
  facet normal 0.927364 0 -0.374162
    outer loop
      vertex 458.356 -4 9.73213
      vertex 458.309 -0.999999 9.61564
      vertex 458.356 -0.999999 9.73213
    endloop
  endfacet
  facet normal 0.927364 0 -0.374162
    outer loop
      vertex 458.309 -0.999999 9.61564
      vertex 458.356 -4 9.73213
      vertex 458.309 -4 9.61564
    endloop
  endfacet
  facet normal 0.999493 0 -0.0318411
    outer loop
      vertex 458.204 -4 9.12556
      vertex 458.2 -0.999999 9
      vertex 458.204 -0.999999 9.12556
    endloop
  endfacet
  facet normal 0.999493 0 -0.0318411
    outer loop
      vertex 458.2 -0.999999 9
      vertex 458.204 -4 9.12556
      vertex 458.2 -4 9
    endloop
  endfacet
  facet normal -0.993781 0 -0.111348
    outer loop
      vertex 461.796 -4 9.12556
      vertex 461.782 -0.999999 9.25051
      vertex 461.796 -0.999999 9.12556
    endloop
  endfacet
  facet normal -0.993781 -0 -0.111348
    outer loop
      vertex 461.782 -0.999999 9.25051
      vertex 461.796 -4 9.12556
      vertex 461.782 -4 9.25051
    endloop
  endfacet
  facet normal -0.950646 0 -0.310279
    outer loop
      vertex 461.73 -4 9.49615
      vertex 461.691 -0.999999 9.61564
      vertex 461.73 -0.999999 9.49615
    endloop
  endfacet
  facet normal -0.950646 -0 -0.310279
    outer loop
      vertex 461.691 -0.999999 9.61564
      vertex 461.73 -4 9.49615
      vertex 461.691 -4 9.61564
    endloop
  endfacet
  facet normal -0.406065 0 -0.913844
    outer loop
      vertex 460.674 -4 10.6689
      vertex 460.789 -0.999999 10.6178
      vertex 460.789 -4 10.6178
    endloop
  endfacet
  facet normal -0.406065 0 -0.913844
    outer loop
      vertex 460.789 -0.999999 10.6178
      vertex 460.674 -4 10.6689
      vertex 460.674 -0.999999 10.6689
    endloop
  endfacet
  facet normal -0.469349 0 -0.883013
    outer loop
      vertex 460.789 -4 10.6178
      vertex 460.9 -0.999999 10.5588
      vertex 460.9 -4 10.5588
    endloop
  endfacet
  facet normal -0.469349 0 -0.883013
    outer loop
      vertex 460.9 -0.999999 10.5588
      vertex 460.789 -4 10.6178
      vertex 460.789 -0.999999 10.6178
    endloop
  endfacet
  facet normal -0.82996 0 -0.557823
    outer loop
      vertex 461.526 -4 9.95385
      vertex 461.456 -0.999999 10.058
      vertex 461.526 -0.999999 9.95385
    endloop
  endfacet
  facet normal -0.82996 -0 -0.557823
    outer loop
      vertex 461.456 -0.999999 10.058
      vertex 461.526 -4 9.95385
      vertex 461.456 -4 10.058
    endloop
  endfacet
  facet normal -0.743532 0 -0.668701
    outer loop
      vertex 461.379 -4 10.157
      vertex 461.295 -0.999999 10.2504
      vertex 461.379 -0.999999 10.157
    endloop
  endfacet
  facet normal -0.743532 -0 -0.668701
    outer loop
      vertex 461.295 -0.999999 10.2504
      vertex 461.379 -4 10.157
      vertex 461.295 -4 10.2504
    endloop
  endfacet
  facet normal 0.0702262 0 -0.997531
    outer loop
      vertex 459.812 -4 10.7901
      vertex 459.937 -0.999999 10.7989
      vertex 459.937 -4 10.7989
    endloop
  endfacet
  facet normal 0.0702262 0 -0.997531
    outer loop
      vertex 459.937 -0.999999 10.7989
      vertex 459.812 -4 10.7901
      vertex 459.812 -0.999999 10.7901
    endloop
  endfacet
  facet normal 0.342382 0 -0.939561
    outer loop
      vertex 459.326 -4 10.6689
      vertex 459.444 -0.999999 10.7119
      vertex 459.444 -4 10.7119
    endloop
  endfacet
  facet normal 0.342382 0 -0.939561
    outer loop
      vertex 459.444 -0.999999 10.7119
      vertex 459.326 -4 10.6689
      vertex 459.326 -0.999999 10.6689
    endloop
  endfacet
  facet normal 0.274931 0 -0.961464
    outer loop
      vertex 459.444 -4 10.7119
      vertex 459.565 -0.999999 10.7465
      vertex 459.565 -4 10.7465
    endloop
  endfacet
  facet normal 0.274931 0 -0.961464
    outer loop
      vertex 459.565 -0.999999 10.7465
      vertex 459.444 -4 10.7119
      vertex 459.444 -0.999999 10.7119
    endloop
  endfacet
  facet normal 0.137871 0 -0.99045
    outer loop
      vertex 459.687 -4 10.7727
      vertex 459.812 -0.999999 10.7901
      vertex 459.812 -4 10.7901
    endloop
  endfacet
  facet normal 0.137871 0 -0.99045
    outer loop
      vertex 459.812 -0.999999 10.7901
      vertex 459.687 -4 10.7727
      vertex 459.687 -0.999999 10.7727
    endloop
  endfacet
  facet normal 0.527857 0 -0.849333
    outer loop
      vertex 458.993 -4 10.4923
      vertex 459.1 -0.999999 10.5588
      vertex 459.1 -4 10.5588
    endloop
  endfacet
  facet normal 0.527857 0 -0.849333
    outer loop
      vertex 459.1 -0.999999 10.5588
      vertex 458.993 -4 10.4923
      vertex 458.993 -0.999999 10.4923
    endloop
  endfacet
  facet normal 0.406065 0 -0.913844
    outer loop
      vertex 459.211 -4 10.6178
      vertex 459.326 -0.999999 10.6689
      vertex 459.326 -4 10.6689
    endloop
  endfacet
  facet normal 0.406065 0 -0.913844
    outer loop
      vertex 459.326 -0.999999 10.6689
      vertex 459.211 -4 10.6178
      vertex 459.211 -0.999999 10.6178
    endloop
  endfacet
  facet normal 0.899028 0 -0.43789
    outer loop
      vertex 458.411 -4 9.84505
      vertex 458.356 -0.999999 9.73213
      vertex 458.411 -0.999999 9.84505
    endloop
  endfacet
  facet normal 0.899028 0 -0.43789
    outer loop
      vertex 458.356 -0.999999 9.73213
      vertex 458.411 -4 9.84505
      vertex 458.356 -4 9.73213
    endloop
  endfacet
  facet normal 0.86539 0 -0.501099
    outer loop
      vertex 458.474 -4 9.95385
      vertex 458.411 -0.999999 9.84505
      vertex 458.474 -0.999999 9.95385
    endloop
  endfacet
  facet normal 0.86539 0 -0.501099
    outer loop
      vertex 458.411 -0.999999 9.84505
      vertex 458.474 -4 9.95385
      vertex 458.411 -4 9.84505
    endloop
  endfacet
  facet normal 0.985901 0 -0.167331
    outer loop
      vertex 458.239 -4 9.37424
      vertex 458.218 -0.999999 9.25051
      vertex 458.239 -0.999999 9.37424
    endloop
  endfacet
  facet normal 0.985901 0 -0.167331
    outer loop
      vertex 458.218 -0.999999 9.25051
      vertex 458.239 -4 9.37424
      vertex 458.218 -4 9.25051
    endloop
  endfacet
  facet normal 0.969157 0 -0.246443
    outer loop
      vertex 458.27 -4 9.49615
      vertex 458.239 -0.999999 9.37424
      vertex 458.27 -0.999999 9.49615
    endloop
  endfacet
  facet normal 0.969157 0 -0.246443
    outer loop
      vertex 458.239 -0.999999 9.37424
      vertex 458.27 -4 9.49615
      vertex 458.239 -4 9.37424
    endloop
  endfacet
  facet normal 0.993781 0 -0.111348
    outer loop
      vertex 458.218 -4 9.25051
      vertex 458.204 -0.999999 9.12556
      vertex 458.218 -0.999999 9.25051
    endloop
  endfacet
  facet normal 0.993781 0 -0.111348
    outer loop
      vertex 458.204 -0.999999 9.12556
      vertex 458.218 -4 9.25051
      vertex 458.204 -4 9.12556
    endloop
  endfacet
  facet normal -0.209967 0 -0.977708
    outer loop
      vertex 460.313 -4 10.7727
      vertex 460.435 -0.999999 10.7465
      vertex 460.435 -4 10.7465
    endloop
  endfacet
  facet normal -0.209967 0 -0.977708
    outer loop
      vertex 460.435 -0.999999 10.7465
      vertex 460.313 -4 10.7727
      vertex 460.313 -0.999999 10.7727
    endloop
  endfacet
  facet normal -0.137871 0 -0.99045
    outer loop
      vertex 460.188 -4 10.7901
      vertex 460.313 -0.999999 10.7727
      vertex 460.313 -4 10.7727
    endloop
  endfacet
  facet normal -0.137871 0 -0.99045
    outer loop
      vertex 460.313 -0.999999 10.7727
      vertex 460.188 -4 10.7901
      vertex 460.188 -0.999999 10.7901
    endloop
  endfacet
  facet normal -0.899028 0 -0.43789
    outer loop
      vertex 461.644 -4 9.73213
      vertex 461.589 -0.999999 9.84505
      vertex 461.644 -0.999999 9.73213
    endloop
  endfacet
  facet normal -0.899028 -0 -0.43789
    outer loop
      vertex 461.589 -0.999999 9.84505
      vertex 461.644 -4 9.73213
      vertex 461.589 -4 9.84505
    endloop
  endfacet
  facet normal -0.86539 0 -0.501099
    outer loop
      vertex 461.589 -4 9.84505
      vertex 461.526 -0.999999 9.95385
      vertex 461.589 -0.999999 9.84505
    endloop
  endfacet
  facet normal -0.86539 -0 -0.501099
    outer loop
      vertex 461.526 -0.999999 9.95385
      vertex 461.589 -4 9.84505
      vertex 461.526 -4 9.95385
    endloop
  endfacet
  facet normal -0.985901 0 -0.167331
    outer loop
      vertex 461.782 -4 9.25051
      vertex 461.761 -0.999999 9.37424
      vertex 461.782 -0.999999 9.25051
    endloop
  endfacet
  facet normal -0.985901 -0 -0.167331
    outer loop
      vertex 461.761 -0.999999 9.37424
      vertex 461.782 -4 9.25051
      vertex 461.761 -4 9.37424
    endloop
  endfacet
  facet normal -0.590497 0 -0.80704
    outer loop
      vertex 461.007 -4 10.4923
      vertex 461.108 -0.999999 10.4184
      vertex 461.108 -4 10.4184
    endloop
  endfacet
  facet normal -0.590497 0 -0.80704
    outer loop
      vertex 461.108 -0.999999 10.4184
      vertex 461.007 -4 10.4923
      vertex 461.007 -0.999999 10.4923
    endloop
  endfacet
  facet normal -0.643473 0 -0.765469
    outer loop
      vertex 461.108 -4 10.4184
      vertex 461.204 -0.999999 10.3377
      vertex 461.204 -4 10.3377
    endloop
  endfacet
  facet normal -0.643473 0 -0.765469
    outer loop
      vertex 461.204 -0.999999 10.3377
      vertex 461.108 -4 10.4184
      vertex 461.108 -0.999999 10.4184
    endloop
  endfacet
  facet normal -0.789352 0 -0.613941
    outer loop
      vertex 461.456 -4 10.058
      vertex 461.379 -0.999999 10.157
      vertex 461.456 -0.999999 10.058
    endloop
  endfacet
  facet normal -0.789352 -0 -0.613941
    outer loop
      vertex 461.379 -0.999999 10.157
      vertex 461.456 -4 10.058
      vertex 461.379 -4 10.157
    endloop
  endfacet
  facet normal 0.469349 0 -0.883013
    outer loop
      vertex 459.1 -4 10.5588
      vertex 459.211 -0.999999 10.6178
      vertex 459.211 -4 10.6178
    endloop
  endfacet
  facet normal 0.469349 0 -0.883013
    outer loop
      vertex 459.211 -0.999999 10.6178
      vertex 459.1 -4 10.5588
      vertex 459.1 -0.999999 10.5588
    endloop
  endfacet
  facet normal 0.692284 0 -0.721625
    outer loop
      vertex 458.705 -4 10.2504
      vertex 458.796 -0.999999 10.3377
      vertex 458.796 -4 10.3377
    endloop
  endfacet
  facet normal 0.692284 0 -0.721625
    outer loop
      vertex 458.796 -0.999999 10.3377
      vertex 458.705 -4 10.2504
      vertex 458.705 -0.999999 10.2504
    endloop
  endfacet
  facet normal 0.643473 0 -0.765469
    outer loop
      vertex 458.796 -4 10.3377
      vertex 458.892 -0.999999 10.4184
      vertex 458.892 -4 10.4184
    endloop
  endfacet
  facet normal 0.643473 0 -0.765469
    outer loop
      vertex 458.892 -0.999999 10.4184
      vertex 458.796 -4 10.3377
      vertex 458.796 -0.999999 10.3377
    endloop
  endfacet
  facet normal 0.743532 0 -0.668701
    outer loop
      vertex 458.705 -4 10.2504
      vertex 458.621 -0.999999 10.157
      vertex 458.705 -0.999999 10.2504
    endloop
  endfacet
  facet normal 0.743532 0 -0.668701
    outer loop
      vertex 458.621 -0.999999 10.157
      vertex 458.705 -4 10.2504
      vertex 458.621 -4 10.157
    endloop
  endfacet
  facet normal -0.274931 0 -0.961464
    outer loop
      vertex 460.435 -4 10.7465
      vertex 460.556 -0.999999 10.7119
      vertex 460.556 -4 10.7119
    endloop
  endfacet
  facet normal -0.274931 0 -0.961464
    outer loop
      vertex 460.556 -0.999999 10.7119
      vertex 460.435 -4 10.7465
      vertex 460.435 -0.999999 10.7465
    endloop
  endfacet
  facet normal -0.527857 0 -0.849333
    outer loop
      vertex 460.9 -4 10.5588
      vertex 461.007 -0.999999 10.4923
      vertex 461.007 -4 10.4923
    endloop
  endfacet
  facet normal -0.527857 0 -0.849333
    outer loop
      vertex 461.007 -0.999999 10.4923
      vertex 460.9 -4 10.5588
      vertex 460.9 -0.999999 10.5588
    endloop
  endfacet
  facet normal -0.692284 0 -0.721625
    outer loop
      vertex 461.204 -4 10.3377
      vertex 461.295 -0.999999 10.2504
      vertex 461.295 -4 10.2504
    endloop
  endfacet
  facet normal -0.692284 0 -0.721625
    outer loop
      vertex 461.295 -0.999999 10.2504
      vertex 461.204 -4 10.3377
      vertex 461.204 -0.999999 10.3377
    endloop
  endfacet
  facet normal 0.209967 0 -0.977708
    outer loop
      vertex 459.565 -4 10.7465
      vertex 459.687 -0.999999 10.7727
      vertex 459.687 -4 10.7727
    endloop
  endfacet
  facet normal 0.209967 0 -0.977708
    outer loop
      vertex 459.687 -0.999999 10.7727
      vertex 459.565 -4 10.7465
      vertex 459.565 -0.999999 10.7465
    endloop
  endfacet
  facet normal -1 0 0
    outer loop
      vertex 314.533 153.1 0
      vertex 314.533 128.025 5.5
      vertex 314.533 153.1 8
    endloop
  endfacet
  facet normal -1 0 0
    outer loop
      vertex 314.533 153.1 0
      vertex 314.533 127.967 5.06001
      vertex 314.533 128.025 5.5
    endloop
  endfacet
  facet normal -1 0 0
    outer loop
      vertex 314.533 153.1 0
      vertex 314.533 127.797 4.65
      vertex 314.533 127.967 5.06001
    endloop
  endfacet
  facet normal -1 0 0
    outer loop
      vertex 314.533 153.1 0
      vertex 314.533 127.527 4.29792
      vertex 314.533 127.797 4.65
    endloop
  endfacet
  facet normal -1 0 0
    outer loop
      vertex 314.533 153.1 0
      vertex 314.533 127.175 4.02776
      vertex 314.533 127.527 4.29792
    endloop
  endfacet
  facet normal -1 0 0
    outer loop
      vertex 314.533 153.1 0
      vertex 314.533 126.765 3.85793
      vertex 314.533 127.175 4.02776
    endloop
  endfacet
  facet normal -1 0 0
    outer loop
      vertex 314.533 153.1 0
      vertex 314.533 126.325 3.8
      vertex 314.533 126.765 3.85793
    endloop
  endfacet
  facet normal -1 0 0
    outer loop
      vertex 314.533 87.55 3.8
      vertex 314.533 126.325 3.8
      vertex 314.533 153.1 0
    endloop
  endfacet
  facet normal -1 0 0
    outer loop
      vertex 314.533 124.683 5.06001
      vertex 314.533 89.25 5.5
      vertex 314.533 124.625 5.5
    endloop
  endfacet
  facet normal -1 0 0
    outer loop
      vertex 314.533 89.1921 5.06001
      vertex 314.533 124.683 5.06001
      vertex 314.533 124.853 4.65
    endloop
  endfacet
  facet normal -1 0 0
    outer loop
      vertex 314.533 89.0222 4.65
      vertex 314.533 124.853 4.65
      vertex 314.533 125.123 4.29792
    endloop
  endfacet
  facet normal -1 0 0
    outer loop
      vertex 314.533 88.7521 4.29792
      vertex 314.533 125.123 4.29792
      vertex 314.533 125.475 4.02776
    endloop
  endfacet
  facet normal -1 0 0
    outer loop
      vertex 314.533 88.4 4.02776
      vertex 314.533 125.475 4.02776
      vertex 314.533 125.885 3.85793
    endloop
  endfacet
  facet normal -1 0 0
    outer loop
      vertex 314.533 126.325 3.8
      vertex 314.533 87.55 3.8
      vertex 314.533 125.885 3.85793
    endloop
  endfacet
  facet normal -1 0 0
    outer loop
      vertex 314.533 124.683 5.06001
      vertex 314.533 89.1921 5.06001
      vertex 314.533 89.25 5.5
    endloop
  endfacet
  facet normal -1 0 0
    outer loop
      vertex 314.533 124.853 4.65
      vertex 314.533 89.0222 4.65
      vertex 314.533 89.1921 5.06001
    endloop
  endfacet
  facet normal -1 0 0
    outer loop
      vertex 314.533 125.123 4.29792
      vertex 314.533 88.7521 4.29792
      vertex 314.533 89.0222 4.65
    endloop
  endfacet
  facet normal -1 0 0
    outer loop
      vertex 314.533 125.475 4.02776
      vertex 314.533 88.4 4.02776
      vertex 314.533 88.7521 4.29792
    endloop
  endfacet
  facet normal -1 0 0
    outer loop
      vertex 314.533 125.885 3.85793
      vertex 314.533 87.99 3.85793
      vertex 314.533 88.4 4.02776
    endloop
  endfacet
  facet normal -1 -0 0
    outer loop
      vertex 314.533 125.885 3.85793
      vertex 314.533 87.55 3.8
      vertex 314.533 87.99 3.85793
    endloop
  endfacet
  facet normal -1 0 0
    outer loop
      vertex 314.533 85.9079 5.06001
      vertex 314.533 50.475 5.5
      vertex 314.533 85.85 5.5
    endloop
  endfacet
  facet normal -1 0 0
    outer loop
      vertex 314.533 50.4171 5.06001
      vertex 314.533 85.9079 5.06001
      vertex 314.533 86.0778 4.65
    endloop
  endfacet
  facet normal -1 0 0
    outer loop
      vertex 314.533 50.2472 4.65
      vertex 314.533 86.0778 4.65
      vertex 314.533 86.3479 4.29792
    endloop
  endfacet
  facet normal -1 0 0
    outer loop
      vertex 314.533 49.9771 4.29792
      vertex 314.533 86.3479 4.29792
      vertex 314.533 86.7 4.02776
    endloop
  endfacet
  facet normal -1 0 0
    outer loop
      vertex 314.533 49.625 4.02776
      vertex 314.533 86.7 4.02776
      vertex 314.533 87.11 3.85793
    endloop
  endfacet
  facet normal -1 0 0
    outer loop
      vertex 314.533 49.215 3.85793
      vertex 314.533 87.11 3.85793
      vertex 314.533 87.55 3.8
    endloop
  endfacet
  facet normal -1 0 0
    outer loop
      vertex 314.533 -4 0
      vertex 314.533 87.55 3.8
      vertex 314.533 153.1 0
    endloop
  endfacet
  facet normal -1 0 0
    outer loop
      vertex 314.533 85.9079 5.06001
      vertex 314.533 50.4171 5.06001
      vertex 314.533 50.475 5.5
    endloop
  endfacet
  facet normal -1 0 0
    outer loop
      vertex 314.533 86.0778 4.65
      vertex 314.533 50.2472 4.65
      vertex 314.533 50.4171 5.06001
    endloop
  endfacet
  facet normal -1 0 0
    outer loop
      vertex 314.533 86.3479 4.29792
      vertex 314.533 49.9771 4.29792
      vertex 314.533 50.2472 4.65
    endloop
  endfacet
  facet normal -1 0 0
    outer loop
      vertex 314.533 86.7 4.02776
      vertex 314.533 49.625 4.02776
      vertex 314.533 49.9771 4.29792
    endloop
  endfacet
  facet normal -1 0 0
    outer loop
      vertex 314.533 87.11 3.85793
      vertex 314.533 49.215 3.85793
      vertex 314.533 49.625 4.02776
    endloop
  endfacet
  facet normal -1 0 0
    outer loop
      vertex 314.533 87.55 3.8
      vertex 314.533 48.775 3.8
      vertex 314.533 49.215 3.85793
    endloop
  endfacet
  facet normal -1 0 0
    outer loop
      vertex 314.533 47.1329 5.06001
      vertex 314.533 11.7 5.5
      vertex 314.533 47.075 5.5
    endloop
  endfacet
  facet normal -1 0 0
    outer loop
      vertex 314.533 11.6421 5.06001
      vertex 314.533 47.1329 5.06001
      vertex 314.533 47.3028 4.65
    endloop
  endfacet
  facet normal -1 0 0
    outer loop
      vertex 314.533 11.4722 4.65
      vertex 314.533 47.3028 4.65
      vertex 314.533 47.5729 4.29792
    endloop
  endfacet
  facet normal -1 0 0
    outer loop
      vertex 314.533 11.2021 4.29792
      vertex 314.533 47.5729 4.29792
      vertex 314.533 47.925 4.02776
    endloop
  endfacet
  facet normal -1 0 0
    outer loop
      vertex 314.533 10.85 4.02776
      vertex 314.533 47.925 4.02776
      vertex 314.533 48.335 3.85793
    endloop
  endfacet
  facet normal -1 0 0
    outer loop
      vertex 314.533 -4 0
      vertex 314.533 48.335 3.85793
      vertex 314.533 48.775 3.8
    endloop
  endfacet
  facet normal -1 0 0
    outer loop
      vertex 314.533 47.1329 5.06001
      vertex 314.533 11.6421 5.06001
      vertex 314.533 11.7 5.5
    endloop
  endfacet
  facet normal -1 -0 0
    outer loop
      vertex 314.533 87.55 3.8
      vertex 314.533 -4 0
      vertex 314.533 48.775 3.8
    endloop
  endfacet
  facet normal -1 0 0
    outer loop
      vertex 314.533 47.3028 4.65
      vertex 314.533 11.4722 4.65
      vertex 314.533 11.6421 5.06001
    endloop
  endfacet
  facet normal -1 0 0
    outer loop
      vertex 314.533 47.5729 4.29792
      vertex 314.533 11.2021 4.29792
      vertex 314.533 11.4722 4.65
    endloop
  endfacet
  facet normal -1 0 0
    outer loop
      vertex 314.533 47.925 4.02776
      vertex 314.533 10.85 4.02776
      vertex 314.533 11.2021 4.29792
    endloop
  endfacet
  facet normal -1 0 0
    outer loop
      vertex 314.533 48.335 3.85793
      vertex 314.533 10.44 3.85793
      vertex 314.533 10.85 4.02776
    endloop
  endfacet
  facet normal -1 -0 0
    outer loop
      vertex 314.533 48.335 3.85793
      vertex 314.533 -4 0
      vertex 314.533 10.44 3.85793
    endloop
  endfacet
  facet normal -1 0 0
    outer loop
      vertex 314.533 8.35793 5.06001
      vertex 314.533 4 8
      vertex 314.533 8.3 5.5
    endloop
  endfacet
  facet normal -1 0 0
    outer loop
      vertex 314.533 8.52776 4.65
      vertex 314.533 4 8
      vertex 314.533 8.35793 5.06001
    endloop
  endfacet
  facet normal -1 0 0
    outer loop
      vertex 314.533 -4 0
      vertex 314.533 8.52776 4.65
      vertex 314.533 8.79792 4.29792
    endloop
  endfacet
  facet normal -1 0 0
    outer loop
      vertex 314.533 10.44 3.85793
      vertex 314.533 -4 0
      vertex 314.533 10 3.8
    endloop
  endfacet
  facet normal -1 0 0
    outer loop
      vertex 314.533 -4 0
      vertex 314.533 9.56001 3.85793
      vertex 314.533 10 3.8
    endloop
  endfacet
  facet normal -1 0 0
    outer loop
      vertex 314.533 -4 0
      vertex 314.533 9.15 4.02776
      vertex 314.533 9.56001 3.85793
    endloop
  endfacet
  facet normal -1 0 0
    outer loop
      vertex 314.533 -4 0
      vertex 314.533 8.79792 4.29792
      vertex 314.533 9.15 4.02776
    endloop
  endfacet
  facet normal -1 -0 0
    outer loop
      vertex 314.533 8.52776 4.65
      vertex 314.533 -4 0
      vertex 314.533 4 8
    endloop
  endfacet
  facet normal -1 0 0
    outer loop
      vertex 314.533 -4 3.01
      vertex 314.533 4 8
      vertex 314.533 -4 0
    endloop
  endfacet
  facet normal -1 0 0
    outer loop
      vertex 314.533 -4 15
      vertex 314.533 4 8
      vertex 314.533 -4 3.01
    endloop
  endfacet
  facet normal -1 0 0
    outer loop
      vertex 314.533 4 8
      vertex 314.533 -4 15
      vertex 314.533 4 15
    endloop
  endfacet
  facet normal -1 0 0
    outer loop
      vertex 314.533 127.967 5.93999
      vertex 314.533 153.1 8
      vertex 314.533 128.025 5.5
    endloop
  endfacet
  facet normal -1 0 0
    outer loop
      vertex 314.533 127.797 6.35
      vertex 314.533 153.1 8
      vertex 314.533 127.967 5.93999
    endloop
  endfacet
  facet normal -1 0 0
    outer loop
      vertex 314.533 127.527 6.70208
      vertex 314.533 153.1 8
      vertex 314.533 127.797 6.35
    endloop
  endfacet
  facet normal -1 0 0
    outer loop
      vertex 314.533 127.175 6.97224
      vertex 314.533 153.1 8
      vertex 314.533 127.527 6.70208
    endloop
  endfacet
  facet normal -1 0 0
    outer loop
      vertex 314.533 126.765 7.14207
      vertex 314.533 153.1 8
      vertex 314.533 127.175 6.97224
    endloop
  endfacet
  facet normal -1 0 0
    outer loop
      vertex 314.533 126.325 7.2
      vertex 314.533 153.1 8
      vertex 314.533 126.765 7.14207
    endloop
  endfacet
  facet normal -1 0 0
    outer loop
      vertex 314.533 89.25 5.5
      vertex 314.533 124.683 5.93999
      vertex 314.533 124.625 5.5
    endloop
  endfacet
  facet normal -1 0 0
    outer loop
      vertex 314.533 89.1921 5.93999
      vertex 314.533 124.683 5.93999
      vertex 314.533 89.25 5.5
    endloop
  endfacet
  facet normal -1 0 0
    outer loop
      vertex 314.533 124.683 5.93999
      vertex 314.533 89.1921 5.93999
      vertex 314.533 124.853 6.35
    endloop
  endfacet
  facet normal -1 0 0
    outer loop
      vertex 314.533 89.0222 6.35
      vertex 314.533 124.853 6.35
      vertex 314.533 89.1921 5.93999
    endloop
  endfacet
  facet normal -1 0 0
    outer loop
      vertex 314.533 124.853 6.35
      vertex 314.533 89.0222 6.35
      vertex 314.533 125.123 6.70208
    endloop
  endfacet
  facet normal -1 0 0
    outer loop
      vertex 314.533 88.7521 6.70208
      vertex 314.533 125.123 6.70208
      vertex 314.533 89.0222 6.35
    endloop
  endfacet
  facet normal -1 0 0
    outer loop
      vertex 314.533 125.123 6.70208
      vertex 314.533 88.7521 6.70208
      vertex 314.533 125.475 6.97224
    endloop
  endfacet
  facet normal -1 0 0
    outer loop
      vertex 314.533 88.4 6.97224
      vertex 314.533 125.475 6.97224
      vertex 314.533 88.7521 6.70208
    endloop
  endfacet
  facet normal -1 0 0
    outer loop
      vertex 314.533 125.475 6.97224
      vertex 314.533 88.4 6.97224
      vertex 314.533 125.885 7.14207
    endloop
  endfacet
  facet normal -1 0 0
    outer loop
      vertex 314.533 87.99 7.14207
      vertex 314.533 125.885 7.14207
      vertex 314.533 88.4 6.97224
    endloop
  endfacet
  facet normal -1 0 0
    outer loop
      vertex 314.533 125.885 7.14207
      vertex 314.533 87.99 7.14207
      vertex 314.533 126.325 7.2
    endloop
  endfacet
  facet normal -1 0 0
    outer loop
      vertex 314.533 87.55 7.2
      vertex 314.533 126.325 7.2
      vertex 314.533 87.99 7.14207
    endloop
  endfacet
  facet normal -1 0 0
    outer loop
      vertex 314.533 126.325 7.2
      vertex 314.533 87.55 7.2
      vertex 314.533 153.1 8
    endloop
  endfacet
  facet normal -1 0 0
    outer loop
      vertex 314.533 50.475 5.5
      vertex 314.533 85.9079 5.93999
      vertex 314.533 85.85 5.5
    endloop
  endfacet
  facet normal -1 0 0
    outer loop
      vertex 314.533 50.4171 5.93999
      vertex 314.533 85.9079 5.93999
      vertex 314.533 50.475 5.5
    endloop
  endfacet
  facet normal -1 0 0
    outer loop
      vertex 314.533 85.9079 5.93999
      vertex 314.533 50.4171 5.93999
      vertex 314.533 86.0778 6.35
    endloop
  endfacet
  facet normal -1 0 0
    outer loop
      vertex 314.533 50.2472 6.35
      vertex 314.533 86.0778 6.35
      vertex 314.533 50.4171 5.93999
    endloop
  endfacet
  facet normal -1 0 0
    outer loop
      vertex 314.533 86.0778 6.35
      vertex 314.533 50.2472 6.35
      vertex 314.533 86.3479 6.70208
    endloop
  endfacet
  facet normal -1 0 0
    outer loop
      vertex 314.533 49.9771 6.70208
      vertex 314.533 86.3479 6.70208
      vertex 314.533 50.2472 6.35
    endloop
  endfacet
  facet normal -1 0 0
    outer loop
      vertex 314.533 86.3479 6.70208
      vertex 314.533 49.9771 6.70208
      vertex 314.533 86.7 6.97224
    endloop
  endfacet
  facet normal -1 0 0
    outer loop
      vertex 314.533 49.625 6.97224
      vertex 314.533 86.7 6.97224
      vertex 314.533 49.9771 6.70208
    endloop
  endfacet
  facet normal -1 0 0
    outer loop
      vertex 314.533 86.7 6.97224
      vertex 314.533 49.625 6.97224
      vertex 314.533 87.11 7.14207
    endloop
  endfacet
  facet normal -1 0 0
    outer loop
      vertex 314.533 49.215 7.14207
      vertex 314.533 87.11 7.14207
      vertex 314.533 49.625 6.97224
    endloop
  endfacet
  facet normal -1 0 0
    outer loop
      vertex 314.533 87.11 7.14207
      vertex 314.533 49.215 7.14207
      vertex 314.533 87.55 7.2
    endloop
  endfacet
  facet normal -1 0 0
    outer loop
      vertex 314.533 48.775 7.2
      vertex 314.533 87.55 7.2
      vertex 314.533 49.215 7.14207
    endloop
  endfacet
  facet normal -1 0 0
    outer loop
      vertex 314.533 87.55 7.2
      vertex 314.533 48.775 7.2
      vertex 314.533 153.1 8
    endloop
  endfacet
  facet normal -1 0 0
    outer loop
      vertex 314.533 11.7 5.5
      vertex 314.533 47.1329 5.93999
      vertex 314.533 47.075 5.5
    endloop
  endfacet
  facet normal -1 0 0
    outer loop
      vertex 314.533 11.6421 5.93999
      vertex 314.533 47.1329 5.93999
      vertex 314.533 11.7 5.5
    endloop
  endfacet
  facet normal -1 0 0
    outer loop
      vertex 314.533 47.1329 5.93999
      vertex 314.533 11.6421 5.93999
      vertex 314.533 47.3028 6.35
    endloop
  endfacet
  facet normal -1 0 0
    outer loop
      vertex 314.533 11.4722 6.35
      vertex 314.533 47.3028 6.35
      vertex 314.533 11.6421 5.93999
    endloop
  endfacet
  facet normal -1 0 0
    outer loop
      vertex 314.533 47.3028 6.35
      vertex 314.533 11.4722 6.35
      vertex 314.533 47.5729 6.70208
    endloop
  endfacet
  facet normal -1 0 0
    outer loop
      vertex 314.533 11.2021 6.70208
      vertex 314.533 47.5729 6.70208
      vertex 314.533 11.4722 6.35
    endloop
  endfacet
  facet normal -1 0 0
    outer loop
      vertex 314.533 47.5729 6.70208
      vertex 314.533 11.2021 6.70208
      vertex 314.533 47.925 6.97224
    endloop
  endfacet
  facet normal -1 0 0
    outer loop
      vertex 314.533 10.85 6.97224
      vertex 314.533 47.925 6.97224
      vertex 314.533 11.2021 6.70208
    endloop
  endfacet
  facet normal -1 0 0
    outer loop
      vertex 314.533 47.925 6.97224
      vertex 314.533 10.85 6.97224
      vertex 314.533 48.335 7.14207
    endloop
  endfacet
  facet normal -1 0 0
    outer loop
      vertex 314.533 10.44 7.14207
      vertex 314.533 48.335 7.14207
      vertex 314.533 10.85 6.97224
    endloop
  endfacet
  facet normal -1 0 0
    outer loop
      vertex 314.533 48.335 7.14207
      vertex 314.533 10.44 7.14207
      vertex 314.533 48.775 7.2
    endloop
  endfacet
  facet normal -1 0 0
    outer loop
      vertex 314.533 10 7.2
      vertex 314.533 48.775 7.2
      vertex 314.533 10.44 7.14207
    endloop
  endfacet
  facet normal -1 0 0
    outer loop
      vertex 314.533 4 8
      vertex 314.533 48.775 7.2
      vertex 314.533 10 7.2
    endloop
  endfacet
  facet normal -1 0 0
    outer loop
      vertex 314.533 48.775 7.2
      vertex 314.533 4 8
      vertex 314.533 153.1 8
    endloop
  endfacet
  facet normal -1 0 0
    outer loop
      vertex 314.533 9.56001 7.14207
      vertex 314.533 4 8
      vertex 314.533 10 7.2
    endloop
  endfacet
  facet normal -1 0 0
    outer loop
      vertex 314.533 9.15 6.97224
      vertex 314.533 4 8
      vertex 314.533 9.56001 7.14207
    endloop
  endfacet
  facet normal -1 0 0
    outer loop
      vertex 314.533 8.79792 6.70208
      vertex 314.533 4 8
      vertex 314.533 9.15 6.97224
    endloop
  endfacet
  facet normal -1 0 0
    outer loop
      vertex 314.533 8.52776 6.35
      vertex 314.533 4 8
      vertex 314.533 8.79792 6.70208
    endloop
  endfacet
  facet normal -1 0 0
    outer loop
      vertex 314.533 8.35793 5.93999
      vertex 314.533 4 8
      vertex 314.533 8.52776 6.35
    endloop
  endfacet
  facet normal -1 0 0
    outer loop
      vertex 314.533 4 8
      vertex 314.533 8.35793 5.93999
      vertex 314.533 8.3 5.5
    endloop
  endfacet
  facet normal 0 1 -0
    outer loop
      vertex 377.578 153.1 7.14207
      vertex 337.127 153.1 7.2
      vertex 378.018 153.1 7.2
    endloop
  endfacet
  facet normal 0 1 0
    outer loop
      vertex 377.578 153.1 7.14207
      vertex 337.567 153.1 7.14207
      vertex 337.127 153.1 7.2
    endloop
  endfacet
  facet normal 0 1 -0
    outer loop
      vertex 377.168 153.1 6.97224
      vertex 337.567 153.1 7.14207
      vertex 377.578 153.1 7.14207
    endloop
  endfacet
  facet normal 0 1 0
    outer loop
      vertex 377.168 153.1 6.97224
      vertex 337.977 153.1 6.97224
      vertex 337.567 153.1 7.14207
    endloop
  endfacet
  facet normal 0 1 -0
    outer loop
      vertex 376.816 153.1 6.70208
      vertex 337.977 153.1 6.97224
      vertex 377.168 153.1 6.97224
    endloop
  endfacet
  facet normal 0 1 0
    outer loop
      vertex 376.816 153.1 6.70208
      vertex 338.329 153.1 6.70208
      vertex 337.977 153.1 6.97224
    endloop
  endfacet
  facet normal 0 1 -0
    outer loop
      vertex 376.546 153.1 6.35
      vertex 338.329 153.1 6.70208
      vertex 376.816 153.1 6.70208
    endloop
  endfacet
  facet normal 0 1 0
    outer loop
      vertex 376.546 153.1 6.35
      vertex 338.6 153.1 6.35
      vertex 338.329 153.1 6.70208
    endloop
  endfacet
  facet normal 0 1 -0
    outer loop
      vertex 376.376 153.1 5.93999
      vertex 338.6 153.1 6.35
      vertex 376.546 153.1 6.35
    endloop
  endfacet
  facet normal 0 1 0
    outer loop
      vertex 376.376 153.1 5.93999
      vertex 338.769 153.1 5.93999
      vertex 338.6 153.1 6.35
    endloop
  endfacet
  facet normal 0 1 -0
    outer loop
      vertex 376.318 153.1 5.5
      vertex 338.769 153.1 5.93999
      vertex 376.376 153.1 5.93999
    endloop
  endfacet
  facet normal 0 1 0
    outer loop
      vertex 376.318 153.1 5.5
      vertex 338.827 153.1 5.5
      vertex 338.769 153.1 5.93999
    endloop
  endfacet
  facet normal 0 1 0
    outer loop
      vertex 376.376 153.1 5.06001
      vertex 338.827 153.1 5.5
      vertex 376.318 153.1 5.5
    endloop
  endfacet
  facet normal 0 1 0
    outer loop
      vertex 376.376 153.1 5.06001
      vertex 338.769 153.1 5.06001
      vertex 338.827 153.1 5.5
    endloop
  endfacet
  facet normal 0 1 0
    outer loop
      vertex 376.546 153.1 4.65
      vertex 338.769 153.1 5.06001
      vertex 376.376 153.1 5.06001
    endloop
  endfacet
  facet normal 0 1 0
    outer loop
      vertex 376.546 153.1 4.65
      vertex 338.6 153.1 4.65
      vertex 338.769 153.1 5.06001
    endloop
  endfacet
  facet normal 0 1 0
    outer loop
      vertex 376.816 153.1 4.29792
      vertex 338.6 153.1 4.65
      vertex 376.546 153.1 4.65
    endloop
  endfacet
  facet normal 0 1 0
    outer loop
      vertex 376.816 153.1 4.29792
      vertex 338.329 153.1 4.29792
      vertex 338.6 153.1 4.65
    endloop
  endfacet
  facet normal 0 1 0
    outer loop
      vertex 377.168 153.1 4.02776
      vertex 338.329 153.1 4.29792
      vertex 376.816 153.1 4.29792
    endloop
  endfacet
  facet normal 0 1 0
    outer loop
      vertex 377.168 153.1 4.02776
      vertex 337.977 153.1 4.02776
      vertex 338.329 153.1 4.29792
    endloop
  endfacet
  facet normal 0 1 0
    outer loop
      vertex 377.578 153.1 3.85793
      vertex 337.977 153.1 4.02776
      vertex 377.168 153.1 4.02776
    endloop
  endfacet
  facet normal 0 1 0
    outer loop
      vertex 377.578 153.1 3.85793
      vertex 337.567 153.1 3.85793
      vertex 337.977 153.1 4.02776
    endloop
  endfacet
  facet normal 0 1 0
    outer loop
      vertex 378.018 153.1 3.8
      vertex 337.567 153.1 3.85793
      vertex 377.578 153.1 3.85793
    endloop
  endfacet
  facet normal 0 1 0
    outer loop
      vertex 337.567 153.1 3.85793
      vertex 378.018 153.1 3.8
      vertex 337.127 153.1 3.8
    endloop
  endfacet
  facet normal 0 1 -0
    outer loop
      vertex 418.469 153.1 7.14207
      vertex 378.018 153.1 7.2
      vertex 418.909 153.1 7.2
    endloop
  endfacet
  facet normal 0 1 0
    outer loop
      vertex 418.469 153.1 7.14207
      vertex 378.458 153.1 7.14207
      vertex 378.018 153.1 7.2
    endloop
  endfacet
  facet normal 0 1 -0
    outer loop
      vertex 418.059 153.1 6.97224
      vertex 378.458 153.1 7.14207
      vertex 418.469 153.1 7.14207
    endloop
  endfacet
  facet normal 0 1 0
    outer loop
      vertex 418.059 153.1 6.97224
      vertex 378.868 153.1 6.97224
      vertex 378.458 153.1 7.14207
    endloop
  endfacet
  facet normal 0 1 -0
    outer loop
      vertex 417.707 153.1 6.70208
      vertex 378.868 153.1 6.97224
      vertex 418.059 153.1 6.97224
    endloop
  endfacet
  facet normal 0 1 0
    outer loop
      vertex 417.707 153.1 6.70208
      vertex 379.22 153.1 6.70208
      vertex 378.868 153.1 6.97224
    endloop
  endfacet
  facet normal 0 1 -0
    outer loop
      vertex 417.437 153.1 6.35
      vertex 379.22 153.1 6.70208
      vertex 417.707 153.1 6.70208
    endloop
  endfacet
  facet normal 0 1 0
    outer loop
      vertex 417.437 153.1 6.35
      vertex 379.49 153.1 6.35
      vertex 379.22 153.1 6.70208
    endloop
  endfacet
  facet normal 0 1 -0
    outer loop
      vertex 417.267 153.1 5.93999
      vertex 379.49 153.1 6.35
      vertex 417.437 153.1 6.35
    endloop
  endfacet
  facet normal 0 1 0
    outer loop
      vertex 417.267 153.1 5.93999
      vertex 379.66 153.1 5.93999
      vertex 379.49 153.1 6.35
    endloop
  endfacet
  facet normal 0 1 -0
    outer loop
      vertex 417.209 153.1 5.5
      vertex 379.66 153.1 5.93999
      vertex 417.267 153.1 5.93999
    endloop
  endfacet
  facet normal 0 1 0
    outer loop
      vertex 417.209 153.1 5.5
      vertex 379.718 153.1 5.5
      vertex 379.66 153.1 5.93999
    endloop
  endfacet
  facet normal 0 1 0
    outer loop
      vertex 417.267 153.1 5.06001
      vertex 379.718 153.1 5.5
      vertex 417.209 153.1 5.5
    endloop
  endfacet
  facet normal 0 1 0
    outer loop
      vertex 417.267 153.1 5.06001
      vertex 379.66 153.1 5.06001
      vertex 379.718 153.1 5.5
    endloop
  endfacet
  facet normal 0 1 0
    outer loop
      vertex 417.437 153.1 4.65
      vertex 379.66 153.1 5.06001
      vertex 417.267 153.1 5.06001
    endloop
  endfacet
  facet normal 0 1 0
    outer loop
      vertex 417.437 153.1 4.65
      vertex 379.49 153.1 4.65
      vertex 379.66 153.1 5.06001
    endloop
  endfacet
  facet normal 0 1 0
    outer loop
      vertex 417.707 153.1 4.29792
      vertex 379.49 153.1 4.65
      vertex 417.437 153.1 4.65
    endloop
  endfacet
  facet normal 0 1 0
    outer loop
      vertex 417.707 153.1 4.29792
      vertex 379.22 153.1 4.29792
      vertex 379.49 153.1 4.65
    endloop
  endfacet
  facet normal 0 1 0
    outer loop
      vertex 418.059 153.1 4.02776
      vertex 379.22 153.1 4.29792
      vertex 417.707 153.1 4.29792
    endloop
  endfacet
  facet normal 0 1 0
    outer loop
      vertex 418.059 153.1 4.02776
      vertex 378.868 153.1 4.02776
      vertex 379.22 153.1 4.29792
    endloop
  endfacet
  facet normal 0 1 0
    outer loop
      vertex 418.469 153.1 3.85793
      vertex 378.868 153.1 4.02776
      vertex 418.059 153.1 4.02776
    endloop
  endfacet
  facet normal 0 1 0
    outer loop
      vertex 418.469 153.1 3.85793
      vertex 378.458 153.1 3.85793
      vertex 378.868 153.1 4.02776
    endloop
  endfacet
  facet normal 0 1 0
    outer loop
      vertex 418.909 153.1 3.8
      vertex 378.458 153.1 3.85793
      vertex 418.469 153.1 3.85793
    endloop
  endfacet
  facet normal 0 1 0
    outer loop
      vertex 378.458 153.1 3.85793
      vertex 418.909 153.1 3.8
      vertex 378.018 153.1 3.8
    endloop
  endfacet
  facet normal 0 1 -0
    outer loop
      vertex 459.36 153.1 7.14207
      vertex 418.909 153.1 7.2
      vertex 459.8 153.1 7.2
    endloop
  endfacet
  facet normal 0 1 0
    outer loop
      vertex 459.36 153.1 7.14207
      vertex 419.349 153.1 7.14207
      vertex 418.909 153.1 7.2
    endloop
  endfacet
  facet normal 0 1 -0
    outer loop
      vertex 458.95 153.1 6.97224
      vertex 419.349 153.1 7.14207
      vertex 459.36 153.1 7.14207
    endloop
  endfacet
  facet normal 0 1 0
    outer loop
      vertex 458.95 153.1 6.97224
      vertex 419.759 153.1 6.97224
      vertex 419.349 153.1 7.14207
    endloop
  endfacet
  facet normal 0 1 -0
    outer loop
      vertex 458.598 153.1 6.70208
      vertex 419.759 153.1 6.97224
      vertex 458.95 153.1 6.97224
    endloop
  endfacet
  facet normal 0 1 0
    outer loop
      vertex 458.598 153.1 6.70208
      vertex 420.111 153.1 6.70208
      vertex 419.759 153.1 6.97224
    endloop
  endfacet
  facet normal 0 1 -0
    outer loop
      vertex 458.328 153.1 6.35
      vertex 420.111 153.1 6.70208
      vertex 458.598 153.1 6.70208
    endloop
  endfacet
  facet normal 0 1 0
    outer loop
      vertex 458.328 153.1 6.35
      vertex 420.381 153.1 6.35
      vertex 420.111 153.1 6.70208
    endloop
  endfacet
  facet normal 0 1 -0
    outer loop
      vertex 458.158 153.1 5.93999
      vertex 420.381 153.1 6.35
      vertex 458.328 153.1 6.35
    endloop
  endfacet
  facet normal 0 1 0
    outer loop
      vertex 458.158 153.1 5.93999
      vertex 420.551 153.1 5.93999
      vertex 420.381 153.1 6.35
    endloop
  endfacet
  facet normal 0 1 -0
    outer loop
      vertex 458.1 153.1 5.5
      vertex 420.551 153.1 5.93999
      vertex 458.158 153.1 5.93999
    endloop
  endfacet
  facet normal 0 1 0
    outer loop
      vertex 458.1 153.1 5.5
      vertex 420.609 153.1 5.5
      vertex 420.551 153.1 5.93999
    endloop
  endfacet
  facet normal 0 1 0
    outer loop
      vertex 458.158 153.1 5.06001
      vertex 420.609 153.1 5.5
      vertex 458.1 153.1 5.5
    endloop
  endfacet
  facet normal 0 1 0
    outer loop
      vertex 458.158 153.1 5.06001
      vertex 420.551 153.1 5.06001
      vertex 420.609 153.1 5.5
    endloop
  endfacet
  facet normal 0 1 0
    outer loop
      vertex 458.328 153.1 4.65
      vertex 420.551 153.1 5.06001
      vertex 458.158 153.1 5.06001
    endloop
  endfacet
  facet normal 0 1 0
    outer loop
      vertex 458.328 153.1 4.65
      vertex 420.381 153.1 4.65
      vertex 420.551 153.1 5.06001
    endloop
  endfacet
  facet normal 0 1 0
    outer loop
      vertex 458.598 153.1 4.29792
      vertex 420.381 153.1 4.65
      vertex 458.328 153.1 4.65
    endloop
  endfacet
  facet normal 0 1 0
    outer loop
      vertex 458.598 153.1 4.29792
      vertex 420.111 153.1 4.29792
      vertex 420.381 153.1 4.65
    endloop
  endfacet
  facet normal 0 1 0
    outer loop
      vertex 458.95 153.1 4.02776
      vertex 420.111 153.1 4.29792
      vertex 458.598 153.1 4.29792
    endloop
  endfacet
  facet normal 0 1 0
    outer loop
      vertex 458.95 153.1 4.02776
      vertex 419.759 153.1 4.02776
      vertex 420.111 153.1 4.29792
    endloop
  endfacet
  facet normal 0 1 0
    outer loop
      vertex 459.36 153.1 3.85793
      vertex 419.759 153.1 4.02776
      vertex 458.95 153.1 4.02776
    endloop
  endfacet
  facet normal 0 1 0
    outer loop
      vertex 459.36 153.1 3.85793
      vertex 419.349 153.1 3.85793
      vertex 419.759 153.1 4.02776
    endloop
  endfacet
  facet normal 0 1 0
    outer loop
      vertex 473.8 153.1 0
      vertex 459.36 153.1 3.85793
      vertex 459.8 153.1 3.8
    endloop
  endfacet
  facet normal 0 1 0
    outer loop
      vertex 459.36 153.1 3.85793
      vertex 473.8 153.1 0
      vertex 419.349 153.1 3.85793
    endloop
  endfacet
  facet normal 0 1 0
    outer loop
      vertex 473.8 153.1 15
      vertex 465.8 153.1 8
      vertex 465.8 153.1 15
    endloop
  endfacet
  facet normal 0 1 0
    outer loop
      vertex 418.909 153.1 7.2
      vertex 465.8 153.1 8
      vertex 459.8 153.1 7.2
    endloop
  endfacet
  facet normal 0 1 0
    outer loop
      vertex 465.8 153.1 8
      vertex 460.24 153.1 7.14207
      vertex 459.8 153.1 7.2
    endloop
  endfacet
  facet normal 0 1 0
    outer loop
      vertex 465.8 153.1 8
      vertex 460.65 153.1 6.97224
      vertex 460.24 153.1 7.14207
    endloop
  endfacet
  facet normal 0 1 0
    outer loop
      vertex 465.8 153.1 8
      vertex 461.002 153.1 6.70208
      vertex 460.65 153.1 6.97224
    endloop
  endfacet
  facet normal 0 1 0
    outer loop
      vertex 465.8 153.1 8
      vertex 461.272 153.1 6.35
      vertex 461.002 153.1 6.70208
    endloop
  endfacet
  facet normal 0 1 0
    outer loop
      vertex 465.8 153.1 8
      vertex 461.442 153.1 5.93999
      vertex 461.272 153.1 6.35
    endloop
  endfacet
  facet normal 0 1 0
    outer loop
      vertex 465.8 153.1 8
      vertex 461.5 153.1 5.5
      vertex 461.442 153.1 5.93999
    endloop
  endfacet
  facet normal 0 1 0
    outer loop
      vertex 465.8 153.1 8
      vertex 461.442 153.1 5.06001
      vertex 461.5 153.1 5.5
    endloop
  endfacet
  facet normal 0 1 0
    outer loop
      vertex 465.8 153.1 8
      vertex 461.272 153.1 4.65
      vertex 461.442 153.1 5.06001
    endloop
  endfacet
  facet normal 0 1 0
    outer loop
      vertex 473.8 153.1 0
      vertex 461.272 153.1 4.65
      vertex 465.8 153.1 8
    endloop
  endfacet
  facet normal 0 1 0
    outer loop
      vertex 419.349 153.1 3.85793
      vertex 473.8 153.1 0
      vertex 418.909 153.1 3.8
    endloop
  endfacet
  facet normal 0 1 0
    outer loop
      vertex 418.909 153.1 3.8
      vertex 473.8 153.1 0
      vertex 378.018 153.1 3.8
    endloop
  endfacet
  facet normal 0 1 0
    outer loop
      vertex 314.533 153.1 0
      vertex 378.018 153.1 3.8
      vertex 473.8 153.1 0
    endloop
  endfacet
  facet normal 0 1 0
    outer loop
      vertex 460.24 153.1 3.85793
      vertex 473.8 153.1 0
      vertex 459.8 153.1 3.8
    endloop
  endfacet
  facet normal 0 1 0
    outer loop
      vertex 460.65 153.1 4.02776
      vertex 473.8 153.1 0
      vertex 460.24 153.1 3.85793
    endloop
  endfacet
  facet normal 0 1 0
    outer loop
      vertex 461.002 153.1 4.29792
      vertex 473.8 153.1 0
      vertex 460.65 153.1 4.02776
    endloop
  endfacet
  facet normal 0 1 0
    outer loop
      vertex 461.272 153.1 4.65
      vertex 473.8 153.1 0
      vertex 461.002 153.1 4.29792
    endloop
  endfacet
  facet normal 0 1 -0
    outer loop
      vertex 473.8 153.1 0
      vertex 465.8 153.1 8
      vertex 473.8 153.1 15
    endloop
  endfacet
  facet normal 0 1 0
    outer loop
      vertex 465.8 153.1 8
      vertex 418.909 153.1 7.2
      vertex 314.533 153.1 8
    endloop
  endfacet
  facet normal 0 1 -0
    outer loop
      vertex 378.018 153.1 7.2
      vertex 314.533 153.1 8
      vertex 418.909 153.1 7.2
    endloop
  endfacet
  facet normal 0 1 -0
    outer loop
      vertex 337.127 153.1 7.2
      vertex 314.533 153.1 8
      vertex 378.018 153.1 7.2
    endloop
  endfacet
  facet normal 0 1 -0
    outer loop
      vertex 336.687 153.1 7.14207
      vertex 314.533 153.1 8
      vertex 337.127 153.1 7.2
    endloop
  endfacet
  facet normal 0 1 -0
    outer loop
      vertex 336.277 153.1 6.97224
      vertex 314.533 153.1 8
      vertex 336.687 153.1 7.14207
    endloop
  endfacet
  facet normal 0 1 -0
    outer loop
      vertex 335.925 153.1 6.70208
      vertex 314.533 153.1 8
      vertex 336.277 153.1 6.97224
    endloop
  endfacet
  facet normal 0 1 -0
    outer loop
      vertex 335.655 153.1 6.35
      vertex 314.533 153.1 8
      vertex 335.925 153.1 6.70208
    endloop
  endfacet
  facet normal 0 1 -0
    outer loop
      vertex 335.485 153.1 5.93999
      vertex 314.533 153.1 8
      vertex 335.655 153.1 6.35
    endloop
  endfacet
  facet normal 0 1 -0
    outer loop
      vertex 335.427 153.1 5.5
      vertex 314.533 153.1 8
      vertex 335.485 153.1 5.93999
    endloop
  endfacet
  facet normal 0 1 0
    outer loop
      vertex 314.533 153.1 0
      vertex 335.427 153.1 5.5
      vertex 335.485 153.1 5.06001
    endloop
  endfacet
  facet normal 0 1 0
    outer loop
      vertex 314.533 153.1 0
      vertex 335.485 153.1 5.06001
      vertex 335.655 153.1 4.65
    endloop
  endfacet
  facet normal 0 1 0
    outer loop
      vertex 314.533 153.1 0
      vertex 335.655 153.1 4.65
      vertex 335.925 153.1 4.29792
    endloop
  endfacet
  facet normal 0 1 0
    outer loop
      vertex 314.533 153.1 0
      vertex 335.925 153.1 4.29792
      vertex 336.277 153.1 4.02776
    endloop
  endfacet
  facet normal 0 1 0
    outer loop
      vertex 314.533 153.1 0
      vertex 336.277 153.1 4.02776
      vertex 336.687 153.1 3.85793
    endloop
  endfacet
  facet normal 0 1 0
    outer loop
      vertex 335.427 153.1 5.5
      vertex 314.533 153.1 0
      vertex 314.533 153.1 8
    endloop
  endfacet
  facet normal 0 1 0
    outer loop
      vertex 337.127 153.1 3.8
      vertex 314.533 153.1 0
      vertex 336.687 153.1 3.85793
    endloop
  endfacet
  facet normal 0 1 0
    outer loop
      vertex 378.018 153.1 3.8
      vertex 314.533 153.1 0
      vertex 337.127 153.1 3.8
    endloop
  endfacet
  facet normal 1 -0 0
    outer loop
      vertex 318.543 -0.999999 15
      vertex 318.543 4 3.01
      vertex 318.543 4 15
    endloop
  endfacet
  facet normal 1 0 0
    outer loop
      vertex 318.543 4 3.01
      vertex 318.543 -0.999999 15
      vertex 318.543 -0.999999 3.01
    endloop
  endfacet
  facet normal 0 1 0
    outer loop
      vertex 318.543 4 15
      vertex 318.533 4 8
      vertex 314.533 4 15
    endloop
  endfacet
  facet normal 0 1 -0
    outer loop
      vertex 318.543 4 3.01
      vertex 318.533 4 8
      vertex 318.543 4 15
    endloop
  endfacet
  facet normal 0 1 0
    outer loop
      vertex 318.533 4 8
      vertex 318.543 4 3.01
      vertex 318.533 4 3.01
    endloop
  endfacet
  facet normal 0 1 0
    outer loop
      vertex 314.533 4 15
      vertex 318.533 4 8
      vertex 314.533 4 8
    endloop
  endfacet
  facet normal 0 0 -1
    outer loop
      vertex 318.533 -0.999999 3.01
      vertex 318.543 4 3.01
      vertex 318.543 -0.999999 3.01
    endloop
  endfacet
  facet normal -0 0 -1
    outer loop
      vertex 318.543 4 3.01
      vertex 318.533 -0.999999 3.01
      vertex 318.533 4 3.01
    endloop
  endfacet
  facet normal 0 -1 0
    outer loop
      vertex 314.533 -4 3.01
      vertex 318.543 -4 15
      vertex 314.533 -4 15
    endloop
  endfacet
  facet normal 0 -1 -0
    outer loop
      vertex 318.543 -4 15
      vertex 314.533 -4 3.01
      vertex 318.543 -4 3.01
    endloop
  endfacet
  facet normal 0 0 1
    outer loop
      vertex 465.8 153.1 8
      vertex 318.533 149.1 8
      vertex 465.8 149.1 8
    endloop
  endfacet
  facet normal -0 0 1
    outer loop
      vertex 314.533 153.1 8
      vertex 318.533 149.1 8
      vertex 465.8 153.1 8
    endloop
  endfacet
  facet normal 0 0 1
    outer loop
      vertex 314.533 4 8
      vertex 318.533 149.1 8
      vertex 314.533 153.1 8
    endloop
  endfacet
  facet normal 0 0 1
    outer loop
      vertex 318.533 149.1 8
      vertex 314.533 4 8
      vertex 318.533 4 8
    endloop
  endfacet
  facet normal 1 0 0
    outer loop
      vertex 318.533 149.1 8
      vertex 318.533 128.025 5.5
      vertex 318.533 149.1 3
    endloop
  endfacet
  facet normal 1 0 0
    outer loop
      vertex 318.533 149.1 8
      vertex 318.533 127.967 5.93999
      vertex 318.533 128.025 5.5
    endloop
  endfacet
  facet normal 1 0 0
    outer loop
      vertex 318.533 149.1 8
      vertex 318.533 127.797 6.35
      vertex 318.533 127.967 5.93999
    endloop
  endfacet
  facet normal 1 0 0
    outer loop
      vertex 318.533 149.1 8
      vertex 318.533 127.527 6.70208
      vertex 318.533 127.797 6.35
    endloop
  endfacet
  facet normal 1 0 0
    outer loop
      vertex 318.533 149.1 8
      vertex 318.533 127.175 6.97224
      vertex 318.533 127.527 6.70208
    endloop
  endfacet
  facet normal 1 0 0
    outer loop
      vertex 318.533 149.1 8
      vertex 318.533 126.765 7.14207
      vertex 318.533 127.175 6.97224
    endloop
  endfacet
  facet normal 1 0 0
    outer loop
      vertex 318.533 149.1 8
      vertex 318.533 126.325 7.2
      vertex 318.533 126.765 7.14207
    endloop
  endfacet
  facet normal 1 0 0
    outer loop
      vertex 318.533 124.683 5.93999
      vertex 318.533 89.25 5.5
      vertex 318.533 124.625 5.5
    endloop
  endfacet
  facet normal 1 0 0
    outer loop
      vertex 318.533 89.1921 5.93999
      vertex 318.533 124.683 5.93999
      vertex 318.533 124.853 6.35
    endloop
  endfacet
  facet normal 1 0 0
    outer loop
      vertex 318.533 89.0222 6.35
      vertex 318.533 124.853 6.35
      vertex 318.533 125.123 6.70208
    endloop
  endfacet
  facet normal 1 0 0
    outer loop
      vertex 318.533 88.7521 6.70208
      vertex 318.533 125.123 6.70208
      vertex 318.533 125.475 6.97224
    endloop
  endfacet
  facet normal 1 0 0
    outer loop
      vertex 318.533 88.4 6.97224
      vertex 318.533 125.475 6.97224
      vertex 318.533 125.885 7.14207
    endloop
  endfacet
  facet normal 1 0 0
    outer loop
      vertex 318.533 87.99 7.14207
      vertex 318.533 125.885 7.14207
      vertex 318.533 126.325 7.2
    endloop
  endfacet
  facet normal 1 0 0
    outer loop
      vertex 318.533 124.683 5.93999
      vertex 318.533 89.1921 5.93999
      vertex 318.533 89.25 5.5
    endloop
  endfacet
  facet normal 1 0 0
    outer loop
      vertex 318.533 87.55 7.2
      vertex 318.533 126.325 7.2
      vertex 318.533 149.1 8
    endloop
  endfacet
  facet normal 1 0 0
    outer loop
      vertex 318.533 124.853 6.35
      vertex 318.533 89.0222 6.35
      vertex 318.533 89.1921 5.93999
    endloop
  endfacet
  facet normal 1 0 0
    outer loop
      vertex 318.533 125.123 6.70208
      vertex 318.533 88.7521 6.70208
      vertex 318.533 89.0222 6.35
    endloop
  endfacet
  facet normal 1 0 0
    outer loop
      vertex 318.533 125.475 6.97224
      vertex 318.533 88.4 6.97224
      vertex 318.533 88.7521 6.70208
    endloop
  endfacet
  facet normal 1 0 0
    outer loop
      vertex 318.533 125.885 7.14207
      vertex 318.533 87.99 7.14207
      vertex 318.533 88.4 6.97224
    endloop
  endfacet
  facet normal 1 0 0
    outer loop
      vertex 318.533 126.325 7.2
      vertex 318.533 87.55 7.2
      vertex 318.533 87.99 7.14207
    endloop
  endfacet
  facet normal 1 0 0
    outer loop
      vertex 318.533 85.9079 5.93999
      vertex 318.533 50.475 5.5
      vertex 318.533 85.85 5.5
    endloop
  endfacet
  facet normal 1 0 0
    outer loop
      vertex 318.533 50.4171 5.93999
      vertex 318.533 85.9079 5.93999
      vertex 318.533 86.0778 6.35
    endloop
  endfacet
  facet normal 1 0 0
    outer loop
      vertex 318.533 50.2472 6.35
      vertex 318.533 86.0778 6.35
      vertex 318.533 86.3479 6.70208
    endloop
  endfacet
  facet normal 1 0 0
    outer loop
      vertex 318.533 49.9771 6.70208
      vertex 318.533 86.3479 6.70208
      vertex 318.533 86.7 6.97224
    endloop
  endfacet
  facet normal 1 0 0
    outer loop
      vertex 318.533 49.625 6.97224
      vertex 318.533 86.7 6.97224
      vertex 318.533 87.11 7.14207
    endloop
  endfacet
  facet normal 1 0 0
    outer loop
      vertex 318.533 49.215 7.14207
      vertex 318.533 87.11 7.14207
      vertex 318.533 87.55 7.2
    endloop
  endfacet
  facet normal 1 0 0
    outer loop
      vertex 318.533 85.9079 5.93999
      vertex 318.533 50.4171 5.93999
      vertex 318.533 50.475 5.5
    endloop
  endfacet
  facet normal 1 0 0
    outer loop
      vertex 318.533 86.0778 6.35
      vertex 318.533 50.2472 6.35
      vertex 318.533 50.4171 5.93999
    endloop
  endfacet
  facet normal 1 0 0
    outer loop
      vertex 318.533 86.3479 6.70208
      vertex 318.533 49.9771 6.70208
      vertex 318.533 50.2472 6.35
    endloop
  endfacet
  facet normal 1 0 0
    outer loop
      vertex 318.533 86.7 6.97224
      vertex 318.533 49.625 6.97224
      vertex 318.533 49.9771 6.70208
    endloop
  endfacet
  facet normal 1 0 0
    outer loop
      vertex 318.533 48.775 7.2
      vertex 318.533 87.55 7.2
      vertex 318.533 149.1 8
    endloop
  endfacet
  facet normal 1 0 0
    outer loop
      vertex 318.533 87.11 7.14207
      vertex 318.533 49.215 7.14207
      vertex 318.533 49.625 6.97224
    endloop
  endfacet
  facet normal 1 0 0
    outer loop
      vertex 318.533 87.55 7.2
      vertex 318.533 48.775 7.2
      vertex 318.533 49.215 7.14207
    endloop
  endfacet
  facet normal 1 0 0
    outer loop
      vertex 318.533 47.1329 5.93999
      vertex 318.533 11.7 5.5
      vertex 318.533 47.075 5.5
    endloop
  endfacet
  facet normal 1 0 0
    outer loop
      vertex 318.533 11.6421 5.93999
      vertex 318.533 47.1329 5.93999
      vertex 318.533 47.3028 6.35
    endloop
  endfacet
  facet normal 1 0 0
    outer loop
      vertex 318.533 11.4722 6.35
      vertex 318.533 47.3028 6.35
      vertex 318.533 47.5729 6.70208
    endloop
  endfacet
  facet normal 1 0 0
    outer loop
      vertex 318.533 11.2021 6.70208
      vertex 318.533 47.5729 6.70208
      vertex 318.533 47.925 6.97224
    endloop
  endfacet
  facet normal 1 0 0
    outer loop
      vertex 318.533 10.85 6.97224
      vertex 318.533 47.925 6.97224
      vertex 318.533 48.335 7.14207
    endloop
  endfacet
  facet normal 1 0 0
    outer loop
      vertex 318.533 10.44 7.14207
      vertex 318.533 48.335 7.14207
      vertex 318.533 48.775 7.2
    endloop
  endfacet
  facet normal 1 0 0
    outer loop
      vertex 318.533 47.1329 5.93999
      vertex 318.533 11.6421 5.93999
      vertex 318.533 11.7 5.5
    endloop
  endfacet
  facet normal 1 0 0
    outer loop
      vertex 318.533 47.3028 6.35
      vertex 318.533 11.4722 6.35
      vertex 318.533 11.6421 5.93999
    endloop
  endfacet
  facet normal 1 0 0
    outer loop
      vertex 318.533 47.5729 6.70208
      vertex 318.533 11.2021 6.70208
      vertex 318.533 11.4722 6.35
    endloop
  endfacet
  facet normal 1 0 0
    outer loop
      vertex 318.533 47.925 6.97224
      vertex 318.533 10.85 6.97224
      vertex 318.533 11.2021 6.70208
    endloop
  endfacet
  facet normal 1 -0 0
    outer loop
      vertex 318.533 4 8
      vertex 318.533 48.775 7.2
      vertex 318.533 149.1 8
    endloop
  endfacet
  facet normal 1 0 0
    outer loop
      vertex 318.533 48.335 7.14207
      vertex 318.533 10.44 7.14207
      vertex 318.533 10.85 6.97224
    endloop
  endfacet
  facet normal 1 0 0
    outer loop
      vertex 318.533 48.775 7.2
      vertex 318.533 10 7.2
      vertex 318.533 10.44 7.14207
    endloop
  endfacet
  facet normal 1 0 0
    outer loop
      vertex 318.533 8.35793 5.93999
      vertex 318.533 4 8
      vertex 318.533 8.3 5.5
    endloop
  endfacet
  facet normal 1 0 0
    outer loop
      vertex 318.533 8.52776 6.35
      vertex 318.533 4 8
      vertex 318.533 8.35793 5.93999
    endloop
  endfacet
  facet normal 1 0 0
    outer loop
      vertex 318.533 8.79792 6.70208
      vertex 318.533 4 8
      vertex 318.533 8.52776 6.35
    endloop
  endfacet
  facet normal 1 0 0
    outer loop
      vertex 318.533 9.15 6.97224
      vertex 318.533 4 8
      vertex 318.533 8.79792 6.70208
    endloop
  endfacet
  facet normal 1 0 0
    outer loop
      vertex 318.533 9.56001 7.14207
      vertex 318.533 4 8
      vertex 318.533 9.15 6.97224
    endloop
  endfacet
  facet normal 1 0 0
    outer loop
      vertex 318.533 10 7.2
      vertex 318.533 4 8
      vertex 318.533 9.56001 7.14207
    endloop
  endfacet
  facet normal 1 0 0
    outer loop
      vertex 318.533 48.775 7.2
      vertex 318.533 4 8
      vertex 318.533 10 7.2
    endloop
  endfacet
  facet normal 1 -0 0
    outer loop
      vertex 318.533 127.967 5.06001
      vertex 318.533 149.1 3
      vertex 318.533 128.025 5.5
    endloop
  endfacet
  facet normal 1 -0 0
    outer loop
      vertex 318.533 127.797 4.65
      vertex 318.533 149.1 3
      vertex 318.533 127.967 5.06001
    endloop
  endfacet
  facet normal 1 -0 0
    outer loop
      vertex 318.533 127.527 4.29792
      vertex 318.533 149.1 3
      vertex 318.533 127.797 4.65
    endloop
  endfacet
  facet normal 1 -0 0
    outer loop
      vertex 318.533 127.175 4.02776
      vertex 318.533 149.1 3
      vertex 318.533 127.527 4.29792
    endloop
  endfacet
  facet normal 1 -0 0
    outer loop
      vertex 318.533 126.765 3.85793
      vertex 318.533 149.1 3
      vertex 318.533 127.175 4.02776
    endloop
  endfacet
  facet normal 1 -0 0
    outer loop
      vertex 318.533 126.325 3.8
      vertex 318.533 149.1 3
      vertex 318.533 126.765 3.85793
    endloop
  endfacet
  facet normal 1 -0 0
    outer loop
      vertex 318.533 89.25 5.5
      vertex 318.533 124.683 5.06001
      vertex 318.533 124.625 5.5
    endloop
  endfacet
  facet normal 1 0 0
    outer loop
      vertex 318.533 89.1921 5.06001
      vertex 318.533 124.683 5.06001
      vertex 318.533 89.25 5.5
    endloop
  endfacet
  facet normal 1 0 0
    outer loop
      vertex 318.533 124.683 5.06001
      vertex 318.533 89.1921 5.06001
      vertex 318.533 124.853 4.65
    endloop
  endfacet
  facet normal 1 0 0
    outer loop
      vertex 318.533 89.0222 4.65
      vertex 318.533 124.853 4.65
      vertex 318.533 89.1921 5.06001
    endloop
  endfacet
  facet normal 1 0 0
    outer loop
      vertex 318.533 124.853 4.65
      vertex 318.533 89.0222 4.65
      vertex 318.533 125.123 4.29792
    endloop
  endfacet
  facet normal 1 0 0
    outer loop
      vertex 318.533 88.7521 4.29792
      vertex 318.533 125.123 4.29792
      vertex 318.533 89.0222 4.65
    endloop
  endfacet
  facet normal 1 0 0
    outer loop
      vertex 318.533 125.123 4.29792
      vertex 318.533 88.7521 4.29792
      vertex 318.533 125.475 4.02776
    endloop
  endfacet
  facet normal 1 0 0
    outer loop
      vertex 318.533 88.4 4.02776
      vertex 318.533 125.475 4.02776
      vertex 318.533 88.7521 4.29792
    endloop
  endfacet
  facet normal 1 0 0
    outer loop
      vertex 318.533 125.475 4.02776
      vertex 318.533 88.4 4.02776
      vertex 318.533 125.885 3.85793
    endloop
  endfacet
  facet normal 1 0 0
    outer loop
      vertex 318.533 87.99 3.85793
      vertex 318.533 125.885 3.85793
      vertex 318.533 88.4 4.02776
    endloop
  endfacet
  facet normal 1 0 0
    outer loop
      vertex 318.533 125.885 3.85793
      vertex 318.533 87.99 3.85793
      vertex 318.533 126.325 3.8
    endloop
  endfacet
  facet normal 1 0 0
    outer loop
      vertex 318.533 87.55 3.8
      vertex 318.533 126.325 3.8
      vertex 318.533 87.99 3.85793
    endloop
  endfacet
  facet normal 1 0 0
    outer loop
      vertex 318.533 126.325 3.8
      vertex 318.533 87.55 3.8
      vertex 318.533 149.1 3
    endloop
  endfacet
  facet normal 1 -0 0
    outer loop
      vertex 318.533 50.475 5.5
      vertex 318.533 85.9079 5.06001
      vertex 318.533 85.85 5.5
    endloop
  endfacet
  facet normal 1 0 0
    outer loop
      vertex 318.533 50.4171 5.06001
      vertex 318.533 85.9079 5.06001
      vertex 318.533 50.475 5.5
    endloop
  endfacet
  facet normal 1 0 0
    outer loop
      vertex 318.533 85.9079 5.06001
      vertex 318.533 50.4171 5.06001
      vertex 318.533 86.0778 4.65
    endloop
  endfacet
  facet normal 1 0 0
    outer loop
      vertex 318.533 50.2472 4.65
      vertex 318.533 86.0778 4.65
      vertex 318.533 50.4171 5.06001
    endloop
  endfacet
  facet normal 1 0 0
    outer loop
      vertex 318.533 86.0778 4.65
      vertex 318.533 50.2472 4.65
      vertex 318.533 86.3479 4.29792
    endloop
  endfacet
  facet normal 1 0 0
    outer loop
      vertex 318.533 49.9771 4.29792
      vertex 318.533 86.3479 4.29792
      vertex 318.533 50.2472 4.65
    endloop
  endfacet
  facet normal 1 0 0
    outer loop
      vertex 318.533 86.3479 4.29792
      vertex 318.533 49.9771 4.29792
      vertex 318.533 86.7 4.02776
    endloop
  endfacet
  facet normal 1 0 0
    outer loop
      vertex 318.533 49.625 4.02776
      vertex 318.533 86.7 4.02776
      vertex 318.533 49.9771 4.29792
    endloop
  endfacet
  facet normal 1 0 0
    outer loop
      vertex 318.533 86.7 4.02776
      vertex 318.533 49.625 4.02776
      vertex 318.533 87.11 3.85793
    endloop
  endfacet
  facet normal 1 0 0
    outer loop
      vertex 318.533 49.215 3.85793
      vertex 318.533 87.11 3.85793
      vertex 318.533 49.625 4.02776
    endloop
  endfacet
  facet normal 1 0 0
    outer loop
      vertex 318.533 87.11 3.85793
      vertex 318.533 49.215 3.85793
      vertex 318.533 87.55 3.8
    endloop
  endfacet
  facet normal 1 0 0
    outer loop
      vertex 318.533 48.775 3.8
      vertex 318.533 87.55 3.8
      vertex 318.533 49.215 3.85793
    endloop
  endfacet
  facet normal 1 0 0
    outer loop
      vertex 318.533 87.55 3.8
      vertex 318.533 48.775 3.8
      vertex 318.533 149.1 3
    endloop
  endfacet
  facet normal 1 -0 0
    outer loop
      vertex 318.533 11.7 5.5
      vertex 318.533 47.1329 5.06001
      vertex 318.533 47.075 5.5
    endloop
  endfacet
  facet normal 1 0 0
    outer loop
      vertex 318.533 11.6421 5.06001
      vertex 318.533 47.1329 5.06001
      vertex 318.533 11.7 5.5
    endloop
  endfacet
  facet normal 1 0 0
    outer loop
      vertex 318.533 47.1329 5.06001
      vertex 318.533 11.6421 5.06001
      vertex 318.533 47.3028 4.65
    endloop
  endfacet
  facet normal 1 0 0
    outer loop
      vertex 318.533 11.4722 4.65
      vertex 318.533 47.3028 4.65
      vertex 318.533 11.6421 5.06001
    endloop
  endfacet
  facet normal 1 0 0
    outer loop
      vertex 318.533 47.3028 4.65
      vertex 318.533 11.4722 4.65
      vertex 318.533 47.5729 4.29792
    endloop
  endfacet
  facet normal 1 0 0
    outer loop
      vertex 318.533 11.2021 4.29792
      vertex 318.533 47.5729 4.29792
      vertex 318.533 11.4722 4.65
    endloop
  endfacet
  facet normal 1 0 0
    outer loop
      vertex 318.533 47.5729 4.29792
      vertex 318.533 11.2021 4.29792
      vertex 318.533 47.925 4.02776
    endloop
  endfacet
  facet normal 1 0 0
    outer loop
      vertex 318.533 10.85 4.02776
      vertex 318.533 47.925 4.02776
      vertex 318.533 11.2021 4.29792
    endloop
  endfacet
  facet normal 1 0 0
    outer loop
      vertex 318.533 47.925 4.02776
      vertex 318.533 10.85 4.02776
      vertex 318.533 48.335 3.85793
    endloop
  endfacet
  facet normal 1 0 0
    outer loop
      vertex 318.533 10.44 3.85793
      vertex 318.533 48.335 3.85793
      vertex 318.533 10.85 4.02776
    endloop
  endfacet
  facet normal 1 0 0
    outer loop
      vertex 318.533 48.335 3.85793
      vertex 318.533 10.44 3.85793
      vertex 318.533 48.775 3.8
    endloop
  endfacet
  facet normal 1 0 0
    outer loop
      vertex 318.533 10 3.8
      vertex 318.533 48.775 3.8
      vertex 318.533 10.44 3.85793
    endloop
  endfacet
  facet normal 1 0 0
    outer loop
      vertex 318.533 4 3.01
      vertex 318.533 48.775 3.8
      vertex 318.533 10 3.8
    endloop
  endfacet
  facet normal 1 0 0
    outer loop
      vertex 318.533 4 3.01
      vertex 318.533 8.3 5.5
      vertex 318.533 4 8
    endloop
  endfacet
  facet normal 1 0 0
    outer loop
      vertex 318.533 8.3 5.5
      vertex 318.533 4 3.01
      vertex 318.533 8.35793 5.06001
    endloop
  endfacet
  facet normal 1 0 0
    outer loop
      vertex 318.533 8.35793 5.06001
      vertex 318.533 4 3.01
      vertex 318.533 8.52776 4.65
    endloop
  endfacet
  facet normal 1 0 0
    outer loop
      vertex 318.533 8.52776 4.65
      vertex 318.533 4 3.01
      vertex 318.533 8.79792 4.29792
    endloop
  endfacet
  facet normal 1 0 0
    outer loop
      vertex 318.533 4 3.01
      vertex 318.533 9.15 4.02776
      vertex 318.533 8.79792 4.29792
    endloop
  endfacet
  facet normal 1 0 0
    outer loop
      vertex 318.533 4 3.01
      vertex 318.533 9.56001 3.85793
      vertex 318.533 9.15 4.02776
    endloop
  endfacet
  facet normal 1 0 0
    outer loop
      vertex 318.533 4 3.01
      vertex 318.533 10 3.8
      vertex 318.533 9.56001 3.85793
    endloop
  endfacet
  facet normal 1 0 0
    outer loop
      vertex 318.533 48.775 3.8
      vertex 318.533 4 3.01
      vertex 318.533 149.1 3
    endloop
  endfacet
  facet normal 1 0 0
    outer loop
      vertex 318.533 -0.999999 3
      vertex 318.533 4 3.01
      vertex 318.533 -0.999999 3.01
    endloop
  endfacet
  facet normal 1 0 0
    outer loop
      vertex 318.533 4 3.01
      vertex 318.533 -0.999999 3
      vertex 318.533 149.1 3
    endloop
  endfacet
  facet normal 0 -1 0
    outer loop
      vertex 419.349 149.1 7.14207
      vertex 459.8 149.1 7.2
      vertex 418.909 149.1 7.2
    endloop
  endfacet
  facet normal 0 -1 0
    outer loop
      vertex 419.349 149.1 7.14207
      vertex 459.36 149.1 7.14207
      vertex 459.8 149.1 7.2
    endloop
  endfacet
  facet normal 0 -1 0
    outer loop
      vertex 419.759 149.1 6.97224
      vertex 459.36 149.1 7.14207
      vertex 419.349 149.1 7.14207
    endloop
  endfacet
  facet normal 0 -1 0
    outer loop
      vertex 419.759 149.1 6.97224
      vertex 458.95 149.1 6.97224
      vertex 459.36 149.1 7.14207
    endloop
  endfacet
  facet normal 0 -1 0
    outer loop
      vertex 420.111 149.1 6.70208
      vertex 458.95 149.1 6.97224
      vertex 419.759 149.1 6.97224
    endloop
  endfacet
  facet normal 0 -1 0
    outer loop
      vertex 420.111 149.1 6.70208
      vertex 458.598 149.1 6.70208
      vertex 458.95 149.1 6.97224
    endloop
  endfacet
  facet normal 0 -1 0
    outer loop
      vertex 420.381 149.1 6.35
      vertex 458.598 149.1 6.70208
      vertex 420.111 149.1 6.70208
    endloop
  endfacet
  facet normal 0 -1 0
    outer loop
      vertex 420.381 149.1 6.35
      vertex 458.328 149.1 6.35
      vertex 458.598 149.1 6.70208
    endloop
  endfacet
  facet normal 0 -1 0
    outer loop
      vertex 420.551 149.1 5.93999
      vertex 458.328 149.1 6.35
      vertex 420.381 149.1 6.35
    endloop
  endfacet
  facet normal 0 -1 0
    outer loop
      vertex 420.551 149.1 5.93999
      vertex 458.158 149.1 5.93999
      vertex 458.328 149.1 6.35
    endloop
  endfacet
  facet normal 0 -1 0
    outer loop
      vertex 420.609 149.1 5.5
      vertex 458.158 149.1 5.93999
      vertex 420.551 149.1 5.93999
    endloop
  endfacet
  facet normal 0 -1 0
    outer loop
      vertex 420.609 149.1 5.5
      vertex 458.1 149.1 5.5
      vertex 458.158 149.1 5.93999
    endloop
  endfacet
  facet normal 0 -1 0
    outer loop
      vertex 420.551 149.1 5.06001
      vertex 458.1 149.1 5.5
      vertex 420.609 149.1 5.5
    endloop
  endfacet
  facet normal 0 -1 0
    outer loop
      vertex 420.551 149.1 5.06001
      vertex 458.158 149.1 5.06001
      vertex 458.1 149.1 5.5
    endloop
  endfacet
  facet normal 0 -1 0
    outer loop
      vertex 420.381 149.1 4.65
      vertex 458.158 149.1 5.06001
      vertex 420.551 149.1 5.06001
    endloop
  endfacet
  facet normal 0 -1 0
    outer loop
      vertex 420.381 149.1 4.65
      vertex 458.328 149.1 4.65
      vertex 458.158 149.1 5.06001
    endloop
  endfacet
  facet normal 0 -1 0
    outer loop
      vertex 420.111 149.1 4.29792
      vertex 458.328 149.1 4.65
      vertex 420.381 149.1 4.65
    endloop
  endfacet
  facet normal 0 -1 0
    outer loop
      vertex 420.111 149.1 4.29792
      vertex 458.598 149.1 4.29792
      vertex 458.328 149.1 4.65
    endloop
  endfacet
  facet normal 0 -1 0
    outer loop
      vertex 419.759 149.1 4.02776
      vertex 458.598 149.1 4.29792
      vertex 420.111 149.1 4.29792
    endloop
  endfacet
  facet normal 0 -1 0
    outer loop
      vertex 419.759 149.1 4.02776
      vertex 458.95 149.1 4.02776
      vertex 458.598 149.1 4.29792
    endloop
  endfacet
  facet normal 0 -1 0
    outer loop
      vertex 419.349 149.1 3.85793
      vertex 458.95 149.1 4.02776
      vertex 419.759 149.1 4.02776
    endloop
  endfacet
  facet normal 0 -1 0
    outer loop
      vertex 419.349 149.1 3.85793
      vertex 459.36 149.1 3.85793
      vertex 458.95 149.1 4.02776
    endloop
  endfacet
  facet normal 0 -1 0
    outer loop
      vertex 418.909 149.1 3.8
      vertex 459.36 149.1 3.85793
      vertex 419.349 149.1 3.85793
    endloop
  endfacet
  facet normal 0 -1 -0
    outer loop
      vertex 459.36 149.1 3.85793
      vertex 418.909 149.1 3.8
      vertex 459.8 149.1 3.8
    endloop
  endfacet
  facet normal 0 -1 0
    outer loop
      vertex 378.458 149.1 7.14207
      vertex 418.909 149.1 7.2
      vertex 378.018 149.1 7.2
    endloop
  endfacet
  facet normal 0 -1 0
    outer loop
      vertex 378.458 149.1 7.14207
      vertex 418.469 149.1 7.14207
      vertex 418.909 149.1 7.2
    endloop
  endfacet
  facet normal 0 -1 0
    outer loop
      vertex 378.868 149.1 6.97224
      vertex 418.469 149.1 7.14207
      vertex 378.458 149.1 7.14207
    endloop
  endfacet
  facet normal 0 -1 0
    outer loop
      vertex 378.868 149.1 6.97224
      vertex 418.059 149.1 6.97224
      vertex 418.469 149.1 7.14207
    endloop
  endfacet
  facet normal 0 -1 0
    outer loop
      vertex 379.22 149.1 6.70208
      vertex 418.059 149.1 6.97224
      vertex 378.868 149.1 6.97224
    endloop
  endfacet
  facet normal 0 -1 0
    outer loop
      vertex 379.22 149.1 6.70208
      vertex 417.707 149.1 6.70208
      vertex 418.059 149.1 6.97224
    endloop
  endfacet
  facet normal 0 -1 0
    outer loop
      vertex 379.49 149.1 6.35
      vertex 417.707 149.1 6.70208
      vertex 379.22 149.1 6.70208
    endloop
  endfacet
  facet normal 0 -1 0
    outer loop
      vertex 379.49 149.1 6.35
      vertex 417.437 149.1 6.35
      vertex 417.707 149.1 6.70208
    endloop
  endfacet
  facet normal 0 -1 0
    outer loop
      vertex 379.66 149.1 5.93999
      vertex 417.437 149.1 6.35
      vertex 379.49 149.1 6.35
    endloop
  endfacet
  facet normal 0 -1 0
    outer loop
      vertex 379.66 149.1 5.93999
      vertex 417.267 149.1 5.93999
      vertex 417.437 149.1 6.35
    endloop
  endfacet
  facet normal 0 -1 0
    outer loop
      vertex 379.718 149.1 5.5
      vertex 417.267 149.1 5.93999
      vertex 379.66 149.1 5.93999
    endloop
  endfacet
  facet normal 0 -1 0
    outer loop
      vertex 379.718 149.1 5.5
      vertex 417.209 149.1 5.5
      vertex 417.267 149.1 5.93999
    endloop
  endfacet
  facet normal 0 -1 0
    outer loop
      vertex 379.66 149.1 5.06001
      vertex 417.209 149.1 5.5
      vertex 379.718 149.1 5.5
    endloop
  endfacet
  facet normal 0 -1 0
    outer loop
      vertex 379.66 149.1 5.06001
      vertex 417.267 149.1 5.06001
      vertex 417.209 149.1 5.5
    endloop
  endfacet
  facet normal 0 -1 0
    outer loop
      vertex 379.49 149.1 4.65
      vertex 417.267 149.1 5.06001
      vertex 379.66 149.1 5.06001
    endloop
  endfacet
  facet normal 0 -1 0
    outer loop
      vertex 379.49 149.1 4.65
      vertex 417.437 149.1 4.65
      vertex 417.267 149.1 5.06001
    endloop
  endfacet
  facet normal 0 -1 0
    outer loop
      vertex 379.22 149.1 4.29792
      vertex 417.437 149.1 4.65
      vertex 379.49 149.1 4.65
    endloop
  endfacet
  facet normal 0 -1 0
    outer loop
      vertex 379.22 149.1 4.29792
      vertex 417.707 149.1 4.29792
      vertex 417.437 149.1 4.65
    endloop
  endfacet
  facet normal 0 -1 0
    outer loop
      vertex 378.868 149.1 4.02776
      vertex 417.707 149.1 4.29792
      vertex 379.22 149.1 4.29792
    endloop
  endfacet
  facet normal 0 -1 0
    outer loop
      vertex 378.868 149.1 4.02776
      vertex 418.059 149.1 4.02776
      vertex 417.707 149.1 4.29792
    endloop
  endfacet
  facet normal 0 -1 0
    outer loop
      vertex 378.458 149.1 3.85793
      vertex 418.059 149.1 4.02776
      vertex 378.868 149.1 4.02776
    endloop
  endfacet
  facet normal 0 -1 0
    outer loop
      vertex 378.458 149.1 3.85793
      vertex 418.469 149.1 3.85793
      vertex 418.059 149.1 4.02776
    endloop
  endfacet
  facet normal 0 -1 0
    outer loop
      vertex 378.018 149.1 3.8
      vertex 418.469 149.1 3.85793
      vertex 378.458 149.1 3.85793
    endloop
  endfacet
  facet normal 0 -1 -0
    outer loop
      vertex 418.469 149.1 3.85793
      vertex 378.018 149.1 3.8
      vertex 418.909 149.1 3.8
    endloop
  endfacet
  facet normal 0 -1 0
    outer loop
      vertex 337.567 149.1 7.14207
      vertex 378.018 149.1 7.2
      vertex 337.127 149.1 7.2
    endloop
  endfacet
  facet normal 0 -1 0
    outer loop
      vertex 337.567 149.1 7.14207
      vertex 377.578 149.1 7.14207
      vertex 378.018 149.1 7.2
    endloop
  endfacet
  facet normal 0 -1 0
    outer loop
      vertex 337.977 149.1 6.97224
      vertex 377.578 149.1 7.14207
      vertex 337.567 149.1 7.14207
    endloop
  endfacet
  facet normal 0 -1 0
    outer loop
      vertex 337.977 149.1 6.97224
      vertex 377.168 149.1 6.97224
      vertex 377.578 149.1 7.14207
    endloop
  endfacet
  facet normal 0 -1 0
    outer loop
      vertex 338.329 149.1 6.70208
      vertex 377.168 149.1 6.97224
      vertex 337.977 149.1 6.97224
    endloop
  endfacet
  facet normal 0 -1 0
    outer loop
      vertex 338.329 149.1 6.70208
      vertex 376.816 149.1 6.70208
      vertex 377.168 149.1 6.97224
    endloop
  endfacet
  facet normal 0 -1 0
    outer loop
      vertex 338.6 149.1 6.35
      vertex 376.816 149.1 6.70208
      vertex 338.329 149.1 6.70208
    endloop
  endfacet
  facet normal 0 -1 0
    outer loop
      vertex 338.6 149.1 6.35
      vertex 376.546 149.1 6.35
      vertex 376.816 149.1 6.70208
    endloop
  endfacet
  facet normal 0 -1 0
    outer loop
      vertex 338.769 149.1 5.93999
      vertex 376.546 149.1 6.35
      vertex 338.6 149.1 6.35
    endloop
  endfacet
  facet normal 0 -1 0
    outer loop
      vertex 338.769 149.1 5.93999
      vertex 376.376 149.1 5.93999
      vertex 376.546 149.1 6.35
    endloop
  endfacet
  facet normal 0 -1 0
    outer loop
      vertex 338.827 149.1 5.5
      vertex 376.376 149.1 5.93999
      vertex 338.769 149.1 5.93999
    endloop
  endfacet
  facet normal 0 -1 0
    outer loop
      vertex 338.827 149.1 5.5
      vertex 376.318 149.1 5.5
      vertex 376.376 149.1 5.93999
    endloop
  endfacet
  facet normal 0 -1 0
    outer loop
      vertex 338.769 149.1 5.06001
      vertex 376.318 149.1 5.5
      vertex 338.827 149.1 5.5
    endloop
  endfacet
  facet normal 0 -1 0
    outer loop
      vertex 338.769 149.1 5.06001
      vertex 376.376 149.1 5.06001
      vertex 376.318 149.1 5.5
    endloop
  endfacet
  facet normal 0 -1 0
    outer loop
      vertex 338.6 149.1 4.65
      vertex 376.376 149.1 5.06001
      vertex 338.769 149.1 5.06001
    endloop
  endfacet
  facet normal 0 -1 0
    outer loop
      vertex 338.6 149.1 4.65
      vertex 376.546 149.1 4.65
      vertex 376.376 149.1 5.06001
    endloop
  endfacet
  facet normal 0 -1 0
    outer loop
      vertex 338.329 149.1 4.29792
      vertex 376.546 149.1 4.65
      vertex 338.6 149.1 4.65
    endloop
  endfacet
  facet normal 0 -1 0
    outer loop
      vertex 338.329 149.1 4.29792
      vertex 376.816 149.1 4.29792
      vertex 376.546 149.1 4.65
    endloop
  endfacet
  facet normal 0 -1 0
    outer loop
      vertex 337.977 149.1 4.02776
      vertex 376.816 149.1 4.29792
      vertex 338.329 149.1 4.29792
    endloop
  endfacet
  facet normal 0 -1 0
    outer loop
      vertex 337.977 149.1 4.02776
      vertex 377.168 149.1 4.02776
      vertex 376.816 149.1 4.29792
    endloop
  endfacet
  facet normal 0 -1 0
    outer loop
      vertex 337.567 149.1 3.85793
      vertex 377.168 149.1 4.02776
      vertex 337.977 149.1 4.02776
    endloop
  endfacet
  facet normal 0 -1 0
    outer loop
      vertex 337.567 149.1 3.85793
      vertex 377.578 149.1 3.85793
      vertex 377.168 149.1 4.02776
    endloop
  endfacet
  facet normal 0 -1 0
    outer loop
      vertex 337.127 149.1 3.8
      vertex 377.578 149.1 3.85793
      vertex 337.567 149.1 3.85793
    endloop
  endfacet
  facet normal 0 -1 -0
    outer loop
      vertex 377.578 149.1 3.85793
      vertex 337.127 149.1 3.8
      vertex 378.018 149.1 3.8
    endloop
  endfacet
  facet normal 0 -1 0
    outer loop
      vertex 378.018 149.1 7.2
      vertex 318.533 149.1 8
      vertex 337.127 149.1 7.2
    endloop
  endfacet
  facet normal 0 -1 0
    outer loop
      vertex 318.533 149.1 8
      vertex 336.687 149.1 7.14207
      vertex 337.127 149.1 7.2
    endloop
  endfacet
  facet normal 0 -1 0
    outer loop
      vertex 318.533 149.1 8
      vertex 336.277 149.1 6.97224
      vertex 336.687 149.1 7.14207
    endloop
  endfacet
  facet normal 0 -1 0
    outer loop
      vertex 318.533 149.1 8
      vertex 335.925 149.1 6.70208
      vertex 336.277 149.1 6.97224
    endloop
  endfacet
  facet normal 0 -1 0
    outer loop
      vertex 318.533 149.1 8
      vertex 335.655 149.1 6.35
      vertex 335.925 149.1 6.70208
    endloop
  endfacet
  facet normal 0 -1 0
    outer loop
      vertex 318.533 149.1 8
      vertex 335.485 149.1 5.93999
      vertex 335.655 149.1 6.35
    endloop
  endfacet
  facet normal 0 -1 0
    outer loop
      vertex 318.533 149.1 8
      vertex 335.427 149.1 5.5
      vertex 335.485 149.1 5.93999
    endloop
  endfacet
  facet normal 0 -1 0
    outer loop
      vertex 318.533 149.1 3
      vertex 335.427 149.1 5.5
      vertex 318.533 149.1 8
    endloop
  endfacet
  facet normal 0 -1 -0
    outer loop
      vertex 335.427 149.1 5.5
      vertex 318.533 149.1 3
      vertex 335.485 149.1 5.06001
    endloop
  endfacet
  facet normal 0 -1 -0
    outer loop
      vertex 335.485 149.1 5.06001
      vertex 318.533 149.1 3
      vertex 335.655 149.1 4.65
    endloop
  endfacet
  facet normal 0 -1 -0
    outer loop
      vertex 335.655 149.1 4.65
      vertex 318.533 149.1 3
      vertex 335.925 149.1 4.29792
    endloop
  endfacet
  facet normal 0 -1 -0
    outer loop
      vertex 335.925 149.1 4.29792
      vertex 318.533 149.1 3
      vertex 336.277 149.1 4.02776
    endloop
  endfacet
  facet normal 0 -1 0
    outer loop
      vertex 318.533 149.1 3
      vertex 378.018 149.1 3.8
      vertex 337.127 149.1 3.8
    endloop
  endfacet
  facet normal 0 -1 -0
    outer loop
      vertex 378.018 149.1 3.8
      vertex 318.533 149.1 3
      vertex 418.909 149.1 3.8
    endloop
  endfacet
  facet normal 0 -1 0
    outer loop
      vertex 418.909 149.1 3.8
      vertex 470.8 149.1 3
      vertex 459.8 149.1 3.8
    endloop
  endfacet
  facet normal 0 -1 -0
    outer loop
      vertex 336.277 149.1 4.02776
      vertex 318.533 149.1 3
      vertex 336.687 149.1 3.85793
    endloop
  endfacet
  facet normal 0 -1 0
    outer loop
      vertex 318.533 149.1 3
      vertex 337.127 149.1 3.8
      vertex 336.687 149.1 3.85793
    endloop
  endfacet
  facet normal 0 -1 -0
    outer loop
      vertex 418.909 149.1 3.8
      vertex 318.533 149.1 3
      vertex 470.8 149.1 3
    endloop
  endfacet
  facet normal 0 -1 0
    outer loop
      vertex 459.8 149.1 3.8
      vertex 470.8 149.1 3
      vertex 470.8 149.1 3.01
    endloop
  endfacet
  facet normal 0 -1 0
    outer loop
      vertex 465.8 149.1 8
      vertex 470.8 149.1 15
      vertex 465.8 149.1 15
    endloop
  endfacet
  facet normal 0 -1 0
    outer loop
      vertex 318.533 149.1 8
      vertex 378.018 149.1 7.2
      vertex 465.8 149.1 8
    endloop
  endfacet
  facet normal 0 -1 0
    outer loop
      vertex 418.909 149.1 7.2
      vertex 465.8 149.1 8
      vertex 378.018 149.1 7.2
    endloop
  endfacet
  facet normal 0 -1 0
    outer loop
      vertex 459.8 149.1 7.2
      vertex 465.8 149.1 8
      vertex 418.909 149.1 7.2
    endloop
  endfacet
  facet normal 0 -1 0
    outer loop
      vertex 460.24 149.1 7.14207
      vertex 465.8 149.1 8
      vertex 459.8 149.1 7.2
    endloop
  endfacet
  facet normal 0 -1 0
    outer loop
      vertex 460.65 149.1 6.97224
      vertex 465.8 149.1 8
      vertex 460.24 149.1 7.14207
    endloop
  endfacet
  facet normal 0 -1 0
    outer loop
      vertex 461.002 149.1 6.70208
      vertex 465.8 149.1 8
      vertex 460.65 149.1 6.97224
    endloop
  endfacet
  facet normal 0 -1 0
    outer loop
      vertex 461.272 149.1 6.35
      vertex 465.8 149.1 8
      vertex 461.002 149.1 6.70208
    endloop
  endfacet
  facet normal 0 -1 0
    outer loop
      vertex 461.442 149.1 5.93999
      vertex 465.8 149.1 8
      vertex 461.272 149.1 6.35
    endloop
  endfacet
  facet normal 0 -1 0
    outer loop
      vertex 461.5 149.1 5.5
      vertex 465.8 149.1 8
      vertex 461.442 149.1 5.93999
    endloop
  endfacet
  facet normal 0 -1 0
    outer loop
      vertex 461.442 149.1 5.06001
      vertex 465.8 149.1 8
      vertex 461.5 149.1 5.5
    endloop
  endfacet
  facet normal 0 -1 0
    outer loop
      vertex 470.8 149.1 3.01
      vertex 461.442 149.1 5.06001
      vertex 461.272 149.1 4.65
    endloop
  endfacet
  facet normal 0 -1 0
    outer loop
      vertex 470.8 149.1 3.01
      vertex 461.272 149.1 4.65
      vertex 461.002 149.1 4.29792
    endloop
  endfacet
  facet normal 0 -1 0
    outer loop
      vertex 465.8 149.1 8
      vertex 470.8 149.1 3.01
      vertex 470.8 149.1 15
    endloop
  endfacet
  facet normal 0 -1 0
    outer loop
      vertex 461.442 149.1 5.06001
      vertex 470.8 149.1 3.01
      vertex 465.8 149.1 8
    endloop
  endfacet
  facet normal 0 -1 0
    outer loop
      vertex 460.65 149.1 4.02776
      vertex 470.8 149.1 3.01
      vertex 461.002 149.1 4.29792
    endloop
  endfacet
  facet normal 0 -1 0
    outer loop
      vertex 460.24 149.1 3.85793
      vertex 470.8 149.1 3.01
      vertex 460.65 149.1 4.02776
    endloop
  endfacet
  facet normal 0 -1 0
    outer loop
      vertex 470.8 149.1 3.01
      vertex 460.24 149.1 3.85793
      vertex 459.8 149.1 3.8
    endloop
  endfacet
  facet normal -1 0 0
    outer loop
      vertex 465.8 149.1 8
      vertex 465.8 153.1 15
      vertex 465.8 153.1 8
    endloop
  endfacet
  facet normal -1 -0 0
    outer loop
      vertex 465.8 153.1 15
      vertex 465.8 149.1 8
      vertex 465.8 149.1 15
    endloop
  endfacet
  facet normal 1 -0 0
    outer loop
      vertex 470.8 149.1 3.01
      vertex 470.8 153.1 3
      vertex 470.8 153.1 3.01
    endloop
  endfacet
  facet normal 1 0 0
    outer loop
      vertex 470.8 153.1 3
      vertex 470.8 149.1 3.01
      vertex 470.8 149.1 3
    endloop
  endfacet
  facet normal 0 -0.130533 0.991444
    outer loop
      vertex 314.533 10.44 3.85793
      vertex 318.533 10 3.8
      vertex 318.533 10.44 3.85793
    endloop
  endfacet
  facet normal 0 -0.130533 0.991444
    outer loop
      vertex 318.533 10 3.8
      vertex 314.533 10.44 3.85793
      vertex 314.533 10 3.8
    endloop
  endfacet
  facet normal 0 0.130536 -0.991444
    outer loop
      vertex 314.533 9.56001 7.14207
      vertex 318.533 10 7.2
      vertex 318.533 9.56001 7.14207
    endloop
  endfacet
  facet normal 0 0.130536 -0.991444
    outer loop
      vertex 318.533 10 7.2
      vertex 314.533 9.56001 7.14207
      vertex 314.533 10 7.2
    endloop
  endfacet
  facet normal 0 -0.991452 -0.130469
    outer loop
      vertex 314.533 11.7 5.5
      vertex 318.533 11.6421 5.93999
      vertex 314.533 11.6421 5.93999
    endloop
  endfacet
  facet normal 0 -0.991452 -0.130469
    outer loop
      vertex 318.533 11.6421 5.93999
      vertex 314.533 11.7 5.5
      vertex 318.533 11.7 5.5
    endloop
  endfacet
  facet normal 0 0.793354 -0.608761
    outer loop
      vertex 318.533 8.52776 6.35
      vertex 314.533 8.79792 6.70208
      vertex 318.533 8.79792 6.70208
    endloop
  endfacet
  facet normal 0 0.793354 -0.608761
    outer loop
      vertex 314.533 8.79792 6.70208
      vertex 318.533 8.52776 6.35
      vertex 314.533 8.52776 6.35
    endloop
  endfacet
  facet normal 0 -0.923825 0.382815
    outer loop
      vertex 314.533 11.4722 4.65
      vertex 318.533 11.6421 5.06001
      vertex 314.533 11.6421 5.06001
    endloop
  endfacet
  facet normal 0 -0.923825 0.382815
    outer loop
      vertex 318.533 11.6421 5.06001
      vertex 314.533 11.4722 4.65
      vertex 318.533 11.4722 4.65
    endloop
  endfacet
  facet normal 0 -0.608739 -0.793371
    outer loop
      vertex 314.533 10.85 6.97224
      vertex 318.533 11.2021 6.70208
      vertex 318.533 10.85 6.97224
    endloop
  endfacet
  facet normal -0 -0.608739 -0.793371
    outer loop
      vertex 318.533 11.2021 6.70208
      vertex 314.533 10.85 6.97224
      vertex 314.533 11.2021 6.70208
    endloop
  endfacet
  facet normal 0 -0.382688 -0.923878
    outer loop
      vertex 314.533 10.44 7.14207
      vertex 318.533 10.85 6.97224
      vertex 318.533 10.44 7.14207
    endloop
  endfacet
  facet normal -0 -0.382688 -0.923878
    outer loop
      vertex 318.533 10.85 6.97224
      vertex 314.533 10.44 7.14207
      vertex 314.533 10.85 6.97224
    endloop
  endfacet
  facet normal 0 -0.793419 -0.608676
    outer loop
      vertex 314.533 11.4722 6.35
      vertex 318.533 11.2021 6.70208
      vertex 314.533 11.2021 6.70208
    endloop
  endfacet
  facet normal 0 -0.793419 -0.608676
    outer loop
      vertex 318.533 11.2021 6.70208
      vertex 314.533 11.4722 6.35
      vertex 318.533 11.4722 6.35
    endloop
  endfacet
  facet normal -0 0.38268 0.923881
    outer loop
      vertex 314.533 9.56001 3.85793
      vertex 318.533 9.15 4.02776
      vertex 318.533 9.56001 3.85793
    endloop
  endfacet
  facet normal 0 0.38268 0.923881
    outer loop
      vertex 318.533 9.15 4.02776
      vertex 314.533 9.56001 3.85793
      vertex 314.533 9.15 4.02776
    endloop
  endfacet
  facet normal 0 0.923881 -0.38268
    outer loop
      vertex 318.533 8.35793 5.93999
      vertex 314.533 8.52776 6.35
      vertex 318.533 8.52776 6.35
    endloop
  endfacet
  facet normal 0 0.923881 -0.38268
    outer loop
      vertex 314.533 8.52776 6.35
      vertex 318.533 8.35793 5.93999
      vertex 314.533 8.35793 5.93999
    endloop
  endfacet
  facet normal 0 0.608761 -0.793354
    outer loop
      vertex 314.533 8.79792 6.70208
      vertex 318.533 9.15 6.97224
      vertex 318.533 8.79792 6.70208
    endloop
  endfacet
  facet normal 0 0.608761 -0.793354
    outer loop
      vertex 318.533 9.15 6.97224
      vertex 314.533 8.79792 6.70208
      vertex 314.533 9.15 6.97224
    endloop
  endfacet
  facet normal 0 -0.382688 0.923878
    outer loop
      vertex 314.533 10.85 4.02776
      vertex 318.533 10.44 3.85793
      vertex 318.533 10.85 4.02776
    endloop
  endfacet
  facet normal 0 -0.382688 0.923878
    outer loop
      vertex 318.533 10.44 3.85793
      vertex 314.533 10.85 4.02776
      vertex 314.533 10.44 3.85793
    endloop
  endfacet
  facet normal 0 -0.793419 0.608676
    outer loop
      vertex 314.533 11.2021 4.29792
      vertex 318.533 11.4722 4.65
      vertex 314.533 11.4722 4.65
    endloop
  endfacet
  facet normal 0 -0.793419 0.608676
    outer loop
      vertex 318.533 11.4722 4.65
      vertex 314.533 11.2021 4.29792
      vertex 318.533 11.2021 4.29792
    endloop
  endfacet
  facet normal 0 -0.991452 0.130469
    outer loop
      vertex 314.533 11.6421 5.06001
      vertex 318.533 11.7 5.5
      vertex 314.533 11.7 5.5
    endloop
  endfacet
  facet normal 0 -0.991452 0.130469
    outer loop
      vertex 318.533 11.7 5.5
      vertex 314.533 11.6421 5.06001
      vertex 318.533 11.6421 5.06001
    endloop
  endfacet
  facet normal 0 -0.130533 -0.991444
    outer loop
      vertex 314.533 10 7.2
      vertex 318.533 10.44 7.14207
      vertex 318.533 10 7.2
    endloop
  endfacet
  facet normal -0 -0.130533 -0.991444
    outer loop
      vertex 318.533 10.44 7.14207
      vertex 314.533 10 7.2
      vertex 314.533 10.44 7.14207
    endloop
  endfacet
  facet normal 0 -0.923825 -0.382815
    outer loop
      vertex 314.533 11.6421 5.93999
      vertex 318.533 11.4722 6.35
      vertex 314.533 11.4722 6.35
    endloop
  endfacet
  facet normal 0 -0.923825 -0.382815
    outer loop
      vertex 318.533 11.4722 6.35
      vertex 314.533 11.6421 5.93999
      vertex 318.533 11.6421 5.93999
    endloop
  endfacet
  facet normal -0 0.130536 0.991444
    outer loop
      vertex 314.533 10 3.8
      vertex 318.533 9.56001 3.85793
      vertex 318.533 10 3.8
    endloop
  endfacet
  facet normal 0 0.130536 0.991444
    outer loop
      vertex 318.533 9.56001 3.85793
      vertex 314.533 10 3.8
      vertex 314.533 9.56001 3.85793
    endloop
  endfacet
  facet normal 0 0.923881 0.38268
    outer loop
      vertex 318.533 8.52776 4.65
      vertex 314.533 8.35793 5.06001
      vertex 318.533 8.35793 5.06001
    endloop
  endfacet
  facet normal 0 0.923881 0.38268
    outer loop
      vertex 314.533 8.35793 5.06001
      vertex 318.533 8.52776 4.65
      vertex 314.533 8.52776 4.65
    endloop
  endfacet
  facet normal -0 0.608761 0.793354
    outer loop
      vertex 314.533 9.15 4.02776
      vertex 318.533 8.79792 4.29792
      vertex 318.533 9.15 4.02776
    endloop
  endfacet
  facet normal 0 0.608761 0.793354
    outer loop
      vertex 318.533 8.79792 4.29792
      vertex 314.533 9.15 4.02776
      vertex 314.533 8.79792 4.29792
    endloop
  endfacet
  facet normal 0 0.991444 -0.130536
    outer loop
      vertex 318.533 8.3 5.5
      vertex 314.533 8.35793 5.93999
      vertex 318.533 8.35793 5.93999
    endloop
  endfacet
  facet normal 0 0.991444 -0.130536
    outer loop
      vertex 314.533 8.35793 5.93999
      vertex 318.533 8.3 5.5
      vertex 314.533 8.3 5.5
    endloop
  endfacet
  facet normal 0 0.38268 -0.923881
    outer loop
      vertex 314.533 9.15 6.97224
      vertex 318.533 9.56001 7.14207
      vertex 318.533 9.15 6.97224
    endloop
  endfacet
  facet normal 0 0.38268 -0.923881
    outer loop
      vertex 318.533 9.56001 7.14207
      vertex 314.533 9.15 6.97224
      vertex 314.533 9.56001 7.14207
    endloop
  endfacet
  facet normal 0 -0.608739 0.793371
    outer loop
      vertex 314.533 11.2021 4.29792
      vertex 318.533 10.85 4.02776
      vertex 318.533 11.2021 4.29792
    endloop
  endfacet
  facet normal 0 -0.608739 0.793371
    outer loop
      vertex 318.533 10.85 4.02776
      vertex 314.533 11.2021 4.29792
      vertex 314.533 10.85 4.02776
    endloop
  endfacet
  facet normal 0 0.793354 0.608761
    outer loop
      vertex 318.533 8.79792 4.29792
      vertex 314.533 8.52776 4.65
      vertex 318.533 8.52776 4.65
    endloop
  endfacet
  facet normal 0 0.793354 0.608761
    outer loop
      vertex 314.533 8.52776 4.65
      vertex 318.533 8.79792 4.29792
      vertex 314.533 8.79792 4.29792
    endloop
  endfacet
  facet normal 0 0.991444 0.130536
    outer loop
      vertex 318.533 8.35793 5.06001
      vertex 314.533 8.3 5.5
      vertex 318.533 8.3 5.5
    endloop
  endfacet
  facet normal 0 0.991444 0.130536
    outer loop
      vertex 314.533 8.3 5.5
      vertex 318.533 8.35793 5.06001
      vertex 314.533 8.35793 5.06001
    endloop
  endfacet
  facet normal 0 -0.130533 0.991444
    outer loop
      vertex 314.533 49.215 3.85793
      vertex 318.533 48.775 3.8
      vertex 318.533 49.215 3.85793
    endloop
  endfacet
  facet normal 0 -0.130533 0.991444
    outer loop
      vertex 318.533 48.775 3.8
      vertex 314.533 49.215 3.85793
      vertex 314.533 48.775 3.8
    endloop
  endfacet
  facet normal 0 0.130533 -0.991444
    outer loop
      vertex 314.533 48.335 7.14207
      vertex 318.533 48.775 7.2
      vertex 318.533 48.335 7.14207
    endloop
  endfacet
  facet normal 0 0.130533 -0.991444
    outer loop
      vertex 318.533 48.775 7.2
      vertex 314.533 48.335 7.14207
      vertex 314.533 48.775 7.2
    endloop
  endfacet
  facet normal 0 -0.991452 -0.130469
    outer loop
      vertex 314.533 50.475 5.5
      vertex 318.533 50.4171 5.93999
      vertex 314.533 50.4171 5.93999
    endloop
  endfacet
  facet normal 0 -0.991452 -0.130469
    outer loop
      vertex 318.533 50.4171 5.93999
      vertex 314.533 50.475 5.5
      vertex 318.533 50.475 5.5
    endloop
  endfacet
  facet normal 0 0.793419 -0.608676
    outer loop
      vertex 318.533 47.3028 6.35
      vertex 314.533 47.5729 6.70208
      vertex 318.533 47.5729 6.70208
    endloop
  endfacet
  facet normal 0 0.793419 -0.608676
    outer loop
      vertex 314.533 47.5729 6.70208
      vertex 318.533 47.3028 6.35
      vertex 314.533 47.3028 6.35
    endloop
  endfacet
  facet normal 0 -0.382688 0.923878
    outer loop
      vertex 314.533 49.625 4.02776
      vertex 318.533 49.215 3.85793
      vertex 318.533 49.625 4.02776
    endloop
  endfacet
  facet normal 0 -0.382688 0.923878
    outer loop
      vertex 318.533 49.215 3.85793
      vertex 314.533 49.625 4.02776
      vertex 314.533 49.215 3.85793
    endloop
  endfacet
  facet normal 0 -0.608739 -0.793371
    outer loop
      vertex 314.533 49.625 6.97224
      vertex 318.533 49.9771 6.70208
      vertex 318.533 49.625 6.97224
    endloop
  endfacet
  facet normal -0 -0.608739 -0.793371
    outer loop
      vertex 318.533 49.9771 6.70208
      vertex 314.533 49.625 6.97224
      vertex 314.533 49.9771 6.70208
    endloop
  endfacet
  facet normal 0 -0.382688 -0.923878
    outer loop
      vertex 314.533 49.215 7.14207
      vertex 318.533 49.625 6.97224
      vertex 318.533 49.215 7.14207
    endloop
  endfacet
  facet normal -0 -0.382688 -0.923878
    outer loop
      vertex 318.533 49.625 6.97224
      vertex 314.533 49.215 7.14207
      vertex 314.533 49.625 6.97224
    endloop
  endfacet
  facet normal 0 -0.923825 -0.382815
    outer loop
      vertex 314.533 50.4171 5.93999
      vertex 318.533 50.2472 6.35
      vertex 314.533 50.2472 6.35
    endloop
  endfacet
  facet normal 0 -0.923825 -0.382815
    outer loop
      vertex 318.533 50.2472 6.35
      vertex 314.533 50.4171 5.93999
      vertex 318.533 50.4171 5.93999
    endloop
  endfacet
  facet normal 0 0.923825 0.382815
    outer loop
      vertex 318.533 47.3028 4.65
      vertex 314.533 47.1329 5.06001
      vertex 318.533 47.1329 5.06001
    endloop
  endfacet
  facet normal 0 0.923825 0.382815
    outer loop
      vertex 314.533 47.1329 5.06001
      vertex 318.533 47.3028 4.65
      vertex 314.533 47.3028 4.65
    endloop
  endfacet
  facet normal -0 0.382688 0.923878
    outer loop
      vertex 314.533 48.335 3.85793
      vertex 318.533 47.925 4.02776
      vertex 318.533 48.335 3.85793
    endloop
  endfacet
  facet normal 0 0.382688 0.923878
    outer loop
      vertex 318.533 47.925 4.02776
      vertex 314.533 48.335 3.85793
      vertex 314.533 47.925 4.02776
    endloop
  endfacet
  facet normal 0 0.608739 -0.793371
    outer loop
      vertex 314.533 47.5729 6.70208
      vertex 318.533 47.925 6.97224
      vertex 318.533 47.5729 6.70208
    endloop
  endfacet
  facet normal 0 0.608739 -0.793371
    outer loop
      vertex 318.533 47.925 6.97224
      vertex 314.533 47.5729 6.70208
      vertex 314.533 47.925 6.97224
    endloop
  endfacet
  facet normal 0 -0.608739 0.793371
    outer loop
      vertex 314.533 49.9771 4.29792
      vertex 318.533 49.625 4.02776
      vertex 318.533 49.9771 4.29792
    endloop
  endfacet
  facet normal 0 -0.608739 0.793371
    outer loop
      vertex 318.533 49.625 4.02776
      vertex 314.533 49.9771 4.29792
      vertex 314.533 49.625 4.02776
    endloop
  endfacet
  facet normal 0 -0.923825 0.382815
    outer loop
      vertex 314.533 50.2472 4.65
      vertex 318.533 50.4171 5.06001
      vertex 314.533 50.4171 5.06001
    endloop
  endfacet
  facet normal 0 -0.923825 0.382815
    outer loop
      vertex 318.533 50.4171 5.06001
      vertex 314.533 50.2472 4.65
      vertex 318.533 50.2472 4.65
    endloop
  endfacet
  facet normal 0 -0.130533 -0.991444
    outer loop
      vertex 314.533 48.775 7.2
      vertex 318.533 49.215 7.14207
      vertex 318.533 48.775 7.2
    endloop
  endfacet
  facet normal -0 -0.130533 -0.991444
    outer loop
      vertex 318.533 49.215 7.14207
      vertex 314.533 48.775 7.2
      vertex 314.533 49.215 7.14207
    endloop
  endfacet
  facet normal 0 -0.793419 -0.608676
    outer loop
      vertex 314.533 50.2472 6.35
      vertex 318.533 49.9771 6.70208
      vertex 314.533 49.9771 6.70208
    endloop
  endfacet
  facet normal 0 -0.793419 -0.608676
    outer loop
      vertex 318.533 49.9771 6.70208
      vertex 314.533 50.2472 6.35
      vertex 318.533 50.2472 6.35
    endloop
  endfacet
  facet normal -0 0.130533 0.991444
    outer loop
      vertex 314.533 48.775 3.8
      vertex 318.533 48.335 3.85793
      vertex 318.533 48.775 3.8
    endloop
  endfacet
  facet normal 0 0.130533 0.991444
    outer loop
      vertex 318.533 48.335 3.85793
      vertex 314.533 48.775 3.8
      vertex 314.533 48.335 3.85793
    endloop
  endfacet
  facet normal 0 0.793419 0.608676
    outer loop
      vertex 318.533 47.5729 4.29792
      vertex 314.533 47.3028 4.65
      vertex 318.533 47.3028 4.65
    endloop
  endfacet
  facet normal 0 0.793419 0.608676
    outer loop
      vertex 314.533 47.3028 4.65
      vertex 318.533 47.5729 4.29792
      vertex 314.533 47.5729 4.29792
    endloop
  endfacet
  facet normal 0 0.923825 -0.382815
    outer loop
      vertex 318.533 47.1329 5.93999
      vertex 314.533 47.3028 6.35
      vertex 318.533 47.3028 6.35
    endloop
  endfacet
  facet normal 0 0.923825 -0.382815
    outer loop
      vertex 314.533 47.3028 6.35
      vertex 318.533 47.1329 5.93999
      vertex 314.533 47.1329 5.93999
    endloop
  endfacet
  facet normal 0 0.991452 -0.130469
    outer loop
      vertex 318.533 47.075 5.5
      vertex 314.533 47.1329 5.93999
      vertex 318.533 47.1329 5.93999
    endloop
  endfacet
  facet normal 0 0.991452 -0.130469
    outer loop
      vertex 314.533 47.1329 5.93999
      vertex 318.533 47.075 5.5
      vertex 314.533 47.075 5.5
    endloop
  endfacet
  facet normal 0 0.991452 0.130469
    outer loop
      vertex 318.533 47.1329 5.06001
      vertex 314.533 47.075 5.5
      vertex 318.533 47.075 5.5
    endloop
  endfacet
  facet normal 0 0.991452 0.130469
    outer loop
      vertex 314.533 47.075 5.5
      vertex 318.533 47.1329 5.06001
      vertex 314.533 47.1329 5.06001
    endloop
  endfacet
  facet normal 0 0.382688 -0.923878
    outer loop
      vertex 314.533 47.925 6.97224
      vertex 318.533 48.335 7.14207
      vertex 318.533 47.925 6.97224
    endloop
  endfacet
  facet normal 0 0.382688 -0.923878
    outer loop
      vertex 318.533 48.335 7.14207
      vertex 314.533 47.925 6.97224
      vertex 314.533 48.335 7.14207
    endloop
  endfacet
  facet normal 0 -0.793419 0.608676
    outer loop
      vertex 314.533 49.9771 4.29792
      vertex 318.533 50.2472 4.65
      vertex 314.533 50.2472 4.65
    endloop
  endfacet
  facet normal 0 -0.793419 0.608676
    outer loop
      vertex 318.533 50.2472 4.65
      vertex 314.533 49.9771 4.29792
      vertex 318.533 49.9771 4.29792
    endloop
  endfacet
  facet normal 0 -0.991452 0.130469
    outer loop
      vertex 314.533 50.4171 5.06001
      vertex 318.533 50.475 5.5
      vertex 314.533 50.475 5.5
    endloop
  endfacet
  facet normal 0 -0.991452 0.130469
    outer loop
      vertex 318.533 50.475 5.5
      vertex 314.533 50.4171 5.06001
      vertex 318.533 50.4171 5.06001
    endloop
  endfacet
  facet normal -0 0.608739 0.793371
    outer loop
      vertex 314.533 47.925 4.02776
      vertex 318.533 47.5729 4.29792
      vertex 318.533 47.925 4.02776
    endloop
  endfacet
  facet normal 0 0.608739 0.793371
    outer loop
      vertex 318.533 47.5729 4.29792
      vertex 314.533 47.925 4.02776
      vertex 314.533 47.5729 4.29792
    endloop
  endfacet
  facet normal 0 -0.130533 0.991444
    outer loop
      vertex 314.533 87.99 3.85793
      vertex 318.533 87.55 3.8
      vertex 318.533 87.99 3.85793
    endloop
  endfacet
  facet normal 0 -0.130533 0.991444
    outer loop
      vertex 318.533 87.55 3.8
      vertex 314.533 87.99 3.85793
      vertex 314.533 87.55 3.8
    endloop
  endfacet
  facet normal 0 -0.130533 -0.991444
    outer loop
      vertex 314.533 87.55 7.2
      vertex 318.533 87.99 7.14207
      vertex 318.533 87.55 7.2
    endloop
  endfacet
  facet normal -0 -0.130533 -0.991444
    outer loop
      vertex 318.533 87.99 7.14207
      vertex 314.533 87.55 7.2
      vertex 314.533 87.99 7.14207
    endloop
  endfacet
  facet normal 0 0.991452 0.130469
    outer loop
      vertex 318.533 85.9079 5.06001
      vertex 314.533 85.85 5.5
      vertex 318.533 85.85 5.5
    endloop
  endfacet
  facet normal 0 0.991452 0.130469
    outer loop
      vertex 314.533 85.85 5.5
      vertex 318.533 85.9079 5.06001
      vertex 314.533 85.9079 5.06001
    endloop
  endfacet
  facet normal -0 0.608739 0.793371
    outer loop
      vertex 314.533 86.7 4.02776
      vertex 318.533 86.3479 4.29792
      vertex 318.533 86.7 4.02776
    endloop
  endfacet
  facet normal 0 0.608739 0.793371
    outer loop
      vertex 318.533 86.3479 4.29792
      vertex 314.533 86.7 4.02776
      vertex 314.533 86.3479 4.29792
    endloop
  endfacet
  facet normal 0 -0.923825 0.382815
    outer loop
      vertex 314.533 89.0222 4.65
      vertex 318.533 89.1921 5.06001
      vertex 314.533 89.1921 5.06001
    endloop
  endfacet
  facet normal 0 -0.923825 0.382815
    outer loop
      vertex 318.533 89.1921 5.06001
      vertex 314.533 89.0222 4.65
      vertex 318.533 89.0222 4.65
    endloop
  endfacet
  facet normal 0 -0.793419 -0.608676
    outer loop
      vertex 314.533 89.0222 6.35
      vertex 318.533 88.7521 6.70208
      vertex 314.533 88.7521 6.70208
    endloop
  endfacet
  facet normal 0 -0.793419 -0.608676
    outer loop
      vertex 318.533 88.7521 6.70208
      vertex 314.533 89.0222 6.35
      vertex 318.533 89.0222 6.35
    endloop
  endfacet
  facet normal 0 -0.991452 -0.130469
    outer loop
      vertex 314.533 89.25 5.5
      vertex 318.533 89.1921 5.93999
      vertex 314.533 89.1921 5.93999
    endloop
  endfacet
  facet normal 0 -0.991452 -0.130469
    outer loop
      vertex 318.533 89.1921 5.93999
      vertex 314.533 89.25 5.5
      vertex 318.533 89.25 5.5
    endloop
  endfacet
  facet normal 0 -0.382688 0.923878
    outer loop
      vertex 314.533 88.4 4.02776
      vertex 318.533 87.99 3.85793
      vertex 318.533 88.4 4.02776
    endloop
  endfacet
  facet normal 0 -0.382688 0.923878
    outer loop
      vertex 318.533 87.99 3.85793
      vertex 314.533 88.4 4.02776
      vertex 314.533 87.99 3.85793
    endloop
  endfacet
  facet normal 0 -0.793419 0.608676
    outer loop
      vertex 314.533 88.7521 4.29792
      vertex 318.533 89.0222 4.65
      vertex 314.533 89.0222 4.65
    endloop
  endfacet
  facet normal 0 -0.793419 0.608676
    outer loop
      vertex 318.533 89.0222 4.65
      vertex 314.533 88.7521 4.29792
      vertex 318.533 88.7521 4.29792
    endloop
  endfacet
  facet normal 0 -0.991452 0.130469
    outer loop
      vertex 314.533 89.1921 5.06001
      vertex 318.533 89.25 5.5
      vertex 314.533 89.25 5.5
    endloop
  endfacet
  facet normal 0 -0.991452 0.130469
    outer loop
      vertex 318.533 89.25 5.5
      vertex 314.533 89.1921 5.06001
      vertex 318.533 89.1921 5.06001
    endloop
  endfacet
  facet normal 0 -0.608739 -0.793371
    outer loop
      vertex 314.533 88.4 6.97224
      vertex 318.533 88.7521 6.70208
      vertex 318.533 88.4 6.97224
    endloop
  endfacet
  facet normal -0 -0.608739 -0.793371
    outer loop
      vertex 318.533 88.7521 6.70208
      vertex 314.533 88.4 6.97224
      vertex 314.533 88.7521 6.70208
    endloop
  endfacet
  facet normal 0 -0.382688 -0.923878
    outer loop
      vertex 314.533 87.99 7.14207
      vertex 318.533 88.4 6.97224
      vertex 318.533 87.99 7.14207
    endloop
  endfacet
  facet normal -0 -0.382688 -0.923878
    outer loop
      vertex 318.533 88.4 6.97224
      vertex 314.533 87.99 7.14207
      vertex 314.533 88.4 6.97224
    endloop
  endfacet
  facet normal 0 -0.923825 -0.382815
    outer loop
      vertex 314.533 89.1921 5.93999
      vertex 318.533 89.0222 6.35
      vertex 314.533 89.0222 6.35
    endloop
  endfacet
  facet normal 0 -0.923825 -0.382815
    outer loop
      vertex 318.533 89.0222 6.35
      vertex 314.533 89.1921 5.93999
      vertex 318.533 89.1921 5.93999
    endloop
  endfacet
  facet normal -0 0.130533 0.991444
    outer loop
      vertex 314.533 87.55 3.8
      vertex 318.533 87.11 3.85793
      vertex 318.533 87.55 3.8
    endloop
  endfacet
  facet normal 0 0.130533 0.991444
    outer loop
      vertex 318.533 87.11 3.85793
      vertex 314.533 87.55 3.8
      vertex 314.533 87.11 3.85793
    endloop
  endfacet
  facet normal 0 0.608739 -0.793371
    outer loop
      vertex 314.533 86.3479 6.70208
      vertex 318.533 86.7 6.97224
      vertex 318.533 86.3479 6.70208
    endloop
  endfacet
  facet normal 0 0.608739 -0.793371
    outer loop
      vertex 318.533 86.7 6.97224
      vertex 314.533 86.3479 6.70208
      vertex 314.533 86.7 6.97224
    endloop
  endfacet
  facet normal -0 0.382688 0.923878
    outer loop
      vertex 314.533 87.11 3.85793
      vertex 318.533 86.7 4.02776
      vertex 318.533 87.11 3.85793
    endloop
  endfacet
  facet normal 0 0.382688 0.923878
    outer loop
      vertex 318.533 86.7 4.02776
      vertex 314.533 87.11 3.85793
      vertex 314.533 86.7 4.02776
    endloop
  endfacet
  facet normal 0 -0.608739 0.793371
    outer loop
      vertex 314.533 88.7521 4.29792
      vertex 318.533 88.4 4.02776
      vertex 318.533 88.7521 4.29792
    endloop
  endfacet
  facet normal 0 -0.608739 0.793371
    outer loop
      vertex 318.533 88.4 4.02776
      vertex 314.533 88.7521 4.29792
      vertex 314.533 88.4 4.02776
    endloop
  endfacet
  facet normal 0 0.923825 -0.382815
    outer loop
      vertex 318.533 85.9079 5.93999
      vertex 314.533 86.0778 6.35
      vertex 318.533 86.0778 6.35
    endloop
  endfacet
  facet normal 0 0.923825 -0.382815
    outer loop
      vertex 314.533 86.0778 6.35
      vertex 318.533 85.9079 5.93999
      vertex 314.533 85.9079 5.93999
    endloop
  endfacet
  facet normal 0 0.793419 0.608676
    outer loop
      vertex 318.533 86.3479 4.29792
      vertex 314.533 86.0778 4.65
      vertex 318.533 86.0778 4.65
    endloop
  endfacet
  facet normal 0 0.793419 0.608676
    outer loop
      vertex 314.533 86.0778 4.65
      vertex 318.533 86.3479 4.29792
      vertex 314.533 86.3479 4.29792
    endloop
  endfacet
  facet normal 0 0.923825 0.382815
    outer loop
      vertex 318.533 86.0778 4.65
      vertex 314.533 85.9079 5.06001
      vertex 318.533 85.9079 5.06001
    endloop
  endfacet
  facet normal 0 0.923825 0.382815
    outer loop
      vertex 314.533 85.9079 5.06001
      vertex 318.533 86.0778 4.65
      vertex 314.533 86.0778 4.65
    endloop
  endfacet
  facet normal 0 0.991452 -0.130469
    outer loop
      vertex 318.533 85.85 5.5
      vertex 314.533 85.9079 5.93999
      vertex 318.533 85.9079 5.93999
    endloop
  endfacet
  facet normal 0 0.991452 -0.130469
    outer loop
      vertex 314.533 85.9079 5.93999
      vertex 318.533 85.85 5.5
      vertex 314.533 85.85 5.5
    endloop
  endfacet
  facet normal 0 0.793419 -0.608676
    outer loop
      vertex 318.533 86.0778 6.35
      vertex 314.533 86.3479 6.70208
      vertex 318.533 86.3479 6.70208
    endloop
  endfacet
  facet normal 0 0.793419 -0.608676
    outer loop
      vertex 314.533 86.3479 6.70208
      vertex 318.533 86.0778 6.35
      vertex 314.533 86.0778 6.35
    endloop
  endfacet
  facet normal 0 0.382688 -0.923878
    outer loop
      vertex 314.533 86.7 6.97224
      vertex 318.533 87.11 7.14207
      vertex 318.533 86.7 6.97224
    endloop
  endfacet
  facet normal 0 0.382688 -0.923878
    outer loop
      vertex 318.533 87.11 7.14207
      vertex 314.533 86.7 6.97224
      vertex 314.533 87.11 7.14207
    endloop
  endfacet
  facet normal 0 0.130533 -0.991444
    outer loop
      vertex 314.533 87.11 7.14207
      vertex 318.533 87.55 7.2
      vertex 318.533 87.11 7.14207
    endloop
  endfacet
  facet normal 0 0.130533 -0.991444
    outer loop
      vertex 318.533 87.55 7.2
      vertex 314.533 87.11 7.14207
      vertex 314.533 87.55 7.2
    endloop
  endfacet
  facet normal 0 -0.923745 0.383007
    outer loop
      vertex 314.533 127.797 4.65
      vertex 318.533 127.967 5.06001
      vertex 314.533 127.967 5.06001
    endloop
  endfacet
  facet normal 0 -0.923745 0.383007
    outer loop
      vertex 318.533 127.967 5.06001
      vertex 314.533 127.797 4.65
      vertex 318.533 127.797 4.65
    endloop
  endfacet
  facet normal 0 -0.130533 -0.991444
    outer loop
      vertex 314.533 126.325 7.2
      vertex 318.533 126.765 7.14207
      vertex 318.533 126.325 7.2
    endloop
  endfacet
  facet normal -0 -0.130533 -0.991444
    outer loop
      vertex 318.533 126.765 7.14207
      vertex 314.533 126.325 7.2
      vertex 314.533 126.765 7.14207
    endloop
  endfacet
  facet normal -0 0.130533 0.991444
    outer loop
      vertex 314.533 126.325 3.8
      vertex 318.533 125.885 3.85793
      vertex 318.533 126.325 3.8
    endloop
  endfacet
  facet normal 0 0.130533 0.991444
    outer loop
      vertex 318.533 125.885 3.85793
      vertex 314.533 126.325 3.8
      vertex 314.533 125.885 3.85793
    endloop
  endfacet
  facet normal 0 0.991423 -0.130691
    outer loop
      vertex 318.533 124.625 5.5
      vertex 314.533 124.683 5.93999
      vertex 318.533 124.683 5.93999
    endloop
  endfacet
  facet normal 0 0.991423 -0.130691
    outer loop
      vertex 314.533 124.683 5.93999
      vertex 318.533 124.625 5.5
      vertex 314.533 124.625 5.5
    endloop
  endfacet
  facet normal 0 -0.991423 -0.130691
    outer loop
      vertex 314.533 128.025 5.5
      vertex 318.533 127.967 5.93999
      vertex 314.533 127.967 5.93999
    endloop
  endfacet
  facet normal 0 -0.991423 -0.130691
    outer loop
      vertex 318.533 127.967 5.93999
      vertex 314.533 128.025 5.5
      vertex 318.533 128.025 5.5
    endloop
  endfacet
  facet normal 0 -0.793528 -0.608534
    outer loop
      vertex 314.533 127.797 6.35
      vertex 318.533 127.527 6.70208
      vertex 314.533 127.527 6.70208
    endloop
  endfacet
  facet normal 0 -0.793528 -0.608534
    outer loop
      vertex 318.533 127.527 6.70208
      vertex 314.533 127.797 6.35
      vertex 318.533 127.797 6.35
    endloop
  endfacet
  facet normal 0 -0.608848 -0.793287
    outer loop
      vertex 314.533 127.175 6.97224
      vertex 318.533 127.527 6.70208
      vertex 318.533 127.175 6.97224
    endloop
  endfacet
  facet normal -0 -0.608848 -0.793287
    outer loop
      vertex 318.533 127.527 6.70208
      vertex 314.533 127.175 6.97224
      vertex 314.533 127.527 6.70208
    endloop
  endfacet
  facet normal -0 0.608848 0.793287
    outer loop
      vertex 314.533 125.475 4.02776
      vertex 318.533 125.123 4.29792
      vertex 318.533 125.475 4.02776
    endloop
  endfacet
  facet normal 0 0.608848 0.793287
    outer loop
      vertex 318.533 125.123 4.29792
      vertex 314.533 125.475 4.02776
      vertex 314.533 125.123 4.29792
    endloop
  endfacet
  facet normal -0 0.382688 0.923878
    outer loop
      vertex 314.533 125.885 3.85793
      vertex 318.533 125.475 4.02776
      vertex 318.533 125.885 3.85793
    endloop
  endfacet
  facet normal 0 0.382688 0.923878
    outer loop
      vertex 318.533 125.475 4.02776
      vertex 314.533 125.885 3.85793
      vertex 314.533 125.475 4.02776
    endloop
  endfacet
  facet normal 0 0.608848 -0.793287
    outer loop
      vertex 314.533 125.123 6.70208
      vertex 318.533 125.475 6.97224
      vertex 318.533 125.123 6.70208
    endloop
  endfacet
  facet normal 0 0.608848 -0.793287
    outer loop
      vertex 318.533 125.475 6.97224
      vertex 314.533 125.123 6.70208
      vertex 314.533 125.475 6.97224
    endloop
  endfacet
  facet normal 0 0.793528 -0.608534
    outer loop
      vertex 318.533 124.853 6.35
      vertex 314.533 125.123 6.70208
      vertex 318.533 125.123 6.70208
    endloop
  endfacet
  facet normal 0 0.793528 -0.608534
    outer loop
      vertex 314.533 125.123 6.70208
      vertex 318.533 124.853 6.35
      vertex 314.533 124.853 6.35
    endloop
  endfacet
  facet normal 0 -0.608848 0.793287
    outer loop
      vertex 314.533 127.527 4.29792
      vertex 318.533 127.175 4.02776
      vertex 318.533 127.527 4.29792
    endloop
  endfacet
  facet normal 0 -0.608848 0.793287
    outer loop
      vertex 318.533 127.175 4.02776
      vertex 314.533 127.527 4.29792
      vertex 314.533 127.175 4.02776
    endloop
  endfacet
  facet normal 0 -0.382688 0.923878
    outer loop
      vertex 314.533 127.175 4.02776
      vertex 318.533 126.765 3.85793
      vertex 318.533 127.175 4.02776
    endloop
  endfacet
  facet normal 0 -0.382688 0.923878
    outer loop
      vertex 318.533 126.765 3.85793
      vertex 314.533 127.175 4.02776
      vertex 314.533 126.765 3.85793
    endloop
  endfacet
  facet normal 0 -0.793528 0.608534
    outer loop
      vertex 314.533 127.527 4.29792
      vertex 318.533 127.797 4.65
      vertex 314.533 127.797 4.65
    endloop
  endfacet
  facet normal 0 -0.793528 0.608534
    outer loop
      vertex 318.533 127.797 4.65
      vertex 314.533 127.527 4.29792
      vertex 318.533 127.527 4.29792
    endloop
  endfacet
  facet normal 0 0.130533 -0.991444
    outer loop
      vertex 314.533 125.885 7.14207
      vertex 318.533 126.325 7.2
      vertex 318.533 125.885 7.14207
    endloop
  endfacet
  facet normal 0 0.130533 -0.991444
    outer loop
      vertex 318.533 126.325 7.2
      vertex 314.533 125.885 7.14207
      vertex 314.533 126.325 7.2
    endloop
  endfacet
  facet normal 0 -0.382688 -0.923878
    outer loop
      vertex 314.533 126.765 7.14207
      vertex 318.533 127.175 6.97224
      vertex 318.533 126.765 7.14207
    endloop
  endfacet
  facet normal -0 -0.382688 -0.923878
    outer loop
      vertex 318.533 127.175 6.97224
      vertex 314.533 126.765 7.14207
      vertex 314.533 127.175 6.97224
    endloop
  endfacet
  facet normal 0 -0.923745 -0.383007
    outer loop
      vertex 314.533 127.967 5.93999
      vertex 318.533 127.797 6.35
      vertex 314.533 127.797 6.35
    endloop
  endfacet
  facet normal 0 -0.923745 -0.383007
    outer loop
      vertex 318.533 127.797 6.35
      vertex 314.533 127.967 5.93999
      vertex 318.533 127.967 5.93999
    endloop
  endfacet
  facet normal 0 -0.130533 0.991444
    outer loop
      vertex 314.533 126.765 3.85793
      vertex 318.533 126.325 3.8
      vertex 318.533 126.765 3.85793
    endloop
  endfacet
  facet normal 0 -0.130533 0.991444
    outer loop
      vertex 318.533 126.325 3.8
      vertex 314.533 126.765 3.85793
      vertex 314.533 126.325 3.8
    endloop
  endfacet
  facet normal 0 0.923745 0.383007
    outer loop
      vertex 318.533 124.853 4.65
      vertex 314.533 124.683 5.06001
      vertex 318.533 124.683 5.06001
    endloop
  endfacet
  facet normal 0 0.923745 0.383007
    outer loop
      vertex 314.533 124.683 5.06001
      vertex 318.533 124.853 4.65
      vertex 314.533 124.853 4.65
    endloop
  endfacet
  facet normal 0 0.793528 0.608534
    outer loop
      vertex 318.533 125.123 4.29792
      vertex 314.533 124.853 4.65
      vertex 318.533 124.853 4.65
    endloop
  endfacet
  facet normal 0 0.793528 0.608534
    outer loop
      vertex 314.533 124.853 4.65
      vertex 318.533 125.123 4.29792
      vertex 314.533 125.123 4.29792
    endloop
  endfacet
  facet normal 0 0.991423 0.130691
    outer loop
      vertex 318.533 124.683 5.06001
      vertex 314.533 124.625 5.5
      vertex 318.533 124.625 5.5
    endloop
  endfacet
  facet normal 0 0.991423 0.130691
    outer loop
      vertex 314.533 124.625 5.5
      vertex 318.533 124.683 5.06001
      vertex 314.533 124.683 5.06001
    endloop
  endfacet
  facet normal 0 0.923745 -0.383007
    outer loop
      vertex 318.533 124.683 5.93999
      vertex 314.533 124.853 6.35
      vertex 318.533 124.853 6.35
    endloop
  endfacet
  facet normal 0 0.923745 -0.383007
    outer loop
      vertex 314.533 124.853 6.35
      vertex 318.533 124.683 5.93999
      vertex 314.533 124.683 5.93999
    endloop
  endfacet
  facet normal 0 0.382688 -0.923878
    outer loop
      vertex 314.533 125.475 6.97224
      vertex 318.533 125.885 7.14207
      vertex 318.533 125.475 6.97224
    endloop
  endfacet
  facet normal 0 0.382688 -0.923878
    outer loop
      vertex 318.533 125.885 7.14207
      vertex 314.533 125.475 6.97224
      vertex 314.533 125.885 7.14207
    endloop
  endfacet
  facet normal 0 -0.991423 0.130691
    outer loop
      vertex 314.533 127.967 5.06001
      vertex 318.533 128.025 5.5
      vertex 314.533 128.025 5.5
    endloop
  endfacet
  facet normal 0 -0.991423 0.130691
    outer loop
      vertex 318.533 128.025 5.5
      vertex 314.533 127.967 5.06001
      vertex 318.533 127.967 5.06001
    endloop
  endfacet
  facet normal 0.991423 -0 0.130691
    outer loop
      vertex 335.427 149.1 5.5
      vertex 335.485 153.1 5.06001
      vertex 335.427 153.1 5.5
    endloop
  endfacet
  facet normal 0.991423 0 0.130691
    outer loop
      vertex 335.485 153.1 5.06001
      vertex 335.427 149.1 5.5
      vertex 335.485 149.1 5.06001
    endloop
  endfacet
  facet normal -0.382688 0 0.923878
    outer loop
      vertex 337.567 153.1 3.85793
      vertex 337.977 149.1 4.02776
      vertex 337.977 153.1 4.02776
    endloop
  endfacet
  facet normal -0.382688 0 0.923878
    outer loop
      vertex 337.977 149.1 4.02776
      vertex 337.567 153.1 3.85793
      vertex 337.567 149.1 3.85793
    endloop
  endfacet
  facet normal -0.991423 0 -0.130691
    outer loop
      vertex 338.827 149.1 5.5
      vertex 338.769 153.1 5.93999
      vertex 338.827 153.1 5.5
    endloop
  endfacet
  facet normal -0.991423 -0 -0.130691
    outer loop
      vertex 338.769 153.1 5.93999
      vertex 338.827 149.1 5.5
      vertex 338.769 149.1 5.93999
    endloop
  endfacet
  facet normal 0.130533 0 -0.991444
    outer loop
      vertex 336.687 149.1 7.14207
      vertex 337.127 153.1 7.2
      vertex 337.127 149.1 7.2
    endloop
  endfacet
  facet normal 0.130533 0 -0.991444
    outer loop
      vertex 337.127 153.1 7.2
      vertex 336.687 149.1 7.14207
      vertex 336.687 153.1 7.14207
    endloop
  endfacet
  facet normal -0.608848 0 0.793287
    outer loop
      vertex 337.977 153.1 4.02776
      vertex 338.329 149.1 4.29792
      vertex 338.329 153.1 4.29792
    endloop
  endfacet
  facet normal -0.608848 0 0.793287
    outer loop
      vertex 338.329 149.1 4.29792
      vertex 337.977 153.1 4.02776
      vertex 337.977 149.1 4.02776
    endloop
  endfacet
  facet normal 0.608848 0 0.793287
    outer loop
      vertex 335.925 153.1 4.29792
      vertex 336.277 149.1 4.02776
      vertex 336.277 153.1 4.02776
    endloop
  endfacet
  facet normal 0.608848 0 0.793287
    outer loop
      vertex 336.277 149.1 4.02776
      vertex 335.925 153.1 4.29792
      vertex 335.925 149.1 4.29792
    endloop
  endfacet
  facet normal 0.793528 -0 0.608534
    outer loop
      vertex 335.655 149.1 4.65
      vertex 335.925 153.1 4.29792
      vertex 335.655 153.1 4.65
    endloop
  endfacet
  facet normal 0.793528 0 0.608534
    outer loop
      vertex 335.925 153.1 4.29792
      vertex 335.655 149.1 4.65
      vertex 335.925 149.1 4.29792
    endloop
  endfacet
  facet normal -0.79244 0 -0.60995
    outer loop
      vertex 338.6 149.1 6.35
      vertex 338.329 153.1 6.70208
      vertex 338.6 153.1 6.35
    endloop
  endfacet
  facet normal -0.79244 -0 -0.60995
    outer loop
      vertex 338.329 153.1 6.70208
      vertex 338.6 149.1 6.35
      vertex 338.329 149.1 6.70208
    endloop
  endfacet
  facet normal -0.924541 0 -0.381082
    outer loop
      vertex 338.769 149.1 5.93999
      vertex 338.6 153.1 6.35
      vertex 338.769 153.1 5.93999
    endloop
  endfacet
  facet normal -0.924541 -0 -0.381082
    outer loop
      vertex 338.6 153.1 6.35
      vertex 338.769 149.1 5.93999
      vertex 338.6 149.1 6.35
    endloop
  endfacet
  facet normal 0.991423 0 -0.130691
    outer loop
      vertex 335.485 149.1 5.93999
      vertex 335.427 153.1 5.5
      vertex 335.485 153.1 5.93999
    endloop
  endfacet
  facet normal 0.991423 0 -0.130691
    outer loop
      vertex 335.427 153.1 5.5
      vertex 335.485 149.1 5.93999
      vertex 335.427 149.1 5.5
    endloop
  endfacet
  facet normal -0.79244 0 0.60995
    outer loop
      vertex 338.329 149.1 4.29792
      vertex 338.6 153.1 4.65
      vertex 338.329 153.1 4.29792
    endloop
  endfacet
  facet normal -0.79244 0 0.60995
    outer loop
      vertex 338.6 153.1 4.65
      vertex 338.329 149.1 4.29792
      vertex 338.6 149.1 4.65
    endloop
  endfacet
  facet normal 0.130533 0 0.991444
    outer loop
      vertex 336.687 153.1 3.85793
      vertex 337.127 149.1 3.8
      vertex 337.127 153.1 3.8
    endloop
  endfacet
  facet normal 0.130533 0 0.991444
    outer loop
      vertex 337.127 149.1 3.8
      vertex 336.687 153.1 3.85793
      vertex 336.687 149.1 3.85793
    endloop
  endfacet
  facet normal -0.130533 0 0.991444
    outer loop
      vertex 337.127 153.1 3.8
      vertex 337.567 149.1 3.85793
      vertex 337.567 153.1 3.85793
    endloop
  endfacet
  facet normal -0.130533 0 0.991444
    outer loop
      vertex 337.567 149.1 3.85793
      vertex 337.127 153.1 3.8
      vertex 337.127 149.1 3.8
    endloop
  endfacet
  facet normal 0.923745 -0 0.383007
    outer loop
      vertex 335.485 149.1 5.06001
      vertex 335.655 153.1 4.65
      vertex 335.485 153.1 5.06001
    endloop
  endfacet
  facet normal 0.923745 0 0.383007
    outer loop
      vertex 335.655 153.1 4.65
      vertex 335.485 149.1 5.06001
      vertex 335.655 149.1 4.65
    endloop
  endfacet
  facet normal 0.382688 0 0.923878
    outer loop
      vertex 336.277 153.1 4.02776
      vertex 336.687 149.1 3.85793
      vertex 336.687 153.1 3.85793
    endloop
  endfacet
  facet normal 0.382688 0 0.923878
    outer loop
      vertex 336.687 149.1 3.85793
      vertex 336.277 153.1 4.02776
      vertex 336.277 149.1 4.02776
    endloop
  endfacet
  facet normal -0.991423 0 0.130691
    outer loop
      vertex 338.769 149.1 5.06001
      vertex 338.827 153.1 5.5
      vertex 338.769 153.1 5.06001
    endloop
  endfacet
  facet normal -0.991423 0 0.130691
    outer loop
      vertex 338.827 153.1 5.5
      vertex 338.769 149.1 5.06001
      vertex 338.827 149.1 5.5
    endloop
  endfacet
  facet normal -0.130533 0 -0.991444
    outer loop
      vertex 337.127 149.1 7.2
      vertex 337.567 153.1 7.14207
      vertex 337.567 149.1 7.14207
    endloop
  endfacet
  facet normal -0.130533 0 -0.991444
    outer loop
      vertex 337.567 153.1 7.14207
      vertex 337.127 149.1 7.2
      vertex 337.127 153.1 7.2
    endloop
  endfacet
  facet normal -0.382688 0 -0.923878
    outer loop
      vertex 337.567 149.1 7.14207
      vertex 337.977 153.1 6.97224
      vertex 337.977 149.1 6.97224
    endloop
  endfacet
  facet normal -0.382688 0 -0.923878
    outer loop
      vertex 337.977 153.1 6.97224
      vertex 337.567 149.1 7.14207
      vertex 337.567 153.1 7.14207
    endloop
  endfacet
  facet normal -0.608848 0 -0.793287
    outer loop
      vertex 337.977 149.1 6.97224
      vertex 338.329 153.1 6.70208
      vertex 338.329 149.1 6.70208
    endloop
  endfacet
  facet normal -0.608848 0 -0.793287
    outer loop
      vertex 338.329 153.1 6.70208
      vertex 337.977 149.1 6.97224
      vertex 337.977 153.1 6.97224
    endloop
  endfacet
  facet normal 0.608848 0 -0.793287
    outer loop
      vertex 335.925 149.1 6.70208
      vertex 336.277 153.1 6.97224
      vertex 336.277 149.1 6.97224
    endloop
  endfacet
  facet normal 0.608848 0 -0.793287
    outer loop
      vertex 336.277 153.1 6.97224
      vertex 335.925 149.1 6.70208
      vertex 335.925 153.1 6.70208
    endloop
  endfacet
  facet normal 0.923745 0 -0.383007
    outer loop
      vertex 335.655 149.1 6.35
      vertex 335.485 153.1 5.93999
      vertex 335.655 153.1 6.35
    endloop
  endfacet
  facet normal 0.923745 0 -0.383007
    outer loop
      vertex 335.485 153.1 5.93999
      vertex 335.655 149.1 6.35
      vertex 335.485 149.1 5.93999
    endloop
  endfacet
  facet normal -0.924541 0 0.381082
    outer loop
      vertex 338.6 149.1 4.65
      vertex 338.769 153.1 5.06001
      vertex 338.6 153.1 4.65
    endloop
  endfacet
  facet normal -0.924541 0 0.381082
    outer loop
      vertex 338.769 153.1 5.06001
      vertex 338.6 149.1 4.65
      vertex 338.769 149.1 5.06001
    endloop
  endfacet
  facet normal 0.382688 0 -0.923878
    outer loop
      vertex 336.277 149.1 6.97224
      vertex 336.687 153.1 7.14207
      vertex 336.687 149.1 7.14207
    endloop
  endfacet
  facet normal 0.382688 0 -0.923878
    outer loop
      vertex 336.687 153.1 7.14207
      vertex 336.277 149.1 6.97224
      vertex 336.277 153.1 6.97224
    endloop
  endfacet
  facet normal 0.793528 0 -0.608534
    outer loop
      vertex 335.925 149.1 6.70208
      vertex 335.655 153.1 6.35
      vertex 335.925 153.1 6.70208
    endloop
  endfacet
  facet normal 0.793528 0 -0.608534
    outer loop
      vertex 335.655 153.1 6.35
      vertex 335.925 149.1 6.70208
      vertex 335.655 149.1 6.35
    endloop
  endfacet
  facet normal 0.991423 -0 0.130691
    outer loop
      vertex 376.318 149.1 5.5
      vertex 376.376 153.1 5.06001
      vertex 376.318 153.1 5.5
    endloop
  endfacet
  facet normal 0.991423 0 0.130691
    outer loop
      vertex 376.376 153.1 5.06001
      vertex 376.318 149.1 5.5
      vertex 376.376 149.1 5.06001
    endloop
  endfacet
  facet normal -0.382688 0 0.923878
    outer loop
      vertex 378.458 153.1 3.85793
      vertex 378.868 149.1 4.02776
      vertex 378.868 153.1 4.02776
    endloop
  endfacet
  facet normal -0.382688 0 0.923878
    outer loop
      vertex 378.868 149.1 4.02776
      vertex 378.458 153.1 3.85793
      vertex 378.458 149.1 3.85793
    endloop
  endfacet
  facet normal -0.991423 0 -0.130691
    outer loop
      vertex 379.718 149.1 5.5
      vertex 379.66 153.1 5.93999
      vertex 379.718 153.1 5.5
    endloop
  endfacet
  facet normal -0.991423 -0 -0.130691
    outer loop
      vertex 379.66 153.1 5.93999
      vertex 379.718 149.1 5.5
      vertex 379.66 149.1 5.93999
    endloop
  endfacet
  facet normal 0.130533 0 -0.991444
    outer loop
      vertex 377.578 149.1 7.14207
      vertex 378.018 153.1 7.2
      vertex 378.018 149.1 7.2
    endloop
  endfacet
  facet normal 0.130533 0 -0.991444
    outer loop
      vertex 378.018 153.1 7.2
      vertex 377.578 149.1 7.14207
      vertex 377.578 153.1 7.14207
    endloop
  endfacet
  facet normal -0.608848 0 0.793287
    outer loop
      vertex 378.868 153.1 4.02776
      vertex 379.22 149.1 4.29792
      vertex 379.22 153.1 4.29792
    endloop
  endfacet
  facet normal -0.608848 0 0.793287
    outer loop
      vertex 379.22 149.1 4.29792
      vertex 378.868 153.1 4.02776
      vertex 378.868 149.1 4.02776
    endloop
  endfacet
  facet normal 0.608848 0 0.793287
    outer loop
      vertex 376.816 153.1 4.29792
      vertex 377.168 149.1 4.02776
      vertex 377.168 153.1 4.02776
    endloop
  endfacet
  facet normal 0.608848 0 0.793287
    outer loop
      vertex 377.168 149.1 4.02776
      vertex 376.816 153.1 4.29792
      vertex 376.816 149.1 4.29792
    endloop
  endfacet
  facet normal 0.793528 -0 0.608534
    outer loop
      vertex 376.546 149.1 4.65
      vertex 376.816 153.1 4.29792
      vertex 376.546 153.1 4.65
    endloop
  endfacet
  facet normal 0.793528 0 0.608534
    outer loop
      vertex 376.816 153.1 4.29792
      vertex 376.546 149.1 4.65
      vertex 376.816 149.1 4.29792
    endloop
  endfacet
  facet normal -0.793528 0 -0.608534
    outer loop
      vertex 379.49 149.1 6.35
      vertex 379.22 153.1 6.70208
      vertex 379.49 153.1 6.35
    endloop
  endfacet
  facet normal -0.793528 -0 -0.608534
    outer loop
      vertex 379.22 153.1 6.70208
      vertex 379.49 149.1 6.35
      vertex 379.22 149.1 6.70208
    endloop
  endfacet
  facet normal -0.923745 0 -0.383007
    outer loop
      vertex 379.66 149.1 5.93999
      vertex 379.49 153.1 6.35
      vertex 379.66 153.1 5.93999
    endloop
  endfacet
  facet normal -0.923745 -0 -0.383007
    outer loop
      vertex 379.49 153.1 6.35
      vertex 379.66 149.1 5.93999
      vertex 379.49 149.1 6.35
    endloop
  endfacet
  facet normal 0.991423 0 -0.130691
    outer loop
      vertex 376.376 149.1 5.93999
      vertex 376.318 153.1 5.5
      vertex 376.376 153.1 5.93999
    endloop
  endfacet
  facet normal 0.991423 0 -0.130691
    outer loop
      vertex 376.318 153.1 5.5
      vertex 376.376 149.1 5.93999
      vertex 376.318 149.1 5.5
    endloop
  endfacet
  facet normal -0.793528 0 0.608534
    outer loop
      vertex 379.22 149.1 4.29792
      vertex 379.49 153.1 4.65
      vertex 379.22 153.1 4.29792
    endloop
  endfacet
  facet normal -0.793528 0 0.608534
    outer loop
      vertex 379.49 153.1 4.65
      vertex 379.22 149.1 4.29792
      vertex 379.49 149.1 4.65
    endloop
  endfacet
  facet normal 0.130533 0 0.991444
    outer loop
      vertex 377.578 153.1 3.85793
      vertex 378.018 149.1 3.8
      vertex 378.018 153.1 3.8
    endloop
  endfacet
  facet normal 0.130533 0 0.991444
    outer loop
      vertex 378.018 149.1 3.8
      vertex 377.578 153.1 3.85793
      vertex 377.578 149.1 3.85793
    endloop
  endfacet
  facet normal 0.923745 -0 0.383007
    outer loop
      vertex 376.376 149.1 5.06001
      vertex 376.546 153.1 4.65
      vertex 376.376 153.1 5.06001
    endloop
  endfacet
  facet normal 0.923745 0 0.383007
    outer loop
      vertex 376.546 153.1 4.65
      vertex 376.376 149.1 5.06001
      vertex 376.546 149.1 4.65
    endloop
  endfacet
  facet normal 0.382688 0 0.923878
    outer loop
      vertex 377.168 153.1 4.02776
      vertex 377.578 149.1 3.85793
      vertex 377.578 153.1 3.85793
    endloop
  endfacet
  facet normal 0.382688 0 0.923878
    outer loop
      vertex 377.578 149.1 3.85793
      vertex 377.168 153.1 4.02776
      vertex 377.168 149.1 4.02776
    endloop
  endfacet
  facet normal -0.991423 0 0.130691
    outer loop
      vertex 379.66 149.1 5.06001
      vertex 379.718 153.1 5.5
      vertex 379.66 153.1 5.06001
    endloop
  endfacet
  facet normal -0.991423 0 0.130691
    outer loop
      vertex 379.718 153.1 5.5
      vertex 379.66 149.1 5.06001
      vertex 379.718 149.1 5.5
    endloop
  endfacet
  facet normal -0.130533 0 -0.991444
    outer loop
      vertex 378.018 149.1 7.2
      vertex 378.458 153.1 7.14207
      vertex 378.458 149.1 7.14207
    endloop
  endfacet
  facet normal -0.130533 0 -0.991444
    outer loop
      vertex 378.458 153.1 7.14207
      vertex 378.018 149.1 7.2
      vertex 378.018 153.1 7.2
    endloop
  endfacet
  facet normal -0.382688 0 -0.923878
    outer loop
      vertex 378.458 149.1 7.14207
      vertex 378.868 153.1 6.97224
      vertex 378.868 149.1 6.97224
    endloop
  endfacet
  facet normal -0.382688 0 -0.923878
    outer loop
      vertex 378.868 153.1 6.97224
      vertex 378.458 149.1 7.14207
      vertex 378.458 153.1 7.14207
    endloop
  endfacet
  facet normal -0.608848 0 -0.793287
    outer loop
      vertex 378.868 149.1 6.97224
      vertex 379.22 153.1 6.70208
      vertex 379.22 149.1 6.70208
    endloop
  endfacet
  facet normal -0.608848 0 -0.793287
    outer loop
      vertex 379.22 153.1 6.70208
      vertex 378.868 149.1 6.97224
      vertex 378.868 153.1 6.97224
    endloop
  endfacet
  facet normal 0.608848 0 -0.793287
    outer loop
      vertex 376.816 149.1 6.70208
      vertex 377.168 153.1 6.97224
      vertex 377.168 149.1 6.97224
    endloop
  endfacet
  facet normal 0.608848 0 -0.793287
    outer loop
      vertex 377.168 153.1 6.97224
      vertex 376.816 149.1 6.70208
      vertex 376.816 153.1 6.70208
    endloop
  endfacet
  facet normal 0.923745 0 -0.383007
    outer loop
      vertex 376.546 149.1 6.35
      vertex 376.376 153.1 5.93999
      vertex 376.546 153.1 6.35
    endloop
  endfacet
  facet normal 0.923745 0 -0.383007
    outer loop
      vertex 376.376 153.1 5.93999
      vertex 376.546 149.1 6.35
      vertex 376.376 149.1 5.93999
    endloop
  endfacet
  facet normal 0.793528 0 -0.608534
    outer loop
      vertex 376.816 149.1 6.70208
      vertex 376.546 153.1 6.35
      vertex 376.816 153.1 6.70208
    endloop
  endfacet
  facet normal 0.793528 0 -0.608534
    outer loop
      vertex 376.546 153.1 6.35
      vertex 376.816 149.1 6.70208
      vertex 376.546 149.1 6.35
    endloop
  endfacet
  facet normal -0.923745 0 0.383007
    outer loop
      vertex 379.49 149.1 4.65
      vertex 379.66 153.1 5.06001
      vertex 379.49 153.1 4.65
    endloop
  endfacet
  facet normal -0.923745 0 0.383007
    outer loop
      vertex 379.66 153.1 5.06001
      vertex 379.49 149.1 4.65
      vertex 379.66 149.1 5.06001
    endloop
  endfacet
  facet normal -0.130533 0 0.991444
    outer loop
      vertex 378.018 153.1 3.8
      vertex 378.458 149.1 3.85793
      vertex 378.458 153.1 3.85793
    endloop
  endfacet
  facet normal -0.130533 0 0.991444
    outer loop
      vertex 378.458 149.1 3.85793
      vertex 378.018 153.1 3.8
      vertex 378.018 149.1 3.8
    endloop
  endfacet
  facet normal 0.382688 0 -0.923878
    outer loop
      vertex 377.168 149.1 6.97224
      vertex 377.578 153.1 7.14207
      vertex 377.578 149.1 7.14207
    endloop
  endfacet
  facet normal 0.382688 0 -0.923878
    outer loop
      vertex 377.578 153.1 7.14207
      vertex 377.168 149.1 6.97224
      vertex 377.168 153.1 6.97224
    endloop
  endfacet
  facet normal -0.793528 0 0.608534
    outer loop
      vertex 420.111 149.1 4.29792
      vertex 420.381 153.1 4.65
      vertex 420.111 153.1 4.29792
    endloop
  endfacet
  facet normal -0.793528 0 0.608534
    outer loop
      vertex 420.381 153.1 4.65
      vertex 420.111 149.1 4.29792
      vertex 420.381 149.1 4.65
    endloop
  endfacet
  facet normal 0.991423 -0 0.130691
    outer loop
      vertex 417.209 149.1 5.5
      vertex 417.267 153.1 5.06001
      vertex 417.209 153.1 5.5
    endloop
  endfacet
  facet normal 0.991423 0 0.130691
    outer loop
      vertex 417.267 153.1 5.06001
      vertex 417.209 149.1 5.5
      vertex 417.267 149.1 5.06001
    endloop
  endfacet
  facet normal 0.991423 0 -0.130691
    outer loop
      vertex 417.267 149.1 5.93999
      vertex 417.209 153.1 5.5
      vertex 417.267 153.1 5.93999
    endloop
  endfacet
  facet normal 0.991423 0 -0.130691
    outer loop
      vertex 417.209 153.1 5.5
      vertex 417.267 149.1 5.93999
      vertex 417.209 149.1 5.5
    endloop
  endfacet
  facet normal -0.130533 0 0.991444
    outer loop
      vertex 418.909 153.1 3.8
      vertex 419.349 149.1 3.85793
      vertex 419.349 153.1 3.85793
    endloop
  endfacet
  facet normal -0.130533 0 0.991444
    outer loop
      vertex 419.349 149.1 3.85793
      vertex 418.909 153.1 3.8
      vertex 418.909 149.1 3.8
    endloop
  endfacet
  facet normal -0.991423 0 -0.130691
    outer loop
      vertex 420.609 149.1 5.5
      vertex 420.551 153.1 5.93999
      vertex 420.609 153.1 5.5
    endloop
  endfacet
  facet normal -0.991423 -0 -0.130691
    outer loop
      vertex 420.551 153.1 5.93999
      vertex 420.609 149.1 5.5
      vertex 420.551 149.1 5.93999
    endloop
  endfacet
  facet normal -0.608848 0 0.793287
    outer loop
      vertex 419.759 153.1 4.02776
      vertex 420.111 149.1 4.29792
      vertex 420.111 153.1 4.29792
    endloop
  endfacet
  facet normal -0.608848 0 0.793287
    outer loop
      vertex 420.111 149.1 4.29792
      vertex 419.759 153.1 4.02776
      vertex 419.759 149.1 4.02776
    endloop
  endfacet
  facet normal 0.130533 0 0.991444
    outer loop
      vertex 418.469 153.1 3.85793
      vertex 418.909 149.1 3.8
      vertex 418.909 153.1 3.8
    endloop
  endfacet
  facet normal 0.130533 0 0.991444
    outer loop
      vertex 418.909 149.1 3.8
      vertex 418.469 153.1 3.85793
      vertex 418.469 149.1 3.85793
    endloop
  endfacet
  facet normal 0.923745 -0 0.383007
    outer loop
      vertex 417.267 149.1 5.06001
      vertex 417.437 153.1 4.65
      vertex 417.267 153.1 5.06001
    endloop
  endfacet
  facet normal 0.923745 0 0.383007
    outer loop
      vertex 417.437 153.1 4.65
      vertex 417.267 149.1 5.06001
      vertex 417.437 149.1 4.65
    endloop
  endfacet
  facet normal -0.382688 0 -0.923878
    outer loop
      vertex 419.349 149.1 7.14207
      vertex 419.759 153.1 6.97224
      vertex 419.759 149.1 6.97224
    endloop
  endfacet
  facet normal -0.382688 0 -0.923878
    outer loop
      vertex 419.759 153.1 6.97224
      vertex 419.349 149.1 7.14207
      vertex 419.349 153.1 7.14207
    endloop
  endfacet
  facet normal -0.382688 0 0.923878
    outer loop
      vertex 419.349 153.1 3.85793
      vertex 419.759 149.1 4.02776
      vertex 419.759 153.1 4.02776
    endloop
  endfacet
  facet normal -0.382688 0 0.923878
    outer loop
      vertex 419.759 149.1 4.02776
      vertex 419.349 153.1 3.85793
      vertex 419.349 149.1 3.85793
    endloop
  endfacet
  facet normal 0.793528 -0 0.608534
    outer loop
      vertex 417.437 149.1 4.65
      vertex 417.707 153.1 4.29792
      vertex 417.437 153.1 4.65
    endloop
  endfacet
  facet normal 0.793528 0 0.608534
    outer loop
      vertex 417.707 153.1 4.29792
      vertex 417.437 149.1 4.65
      vertex 417.707 149.1 4.29792
    endloop
  endfacet
  facet normal 0.382688 0 0.923878
    outer loop
      vertex 418.059 153.1 4.02776
      vertex 418.469 149.1 3.85793
      vertex 418.469 153.1 3.85793
    endloop
  endfacet
  facet normal 0.382688 0 0.923878
    outer loop
      vertex 418.469 149.1 3.85793
      vertex 418.059 153.1 4.02776
      vertex 418.059 149.1 4.02776
    endloop
  endfacet
  facet normal 0.608848 0 0.793287
    outer loop
      vertex 417.707 153.1 4.29792
      vertex 418.059 149.1 4.02776
      vertex 418.059 153.1 4.02776
    endloop
  endfacet
  facet normal 0.608848 0 0.793287
    outer loop
      vertex 418.059 149.1 4.02776
      vertex 417.707 153.1 4.29792
      vertex 417.707 149.1 4.29792
    endloop
  endfacet
  facet normal -0.991423 0 0.130691
    outer loop
      vertex 420.551 149.1 5.06001
      vertex 420.609 153.1 5.5
      vertex 420.551 153.1 5.06001
    endloop
  endfacet
  facet normal -0.991423 0 0.130691
    outer loop
      vertex 420.609 153.1 5.5
      vertex 420.551 149.1 5.06001
      vertex 420.609 149.1 5.5
    endloop
  endfacet
  facet normal -0.793528 0 -0.608534
    outer loop
      vertex 420.381 149.1 6.35
      vertex 420.111 153.1 6.70208
      vertex 420.381 153.1 6.35
    endloop
  endfacet
  facet normal -0.793528 -0 -0.608534
    outer loop
      vertex 420.111 153.1 6.70208
      vertex 420.381 149.1 6.35
      vertex 420.111 149.1 6.70208
    endloop
  endfacet
  facet normal -0.923745 0 0.383007
    outer loop
      vertex 420.381 149.1 4.65
      vertex 420.551 153.1 5.06001
      vertex 420.381 153.1 4.65
    endloop
  endfacet
  facet normal -0.923745 0 0.383007
    outer loop
      vertex 420.551 153.1 5.06001
      vertex 420.381 149.1 4.65
      vertex 420.551 149.1 5.06001
    endloop
  endfacet
  facet normal -0.923745 0 -0.383007
    outer loop
      vertex 420.551 149.1 5.93999
      vertex 420.381 153.1 6.35
      vertex 420.551 153.1 5.93999
    endloop
  endfacet
  facet normal -0.923745 -0 -0.383007
    outer loop
      vertex 420.381 153.1 6.35
      vertex 420.551 149.1 5.93999
      vertex 420.381 149.1 6.35
    endloop
  endfacet
  facet normal -0.608848 0 -0.793287
    outer loop
      vertex 419.759 149.1 6.97224
      vertex 420.111 153.1 6.70208
      vertex 420.111 149.1 6.70208
    endloop
  endfacet
  facet normal -0.608848 0 -0.793287
    outer loop
      vertex 420.111 153.1 6.70208
      vertex 419.759 149.1 6.97224
      vertex 419.759 153.1 6.97224
    endloop
  endfacet
  facet normal -0.130533 0 -0.991444
    outer loop
      vertex 418.909 149.1 7.2
      vertex 419.349 153.1 7.14207
      vertex 419.349 149.1 7.14207
    endloop
  endfacet
  facet normal -0.130533 0 -0.991444
    outer loop
      vertex 419.349 153.1 7.14207
      vertex 418.909 149.1 7.2
      vertex 418.909 153.1 7.2
    endloop
  endfacet
  facet normal 0.130533 0 -0.991444
    outer loop
      vertex 418.469 149.1 7.14207
      vertex 418.909 153.1 7.2
      vertex 418.909 149.1 7.2
    endloop
  endfacet
  facet normal 0.130533 0 -0.991444
    outer loop
      vertex 418.909 153.1 7.2
      vertex 418.469 149.1 7.14207
      vertex 418.469 153.1 7.14207
    endloop
  endfacet
  facet normal 0.793528 0 -0.608534
    outer loop
      vertex 417.707 149.1 6.70208
      vertex 417.437 153.1 6.35
      vertex 417.707 153.1 6.70208
    endloop
  endfacet
  facet normal 0.793528 0 -0.608534
    outer loop
      vertex 417.437 153.1 6.35
      vertex 417.707 149.1 6.70208
      vertex 417.437 149.1 6.35
    endloop
  endfacet
  facet normal 0.923745 0 -0.383007
    outer loop
      vertex 417.437 149.1 6.35
      vertex 417.267 153.1 5.93999
      vertex 417.437 153.1 6.35
    endloop
  endfacet
  facet normal 0.923745 0 -0.383007
    outer loop
      vertex 417.267 153.1 5.93999
      vertex 417.437 149.1 6.35
      vertex 417.267 149.1 5.93999
    endloop
  endfacet
  facet normal 0.608848 0 -0.793287
    outer loop
      vertex 417.707 149.1 6.70208
      vertex 418.059 153.1 6.97224
      vertex 418.059 149.1 6.97224
    endloop
  endfacet
  facet normal 0.608848 0 -0.793287
    outer loop
      vertex 418.059 153.1 6.97224
      vertex 417.707 149.1 6.70208
      vertex 417.707 153.1 6.70208
    endloop
  endfacet
  facet normal 0.382688 0 -0.923878
    outer loop
      vertex 418.059 149.1 6.97224
      vertex 418.469 153.1 7.14207
      vertex 418.469 149.1 7.14207
    endloop
  endfacet
  facet normal 0.382688 0 -0.923878
    outer loop
      vertex 418.469 153.1 7.14207
      vertex 418.059 149.1 6.97224
      vertex 418.059 153.1 6.97224
    endloop
  endfacet
  facet normal -0.793528 0 0.608534
    outer loop
      vertex 461.002 149.1 4.29792
      vertex 461.272 153.1 4.65
      vertex 461.002 153.1 4.29792
    endloop
  endfacet
  facet normal -0.793528 0 0.608534
    outer loop
      vertex 461.272 153.1 4.65
      vertex 461.002 149.1 4.29792
      vertex 461.272 149.1 4.65
    endloop
  endfacet
  facet normal -0.130533 0 0.991444
    outer loop
      vertex 459.8 153.1 3.8
      vertex 460.24 149.1 3.85793
      vertex 460.24 153.1 3.85793
    endloop
  endfacet
  facet normal -0.130533 0 0.991444
    outer loop
      vertex 460.24 149.1 3.85793
      vertex 459.8 153.1 3.8
      vertex 459.8 149.1 3.8
    endloop
  endfacet
  facet normal -0.991423 0 -0.130691
    outer loop
      vertex 461.5 149.1 5.5
      vertex 461.442 153.1 5.93999
      vertex 461.5 153.1 5.5
    endloop
  endfacet
  facet normal -0.991423 -0 -0.130691
    outer loop
      vertex 461.442 153.1 5.93999
      vertex 461.5 149.1 5.5
      vertex 461.442 149.1 5.93999
    endloop
  endfacet
  facet normal -0.608848 0 0.793287
    outer loop
      vertex 460.65 153.1 4.02776
      vertex 461.002 149.1 4.29792
      vertex 461.002 153.1 4.29792
    endloop
  endfacet
  facet normal -0.608848 0 0.793287
    outer loop
      vertex 461.002 149.1 4.29792
      vertex 460.65 153.1 4.02776
      vertex 460.65 149.1 4.02776
    endloop
  endfacet
  facet normal 0.130533 0 0.991444
    outer loop
      vertex 459.36 153.1 3.85793
      vertex 459.8 149.1 3.8
      vertex 459.8 153.1 3.8
    endloop
  endfacet
  facet normal 0.130533 0 0.991444
    outer loop
      vertex 459.8 149.1 3.8
      vertex 459.36 153.1 3.85793
      vertex 459.36 149.1 3.85793
    endloop
  endfacet
  facet normal -0.382688 0 -0.923878
    outer loop
      vertex 460.24 149.1 7.14207
      vertex 460.65 153.1 6.97224
      vertex 460.65 149.1 6.97224
    endloop
  endfacet
  facet normal -0.382688 0 -0.923878
    outer loop
      vertex 460.65 153.1 6.97224
      vertex 460.24 149.1 7.14207
      vertex 460.24 153.1 7.14207
    endloop
  endfacet
  facet normal -0.382688 0 0.923878
    outer loop
      vertex 460.24 153.1 3.85793
      vertex 460.65 149.1 4.02776
      vertex 460.65 153.1 4.02776
    endloop
  endfacet
  facet normal -0.382688 0 0.923878
    outer loop
      vertex 460.65 149.1 4.02776
      vertex 460.24 153.1 3.85793
      vertex 460.24 149.1 3.85793
    endloop
  endfacet
  facet normal 0.991423 -0 0.130691
    outer loop
      vertex 458.1 149.1 5.5
      vertex 458.158 153.1 5.06001
      vertex 458.1 153.1 5.5
    endloop
  endfacet
  facet normal 0.991423 0 0.130691
    outer loop
      vertex 458.158 153.1 5.06001
      vertex 458.1 149.1 5.5
      vertex 458.158 149.1 5.06001
    endloop
  endfacet
  facet normal 0.793528 -0 0.608534
    outer loop
      vertex 458.328 149.1 4.65
      vertex 458.598 153.1 4.29792
      vertex 458.328 153.1 4.65
    endloop
  endfacet
  facet normal 0.793528 0 0.608534
    outer loop
      vertex 458.598 153.1 4.29792
      vertex 458.328 149.1 4.65
      vertex 458.598 149.1 4.29792
    endloop
  endfacet
  facet normal 0.382688 0 0.923878
    outer loop
      vertex 458.95 153.1 4.02776
      vertex 459.36 149.1 3.85793
      vertex 459.36 153.1 3.85793
    endloop
  endfacet
  facet normal 0.382688 0 0.923878
    outer loop
      vertex 459.36 149.1 3.85793
      vertex 458.95 153.1 4.02776
      vertex 458.95 149.1 4.02776
    endloop
  endfacet
  facet normal 0.608848 0 0.793287
    outer loop
      vertex 458.598 153.1 4.29792
      vertex 458.95 149.1 4.02776
      vertex 458.95 153.1 4.02776
    endloop
  endfacet
  facet normal 0.608848 0 0.793287
    outer loop
      vertex 458.95 149.1 4.02776
      vertex 458.598 153.1 4.29792
      vertex 458.598 149.1 4.29792
    endloop
  endfacet
  facet normal -0.991423 0 0.130691
    outer loop
      vertex 461.442 149.1 5.06001
      vertex 461.5 153.1 5.5
      vertex 461.442 153.1 5.06001
    endloop
  endfacet
  facet normal -0.991423 0 0.130691
    outer loop
      vertex 461.5 153.1 5.5
      vertex 461.442 149.1 5.06001
      vertex 461.5 149.1 5.5
    endloop
  endfacet
  facet normal 0.608848 0 -0.793287
    outer loop
      vertex 458.598 149.1 6.70208
      vertex 458.95 153.1 6.97224
      vertex 458.95 149.1 6.97224
    endloop
  endfacet
  facet normal 0.608848 0 -0.793287
    outer loop
      vertex 458.95 153.1 6.97224
      vertex 458.598 149.1 6.70208
      vertex 458.598 153.1 6.70208
    endloop
  endfacet
  facet normal 0.793528 0 -0.608534
    outer loop
      vertex 458.598 149.1 6.70208
      vertex 458.328 153.1 6.35
      vertex 458.598 153.1 6.70208
    endloop
  endfacet
  facet normal 0.793528 0 -0.608534
    outer loop
      vertex 458.328 153.1 6.35
      vertex 458.598 149.1 6.70208
      vertex 458.328 149.1 6.35
    endloop
  endfacet
  facet normal -0.793528 0 -0.608534
    outer loop
      vertex 461.272 149.1 6.35
      vertex 461.002 153.1 6.70208
      vertex 461.272 153.1 6.35
    endloop
  endfacet
  facet normal -0.793528 -0 -0.608534
    outer loop
      vertex 461.002 153.1 6.70208
      vertex 461.272 149.1 6.35
      vertex 461.002 149.1 6.70208
    endloop
  endfacet
  facet normal -0.923745 0 0.383007
    outer loop
      vertex 461.272 149.1 4.65
      vertex 461.442 153.1 5.06001
      vertex 461.272 153.1 4.65
    endloop
  endfacet
  facet normal -0.923745 0 0.383007
    outer loop
      vertex 461.442 153.1 5.06001
      vertex 461.272 149.1 4.65
      vertex 461.442 149.1 5.06001
    endloop
  endfacet
  facet normal 0.923745 -0 0.383007
    outer loop
      vertex 458.158 149.1 5.06001
      vertex 458.328 153.1 4.65
      vertex 458.158 153.1 5.06001
    endloop
  endfacet
  facet normal 0.923745 0 0.383007
    outer loop
      vertex 458.328 153.1 4.65
      vertex 458.158 149.1 5.06001
      vertex 458.328 149.1 4.65
    endloop
  endfacet
  facet normal 0.991423 0 -0.130691
    outer loop
      vertex 458.158 149.1 5.93999
      vertex 458.1 153.1 5.5
      vertex 458.158 153.1 5.93999
    endloop
  endfacet
  facet normal 0.991423 0 -0.130691
    outer loop
      vertex 458.1 153.1 5.5
      vertex 458.158 149.1 5.93999
      vertex 458.1 149.1 5.5
    endloop
  endfacet
  facet normal -0.923745 0 -0.383007
    outer loop
      vertex 461.442 149.1 5.93999
      vertex 461.272 153.1 6.35
      vertex 461.442 153.1 5.93999
    endloop
  endfacet
  facet normal -0.923745 -0 -0.383007
    outer loop
      vertex 461.272 153.1 6.35
      vertex 461.442 149.1 5.93999
      vertex 461.272 149.1 6.35
    endloop
  endfacet
  facet normal -0.608848 0 -0.793287
    outer loop
      vertex 460.65 149.1 6.97224
      vertex 461.002 153.1 6.70208
      vertex 461.002 149.1 6.70208
    endloop
  endfacet
  facet normal -0.608848 0 -0.793287
    outer loop
      vertex 461.002 153.1 6.70208
      vertex 460.65 149.1 6.97224
      vertex 460.65 153.1 6.97224
    endloop
  endfacet
  facet normal 0.382688 0 -0.923878
    outer loop
      vertex 458.95 149.1 6.97224
      vertex 459.36 153.1 7.14207
      vertex 459.36 149.1 7.14207
    endloop
  endfacet
  facet normal 0.382688 0 -0.923878
    outer loop
      vertex 459.36 153.1 7.14207
      vertex 458.95 149.1 6.97224
      vertex 458.95 153.1 6.97224
    endloop
  endfacet
  facet normal -0.130533 0 -0.991444
    outer loop
      vertex 459.8 149.1 7.2
      vertex 460.24 153.1 7.14207
      vertex 460.24 149.1 7.14207
    endloop
  endfacet
  facet normal -0.130533 0 -0.991444
    outer loop
      vertex 460.24 153.1 7.14207
      vertex 459.8 149.1 7.2
      vertex 459.8 153.1 7.2
    endloop
  endfacet
  facet normal 0.130533 0 -0.991444
    outer loop
      vertex 459.36 149.1 7.14207
      vertex 459.8 153.1 7.2
      vertex 459.8 149.1 7.2
    endloop
  endfacet
  facet normal 0.130533 0 -0.991444
    outer loop
      vertex 459.8 153.1 7.2
      vertex 459.36 149.1 7.14207
      vertex 459.36 153.1 7.14207
    endloop
  endfacet
  facet normal 0.923745 0 -0.383007
    outer loop
      vertex 458.328 149.1 6.35
      vertex 458.158 153.1 5.93999
      vertex 458.328 153.1 6.35
    endloop
  endfacet
  facet normal 0.923745 0 -0.383007
    outer loop
      vertex 458.158 153.1 5.93999
      vertex 458.328 149.1 6.35
      vertex 458.158 149.1 5.93999
    endloop
  endfacet
endsolid OpenSCAD_Model
