solid OpenSCAD_Model
  facet normal 0 1 -0
    outer loop
      vertex 470.852 334.2 0
      vertex 470.8 334.2 15
      vertex 470.852 334.2 15
    endloop
  endfacet
  facet normal 0 1 0
    outer loop
      vertex 470.8 334.2 15
      vertex 470.852 334.2 0
      vertex 470.8 334.2 0
    endloop
  endfacet
  facet normal 0.037709 0.999289 -0
    outer loop
      vertex 470.905 334.198 0
      vertex 470.852 334.2 15
      vertex 470.905 334.198 15
    endloop
  endfacet
  facet normal 0.037709 0.999289 0
    outer loop
      vertex 470.852 334.2 15
      vertex 470.905 334.198 0
      vertex 470.852 334.2 0
    endloop
  endfacet
  facet normal 0.0384331 0.999261 -0
    outer loop
      vertex 470.957 334.196 0
      vertex 470.905 334.198 15
      vertex 470.957 334.196 15
    endloop
  endfacet
  facet normal 0.0384331 0.999261 0
    outer loop
      vertex 470.905 334.198 15
      vertex 470.957 334.196 0
      vertex 470.905 334.198 0
    endloop
  endfacet
  facet normal 0.0575965 0.99834 -0
    outer loop
      vertex 471.009 334.193 0
      vertex 470.957 334.196 15
      vertex 471.009 334.193 15
    endloop
  endfacet
  facet normal 0.0575965 0.99834 0
    outer loop
      vertex 470.957 334.196 15
      vertex 471.009 334.193 0
      vertex 470.957 334.196 0
    endloop
  endfacet
  facet normal 0.0766965 0.997054 -0
    outer loop
      vertex 471.061 334.189 0
      vertex 471.009 334.193 15
      vertex 471.061 334.189 15
    endloop
  endfacet
  facet normal 0.0766965 0.997054 0
    outer loop
      vertex 471.009 334.193 15
      vertex 471.061 334.189 0
      vertex 471.009 334.193 0
    endloop
  endfacet
  facet normal 0.0939226 0.99558 -0
    outer loop
      vertex 471.114 334.184 0
      vertex 471.061 334.189 15
      vertex 471.114 334.184 15
    endloop
  endfacet
  facet normal 0.0939226 0.99558 0
    outer loop
      vertex 471.061 334.189 15
      vertex 471.114 334.184 0
      vertex 471.061 334.189 0
    endloop
  endfacet
  facet normal 0.114624 0.993409 -0
    outer loop
      vertex 471.166 334.178 0
      vertex 471.114 334.184 15
      vertex 471.166 334.178 15
    endloop
  endfacet
  facet normal 0.114624 0.993409 0
    outer loop
      vertex 471.114 334.184 15
      vertex 471.166 334.178 0
      vertex 471.114 334.184 0
    endloop
  endfacet
  facet normal 0.13598 0.990712 -0
    outer loop
      vertex 471.217 334.171 0
      vertex 471.166 334.178 15
      vertex 471.217 334.171 15
    endloop
  endfacet
  facet normal 0.13598 0.990712 0
    outer loop
      vertex 471.166 334.178 15
      vertex 471.217 334.171 0
      vertex 471.166 334.178 0
    endloop
  endfacet
  facet normal 0.152057 0.988372 -0
    outer loop
      vertex 471.269 334.163 0
      vertex 471.217 334.171 15
      vertex 471.269 334.163 15
    endloop
  endfacet
  facet normal 0.152057 0.988372 0
    outer loop
      vertex 471.217 334.171 15
      vertex 471.269 334.163 0
      vertex 471.217 334.171 0
    endloop
  endfacet
  facet normal 0.170541 0.985351 -0
    outer loop
      vertex 471.321 334.154 0
      vertex 471.269 334.163 15
      vertex 471.321 334.154 15
    endloop
  endfacet
  facet normal 0.170541 0.985351 0
    outer loop
      vertex 471.269 334.163 15
      vertex 471.321 334.154 0
      vertex 471.269 334.163 0
    endloop
  endfacet
  facet normal 0.173785 0.984784 -0
    outer loop
      vertex 471.372 334.145 0
      vertex 471.321 334.154 15
      vertex 471.372 334.145 15
    endloop
  endfacet
  facet normal 0.173785 0.984784 0
    outer loop
      vertex 471.321 334.154 15
      vertex 471.372 334.145 0
      vertex 471.321 334.154 0
    endloop
  endfacet
  facet normal 0.206959 0.97835 -0
    outer loop
      vertex 471.424 334.134 0
      vertex 471.372 334.145 15
      vertex 471.424 334.134 15
    endloop
  endfacet
  facet normal 0.206959 0.97835 0
    outer loop
      vertex 471.372 334.145 15
      vertex 471.424 334.134 0
      vertex 471.372 334.145 0
    endloop
  endfacet
  facet normal 0.210838 0.977521 -0
    outer loop
      vertex 471.475 334.123 0
      vertex 471.424 334.134 15
      vertex 471.475 334.123 15
    endloop
  endfacet
  facet normal 0.210838 0.977521 0
    outer loop
      vertex 471.424 334.134 15
      vertex 471.475 334.123 0
      vertex 471.424 334.134 0
    endloop
  endfacet
  facet normal 0.229039 0.973417 -0
    outer loop
      vertex 471.526 334.111 0
      vertex 471.475 334.123 15
      vertex 471.526 334.111 15
    endloop
  endfacet
  facet normal 0.229039 0.973417 0
    outer loop
      vertex 471.475 334.123 15
      vertex 471.526 334.111 0
      vertex 471.475 334.123 0
    endloop
  endfacet
  facet normal 0.251634 0.967823 -0
    outer loop
      vertex 471.576 334.098 0
      vertex 471.526 334.111 15
      vertex 471.576 334.098 15
    endloop
  endfacet
  facet normal 0.251634 0.967823 0
    outer loop
      vertex 471.526 334.111 15
      vertex 471.576 334.098 0
      vertex 471.526 334.111 0
    endloop
  endfacet
  facet normal 0.264717 0.964326 -0
    outer loop
      vertex 471.627 334.084 0
      vertex 471.576 334.098 15
      vertex 471.627 334.084 15
    endloop
  endfacet
  facet normal 0.264717 0.964326 0
    outer loop
      vertex 471.576 334.098 15
      vertex 471.627 334.084 0
      vertex 471.576 334.098 0
    endloop
  endfacet
  facet normal 0.287348 0.957826 -0
    outer loop
      vertex 471.677 334.069 0
      vertex 471.627 334.084 15
      vertex 471.677 334.069 15
    endloop
  endfacet
  facet normal 0.287348 0.957826 0
    outer loop
      vertex 471.627 334.084 15
      vertex 471.677 334.069 0
      vertex 471.627 334.084 0
    endloop
  endfacet
  facet normal 0.304776 0.952424 -0
    outer loop
      vertex 471.727 334.053 0
      vertex 471.677 334.069 15
      vertex 471.727 334.053 15
    endloop
  endfacet
  facet normal 0.304776 0.952424 0
    outer loop
      vertex 471.677 334.069 15
      vertex 471.727 334.053 0
      vertex 471.677 334.069 0
    endloop
  endfacet
  facet normal 0.304776 0.952424 -0
    outer loop
      vertex 471.777 334.037 0
      vertex 471.727 334.053 15
      vertex 471.777 334.037 15
    endloop
  endfacet
  facet normal 0.304776 0.952424 0
    outer loop
      vertex 471.727 334.053 15
      vertex 471.777 334.037 0
      vertex 471.727 334.053 0
    endloop
  endfacet
  facet normal 0.344817 0.93867 -0
    outer loop
      vertex 471.826 334.019 0
      vertex 471.777 334.037 15
      vertex 471.826 334.019 15
    endloop
  endfacet
  facet normal 0.344817 0.93867 0
    outer loop
      vertex 471.777 334.037 15
      vertex 471.826 334.019 0
      vertex 471.777 334.037 0
    endloop
  endfacet
  facet normal 0.344817 0.93867 -0
    outer loop
      vertex 471.875 334.001 0
      vertex 471.826 334.019 15
      vertex 471.875 334.001 15
    endloop
  endfacet
  facet normal 0.344817 0.93867 0
    outer loop
      vertex 471.826 334.019 15
      vertex 471.875 334.001 0
      vertex 471.826 334.019 0
    endloop
  endfacet
  facet normal 0.361528 0.932361 -0
    outer loop
      vertex 471.924 333.982 0
      vertex 471.875 334.001 15
      vertex 471.924 333.982 15
    endloop
  endfacet
  facet normal 0.361528 0.932361 0
    outer loop
      vertex 471.875 334.001 15
      vertex 471.924 333.982 0
      vertex 471.875 334.001 0
    endloop
  endfacet
  facet normal 0.384615 0.923077 -0
    outer loop
      vertex 471.972 333.962 0
      vertex 471.924 333.982 15
      vertex 471.972 333.962 15
    endloop
  endfacet
  facet normal 0.384615 0.923077 0
    outer loop
      vertex 471.924 333.982 15
      vertex 471.972 333.962 0
      vertex 471.924 333.982 0
    endloop
  endfacet
  facet normal 0.400819 0.916157 -0
    outer loop
      vertex 472.02 333.941 0
      vertex 471.972 333.962 15
      vertex 472.02 333.941 15
    endloop
  endfacet
  facet normal 0.400819 0.916157 0
    outer loop
      vertex 471.972 333.962 15
      vertex 472.02 333.941 0
      vertex 471.972 333.962 0
    endloop
  endfacet
  facet normal 0.416655 0.909065 -0
    outer loop
      vertex 472.068 333.919 0
      vertex 472.02 333.941 15
      vertex 472.068 333.919 15
    endloop
  endfacet
  facet normal 0.416655 0.909065 0
    outer loop
      vertex 472.02 333.941 15
      vertex 472.068 333.919 0
      vertex 472.02 333.941 0
    endloop
  endfacet
  facet normal 0.439553 0.898217 -0
    outer loop
      vertex 472.115 333.896 0
      vertex 472.068 333.919 15
      vertex 472.115 333.896 15
    endloop
  endfacet
  facet normal 0.439553 0.898217 0
    outer loop
      vertex 472.068 333.919 15
      vertex 472.115 333.896 0
      vertex 472.068 333.919 0
    endloop
  endfacet
  facet normal 0.439553 0.898217 -0
    outer loop
      vertex 472.162 333.873 0
      vertex 472.115 333.896 15
      vertex 472.162 333.873 15
    endloop
  endfacet
  facet normal 0.439553 0.898217 0
    outer loop
      vertex 472.115 333.896 15
      vertex 472.162 333.873 0
      vertex 472.115 333.896 0
    endloop
  endfacet
  facet normal 0.462566 0.886585 -0
    outer loop
      vertex 472.208 333.849 0
      vertex 472.162 333.873 15
      vertex 472.208 333.849 15
    endloop
  endfacet
  facet normal 0.462566 0.886585 0
    outer loop
      vertex 472.162 333.873 15
      vertex 472.208 333.849 0
      vertex 472.162 333.873 0
    endloop
  endfacet
  facet normal 0.477513 0.878625 -0
    outer loop
      vertex 472.254 333.824 0
      vertex 472.208 333.849 15
      vertex 472.254 333.824 15
    endloop
  endfacet
  facet normal 0.477513 0.878625 0
    outer loop
      vertex 472.208 333.849 15
      vertex 472.254 333.824 0
      vertex 472.208 333.849 0
    endloop
  endfacet
  facet normal 0.492057 0.870563 -0
    outer loop
      vertex 472.3 333.798 0
      vertex 472.254 333.824 15
      vertex 472.3 333.798 15
    endloop
  endfacet
  facet normal 0.492057 0.870563 0
    outer loop
      vertex 472.254 333.824 15
      vertex 472.3 333.798 0
      vertex 472.254 333.824 0
    endloop
  endfacet
  facet normal 0.514496 0.857493 -0
    outer loop
      vertex 472.345 333.771 0
      vertex 472.3 333.798 15
      vertex 472.345 333.771 15
    endloop
  endfacet
  facet normal 0.514496 0.857493 0
    outer loop
      vertex 472.3 333.798 15
      vertex 472.345 333.771 0
      vertex 472.3 333.798 0
    endloop
  endfacet
  facet normal 0.514496 0.857493 -0
    outer loop
      vertex 472.39 333.744 0
      vertex 472.345 333.771 15
      vertex 472.39 333.744 15
    endloop
  endfacet
  facet normal 0.514496 0.857493 0
    outer loop
      vertex 472.345 333.771 15
      vertex 472.39 333.744 0
      vertex 472.345 333.771 0
    endloop
  endfacet
  facet normal 0.536875 0.843661 -0
    outer loop
      vertex 472.434 333.716 0
      vertex 472.39 333.744 15
      vertex 472.434 333.716 15
    endloop
  endfacet
  facet normal 0.536875 0.843661 0
    outer loop
      vertex 472.39 333.744 15
      vertex 472.434 333.716 0
      vertex 472.39 333.744 0
    endloop
  endfacet
  facet normal 0.550313 0.834958 -0
    outer loop
      vertex 472.478 333.687 0
      vertex 472.434 333.716 15
      vertex 472.478 333.687 15
    endloop
  endfacet
  facet normal 0.550313 0.834958 0
    outer loop
      vertex 472.434 333.716 15
      vertex 472.478 333.687 0
      vertex 472.434 333.716 0
    endloop
  endfacet
  facet normal 0.572182 0.820127 -0
    outer loop
      vertex 472.521 333.657 0
      vertex 472.478 333.687 15
      vertex 472.521 333.657 15
    endloop
  endfacet
  facet normal 0.572182 0.820127 0
    outer loop
      vertex 472.478 333.687 15
      vertex 472.521 333.657 0
      vertex 472.478 333.687 0
    endloop
  endfacet
  facet normal 0.581238 0.813733 -0
    outer loop
      vertex 472.563 333.627 0
      vertex 472.521 333.657 15
      vertex 472.563 333.627 15
    endloop
  endfacet
  facet normal 0.581238 0.813733 0
    outer loop
      vertex 472.521 333.657 15
      vertex 472.563 333.627 0
      vertex 472.521 333.657 0
    endloop
  endfacet
  facet normal 0.593852 0.804574 -0
    outer loop
      vertex 472.605 333.596 0
      vertex 472.563 333.627 15
      vertex 472.605 333.596 15
    endloop
  endfacet
  facet normal 0.593852 0.804574 0
    outer loop
      vertex 472.563 333.627 15
      vertex 472.605 333.596 0
      vertex 472.563 333.627 0
    endloop
  endfacet
  facet normal 0.606043 0.795432 -0
    outer loop
      vertex 472.647 333.564 0
      vertex 472.605 333.596 15
      vertex 472.647 333.564 15
    endloop
  endfacet
  facet normal 0.606043 0.795432 0
    outer loop
      vertex 472.605 333.596 15
      vertex 472.647 333.564 0
      vertex 472.605 333.596 0
    endloop
  endfacet
  facet normal 0.627009 0.779012 -0
    outer loop
      vertex 472.688 333.531 0
      vertex 472.647 333.564 15
      vertex 472.688 333.531 15
    endloop
  endfacet
  facet normal 0.627009 0.779012 0
    outer loop
      vertex 472.647 333.564 15
      vertex 472.688 333.531 0
      vertex 472.647 333.564 0
    endloop
  endfacet
  facet normal 0.636383 0.771373 -0
    outer loop
      vertex 472.728 333.498 0
      vertex 472.688 333.531 15
      vertex 472.728 333.498 15
    endloop
  endfacet
  facet normal 0.636383 0.771373 0
    outer loop
      vertex 472.688 333.531 15
      vertex 472.728 333.498 0
      vertex 472.688 333.531 0
    endloop
  endfacet
  facet normal 0.647648 0.761939 -0
    outer loop
      vertex 472.768 333.464 0
      vertex 472.728 333.498 15
      vertex 472.768 333.464 15
    endloop
  endfacet
  facet normal 0.647648 0.761939 0
    outer loop
      vertex 472.728 333.498 15
      vertex 472.768 333.464 0
      vertex 472.728 333.498 0
    endloop
  endfacet
  facet normal 0.66791 0.744242 -0
    outer loop
      vertex 472.807 333.429 0
      vertex 472.768 333.464 15
      vertex 472.807 333.429 15
    endloop
  endfacet
  facet normal 0.66791 0.744242 0
    outer loop
      vertex 472.768 333.464 15
      vertex 472.807 333.429 0
      vertex 472.768 333.464 0
    endloop
  endfacet
  facet normal 0.66791 0.744242 -0
    outer loop
      vertex 472.846 333.394 0
      vertex 472.807 333.429 15
      vertex 472.846 333.394 15
    endloop
  endfacet
  facet normal 0.66791 0.744242 0
    outer loop
      vertex 472.807 333.429 15
      vertex 472.846 333.394 0
      vertex 472.807 333.429 0
    endloop
  endfacet
  facet normal 0.687745 0.725953 -0
    outer loop
      vertex 472.884 333.358 0
      vertex 472.846 333.394 15
      vertex 472.884 333.358 15
    endloop
  endfacet
  facet normal 0.687745 0.725953 0
    outer loop
      vertex 472.846 333.394 15
      vertex 472.884 333.358 0
      vertex 472.846 333.394 0
    endloop
  endfacet
  facet normal 0.707107 0.707107 -0
    outer loop
      vertex 472.921 333.321 0
      vertex 472.884 333.358 15
      vertex 472.921 333.321 15
    endloop
  endfacet
  facet normal 0.707107 0.707107 0
    outer loop
      vertex 472.884 333.358 15
      vertex 472.921 333.321 0
      vertex 472.884 333.358 0
    endloop
  endfacet
  facet normal 0.707107 0.707107 0
    outer loop
      vertex 472.958 333.284 15
      vertex 472.921 333.321 0
      vertex 472.921 333.321 15
    endloop
  endfacet
  facet normal 0.707107 0.707107 0
    outer loop
      vertex 472.921 333.321 0
      vertex 472.958 333.284 15
      vertex 472.958 333.284 0
    endloop
  endfacet
  facet normal 0.725953 0.687745 0
    outer loop
      vertex 472.994 333.246 15
      vertex 472.958 333.284 0
      vertex 472.958 333.284 15
    endloop
  endfacet
  facet normal 0.725953 0.687745 0
    outer loop
      vertex 472.958 333.284 0
      vertex 472.994 333.246 15
      vertex 472.994 333.246 0
    endloop
  endfacet
  facet normal 0.744242 0.66791 0
    outer loop
      vertex 473.029 333.207 15
      vertex 472.994 333.246 0
      vertex 472.994 333.246 15
    endloop
  endfacet
  facet normal 0.744242 0.66791 0
    outer loop
      vertex 472.994 333.246 0
      vertex 473.029 333.207 15
      vertex 473.029 333.207 0
    endloop
  endfacet
  facet normal 0.744242 0.66791 0
    outer loop
      vertex 473.064 333.168 15
      vertex 473.029 333.207 0
      vertex 473.029 333.207 15
    endloop
  endfacet
  facet normal 0.744242 0.66791 0
    outer loop
      vertex 473.029 333.207 0
      vertex 473.064 333.168 15
      vertex 473.064 333.168 0
    endloop
  endfacet
  facet normal 0.761939 0.647648 0
    outer loop
      vertex 473.098 333.128 15
      vertex 473.064 333.168 0
      vertex 473.064 333.168 15
    endloop
  endfacet
  facet normal 0.761939 0.647648 0
    outer loop
      vertex 473.064 333.168 0
      vertex 473.098 333.128 15
      vertex 473.098 333.128 0
    endloop
  endfacet
  facet normal 0.771373 0.636383 0
    outer loop
      vertex 473.131 333.088 15
      vertex 473.098 333.128 0
      vertex 473.098 333.128 15
    endloop
  endfacet
  facet normal 0.771373 0.636383 0
    outer loop
      vertex 473.098 333.128 0
      vertex 473.131 333.088 15
      vertex 473.131 333.088 0
    endloop
  endfacet
  facet normal 0.779012 0.627009 0
    outer loop
      vertex 473.164 333.047 15
      vertex 473.131 333.088 0
      vertex 473.131 333.088 15
    endloop
  endfacet
  facet normal 0.779012 0.627009 0
    outer loop
      vertex 473.131 333.088 0
      vertex 473.164 333.047 15
      vertex 473.164 333.047 0
    endloop
  endfacet
  facet normal 0.795432 0.606043 0
    outer loop
      vertex 473.196 333.005 15
      vertex 473.164 333.047 0
      vertex 473.164 333.047 15
    endloop
  endfacet
  facet normal 0.795432 0.606043 0
    outer loop
      vertex 473.164 333.047 0
      vertex 473.196 333.005 15
      vertex 473.196 333.005 0
    endloop
  endfacet
  facet normal 0.804574 0.593852 0
    outer loop
      vertex 473.227 332.963 15
      vertex 473.196 333.005 0
      vertex 473.196 333.005 15
    endloop
  endfacet
  facet normal 0.804574 0.593852 0
    outer loop
      vertex 473.196 333.005 0
      vertex 473.227 332.963 15
      vertex 473.227 332.963 0
    endloop
  endfacet
  facet normal 0.813733 0.581238 0
    outer loop
      vertex 473.257 332.921 15
      vertex 473.227 332.963 0
      vertex 473.227 332.963 15
    endloop
  endfacet
  facet normal 0.813733 0.581238 0
    outer loop
      vertex 473.227 332.963 0
      vertex 473.257 332.921 15
      vertex 473.257 332.921 0
    endloop
  endfacet
  facet normal 0.820127 0.572182 0
    outer loop
      vertex 473.287 332.878 15
      vertex 473.257 332.921 0
      vertex 473.257 332.921 15
    endloop
  endfacet
  facet normal 0.820127 0.572182 0
    outer loop
      vertex 473.257 332.921 0
      vertex 473.287 332.878 15
      vertex 473.287 332.878 0
    endloop
  endfacet
  facet normal 0.834958 0.550313 0
    outer loop
      vertex 473.316 332.834 15
      vertex 473.287 332.878 0
      vertex 473.287 332.878 15
    endloop
  endfacet
  facet normal 0.834958 0.550313 0
    outer loop
      vertex 473.287 332.878 0
      vertex 473.316 332.834 15
      vertex 473.316 332.834 0
    endloop
  endfacet
  facet normal 0.843661 0.536875 0
    outer loop
      vertex 473.344 332.79 15
      vertex 473.316 332.834 0
      vertex 473.316 332.834 15
    endloop
  endfacet
  facet normal 0.843661 0.536875 0
    outer loop
      vertex 473.316 332.834 0
      vertex 473.344 332.79 15
      vertex 473.344 332.79 0
    endloop
  endfacet
  facet normal 0.857493 0.514496 0
    outer loop
      vertex 473.371 332.745 15
      vertex 473.344 332.79 0
      vertex 473.344 332.79 15
    endloop
  endfacet
  facet normal 0.857493 0.514496 0
    outer loop
      vertex 473.344 332.79 0
      vertex 473.371 332.745 15
      vertex 473.371 332.745 0
    endloop
  endfacet
  facet normal 0.857493 0.514496 0
    outer loop
      vertex 473.398 332.7 15
      vertex 473.371 332.745 0
      vertex 473.371 332.745 15
    endloop
  endfacet
  facet normal 0.857493 0.514496 0
    outer loop
      vertex 473.371 332.745 0
      vertex 473.398 332.7 15
      vertex 473.398 332.7 0
    endloop
  endfacet
  facet normal 0.870563 0.492057 0
    outer loop
      vertex 473.424 332.654 15
      vertex 473.398 332.7 0
      vertex 473.398 332.7 15
    endloop
  endfacet
  facet normal 0.870563 0.492057 0
    outer loop
      vertex 473.398 332.7 0
      vertex 473.424 332.654 15
      vertex 473.424 332.654 0
    endloop
  endfacet
  facet normal 0.878625 0.477513 0
    outer loop
      vertex 473.449 332.608 15
      vertex 473.424 332.654 0
      vertex 473.424 332.654 15
    endloop
  endfacet
  facet normal 0.878625 0.477513 0
    outer loop
      vertex 473.424 332.654 0
      vertex 473.449 332.608 15
      vertex 473.449 332.608 0
    endloop
  endfacet
  facet normal 0.886585 0.462566 0
    outer loop
      vertex 473.473 332.562 15
      vertex 473.449 332.608 0
      vertex 473.449 332.608 15
    endloop
  endfacet
  facet normal 0.886585 0.462566 0
    outer loop
      vertex 473.449 332.608 0
      vertex 473.473 332.562 15
      vertex 473.473 332.562 0
    endloop
  endfacet
  facet normal 0.898217 0.439553 0
    outer loop
      vertex 473.496 332.515 15
      vertex 473.473 332.562 0
      vertex 473.473 332.562 15
    endloop
  endfacet
  facet normal 0.898217 0.439553 0
    outer loop
      vertex 473.473 332.562 0
      vertex 473.496 332.515 15
      vertex 473.496 332.515 0
    endloop
  endfacet
  facet normal 0.898217 0.439553 0
    outer loop
      vertex 473.519 332.468 15
      vertex 473.496 332.515 0
      vertex 473.496 332.515 15
    endloop
  endfacet
  facet normal 0.898217 0.439553 0
    outer loop
      vertex 473.496 332.515 0
      vertex 473.519 332.468 15
      vertex 473.519 332.468 0
    endloop
  endfacet
  facet normal 0.909065 0.416655 0
    outer loop
      vertex 473.541 332.42 15
      vertex 473.519 332.468 0
      vertex 473.519 332.468 15
    endloop
  endfacet
  facet normal 0.909065 0.416655 0
    outer loop
      vertex 473.519 332.468 0
      vertex 473.541 332.42 15
      vertex 473.541 332.42 0
    endloop
  endfacet
  facet normal 0.923077 0.384615 0
    outer loop
      vertex 473.561 332.372 15
      vertex 473.541 332.42 0
      vertex 473.541 332.42 15
    endloop
  endfacet
  facet normal 0.923077 0.384615 0
    outer loop
      vertex 473.541 332.42 0
      vertex 473.561 332.372 15
      vertex 473.561 332.372 0
    endloop
  endfacet
  facet normal 0.916157 0.400819 0
    outer loop
      vertex 473.582 332.324 15
      vertex 473.561 332.372 0
      vertex 473.561 332.372 15
    endloop
  endfacet
  facet normal 0.916157 0.400819 0
    outer loop
      vertex 473.561 332.372 0
      vertex 473.582 332.324 15
      vertex 473.582 332.324 0
    endloop
  endfacet
  facet normal 0.932361 0.361528 0
    outer loop
      vertex 473.601 332.275 15
      vertex 473.582 332.324 0
      vertex 473.582 332.324 15
    endloop
  endfacet
  facet normal 0.932361 0.361528 0
    outer loop
      vertex 473.582 332.324 0
      vertex 473.601 332.275 15
      vertex 473.601 332.275 0
    endloop
  endfacet
  facet normal 0.93867 0.344817 0
    outer loop
      vertex 473.619 332.226 15
      vertex 473.601 332.275 0
      vertex 473.601 332.275 15
    endloop
  endfacet
  facet normal 0.93867 0.344817 0
    outer loop
      vertex 473.601 332.275 0
      vertex 473.619 332.226 15
      vertex 473.619 332.226 0
    endloop
  endfacet
  facet normal 0.93867 0.344817 0
    outer loop
      vertex 473.637 332.177 15
      vertex 473.619 332.226 0
      vertex 473.619 332.226 15
    endloop
  endfacet
  facet normal 0.93867 0.344817 0
    outer loop
      vertex 473.619 332.226 0
      vertex 473.637 332.177 15
      vertex 473.637 332.177 0
    endloop
  endfacet
  facet normal 0.952424 0.304776 0
    outer loop
      vertex 473.653 332.127 15
      vertex 473.637 332.177 0
      vertex 473.637 332.177 15
    endloop
  endfacet
  facet normal 0.952424 0.304776 0
    outer loop
      vertex 473.637 332.177 0
      vertex 473.653 332.127 15
      vertex 473.653 332.127 0
    endloop
  endfacet
  facet normal 0.952424 0.304776 0
    outer loop
      vertex 473.669 332.077 15
      vertex 473.653 332.127 0
      vertex 473.653 332.127 15
    endloop
  endfacet
  facet normal 0.952424 0.304776 0
    outer loop
      vertex 473.653 332.127 0
      vertex 473.669 332.077 15
      vertex 473.669 332.077 0
    endloop
  endfacet
  facet normal 0.957826 0.287348 0
    outer loop
      vertex 473.684 332.027 15
      vertex 473.669 332.077 0
      vertex 473.669 332.077 15
    endloop
  endfacet
  facet normal 0.957826 0.287348 0
    outer loop
      vertex 473.669 332.077 0
      vertex 473.684 332.027 15
      vertex 473.684 332.027 0
    endloop
  endfacet
  facet normal 0.964326 0.264717 0
    outer loop
      vertex 473.698 331.976 15
      vertex 473.684 332.027 0
      vertex 473.684 332.027 15
    endloop
  endfacet
  facet normal 0.964326 0.264717 0
    outer loop
      vertex 473.684 332.027 0
      vertex 473.698 331.976 15
      vertex 473.698 331.976 0
    endloop
  endfacet
  facet normal 0.967823 0.251634 0
    outer loop
      vertex 473.711 331.926 15
      vertex 473.698 331.976 0
      vertex 473.698 331.976 15
    endloop
  endfacet
  facet normal 0.967823 0.251634 0
    outer loop
      vertex 473.698 331.976 0
      vertex 473.711 331.926 15
      vertex 473.711 331.926 0
    endloop
  endfacet
  facet normal 0.973417 0.229039 0
    outer loop
      vertex 473.723 331.875 15
      vertex 473.711 331.926 0
      vertex 473.711 331.926 15
    endloop
  endfacet
  facet normal 0.973417 0.229039 0
    outer loop
      vertex 473.711 331.926 0
      vertex 473.723 331.875 15
      vertex 473.723 331.875 0
    endloop
  endfacet
  facet normal 0.977521 0.210838 0
    outer loop
      vertex 473.734 331.824 15
      vertex 473.723 331.875 0
      vertex 473.723 331.875 15
    endloop
  endfacet
  facet normal 0.977521 0.210838 0
    outer loop
      vertex 473.723 331.875 0
      vertex 473.734 331.824 15
      vertex 473.734 331.824 0
    endloop
  endfacet
  facet normal 0.97835 0.206959 0
    outer loop
      vertex 473.745 331.772 15
      vertex 473.734 331.824 0
      vertex 473.734 331.824 15
    endloop
  endfacet
  facet normal 0.97835 0.206959 0
    outer loop
      vertex 473.734 331.824 0
      vertex 473.745 331.772 15
      vertex 473.745 331.772 0
    endloop
  endfacet
  facet normal 0.984784 0.173785 0
    outer loop
      vertex 473.754 331.721 15
      vertex 473.745 331.772 0
      vertex 473.745 331.772 15
    endloop
  endfacet
  facet normal 0.984784 0.173785 0
    outer loop
      vertex 473.745 331.772 0
      vertex 473.754 331.721 15
      vertex 473.754 331.721 0
    endloop
  endfacet
  facet normal 0.985351 0.170541 0
    outer loop
      vertex 473.763 331.669 15
      vertex 473.754 331.721 0
      vertex 473.754 331.721 15
    endloop
  endfacet
  facet normal 0.985351 0.170541 0
    outer loop
      vertex 473.754 331.721 0
      vertex 473.763 331.669 15
      vertex 473.763 331.669 0
    endloop
  endfacet
  facet normal 0.98792 0.154968 0
    outer loop
      vertex 473.771 331.618 15
      vertex 473.763 331.669 0
      vertex 473.763 331.669 15
    endloop
  endfacet
  facet normal 0.98792 0.154968 0
    outer loop
      vertex 473.763 331.669 0
      vertex 473.771 331.618 15
      vertex 473.771 331.618 0
    endloop
  endfacet
  facet normal 0.991061 0.133412 0
    outer loop
      vertex 473.778 331.566 15
      vertex 473.771 331.618 0
      vertex 473.771 331.618 15
    endloop
  endfacet
  facet normal 0.991061 0.133412 0
    outer loop
      vertex 473.771 331.618 0
      vertex 473.778 331.566 15
      vertex 473.778 331.566 0
    endloop
  endfacet
  facet normal 0.993409 0.114624 0
    outer loop
      vertex 473.784 331.514 15
      vertex 473.778 331.566 0
      vertex 473.778 331.566 15
    endloop
  endfacet
  facet normal 0.993409 0.114624 0
    outer loop
      vertex 473.778 331.566 0
      vertex 473.784 331.514 15
      vertex 473.784 331.514 0
    endloop
  endfacet
  facet normal 0.99558 0.0939226 0
    outer loop
      vertex 473.789 331.461 15
      vertex 473.784 331.514 0
      vertex 473.784 331.514 15
    endloop
  endfacet
  facet normal 0.99558 0.0939226 0
    outer loop
      vertex 473.784 331.514 0
      vertex 473.789 331.461 15
      vertex 473.789 331.461 0
    endloop
  endfacet
  facet normal 0.997054 0.0766965 0
    outer loop
      vertex 473.793 331.409 15
      vertex 473.789 331.461 0
      vertex 473.789 331.461 15
    endloop
  endfacet
  facet normal 0.997054 0.0766965 0
    outer loop
      vertex 473.789 331.461 0
      vertex 473.793 331.409 15
      vertex 473.793 331.409 0
    endloop
  endfacet
  facet normal 0.99834 0.0575965 0
    outer loop
      vertex 473.796 331.357 15
      vertex 473.793 331.409 0
      vertex 473.793 331.409 15
    endloop
  endfacet
  facet normal 0.99834 0.0575965 0
    outer loop
      vertex 473.793 331.409 0
      vertex 473.796 331.357 15
      vertex 473.796 331.357 0
    endloop
  endfacet
  facet normal 0.999261 0.0384331 0
    outer loop
      vertex 473.798 331.305 15
      vertex 473.796 331.357 0
      vertex 473.796 331.357 15
    endloop
  endfacet
  facet normal 0.999261 0.0384331 0
    outer loop
      vertex 473.796 331.357 0
      vertex 473.798 331.305 15
      vertex 473.798 331.305 0
    endloop
  endfacet
  facet normal 0.999289 0.037709 0
    outer loop
      vertex 473.8 331.252 15
      vertex 473.798 331.305 0
      vertex 473.798 331.305 15
    endloop
  endfacet
  facet normal 0.999289 0.037709 0
    outer loop
      vertex 473.798 331.305 0
      vertex 473.8 331.252 15
      vertex 473.8 331.252 0
    endloop
  endfacet
  facet normal 1 -0 0
    outer loop
      vertex 473.8 331.2 15
      vertex 473.8 331.252 0
      vertex 473.8 331.252 15
    endloop
  endfacet
  facet normal 1 0 0
    outer loop
      vertex 473.8 331.252 0
      vertex 473.8 331.2 15
      vertex 473.8 331.2 0
    endloop
  endfacet
  facet normal -0 0 1
    outer loop
      vertex 318.543 334.2 15
      vertex 470.8 331.2 15
      vertex 470.8 334.2 15
    endloop
  endfacet
  facet normal 0 0 1
    outer loop
      vertex 318.543 334.2 15
      vertex 318.543 331.2 15
      vertex 470.8 331.2 15
    endloop
  endfacet
  facet normal -0 0 1
    outer loop
      vertex 314.533 334.2 15
      vertex 318.543 331.2 15
      vertex 318.543 334.2 15
    endloop
  endfacet
  facet normal 0 0 1
    outer loop
      vertex 314.533 326.2 15
      vertex 318.543 331.2 15
      vertex 314.533 334.2 15
    endloop
  endfacet
  facet normal 0 0 1
    outer loop
      vertex 318.543 331.2 15
      vertex 314.533 326.2 15
      vertex 318.543 326.2 15
    endloop
  endfacet
  facet normal 0 0 1
    outer loop
      vertex 470.8 331.2 15
      vertex 473.8 331.2 15
      vertex 473.8 331.252 15
    endloop
  endfacet
  facet normal 0 0 1
    outer loop
      vertex 470.8 331.2 15
      vertex 473.8 331.252 15
      vertex 473.798 331.305 15
    endloop
  endfacet
  facet normal 0 0 1
    outer loop
      vertex 470.8 331.2 15
      vertex 473.798 331.305 15
      vertex 473.796 331.357 15
    endloop
  endfacet
  facet normal 0 0 1
    outer loop
      vertex 470.8 331.2 15
      vertex 473.796 331.357 15
      vertex 473.793 331.409 15
    endloop
  endfacet
  facet normal 0 0 1
    outer loop
      vertex 470.8 331.2 15
      vertex 473.793 331.409 15
      vertex 473.789 331.461 15
    endloop
  endfacet
  facet normal 0 0 1
    outer loop
      vertex 470.8 331.2 15
      vertex 473.789 331.461 15
      vertex 473.784 331.514 15
    endloop
  endfacet
  facet normal 0 0 1
    outer loop
      vertex 470.8 331.2 15
      vertex 473.784 331.514 15
      vertex 473.778 331.566 15
    endloop
  endfacet
  facet normal 0 0 1
    outer loop
      vertex 470.8 331.2 15
      vertex 473.778 331.566 15
      vertex 473.771 331.618 15
    endloop
  endfacet
  facet normal 0 0 1
    outer loop
      vertex 470.8 331.2 15
      vertex 473.771 331.618 15
      vertex 473.763 331.669 15
    endloop
  endfacet
  facet normal 0 0 1
    outer loop
      vertex 470.8 331.2 15
      vertex 473.763 331.669 15
      vertex 473.754 331.721 15
    endloop
  endfacet
  facet normal 0 0 1
    outer loop
      vertex 470.8 331.2 15
      vertex 473.754 331.721 15
      vertex 473.745 331.772 15
    endloop
  endfacet
  facet normal 0 0 1
    outer loop
      vertex 470.8 331.2 15
      vertex 473.745 331.772 15
      vertex 473.734 331.824 15
    endloop
  endfacet
  facet normal 0 0 1
    outer loop
      vertex 470.8 331.2 15
      vertex 473.734 331.824 15
      vertex 473.723 331.875 15
    endloop
  endfacet
  facet normal 0 0 1
    outer loop
      vertex 470.8 331.2 15
      vertex 473.723 331.875 15
      vertex 473.711 331.926 15
    endloop
  endfacet
  facet normal 0 0 1
    outer loop
      vertex 470.8 331.2 15
      vertex 473.711 331.926 15
      vertex 473.698 331.976 15
    endloop
  endfacet
  facet normal 0 0 1
    outer loop
      vertex 470.8 331.2 15
      vertex 473.698 331.976 15
      vertex 473.684 332.027 15
    endloop
  endfacet
  facet normal 0 0 1
    outer loop
      vertex 470.8 331.2 15
      vertex 473.684 332.027 15
      vertex 473.669 332.077 15
    endloop
  endfacet
  facet normal 0 0 1
    outer loop
      vertex 470.8 331.2 15
      vertex 473.669 332.077 15
      vertex 473.653 332.127 15
    endloop
  endfacet
  facet normal 0 0 1
    outer loop
      vertex 470.8 331.2 15
      vertex 473.653 332.127 15
      vertex 473.637 332.177 15
    endloop
  endfacet
  facet normal 0 0 1
    outer loop
      vertex 470.8 331.2 15
      vertex 473.637 332.177 15
      vertex 473.619 332.226 15
    endloop
  endfacet
  facet normal 0 0 1
    outer loop
      vertex 470.8 331.2 15
      vertex 473.619 332.226 15
      vertex 473.601 332.275 15
    endloop
  endfacet
  facet normal 0 0 1
    outer loop
      vertex 470.8 331.2 15
      vertex 473.601 332.275 15
      vertex 473.582 332.324 15
    endloop
  endfacet
  facet normal 0 0 1
    outer loop
      vertex 470.8 331.2 15
      vertex 473.582 332.324 15
      vertex 473.561 332.372 15
    endloop
  endfacet
  facet normal 0 0 1
    outer loop
      vertex 470.8 331.2 15
      vertex 473.561 332.372 15
      vertex 473.541 332.42 15
    endloop
  endfacet
  facet normal 0 0 1
    outer loop
      vertex 470.8 331.2 15
      vertex 473.541 332.42 15
      vertex 473.519 332.468 15
    endloop
  endfacet
  facet normal 0 0 1
    outer loop
      vertex 470.8 331.2 15
      vertex 473.519 332.468 15
      vertex 473.496 332.515 15
    endloop
  endfacet
  facet normal 0 0 1
    outer loop
      vertex 470.8 331.2 15
      vertex 473.496 332.515 15
      vertex 473.473 332.562 15
    endloop
  endfacet
  facet normal 0 0 1
    outer loop
      vertex 470.8 331.2 15
      vertex 473.473 332.562 15
      vertex 473.449 332.608 15
    endloop
  endfacet
  facet normal 0 0 1
    outer loop
      vertex 470.8 331.2 15
      vertex 473.449 332.608 15
      vertex 473.424 332.654 15
    endloop
  endfacet
  facet normal 0 0 1
    outer loop
      vertex 470.8 331.2 15
      vertex 473.424 332.654 15
      vertex 473.398 332.7 15
    endloop
  endfacet
  facet normal 0 0 1
    outer loop
      vertex 470.8 331.2 15
      vertex 473.398 332.7 15
      vertex 473.371 332.745 15
    endloop
  endfacet
  facet normal 0 0 1
    outer loop
      vertex 470.8 331.2 15
      vertex 473.371 332.745 15
      vertex 473.344 332.79 15
    endloop
  endfacet
  facet normal 0 0 1
    outer loop
      vertex 470.8 331.2 15
      vertex 473.344 332.79 15
      vertex 473.316 332.834 15
    endloop
  endfacet
  facet normal 0 0 1
    outer loop
      vertex 470.8 331.2 15
      vertex 473.316 332.834 15
      vertex 473.287 332.878 15
    endloop
  endfacet
  facet normal 0 0 1
    outer loop
      vertex 470.8 331.2 15
      vertex 473.287 332.878 15
      vertex 473.257 332.921 15
    endloop
  endfacet
  facet normal 0 0 1
    outer loop
      vertex 470.8 331.2 15
      vertex 473.257 332.921 15
      vertex 473.227 332.963 15
    endloop
  endfacet
  facet normal 0 0 1
    outer loop
      vertex 470.8 331.2 15
      vertex 473.227 332.963 15
      vertex 473.196 333.005 15
    endloop
  endfacet
  facet normal 0 0 1
    outer loop
      vertex 470.8 331.2 15
      vertex 473.196 333.005 15
      vertex 473.164 333.047 15
    endloop
  endfacet
  facet normal 0 0 1
    outer loop
      vertex 470.8 331.2 15
      vertex 473.164 333.047 15
      vertex 473.131 333.088 15
    endloop
  endfacet
  facet normal 0 0 1
    outer loop
      vertex 470.8 331.2 15
      vertex 473.131 333.088 15
      vertex 473.098 333.128 15
    endloop
  endfacet
  facet normal 0 0 1
    outer loop
      vertex 470.8 331.2 15
      vertex 473.098 333.128 15
      vertex 473.064 333.168 15
    endloop
  endfacet
  facet normal 0 0 1
    outer loop
      vertex 470.8 331.2 15
      vertex 473.064 333.168 15
      vertex 473.029 333.207 15
    endloop
  endfacet
  facet normal 0 0 1
    outer loop
      vertex 470.8 331.2 15
      vertex 473.029 333.207 15
      vertex 472.994 333.246 15
    endloop
  endfacet
  facet normal 0 0 1
    outer loop
      vertex 470.8 331.2 15
      vertex 472.994 333.246 15
      vertex 472.958 333.284 15
    endloop
  endfacet
  facet normal 0 0 1
    outer loop
      vertex 470.8 331.2 15
      vertex 472.958 333.284 15
      vertex 472.921 333.321 15
    endloop
  endfacet
  facet normal 0 0 1
    outer loop
      vertex 470.8 331.2 15
      vertex 472.921 333.321 15
      vertex 472.884 333.358 15
    endloop
  endfacet
  facet normal 0 0 1
    outer loop
      vertex 470.8 331.2 15
      vertex 472.884 333.358 15
      vertex 472.846 333.394 15
    endloop
  endfacet
  facet normal 0 0 1
    outer loop
      vertex 470.8 331.2 15
      vertex 472.846 333.394 15
      vertex 472.807 333.429 15
    endloop
  endfacet
  facet normal 0 0 1
    outer loop
      vertex 470.8 331.2 15
      vertex 472.807 333.429 15
      vertex 472.768 333.464 15
    endloop
  endfacet
  facet normal 0 0 1
    outer loop
      vertex 470.8 331.2 15
      vertex 472.768 333.464 15
      vertex 472.728 333.498 15
    endloop
  endfacet
  facet normal 0 0 1
    outer loop
      vertex 470.8 331.2 15
      vertex 472.728 333.498 15
      vertex 472.688 333.531 15
    endloop
  endfacet
  facet normal 0 0 1
    outer loop
      vertex 470.8 331.2 15
      vertex 472.688 333.531 15
      vertex 472.647 333.564 15
    endloop
  endfacet
  facet normal 0 0 1
    outer loop
      vertex 470.8 331.2 15
      vertex 472.647 333.564 15
      vertex 472.605 333.596 15
    endloop
  endfacet
  facet normal 0 0 1
    outer loop
      vertex 470.8 331.2 15
      vertex 472.605 333.596 15
      vertex 472.563 333.627 15
    endloop
  endfacet
  facet normal 0 0 1
    outer loop
      vertex 470.8 331.2 15
      vertex 472.563 333.627 15
      vertex 472.521 333.657 15
    endloop
  endfacet
  facet normal 0 0 1
    outer loop
      vertex 470.8 331.2 15
      vertex 472.521 333.657 15
      vertex 472.478 333.687 15
    endloop
  endfacet
  facet normal 0 0 1
    outer loop
      vertex 470.8 331.2 15
      vertex 472.478 333.687 15
      vertex 472.434 333.716 15
    endloop
  endfacet
  facet normal 0 0 1
    outer loop
      vertex 470.8 331.2 15
      vertex 472.434 333.716 15
      vertex 472.39 333.744 15
    endloop
  endfacet
  facet normal 0 0 1
    outer loop
      vertex 470.8 331.2 15
      vertex 472.39 333.744 15
      vertex 472.345 333.771 15
    endloop
  endfacet
  facet normal 0 0 1
    outer loop
      vertex 470.8 331.2 15
      vertex 472.345 333.771 15
      vertex 472.3 333.798 15
    endloop
  endfacet
  facet normal 0 0 1
    outer loop
      vertex 470.8 331.2 15
      vertex 472.3 333.798 15
      vertex 472.254 333.824 15
    endloop
  endfacet
  facet normal 0 0 1
    outer loop
      vertex 470.8 331.2 15
      vertex 472.254 333.824 15
      vertex 472.208 333.849 15
    endloop
  endfacet
  facet normal 0 0 1
    outer loop
      vertex 470.8 331.2 15
      vertex 472.208 333.849 15
      vertex 472.162 333.873 15
    endloop
  endfacet
  facet normal 0 0 1
    outer loop
      vertex 470.8 331.2 15
      vertex 472.162 333.873 15
      vertex 472.115 333.896 15
    endloop
  endfacet
  facet normal 0 0 1
    outer loop
      vertex 470.8 331.2 15
      vertex 472.115 333.896 15
      vertex 472.068 333.919 15
    endloop
  endfacet
  facet normal 0 0 1
    outer loop
      vertex 470.8 331.2 15
      vertex 472.068 333.919 15
      vertex 472.02 333.941 15
    endloop
  endfacet
  facet normal 0 0 1
    outer loop
      vertex 470.8 331.2 15
      vertex 472.02 333.941 15
      vertex 471.972 333.962 15
    endloop
  endfacet
  facet normal 0 0 1
    outer loop
      vertex 470.8 331.2 15
      vertex 471.972 333.962 15
      vertex 471.924 333.982 15
    endloop
  endfacet
  facet normal 0 0 1
    outer loop
      vertex 470.8 331.2 15
      vertex 471.924 333.982 15
      vertex 471.875 334.001 15
    endloop
  endfacet
  facet normal 0 0 1
    outer loop
      vertex 470.8 331.2 15
      vertex 471.875 334.001 15
      vertex 471.826 334.019 15
    endloop
  endfacet
  facet normal 0 0 1
    outer loop
      vertex 470.8 331.2 15
      vertex 471.826 334.019 15
      vertex 471.777 334.037 15
    endloop
  endfacet
  facet normal 0 0 1
    outer loop
      vertex 470.8 331.2 15
      vertex 471.777 334.037 15
      vertex 471.727 334.053 15
    endloop
  endfacet
  facet normal 0 0 1
    outer loop
      vertex 470.8 331.2 15
      vertex 471.727 334.053 15
      vertex 471.677 334.069 15
    endloop
  endfacet
  facet normal 0 0 1
    outer loop
      vertex 470.8 331.2 15
      vertex 471.677 334.069 15
      vertex 471.627 334.084 15
    endloop
  endfacet
  facet normal 0 0 1
    outer loop
      vertex 470.8 331.2 15
      vertex 471.627 334.084 15
      vertex 471.576 334.098 15
    endloop
  endfacet
  facet normal 0 0 1
    outer loop
      vertex 470.8 331.2 15
      vertex 471.576 334.098 15
      vertex 471.526 334.111 15
    endloop
  endfacet
  facet normal 0 0 1
    outer loop
      vertex 470.8 331.2 15
      vertex 471.526 334.111 15
      vertex 471.475 334.123 15
    endloop
  endfacet
  facet normal 0 0 1
    outer loop
      vertex 470.8 331.2 15
      vertex 471.475 334.123 15
      vertex 471.424 334.134 15
    endloop
  endfacet
  facet normal 0 0 1
    outer loop
      vertex 470.8 331.2 15
      vertex 471.424 334.134 15
      vertex 471.372 334.145 15
    endloop
  endfacet
  facet normal 0 0 1
    outer loop
      vertex 470.8 331.2 15
      vertex 471.372 334.145 15
      vertex 471.321 334.154 15
    endloop
  endfacet
  facet normal 0 0 1
    outer loop
      vertex 470.8 331.2 15
      vertex 471.321 334.154 15
      vertex 471.269 334.163 15
    endloop
  endfacet
  facet normal 0 0 1
    outer loop
      vertex 470.8 331.2 15
      vertex 471.269 334.163 15
      vertex 471.217 334.171 15
    endloop
  endfacet
  facet normal 0 0 1
    outer loop
      vertex 470.8 331.2 15
      vertex 471.217 334.171 15
      vertex 471.166 334.178 15
    endloop
  endfacet
  facet normal 0 0 1
    outer loop
      vertex 470.8 331.2 15
      vertex 471.166 334.178 15
      vertex 471.114 334.184 15
    endloop
  endfacet
  facet normal 0 0 1
    outer loop
      vertex 470.8 331.2 15
      vertex 471.114 334.184 15
      vertex 471.061 334.189 15
    endloop
  endfacet
  facet normal 0 0 1
    outer loop
      vertex 470.8 331.2 15
      vertex 471.061 334.189 15
      vertex 471.009 334.193 15
    endloop
  endfacet
  facet normal 0 0 1
    outer loop
      vertex 470.8 331.2 15
      vertex 471.009 334.193 15
      vertex 470.957 334.196 15
    endloop
  endfacet
  facet normal 0 0 1
    outer loop
      vertex 470.8 331.2 15
      vertex 470.957 334.196 15
      vertex 470.905 334.198 15
    endloop
  endfacet
  facet normal 0 0 1
    outer loop
      vertex 470.8 331.2 15
      vertex 470.905 334.198 15
      vertex 470.852 334.2 15
    endloop
  endfacet
  facet normal 0 0 1
    outer loop
      vertex 470.8 331.2 15
      vertex 470.852 334.2 15
      vertex 470.8 334.2 15
    endloop
  endfacet
  facet normal 0 0 1
    outer loop
      vertex 473.8 331.2 15
      vertex 470.8 331.2 15
      vertex 470.8 157.11 15
    endloop
  endfacet
  facet normal 0 0 1
    outer loop
      vertex 473.8 331.2 15
      vertex 470.8 157.11 15
      vertex 473.8 153.1 15
    endloop
  endfacet
  facet normal 0 0 1
    outer loop
      vertex 465.8 153.1 15
      vertex 470.8 157.11 15
      vertex 465.8 157.11 15
    endloop
  endfacet
  facet normal 0 0 1
    outer loop
      vertex 470.8 157.11 15
      vertex 465.8 153.1 15
      vertex 473.8 153.1 15
    endloop
  endfacet
  facet normal 1 -0 0
    outer loop
      vertex 473.8 153.1 15
      vertex 473.8 331.2 0
      vertex 473.8 331.2 15
    endloop
  endfacet
  facet normal 1 0 0
    outer loop
      vertex 473.8 331.2 0
      vertex 473.8 153.1 15
      vertex 473.8 153.1 0
    endloop
  endfacet
  facet normal 0 1 0
    outer loop
      vertex 470.8 334.2 15
      vertex 318.543 334.2 3.01
      vertex 318.543 334.2 15
    endloop
  endfacet
  facet normal 0 1 -0
    outer loop
      vertex 470.8 334.2 0
      vertex 318.543 334.2 3.01
      vertex 470.8 334.2 15
    endloop
  endfacet
  facet normal 0 1 0
    outer loop
      vertex 314.533 334.2 0
      vertex 318.543 334.2 3.01
      vertex 470.8 334.2 0
    endloop
  endfacet
  facet normal 0 1 0
    outer loop
      vertex 318.543 334.2 3.01
      vertex 314.533 334.2 0
      vertex 314.533 334.2 3.01
    endloop
  endfacet
  facet normal 0 0 -1
    outer loop
      vertex 334.152 190.689 0
      vertex 425.248 190.689 0
      vertex 334.198 190.61 0
    endloop
  endfacet
  facet normal 0 0 -1
    outer loop
      vertex 425.55 315.976 0
      vertex 334.347 316.909 0
      vertex 334.35 317 0
    endloop
  endfacet
  facet normal 0 0 -1
    outer loop
      vertex 425.248 190.689 0
      vertex 334.152 190.689 0
      vertex 425.298 190.764 0
    endloop
  endfacet
  facet normal 0 0 -1
    outer loop
      vertex 425.55 315.976 0
      vertex 334.337 316.819 0
      vertex 334.347 316.909 0
    endloop
  endfacet
  facet normal 0 0 -1
    outer loop
      vertex 334.102 190.764 0
      vertex 425.298 190.764 0
      vertex 334.152 190.689 0
    endloop
  endfacet
  facet normal 0 0 -1
    outer loop
      vertex 425.55 315.976 0
      vertex 334.322 316.73 0
      vertex 334.337 316.819 0
    endloop
  endfacet
  facet normal 0 0 -1
    outer loop
      vertex 425.298 190.764 0
      vertex 334.102 190.764 0
      vertex 425.354 190.836 0
    endloop
  endfacet
  facet normal 0 0 -1
    outer loop
      vertex 425.55 315.976 0
      vertex 334.3 316.642 0
      vertex 334.322 316.73 0
    endloop
  endfacet
  facet normal 0 0 -1
    outer loop
      vertex 334.046 190.836 0
      vertex 425.354 190.836 0
      vertex 334.102 190.764 0
    endloop
  endfacet
  facet normal 0 0 -1
    outer loop
      vertex 425.55 315.976 0
      vertex 334.272 316.555 0
      vertex 334.3 316.642 0
    endloop
  endfacet
  facet normal 0 0 -1
    outer loop
      vertex 425.354 190.836 0
      vertex 334.046 190.836 0
      vertex 425.415 190.903 0
    endloop
  endfacet
  facet normal 0 0 -1
    outer loop
      vertex 425.55 315.976 0
      vertex 334.238 316.471 0
      vertex 334.272 316.555 0
    endloop
  endfacet
  facet normal 0 0 -1
    outer loop
      vertex 333.985 190.903 0
      vertex 425.415 190.903 0
      vertex 334.046 190.836 0
    endloop
  endfacet
  facet normal 0 0 -1
    outer loop
      vertex 425.55 315.976 0
      vertex 334.198 316.39 0
      vertex 334.238 316.471 0
    endloop
  endfacet
  facet normal 0 0 -1
    outer loop
      vertex 425.415 190.903 0
      vertex 333.985 190.903 0
      vertex 425.48 190.966 0
    endloop
  endfacet
  facet normal 0 0 -1
    outer loop
      vertex 425.55 315.976 0
      vertex 334.152 316.311 0
      vertex 334.198 316.39 0
    endloop
  endfacet
  facet normal 0 0 -1
    outer loop
      vertex 333.92 190.966 0
      vertex 425.48 190.966 0
      vertex 333.985 190.903 0
    endloop
  endfacet
  facet normal 0 0 -1
    outer loop
      vertex 425.55 315.976 0
      vertex 334.102 316.236 0
      vertex 334.152 316.311 0
    endloop
  endfacet
  facet normal 0 0 -1
    outer loop
      vertex 425.48 190.966 0
      vertex 333.92 190.966 0
      vertex 425.55 191.024 0
    endloop
  endfacet
  facet normal 0 0 -1
    outer loop
      vertex 425.55 315.976 0
      vertex 334.046 316.164 0
      vertex 334.102 316.236 0
    endloop
  endfacet
  facet normal 0 0 -1
    outer loop
      vertex 333.85 191.024 0
      vertex 425.55 191.024 0
      vertex 333.92 190.966 0
    endloop
  endfacet
  facet normal 0 0 -1
    outer loop
      vertex 425.55 315.976 0
      vertex 333.985 316.097 0
      vertex 334.046 316.164 0
    endloop
  endfacet
  facet normal 0 0 -1
    outer loop
      vertex 425.55 191.024 0
      vertex 333.85 191.024 0
      vertex 425.55 315.976 0
    endloop
  endfacet
  facet normal 0 0 -1
    outer loop
      vertex 425.55 315.976 0
      vertex 333.92 316.034 0
      vertex 333.985 316.097 0
    endloop
  endfacet
  facet normal 0 0 -1
    outer loop
      vertex 333.85 315.976 0
      vertex 425.55 315.976 0
      vertex 333.85 191.024 0
    endloop
  endfacet
  facet normal 0 0 -1
    outer loop
      vertex 425.55 315.976 0
      vertex 333.85 315.976 0
      vertex 333.92 316.034 0
    endloop
  endfacet
  facet normal 0 0 -1
    outer loop
      vertex 333.777 191.078 0
      vertex 333.85 315.976 0
      vertex 333.85 191.024 0
    endloop
  endfacet
  facet normal 0 0 -1
    outer loop
      vertex 333.777 191.078 0
      vertex 333.777 315.922 0
      vertex 333.85 315.976 0
    endloop
  endfacet
  facet normal 0 0 -1
    outer loop
      vertex 333.7 191.126 0
      vertex 333.777 315.922 0
      vertex 333.777 191.078 0
    endloop
  endfacet
  facet normal 0 0 -1
    outer loop
      vertex 333.7 191.126 0
      vertex 333.7 315.874 0
      vertex 333.777 315.922 0
    endloop
  endfacet
  facet normal 0 0 -1
    outer loop
      vertex 333.62 191.168 0
      vertex 333.7 315.874 0
      vertex 333.7 191.126 0
    endloop
  endfacet
  facet normal 0 0 -1
    outer loop
      vertex 333.62 191.168 0
      vertex 333.62 315.832 0
      vertex 333.7 315.874 0
    endloop
  endfacet
  facet normal 0 0 -1
    outer loop
      vertex 333.537 191.205 0
      vertex 333.62 315.832 0
      vertex 333.62 191.168 0
    endloop
  endfacet
  facet normal 0 0 -1
    outer loop
      vertex 333.537 191.205 0
      vertex 333.537 315.795 0
      vertex 333.62 315.832 0
    endloop
  endfacet
  facet normal 0 0 -1
    outer loop
      vertex 333.452 191.236 0
      vertex 333.537 315.795 0
      vertex 333.537 191.205 0
    endloop
  endfacet
  facet normal 0 0 -1
    outer loop
      vertex 333.452 191.236 0
      vertex 333.452 315.764 0
      vertex 333.537 315.795 0
    endloop
  endfacet
  facet normal 0 0 -1
    outer loop
      vertex 333.365 191.261 0
      vertex 333.452 315.764 0
      vertex 333.452 191.236 0
    endloop
  endfacet
  facet normal 0 0 -1
    outer loop
      vertex 333.365 191.261 0
      vertex 333.365 315.739 0
      vertex 333.452 315.764 0
    endloop
  endfacet
  facet normal 0 0 -1
    outer loop
      vertex 333.276 191.28 0
      vertex 333.365 315.739 0
      vertex 333.365 191.261 0
    endloop
  endfacet
  facet normal 0 0 -1
    outer loop
      vertex 333.276 191.28 0
      vertex 333.276 315.72 0
      vertex 333.365 315.739 0
    endloop
  endfacet
  facet normal 0 0 -1
    outer loop
      vertex 333.186 191.293 0
      vertex 333.276 315.72 0
      vertex 333.276 191.28 0
    endloop
  endfacet
  facet normal 0 0 -1
    outer loop
      vertex 333.186 191.293 0
      vertex 333.186 315.707 0
      vertex 333.276 315.72 0
    endloop
  endfacet
  facet normal 0 0 -1
    outer loop
      vertex 333.095 191.299 0
      vertex 333.186 315.707 0
      vertex 333.186 191.293 0
    endloop
  endfacet
  facet normal 0 0 -1
    outer loop
      vertex 333.095 191.299 0
      vertex 333.095 315.701 0
      vertex 333.186 315.707 0
    endloop
  endfacet
  facet normal 0 0 -1
    outer loop
      vertex 333.005 191.299 0
      vertex 333.095 315.701 0
      vertex 333.095 191.299 0
    endloop
  endfacet
  facet normal 0 0 -1
    outer loop
      vertex 333.005 191.299 0
      vertex 333.005 315.701 0
      vertex 333.095 315.701 0
    endloop
  endfacet
  facet normal 0 0 -1
    outer loop
      vertex 332.914 191.293 0
      vertex 333.005 315.701 0
      vertex 333.005 191.299 0
    endloop
  endfacet
  facet normal 0 0 -1
    outer loop
      vertex 332.914 191.293 0
      vertex 332.914 315.707 0
      vertex 333.005 315.701 0
    endloop
  endfacet
  facet normal 0 0 -1
    outer loop
      vertex 332.824 191.28 0
      vertex 332.914 315.707 0
      vertex 332.914 191.293 0
    endloop
  endfacet
  facet normal 0 0 -1
    outer loop
      vertex 332.824 191.28 0
      vertex 332.824 315.72 0
      vertex 332.914 315.707 0
    endloop
  endfacet
  facet normal 0 0 -1
    outer loop
      vertex 332.736 191.261 0
      vertex 332.824 315.72 0
      vertex 332.824 191.28 0
    endloop
  endfacet
  facet normal 0 0 -1
    outer loop
      vertex 332.736 191.261 0
      vertex 332.736 315.739 0
      vertex 332.824 315.72 0
    endloop
  endfacet
  facet normal 0 0 -1
    outer loop
      vertex 332.648 191.236 0
      vertex 332.736 315.739 0
      vertex 332.736 191.261 0
    endloop
  endfacet
  facet normal 0 0 -1
    outer loop
      vertex 332.648 191.236 0
      vertex 332.648 315.764 0
      vertex 332.736 315.739 0
    endloop
  endfacet
  facet normal 0 0 -1
    outer loop
      vertex 332.563 191.205 0
      vertex 332.648 315.764 0
      vertex 332.648 191.236 0
    endloop
  endfacet
  facet normal 0 0 -1
    outer loop
      vertex 332.563 191.205 0
      vertex 332.563 315.795 0
      vertex 332.648 315.764 0
    endloop
  endfacet
  facet normal 0 0 -1
    outer loop
      vertex 332.48 191.168 0
      vertex 332.563 315.795 0
      vertex 332.563 191.205 0
    endloop
  endfacet
  facet normal 0 0 -1
    outer loop
      vertex 332.48 191.168 0
      vertex 332.48 315.832 0
      vertex 332.563 315.795 0
    endloop
  endfacet
  facet normal 0 0 -1
    outer loop
      vertex 332.4 191.126 0
      vertex 332.48 315.832 0
      vertex 332.48 191.168 0
    endloop
  endfacet
  facet normal 0 0 -1
    outer loop
      vertex 332.4 191.126 0
      vertex 332.4 315.874 0
      vertex 332.48 315.832 0
    endloop
  endfacet
  facet normal 0 0 -1
    outer loop
      vertex 332.323 191.078 0
      vertex 332.4 315.874 0
      vertex 332.4 191.126 0
    endloop
  endfacet
  facet normal 0 0 -1
    outer loop
      vertex 332.323 191.078 0
      vertex 332.323 315.922 0
      vertex 332.4 315.874 0
    endloop
  endfacet
  facet normal 0 0 -1
    outer loop
      vertex 332.25 191.024 0
      vertex 332.323 315.922 0
      vertex 332.323 191.078 0
    endloop
  endfacet
  facet normal 0 0 -1
    outer loop
      vertex 332.25 191.024 0
      vertex 332.25 315.976 0
      vertex 332.323 315.922 0
    endloop
  endfacet
  facet normal 0 0 -1
    outer loop
      vertex 332.18 190.966 0
      vertex 332.25 315.976 0
      vertex 332.25 191.024 0
    endloop
  endfacet
  facet normal 0 0 -1
    outer loop
      vertex 332.18 190.966 0
      vertex 332.18 316.034 0
      vertex 332.25 315.976 0
    endloop
  endfacet
  facet normal 0 0 -1
    outer loop
      vertex 332.115 190.903 0
      vertex 332.18 316.034 0
      vertex 332.18 190.966 0
    endloop
  endfacet
  facet normal 0 0 -1
    outer loop
      vertex 332.115 190.903 0
      vertex 332.115 316.097 0
      vertex 332.18 316.034 0
    endloop
  endfacet
  facet normal 0 0 -1
    outer loop
      vertex 332.054 190.836 0
      vertex 332.115 316.097 0
      vertex 332.115 190.903 0
    endloop
  endfacet
  facet normal 0 0 -1
    outer loop
      vertex 332.054 190.836 0
      vertex 332.054 316.164 0
      vertex 332.115 316.097 0
    endloop
  endfacet
  facet normal 0 0 -1
    outer loop
      vertex 331.998 190.764 0
      vertex 332.054 316.164 0
      vertex 332.054 190.836 0
    endloop
  endfacet
  facet normal 0 0 -1
    outer loop
      vertex 331.998 190.764 0
      vertex 331.998 316.236 0
      vertex 332.054 316.164 0
    endloop
  endfacet
  facet normal 0 0 -1
    outer loop
      vertex 314.533 334.2 0
      vertex 331.998 190.764 0
      vertex 331.948 190.689 0
    endloop
  endfacet
  facet normal 0 0 -1
    outer loop
      vertex 331.998 190.764 0
      vertex 314.533 334.2 0
      vertex 331.998 316.236 0
    endloop
  endfacet
  facet normal 0 0 -1
    outer loop
      vertex 314.533 334.2 0
      vertex 331.948 190.689 0
      vertex 331.902 190.61 0
    endloop
  endfacet
  facet normal 0 0 -1
    outer loop
      vertex 331.998 316.236 0
      vertex 314.533 334.2 0
      vertex 331.948 316.311 0
    endloop
  endfacet
  facet normal 0 0 -1
    outer loop
      vertex 314.533 334.2 0
      vertex 331.902 190.61 0
      vertex 331.862 190.529 0
    endloop
  endfacet
  facet normal 0 0 -1
    outer loop
      vertex 331.948 316.311 0
      vertex 314.533 334.2 0
      vertex 331.902 316.39 0
    endloop
  endfacet
  facet normal 0 0 -1
    outer loop
      vertex 314.533 334.2 0
      vertex 331.862 190.529 0
      vertex 331.828 190.445 0
    endloop
  endfacet
  facet normal 0 0 -1
    outer loop
      vertex 331.902 316.39 0
      vertex 314.533 334.2 0
      vertex 331.862 316.471 0
    endloop
  endfacet
  facet normal 0 0 -1
    outer loop
      vertex 314.533 334.2 0
      vertex 331.828 190.445 0
      vertex 331.8 190.358 0
    endloop
  endfacet
  facet normal 0 0 -1
    outer loop
      vertex 331.862 316.471 0
      vertex 314.533 334.2 0
      vertex 331.828 316.555 0
    endloop
  endfacet
  facet normal 0 0 -1
    outer loop
      vertex 314.533 153.1 0
      vertex 331.8 190.358 0
      vertex 331.778 190.27 0
    endloop
  endfacet
  facet normal 0 0 -1
    outer loop
      vertex 331.828 316.555 0
      vertex 314.533 334.2 0
      vertex 331.8 316.642 0
    endloop
  endfacet
  facet normal 0 0 -1
    outer loop
      vertex 314.533 153.1 0
      vertex 331.778 190.27 0
      vertex 331.763 190.181 0
    endloop
  endfacet
  facet normal 0 0 -1
    outer loop
      vertex 331.8 316.642 0
      vertex 314.533 334.2 0
      vertex 331.778 316.73 0
    endloop
  endfacet
  facet normal 0 0 -1
    outer loop
      vertex 314.533 153.1 0
      vertex 331.763 190.181 0
      vertex 331.753 190.091 0
    endloop
  endfacet
  facet normal 0 0 -1
    outer loop
      vertex 331.778 316.73 0
      vertex 314.533 334.2 0
      vertex 331.763 316.819 0
    endloop
  endfacet
  facet normal 0 0 -1
    outer loop
      vertex 314.533 153.1 0
      vertex 331.753 190.091 0
      vertex 331.75 190 0
    endloop
  endfacet
  facet normal 0 0 -1
    outer loop
      vertex 331.763 316.819 0
      vertex 314.533 334.2 0
      vertex 331.753 316.909 0
    endloop
  endfacet
  facet normal 0 0 -1
    outer loop
      vertex 427.622 190.27 0
      vertex 473.8 153.1 0
      vertex 427.637 190.181 0
    endloop
  endfacet
  facet normal 0 0 -1
    outer loop
      vertex 473.8 331.2 0
      vertex 427.647 316.909 0
      vertex 427.65 317 0
    endloop
  endfacet
  facet normal 0 0 -1
    outer loop
      vertex 427.6 190.358 0
      vertex 473.8 153.1 0
      vertex 427.622 190.27 0
    endloop
  endfacet
  facet normal 0 0 -1
    outer loop
      vertex 473.8 331.2 0
      vertex 427.637 316.819 0
      vertex 427.647 316.909 0
    endloop
  endfacet
  facet normal 0 0 -1
    outer loop
      vertex 427.572 190.445 0
      vertex 473.8 153.1 0
      vertex 427.6 190.358 0
    endloop
  endfacet
  facet normal 0 0 -1
    outer loop
      vertex 473.8 331.2 0
      vertex 427.622 316.73 0
      vertex 427.637 316.819 0
    endloop
  endfacet
  facet normal 0 0 -1
    outer loop
      vertex 427.538 190.529 0
      vertex 473.8 153.1 0
      vertex 427.572 190.445 0
    endloop
  endfacet
  facet normal 0 0 -1
    outer loop
      vertex 473.8 331.2 0
      vertex 427.6 316.642 0
      vertex 427.622 316.73 0
    endloop
  endfacet
  facet normal 0 0 -1
    outer loop
      vertex 427.498 190.61 0
      vertex 473.8 153.1 0
      vertex 427.538 190.529 0
    endloop
  endfacet
  facet normal 0 0 -1
    outer loop
      vertex 473.8 331.2 0
      vertex 427.572 316.555 0
      vertex 427.6 316.642 0
    endloop
  endfacet
  facet normal 0 0 -1
    outer loop
      vertex 427.452 190.689 0
      vertex 473.8 153.1 0
      vertex 427.498 190.61 0
    endloop
  endfacet
  facet normal 0 0 -1
    outer loop
      vertex 473.8 331.2 0
      vertex 427.538 316.471 0
      vertex 427.572 316.555 0
    endloop
  endfacet
  facet normal 0 0 -1
    outer loop
      vertex 473.8 153.1 0
      vertex 427.452 190.689 0
      vertex 473.8 331.2 0
    endloop
  endfacet
  facet normal 0 0 -1
    outer loop
      vertex 473.8 331.2 0
      vertex 427.498 316.39 0
      vertex 427.538 316.471 0
    endloop
  endfacet
  facet normal 0 0 -1
    outer loop
      vertex 427.402 190.764 0
      vertex 473.8 331.2 0
      vertex 427.452 190.689 0
    endloop
  endfacet
  facet normal 0 0 -1
    outer loop
      vertex 473.8 331.2 0
      vertex 427.452 316.311 0
      vertex 427.498 316.39 0
    endloop
  endfacet
  facet normal 0 0 -1
    outer loop
      vertex 427.346 190.836 0
      vertex 473.8 331.2 0
      vertex 427.402 190.764 0
    endloop
  endfacet
  facet normal 0 0 -1
    outer loop
      vertex 473.8 331.2 0
      vertex 427.402 316.236 0
      vertex 427.452 316.311 0
    endloop
  endfacet
  facet normal 0 0 -1
    outer loop
      vertex 427.285 190.903 0
      vertex 473.8 331.2 0
      vertex 427.346 190.836 0
    endloop
  endfacet
  facet normal 0 0 -1
    outer loop
      vertex 473.8 331.2 0
      vertex 427.346 316.164 0
      vertex 427.402 316.236 0
    endloop
  endfacet
  facet normal 0 0 -1
    outer loop
      vertex 427.22 190.966 0
      vertex 473.8 331.2 0
      vertex 427.285 190.903 0
    endloop
  endfacet
  facet normal 0 0 -1
    outer loop
      vertex 473.8 331.2 0
      vertex 427.285 316.097 0
      vertex 427.346 316.164 0
    endloop
  endfacet
  facet normal 0 0 -1
    outer loop
      vertex 427.15 191.024 0
      vertex 473.8 331.2 0
      vertex 427.22 190.966 0
    endloop
  endfacet
  facet normal 0 0 -1
    outer loop
      vertex 473.8 331.2 0
      vertex 427.22 316.034 0
      vertex 427.285 316.097 0
    endloop
  endfacet
  facet normal 0 0 -1
    outer loop
      vertex 427.15 315.976 0
      vertex 473.8 331.2 0
      vertex 427.15 191.024 0
    endloop
  endfacet
  facet normal 0 0 -1
    outer loop
      vertex 473.8 331.2 0
      vertex 427.15 315.976 0
      vertex 427.22 316.034 0
    endloop
  endfacet
  facet normal 0 0 -1
    outer loop
      vertex 427.077 191.078 0
      vertex 427.15 315.976 0
      vertex 427.15 191.024 0
    endloop
  endfacet
  facet normal 0 0 -1
    outer loop
      vertex 427.077 191.078 0
      vertex 427.077 315.922 0
      vertex 427.15 315.976 0
    endloop
  endfacet
  facet normal 0 0 -1
    outer loop
      vertex 427 191.126 0
      vertex 427.077 315.922 0
      vertex 427.077 191.078 0
    endloop
  endfacet
  facet normal 0 0 -1
    outer loop
      vertex 427 191.126 0
      vertex 427 315.874 0
      vertex 427.077 315.922 0
    endloop
  endfacet
  facet normal 0 0 -1
    outer loop
      vertex 426.92 191.168 0
      vertex 427 315.874 0
      vertex 427 191.126 0
    endloop
  endfacet
  facet normal 0 0 -1
    outer loop
      vertex 426.92 191.168 0
      vertex 426.92 315.832 0
      vertex 427 315.874 0
    endloop
  endfacet
  facet normal 0 0 -1
    outer loop
      vertex 426.837 191.205 0
      vertex 426.92 315.832 0
      vertex 426.92 191.168 0
    endloop
  endfacet
  facet normal 0 0 -1
    outer loop
      vertex 426.837 191.205 0
      vertex 426.837 315.795 0
      vertex 426.92 315.832 0
    endloop
  endfacet
  facet normal 0 0 -1
    outer loop
      vertex 426.752 191.236 0
      vertex 426.837 315.795 0
      vertex 426.837 191.205 0
    endloop
  endfacet
  facet normal 0 0 -1
    outer loop
      vertex 426.752 191.236 0
      vertex 426.752 315.764 0
      vertex 426.837 315.795 0
    endloop
  endfacet
  facet normal 0 0 -1
    outer loop
      vertex 426.664 191.261 0
      vertex 426.752 315.764 0
      vertex 426.752 191.236 0
    endloop
  endfacet
  facet normal 0 0 -1
    outer loop
      vertex 426.664 191.261 0
      vertex 426.664 315.739 0
      vertex 426.752 315.764 0
    endloop
  endfacet
  facet normal 0 0 -1
    outer loop
      vertex 426.576 191.28 0
      vertex 426.664 315.739 0
      vertex 426.664 191.261 0
    endloop
  endfacet
  facet normal 0 0 -1
    outer loop
      vertex 426.576 191.28 0
      vertex 426.576 315.72 0
      vertex 426.664 315.739 0
    endloop
  endfacet
  facet normal 0 0 -1
    outer loop
      vertex 426.486 191.293 0
      vertex 426.576 315.72 0
      vertex 426.576 191.28 0
    endloop
  endfacet
  facet normal 0 0 -1
    outer loop
      vertex 426.486 191.293 0
      vertex 426.486 315.707 0
      vertex 426.576 315.72 0
    endloop
  endfacet
  facet normal 0 0 -1
    outer loop
      vertex 426.395 191.299 0
      vertex 426.486 315.707 0
      vertex 426.486 191.293 0
    endloop
  endfacet
  facet normal 0 0 -1
    outer loop
      vertex 426.395 191.299 0
      vertex 426.395 315.701 0
      vertex 426.486 315.707 0
    endloop
  endfacet
  facet normal 0 0 -1
    outer loop
      vertex 426.305 191.299 0
      vertex 426.395 315.701 0
      vertex 426.395 191.299 0
    endloop
  endfacet
  facet normal 0 0 -1
    outer loop
      vertex 426.305 191.299 0
      vertex 426.305 315.701 0
      vertex 426.395 315.701 0
    endloop
  endfacet
  facet normal 0 0 -1
    outer loop
      vertex 426.214 191.293 0
      vertex 426.305 315.701 0
      vertex 426.305 191.299 0
    endloop
  endfacet
  facet normal 0 0 -1
    outer loop
      vertex 426.214 191.293 0
      vertex 426.214 315.707 0
      vertex 426.305 315.701 0
    endloop
  endfacet
  facet normal 0 0 -1
    outer loop
      vertex 426.124 191.28 0
      vertex 426.214 315.707 0
      vertex 426.214 191.293 0
    endloop
  endfacet
  facet normal 0 0 -1
    outer loop
      vertex 426.124 191.28 0
      vertex 426.124 315.72 0
      vertex 426.214 315.707 0
    endloop
  endfacet
  facet normal 0 0 -1
    outer loop
      vertex 426.035 191.261 0
      vertex 426.124 315.72 0
      vertex 426.124 191.28 0
    endloop
  endfacet
  facet normal 0 0 -1
    outer loop
      vertex 426.035 191.261 0
      vertex 426.035 315.739 0
      vertex 426.124 315.72 0
    endloop
  endfacet
  facet normal 0 0 -1
    outer loop
      vertex 425.948 191.236 0
      vertex 426.035 315.739 0
      vertex 426.035 191.261 0
    endloop
  endfacet
  facet normal 0 0 -1
    outer loop
      vertex 425.948 191.236 0
      vertex 425.948 315.764 0
      vertex 426.035 315.739 0
    endloop
  endfacet
  facet normal 0 0 -1
    outer loop
      vertex 425.863 191.205 0
      vertex 425.948 315.764 0
      vertex 425.948 191.236 0
    endloop
  endfacet
  facet normal 0 0 -1
    outer loop
      vertex 425.863 191.205 0
      vertex 425.863 315.795 0
      vertex 425.948 315.764 0
    endloop
  endfacet
  facet normal 0 0 -1
    outer loop
      vertex 425.78 191.168 0
      vertex 425.863 315.795 0
      vertex 425.863 191.205 0
    endloop
  endfacet
  facet normal 0 0 -1
    outer loop
      vertex 425.78 191.168 0
      vertex 425.78 315.832 0
      vertex 425.863 315.795 0
    endloop
  endfacet
  facet normal 0 0 -1
    outer loop
      vertex 425.7 191.126 0
      vertex 425.78 315.832 0
      vertex 425.78 191.168 0
    endloop
  endfacet
  facet normal 0 0 -1
    outer loop
      vertex 425.7 191.126 0
      vertex 425.7 315.874 0
      vertex 425.78 315.832 0
    endloop
  endfacet
  facet normal 0 0 -1
    outer loop
      vertex 425.623 191.078 0
      vertex 425.7 315.874 0
      vertex 425.7 191.126 0
    endloop
  endfacet
  facet normal 0 0 -1
    outer loop
      vertex 425.623 191.078 0
      vertex 425.623 315.922 0
      vertex 425.7 315.874 0
    endloop
  endfacet
  facet normal 0 0 -1
    outer loop
      vertex 425.55 191.024 0
      vertex 425.623 315.922 0
      vertex 425.623 191.078 0
    endloop
  endfacet
  facet normal 0 0 -1
    outer loop
      vertex 425.55 191.024 0
      vertex 425.55 315.976 0
      vertex 425.623 315.922 0
    endloop
  endfacet
  facet normal 0 0 -1
    outer loop
      vertex 425.162 190.529 0
      vertex 334.238 190.529 0
      vertex 425.202 190.61 0
    endloop
  endfacet
  facet normal 0 0 -1
    outer loop
      vertex 334.198 190.61 0
      vertex 425.202 190.61 0
      vertex 334.238 190.529 0
    endloop
  endfacet
  facet normal 0 0 -1
    outer loop
      vertex 334.238 190.529 0
      vertex 425.162 190.529 0
      vertex 334.272 190.445 0
    endloop
  endfacet
  facet normal 0 0 -1
    outer loop
      vertex 425.202 190.61 0
      vertex 334.198 190.61 0
      vertex 425.248 190.689 0
    endloop
  endfacet
  facet normal 0 0 -1
    outer loop
      vertex 425.128 190.445 0
      vertex 334.272 190.445 0
      vertex 425.162 190.529 0
    endloop
  endfacet
  facet normal 0 0 -1
    outer loop
      vertex 425.55 315.976 0
      vertex 334.35 317 0
      vertex 425.48 316.034 0
    endloop
  endfacet
  facet normal 0 0 -1
    outer loop
      vertex 334.272 190.445 0
      vertex 425.128 190.445 0
      vertex 334.3 190.358 0
    endloop
  endfacet
  facet normal 0 0 -1
    outer loop
      vertex 425.48 316.034 0
      vertex 334.35 317 0
      vertex 425.415 316.097 0
    endloop
  endfacet
  facet normal 0 0 -1
    outer loop
      vertex 425.1 190.358 0
      vertex 334.3 190.358 0
      vertex 425.128 190.445 0
    endloop
  endfacet
  facet normal 0 0 -1
    outer loop
      vertex 425.415 316.097 0
      vertex 334.35 317 0
      vertex 425.354 316.164 0
    endloop
  endfacet
  facet normal 0 0 -1
    outer loop
      vertex 334.3 190.358 0
      vertex 425.1 190.358 0
      vertex 334.322 190.27 0
    endloop
  endfacet
  facet normal 0 0 -1
    outer loop
      vertex 425.354 316.164 0
      vertex 334.35 317 0
      vertex 425.298 316.236 0
    endloop
  endfacet
  facet normal 0 0 -1
    outer loop
      vertex 425.078 190.27 0
      vertex 334.322 190.27 0
      vertex 425.1 190.358 0
    endloop
  endfacet
  facet normal 0 0 -1
    outer loop
      vertex 425.298 316.236 0
      vertex 334.35 317 0
      vertex 425.248 316.311 0
    endloop
  endfacet
  facet normal 0 0 -1
    outer loop
      vertex 334.322 190.27 0
      vertex 425.078 190.27 0
      vertex 334.337 190.181 0
    endloop
  endfacet
  facet normal 0 0 -1
    outer loop
      vertex 425.248 316.311 0
      vertex 334.35 317 0
      vertex 425.202 316.39 0
    endloop
  endfacet
  facet normal 0 0 -1
    outer loop
      vertex 425.063 190.181 0
      vertex 334.337 190.181 0
      vertex 425.078 190.27 0
    endloop
  endfacet
  facet normal 0 0 -1
    outer loop
      vertex 425.202 316.39 0
      vertex 334.35 317 0
      vertex 425.162 316.471 0
    endloop
  endfacet
  facet normal 0 0 -1
    outer loop
      vertex 334.337 190.181 0
      vertex 425.063 190.181 0
      vertex 334.347 190.091 0
    endloop
  endfacet
  facet normal 0 0 -1
    outer loop
      vertex 425.162 316.471 0
      vertex 334.35 317 0
      vertex 425.128 316.555 0
    endloop
  endfacet
  facet normal 0 0 -1
    outer loop
      vertex 425.053 190.091 0
      vertex 334.347 190.091 0
      vertex 425.063 190.181 0
    endloop
  endfacet
  facet normal 0 0 -1
    outer loop
      vertex 425.128 316.555 0
      vertex 334.35 317 0
      vertex 425.1 316.642 0
    endloop
  endfacet
  facet normal 0 0 -1
    outer loop
      vertex 334.347 190.091 0
      vertex 425.053 190.091 0
      vertex 334.35 190 0
    endloop
  endfacet
  facet normal 0 0 -1
    outer loop
      vertex 425.1 316.642 0
      vertex 334.35 317 0
      vertex 425.078 316.73 0
    endloop
  endfacet
  facet normal 0 0 -1
    outer loop
      vertex 334.35 190 0
      vertex 425.053 190.091 0
      vertex 425.05 190 0
    endloop
  endfacet
  facet normal 0 0 -1
    outer loop
      vertex 425.078 316.73 0
      vertex 334.35 317 0
      vertex 425.063 316.819 0
    endloop
  endfacet
  facet normal 0 0 -1
    outer loop
      vertex 427.647 190.091 0
      vertex 473.8 153.1 0
      vertex 427.65 190 0
    endloop
  endfacet
  facet normal 0 0 -1
    outer loop
      vertex 427.637 190.181 0
      vertex 473.8 153.1 0
      vertex 427.647 190.091 0
    endloop
  endfacet
  facet normal 0 -0 -1
    outer loop
      vertex 470.8 334.2 0
      vertex 473.8 331.2 0
      vertex 427.65 317 0
    endloop
  endfacet
  facet normal 0 0 -1
    outer loop
      vertex 473.8 331.2 0
      vertex 470.8 334.2 0
      vertex 473.8 331.252 0
    endloop
  endfacet
  facet normal 0 0 -1
    outer loop
      vertex 473.8 331.252 0
      vertex 470.8 334.2 0
      vertex 473.798 331.305 0
    endloop
  endfacet
  facet normal 0 0 -1
    outer loop
      vertex 473.798 331.305 0
      vertex 470.8 334.2 0
      vertex 473.796 331.357 0
    endloop
  endfacet
  facet normal 0 0 -1
    outer loop
      vertex 473.796 331.357 0
      vertex 470.8 334.2 0
      vertex 473.793 331.409 0
    endloop
  endfacet
  facet normal 0 0 -1
    outer loop
      vertex 473.793 331.409 0
      vertex 470.8 334.2 0
      vertex 473.789 331.461 0
    endloop
  endfacet
  facet normal 0 0 -1
    outer loop
      vertex 473.789 331.461 0
      vertex 470.8 334.2 0
      vertex 473.784 331.514 0
    endloop
  endfacet
  facet normal 0 0 -1
    outer loop
      vertex 473.784 331.514 0
      vertex 470.8 334.2 0
      vertex 473.778 331.566 0
    endloop
  endfacet
  facet normal 0 0 -1
    outer loop
      vertex 473.778 331.566 0
      vertex 470.8 334.2 0
      vertex 473.771 331.618 0
    endloop
  endfacet
  facet normal 0 0 -1
    outer loop
      vertex 473.771 331.618 0
      vertex 470.8 334.2 0
      vertex 473.763 331.669 0
    endloop
  endfacet
  facet normal 0 0 -1
    outer loop
      vertex 473.763 331.669 0
      vertex 470.8 334.2 0
      vertex 473.754 331.721 0
    endloop
  endfacet
  facet normal 0 0 -1
    outer loop
      vertex 473.754 331.721 0
      vertex 470.8 334.2 0
      vertex 473.745 331.772 0
    endloop
  endfacet
  facet normal 0 0 -1
    outer loop
      vertex 473.745 331.772 0
      vertex 470.8 334.2 0
      vertex 473.734 331.824 0
    endloop
  endfacet
  facet normal 0 0 -1
    outer loop
      vertex 473.734 331.824 0
      vertex 470.8 334.2 0
      vertex 473.723 331.875 0
    endloop
  endfacet
  facet normal 0 0 -1
    outer loop
      vertex 473.723 331.875 0
      vertex 470.8 334.2 0
      vertex 473.711 331.926 0
    endloop
  endfacet
  facet normal 0 0 -1
    outer loop
      vertex 473.711 331.926 0
      vertex 470.8 334.2 0
      vertex 473.698 331.976 0
    endloop
  endfacet
  facet normal 0 0 -1
    outer loop
      vertex 473.698 331.976 0
      vertex 470.8 334.2 0
      vertex 473.684 332.027 0
    endloop
  endfacet
  facet normal 0 0 -1
    outer loop
      vertex 473.684 332.027 0
      vertex 470.8 334.2 0
      vertex 473.669 332.077 0
    endloop
  endfacet
  facet normal 0 0 -1
    outer loop
      vertex 473.669 332.077 0
      vertex 470.8 334.2 0
      vertex 473.653 332.127 0
    endloop
  endfacet
  facet normal 0 0 -1
    outer loop
      vertex 473.653 332.127 0
      vertex 470.8 334.2 0
      vertex 473.637 332.177 0
    endloop
  endfacet
  facet normal 0 0 -1
    outer loop
      vertex 473.637 332.177 0
      vertex 470.8 334.2 0
      vertex 473.619 332.226 0
    endloop
  endfacet
  facet normal 0 0 -1
    outer loop
      vertex 473.619 332.226 0
      vertex 470.8 334.2 0
      vertex 473.601 332.275 0
    endloop
  endfacet
  facet normal 0 0 -1
    outer loop
      vertex 473.601 332.275 0
      vertex 470.8 334.2 0
      vertex 473.582 332.324 0
    endloop
  endfacet
  facet normal 0 0 -1
    outer loop
      vertex 473.582 332.324 0
      vertex 470.8 334.2 0
      vertex 473.561 332.372 0
    endloop
  endfacet
  facet normal 0 0 -1
    outer loop
      vertex 473.561 332.372 0
      vertex 470.8 334.2 0
      vertex 473.541 332.42 0
    endloop
  endfacet
  facet normal 0 0 -1
    outer loop
      vertex 473.541 332.42 0
      vertex 470.8 334.2 0
      vertex 473.519 332.468 0
    endloop
  endfacet
  facet normal 0 0 -1
    outer loop
      vertex 473.519 332.468 0
      vertex 470.8 334.2 0
      vertex 473.496 332.515 0
    endloop
  endfacet
  facet normal 0 0 -1
    outer loop
      vertex 473.496 332.515 0
      vertex 470.8 334.2 0
      vertex 473.473 332.562 0
    endloop
  endfacet
  facet normal 0 0 -1
    outer loop
      vertex 473.473 332.562 0
      vertex 470.8 334.2 0
      vertex 473.449 332.608 0
    endloop
  endfacet
  facet normal 0 0 -1
    outer loop
      vertex 473.449 332.608 0
      vertex 470.8 334.2 0
      vertex 473.424 332.654 0
    endloop
  endfacet
  facet normal 0 0 -1
    outer loop
      vertex 473.424 332.654 0
      vertex 470.8 334.2 0
      vertex 473.398 332.7 0
    endloop
  endfacet
  facet normal 0 0 -1
    outer loop
      vertex 473.398 332.7 0
      vertex 470.8 334.2 0
      vertex 473.371 332.745 0
    endloop
  endfacet
  facet normal 0 0 -1
    outer loop
      vertex 473.371 332.745 0
      vertex 470.8 334.2 0
      vertex 473.344 332.79 0
    endloop
  endfacet
  facet normal 0 0 -1
    outer loop
      vertex 473.344 332.79 0
      vertex 470.8 334.2 0
      vertex 473.316 332.834 0
    endloop
  endfacet
  facet normal 0 0 -1
    outer loop
      vertex 473.316 332.834 0
      vertex 470.8 334.2 0
      vertex 473.287 332.878 0
    endloop
  endfacet
  facet normal 0 0 -1
    outer loop
      vertex 473.287 332.878 0
      vertex 470.8 334.2 0
      vertex 473.257 332.921 0
    endloop
  endfacet
  facet normal 0 0 -1
    outer loop
      vertex 473.257 332.921 0
      vertex 470.8 334.2 0
      vertex 473.227 332.963 0
    endloop
  endfacet
  facet normal 0 0 -1
    outer loop
      vertex 473.227 332.963 0
      vertex 470.8 334.2 0
      vertex 473.196 333.005 0
    endloop
  endfacet
  facet normal 0 0 -1
    outer loop
      vertex 473.196 333.005 0
      vertex 470.8 334.2 0
      vertex 473.164 333.047 0
    endloop
  endfacet
  facet normal 0 0 -1
    outer loop
      vertex 473.164 333.047 0
      vertex 470.8 334.2 0
      vertex 473.131 333.088 0
    endloop
  endfacet
  facet normal 0 0 -1
    outer loop
      vertex 473.131 333.088 0
      vertex 470.8 334.2 0
      vertex 473.098 333.128 0
    endloop
  endfacet
  facet normal 0 0 -1
    outer loop
      vertex 473.098 333.128 0
      vertex 470.8 334.2 0
      vertex 473.064 333.168 0
    endloop
  endfacet
  facet normal 0 0 -1
    outer loop
      vertex 473.064 333.168 0
      vertex 470.8 334.2 0
      vertex 473.029 333.207 0
    endloop
  endfacet
  facet normal 0 0 -1
    outer loop
      vertex 473.029 333.207 0
      vertex 470.8 334.2 0
      vertex 472.994 333.246 0
    endloop
  endfacet
  facet normal 0 0 -1
    outer loop
      vertex 472.994 333.246 0
      vertex 470.8 334.2 0
      vertex 472.958 333.284 0
    endloop
  endfacet
  facet normal 0 0 -1
    outer loop
      vertex 472.958 333.284 0
      vertex 470.8 334.2 0
      vertex 472.921 333.321 0
    endloop
  endfacet
  facet normal 0 0 -1
    outer loop
      vertex 472.921 333.321 0
      vertex 470.8 334.2 0
      vertex 472.884 333.358 0
    endloop
  endfacet
  facet normal 0 0 -1
    outer loop
      vertex 472.884 333.358 0
      vertex 470.8 334.2 0
      vertex 472.846 333.394 0
    endloop
  endfacet
  facet normal 0 0 -1
    outer loop
      vertex 472.846 333.394 0
      vertex 470.8 334.2 0
      vertex 472.807 333.429 0
    endloop
  endfacet
  facet normal 0 0 -1
    outer loop
      vertex 472.807 333.429 0
      vertex 470.8 334.2 0
      vertex 472.768 333.464 0
    endloop
  endfacet
  facet normal 0 0 -1
    outer loop
      vertex 472.768 333.464 0
      vertex 470.8 334.2 0
      vertex 472.728 333.498 0
    endloop
  endfacet
  facet normal 0 0 -1
    outer loop
      vertex 472.728 333.498 0
      vertex 470.8 334.2 0
      vertex 472.688 333.531 0
    endloop
  endfacet
  facet normal 0 0 -1
    outer loop
      vertex 472.688 333.531 0
      vertex 470.8 334.2 0
      vertex 472.647 333.564 0
    endloop
  endfacet
  facet normal 0 0 -1
    outer loop
      vertex 472.647 333.564 0
      vertex 470.8 334.2 0
      vertex 472.605 333.596 0
    endloop
  endfacet
  facet normal 0 0 -1
    outer loop
      vertex 472.605 333.596 0
      vertex 470.8 334.2 0
      vertex 472.563 333.627 0
    endloop
  endfacet
  facet normal 0 0 -1
    outer loop
      vertex 472.563 333.627 0
      vertex 470.8 334.2 0
      vertex 472.521 333.657 0
    endloop
  endfacet
  facet normal 0 0 -1
    outer loop
      vertex 472.521 333.657 0
      vertex 470.8 334.2 0
      vertex 472.478 333.687 0
    endloop
  endfacet
  facet normal 0 0 -1
    outer loop
      vertex 472.478 333.687 0
      vertex 470.8 334.2 0
      vertex 472.434 333.716 0
    endloop
  endfacet
  facet normal 0 0 -1
    outer loop
      vertex 472.434 333.716 0
      vertex 470.8 334.2 0
      vertex 472.39 333.744 0
    endloop
  endfacet
  facet normal 0 0 -1
    outer loop
      vertex 472.39 333.744 0
      vertex 470.8 334.2 0
      vertex 472.345 333.771 0
    endloop
  endfacet
  facet normal 0 0 -1
    outer loop
      vertex 472.345 333.771 0
      vertex 470.8 334.2 0
      vertex 472.3 333.798 0
    endloop
  endfacet
  facet normal 0 0 -1
    outer loop
      vertex 472.3 333.798 0
      vertex 470.8 334.2 0
      vertex 472.254 333.824 0
    endloop
  endfacet
  facet normal 0 0 -1
    outer loop
      vertex 472.254 333.824 0
      vertex 470.8 334.2 0
      vertex 472.208 333.849 0
    endloop
  endfacet
  facet normal 0 0 -1
    outer loop
      vertex 472.208 333.849 0
      vertex 470.8 334.2 0
      vertex 472.162 333.873 0
    endloop
  endfacet
  facet normal 0 0 -1
    outer loop
      vertex 472.162 333.873 0
      vertex 470.8 334.2 0
      vertex 472.115 333.896 0
    endloop
  endfacet
  facet normal 0 0 -1
    outer loop
      vertex 472.115 333.896 0
      vertex 470.8 334.2 0
      vertex 472.068 333.919 0
    endloop
  endfacet
  facet normal 0 0 -1
    outer loop
      vertex 472.068 333.919 0
      vertex 470.8 334.2 0
      vertex 472.02 333.941 0
    endloop
  endfacet
  facet normal 0 0 -1
    outer loop
      vertex 472.02 333.941 0
      vertex 470.8 334.2 0
      vertex 471.972 333.962 0
    endloop
  endfacet
  facet normal 0 0 -1
    outer loop
      vertex 471.972 333.962 0
      vertex 470.8 334.2 0
      vertex 471.924 333.982 0
    endloop
  endfacet
  facet normal 0 0 -1
    outer loop
      vertex 471.924 333.982 0
      vertex 470.8 334.2 0
      vertex 471.875 334.001 0
    endloop
  endfacet
  facet normal 0 0 -1
    outer loop
      vertex 471.875 334.001 0
      vertex 470.8 334.2 0
      vertex 471.826 334.019 0
    endloop
  endfacet
  facet normal 0 0 -1
    outer loop
      vertex 471.826 334.019 0
      vertex 470.8 334.2 0
      vertex 471.777 334.037 0
    endloop
  endfacet
  facet normal 0 0 -1
    outer loop
      vertex 471.777 334.037 0
      vertex 470.8 334.2 0
      vertex 471.727 334.053 0
    endloop
  endfacet
  facet normal 0 0 -1
    outer loop
      vertex 471.727 334.053 0
      vertex 470.8 334.2 0
      vertex 471.677 334.069 0
    endloop
  endfacet
  facet normal 0 0 -1
    outer loop
      vertex 471.677 334.069 0
      vertex 470.8 334.2 0
      vertex 471.627 334.084 0
    endloop
  endfacet
  facet normal 0 0 -1
    outer loop
      vertex 471.627 334.084 0
      vertex 470.8 334.2 0
      vertex 471.576 334.098 0
    endloop
  endfacet
  facet normal 0 0 -1
    outer loop
      vertex 471.576 334.098 0
      vertex 470.8 334.2 0
      vertex 471.526 334.111 0
    endloop
  endfacet
  facet normal 0 0 -1
    outer loop
      vertex 471.526 334.111 0
      vertex 470.8 334.2 0
      vertex 471.475 334.123 0
    endloop
  endfacet
  facet normal 0 0 -1
    outer loop
      vertex 471.475 334.123 0
      vertex 470.8 334.2 0
      vertex 471.424 334.134 0
    endloop
  endfacet
  facet normal 0 0 -1
    outer loop
      vertex 471.424 334.134 0
      vertex 470.8 334.2 0
      vertex 471.372 334.145 0
    endloop
  endfacet
  facet normal 0 0 -1
    outer loop
      vertex 471.372 334.145 0
      vertex 470.8 334.2 0
      vertex 471.321 334.154 0
    endloop
  endfacet
  facet normal 0 0 -1
    outer loop
      vertex 471.321 334.154 0
      vertex 470.8 334.2 0
      vertex 471.269 334.163 0
    endloop
  endfacet
  facet normal 0 0 -1
    outer loop
      vertex 471.269 334.163 0
      vertex 470.8 334.2 0
      vertex 471.217 334.171 0
    endloop
  endfacet
  facet normal 0 0 -1
    outer loop
      vertex 471.217 334.171 0
      vertex 470.8 334.2 0
      vertex 471.166 334.178 0
    endloop
  endfacet
  facet normal 0 0 -1
    outer loop
      vertex 471.166 334.178 0
      vertex 470.8 334.2 0
      vertex 471.114 334.184 0
    endloop
  endfacet
  facet normal 0 0 -1
    outer loop
      vertex 471.114 334.184 0
      vertex 470.8 334.2 0
      vertex 471.061 334.189 0
    endloop
  endfacet
  facet normal 0 0 -1
    outer loop
      vertex 471.061 334.189 0
      vertex 470.8 334.2 0
      vertex 471.009 334.193 0
    endloop
  endfacet
  facet normal 0 0 -1
    outer loop
      vertex 471.009 334.193 0
      vertex 470.8 334.2 0
      vertex 470.957 334.196 0
    endloop
  endfacet
  facet normal 0 0 -1
    outer loop
      vertex 470.957 334.196 0
      vertex 470.8 334.2 0
      vertex 470.905 334.198 0
    endloop
  endfacet
  facet normal 0 0 -1
    outer loop
      vertex 473.8 153.1 0
      vertex 427.647 189.909 0
      vertex 427.65 190 0
    endloop
  endfacet
  facet normal 0 0 -1
    outer loop
      vertex 473.8 153.1 0
      vertex 427.637 189.819 0
      vertex 427.647 189.909 0
    endloop
  endfacet
  facet normal 0 0 -1
    outer loop
      vertex 473.8 153.1 0
      vertex 427.622 189.73 0
      vertex 427.637 189.819 0
    endloop
  endfacet
  facet normal 0 0 -1
    outer loop
      vertex 473.8 153.1 0
      vertex 427.6 189.642 0
      vertex 427.622 189.73 0
    endloop
  endfacet
  facet normal 0 0 -1
    outer loop
      vertex 473.8 153.1 0
      vertex 427.572 189.555 0
      vertex 427.6 189.642 0
    endloop
  endfacet
  facet normal 0 0 -1
    outer loop
      vertex 473.8 153.1 0
      vertex 427.538 189.471 0
      vertex 427.572 189.555 0
    endloop
  endfacet
  facet normal 0 0 -1
    outer loop
      vertex 473.8 153.1 0
      vertex 427.498 189.39 0
      vertex 427.538 189.471 0
    endloop
  endfacet
  facet normal 0 0 -1
    outer loop
      vertex 473.8 153.1 0
      vertex 427.452 189.311 0
      vertex 427.498 189.39 0
    endloop
  endfacet
  facet normal 0 0 -1
    outer loop
      vertex 473.8 153.1 0
      vertex 427.402 189.236 0
      vertex 427.452 189.311 0
    endloop
  endfacet
  facet normal 0 0 -1
    outer loop
      vertex 473.8 153.1 0
      vertex 427.346 189.164 0
      vertex 427.402 189.236 0
    endloop
  endfacet
  facet normal 0 0 -1
    outer loop
      vertex 473.8 153.1 0
      vertex 427.285 189.097 0
      vertex 427.346 189.164 0
    endloop
  endfacet
  facet normal 0 0 -1
    outer loop
      vertex 473.8 153.1 0
      vertex 427.22 189.034 0
      vertex 427.285 189.097 0
    endloop
  endfacet
  facet normal 0 0 -1
    outer loop
      vertex 473.8 153.1 0
      vertex 427.15 188.976 0
      vertex 427.22 189.034 0
    endloop
  endfacet
  facet normal 0 0 -1
    outer loop
      vertex 473.8 153.1 0
      vertex 427.077 188.922 0
      vertex 427.15 188.976 0
    endloop
  endfacet
  facet normal 0 0 -1
    outer loop
      vertex 473.8 153.1 0
      vertex 427 188.874 0
      vertex 427.077 188.922 0
    endloop
  endfacet
  facet normal 0 0 -1
    outer loop
      vertex 473.8 153.1 0
      vertex 426.92 188.832 0
      vertex 427 188.874 0
    endloop
  endfacet
  facet normal 0 0 -1
    outer loop
      vertex 473.8 153.1 0
      vertex 426.837 188.795 0
      vertex 426.92 188.832 0
    endloop
  endfacet
  facet normal 0 0 -1
    outer loop
      vertex 473.8 153.1 0
      vertex 426.752 188.764 0
      vertex 426.837 188.795 0
    endloop
  endfacet
  facet normal 0 0 -1
    outer loop
      vertex 473.8 153.1 0
      vertex 426.664 188.739 0
      vertex 426.752 188.764 0
    endloop
  endfacet
  facet normal 0 0 -1
    outer loop
      vertex 473.8 153.1 0
      vertex 426.576 188.72 0
      vertex 426.664 188.739 0
    endloop
  endfacet
  facet normal 0 0 -1
    outer loop
      vertex 473.8 153.1 0
      vertex 426.486 188.707 0
      vertex 426.576 188.72 0
    endloop
  endfacet
  facet normal 0 0 -1
    outer loop
      vertex 473.8 153.1 0
      vertex 426.395 188.701 0
      vertex 426.486 188.707 0
    endloop
  endfacet
  facet normal 0 0 -1
    outer loop
      vertex 473.8 153.1 0
      vertex 426.305 188.701 0
      vertex 426.395 188.701 0
    endloop
  endfacet
  facet normal 0 0 -1
    outer loop
      vertex 473.8 153.1 0
      vertex 426.214 188.707 0
      vertex 426.305 188.701 0
    endloop
  endfacet
  facet normal 0 0 -1
    outer loop
      vertex 473.8 153.1 0
      vertex 426.124 188.72 0
      vertex 426.214 188.707 0
    endloop
  endfacet
  facet normal 0 0 -1
    outer loop
      vertex 473.8 153.1 0
      vertex 426.035 188.739 0
      vertex 426.124 188.72 0
    endloop
  endfacet
  facet normal 0 0 -1
    outer loop
      vertex 473.8 153.1 0
      vertex 425.948 188.764 0
      vertex 426.035 188.739 0
    endloop
  endfacet
  facet normal 0 0 -1
    outer loop
      vertex 314.533 153.1 0
      vertex 425.948 188.764 0
      vertex 473.8 153.1 0
    endloop
  endfacet
  facet normal -0 0 -1
    outer loop
      vertex 425.948 188.764 0
      vertex 314.533 153.1 0
      vertex 425.863 188.795 0
    endloop
  endfacet
  facet normal -0 0 -1
    outer loop
      vertex 425.863 188.795 0
      vertex 314.533 153.1 0
      vertex 425.78 188.832 0
    endloop
  endfacet
  facet normal -0 0 -1
    outer loop
      vertex 425.78 188.832 0
      vertex 314.533 153.1 0
      vertex 425.7 188.874 0
    endloop
  endfacet
  facet normal -0 0 -1
    outer loop
      vertex 425.7 188.874 0
      vertex 314.533 153.1 0
      vertex 425.623 188.922 0
    endloop
  endfacet
  facet normal 0 0 -1
    outer loop
      vertex 425.063 316.819 0
      vertex 334.35 317 0
      vertex 425.053 316.909 0
    endloop
  endfacet
  facet normal 0 0 -1
    outer loop
      vertex 425.053 189.909 0
      vertex 334.35 190 0
      vertex 425.05 190 0
    endloop
  endfacet
  facet normal 0 0 -1
    outer loop
      vertex 334.347 189.909 0
      vertex 425.053 189.909 0
      vertex 425.063 189.819 0
    endloop
  endfacet
  facet normal 0 0 -1
    outer loop
      vertex 334.337 189.819 0
      vertex 425.063 189.819 0
      vertex 425.078 189.73 0
    endloop
  endfacet
  facet normal 0 0 -1
    outer loop
      vertex 334.322 189.73 0
      vertex 425.078 189.73 0
      vertex 425.1 189.642 0
    endloop
  endfacet
  facet normal 0 0 -1
    outer loop
      vertex 334.3 189.642 0
      vertex 425.1 189.642 0
      vertex 425.128 189.555 0
    endloop
  endfacet
  facet normal 0 0 -1
    outer loop
      vertex 334.272 189.555 0
      vertex 425.128 189.555 0
      vertex 425.162 189.471 0
    endloop
  endfacet
  facet normal 0 0 -1
    outer loop
      vertex 334.238 189.471 0
      vertex 425.162 189.471 0
      vertex 425.202 189.39 0
    endloop
  endfacet
  facet normal 0 0 -1
    outer loop
      vertex 334.198 189.39 0
      vertex 425.202 189.39 0
      vertex 425.248 189.311 0
    endloop
  endfacet
  facet normal 0 0 -1
    outer loop
      vertex 334.152 189.311 0
      vertex 425.248 189.311 0
      vertex 425.298 189.236 0
    endloop
  endfacet
  facet normal 0 0 -1
    outer loop
      vertex 334.102 189.236 0
      vertex 425.298 189.236 0
      vertex 425.354 189.164 0
    endloop
  endfacet
  facet normal 0 0 -1
    outer loop
      vertex 334.046 189.164 0
      vertex 425.354 189.164 0
      vertex 425.415 189.097 0
    endloop
  endfacet
  facet normal 0 0 -1
    outer loop
      vertex 333.985 189.097 0
      vertex 425.415 189.097 0
      vertex 425.48 189.034 0
    endloop
  endfacet
  facet normal 0 0 -1
    outer loop
      vertex 314.533 153.1 0
      vertex 425.48 189.034 0
      vertex 425.55 188.976 0
    endloop
  endfacet
  facet normal -0 0 -1
    outer loop
      vertex 425.623 188.922 0
      vertex 314.533 153.1 0
      vertex 425.55 188.976 0
    endloop
  endfacet
  facet normal 0 0 -1
    outer loop
      vertex 425.053 189.909 0
      vertex 334.347 189.909 0
      vertex 334.35 190 0
    endloop
  endfacet
  facet normal 0 0 -1
    outer loop
      vertex 425.063 189.819 0
      vertex 334.337 189.819 0
      vertex 334.347 189.909 0
    endloop
  endfacet
  facet normal 0 0 -1
    outer loop
      vertex 425.078 189.73 0
      vertex 334.322 189.73 0
      vertex 334.337 189.819 0
    endloop
  endfacet
  facet normal 0 0 -1
    outer loop
      vertex 425.1 189.642 0
      vertex 334.3 189.642 0
      vertex 334.322 189.73 0
    endloop
  endfacet
  facet normal 0 0 -1
    outer loop
      vertex 425.128 189.555 0
      vertex 334.272 189.555 0
      vertex 334.3 189.642 0
    endloop
  endfacet
  facet normal 0 0 -1
    outer loop
      vertex 425.162 189.471 0
      vertex 334.238 189.471 0
      vertex 334.272 189.555 0
    endloop
  endfacet
  facet normal 0 0 -1
    outer loop
      vertex 425.202 189.39 0
      vertex 334.198 189.39 0
      vertex 334.238 189.471 0
    endloop
  endfacet
  facet normal 0 0 -1
    outer loop
      vertex 425.248 189.311 0
      vertex 334.152 189.311 0
      vertex 334.198 189.39 0
    endloop
  endfacet
  facet normal 0 0 -1
    outer loop
      vertex 425.298 189.236 0
      vertex 334.102 189.236 0
      vertex 334.152 189.311 0
    endloop
  endfacet
  facet normal 0 0 -1
    outer loop
      vertex 425.354 189.164 0
      vertex 334.046 189.164 0
      vertex 334.102 189.236 0
    endloop
  endfacet
  facet normal 0 0 -1
    outer loop
      vertex 425.415 189.097 0
      vertex 333.985 189.097 0
      vertex 334.046 189.164 0
    endloop
  endfacet
  facet normal -0 0 -1
    outer loop
      vertex 425.48 189.034 0
      vertex 314.533 153.1 0
      vertex 333.985 189.097 0
    endloop
  endfacet
  facet normal 0 0 -1
    outer loop
      vertex 333.985 189.097 0
      vertex 314.533 153.1 0
      vertex 333.92 189.034 0
    endloop
  endfacet
  facet normal 0 0 -1
    outer loop
      vertex 333.92 189.034 0
      vertex 314.533 153.1 0
      vertex 333.85 188.976 0
    endloop
  endfacet
  facet normal 0 0 -1
    outer loop
      vertex 333.85 188.976 0
      vertex 314.533 153.1 0
      vertex 333.777 188.922 0
    endloop
  endfacet
  facet normal 0 0 -1
    outer loop
      vertex 333.777 188.922 0
      vertex 314.533 153.1 0
      vertex 333.7 188.874 0
    endloop
  endfacet
  facet normal 0 0 -1
    outer loop
      vertex 333.7 188.874 0
      vertex 314.533 153.1 0
      vertex 333.62 188.832 0
    endloop
  endfacet
  facet normal 0 0 -1
    outer loop
      vertex 333.62 188.832 0
      vertex 314.533 153.1 0
      vertex 333.537 188.795 0
    endloop
  endfacet
  facet normal 0 0 -1
    outer loop
      vertex 333.537 188.795 0
      vertex 314.533 153.1 0
      vertex 333.452 188.764 0
    endloop
  endfacet
  facet normal 0 0 -1
    outer loop
      vertex 333.452 188.764 0
      vertex 314.533 153.1 0
      vertex 333.365 188.739 0
    endloop
  endfacet
  facet normal 0 0 -1
    outer loop
      vertex 333.365 188.739 0
      vertex 314.533 153.1 0
      vertex 333.276 188.72 0
    endloop
  endfacet
  facet normal 0 0 -1
    outer loop
      vertex 333.276 188.72 0
      vertex 314.533 153.1 0
      vertex 333.186 188.707 0
    endloop
  endfacet
  facet normal 0 0 -1
    outer loop
      vertex 333.186 188.707 0
      vertex 314.533 153.1 0
      vertex 333.095 188.701 0
    endloop
  endfacet
  facet normal -0 0 -1
    outer loop
      vertex 333.095 188.701 0
      vertex 314.533 153.1 0
      vertex 333.005 188.701 0
    endloop
  endfacet
  facet normal -0 0 -1
    outer loop
      vertex 333.005 188.701 0
      vertex 314.533 153.1 0
      vertex 332.914 188.707 0
    endloop
  endfacet
  facet normal -0 0 -1
    outer loop
      vertex 332.914 188.707 0
      vertex 314.533 153.1 0
      vertex 332.824 188.72 0
    endloop
  endfacet
  facet normal -0 0 -1
    outer loop
      vertex 331.8 190.358 0
      vertex 314.533 153.1 0
      vertex 314.533 334.2 0
    endloop
  endfacet
  facet normal -0 0 -1
    outer loop
      vertex 331.753 189.909 0
      vertex 314.533 153.1 0
      vertex 331.75 190 0
    endloop
  endfacet
  facet normal -0 0 -1
    outer loop
      vertex 331.763 189.819 0
      vertex 314.533 153.1 0
      vertex 331.753 189.909 0
    endloop
  endfacet
  facet normal -0 0 -1
    outer loop
      vertex 331.778 189.73 0
      vertex 314.533 153.1 0
      vertex 331.763 189.819 0
    endloop
  endfacet
  facet normal -0 0 -1
    outer loop
      vertex 331.8 189.642 0
      vertex 314.533 153.1 0
      vertex 331.778 189.73 0
    endloop
  endfacet
  facet normal -0 0 -1
    outer loop
      vertex 331.828 189.555 0
      vertex 314.533 153.1 0
      vertex 331.8 189.642 0
    endloop
  endfacet
  facet normal -0 0 -1
    outer loop
      vertex 331.862 189.471 0
      vertex 314.533 153.1 0
      vertex 331.828 189.555 0
    endloop
  endfacet
  facet normal -0 0 -1
    outer loop
      vertex 331.902 189.39 0
      vertex 314.533 153.1 0
      vertex 331.862 189.471 0
    endloop
  endfacet
  facet normal -0 0 -1
    outer loop
      vertex 331.948 189.311 0
      vertex 314.533 153.1 0
      vertex 331.902 189.39 0
    endloop
  endfacet
  facet normal -0 0 -1
    outer loop
      vertex 331.998 189.236 0
      vertex 314.533 153.1 0
      vertex 331.948 189.311 0
    endloop
  endfacet
  facet normal -0 0 -1
    outer loop
      vertex 332.054 189.164 0
      vertex 314.533 153.1 0
      vertex 331.998 189.236 0
    endloop
  endfacet
  facet normal -0 0 -1
    outer loop
      vertex 332.115 189.097 0
      vertex 314.533 153.1 0
      vertex 332.054 189.164 0
    endloop
  endfacet
  facet normal -0 0 -1
    outer loop
      vertex 332.18 189.034 0
      vertex 314.533 153.1 0
      vertex 332.115 189.097 0
    endloop
  endfacet
  facet normal -0 0 -1
    outer loop
      vertex 332.25 188.976 0
      vertex 314.533 153.1 0
      vertex 332.18 189.034 0
    endloop
  endfacet
  facet normal -0 0 -1
    outer loop
      vertex 332.323 188.922 0
      vertex 314.533 153.1 0
      vertex 332.25 188.976 0
    endloop
  endfacet
  facet normal -0 0 -1
    outer loop
      vertex 332.4 188.874 0
      vertex 314.533 153.1 0
      vertex 332.323 188.922 0
    endloop
  endfacet
  facet normal -0 0 -1
    outer loop
      vertex 332.48 188.832 0
      vertex 314.533 153.1 0
      vertex 332.4 188.874 0
    endloop
  endfacet
  facet normal -0 0 -1
    outer loop
      vertex 332.563 188.795 0
      vertex 314.533 153.1 0
      vertex 332.48 188.832 0
    endloop
  endfacet
  facet normal -0 0 -1
    outer loop
      vertex 332.648 188.764 0
      vertex 314.533 153.1 0
      vertex 332.563 188.795 0
    endloop
  endfacet
  facet normal -0 0 -1
    outer loop
      vertex 332.736 188.739 0
      vertex 314.533 153.1 0
      vertex 332.648 188.764 0
    endloop
  endfacet
  facet normal -0 0 -1
    outer loop
      vertex 332.824 188.72 0
      vertex 314.533 153.1 0
      vertex 332.736 188.739 0
    endloop
  endfacet
  facet normal 0 0 -1
    outer loop
      vertex 470.905 334.198 0
      vertex 470.8 334.2 0
      vertex 470.852 334.2 0
    endloop
  endfacet
  facet normal 0 0 -1
    outer loop
      vertex 427.647 317.091 0
      vertex 470.8 334.2 0
      vertex 427.65 317 0
    endloop
  endfacet
  facet normal 0 0 -1
    outer loop
      vertex 427.637 317.181 0
      vertex 470.8 334.2 0
      vertex 427.647 317.091 0
    endloop
  endfacet
  facet normal 0 0 -1
    outer loop
      vertex 427.622 317.27 0
      vertex 470.8 334.2 0
      vertex 427.637 317.181 0
    endloop
  endfacet
  facet normal 0 0 -1
    outer loop
      vertex 427.6 317.358 0
      vertex 470.8 334.2 0
      vertex 427.622 317.27 0
    endloop
  endfacet
  facet normal 0 0 -1
    outer loop
      vertex 427.572 317.445 0
      vertex 470.8 334.2 0
      vertex 427.6 317.358 0
    endloop
  endfacet
  facet normal 0 0 -1
    outer loop
      vertex 427.538 317.529 0
      vertex 470.8 334.2 0
      vertex 427.572 317.445 0
    endloop
  endfacet
  facet normal 0 0 -1
    outer loop
      vertex 427.498 317.61 0
      vertex 470.8 334.2 0
      vertex 427.538 317.529 0
    endloop
  endfacet
  facet normal 0 0 -1
    outer loop
      vertex 427.452 317.689 0
      vertex 470.8 334.2 0
      vertex 427.498 317.61 0
    endloop
  endfacet
  facet normal 0 0 -1
    outer loop
      vertex 427.402 317.764 0
      vertex 470.8 334.2 0
      vertex 427.452 317.689 0
    endloop
  endfacet
  facet normal 0 0 -1
    outer loop
      vertex 427.346 317.836 0
      vertex 470.8 334.2 0
      vertex 427.402 317.764 0
    endloop
  endfacet
  facet normal 0 0 -1
    outer loop
      vertex 427.285 317.903 0
      vertex 470.8 334.2 0
      vertex 427.346 317.836 0
    endloop
  endfacet
  facet normal 0 0 -1
    outer loop
      vertex 427.22 317.966 0
      vertex 470.8 334.2 0
      vertex 427.285 317.903 0
    endloop
  endfacet
  facet normal 0 0 -1
    outer loop
      vertex 427.15 318.024 0
      vertex 470.8 334.2 0
      vertex 427.22 317.966 0
    endloop
  endfacet
  facet normal 0 0 -1
    outer loop
      vertex 427.077 318.078 0
      vertex 470.8 334.2 0
      vertex 427.15 318.024 0
    endloop
  endfacet
  facet normal 0 0 -1
    outer loop
      vertex 427 318.126 0
      vertex 470.8 334.2 0
      vertex 427.077 318.078 0
    endloop
  endfacet
  facet normal 0 0 -1
    outer loop
      vertex 426.92 318.168 0
      vertex 470.8 334.2 0
      vertex 427 318.126 0
    endloop
  endfacet
  facet normal 0 0 -1
    outer loop
      vertex 426.837 318.205 0
      vertex 470.8 334.2 0
      vertex 426.92 318.168 0
    endloop
  endfacet
  facet normal 0 0 -1
    outer loop
      vertex 426.752 318.236 0
      vertex 470.8 334.2 0
      vertex 426.837 318.205 0
    endloop
  endfacet
  facet normal 0 0 -1
    outer loop
      vertex 426.664 318.261 0
      vertex 470.8 334.2 0
      vertex 426.752 318.236 0
    endloop
  endfacet
  facet normal 0 0 -1
    outer loop
      vertex 426.576 318.28 0
      vertex 470.8 334.2 0
      vertex 426.664 318.261 0
    endloop
  endfacet
  facet normal 0 0 -1
    outer loop
      vertex 426.486 318.293 0
      vertex 470.8 334.2 0
      vertex 426.576 318.28 0
    endloop
  endfacet
  facet normal 0 0 -1
    outer loop
      vertex 426.395 318.299 0
      vertex 470.8 334.2 0
      vertex 426.486 318.293 0
    endloop
  endfacet
  facet normal 0 0 -1
    outer loop
      vertex 426.305 318.299 0
      vertex 470.8 334.2 0
      vertex 426.395 318.299 0
    endloop
  endfacet
  facet normal 0 0 -1
    outer loop
      vertex 426.214 318.293 0
      vertex 470.8 334.2 0
      vertex 426.305 318.299 0
    endloop
  endfacet
  facet normal 0 0 -1
    outer loop
      vertex 426.124 318.28 0
      vertex 470.8 334.2 0
      vertex 426.214 318.293 0
    endloop
  endfacet
  facet normal 0 0 -1
    outer loop
      vertex 426.035 318.261 0
      vertex 470.8 334.2 0
      vertex 426.124 318.28 0
    endloop
  endfacet
  facet normal 0 0 -1
    outer loop
      vertex 314.533 334.2 0
      vertex 426.035 318.261 0
      vertex 425.948 318.236 0
    endloop
  endfacet
  facet normal 0 0 -1
    outer loop
      vertex 425.053 316.909 0
      vertex 334.35 317 0
      vertex 425.05 317 0
    endloop
  endfacet
  facet normal 0 0 -1
    outer loop
      vertex 425.05 317 0
      vertex 334.35 317 0
      vertex 425.053 317.091 0
    endloop
  endfacet
  facet normal 0 0 -1
    outer loop
      vertex 334.347 317.091 0
      vertex 425.053 317.091 0
      vertex 334.35 317 0
    endloop
  endfacet
  facet normal 0 0 -1
    outer loop
      vertex 425.053 317.091 0
      vertex 334.347 317.091 0
      vertex 425.063 317.181 0
    endloop
  endfacet
  facet normal 0 0 -1
    outer loop
      vertex 334.337 317.181 0
      vertex 425.063 317.181 0
      vertex 334.347 317.091 0
    endloop
  endfacet
  facet normal 0 0 -1
    outer loop
      vertex 425.063 317.181 0
      vertex 334.337 317.181 0
      vertex 425.078 317.27 0
    endloop
  endfacet
  facet normal 0 0 -1
    outer loop
      vertex 334.322 317.27 0
      vertex 425.078 317.27 0
      vertex 334.337 317.181 0
    endloop
  endfacet
  facet normal 0 0 -1
    outer loop
      vertex 425.078 317.27 0
      vertex 334.322 317.27 0
      vertex 425.1 317.358 0
    endloop
  endfacet
  facet normal 0 0 -1
    outer loop
      vertex 334.3 317.358 0
      vertex 425.1 317.358 0
      vertex 334.322 317.27 0
    endloop
  endfacet
  facet normal 0 0 -1
    outer loop
      vertex 425.1 317.358 0
      vertex 334.3 317.358 0
      vertex 425.128 317.445 0
    endloop
  endfacet
  facet normal 0 0 -1
    outer loop
      vertex 334.272 317.445 0
      vertex 425.128 317.445 0
      vertex 334.3 317.358 0
    endloop
  endfacet
  facet normal 0 0 -1
    outer loop
      vertex 425.128 317.445 0
      vertex 334.272 317.445 0
      vertex 425.162 317.529 0
    endloop
  endfacet
  facet normal 0 0 -1
    outer loop
      vertex 334.238 317.529 0
      vertex 425.162 317.529 0
      vertex 334.272 317.445 0
    endloop
  endfacet
  facet normal 0 0 -1
    outer loop
      vertex 425.162 317.529 0
      vertex 334.238 317.529 0
      vertex 425.202 317.61 0
    endloop
  endfacet
  facet normal 0 0 -1
    outer loop
      vertex 334.198 317.61 0
      vertex 425.202 317.61 0
      vertex 334.238 317.529 0
    endloop
  endfacet
  facet normal 0 0 -1
    outer loop
      vertex 425.202 317.61 0
      vertex 334.198 317.61 0
      vertex 425.248 317.689 0
    endloop
  endfacet
  facet normal 0 0 -1
    outer loop
      vertex 334.152 317.689 0
      vertex 425.248 317.689 0
      vertex 334.198 317.61 0
    endloop
  endfacet
  facet normal 0 0 -1
    outer loop
      vertex 425.248 317.689 0
      vertex 334.152 317.689 0
      vertex 425.298 317.764 0
    endloop
  endfacet
  facet normal 0 0 -1
    outer loop
      vertex 334.102 317.764 0
      vertex 425.298 317.764 0
      vertex 334.152 317.689 0
    endloop
  endfacet
  facet normal 0 0 -1
    outer loop
      vertex 425.298 317.764 0
      vertex 334.102 317.764 0
      vertex 425.354 317.836 0
    endloop
  endfacet
  facet normal 0 0 -1
    outer loop
      vertex 334.046 317.836 0
      vertex 425.354 317.836 0
      vertex 334.102 317.764 0
    endloop
  endfacet
  facet normal 0 0 -1
    outer loop
      vertex 425.354 317.836 0
      vertex 334.046 317.836 0
      vertex 425.415 317.903 0
    endloop
  endfacet
  facet normal 0 0 -1
    outer loop
      vertex 333.985 317.903 0
      vertex 425.415 317.903 0
      vertex 334.046 317.836 0
    endloop
  endfacet
  facet normal 0 0 -1
    outer loop
      vertex 425.415 317.903 0
      vertex 333.985 317.903 0
      vertex 425.48 317.966 0
    endloop
  endfacet
  facet normal 0 0 -1
    outer loop
      vertex 333.92 317.966 0
      vertex 425.48 317.966 0
      vertex 333.985 317.903 0
    endloop
  endfacet
  facet normal 0 0 -1
    outer loop
      vertex 425.48 317.966 0
      vertex 333.92 317.966 0
      vertex 425.55 318.024 0
    endloop
  endfacet
  facet normal 0 0 -1
    outer loop
      vertex 333.85 318.024 0
      vertex 425.55 318.024 0
      vertex 333.92 317.966 0
    endloop
  endfacet
  facet normal 0 0 -1
    outer loop
      vertex 425.55 318.024 0
      vertex 333.85 318.024 0
      vertex 425.623 318.078 0
    endloop
  endfacet
  facet normal 0 0 -1
    outer loop
      vertex 333.777 318.078 0
      vertex 425.623 318.078 0
      vertex 333.85 318.024 0
    endloop
  endfacet
  facet normal 0 0 -1
    outer loop
      vertex 425.623 318.078 0
      vertex 333.777 318.078 0
      vertex 425.7 318.126 0
    endloop
  endfacet
  facet normal 0 0 -1
    outer loop
      vertex 314.533 334.2 0
      vertex 425.7 318.126 0
      vertex 333.777 318.078 0
    endloop
  endfacet
  facet normal 0 0 -1
    outer loop
      vertex 425.7 318.126 0
      vertex 314.533 334.2 0
      vertex 425.78 318.168 0
    endloop
  endfacet
  facet normal 0 0 -1
    outer loop
      vertex 425.78 318.168 0
      vertex 314.533 334.2 0
      vertex 425.863 318.205 0
    endloop
  endfacet
  facet normal 0 0 -1
    outer loop
      vertex 425.863 318.205 0
      vertex 314.533 334.2 0
      vertex 425.948 318.236 0
    endloop
  endfacet
  facet normal 0 0 -1
    outer loop
      vertex 314.533 334.2 0
      vertex 333.777 318.078 0
      vertex 333.7 318.126 0
    endloop
  endfacet
  facet normal 0 0 -1
    outer loop
      vertex 314.533 334.2 0
      vertex 333.7 318.126 0
      vertex 333.62 318.168 0
    endloop
  endfacet
  facet normal 0 0 -1
    outer loop
      vertex 314.533 334.2 0
      vertex 333.62 318.168 0
      vertex 333.537 318.205 0
    endloop
  endfacet
  facet normal 0 0 -1
    outer loop
      vertex 314.533 334.2 0
      vertex 333.537 318.205 0
      vertex 333.452 318.236 0
    endloop
  endfacet
  facet normal 0 0 -1
    outer loop
      vertex 314.533 334.2 0
      vertex 333.452 318.236 0
      vertex 333.365 318.261 0
    endloop
  endfacet
  facet normal 0 0 -1
    outer loop
      vertex 314.533 334.2 0
      vertex 333.365 318.261 0
      vertex 333.276 318.28 0
    endloop
  endfacet
  facet normal 0 0 -1
    outer loop
      vertex 314.533 334.2 0
      vertex 333.276 318.28 0
      vertex 333.186 318.293 0
    endloop
  endfacet
  facet normal 0 0 -1
    outer loop
      vertex 314.533 334.2 0
      vertex 333.186 318.293 0
      vertex 333.095 318.299 0
    endloop
  endfacet
  facet normal 0 0 -1
    outer loop
      vertex 314.533 334.2 0
      vertex 333.095 318.299 0
      vertex 333.005 318.299 0
    endloop
  endfacet
  facet normal 0 0 -1
    outer loop
      vertex 314.533 334.2 0
      vertex 333.005 318.299 0
      vertex 332.914 318.293 0
    endloop
  endfacet
  facet normal 0 0 -1
    outer loop
      vertex 331.753 316.909 0
      vertex 314.533 334.2 0
      vertex 331.75 317 0
    endloop
  endfacet
  facet normal 0 0 -1
    outer loop
      vertex 426.035 318.261 0
      vertex 314.533 334.2 0
      vertex 470.8 334.2 0
    endloop
  endfacet
  facet normal 0 0 -1
    outer loop
      vertex 332.824 318.28 0
      vertex 314.533 334.2 0
      vertex 332.914 318.293 0
    endloop
  endfacet
  facet normal 0 0 -1
    outer loop
      vertex 332.736 318.261 0
      vertex 314.533 334.2 0
      vertex 332.824 318.28 0
    endloop
  endfacet
  facet normal 0 0 -1
    outer loop
      vertex 332.648 318.236 0
      vertex 314.533 334.2 0
      vertex 332.736 318.261 0
    endloop
  endfacet
  facet normal 0 0 -1
    outer loop
      vertex 332.563 318.205 0
      vertex 314.533 334.2 0
      vertex 332.648 318.236 0
    endloop
  endfacet
  facet normal 0 0 -1
    outer loop
      vertex 332.48 318.168 0
      vertex 314.533 334.2 0
      vertex 332.563 318.205 0
    endloop
  endfacet
  facet normal 0 0 -1
    outer loop
      vertex 332.4 318.126 0
      vertex 314.533 334.2 0
      vertex 332.48 318.168 0
    endloop
  endfacet
  facet normal 0 0 -1
    outer loop
      vertex 332.323 318.078 0
      vertex 314.533 334.2 0
      vertex 332.4 318.126 0
    endloop
  endfacet
  facet normal 0 0 -1
    outer loop
      vertex 332.25 318.024 0
      vertex 314.533 334.2 0
      vertex 332.323 318.078 0
    endloop
  endfacet
  facet normal 0 0 -1
    outer loop
      vertex 332.18 317.966 0
      vertex 314.533 334.2 0
      vertex 332.25 318.024 0
    endloop
  endfacet
  facet normal 0 0 -1
    outer loop
      vertex 332.115 317.903 0
      vertex 314.533 334.2 0
      vertex 332.18 317.966 0
    endloop
  endfacet
  facet normal 0 0 -1
    outer loop
      vertex 332.054 317.836 0
      vertex 314.533 334.2 0
      vertex 332.115 317.903 0
    endloop
  endfacet
  facet normal 0 0 -1
    outer loop
      vertex 331.998 317.764 0
      vertex 314.533 334.2 0
      vertex 332.054 317.836 0
    endloop
  endfacet
  facet normal 0 0 -1
    outer loop
      vertex 331.948 317.689 0
      vertex 314.533 334.2 0
      vertex 331.998 317.764 0
    endloop
  endfacet
  facet normal 0 0 -1
    outer loop
      vertex 331.902 317.61 0
      vertex 314.533 334.2 0
      vertex 331.948 317.689 0
    endloop
  endfacet
  facet normal 0 0 -1
    outer loop
      vertex 331.862 317.529 0
      vertex 314.533 334.2 0
      vertex 331.902 317.61 0
    endloop
  endfacet
  facet normal 0 0 -1
    outer loop
      vertex 331.828 317.445 0
      vertex 314.533 334.2 0
      vertex 331.862 317.529 0
    endloop
  endfacet
  facet normal 0 0 -1
    outer loop
      vertex 331.8 317.358 0
      vertex 314.533 334.2 0
      vertex 331.828 317.445 0
    endloop
  endfacet
  facet normal 0 0 -1
    outer loop
      vertex 331.778 317.27 0
      vertex 314.533 334.2 0
      vertex 331.8 317.358 0
    endloop
  endfacet
  facet normal 0 0 -1
    outer loop
      vertex 331.763 317.181 0
      vertex 314.533 334.2 0
      vertex 331.778 317.27 0
    endloop
  endfacet
  facet normal 0 0 -1
    outer loop
      vertex 331.753 317.091 0
      vertex 314.533 334.2 0
      vertex 331.763 317.181 0
    endloop
  endfacet
  facet normal 0 0 -1
    outer loop
      vertex 331.75 317 0
      vertex 314.533 334.2 0
      vertex 331.753 317.091 0
    endloop
  endfacet
  facet normal -1 0 0
    outer loop
      vertex 470.8 331.2 3
      vertex 470.8 157.11 3.01
      vertex 470.8 331.2 15
    endloop
  endfacet
  facet normal -1 0 0
    outer loop
      vertex 470.8 153.1 3
      vertex 470.8 157.11 3.01
      vertex 470.8 331.2 3
    endloop
  endfacet
  facet normal -1 -0 0
    outer loop
      vertex 470.8 157.11 3.01
      vertex 470.8 153.1 3
      vertex 470.8 153.1 3.01
    endloop
  endfacet
  facet normal -1 -0 0
    outer loop
      vertex 470.8 331.2 15
      vertex 470.8 157.11 3.01
      vertex 470.8 157.11 15
    endloop
  endfacet
  facet normal 0 -1 0
    outer loop
      vertex 318.533 331.2 3.01
      vertex 318.533 331.2 3
      vertex 318.543 331.2 3.01
    endloop
  endfacet
  facet normal 0 -1 0
    outer loop
      vertex 318.543 331.2 3.01
      vertex 470.8 331.2 15
      vertex 318.543 331.2 15
    endloop
  endfacet
  facet normal 0 -1 0
    outer loop
      vertex 470.8 331.2 3
      vertex 318.543 331.2 3.01
      vertex 318.533 331.2 3
    endloop
  endfacet
  facet normal 0 -1 0
    outer loop
      vertex 318.543 331.2 3.01
      vertex 470.8 331.2 3
      vertex 470.8 331.2 15
    endloop
  endfacet
  facet normal -0 0 1
    outer loop
      vertex 318.533 331.2 3
      vertex 470.8 157.1 3
      vertex 470.8 331.2 3
    endloop
  endfacet
  facet normal 0 0 1
    outer loop
      vertex 470.8 157.1 3
      vertex 318.533 331.2 3
      vertex 318.533 157.1 3
    endloop
  endfacet
  facet normal 0 0 0
    outer loop
      vertex 470.8 331.2 3
      vertex 470.8 157.1 3
      vertex 470.8 153.1 3
    endloop
  endfacet
  facet normal -0.986093 -0.166195 0
    outer loop
      vertex 334.337 190.181 0
      vertex 334.322 190.27 2.4
      vertex 334.322 190.27 0
    endloop
  endfacet
  facet normal -0.986093 -0.166195 0
    outer loop
      vertex 334.322 190.27 2.4
      vertex 334.337 190.181 0
      vertex 334.337 190.181 2.4
    endloop
  endfacet
  facet normal -0.638018 -0.770022 0
    outer loop
      vertex 333.85 191.024 0
      vertex 333.92 190.966 2.4
      vertex 333.85 191.024 2.4
    endloop
  endfacet
  facet normal -0.638018 -0.770022 -0
    outer loop
      vertex 333.92 190.966 2.4
      vertex 333.85 191.024 0
      vertex 333.92 190.966 0
    endloop
  endfacet
  facet normal 0.73944 -0.673222 0
    outer loop
      vertex 332.054 190.836 2.4
      vertex 332.115 190.903 0
      vertex 332.115 190.903 2.4
    endloop
  endfacet
  facet normal 0.73944 -0.673222 0
    outer loop
      vertex 332.115 190.903 0
      vertex 332.054 190.836 2.4
      vertex 332.054 190.836 0
    endloop
  endfacet
  facet normal -0.89663 -0.44278 0
    outer loop
      vertex 334.238 190.529 0
      vertex 334.198 190.61 2.4
      vertex 334.198 190.61 0
    endloop
  endfacet
  facet normal -0.89663 -0.44278 0
    outer loop
      vertex 334.198 190.61 2.4
      vertex 334.238 190.529 0
      vertex 334.238 190.529 2.4
    endloop
  endfacet
  facet normal 0.89663 -0.44278 0
    outer loop
      vertex 331.862 190.529 2.4
      vertex 331.902 190.61 0
      vertex 331.902 190.61 2.4
    endloop
  endfacet
  facet normal 0.89663 -0.44278 0
    outer loop
      vertex 331.902 190.61 0
      vertex 331.862 190.529 2.4
      vertex 331.862 190.529 0
    endloop
  endfacet
  facet normal -0.999457 0.0329491 0
    outer loop
      vertex 334.347 189.909 0
      vertex 334.35 190 2.4
      vertex 334.35 190 0
    endloop
  endfacet
  facet normal -0.999457 0.0329491 0
    outer loop
      vertex 334.35 190 2.4
      vertex 334.347 189.909 0
      vertex 334.347 189.909 2.4
    endloop
  endfacet
  facet normal -0.142961 0.989728 0
    outer loop
      vertex 333.276 188.72 0
      vertex 333.186 188.707 2.4
      vertex 333.276 188.72 2.4
    endloop
  endfacet
  facet normal -0.142961 0.989728 0
    outer loop
      vertex 333.186 188.707 2.4
      vertex 333.276 188.72 0
      vertex 333.186 188.707 0
    endloop
  endfacet
  facet normal -0.970143 -0.242536 0
    outer loop
      vertex 334.322 190.27 0
      vertex 334.3 190.358 2.4
      vertex 334.3 190.358 0
    endloop
  endfacet
  facet normal -0.970143 -0.242536 0
    outer loop
      vertex 334.3 190.358 2.4
      vertex 334.322 190.27 0
      vertex 334.322 190.27 2.4
    endloop
  endfacet
  facet normal -0.789352 -0.613941 0
    outer loop
      vertex 334.102 190.764 0
      vertex 334.046 190.836 2.4
      vertex 334.046 190.836 0
    endloop
  endfacet
  facet normal -0.789352 -0.613941 0
    outer loop
      vertex 334.046 190.836 2.4
      vertex 334.102 190.764 0
      vertex 334.102 190.764 2.4
    endloop
  endfacet
  facet normal -0.695973 -0.718068 0
    outer loop
      vertex 333.92 190.966 0
      vertex 333.985 190.903 2.4
      vertex 333.92 190.966 2.4
    endloop
  endfacet
  facet normal -0.695973 -0.718068 -0
    outer loop
      vertex 333.985 190.903 2.4
      vertex 333.92 190.966 0
      vertex 333.985 190.903 0
    endloop
  endfacet
  facet normal -0.83205 -0.5547 0
    outer loop
      vertex 334.152 190.689 0
      vertex 334.102 190.764 2.4
      vertex 334.102 190.764 0
    endloop
  endfacet
  facet normal -0.83205 -0.5547 0
    outer loop
      vertex 334.102 190.764 2.4
      vertex 334.152 190.689 0
      vertex 334.152 190.689 2.4
    endloop
  endfacet
  facet normal -0.142961 -0.989728 0
    outer loop
      vertex 333.186 191.293 0
      vertex 333.276 191.28 2.4
      vertex 333.186 191.293 2.4
    endloop
  endfacet
  facet normal -0.142961 -0.989728 -0
    outer loop
      vertex 333.276 191.28 2.4
      vertex 333.186 191.293 0
      vertex 333.276 191.28 0
    endloop
  endfacet
  facet normal -0.529008 -0.848617 0
    outer loop
      vertex 333.7 191.126 0
      vertex 333.777 191.078 2.4
      vertex 333.7 191.126 2.4
    endloop
  endfacet
  facet normal -0.529008 -0.848617 -0
    outer loop
      vertex 333.777 191.078 2.4
      vertex 333.7 191.126 0
      vertex 333.777 191.078 0
    endloop
  endfacet
  facet normal -0.464834 -0.885398 0
    outer loop
      vertex 333.62 191.168 0
      vertex 333.7 191.126 2.4
      vertex 333.62 191.168 2.4
    endloop
  endfacet
  facet normal -0.464834 -0.885398 -0
    outer loop
      vertex 333.7 191.126 2.4
      vertex 333.62 191.168 0
      vertex 333.7 191.126 0
    endloop
  endfacet
  facet normal 0.926947 -0.375193 0
    outer loop
      vertex 331.828 190.445 2.4
      vertex 331.862 190.529 0
      vertex 331.862 190.529 2.4
    endloop
  endfacet
  facet normal 0.926947 -0.375193 0
    outer loop
      vertex 331.862 190.529 0
      vertex 331.828 190.445 2.4
      vertex 331.828 190.445 0
    endloop
  endfacet
  facet normal 0.986093 -0.166195 0
    outer loop
      vertex 331.763 190.181 2.4
      vertex 331.778 190.27 0
      vertex 331.778 190.27 2.4
    endloop
  endfacet
  facet normal 0.986093 -0.166195 0
    outer loop
      vertex 331.778 190.27 0
      vertex 331.763 190.181 2.4
      vertex 331.763 190.181 0
    endloop
  endfacet
  facet normal 0.594701 -0.803947 0
    outer loop
      vertex 332.25 191.024 0
      vertex 332.323 191.078 2.4
      vertex 332.25 191.024 2.4
    endloop
  endfacet
  facet normal 0.594701 -0.803947 0
    outer loop
      vertex 332.323 191.078 2.4
      vertex 332.25 191.024 0
      vertex 332.323 191.078 0
    endloop
  endfacet
  facet normal 0.695973 -0.718068 0
    outer loop
      vertex 332.115 190.903 0
      vertex 332.18 190.966 2.4
      vertex 332.115 190.903 2.4
    endloop
  endfacet
  facet normal 0.695973 -0.718068 0
    outer loop
      vertex 332.18 190.966 2.4
      vertex 332.115 190.903 0
      vertex 332.18 190.966 0
    endloop
  endfacet
  facet normal 0.142961 -0.989728 0
    outer loop
      vertex 332.824 191.28 0
      vertex 332.914 191.293 2.4
      vertex 332.824 191.28 2.4
    endloop
  endfacet
  facet normal 0.142961 -0.989728 0
    outer loop
      vertex 332.914 191.293 2.4
      vertex 332.824 191.28 0
      vertex 332.914 191.293 0
    endloop
  endfacet
  facet normal 0.273277 -0.961935 0
    outer loop
      vertex 332.648 191.236 0
      vertex 332.736 191.261 2.4
      vertex 332.648 191.236 2.4
    endloop
  endfacet
  facet normal 0.273277 -0.961935 0
    outer loop
      vertex 332.736 191.261 2.4
      vertex 332.648 191.236 0
      vertex 332.736 191.261 0
    endloop
  endfacet
  facet normal 0.211046 -0.977476 0
    outer loop
      vertex 332.736 191.261 0
      vertex 332.824 191.28 2.4
      vertex 332.736 191.261 2.4
    endloop
  endfacet
  facet normal 0.211046 -0.977476 0
    outer loop
      vertex 332.824 191.28 2.4
      vertex 332.736 191.261 0
      vertex 332.824 191.28 0
    endloop
  endfacet
  facet normal -0.926947 0.375193 0
    outer loop
      vertex 334.238 189.471 0
      vertex 334.272 189.555 2.4
      vertex 334.272 189.555 0
    endloop
  endfacet
  facet normal -0.926947 0.375193 0
    outer loop
      vertex 334.272 189.555 2.4
      vertex 334.238 189.471 0
      vertex 334.238 189.471 2.4
    endloop
  endfacet
  facet normal 0.89663 0.44278 0
    outer loop
      vertex 331.902 189.39 2.4
      vertex 331.862 189.471 0
      vertex 331.862 189.471 2.4
    endloop
  endfacet
  facet normal 0.89663 0.44278 0
    outer loop
      vertex 331.862 189.471 0
      vertex 331.902 189.39 2.4
      vertex 331.902 189.39 0
    endloop
  endfacet
  facet normal -0.407159 0.913357 0
    outer loop
      vertex 333.62 188.832 0
      vertex 333.537 188.795 2.4
      vertex 333.62 188.832 2.4
    endloop
  endfacet
  facet normal -0.407159 0.913357 0
    outer loop
      vertex 333.537 188.795 2.4
      vertex 333.62 188.832 0
      vertex 333.537 188.795 0
    endloop
  endfacet
  facet normal -0.993884 -0.110432 0
    outer loop
      vertex 334.347 190.091 0
      vertex 334.337 190.181 2.4
      vertex 334.337 190.181 0
    endloop
  endfacet
  facet normal -0.993884 -0.110432 0
    outer loop
      vertex 334.337 190.181 2.4
      vertex 334.347 190.091 0
      vertex 334.347 190.091 2.4
    endloop
  endfacet
  facet normal -0.951915 -0.306363 0
    outer loop
      vertex 334.3 190.358 0
      vertex 334.272 190.445 2.4
      vertex 334.272 190.445 0
    endloop
  endfacet
  facet normal -0.951915 -0.306363 0
    outer loop
      vertex 334.272 190.445 2.4
      vertex 334.3 190.358 0
      vertex 334.3 190.358 2.4
    endloop
  endfacet
  facet normal -0.926947 -0.375193 0
    outer loop
      vertex 334.272 190.445 0
      vertex 334.238 190.529 2.4
      vertex 334.238 190.529 0
    endloop
  endfacet
  facet normal -0.926947 -0.375193 0
    outer loop
      vertex 334.238 190.529 2.4
      vertex 334.272 190.445 0
      vertex 334.272 190.445 2.4
    endloop
  endfacet
  facet normal -0.864175 -0.503191 0
    outer loop
      vertex 334.198 190.61 0
      vertex 334.152 190.689 2.4
      vertex 334.152 190.689 0
    endloop
  endfacet
  facet normal -0.864175 -0.503191 0
    outer loop
      vertex 334.152 190.689 2.4
      vertex 334.198 190.61 0
      vertex 334.198 190.61 2.4
    endloop
  endfacet
  facet normal 0.0657912 -0.997833 0
    outer loop
      vertex 332.914 191.293 0
      vertex 333.005 191.299 2.4
      vertex 332.914 191.293 2.4
    endloop
  endfacet
  facet normal 0.0657912 -0.997833 0
    outer loop
      vertex 333.005 191.299 2.4
      vertex 332.914 191.293 0
      vertex 333.005 191.299 0
    endloop
  endfacet
  facet normal -0.0657912 -0.997833 0
    outer loop
      vertex 333.095 191.299 0
      vertex 333.186 191.293 2.4
      vertex 333.095 191.299 2.4
    endloop
  endfacet
  facet normal -0.0657912 -0.997833 -0
    outer loop
      vertex 333.186 191.293 2.4
      vertex 333.095 191.299 0
      vertex 333.186 191.293 0
    endloop
  endfacet
  facet normal -0.208779 -0.977963 0
    outer loop
      vertex 333.276 191.28 0
      vertex 333.365 191.261 2.4
      vertex 333.276 191.28 2.4
    endloop
  endfacet
  facet normal -0.208779 -0.977963 -0
    outer loop
      vertex 333.365 191.261 2.4
      vertex 333.276 191.28 0
      vertex 333.365 191.261 0
    endloop
  endfacet
  facet normal -0.27618 -0.961106 0
    outer loop
      vertex 333.365 191.261 0
      vertex 333.452 191.236 2.4
      vertex 333.365 191.261 2.4
    endloop
  endfacet
  facet normal -0.27618 -0.961106 -0
    outer loop
      vertex 333.452 191.236 2.4
      vertex 333.365 191.261 0
      vertex 333.452 191.236 0
    endloop
  endfacet
  facet normal -0.407159 -0.913357 0
    outer loop
      vertex 333.537 191.205 0
      vertex 333.62 191.168 2.4
      vertex 333.537 191.205 2.4
    endloop
  endfacet
  facet normal -0.407159 -0.913357 -0
    outer loop
      vertex 333.62 191.168 2.4
      vertex 333.537 191.205 0
      vertex 333.62 191.168 0
    endloop
  endfacet
  facet normal -0.594701 -0.803947 0
    outer loop
      vertex 333.777 191.078 0
      vertex 333.85 191.024 2.4
      vertex 333.777 191.078 2.4
    endloop
  endfacet
  facet normal -0.594701 -0.803947 -0
    outer loop
      vertex 333.85 191.024 2.4
      vertex 333.777 191.078 0
      vertex 333.85 191.024 0
    endloop
  endfacet
  facet normal 0.999457 0.0329491 0
    outer loop
      vertex 331.753 189.909 2.4
      vertex 331.75 190 0
      vertex 331.75 190 2.4
    endloop
  endfacet
  facet normal 0.999457 0.0329491 0
    outer loop
      vertex 331.75 190 0
      vertex 331.753 189.909 2.4
      vertex 331.753 189.909 0
    endloop
  endfacet
  facet normal 0.993884 -0.110432 0
    outer loop
      vertex 331.753 190.091 2.4
      vertex 331.763 190.181 0
      vertex 331.763 190.181 2.4
    endloop
  endfacet
  facet normal 0.993884 -0.110432 0
    outer loop
      vertex 331.763 190.181 0
      vertex 331.753 190.091 2.4
      vertex 331.753 190.091 0
    endloop
  endfacet
  facet normal 0.970143 -0.242536 0
    outer loop
      vertex 331.778 190.27 2.4
      vertex 331.8 190.358 0
      vertex 331.8 190.358 2.4
    endloop
  endfacet
  facet normal 0.970143 -0.242536 0
    outer loop
      vertex 331.8 190.358 0
      vertex 331.778 190.27 2.4
      vertex 331.778 190.27 0
    endloop
  endfacet
  facet normal 0.529008 -0.848617 0
    outer loop
      vertex 332.323 191.078 0
      vertex 332.4 191.126 2.4
      vertex 332.323 191.078 2.4
    endloop
  endfacet
  facet normal 0.529008 -0.848617 0
    outer loop
      vertex 332.4 191.126 2.4
      vertex 332.323 191.078 0
      vertex 332.4 191.126 0
    endloop
  endfacet
  facet normal 0.638018 -0.770022 0
    outer loop
      vertex 332.18 190.966 0
      vertex 332.25 191.024 2.4
      vertex 332.18 190.966 2.4
    endloop
  endfacet
  facet normal 0.638018 -0.770022 0
    outer loop
      vertex 332.25 191.024 2.4
      vertex 332.18 190.966 0
      vertex 332.25 191.024 0
    endloop
  endfacet
  facet normal 0.407159 -0.913357 0
    outer loop
      vertex 332.48 191.168 0
      vertex 332.563 191.205 2.4
      vertex 332.48 191.168 2.4
    endloop
  endfacet
  facet normal 0.407159 -0.913357 0
    outer loop
      vertex 332.563 191.205 2.4
      vertex 332.48 191.168 0
      vertex 332.563 191.205 0
    endloop
  endfacet
  facet normal -0.999457 -0.0329491 0
    outer loop
      vertex 334.35 190 0
      vertex 334.347 190.091 2.4
      vertex 334.347 190.091 0
    endloop
  endfacet
  facet normal -0.999457 -0.0329491 0
    outer loop
      vertex 334.347 190.091 2.4
      vertex 334.35 190 0
      vertex 334.35 190 2.4
    endloop
  endfacet
  facet normal -0.986093 0.166195 0
    outer loop
      vertex 334.322 189.73 0
      vertex 334.337 189.819 2.4
      vertex 334.337 189.819 0
    endloop
  endfacet
  facet normal -0.986093 0.166195 0
    outer loop
      vertex 334.337 189.819 2.4
      vertex 334.322 189.73 0
      vertex 334.322 189.73 2.4
    endloop
  endfacet
  facet normal -0.789352 0.613941 0
    outer loop
      vertex 334.046 189.164 0
      vertex 334.102 189.236 2.4
      vertex 334.102 189.236 0
    endloop
  endfacet
  facet normal -0.789352 0.613941 0
    outer loop
      vertex 334.102 189.236 2.4
      vertex 334.046 189.164 0
      vertex 334.046 189.164 2.4
    endloop
  endfacet
  facet normal -0.0657912 0.997833 0
    outer loop
      vertex 333.186 188.707 0
      vertex 333.095 188.701 2.4
      vertex 333.186 188.707 2.4
    endloop
  endfacet
  facet normal -0.0657912 0.997833 0
    outer loop
      vertex 333.095 188.701 2.4
      vertex 333.186 188.707 0
      vertex 333.095 188.701 0
    endloop
  endfacet
  facet normal 0.73944 0.673222 0
    outer loop
      vertex 332.115 189.097 2.4
      vertex 332.054 189.164 0
      vertex 332.054 189.164 2.4
    endloop
  endfacet
  facet normal 0.73944 0.673222 0
    outer loop
      vertex 332.054 189.164 0
      vertex 332.115 189.097 2.4
      vertex 332.115 189.097 0
    endloop
  endfacet
  facet normal 0.951915 0.306363 0
    outer loop
      vertex 331.828 189.555 2.4
      vertex 331.8 189.642 0
      vertex 331.8 189.642 2.4
    endloop
  endfacet
  facet normal 0.951915 0.306363 0
    outer loop
      vertex 331.8 189.642 0
      vertex 331.828 189.555 2.4
      vertex 331.828 189.555 0
    endloop
  endfacet
  facet normal 0.970143 0.242536 0
    outer loop
      vertex 331.8 189.642 2.4
      vertex 331.778 189.73 0
      vertex 331.778 189.73 2.4
    endloop
  endfacet
  facet normal 0.970143 0.242536 0
    outer loop
      vertex 331.778 189.73 0
      vertex 331.8 189.642 2.4
      vertex 331.8 189.642 0
    endloop
  endfacet
  facet normal -0.73944 -0.673222 0
    outer loop
      vertex 334.046 190.836 0
      vertex 333.985 190.903 2.4
      vertex 333.985 190.903 0
    endloop
  endfacet
  facet normal -0.73944 -0.673222 0
    outer loop
      vertex 333.985 190.903 2.4
      vertex 334.046 190.836 0
      vertex 334.046 190.836 2.4
    endloop
  endfacet
  facet normal 0 -1 0
    outer loop
      vertex 333.005 191.299 0
      vertex 333.095 191.299 2.4
      vertex 333.005 191.299 2.4
    endloop
  endfacet
  facet normal 0 -1 -0
    outer loop
      vertex 333.095 191.299 2.4
      vertex 333.005 191.299 0
      vertex 333.095 191.299 0
    endloop
  endfacet
  facet normal -0.34263 -0.93947 0
    outer loop
      vertex 333.452 191.236 0
      vertex 333.537 191.205 2.4
      vertex 333.452 191.236 2.4
    endloop
  endfacet
  facet normal -0.34263 -0.93947 -0
    outer loop
      vertex 333.537 191.205 2.4
      vertex 333.452 191.236 0
      vertex 333.537 191.205 0
    endloop
  endfacet
  facet normal 0.864175 -0.503191 0
    outer loop
      vertex 331.902 190.61 2.4
      vertex 331.948 190.689 0
      vertex 331.948 190.689 2.4
    endloop
  endfacet
  facet normal 0.864175 -0.503191 0
    outer loop
      vertex 331.948 190.689 0
      vertex 331.902 190.61 2.4
      vertex 331.902 190.61 0
    endloop
  endfacet
  facet normal 0.83205 -0.5547 0
    outer loop
      vertex 331.948 190.689 2.4
      vertex 331.998 190.764 0
      vertex 331.998 190.764 2.4
    endloop
  endfacet
  facet normal 0.83205 -0.5547 0
    outer loop
      vertex 331.998 190.764 0
      vertex 331.948 190.689 2.4
      vertex 331.948 190.689 0
    endloop
  endfacet
  facet normal 0.789352 -0.613941 0
    outer loop
      vertex 331.998 190.764 2.4
      vertex 332.054 190.836 0
      vertex 332.054 190.836 2.4
    endloop
  endfacet
  facet normal 0.789352 -0.613941 0
    outer loop
      vertex 332.054 190.836 0
      vertex 331.998 190.764 2.4
      vertex 331.998 190.764 0
    endloop
  endfacet
  facet normal 0 0 -1
    outer loop
      vertex 334.347 189.909 2.4
      vertex 334.347 190.091 2.4
      vertex 334.35 190 2.4
    endloop
  endfacet
  facet normal 0 0 -1
    outer loop
      vertex 334.337 189.819 2.4
      vertex 334.347 190.091 2.4
      vertex 334.347 189.909 2.4
    endloop
  endfacet
  facet normal 0 0 -1
    outer loop
      vertex 334.337 189.819 2.4
      vertex 334.337 190.181 2.4
      vertex 334.347 190.091 2.4
    endloop
  endfacet
  facet normal 0 0 -1
    outer loop
      vertex 334.322 189.73 2.4
      vertex 334.337 190.181 2.4
      vertex 334.337 189.819 2.4
    endloop
  endfacet
  facet normal 0 0 -1
    outer loop
      vertex 334.322 189.73 2.4
      vertex 334.322 190.27 2.4
      vertex 334.337 190.181 2.4
    endloop
  endfacet
  facet normal 0 0 -1
    outer loop
      vertex 334.3 189.642 2.4
      vertex 334.322 190.27 2.4
      vertex 334.322 189.73 2.4
    endloop
  endfacet
  facet normal 0 0 -1
    outer loop
      vertex 334.3 189.642 2.4
      vertex 334.3 190.358 2.4
      vertex 334.322 190.27 2.4
    endloop
  endfacet
  facet normal 0 0 -1
    outer loop
      vertex 334.272 189.555 2.4
      vertex 334.3 190.358 2.4
      vertex 334.3 189.642 2.4
    endloop
  endfacet
  facet normal 0 0 -1
    outer loop
      vertex 334.272 189.555 2.4
      vertex 334.272 190.445 2.4
      vertex 334.3 190.358 2.4
    endloop
  endfacet
  facet normal 0 0 -1
    outer loop
      vertex 334.238 189.471 2.4
      vertex 334.272 190.445 2.4
      vertex 334.272 189.555 2.4
    endloop
  endfacet
  facet normal 0 0 -1
    outer loop
      vertex 334.238 189.471 2.4
      vertex 334.238 190.529 2.4
      vertex 334.272 190.445 2.4
    endloop
  endfacet
  facet normal 0 0 -1
    outer loop
      vertex 334.198 189.39 2.4
      vertex 334.238 190.529 2.4
      vertex 334.238 189.471 2.4
    endloop
  endfacet
  facet normal 0 0 -1
    outer loop
      vertex 334.198 189.39 2.4
      vertex 334.198 190.61 2.4
      vertex 334.238 190.529 2.4
    endloop
  endfacet
  facet normal 0 0 -1
    outer loop
      vertex 334.152 189.311 2.4
      vertex 334.198 190.61 2.4
      vertex 334.198 189.39 2.4
    endloop
  endfacet
  facet normal 0 0 -1
    outer loop
      vertex 334.152 189.311 2.4
      vertex 334.152 190.689 2.4
      vertex 334.198 190.61 2.4
    endloop
  endfacet
  facet normal 0 0 -1
    outer loop
      vertex 334.102 189.236 2.4
      vertex 334.152 190.689 2.4
      vertex 334.152 189.311 2.4
    endloop
  endfacet
  facet normal 0 0 -1
    outer loop
      vertex 334.102 189.236 2.4
      vertex 334.102 190.764 2.4
      vertex 334.152 190.689 2.4
    endloop
  endfacet
  facet normal 0 0 -1
    outer loop
      vertex 334.046 189.164 2.4
      vertex 334.102 190.764 2.4
      vertex 334.102 189.236 2.4
    endloop
  endfacet
  facet normal 0 0 -1
    outer loop
      vertex 334.046 189.164 2.4
      vertex 334.046 190.836 2.4
      vertex 334.102 190.764 2.4
    endloop
  endfacet
  facet normal 0 0 -1
    outer loop
      vertex 333.985 189.097 2.4
      vertex 334.046 190.836 2.4
      vertex 334.046 189.164 2.4
    endloop
  endfacet
  facet normal 0 0 -1
    outer loop
      vertex 333.985 189.097 2.4
      vertex 333.985 190.903 2.4
      vertex 334.046 190.836 2.4
    endloop
  endfacet
  facet normal 0 0 -1
    outer loop
      vertex 333.92 189.034 2.4
      vertex 333.985 190.903 2.4
      vertex 333.985 189.097 2.4
    endloop
  endfacet
  facet normal 0 0 -1
    outer loop
      vertex 333.92 189.034 2.4
      vertex 333.92 190.966 2.4
      vertex 333.985 190.903 2.4
    endloop
  endfacet
  facet normal 0 0 -1
    outer loop
      vertex 333.85 188.976 2.4
      vertex 333.92 190.966 2.4
      vertex 333.92 189.034 2.4
    endloop
  endfacet
  facet normal 0 0 -1
    outer loop
      vertex 333.85 188.976 2.4
      vertex 333.85 191.024 2.4
      vertex 333.92 190.966 2.4
    endloop
  endfacet
  facet normal 0 0 -1
    outer loop
      vertex 333.777 188.922 2.4
      vertex 333.85 191.024 2.4
      vertex 333.85 188.976 2.4
    endloop
  endfacet
  facet normal 0 0 -1
    outer loop
      vertex 333.777 188.922 2.4
      vertex 333.777 191.078 2.4
      vertex 333.85 191.024 2.4
    endloop
  endfacet
  facet normal 0 0 -1
    outer loop
      vertex 333.7 188.874 2.4
      vertex 333.777 191.078 2.4
      vertex 333.777 188.922 2.4
    endloop
  endfacet
  facet normal 0 0 -1
    outer loop
      vertex 333.7 188.874 2.4
      vertex 333.7 191.126 2.4
      vertex 333.777 191.078 2.4
    endloop
  endfacet
  facet normal 0 0 -1
    outer loop
      vertex 333.62 188.832 2.4
      vertex 333.7 191.126 2.4
      vertex 333.7 188.874 2.4
    endloop
  endfacet
  facet normal 0 0 -1
    outer loop
      vertex 333.62 188.832 2.4
      vertex 333.62 191.168 2.4
      vertex 333.7 191.126 2.4
    endloop
  endfacet
  facet normal 0 0 -1
    outer loop
      vertex 333.537 188.795 2.4
      vertex 333.62 191.168 2.4
      vertex 333.62 188.832 2.4
    endloop
  endfacet
  facet normal 0 0 -1
    outer loop
      vertex 333.537 188.795 2.4
      vertex 333.537 191.205 2.4
      vertex 333.62 191.168 2.4
    endloop
  endfacet
  facet normal 0 0 -1
    outer loop
      vertex 333.452 188.764 2.4
      vertex 333.537 191.205 2.4
      vertex 333.537 188.795 2.4
    endloop
  endfacet
  facet normal 0 0 -1
    outer loop
      vertex 333.452 188.764 2.4
      vertex 333.452 191.236 2.4
      vertex 333.537 191.205 2.4
    endloop
  endfacet
  facet normal 0 0 -1
    outer loop
      vertex 333.365 188.739 2.4
      vertex 333.452 191.236 2.4
      vertex 333.452 188.764 2.4
    endloop
  endfacet
  facet normal 0 0 -1
    outer loop
      vertex 333.365 188.739 2.4
      vertex 333.365 191.261 2.4
      vertex 333.452 191.236 2.4
    endloop
  endfacet
  facet normal 0 0 -1
    outer loop
      vertex 333.276 188.72 2.4
      vertex 333.365 191.261 2.4
      vertex 333.365 188.739 2.4
    endloop
  endfacet
  facet normal 0 0 -1
    outer loop
      vertex 333.276 188.72 2.4
      vertex 333.276 191.28 2.4
      vertex 333.365 191.261 2.4
    endloop
  endfacet
  facet normal 0 0 -1
    outer loop
      vertex 333.186 188.707 2.4
      vertex 333.276 191.28 2.4
      vertex 333.276 188.72 2.4
    endloop
  endfacet
  facet normal 0 0 -1
    outer loop
      vertex 333.186 188.707 2.4
      vertex 333.186 191.293 2.4
      vertex 333.276 191.28 2.4
    endloop
  endfacet
  facet normal 0 0 -1
    outer loop
      vertex 333.095 188.701 2.4
      vertex 333.186 191.293 2.4
      vertex 333.186 188.707 2.4
    endloop
  endfacet
  facet normal 0 0 -1
    outer loop
      vertex 333.095 188.701 2.4
      vertex 333.095 191.299 2.4
      vertex 333.186 191.293 2.4
    endloop
  endfacet
  facet normal 0 0 -1
    outer loop
      vertex 333.005 188.701 2.4
      vertex 333.095 191.299 2.4
      vertex 333.095 188.701 2.4
    endloop
  endfacet
  facet normal 0 0 -1
    outer loop
      vertex 333.005 188.701 2.4
      vertex 333.005 191.299 2.4
      vertex 333.095 191.299 2.4
    endloop
  endfacet
  facet normal 0 0 -1
    outer loop
      vertex 332.914 188.707 2.4
      vertex 333.005 191.299 2.4
      vertex 333.005 188.701 2.4
    endloop
  endfacet
  facet normal 0 0 -1
    outer loop
      vertex 332.914 188.707 2.4
      vertex 332.914 191.293 2.4
      vertex 333.005 191.299 2.4
    endloop
  endfacet
  facet normal 0 0 -1
    outer loop
      vertex 332.824 188.72 2.4
      vertex 332.914 191.293 2.4
      vertex 332.914 188.707 2.4
    endloop
  endfacet
  facet normal 0 0 -1
    outer loop
      vertex 332.824 188.72 2.4
      vertex 332.824 191.28 2.4
      vertex 332.914 191.293 2.4
    endloop
  endfacet
  facet normal 0 0 -1
    outer loop
      vertex 332.736 188.739 2.4
      vertex 332.824 191.28 2.4
      vertex 332.824 188.72 2.4
    endloop
  endfacet
  facet normal 0 0 -1
    outer loop
      vertex 332.736 188.739 2.4
      vertex 332.736 191.261 2.4
      vertex 332.824 191.28 2.4
    endloop
  endfacet
  facet normal 0 0 -1
    outer loop
      vertex 332.648 188.764 2.4
      vertex 332.736 191.261 2.4
      vertex 332.736 188.739 2.4
    endloop
  endfacet
  facet normal 0 0 -1
    outer loop
      vertex 332.648 188.764 2.4
      vertex 332.648 191.236 2.4
      vertex 332.736 191.261 2.4
    endloop
  endfacet
  facet normal 0 0 -1
    outer loop
      vertex 332.563 188.795 2.4
      vertex 332.648 191.236 2.4
      vertex 332.648 188.764 2.4
    endloop
  endfacet
  facet normal 0 0 -1
    outer loop
      vertex 332.563 188.795 2.4
      vertex 332.563 191.205 2.4
      vertex 332.648 191.236 2.4
    endloop
  endfacet
  facet normal 0 0 -1
    outer loop
      vertex 332.48 188.832 2.4
      vertex 332.563 191.205 2.4
      vertex 332.563 188.795 2.4
    endloop
  endfacet
  facet normal 0 0 -1
    outer loop
      vertex 332.48 188.832 2.4
      vertex 332.48 191.168 2.4
      vertex 332.563 191.205 2.4
    endloop
  endfacet
  facet normal 0 0 -1
    outer loop
      vertex 332.4 188.874 2.4
      vertex 332.48 191.168 2.4
      vertex 332.48 188.832 2.4
    endloop
  endfacet
  facet normal 0 0 -1
    outer loop
      vertex 332.4 188.874 2.4
      vertex 332.4 191.126 2.4
      vertex 332.48 191.168 2.4
    endloop
  endfacet
  facet normal 0 0 -1
    outer loop
      vertex 332.323 188.922 2.4
      vertex 332.4 191.126 2.4
      vertex 332.4 188.874 2.4
    endloop
  endfacet
  facet normal 0 0 -1
    outer loop
      vertex 332.323 188.922 2.4
      vertex 332.323 191.078 2.4
      vertex 332.4 191.126 2.4
    endloop
  endfacet
  facet normal 0 0 -1
    outer loop
      vertex 332.25 188.976 2.4
      vertex 332.323 191.078 2.4
      vertex 332.323 188.922 2.4
    endloop
  endfacet
  facet normal 0 0 -1
    outer loop
      vertex 332.25 188.976 2.4
      vertex 332.25 191.024 2.4
      vertex 332.323 191.078 2.4
    endloop
  endfacet
  facet normal 0 0 -1
    outer loop
      vertex 332.18 189.034 2.4
      vertex 332.25 191.024 2.4
      vertex 332.25 188.976 2.4
    endloop
  endfacet
  facet normal 0 0 -1
    outer loop
      vertex 332.18 189.034 2.4
      vertex 332.18 190.966 2.4
      vertex 332.25 191.024 2.4
    endloop
  endfacet
  facet normal 0 0 -1
    outer loop
      vertex 332.115 189.097 2.4
      vertex 332.18 190.966 2.4
      vertex 332.18 189.034 2.4
    endloop
  endfacet
  facet normal 0 0 -1
    outer loop
      vertex 332.115 189.097 2.4
      vertex 332.115 190.903 2.4
      vertex 332.18 190.966 2.4
    endloop
  endfacet
  facet normal 0 0 -1
    outer loop
      vertex 332.054 189.164 2.4
      vertex 332.115 190.903 2.4
      vertex 332.115 189.097 2.4
    endloop
  endfacet
  facet normal 0 0 -1
    outer loop
      vertex 332.054 189.164 2.4
      vertex 332.054 190.836 2.4
      vertex 332.115 190.903 2.4
    endloop
  endfacet
  facet normal 0 0 -1
    outer loop
      vertex 331.998 189.236 2.4
      vertex 332.054 190.836 2.4
      vertex 332.054 189.164 2.4
    endloop
  endfacet
  facet normal 0 0 -1
    outer loop
      vertex 331.998 189.236 2.4
      vertex 331.998 190.764 2.4
      vertex 332.054 190.836 2.4
    endloop
  endfacet
  facet normal 0 0 -1
    outer loop
      vertex 331.948 189.311 2.4
      vertex 331.998 190.764 2.4
      vertex 331.998 189.236 2.4
    endloop
  endfacet
  facet normal 0 0 -1
    outer loop
      vertex 331.948 189.311 2.4
      vertex 331.948 190.689 2.4
      vertex 331.998 190.764 2.4
    endloop
  endfacet
  facet normal 0 0 -1
    outer loop
      vertex 331.902 189.39 2.4
      vertex 331.948 190.689 2.4
      vertex 331.948 189.311 2.4
    endloop
  endfacet
  facet normal 0 0 -1
    outer loop
      vertex 331.902 189.39 2.4
      vertex 331.902 190.61 2.4
      vertex 331.948 190.689 2.4
    endloop
  endfacet
  facet normal 0 0 -1
    outer loop
      vertex 331.862 189.471 2.4
      vertex 331.902 190.61 2.4
      vertex 331.902 189.39 2.4
    endloop
  endfacet
  facet normal 0 0 -1
    outer loop
      vertex 331.862 189.471 2.4
      vertex 331.862 190.529 2.4
      vertex 331.902 190.61 2.4
    endloop
  endfacet
  facet normal 0 0 -1
    outer loop
      vertex 331.828 189.555 2.4
      vertex 331.862 190.529 2.4
      vertex 331.862 189.471 2.4
    endloop
  endfacet
  facet normal 0 0 -1
    outer loop
      vertex 331.828 189.555 2.4
      vertex 331.828 190.445 2.4
      vertex 331.862 190.529 2.4
    endloop
  endfacet
  facet normal 0 0 -1
    outer loop
      vertex 331.8 189.642 2.4
      vertex 331.828 190.445 2.4
      vertex 331.828 189.555 2.4
    endloop
  endfacet
  facet normal 0 0 -1
    outer loop
      vertex 331.8 189.642 2.4
      vertex 331.8 190.358 2.4
      vertex 331.828 190.445 2.4
    endloop
  endfacet
  facet normal 0 0 -1
    outer loop
      vertex 331.778 189.73 2.4
      vertex 331.8 190.358 2.4
      vertex 331.8 189.642 2.4
    endloop
  endfacet
  facet normal 0 0 -1
    outer loop
      vertex 331.778 189.73 2.4
      vertex 331.778 190.27 2.4
      vertex 331.8 190.358 2.4
    endloop
  endfacet
  facet normal 0 0 -1
    outer loop
      vertex 331.763 189.819 2.4
      vertex 331.778 190.27 2.4
      vertex 331.778 189.73 2.4
    endloop
  endfacet
  facet normal 0 0 -1
    outer loop
      vertex 331.763 189.819 2.4
      vertex 331.763 190.181 2.4
      vertex 331.778 190.27 2.4
    endloop
  endfacet
  facet normal 0 0 -1
    outer loop
      vertex 331.753 189.909 2.4
      vertex 331.763 190.181 2.4
      vertex 331.763 189.819 2.4
    endloop
  endfacet
  facet normal 0 0 -1
    outer loop
      vertex 331.753 189.909 2.4
      vertex 331.753 190.091 2.4
      vertex 331.763 190.181 2.4
    endloop
  endfacet
  facet normal 0 -0 -1
    outer loop
      vertex 331.753 190.091 2.4
      vertex 331.753 189.909 2.4
      vertex 331.75 190 2.4
    endloop
  endfacet
  facet normal 0.999457 -0.0329491 0
    outer loop
      vertex 331.75 190 2.4
      vertex 331.753 190.091 0
      vertex 331.753 190.091 2.4
    endloop
  endfacet
  facet normal 0.999457 -0.0329491 0
    outer loop
      vertex 331.753 190.091 0
      vertex 331.75 190 2.4
      vertex 331.75 190 0
    endloop
  endfacet
  facet normal 0.951915 -0.306363 0
    outer loop
      vertex 331.8 190.358 2.4
      vertex 331.828 190.445 0
      vertex 331.828 190.445 2.4
    endloop
  endfacet
  facet normal 0.951915 -0.306363 0
    outer loop
      vertex 331.828 190.445 0
      vertex 331.8 190.358 2.4
      vertex 331.8 190.358 0
    endloop
  endfacet
  facet normal 0.464834 -0.885398 0
    outer loop
      vertex 332.4 191.126 0
      vertex 332.48 191.168 2.4
      vertex 332.4 191.126 2.4
    endloop
  endfacet
  facet normal 0.464834 -0.885398 0
    outer loop
      vertex 332.48 191.168 2.4
      vertex 332.4 191.126 0
      vertex 332.48 191.168 0
    endloop
  endfacet
  facet normal 0.34263 -0.93947 0
    outer loop
      vertex 332.563 191.205 0
      vertex 332.648 191.236 2.4
      vertex 332.563 191.205 2.4
    endloop
  endfacet
  facet normal 0.34263 -0.93947 0
    outer loop
      vertex 332.648 191.236 2.4
      vertex 332.563 191.205 0
      vertex 332.648 191.236 0
    endloop
  endfacet
  facet normal -0.993884 0.110432 0
    outer loop
      vertex 334.337 189.819 0
      vertex 334.347 189.909 2.4
      vertex 334.347 189.909 0
    endloop
  endfacet
  facet normal -0.993884 0.110432 0
    outer loop
      vertex 334.347 189.909 2.4
      vertex 334.337 189.819 0
      vertex 334.337 189.819 2.4
    endloop
  endfacet
  facet normal -0.970143 0.242536 0
    outer loop
      vertex 334.3 189.642 0
      vertex 334.322 189.73 2.4
      vertex 334.322 189.73 0
    endloop
  endfacet
  facet normal -0.970143 0.242536 0
    outer loop
      vertex 334.322 189.73 2.4
      vertex 334.3 189.642 0
      vertex 334.3 189.642 2.4
    endloop
  endfacet
  facet normal -0.464834 0.885398 0
    outer loop
      vertex 333.7 188.874 0
      vertex 333.62 188.832 2.4
      vertex 333.7 188.874 2.4
    endloop
  endfacet
  facet normal -0.464834 0.885398 0
    outer loop
      vertex 333.62 188.832 2.4
      vertex 333.7 188.874 0
      vertex 333.62 188.832 0
    endloop
  endfacet
  facet normal -0.529008 0.848617 0
    outer loop
      vertex 333.777 188.922 0
      vertex 333.7 188.874 2.4
      vertex 333.777 188.922 2.4
    endloop
  endfacet
  facet normal -0.529008 0.848617 0
    outer loop
      vertex 333.7 188.874 2.4
      vertex 333.777 188.922 0
      vertex 333.7 188.874 0
    endloop
  endfacet
  facet normal -0.83205 0.5547 0
    outer loop
      vertex 334.102 189.236 0
      vertex 334.152 189.311 2.4
      vertex 334.152 189.311 0
    endloop
  endfacet
  facet normal -0.83205 0.5547 0
    outer loop
      vertex 334.152 189.311 2.4
      vertex 334.102 189.236 0
      vertex 334.102 189.236 2.4
    endloop
  endfacet
  facet normal 0.211046 0.977476 -0
    outer loop
      vertex 332.824 188.72 0
      vertex 332.736 188.739 2.4
      vertex 332.824 188.72 2.4
    endloop
  endfacet
  facet normal 0.211046 0.977476 0
    outer loop
      vertex 332.736 188.739 2.4
      vertex 332.824 188.72 0
      vertex 332.736 188.739 0
    endloop
  endfacet
  facet normal 0.273277 0.961935 -0
    outer loop
      vertex 332.736 188.739 0
      vertex 332.648 188.764 2.4
      vertex 332.736 188.739 2.4
    endloop
  endfacet
  facet normal 0.273277 0.961935 0
    outer loop
      vertex 332.648 188.764 2.4
      vertex 332.736 188.739 0
      vertex 332.648 188.764 0
    endloop
  endfacet
  facet normal 0.0657912 0.997833 -0
    outer loop
      vertex 333.005 188.701 0
      vertex 332.914 188.707 2.4
      vertex 333.005 188.701 2.4
    endloop
  endfacet
  facet normal 0.0657912 0.997833 0
    outer loop
      vertex 332.914 188.707 2.4
      vertex 333.005 188.701 0
      vertex 332.914 188.707 0
    endloop
  endfacet
  facet normal 0.695973 0.718068 -0
    outer loop
      vertex 332.18 189.034 0
      vertex 332.115 189.097 2.4
      vertex 332.18 189.034 2.4
    endloop
  endfacet
  facet normal 0.695973 0.718068 0
    outer loop
      vertex 332.115 189.097 2.4
      vertex 332.18 189.034 0
      vertex 332.115 189.097 0
    endloop
  endfacet
  facet normal 0.789352 0.613941 0
    outer loop
      vertex 332.054 189.164 2.4
      vertex 331.998 189.236 0
      vertex 331.998 189.236 2.4
    endloop
  endfacet
  facet normal 0.789352 0.613941 0
    outer loop
      vertex 331.998 189.236 0
      vertex 332.054 189.164 2.4
      vertex 332.054 189.164 0
    endloop
  endfacet
  facet normal 0.926947 0.375193 0
    outer loop
      vertex 331.862 189.471 2.4
      vertex 331.828 189.555 0
      vertex 331.828 189.555 2.4
    endloop
  endfacet
  facet normal 0.926947 0.375193 0
    outer loop
      vertex 331.828 189.555 0
      vertex 331.862 189.471 2.4
      vertex 331.862 189.471 0
    endloop
  endfacet
  facet normal -0.27618 0.961106 0
    outer loop
      vertex 333.452 188.764 0
      vertex 333.365 188.739 2.4
      vertex 333.452 188.764 2.4
    endloop
  endfacet
  facet normal -0.27618 0.961106 0
    outer loop
      vertex 333.365 188.739 2.4
      vertex 333.452 188.764 0
      vertex 333.365 188.739 0
    endloop
  endfacet
  facet normal -0.34263 0.93947 0
    outer loop
      vertex 333.537 188.795 0
      vertex 333.452 188.764 2.4
      vertex 333.537 188.795 2.4
    endloop
  endfacet
  facet normal -0.34263 0.93947 0
    outer loop
      vertex 333.452 188.764 2.4
      vertex 333.537 188.795 0
      vertex 333.452 188.764 0
    endloop
  endfacet
  facet normal -0.208779 0.977963 0
    outer loop
      vertex 333.365 188.739 0
      vertex 333.276 188.72 2.4
      vertex 333.365 188.739 2.4
    endloop
  endfacet
  facet normal -0.208779 0.977963 0
    outer loop
      vertex 333.276 188.72 2.4
      vertex 333.365 188.739 0
      vertex 333.276 188.72 0
    endloop
  endfacet
  facet normal -0.89663 0.44278 0
    outer loop
      vertex 334.198 189.39 0
      vertex 334.238 189.471 2.4
      vertex 334.238 189.471 0
    endloop
  endfacet
  facet normal -0.89663 0.44278 0
    outer loop
      vertex 334.238 189.471 2.4
      vertex 334.198 189.39 0
      vertex 334.198 189.39 2.4
    endloop
  endfacet
  facet normal -0.864175 0.503191 0
    outer loop
      vertex 334.152 189.311 0
      vertex 334.198 189.39 2.4
      vertex 334.198 189.39 0
    endloop
  endfacet
  facet normal -0.864175 0.503191 0
    outer loop
      vertex 334.198 189.39 2.4
      vertex 334.152 189.311 0
      vertex 334.152 189.311 2.4
    endloop
  endfacet
  facet normal -0.951915 0.306363 0
    outer loop
      vertex 334.272 189.555 0
      vertex 334.3 189.642 2.4
      vertex 334.3 189.642 0
    endloop
  endfacet
  facet normal -0.951915 0.306363 0
    outer loop
      vertex 334.3 189.642 2.4
      vertex 334.272 189.555 0
      vertex 334.272 189.555 2.4
    endloop
  endfacet
  facet normal -0.638018 0.770022 0
    outer loop
      vertex 333.92 189.034 0
      vertex 333.85 188.976 2.4
      vertex 333.92 189.034 2.4
    endloop
  endfacet
  facet normal -0.638018 0.770022 0
    outer loop
      vertex 333.85 188.976 2.4
      vertex 333.92 189.034 0
      vertex 333.85 188.976 0
    endloop
  endfacet
  facet normal -0.594701 0.803947 0
    outer loop
      vertex 333.85 188.976 0
      vertex 333.777 188.922 2.4
      vertex 333.85 188.976 2.4
    endloop
  endfacet
  facet normal -0.594701 0.803947 0
    outer loop
      vertex 333.777 188.922 2.4
      vertex 333.85 188.976 0
      vertex 333.777 188.922 0
    endloop
  endfacet
  facet normal -0.73944 0.673222 0
    outer loop
      vertex 333.985 189.097 0
      vertex 334.046 189.164 2.4
      vertex 334.046 189.164 0
    endloop
  endfacet
  facet normal -0.73944 0.673222 0
    outer loop
      vertex 334.046 189.164 2.4
      vertex 333.985 189.097 0
      vertex 333.985 189.097 2.4
    endloop
  endfacet
  facet normal -0.695973 0.718068 0
    outer loop
      vertex 333.985 189.097 0
      vertex 333.92 189.034 2.4
      vertex 333.985 189.097 2.4
    endloop
  endfacet
  facet normal -0.695973 0.718068 0
    outer loop
      vertex 333.92 189.034 2.4
      vertex 333.985 189.097 0
      vertex 333.92 189.034 0
    endloop
  endfacet
  facet normal 0 1 -0
    outer loop
      vertex 333.095 188.701 0
      vertex 333.005 188.701 2.4
      vertex 333.095 188.701 2.4
    endloop
  endfacet
  facet normal 0 1 0
    outer loop
      vertex 333.005 188.701 2.4
      vertex 333.095 188.701 0
      vertex 333.005 188.701 0
    endloop
  endfacet
  facet normal 0.34263 0.93947 -0
    outer loop
      vertex 332.648 188.764 0
      vertex 332.563 188.795 2.4
      vertex 332.648 188.764 2.4
    endloop
  endfacet
  facet normal 0.34263 0.93947 0
    outer loop
      vertex 332.563 188.795 2.4
      vertex 332.648 188.764 0
      vertex 332.563 188.795 0
    endloop
  endfacet
  facet normal 0.407159 0.913357 -0
    outer loop
      vertex 332.563 188.795 0
      vertex 332.48 188.832 2.4
      vertex 332.563 188.795 2.4
    endloop
  endfacet
  facet normal 0.407159 0.913357 0
    outer loop
      vertex 332.48 188.832 2.4
      vertex 332.563 188.795 0
      vertex 332.48 188.832 0
    endloop
  endfacet
  facet normal 0.638018 0.770022 -0
    outer loop
      vertex 332.25 188.976 0
      vertex 332.18 189.034 2.4
      vertex 332.25 188.976 2.4
    endloop
  endfacet
  facet normal 0.638018 0.770022 0
    outer loop
      vertex 332.18 189.034 2.4
      vertex 332.25 188.976 0
      vertex 332.18 189.034 0
    endloop
  endfacet
  facet normal 0.83205 0.5547 0
    outer loop
      vertex 331.998 189.236 2.4
      vertex 331.948 189.311 0
      vertex 331.948 189.311 2.4
    endloop
  endfacet
  facet normal 0.83205 0.5547 0
    outer loop
      vertex 331.948 189.311 0
      vertex 331.998 189.236 2.4
      vertex 331.998 189.236 0
    endloop
  endfacet
  facet normal 0.864175 0.503191 0
    outer loop
      vertex 331.948 189.311 2.4
      vertex 331.902 189.39 0
      vertex 331.902 189.39 2.4
    endloop
  endfacet
  facet normal 0.864175 0.503191 0
    outer loop
      vertex 331.902 189.39 0
      vertex 331.948 189.311 2.4
      vertex 331.948 189.311 0
    endloop
  endfacet
  facet normal 0.986093 0.166195 0
    outer loop
      vertex 331.778 189.73 2.4
      vertex 331.763 189.819 0
      vertex 331.763 189.819 2.4
    endloop
  endfacet
  facet normal 0.986093 0.166195 0
    outer loop
      vertex 331.763 189.819 0
      vertex 331.778 189.73 2.4
      vertex 331.778 189.73 0
    endloop
  endfacet
  facet normal 0.993884 0.110432 0
    outer loop
      vertex 331.763 189.819 2.4
      vertex 331.753 189.909 0
      vertex 331.753 189.909 2.4
    endloop
  endfacet
  facet normal 0.993884 0.110432 0
    outer loop
      vertex 331.753 189.909 0
      vertex 331.763 189.819 2.4
      vertex 331.763 189.819 0
    endloop
  endfacet
  facet normal 0.142961 0.989728 -0
    outer loop
      vertex 332.914 188.707 0
      vertex 332.824 188.72 2.4
      vertex 332.914 188.707 2.4
    endloop
  endfacet
  facet normal 0.142961 0.989728 0
    outer loop
      vertex 332.824 188.72 2.4
      vertex 332.914 188.707 0
      vertex 332.824 188.72 0
    endloop
  endfacet
  facet normal 0.594701 0.803947 -0
    outer loop
      vertex 332.323 188.922 0
      vertex 332.25 188.976 2.4
      vertex 332.323 188.922 2.4
    endloop
  endfacet
  facet normal 0.594701 0.803947 0
    outer loop
      vertex 332.25 188.976 2.4
      vertex 332.323 188.922 0
      vertex 332.25 188.976 0
    endloop
  endfacet
  facet normal 0.464834 0.885398 -0
    outer loop
      vertex 332.48 188.832 0
      vertex 332.4 188.874 2.4
      vertex 332.48 188.832 2.4
    endloop
  endfacet
  facet normal 0.464834 0.885398 0
    outer loop
      vertex 332.4 188.874 2.4
      vertex 332.48 188.832 0
      vertex 332.4 188.874 0
    endloop
  endfacet
  facet normal 0.529008 0.848617 -0
    outer loop
      vertex 332.4 188.874 0
      vertex 332.323 188.922 2.4
      vertex 332.4 188.874 2.4
    endloop
  endfacet
  facet normal 0.529008 0.848617 0
    outer loop
      vertex 332.323 188.922 2.4
      vertex 332.4 188.874 0
      vertex 332.323 188.922 0
    endloop
  endfacet
  facet normal -0.986093 -0.166195 0
    outer loop
      vertex 334.337 317.181 0
      vertex 334.322 317.27 2.4
      vertex 334.322 317.27 0
    endloop
  endfacet
  facet normal -0.986093 -0.166195 0
    outer loop
      vertex 334.322 317.27 2.4
      vertex 334.337 317.181 0
      vertex 334.337 317.181 2.4
    endloop
  endfacet
  facet normal -0.638018 -0.770022 0
    outer loop
      vertex 333.85 318.024 0
      vertex 333.92 317.966 2.4
      vertex 333.85 318.024 2.4
    endloop
  endfacet
  facet normal -0.638018 -0.770022 -0
    outer loop
      vertex 333.92 317.966 2.4
      vertex 333.85 318.024 0
      vertex 333.92 317.966 0
    endloop
  endfacet
  facet normal 0.73944 -0.673222 0
    outer loop
      vertex 332.054 317.836 2.4
      vertex 332.115 317.903 0
      vertex 332.115 317.903 2.4
    endloop
  endfacet
  facet normal 0.73944 -0.673222 0
    outer loop
      vertex 332.115 317.903 0
      vertex 332.054 317.836 2.4
      vertex 332.054 317.836 0
    endloop
  endfacet
  facet normal -0.89663 -0.44278 0
    outer loop
      vertex 334.238 317.529 0
      vertex 334.198 317.61 2.4
      vertex 334.198 317.61 0
    endloop
  endfacet
  facet normal -0.89663 -0.44278 0
    outer loop
      vertex 334.198 317.61 2.4
      vertex 334.238 317.529 0
      vertex 334.238 317.529 2.4
    endloop
  endfacet
  facet normal 0 -1 0
    outer loop
      vertex 333.005 318.299 0
      vertex 333.095 318.299 2.4
      vertex 333.005 318.299 2.4
    endloop
  endfacet
  facet normal 0 -1 -0
    outer loop
      vertex 333.095 318.299 2.4
      vertex 333.005 318.299 0
      vertex 333.095 318.299 0
    endloop
  endfacet
  facet normal -0.34263 -0.93947 0
    outer loop
      vertex 333.452 318.236 0
      vertex 333.537 318.205 2.4
      vertex 333.452 318.236 2.4
    endloop
  endfacet
  facet normal -0.34263 -0.93947 -0
    outer loop
      vertex 333.537 318.205 2.4
      vertex 333.452 318.236 0
      vertex 333.537 318.205 0
    endloop
  endfacet
  facet normal 0.89663 -0.44278 0
    outer loop
      vertex 331.862 317.529 2.4
      vertex 331.902 317.61 0
      vertex 331.902 317.61 2.4
    endloop
  endfacet
  facet normal 0.89663 -0.44278 0
    outer loop
      vertex 331.902 317.61 0
      vertex 331.862 317.529 2.4
      vertex 331.862 317.529 0
    endloop
  endfacet
  facet normal 0.999457 -0.0329491 0
    outer loop
      vertex 331.75 317 2.4
      vertex 331.753 317.091 0
      vertex 331.753 317.091 2.4
    endloop
  endfacet
  facet normal 0.999457 -0.0329491 0
    outer loop
      vertex 331.753 317.091 0
      vertex 331.75 317 2.4
      vertex 331.75 317 0
    endloop
  endfacet
  facet normal -0.999457 0.0329491 0
    outer loop
      vertex 334.347 316.909 0
      vertex 334.35 317 2.4
      vertex 334.35 317 0
    endloop
  endfacet
  facet normal -0.999457 0.0329491 0
    outer loop
      vertex 334.35 317 2.4
      vertex 334.347 316.909 0
      vertex 334.347 316.909 2.4
    endloop
  endfacet
  facet normal -0.142961 0.989728 0
    outer loop
      vertex 333.276 315.72 0
      vertex 333.186 315.707 2.4
      vertex 333.276 315.72 2.4
    endloop
  endfacet
  facet normal -0.142961 0.989728 0
    outer loop
      vertex 333.186 315.707 2.4
      vertex 333.276 315.72 0
      vertex 333.186 315.707 0
    endloop
  endfacet
  facet normal -0.970143 -0.242536 0
    outer loop
      vertex 334.322 317.27 0
      vertex 334.3 317.358 2.4
      vertex 334.3 317.358 0
    endloop
  endfacet
  facet normal -0.970143 -0.242536 0
    outer loop
      vertex 334.3 317.358 2.4
      vertex 334.322 317.27 0
      vertex 334.322 317.27 2.4
    endloop
  endfacet
  facet normal -0.789352 -0.613941 0
    outer loop
      vertex 334.102 317.764 0
      vertex 334.046 317.836 2.4
      vertex 334.046 317.836 0
    endloop
  endfacet
  facet normal -0.789352 -0.613941 0
    outer loop
      vertex 334.046 317.836 2.4
      vertex 334.102 317.764 0
      vertex 334.102 317.764 2.4
    endloop
  endfacet
  facet normal -0.695973 -0.718068 0
    outer loop
      vertex 333.92 317.966 0
      vertex 333.985 317.903 2.4
      vertex 333.92 317.966 2.4
    endloop
  endfacet
  facet normal -0.695973 -0.718068 -0
    outer loop
      vertex 333.985 317.903 2.4
      vertex 333.92 317.966 0
      vertex 333.985 317.903 0
    endloop
  endfacet
  facet normal -0.83205 -0.5547 0
    outer loop
      vertex 334.152 317.689 0
      vertex 334.102 317.764 2.4
      vertex 334.102 317.764 0
    endloop
  endfacet
  facet normal -0.83205 -0.5547 0
    outer loop
      vertex 334.102 317.764 2.4
      vertex 334.152 317.689 0
      vertex 334.152 317.689 2.4
    endloop
  endfacet
  facet normal -0.142961 -0.989728 0
    outer loop
      vertex 333.186 318.293 0
      vertex 333.276 318.28 2.4
      vertex 333.186 318.293 2.4
    endloop
  endfacet
  facet normal -0.142961 -0.989728 -0
    outer loop
      vertex 333.276 318.28 2.4
      vertex 333.186 318.293 0
      vertex 333.276 318.28 0
    endloop
  endfacet
  facet normal -0.529008 -0.848617 0
    outer loop
      vertex 333.7 318.126 0
      vertex 333.777 318.078 2.4
      vertex 333.7 318.126 2.4
    endloop
  endfacet
  facet normal -0.529008 -0.848617 -0
    outer loop
      vertex 333.777 318.078 2.4
      vertex 333.7 318.126 0
      vertex 333.777 318.078 0
    endloop
  endfacet
  facet normal -0.464834 -0.885398 0
    outer loop
      vertex 333.62 318.168 0
      vertex 333.7 318.126 2.4
      vertex 333.62 318.168 2.4
    endloop
  endfacet
  facet normal -0.464834 -0.885398 -0
    outer loop
      vertex 333.7 318.126 2.4
      vertex 333.62 318.168 0
      vertex 333.7 318.126 0
    endloop
  endfacet
  facet normal 0.789352 -0.613941 0
    outer loop
      vertex 331.998 317.764 2.4
      vertex 332.054 317.836 0
      vertex 332.054 317.836 2.4
    endloop
  endfacet
  facet normal 0.789352 -0.613941 0
    outer loop
      vertex 332.054 317.836 0
      vertex 331.998 317.764 2.4
      vertex 331.998 317.764 0
    endloop
  endfacet
  facet normal 0.926947 -0.375193 0
    outer loop
      vertex 331.828 317.445 2.4
      vertex 331.862 317.529 0
      vertex 331.862 317.529 2.4
    endloop
  endfacet
  facet normal 0.926947 -0.375193 0
    outer loop
      vertex 331.862 317.529 0
      vertex 331.828 317.445 2.4
      vertex 331.828 317.445 0
    endloop
  endfacet
  facet normal 0.986093 -0.166195 0
    outer loop
      vertex 331.763 317.181 2.4
      vertex 331.778 317.27 0
      vertex 331.778 317.27 2.4
    endloop
  endfacet
  facet normal 0.986093 -0.166195 0
    outer loop
      vertex 331.778 317.27 0
      vertex 331.763 317.181 2.4
      vertex 331.763 317.181 0
    endloop
  endfacet
  facet normal 0.594701 -0.803947 0
    outer loop
      vertex 332.25 318.024 0
      vertex 332.323 318.078 2.4
      vertex 332.25 318.024 2.4
    endloop
  endfacet
  facet normal 0.594701 -0.803947 0
    outer loop
      vertex 332.323 318.078 2.4
      vertex 332.25 318.024 0
      vertex 332.323 318.078 0
    endloop
  endfacet
  facet normal 0.695973 -0.718068 0
    outer loop
      vertex 332.115 317.903 0
      vertex 332.18 317.966 2.4
      vertex 332.115 317.903 2.4
    endloop
  endfacet
  facet normal 0.695973 -0.718068 0
    outer loop
      vertex 332.18 317.966 2.4
      vertex 332.115 317.903 0
      vertex 332.18 317.966 0
    endloop
  endfacet
  facet normal 0.142961 -0.989728 0
    outer loop
      vertex 332.824 318.28 0
      vertex 332.914 318.293 2.4
      vertex 332.824 318.28 2.4
    endloop
  endfacet
  facet normal 0.142961 -0.989728 0
    outer loop
      vertex 332.914 318.293 2.4
      vertex 332.824 318.28 0
      vertex 332.914 318.293 0
    endloop
  endfacet
  facet normal 0.273277 -0.961935 0
    outer loop
      vertex 332.648 318.236 0
      vertex 332.736 318.261 2.4
      vertex 332.648 318.236 2.4
    endloop
  endfacet
  facet normal 0.273277 -0.961935 0
    outer loop
      vertex 332.736 318.261 2.4
      vertex 332.648 318.236 0
      vertex 332.736 318.261 0
    endloop
  endfacet
  facet normal 0.211046 -0.977476 0
    outer loop
      vertex 332.736 318.261 0
      vertex 332.824 318.28 2.4
      vertex 332.736 318.261 2.4
    endloop
  endfacet
  facet normal 0.211046 -0.977476 0
    outer loop
      vertex 332.824 318.28 2.4
      vertex 332.736 318.261 0
      vertex 332.824 318.28 0
    endloop
  endfacet
  facet normal -0.926947 0.375193 0
    outer loop
      vertex 334.238 316.471 0
      vertex 334.272 316.555 2.4
      vertex 334.272 316.555 0
    endloop
  endfacet
  facet normal -0.926947 0.375193 0
    outer loop
      vertex 334.272 316.555 2.4
      vertex 334.238 316.471 0
      vertex 334.238 316.471 2.4
    endloop
  endfacet
  facet normal 0.89663 0.44278 0
    outer loop
      vertex 331.902 316.39 2.4
      vertex 331.862 316.471 0
      vertex 331.862 316.471 2.4
    endloop
  endfacet
  facet normal 0.89663 0.44278 0
    outer loop
      vertex 331.862 316.471 0
      vertex 331.902 316.39 2.4
      vertex 331.902 316.39 0
    endloop
  endfacet
  facet normal -0.407159 0.913357 0
    outer loop
      vertex 333.62 315.832 0
      vertex 333.537 315.795 2.4
      vertex 333.62 315.832 2.4
    endloop
  endfacet
  facet normal -0.407159 0.913357 0
    outer loop
      vertex 333.537 315.795 2.4
      vertex 333.62 315.832 0
      vertex 333.537 315.795 0
    endloop
  endfacet
  facet normal -0.993884 -0.110432 0
    outer loop
      vertex 334.347 317.091 0
      vertex 334.337 317.181 2.4
      vertex 334.337 317.181 0
    endloop
  endfacet
  facet normal -0.993884 -0.110432 0
    outer loop
      vertex 334.337 317.181 2.4
      vertex 334.347 317.091 0
      vertex 334.347 317.091 2.4
    endloop
  endfacet
  facet normal -0.951915 -0.306363 0
    outer loop
      vertex 334.3 317.358 0
      vertex 334.272 317.445 2.4
      vertex 334.272 317.445 0
    endloop
  endfacet
  facet normal -0.951915 -0.306363 0
    outer loop
      vertex 334.272 317.445 2.4
      vertex 334.3 317.358 0
      vertex 334.3 317.358 2.4
    endloop
  endfacet
  facet normal -0.926947 -0.375193 0
    outer loop
      vertex 334.272 317.445 0
      vertex 334.238 317.529 2.4
      vertex 334.238 317.529 0
    endloop
  endfacet
  facet normal -0.926947 -0.375193 0
    outer loop
      vertex 334.238 317.529 2.4
      vertex 334.272 317.445 0
      vertex 334.272 317.445 2.4
    endloop
  endfacet
  facet normal -0.864175 -0.503191 0
    outer loop
      vertex 334.198 317.61 0
      vertex 334.152 317.689 2.4
      vertex 334.152 317.689 0
    endloop
  endfacet
  facet normal -0.864175 -0.503191 0
    outer loop
      vertex 334.152 317.689 2.4
      vertex 334.198 317.61 0
      vertex 334.198 317.61 2.4
    endloop
  endfacet
  facet normal 0.0657912 -0.997833 0
    outer loop
      vertex 332.914 318.293 0
      vertex 333.005 318.299 2.4
      vertex 332.914 318.293 2.4
    endloop
  endfacet
  facet normal 0.0657912 -0.997833 0
    outer loop
      vertex 333.005 318.299 2.4
      vertex 332.914 318.293 0
      vertex 333.005 318.299 0
    endloop
  endfacet
  facet normal -0.0657912 -0.997833 0
    outer loop
      vertex 333.095 318.299 0
      vertex 333.186 318.293 2.4
      vertex 333.095 318.299 2.4
    endloop
  endfacet
  facet normal -0.0657912 -0.997833 -0
    outer loop
      vertex 333.186 318.293 2.4
      vertex 333.095 318.299 0
      vertex 333.186 318.293 0
    endloop
  endfacet
  facet normal -0.208779 -0.977963 0
    outer loop
      vertex 333.276 318.28 0
      vertex 333.365 318.261 2.4
      vertex 333.276 318.28 2.4
    endloop
  endfacet
  facet normal -0.208779 -0.977963 -0
    outer loop
      vertex 333.365 318.261 2.4
      vertex 333.276 318.28 0
      vertex 333.365 318.261 0
    endloop
  endfacet
  facet normal -0.27618 -0.961106 0
    outer loop
      vertex 333.365 318.261 0
      vertex 333.452 318.236 2.4
      vertex 333.365 318.261 2.4
    endloop
  endfacet
  facet normal -0.27618 -0.961106 -0
    outer loop
      vertex 333.452 318.236 2.4
      vertex 333.365 318.261 0
      vertex 333.452 318.236 0
    endloop
  endfacet
  facet normal -0.407159 -0.913357 0
    outer loop
      vertex 333.537 318.205 0
      vertex 333.62 318.168 2.4
      vertex 333.537 318.205 2.4
    endloop
  endfacet
  facet normal -0.407159 -0.913357 -0
    outer loop
      vertex 333.62 318.168 2.4
      vertex 333.537 318.205 0
      vertex 333.62 318.168 0
    endloop
  endfacet
  facet normal -0.594701 -0.803947 0
    outer loop
      vertex 333.777 318.078 0
      vertex 333.85 318.024 2.4
      vertex 333.777 318.078 2.4
    endloop
  endfacet
  facet normal -0.594701 -0.803947 -0
    outer loop
      vertex 333.85 318.024 2.4
      vertex 333.777 318.078 0
      vertex 333.85 318.024 0
    endloop
  endfacet
  facet normal 0.999457 0.0329491 0
    outer loop
      vertex 331.753 316.909 2.4
      vertex 331.75 317 0
      vertex 331.75 317 2.4
    endloop
  endfacet
  facet normal 0.999457 0.0329491 0
    outer loop
      vertex 331.75 317 0
      vertex 331.753 316.909 2.4
      vertex 331.753 316.909 0
    endloop
  endfacet
  facet normal 0.951915 -0.306363 0
    outer loop
      vertex 331.8 317.358 2.4
      vertex 331.828 317.445 0
      vertex 331.828 317.445 2.4
    endloop
  endfacet
  facet normal 0.951915 -0.306363 0
    outer loop
      vertex 331.828 317.445 0
      vertex 331.8 317.358 2.4
      vertex 331.8 317.358 0
    endloop
  endfacet
  facet normal 0.993884 -0.110432 0
    outer loop
      vertex 331.753 317.091 2.4
      vertex 331.763 317.181 0
      vertex 331.763 317.181 2.4
    endloop
  endfacet
  facet normal 0.993884 -0.110432 0
    outer loop
      vertex 331.763 317.181 0
      vertex 331.753 317.091 2.4
      vertex 331.753 317.091 0
    endloop
  endfacet
  facet normal 0.970143 -0.242536 0
    outer loop
      vertex 331.778 317.27 2.4
      vertex 331.8 317.358 0
      vertex 331.8 317.358 2.4
    endloop
  endfacet
  facet normal 0.970143 -0.242536 0
    outer loop
      vertex 331.8 317.358 0
      vertex 331.778 317.27 2.4
      vertex 331.778 317.27 0
    endloop
  endfacet
  facet normal 0.464834 -0.885398 0
    outer loop
      vertex 332.4 318.126 0
      vertex 332.48 318.168 2.4
      vertex 332.4 318.126 2.4
    endloop
  endfacet
  facet normal 0.464834 -0.885398 0
    outer loop
      vertex 332.48 318.168 2.4
      vertex 332.4 318.126 0
      vertex 332.48 318.168 0
    endloop
  endfacet
  facet normal 0.529008 -0.848617 0
    outer loop
      vertex 332.323 318.078 0
      vertex 332.4 318.126 2.4
      vertex 332.323 318.078 2.4
    endloop
  endfacet
  facet normal 0.529008 -0.848617 0
    outer loop
      vertex 332.4 318.126 2.4
      vertex 332.323 318.078 0
      vertex 332.4 318.126 0
    endloop
  endfacet
  facet normal 0.638018 -0.770022 0
    outer loop
      vertex 332.18 317.966 0
      vertex 332.25 318.024 2.4
      vertex 332.18 317.966 2.4
    endloop
  endfacet
  facet normal 0.638018 -0.770022 0
    outer loop
      vertex 332.25 318.024 2.4
      vertex 332.18 317.966 0
      vertex 332.25 318.024 0
    endloop
  endfacet
  facet normal 0.407159 -0.913357 0
    outer loop
      vertex 332.48 318.168 0
      vertex 332.563 318.205 2.4
      vertex 332.48 318.168 2.4
    endloop
  endfacet
  facet normal 0.407159 -0.913357 0
    outer loop
      vertex 332.563 318.205 2.4
      vertex 332.48 318.168 0
      vertex 332.563 318.205 0
    endloop
  endfacet
  facet normal -0.999457 -0.0329491 0
    outer loop
      vertex 334.35 317 0
      vertex 334.347 317.091 2.4
      vertex 334.347 317.091 0
    endloop
  endfacet
  facet normal -0.999457 -0.0329491 0
    outer loop
      vertex 334.347 317.091 2.4
      vertex 334.35 317 0
      vertex 334.35 317 2.4
    endloop
  endfacet
  facet normal -0.986093 0.166195 0
    outer loop
      vertex 334.322 316.73 0
      vertex 334.337 316.819 2.4
      vertex 334.337 316.819 0
    endloop
  endfacet
  facet normal -0.986093 0.166195 0
    outer loop
      vertex 334.337 316.819 2.4
      vertex 334.322 316.73 0
      vertex 334.322 316.73 2.4
    endloop
  endfacet
  facet normal -0.789352 0.613941 0
    outer loop
      vertex 334.046 316.164 0
      vertex 334.102 316.236 2.4
      vertex 334.102 316.236 0
    endloop
  endfacet
  facet normal -0.789352 0.613941 0
    outer loop
      vertex 334.102 316.236 2.4
      vertex 334.046 316.164 0
      vertex 334.046 316.164 2.4
    endloop
  endfacet
  facet normal -0.0657912 0.997833 0
    outer loop
      vertex 333.186 315.707 0
      vertex 333.095 315.701 2.4
      vertex 333.186 315.707 2.4
    endloop
  endfacet
  facet normal -0.0657912 0.997833 0
    outer loop
      vertex 333.095 315.701 2.4
      vertex 333.186 315.707 0
      vertex 333.095 315.701 0
    endloop
  endfacet
  facet normal 0.73944 0.673222 0
    outer loop
      vertex 332.115 316.097 2.4
      vertex 332.054 316.164 0
      vertex 332.054 316.164 2.4
    endloop
  endfacet
  facet normal 0.73944 0.673222 0
    outer loop
      vertex 332.054 316.164 0
      vertex 332.115 316.097 2.4
      vertex 332.115 316.097 0
    endloop
  endfacet
  facet normal 0.951915 0.306363 0
    outer loop
      vertex 331.828 316.555 2.4
      vertex 331.8 316.642 0
      vertex 331.8 316.642 2.4
    endloop
  endfacet
  facet normal 0.951915 0.306363 0
    outer loop
      vertex 331.8 316.642 0
      vertex 331.828 316.555 2.4
      vertex 331.828 316.555 0
    endloop
  endfacet
  facet normal 0.970143 0.242536 0
    outer loop
      vertex 331.8 316.642 2.4
      vertex 331.778 316.73 0
      vertex 331.778 316.73 2.4
    endloop
  endfacet
  facet normal 0.970143 0.242536 0
    outer loop
      vertex 331.778 316.73 0
      vertex 331.8 316.642 2.4
      vertex 331.8 316.642 0
    endloop
  endfacet
  facet normal -0.73944 -0.673222 0
    outer loop
      vertex 334.046 317.836 0
      vertex 333.985 317.903 2.4
      vertex 333.985 317.903 0
    endloop
  endfacet
  facet normal -0.73944 -0.673222 0
    outer loop
      vertex 333.985 317.903 2.4
      vertex 334.046 317.836 0
      vertex 334.046 317.836 2.4
    endloop
  endfacet
  facet normal 0.864175 -0.503191 0
    outer loop
      vertex 331.902 317.61 2.4
      vertex 331.948 317.689 0
      vertex 331.948 317.689 2.4
    endloop
  endfacet
  facet normal 0.864175 -0.503191 0
    outer loop
      vertex 331.948 317.689 0
      vertex 331.902 317.61 2.4
      vertex 331.902 317.61 0
    endloop
  endfacet
  facet normal 0.83205 -0.5547 0
    outer loop
      vertex 331.948 317.689 2.4
      vertex 331.998 317.764 0
      vertex 331.998 317.764 2.4
    endloop
  endfacet
  facet normal 0.83205 -0.5547 0
    outer loop
      vertex 331.998 317.764 0
      vertex 331.948 317.689 2.4
      vertex 331.948 317.689 0
    endloop
  endfacet
  facet normal 0 0 -1
    outer loop
      vertex 334.347 316.909 2.4
      vertex 334.347 317.091 2.4
      vertex 334.35 317 2.4
    endloop
  endfacet
  facet normal 0 0 -1
    outer loop
      vertex 334.337 316.819 2.4
      vertex 334.347 317.091 2.4
      vertex 334.347 316.909 2.4
    endloop
  endfacet
  facet normal 0 0 -1
    outer loop
      vertex 334.337 316.819 2.4
      vertex 334.337 317.181 2.4
      vertex 334.347 317.091 2.4
    endloop
  endfacet
  facet normal 0 0 -1
    outer loop
      vertex 334.322 316.73 2.4
      vertex 334.337 317.181 2.4
      vertex 334.337 316.819 2.4
    endloop
  endfacet
  facet normal 0 0 -1
    outer loop
      vertex 334.322 316.73 2.4
      vertex 334.322 317.27 2.4
      vertex 334.337 317.181 2.4
    endloop
  endfacet
  facet normal 0 0 -1
    outer loop
      vertex 334.3 316.642 2.4
      vertex 334.322 317.27 2.4
      vertex 334.322 316.73 2.4
    endloop
  endfacet
  facet normal 0 0 -1
    outer loop
      vertex 334.3 316.642 2.4
      vertex 334.3 317.358 2.4
      vertex 334.322 317.27 2.4
    endloop
  endfacet
  facet normal 0 0 -1
    outer loop
      vertex 334.272 316.555 2.4
      vertex 334.3 317.358 2.4
      vertex 334.3 316.642 2.4
    endloop
  endfacet
  facet normal 0 0 -1
    outer loop
      vertex 334.272 316.555 2.4
      vertex 334.272 317.445 2.4
      vertex 334.3 317.358 2.4
    endloop
  endfacet
  facet normal 0 0 -1
    outer loop
      vertex 334.238 316.471 2.4
      vertex 334.272 317.445 2.4
      vertex 334.272 316.555 2.4
    endloop
  endfacet
  facet normal 0 0 -1
    outer loop
      vertex 334.238 316.471 2.4
      vertex 334.238 317.529 2.4
      vertex 334.272 317.445 2.4
    endloop
  endfacet
  facet normal 0 0 -1
    outer loop
      vertex 334.198 316.39 2.4
      vertex 334.238 317.529 2.4
      vertex 334.238 316.471 2.4
    endloop
  endfacet
  facet normal 0 0 -1
    outer loop
      vertex 334.198 316.39 2.4
      vertex 334.198 317.61 2.4
      vertex 334.238 317.529 2.4
    endloop
  endfacet
  facet normal 0 0 -1
    outer loop
      vertex 334.152 316.311 2.4
      vertex 334.198 317.61 2.4
      vertex 334.198 316.39 2.4
    endloop
  endfacet
  facet normal 0 0 -1
    outer loop
      vertex 334.152 316.311 2.4
      vertex 334.152 317.689 2.4
      vertex 334.198 317.61 2.4
    endloop
  endfacet
  facet normal 0 0 -1
    outer loop
      vertex 334.102 316.236 2.4
      vertex 334.152 317.689 2.4
      vertex 334.152 316.311 2.4
    endloop
  endfacet
  facet normal 0 0 -1
    outer loop
      vertex 334.102 316.236 2.4
      vertex 334.102 317.764 2.4
      vertex 334.152 317.689 2.4
    endloop
  endfacet
  facet normal 0 0 -1
    outer loop
      vertex 334.046 316.164 2.4
      vertex 334.102 317.764 2.4
      vertex 334.102 316.236 2.4
    endloop
  endfacet
  facet normal 0 0 -1
    outer loop
      vertex 334.046 316.164 2.4
      vertex 334.046 317.836 2.4
      vertex 334.102 317.764 2.4
    endloop
  endfacet
  facet normal 0 0 -1
    outer loop
      vertex 333.985 316.097 2.4
      vertex 334.046 317.836 2.4
      vertex 334.046 316.164 2.4
    endloop
  endfacet
  facet normal 0 0 -1
    outer loop
      vertex 333.985 316.097 2.4
      vertex 333.985 317.903 2.4
      vertex 334.046 317.836 2.4
    endloop
  endfacet
  facet normal 0 0 -1
    outer loop
      vertex 333.92 316.034 2.4
      vertex 333.985 317.903 2.4
      vertex 333.985 316.097 2.4
    endloop
  endfacet
  facet normal 0 0 -1
    outer loop
      vertex 333.92 316.034 2.4
      vertex 333.92 317.966 2.4
      vertex 333.985 317.903 2.4
    endloop
  endfacet
  facet normal 0 0 -1
    outer loop
      vertex 333.85 315.976 2.4
      vertex 333.92 317.966 2.4
      vertex 333.92 316.034 2.4
    endloop
  endfacet
  facet normal 0 0 -1
    outer loop
      vertex 333.85 315.976 2.4
      vertex 333.85 318.024 2.4
      vertex 333.92 317.966 2.4
    endloop
  endfacet
  facet normal 0 0 -1
    outer loop
      vertex 333.777 315.922 2.4
      vertex 333.85 318.024 2.4
      vertex 333.85 315.976 2.4
    endloop
  endfacet
  facet normal 0 0 -1
    outer loop
      vertex 333.777 315.922 2.4
      vertex 333.777 318.078 2.4
      vertex 333.85 318.024 2.4
    endloop
  endfacet
  facet normal 0 0 -1
    outer loop
      vertex 333.7 315.874 2.4
      vertex 333.777 318.078 2.4
      vertex 333.777 315.922 2.4
    endloop
  endfacet
  facet normal 0 0 -1
    outer loop
      vertex 333.7 315.874 2.4
      vertex 333.7 318.126 2.4
      vertex 333.777 318.078 2.4
    endloop
  endfacet
  facet normal 0 0 -1
    outer loop
      vertex 333.62 315.832 2.4
      vertex 333.7 318.126 2.4
      vertex 333.7 315.874 2.4
    endloop
  endfacet
  facet normal 0 0 -1
    outer loop
      vertex 333.62 315.832 2.4
      vertex 333.62 318.168 2.4
      vertex 333.7 318.126 2.4
    endloop
  endfacet
  facet normal 0 0 -1
    outer loop
      vertex 333.537 315.795 2.4
      vertex 333.62 318.168 2.4
      vertex 333.62 315.832 2.4
    endloop
  endfacet
  facet normal 0 0 -1
    outer loop
      vertex 333.537 315.795 2.4
      vertex 333.537 318.205 2.4
      vertex 333.62 318.168 2.4
    endloop
  endfacet
  facet normal 0 0 -1
    outer loop
      vertex 333.452 315.764 2.4
      vertex 333.537 318.205 2.4
      vertex 333.537 315.795 2.4
    endloop
  endfacet
  facet normal 0 0 -1
    outer loop
      vertex 333.452 315.764 2.4
      vertex 333.452 318.236 2.4
      vertex 333.537 318.205 2.4
    endloop
  endfacet
  facet normal 0 0 -1
    outer loop
      vertex 333.365 315.739 2.4
      vertex 333.452 318.236 2.4
      vertex 333.452 315.764 2.4
    endloop
  endfacet
  facet normal 0 0 -1
    outer loop
      vertex 333.365 315.739 2.4
      vertex 333.365 318.261 2.4
      vertex 333.452 318.236 2.4
    endloop
  endfacet
  facet normal 0 0 -1
    outer loop
      vertex 333.276 315.72 2.4
      vertex 333.365 318.261 2.4
      vertex 333.365 315.739 2.4
    endloop
  endfacet
  facet normal 0 0 -1
    outer loop
      vertex 333.276 315.72 2.4
      vertex 333.276 318.28 2.4
      vertex 333.365 318.261 2.4
    endloop
  endfacet
  facet normal 0 0 -1
    outer loop
      vertex 333.186 315.707 2.4
      vertex 333.276 318.28 2.4
      vertex 333.276 315.72 2.4
    endloop
  endfacet
  facet normal 0 0 -1
    outer loop
      vertex 333.186 315.707 2.4
      vertex 333.186 318.293 2.4
      vertex 333.276 318.28 2.4
    endloop
  endfacet
  facet normal 0 0 -1
    outer loop
      vertex 333.095 315.701 2.4
      vertex 333.186 318.293 2.4
      vertex 333.186 315.707 2.4
    endloop
  endfacet
  facet normal 0 0 -1
    outer loop
      vertex 333.095 315.701 2.4
      vertex 333.095 318.299 2.4
      vertex 333.186 318.293 2.4
    endloop
  endfacet
  facet normal 0 0 -1
    outer loop
      vertex 333.005 315.701 2.4
      vertex 333.095 318.299 2.4
      vertex 333.095 315.701 2.4
    endloop
  endfacet
  facet normal 0 0 -1
    outer loop
      vertex 333.005 315.701 2.4
      vertex 333.005 318.299 2.4
      vertex 333.095 318.299 2.4
    endloop
  endfacet
  facet normal 0 0 -1
    outer loop
      vertex 332.914 315.707 2.4
      vertex 333.005 318.299 2.4
      vertex 333.005 315.701 2.4
    endloop
  endfacet
  facet normal 0 0 -1
    outer loop
      vertex 332.914 315.707 2.4
      vertex 332.914 318.293 2.4
      vertex 333.005 318.299 2.4
    endloop
  endfacet
  facet normal 0 0 -1
    outer loop
      vertex 332.824 315.72 2.4
      vertex 332.914 318.293 2.4
      vertex 332.914 315.707 2.4
    endloop
  endfacet
  facet normal 0 0 -1
    outer loop
      vertex 332.824 315.72 2.4
      vertex 332.824 318.28 2.4
      vertex 332.914 318.293 2.4
    endloop
  endfacet
  facet normal 0 0 -1
    outer loop
      vertex 332.736 315.739 2.4
      vertex 332.824 318.28 2.4
      vertex 332.824 315.72 2.4
    endloop
  endfacet
  facet normal 0 0 -1
    outer loop
      vertex 332.736 315.739 2.4
      vertex 332.736 318.261 2.4
      vertex 332.824 318.28 2.4
    endloop
  endfacet
  facet normal 0 0 -1
    outer loop
      vertex 332.648 315.764 2.4
      vertex 332.736 318.261 2.4
      vertex 332.736 315.739 2.4
    endloop
  endfacet
  facet normal 0 0 -1
    outer loop
      vertex 332.648 315.764 2.4
      vertex 332.648 318.236 2.4
      vertex 332.736 318.261 2.4
    endloop
  endfacet
  facet normal 0 0 -1
    outer loop
      vertex 332.563 315.795 2.4
      vertex 332.648 318.236 2.4
      vertex 332.648 315.764 2.4
    endloop
  endfacet
  facet normal 0 0 -1
    outer loop
      vertex 332.563 315.795 2.4
      vertex 332.563 318.205 2.4
      vertex 332.648 318.236 2.4
    endloop
  endfacet
  facet normal 0 0 -1
    outer loop
      vertex 332.48 315.832 2.4
      vertex 332.563 318.205 2.4
      vertex 332.563 315.795 2.4
    endloop
  endfacet
  facet normal 0 0 -1
    outer loop
      vertex 332.48 315.832 2.4
      vertex 332.48 318.168 2.4
      vertex 332.563 318.205 2.4
    endloop
  endfacet
  facet normal 0 0 -1
    outer loop
      vertex 332.4 315.874 2.4
      vertex 332.48 318.168 2.4
      vertex 332.48 315.832 2.4
    endloop
  endfacet
  facet normal 0 0 -1
    outer loop
      vertex 332.4 315.874 2.4
      vertex 332.4 318.126 2.4
      vertex 332.48 318.168 2.4
    endloop
  endfacet
  facet normal 0 0 -1
    outer loop
      vertex 332.323 315.922 2.4
      vertex 332.4 318.126 2.4
      vertex 332.4 315.874 2.4
    endloop
  endfacet
  facet normal 0 0 -1
    outer loop
      vertex 332.323 315.922 2.4
      vertex 332.323 318.078 2.4
      vertex 332.4 318.126 2.4
    endloop
  endfacet
  facet normal 0 0 -1
    outer loop
      vertex 332.25 315.976 2.4
      vertex 332.323 318.078 2.4
      vertex 332.323 315.922 2.4
    endloop
  endfacet
  facet normal 0 0 -1
    outer loop
      vertex 332.25 315.976 2.4
      vertex 332.25 318.024 2.4
      vertex 332.323 318.078 2.4
    endloop
  endfacet
  facet normal 0 0 -1
    outer loop
      vertex 332.18 316.034 2.4
      vertex 332.25 318.024 2.4
      vertex 332.25 315.976 2.4
    endloop
  endfacet
  facet normal 0 0 -1
    outer loop
      vertex 332.18 316.034 2.4
      vertex 332.18 317.966 2.4
      vertex 332.25 318.024 2.4
    endloop
  endfacet
  facet normal 0 0 -1
    outer loop
      vertex 332.115 316.097 2.4
      vertex 332.18 317.966 2.4
      vertex 332.18 316.034 2.4
    endloop
  endfacet
  facet normal 0 0 -1
    outer loop
      vertex 332.115 316.097 2.4
      vertex 332.115 317.903 2.4
      vertex 332.18 317.966 2.4
    endloop
  endfacet
  facet normal 0 0 -1
    outer loop
      vertex 332.054 316.164 2.4
      vertex 332.115 317.903 2.4
      vertex 332.115 316.097 2.4
    endloop
  endfacet
  facet normal 0 0 -1
    outer loop
      vertex 332.054 316.164 2.4
      vertex 332.054 317.836 2.4
      vertex 332.115 317.903 2.4
    endloop
  endfacet
  facet normal 0 0 -1
    outer loop
      vertex 331.998 316.236 2.4
      vertex 332.054 317.836 2.4
      vertex 332.054 316.164 2.4
    endloop
  endfacet
  facet normal 0 0 -1
    outer loop
      vertex 331.998 316.236 2.4
      vertex 331.998 317.764 2.4
      vertex 332.054 317.836 2.4
    endloop
  endfacet
  facet normal 0 0 -1
    outer loop
      vertex 331.948 316.311 2.4
      vertex 331.998 317.764 2.4
      vertex 331.998 316.236 2.4
    endloop
  endfacet
  facet normal 0 0 -1
    outer loop
      vertex 331.948 316.311 2.4
      vertex 331.948 317.689 2.4
      vertex 331.998 317.764 2.4
    endloop
  endfacet
  facet normal 0 0 -1
    outer loop
      vertex 331.902 316.39 2.4
      vertex 331.948 317.689 2.4
      vertex 331.948 316.311 2.4
    endloop
  endfacet
  facet normal 0 0 -1
    outer loop
      vertex 331.902 316.39 2.4
      vertex 331.902 317.61 2.4
      vertex 331.948 317.689 2.4
    endloop
  endfacet
  facet normal 0 0 -1
    outer loop
      vertex 331.862 316.471 2.4
      vertex 331.902 317.61 2.4
      vertex 331.902 316.39 2.4
    endloop
  endfacet
  facet normal 0 0 -1
    outer loop
      vertex 331.862 316.471 2.4
      vertex 331.862 317.529 2.4
      vertex 331.902 317.61 2.4
    endloop
  endfacet
  facet normal 0 0 -1
    outer loop
      vertex 331.828 316.555 2.4
      vertex 331.862 317.529 2.4
      vertex 331.862 316.471 2.4
    endloop
  endfacet
  facet normal 0 0 -1
    outer loop
      vertex 331.828 316.555 2.4
      vertex 331.828 317.445 2.4
      vertex 331.862 317.529 2.4
    endloop
  endfacet
  facet normal 0 0 -1
    outer loop
      vertex 331.8 316.642 2.4
      vertex 331.828 317.445 2.4
      vertex 331.828 316.555 2.4
    endloop
  endfacet
  facet normal 0 0 -1
    outer loop
      vertex 331.8 316.642 2.4
      vertex 331.8 317.358 2.4
      vertex 331.828 317.445 2.4
    endloop
  endfacet
  facet normal 0 0 -1
    outer loop
      vertex 331.778 316.73 2.4
      vertex 331.8 317.358 2.4
      vertex 331.8 316.642 2.4
    endloop
  endfacet
  facet normal 0 0 -1
    outer loop
      vertex 331.778 316.73 2.4
      vertex 331.778 317.27 2.4
      vertex 331.8 317.358 2.4
    endloop
  endfacet
  facet normal 0 0 -1
    outer loop
      vertex 331.763 316.819 2.4
      vertex 331.778 317.27 2.4
      vertex 331.778 316.73 2.4
    endloop
  endfacet
  facet normal 0 0 -1
    outer loop
      vertex 331.763 316.819 2.4
      vertex 331.763 317.181 2.4
      vertex 331.778 317.27 2.4
    endloop
  endfacet
  facet normal 0 0 -1
    outer loop
      vertex 331.753 316.909 2.4
      vertex 331.763 317.181 2.4
      vertex 331.763 316.819 2.4
    endloop
  endfacet
  facet normal 0 0 -1
    outer loop
      vertex 331.753 316.909 2.4
      vertex 331.753 317.091 2.4
      vertex 331.763 317.181 2.4
    endloop
  endfacet
  facet normal 0 -0 -1
    outer loop
      vertex 331.753 317.091 2.4
      vertex 331.753 316.909 2.4
      vertex 331.75 317 2.4
    endloop
  endfacet
  facet normal 0.34263 -0.93947 0
    outer loop
      vertex 332.563 318.205 0
      vertex 332.648 318.236 2.4
      vertex 332.563 318.205 2.4
    endloop
  endfacet
  facet normal 0.34263 -0.93947 0
    outer loop
      vertex 332.648 318.236 2.4
      vertex 332.563 318.205 0
      vertex 332.648 318.236 0
    endloop
  endfacet
  facet normal -0.993884 0.110432 0
    outer loop
      vertex 334.337 316.819 0
      vertex 334.347 316.909 2.4
      vertex 334.347 316.909 0
    endloop
  endfacet
  facet normal -0.993884 0.110432 0
    outer loop
      vertex 334.347 316.909 2.4
      vertex 334.337 316.819 0
      vertex 334.337 316.819 2.4
    endloop
  endfacet
  facet normal -0.864175 0.503191 0
    outer loop
      vertex 334.152 316.311 0
      vertex 334.198 316.39 2.4
      vertex 334.198 316.39 0
    endloop
  endfacet
  facet normal -0.864175 0.503191 0
    outer loop
      vertex 334.198 316.39 2.4
      vertex 334.152 316.311 0
      vertex 334.152 316.311 2.4
    endloop
  endfacet
  facet normal -0.970143 0.242536 0
    outer loop
      vertex 334.3 316.642 0
      vertex 334.322 316.73 2.4
      vertex 334.322 316.73 0
    endloop
  endfacet
  facet normal -0.970143 0.242536 0
    outer loop
      vertex 334.322 316.73 2.4
      vertex 334.3 316.642 0
      vertex 334.3 316.642 2.4
    endloop
  endfacet
  facet normal -0.464834 0.885398 0
    outer loop
      vertex 333.7 315.874 0
      vertex 333.62 315.832 2.4
      vertex 333.7 315.874 2.4
    endloop
  endfacet
  facet normal -0.464834 0.885398 0
    outer loop
      vertex 333.62 315.832 2.4
      vertex 333.7 315.874 0
      vertex 333.62 315.832 0
    endloop
  endfacet
  facet normal -0.529008 0.848617 0
    outer loop
      vertex 333.777 315.922 0
      vertex 333.7 315.874 2.4
      vertex 333.777 315.922 2.4
    endloop
  endfacet
  facet normal -0.529008 0.848617 0
    outer loop
      vertex 333.7 315.874 2.4
      vertex 333.777 315.922 0
      vertex 333.7 315.874 0
    endloop
  endfacet
  facet normal -0.83205 0.5547 0
    outer loop
      vertex 334.102 316.236 0
      vertex 334.152 316.311 2.4
      vertex 334.152 316.311 0
    endloop
  endfacet
  facet normal -0.83205 0.5547 0
    outer loop
      vertex 334.152 316.311 2.4
      vertex 334.102 316.236 0
      vertex 334.102 316.236 2.4
    endloop
  endfacet
  facet normal 0.211046 0.977476 -0
    outer loop
      vertex 332.824 315.72 0
      vertex 332.736 315.739 2.4
      vertex 332.824 315.72 2.4
    endloop
  endfacet
  facet normal 0.211046 0.977476 0
    outer loop
      vertex 332.736 315.739 2.4
      vertex 332.824 315.72 0
      vertex 332.736 315.739 0
    endloop
  endfacet
  facet normal 0.273277 0.961935 -0
    outer loop
      vertex 332.736 315.739 0
      vertex 332.648 315.764 2.4
      vertex 332.736 315.739 2.4
    endloop
  endfacet
  facet normal 0.273277 0.961935 0
    outer loop
      vertex 332.648 315.764 2.4
      vertex 332.736 315.739 0
      vertex 332.648 315.764 0
    endloop
  endfacet
  facet normal 0.0657912 0.997833 -0
    outer loop
      vertex 333.005 315.701 0
      vertex 332.914 315.707 2.4
      vertex 333.005 315.701 2.4
    endloop
  endfacet
  facet normal 0.0657912 0.997833 0
    outer loop
      vertex 332.914 315.707 2.4
      vertex 333.005 315.701 0
      vertex 332.914 315.707 0
    endloop
  endfacet
  facet normal 0.695973 0.718068 -0
    outer loop
      vertex 332.18 316.034 0
      vertex 332.115 316.097 2.4
      vertex 332.18 316.034 2.4
    endloop
  endfacet
  facet normal 0.695973 0.718068 0
    outer loop
      vertex 332.115 316.097 2.4
      vertex 332.18 316.034 0
      vertex 332.115 316.097 0
    endloop
  endfacet
  facet normal 0.926947 0.375193 0
    outer loop
      vertex 331.862 316.471 2.4
      vertex 331.828 316.555 0
      vertex 331.828 316.555 2.4
    endloop
  endfacet
  facet normal 0.926947 0.375193 0
    outer loop
      vertex 331.828 316.555 0
      vertex 331.862 316.471 2.4
      vertex 331.862 316.471 0
    endloop
  endfacet
  facet normal 0.993884 0.110432 0
    outer loop
      vertex 331.763 316.819 2.4
      vertex 331.753 316.909 0
      vertex 331.753 316.909 2.4
    endloop
  endfacet
  facet normal 0.993884 0.110432 0
    outer loop
      vertex 331.753 316.909 0
      vertex 331.763 316.819 2.4
      vertex 331.763 316.819 0
    endloop
  endfacet
  facet normal -0.27618 0.961106 0
    outer loop
      vertex 333.452 315.764 0
      vertex 333.365 315.739 2.4
      vertex 333.452 315.764 2.4
    endloop
  endfacet
  facet normal -0.27618 0.961106 0
    outer loop
      vertex 333.365 315.739 2.4
      vertex 333.452 315.764 0
      vertex 333.365 315.739 0
    endloop
  endfacet
  facet normal -0.34263 0.93947 0
    outer loop
      vertex 333.537 315.795 0
      vertex 333.452 315.764 2.4
      vertex 333.537 315.795 2.4
    endloop
  endfacet
  facet normal -0.34263 0.93947 0
    outer loop
      vertex 333.452 315.764 2.4
      vertex 333.537 315.795 0
      vertex 333.452 315.764 0
    endloop
  endfacet
  facet normal -0.208779 0.977963 0
    outer loop
      vertex 333.365 315.739 0
      vertex 333.276 315.72 2.4
      vertex 333.365 315.739 2.4
    endloop
  endfacet
  facet normal -0.208779 0.977963 0
    outer loop
      vertex 333.276 315.72 2.4
      vertex 333.365 315.739 0
      vertex 333.276 315.72 0
    endloop
  endfacet
  facet normal -0.89663 0.44278 0
    outer loop
      vertex 334.198 316.39 0
      vertex 334.238 316.471 2.4
      vertex 334.238 316.471 0
    endloop
  endfacet
  facet normal -0.89663 0.44278 0
    outer loop
      vertex 334.238 316.471 2.4
      vertex 334.198 316.39 0
      vertex 334.198 316.39 2.4
    endloop
  endfacet
  facet normal -0.951915 0.306363 0
    outer loop
      vertex 334.272 316.555 0
      vertex 334.3 316.642 2.4
      vertex 334.3 316.642 0
    endloop
  endfacet
  facet normal -0.951915 0.306363 0
    outer loop
      vertex 334.3 316.642 2.4
      vertex 334.272 316.555 0
      vertex 334.272 316.555 2.4
    endloop
  endfacet
  facet normal -0.638018 0.770022 0
    outer loop
      vertex 333.92 316.034 0
      vertex 333.85 315.976 2.4
      vertex 333.92 316.034 2.4
    endloop
  endfacet
  facet normal -0.638018 0.770022 0
    outer loop
      vertex 333.85 315.976 2.4
      vertex 333.92 316.034 0
      vertex 333.85 315.976 0
    endloop
  endfacet
  facet normal -0.594701 0.803947 0
    outer loop
      vertex 333.85 315.976 0
      vertex 333.777 315.922 2.4
      vertex 333.85 315.976 2.4
    endloop
  endfacet
  facet normal -0.594701 0.803947 0
    outer loop
      vertex 333.777 315.922 2.4
      vertex 333.85 315.976 0
      vertex 333.777 315.922 0
    endloop
  endfacet
  facet normal -0.73944 0.673222 0
    outer loop
      vertex 333.985 316.097 0
      vertex 334.046 316.164 2.4
      vertex 334.046 316.164 0
    endloop
  endfacet
  facet normal -0.73944 0.673222 0
    outer loop
      vertex 334.046 316.164 2.4
      vertex 333.985 316.097 0
      vertex 333.985 316.097 2.4
    endloop
  endfacet
  facet normal -0.695973 0.718068 0
    outer loop
      vertex 333.985 316.097 0
      vertex 333.92 316.034 2.4
      vertex 333.985 316.097 2.4
    endloop
  endfacet
  facet normal -0.695973 0.718068 0
    outer loop
      vertex 333.92 316.034 2.4
      vertex 333.985 316.097 0
      vertex 333.92 316.034 0
    endloop
  endfacet
  facet normal 0 1 -0
    outer loop
      vertex 333.095 315.701 0
      vertex 333.005 315.701 2.4
      vertex 333.095 315.701 2.4
    endloop
  endfacet
  facet normal 0 1 0
    outer loop
      vertex 333.005 315.701 2.4
      vertex 333.095 315.701 0
      vertex 333.005 315.701 0
    endloop
  endfacet
  facet normal 0.34263 0.93947 -0
    outer loop
      vertex 332.648 315.764 0
      vertex 332.563 315.795 2.4
      vertex 332.648 315.764 2.4
    endloop
  endfacet
  facet normal 0.34263 0.93947 0
    outer loop
      vertex 332.563 315.795 2.4
      vertex 332.648 315.764 0
      vertex 332.563 315.795 0
    endloop
  endfacet
  facet normal 0.407159 0.913357 -0
    outer loop
      vertex 332.563 315.795 0
      vertex 332.48 315.832 2.4
      vertex 332.563 315.795 2.4
    endloop
  endfacet
  facet normal 0.407159 0.913357 0
    outer loop
      vertex 332.48 315.832 2.4
      vertex 332.563 315.795 0
      vertex 332.48 315.832 0
    endloop
  endfacet
  facet normal 0.638018 0.770022 -0
    outer loop
      vertex 332.25 315.976 0
      vertex 332.18 316.034 2.4
      vertex 332.25 315.976 2.4
    endloop
  endfacet
  facet normal 0.638018 0.770022 0
    outer loop
      vertex 332.18 316.034 2.4
      vertex 332.25 315.976 0
      vertex 332.18 316.034 0
    endloop
  endfacet
  facet normal 0.789352 0.613941 0
    outer loop
      vertex 332.054 316.164 2.4
      vertex 331.998 316.236 0
      vertex 331.998 316.236 2.4
    endloop
  endfacet
  facet normal 0.789352 0.613941 0
    outer loop
      vertex 331.998 316.236 0
      vertex 332.054 316.164 2.4
      vertex 332.054 316.164 0
    endloop
  endfacet
  facet normal 0.864175 0.503191 0
    outer loop
      vertex 331.948 316.311 2.4
      vertex 331.902 316.39 0
      vertex 331.902 316.39 2.4
    endloop
  endfacet
  facet normal 0.864175 0.503191 0
    outer loop
      vertex 331.902 316.39 0
      vertex 331.948 316.311 2.4
      vertex 331.948 316.311 0
    endloop
  endfacet
  facet normal 0.986093 0.166195 0
    outer loop
      vertex 331.778 316.73 2.4
      vertex 331.763 316.819 0
      vertex 331.763 316.819 2.4
    endloop
  endfacet
  facet normal 0.986093 0.166195 0
    outer loop
      vertex 331.763 316.819 0
      vertex 331.778 316.73 2.4
      vertex 331.778 316.73 0
    endloop
  endfacet
  facet normal 0.142961 0.989728 -0
    outer loop
      vertex 332.914 315.707 0
      vertex 332.824 315.72 2.4
      vertex 332.914 315.707 2.4
    endloop
  endfacet
  facet normal 0.142961 0.989728 0
    outer loop
      vertex 332.824 315.72 2.4
      vertex 332.914 315.707 0
      vertex 332.824 315.72 0
    endloop
  endfacet
  facet normal 0.594701 0.803947 -0
    outer loop
      vertex 332.323 315.922 0
      vertex 332.25 315.976 2.4
      vertex 332.323 315.922 2.4
    endloop
  endfacet
  facet normal 0.594701 0.803947 0
    outer loop
      vertex 332.25 315.976 2.4
      vertex 332.323 315.922 0
      vertex 332.25 315.976 0
    endloop
  endfacet
  facet normal 0.83205 0.5547 0
    outer loop
      vertex 331.998 316.236 2.4
      vertex 331.948 316.311 0
      vertex 331.948 316.311 2.4
    endloop
  endfacet
  facet normal 0.83205 0.5547 0
    outer loop
      vertex 331.948 316.311 0
      vertex 331.998 316.236 2.4
      vertex 331.998 316.236 0
    endloop
  endfacet
  facet normal 0.464834 0.885398 -0
    outer loop
      vertex 332.48 315.832 0
      vertex 332.4 315.874 2.4
      vertex 332.48 315.832 2.4
    endloop
  endfacet
  facet normal 0.464834 0.885398 0
    outer loop
      vertex 332.4 315.874 2.4
      vertex 332.48 315.832 0
      vertex 332.4 315.874 0
    endloop
  endfacet
  facet normal 0.529008 0.848617 -0
    outer loop
      vertex 332.4 315.874 0
      vertex 332.323 315.922 2.4
      vertex 332.4 315.874 2.4
    endloop
  endfacet
  facet normal 0.529008 0.848617 0
    outer loop
      vertex 332.323 315.922 2.4
      vertex 332.4 315.874 0
      vertex 332.323 315.922 0
    endloop
  endfacet
  facet normal -0.864175 -0.503191 0
    outer loop
      vertex 427.498 190.61 0
      vertex 427.452 190.689 2.4
      vertex 427.452 190.689 0
    endloop
  endfacet
  facet normal -0.864175 -0.503191 0
    outer loop
      vertex 427.452 190.689 2.4
      vertex 427.498 190.61 0
      vertex 427.498 190.61 2.4
    endloop
  endfacet
  facet normal -0.34263 -0.93947 0
    outer loop
      vertex 426.752 191.236 0
      vertex 426.837 191.205 2.4
      vertex 426.752 191.236 2.4
    endloop
  endfacet
  facet normal -0.34263 -0.93947 -0
    outer loop
      vertex 426.837 191.205 2.4
      vertex 426.752 191.236 0
      vertex 426.837 191.205 0
    endloop
  endfacet
  facet normal 0.407159 -0.913357 0
    outer loop
      vertex 425.78 191.168 0
      vertex 425.863 191.205 2.4
      vertex 425.78 191.168 2.4
    endloop
  endfacet
  facet normal 0.407159 -0.913357 0
    outer loop
      vertex 425.863 191.205 2.4
      vertex 425.78 191.168 0
      vertex 425.863 191.205 0
    endloop
  endfacet
  facet normal 0.926947 -0.375193 0
    outer loop
      vertex 425.128 190.445 2.4
      vertex 425.162 190.529 0
      vertex 425.162 190.529 2.4
    endloop
  endfacet
  facet normal 0.926947 -0.375193 0
    outer loop
      vertex 425.162 190.529 0
      vertex 425.128 190.445 2.4
      vertex 425.128 190.445 0
    endloop
  endfacet
  facet normal -0.0657912 -0.997833 0
    outer loop
      vertex 426.395 191.299 0
      vertex 426.486 191.293 2.4
      vertex 426.395 191.299 2.4
    endloop
  endfacet
  facet normal -0.0657912 -0.997833 -0
    outer loop
      vertex 426.486 191.293 2.4
      vertex 426.395 191.299 0
      vertex 426.486 191.293 0
    endloop
  endfacet
  facet normal -0.529008 -0.848617 0
    outer loop
      vertex 427 191.126 0
      vertex 427.077 191.078 2.4
      vertex 427 191.126 2.4
    endloop
  endfacet
  facet normal -0.529008 -0.848617 -0
    outer loop
      vertex 427.077 191.078 2.4
      vertex 427 191.126 0
      vertex 427.077 191.078 0
    endloop
  endfacet
  facet normal 0.789352 -0.613941 0
    outer loop
      vertex 425.298 190.764 2.4
      vertex 425.354 190.836 0
      vertex 425.354 190.836 2.4
    endloop
  endfacet
  facet normal 0.789352 -0.613941 0
    outer loop
      vertex 425.354 190.836 0
      vertex 425.298 190.764 2.4
      vertex 425.298 190.764 0
    endloop
  endfacet
  facet normal 0.208779 -0.977963 0
    outer loop
      vertex 426.035 191.261 0
      vertex 426.124 191.28 2.4
      vertex 426.035 191.261 2.4
    endloop
  endfacet
  facet normal 0.208779 -0.977963 0
    outer loop
      vertex 426.124 191.28 2.4
      vertex 426.035 191.261 0
      vertex 426.124 191.28 0
    endloop
  endfacet
  facet normal -0.993884 -0.110432 0
    outer loop
      vertex 427.647 190.091 0
      vertex 427.637 190.181 2.4
      vertex 427.637 190.181 0
    endloop
  endfacet
  facet normal -0.993884 -0.110432 0
    outer loop
      vertex 427.637 190.181 2.4
      vertex 427.647 190.091 0
      vertex 427.647 190.091 2.4
    endloop
  endfacet
  facet normal -0.789352 -0.613941 0
    outer loop
      vertex 427.402 190.764 0
      vertex 427.346 190.836 2.4
      vertex 427.346 190.836 0
    endloop
  endfacet
  facet normal -0.789352 -0.613941 0
    outer loop
      vertex 427.346 190.836 2.4
      vertex 427.402 190.764 0
      vertex 427.402 190.764 2.4
    endloop
  endfacet
  facet normal -0.695973 -0.718068 0
    outer loop
      vertex 427.22 190.966 0
      vertex 427.285 190.903 2.4
      vertex 427.22 190.966 2.4
    endloop
  endfacet
  facet normal -0.695973 -0.718068 -0
    outer loop
      vertex 427.285 190.903 2.4
      vertex 427.22 190.966 0
      vertex 427.285 190.903 0
    endloop
  endfacet
  facet normal 0.0657912 -0.997833 0
    outer loop
      vertex 426.214 191.293 0
      vertex 426.305 191.299 2.4
      vertex 426.214 191.293 2.4
    endloop
  endfacet
  facet normal 0.0657912 -0.997833 0
    outer loop
      vertex 426.305 191.299 2.4
      vertex 426.214 191.293 0
      vertex 426.305 191.299 0
    endloop
  endfacet
  facet normal -0.273277 -0.961935 0
    outer loop
      vertex 426.664 191.261 0
      vertex 426.752 191.236 2.4
      vertex 426.664 191.261 2.4
    endloop
  endfacet
  facet normal -0.273277 -0.961935 -0
    outer loop
      vertex 426.752 191.236 2.4
      vertex 426.664 191.261 0
      vertex 426.752 191.236 0
    endloop
  endfacet
  facet normal -0.142961 -0.989728 0
    outer loop
      vertex 426.486 191.293 0
      vertex 426.576 191.28 2.4
      vertex 426.486 191.293 2.4
    endloop
  endfacet
  facet normal -0.142961 -0.989728 -0
    outer loop
      vertex 426.576 191.28 2.4
      vertex 426.486 191.293 0
      vertex 426.576 191.28 0
    endloop
  endfacet
  facet normal -0.594701 -0.803947 0
    outer loop
      vertex 427.077 191.078 0
      vertex 427.15 191.024 2.4
      vertex 427.077 191.078 2.4
    endloop
  endfacet
  facet normal -0.594701 -0.803947 -0
    outer loop
      vertex 427.15 191.024 2.4
      vertex 427.077 191.078 0
      vertex 427.15 191.024 0
    endloop
  endfacet
  facet normal -0.464834 -0.885398 0
    outer loop
      vertex 426.92 191.168 0
      vertex 427 191.126 2.4
      vertex 426.92 191.168 2.4
    endloop
  endfacet
  facet normal -0.464834 -0.885398 -0
    outer loop
      vertex 427 191.126 2.4
      vertex 426.92 191.168 0
      vertex 427 191.126 0
    endloop
  endfacet
  facet normal 0.986093 -0.166195 0
    outer loop
      vertex 425.063 190.181 2.4
      vertex 425.078 190.27 0
      vertex 425.078 190.27 2.4
    endloop
  endfacet
  facet normal 0.986093 -0.166195 0
    outer loop
      vertex 425.078 190.27 0
      vertex 425.063 190.181 2.4
      vertex 425.063 190.181 0
    endloop
  endfacet
  facet normal 0.864175 -0.503191 0
    outer loop
      vertex 425.202 190.61 2.4
      vertex 425.248 190.689 0
      vertex 425.248 190.689 2.4
    endloop
  endfacet
  facet normal 0.864175 -0.503191 0
    outer loop
      vertex 425.248 190.689 0
      vertex 425.202 190.61 2.4
      vertex 425.202 190.61 0
    endloop
  endfacet
  facet normal 0.83205 -0.5547 0
    outer loop
      vertex 425.248 190.689 2.4
      vertex 425.298 190.764 0
      vertex 425.298 190.764 2.4
    endloop
  endfacet
  facet normal 0.83205 -0.5547 0
    outer loop
      vertex 425.298 190.764 0
      vertex 425.248 190.689 2.4
      vertex 425.248 190.689 0
    endloop
  endfacet
  facet normal 0.27618 -0.961106 0
    outer loop
      vertex 425.948 191.236 0
      vertex 426.035 191.261 2.4
      vertex 425.948 191.236 2.4
    endloop
  endfacet
  facet normal 0.27618 -0.961106 0
    outer loop
      vertex 426.035 191.261 2.4
      vertex 425.948 191.236 0
      vertex 426.035 191.261 0
    endloop
  endfacet
  facet normal 0.142961 -0.989728 0
    outer loop
      vertex 426.124 191.28 0
      vertex 426.214 191.293 2.4
      vertex 426.124 191.28 2.4
    endloop
  endfacet
  facet normal 0.142961 -0.989728 0
    outer loop
      vertex 426.214 191.293 2.4
      vertex 426.124 191.28 0
      vertex 426.214 191.293 0
    endloop
  endfacet
  facet normal 0.594701 -0.803947 0
    outer loop
      vertex 425.55 191.024 0
      vertex 425.623 191.078 2.4
      vertex 425.55 191.024 2.4
    endloop
  endfacet
  facet normal 0.594701 -0.803947 0
    outer loop
      vertex 425.623 191.078 2.4
      vertex 425.55 191.024 0
      vertex 425.623 191.078 0
    endloop
  endfacet
  facet normal 0.529008 -0.848617 0
    outer loop
      vertex 425.623 191.078 0
      vertex 425.7 191.126 2.4
      vertex 425.623 191.078 2.4
    endloop
  endfacet
  facet normal 0.529008 -0.848617 0
    outer loop
      vertex 425.7 191.126 2.4
      vertex 425.623 191.078 0
      vertex 425.7 191.126 0
    endloop
  endfacet
  facet normal 0.73944 -0.673222 0
    outer loop
      vertex 425.354 190.836 2.4
      vertex 425.415 190.903 0
      vertex 425.415 190.903 2.4
    endloop
  endfacet
  facet normal 0.73944 -0.673222 0
    outer loop
      vertex 425.415 190.903 0
      vertex 425.354 190.836 2.4
      vertex 425.354 190.836 0
    endloop
  endfacet
  facet normal -0.999457 -0.0329491 0
    outer loop
      vertex 427.65 190 0
      vertex 427.647 190.091 2.4
      vertex 427.647 190.091 0
    endloop
  endfacet
  facet normal -0.999457 -0.0329491 0
    outer loop
      vertex 427.647 190.091 2.4
      vertex 427.65 190 0
      vertex 427.65 190 2.4
    endloop
  endfacet
  facet normal -0.970143 0.242536 0
    outer loop
      vertex 427.6 189.642 0
      vertex 427.622 189.73 2.4
      vertex 427.622 189.73 0
    endloop
  endfacet
  facet normal -0.970143 0.242536 0
    outer loop
      vertex 427.622 189.73 2.4
      vertex 427.6 189.642 0
      vertex 427.6 189.642 2.4
    endloop
  endfacet
  facet normal -0.0657912 0.997833 0
    outer loop
      vertex 426.486 188.707 0
      vertex 426.395 188.701 2.4
      vertex 426.486 188.707 2.4
    endloop
  endfacet
  facet normal -0.0657912 0.997833 0
    outer loop
      vertex 426.395 188.701 2.4
      vertex 426.486 188.707 0
      vertex 426.395 188.701 0
    endloop
  endfacet
  facet normal 0.951915 0.306363 0
    outer loop
      vertex 425.128 189.555 2.4
      vertex 425.1 189.642 0
      vertex 425.1 189.642 2.4
    endloop
  endfacet
  facet normal 0.951915 0.306363 0
    outer loop
      vertex 425.1 189.642 0
      vertex 425.128 189.555 2.4
      vertex 425.128 189.555 0
    endloop
  endfacet
  facet normal 0.864175 0.503191 0
    outer loop
      vertex 425.248 189.311 2.4
      vertex 425.202 189.39 0
      vertex 425.202 189.39 2.4
    endloop
  endfacet
  facet normal 0.864175 0.503191 0
    outer loop
      vertex 425.202 189.39 0
      vertex 425.248 189.311 2.4
      vertex 425.248 189.311 0
    endloop
  endfacet
  facet normal -0.951915 -0.306363 0
    outer loop
      vertex 427.6 190.358 0
      vertex 427.572 190.445 2.4
      vertex 427.572 190.445 0
    endloop
  endfacet
  facet normal -0.951915 -0.306363 0
    outer loop
      vertex 427.572 190.445 2.4
      vertex 427.6 190.358 0
      vertex 427.6 190.358 2.4
    endloop
  endfacet
  facet normal -0.89663 -0.44278 0
    outer loop
      vertex 427.538 190.529 0
      vertex 427.498 190.61 2.4
      vertex 427.498 190.61 0
    endloop
  endfacet
  facet normal -0.89663 -0.44278 0
    outer loop
      vertex 427.498 190.61 2.4
      vertex 427.538 190.529 0
      vertex 427.538 190.529 2.4
    endloop
  endfacet
  facet normal -0.970143 -0.242536 0
    outer loop
      vertex 427.622 190.27 0
      vertex 427.6 190.358 2.4
      vertex 427.6 190.358 0
    endloop
  endfacet
  facet normal -0.970143 -0.242536 0
    outer loop
      vertex 427.6 190.358 2.4
      vertex 427.622 190.27 0
      vertex 427.622 190.27 2.4
    endloop
  endfacet
  facet normal -0.83205 -0.5547 0
    outer loop
      vertex 427.452 190.689 0
      vertex 427.402 190.764 2.4
      vertex 427.402 190.764 0
    endloop
  endfacet
  facet normal -0.83205 -0.5547 0
    outer loop
      vertex 427.402 190.764 2.4
      vertex 427.452 190.689 0
      vertex 427.452 190.689 2.4
    endloop
  endfacet
  facet normal -0.73944 -0.673222 0
    outer loop
      vertex 427.346 190.836 0
      vertex 427.285 190.903 2.4
      vertex 427.285 190.903 0
    endloop
  endfacet
  facet normal -0.73944 -0.673222 0
    outer loop
      vertex 427.285 190.903 2.4
      vertex 427.346 190.836 0
      vertex 427.346 190.836 2.4
    endloop
  endfacet
  facet normal 0 -1 0
    outer loop
      vertex 426.305 191.299 0
      vertex 426.395 191.299 2.4
      vertex 426.305 191.299 2.4
    endloop
  endfacet
  facet normal 0 -1 -0
    outer loop
      vertex 426.395 191.299 2.4
      vertex 426.305 191.299 0
      vertex 426.395 191.299 0
    endloop
  endfacet
  facet normal -0.211046 -0.977476 0
    outer loop
      vertex 426.576 191.28 0
      vertex 426.664 191.261 2.4
      vertex 426.576 191.28 2.4
    endloop
  endfacet
  facet normal -0.211046 -0.977476 -0
    outer loop
      vertex 426.664 191.261 2.4
      vertex 426.576 191.28 0
      vertex 426.664 191.261 0
    endloop
  endfacet
  facet normal -0.407159 -0.913357 0
    outer loop
      vertex 426.837 191.205 0
      vertex 426.92 191.168 2.4
      vertex 426.837 191.205 2.4
    endloop
  endfacet
  facet normal -0.407159 -0.913357 -0
    outer loop
      vertex 426.92 191.168 2.4
      vertex 426.837 191.205 0
      vertex 426.92 191.168 0
    endloop
  endfacet
  facet normal -0.638018 -0.770022 0
    outer loop
      vertex 427.15 191.024 0
      vertex 427.22 190.966 2.4
      vertex 427.15 191.024 2.4
    endloop
  endfacet
  facet normal -0.638018 -0.770022 -0
    outer loop
      vertex 427.22 190.966 2.4
      vertex 427.15 191.024 0
      vertex 427.22 190.966 0
    endloop
  endfacet
  facet normal 0.970143 -0.242536 0
    outer loop
      vertex 425.078 190.27 2.4
      vertex 425.1 190.358 0
      vertex 425.1 190.358 2.4
    endloop
  endfacet
  facet normal 0.970143 -0.242536 0
    outer loop
      vertex 425.1 190.358 0
      vertex 425.078 190.27 2.4
      vertex 425.078 190.27 0
    endloop
  endfacet
  facet normal 0.951915 -0.306363 0
    outer loop
      vertex 425.1 190.358 2.4
      vertex 425.128 190.445 0
      vertex 425.128 190.445 2.4
    endloop
  endfacet
  facet normal 0.951915 -0.306363 0
    outer loop
      vertex 425.128 190.445 0
      vertex 425.1 190.358 2.4
      vertex 425.1 190.358 0
    endloop
  endfacet
  facet normal 0.993884 -0.110432 0
    outer loop
      vertex 425.053 190.091 2.4
      vertex 425.063 190.181 0
      vertex 425.063 190.181 2.4
    endloop
  endfacet
  facet normal 0.993884 -0.110432 0
    outer loop
      vertex 425.063 190.181 0
      vertex 425.053 190.091 2.4
      vertex 425.053 190.091 0
    endloop
  endfacet
  facet normal 0.999457 -0.0329491 0
    outer loop
      vertex 425.05 190 2.4
      vertex 425.053 190.091 0
      vertex 425.053 190.091 2.4
    endloop
  endfacet
  facet normal 0.999457 -0.0329491 0
    outer loop
      vertex 425.053 190.091 0
      vertex 425.05 190 2.4
      vertex 425.05 190 0
    endloop
  endfacet
  facet normal 0.999457 0.0329491 0
    outer loop
      vertex 425.053 189.909 2.4
      vertex 425.05 190 0
      vertex 425.05 190 2.4
    endloop
  endfacet
  facet normal 0.999457 0.0329491 0
    outer loop
      vertex 425.05 190 0
      vertex 425.053 189.909 2.4
      vertex 425.053 189.909 0
    endloop
  endfacet
  facet normal 0.89663 -0.44278 0
    outer loop
      vertex 425.162 190.529 2.4
      vertex 425.202 190.61 0
      vertex 425.202 190.61 2.4
    endloop
  endfacet
  facet normal 0.89663 -0.44278 0
    outer loop
      vertex 425.202 190.61 0
      vertex 425.162 190.529 2.4
      vertex 425.162 190.529 0
    endloop
  endfacet
  facet normal 0.34263 -0.93947 0
    outer loop
      vertex 425.863 191.205 0
      vertex 425.948 191.236 2.4
      vertex 425.863 191.205 2.4
    endloop
  endfacet
  facet normal 0.34263 -0.93947 0
    outer loop
      vertex 425.948 191.236 2.4
      vertex 425.863 191.205 0
      vertex 425.948 191.236 0
    endloop
  endfacet
  facet normal 0.464834 -0.885398 0
    outer loop
      vertex 425.7 191.126 0
      vertex 425.78 191.168 2.4
      vertex 425.7 191.126 2.4
    endloop
  endfacet
  facet normal 0.464834 -0.885398 0
    outer loop
      vertex 425.78 191.168 2.4
      vertex 425.7 191.126 0
      vertex 425.78 191.168 0
    endloop
  endfacet
  facet normal 0.695973 -0.718068 0
    outer loop
      vertex 425.415 190.903 0
      vertex 425.48 190.966 2.4
      vertex 425.415 190.903 2.4
    endloop
  endfacet
  facet normal 0.695973 -0.718068 0
    outer loop
      vertex 425.48 190.966 2.4
      vertex 425.415 190.903 0
      vertex 425.48 190.966 0
    endloop
  endfacet
  facet normal 0.638018 -0.770022 0
    outer loop
      vertex 425.48 190.966 0
      vertex 425.55 191.024 2.4
      vertex 425.48 190.966 2.4
    endloop
  endfacet
  facet normal 0.638018 -0.770022 0
    outer loop
      vertex 425.55 191.024 2.4
      vertex 425.48 190.966 0
      vertex 425.55 191.024 0
    endloop
  endfacet
  facet normal -0.993884 0.110432 0
    outer loop
      vertex 427.637 189.819 0
      vertex 427.647 189.909 2.4
      vertex 427.647 189.909 0
    endloop
  endfacet
  facet normal -0.993884 0.110432 0
    outer loop
      vertex 427.647 189.909 2.4
      vertex 427.637 189.819 0
      vertex 427.637 189.819 2.4
    endloop
  endfacet
  facet normal -0.986093 0.166195 0
    outer loop
      vertex 427.622 189.73 0
      vertex 427.637 189.819 2.4
      vertex 427.637 189.819 0
    endloop
  endfacet
  facet normal -0.986093 0.166195 0
    outer loop
      vertex 427.637 189.819 2.4
      vertex 427.622 189.73 0
      vertex 427.622 189.73 2.4
    endloop
  endfacet
  facet normal -0.951915 0.306363 0
    outer loop
      vertex 427.572 189.555 0
      vertex 427.6 189.642 2.4
      vertex 427.6 189.642 0
    endloop
  endfacet
  facet normal -0.951915 0.306363 0
    outer loop
      vertex 427.6 189.642 2.4
      vertex 427.572 189.555 0
      vertex 427.572 189.555 2.4
    endloop
  endfacet
  facet normal -0.73944 0.673222 0
    outer loop
      vertex 427.285 189.097 0
      vertex 427.346 189.164 2.4
      vertex 427.346 189.164 0
    endloop
  endfacet
  facet normal -0.73944 0.673222 0
    outer loop
      vertex 427.346 189.164 2.4
      vertex 427.285 189.097 0
      vertex 427.285 189.097 2.4
    endloop
  endfacet
  facet normal -0.789352 0.613941 0
    outer loop
      vertex 427.346 189.164 0
      vertex 427.402 189.236 2.4
      vertex 427.402 189.236 0
    endloop
  endfacet
  facet normal -0.789352 0.613941 0
    outer loop
      vertex 427.402 189.236 2.4
      vertex 427.346 189.164 0
      vertex 427.346 189.164 2.4
    endloop
  endfacet
  facet normal 0.993884 0.110432 0
    outer loop
      vertex 425.063 189.819 2.4
      vertex 425.053 189.909 0
      vertex 425.053 189.909 2.4
    endloop
  endfacet
  facet normal 0.993884 0.110432 0
    outer loop
      vertex 425.053 189.909 0
      vertex 425.063 189.819 2.4
      vertex 425.063 189.819 0
    endloop
  endfacet
  facet normal 0.89663 0.44278 0
    outer loop
      vertex 425.202 189.39 2.4
      vertex 425.162 189.471 0
      vertex 425.162 189.471 2.4
    endloop
  endfacet
  facet normal 0.89663 0.44278 0
    outer loop
      vertex 425.162 189.471 0
      vertex 425.202 189.39 2.4
      vertex 425.202 189.39 0
    endloop
  endfacet
  facet normal -0.142961 0.989728 0
    outer loop
      vertex 426.576 188.72 0
      vertex 426.486 188.707 2.4
      vertex 426.576 188.72 2.4
    endloop
  endfacet
  facet normal -0.142961 0.989728 0
    outer loop
      vertex 426.486 188.707 2.4
      vertex 426.576 188.72 0
      vertex 426.486 188.707 0
    endloop
  endfacet
  facet normal -0.273277 0.961935 0
    outer loop
      vertex 426.752 188.764 0
      vertex 426.664 188.739 2.4
      vertex 426.752 188.764 2.4
    endloop
  endfacet
  facet normal -0.273277 0.961935 0
    outer loop
      vertex 426.664 188.739 2.4
      vertex 426.752 188.764 0
      vertex 426.664 188.739 0
    endloop
  endfacet
  facet normal -0.407159 0.913357 0
    outer loop
      vertex 426.92 188.832 0
      vertex 426.837 188.795 2.4
      vertex 426.92 188.832 2.4
    endloop
  endfacet
  facet normal -0.407159 0.913357 0
    outer loop
      vertex 426.837 188.795 2.4
      vertex 426.92 188.832 0
      vertex 426.837 188.795 0
    endloop
  endfacet
  facet normal -0.34263 0.93947 0
    outer loop
      vertex 426.837 188.795 0
      vertex 426.752 188.764 2.4
      vertex 426.837 188.795 2.4
    endloop
  endfacet
  facet normal -0.34263 0.93947 0
    outer loop
      vertex 426.752 188.764 2.4
      vertex 426.837 188.795 0
      vertex 426.752 188.764 0
    endloop
  endfacet
  facet normal -0.926947 -0.375193 0
    outer loop
      vertex 427.572 190.445 0
      vertex 427.538 190.529 2.4
      vertex 427.538 190.529 0
    endloop
  endfacet
  facet normal -0.926947 -0.375193 0
    outer loop
      vertex 427.538 190.529 2.4
      vertex 427.572 190.445 0
      vertex 427.572 190.445 2.4
    endloop
  endfacet
  facet normal -0.986093 -0.166195 0
    outer loop
      vertex 427.637 190.181 0
      vertex 427.622 190.27 2.4
      vertex 427.622 190.27 0
    endloop
  endfacet
  facet normal -0.986093 -0.166195 0
    outer loop
      vertex 427.622 190.27 2.4
      vertex 427.637 190.181 0
      vertex 427.637 190.181 2.4
    endloop
  endfacet
  facet normal 0 0 -1
    outer loop
      vertex 427.647 189.909 2.4
      vertex 427.647 190.091 2.4
      vertex 427.65 190 2.4
    endloop
  endfacet
  facet normal 0 0 -1
    outer loop
      vertex 427.637 189.819 2.4
      vertex 427.647 190.091 2.4
      vertex 427.647 189.909 2.4
    endloop
  endfacet
  facet normal 0 0 -1
    outer loop
      vertex 427.637 189.819 2.4
      vertex 427.637 190.181 2.4
      vertex 427.647 190.091 2.4
    endloop
  endfacet
  facet normal 0 0 -1
    outer loop
      vertex 427.622 189.73 2.4
      vertex 427.637 190.181 2.4
      vertex 427.637 189.819 2.4
    endloop
  endfacet
  facet normal 0 0 -1
    outer loop
      vertex 427.622 189.73 2.4
      vertex 427.622 190.27 2.4
      vertex 427.637 190.181 2.4
    endloop
  endfacet
  facet normal 0 0 -1
    outer loop
      vertex 427.6 189.642 2.4
      vertex 427.622 190.27 2.4
      vertex 427.622 189.73 2.4
    endloop
  endfacet
  facet normal 0 0 -1
    outer loop
      vertex 427.6 189.642 2.4
      vertex 427.6 190.358 2.4
      vertex 427.622 190.27 2.4
    endloop
  endfacet
  facet normal 0 0 -1
    outer loop
      vertex 427.572 189.555 2.4
      vertex 427.6 190.358 2.4
      vertex 427.6 189.642 2.4
    endloop
  endfacet
  facet normal 0 0 -1
    outer loop
      vertex 427.572 189.555 2.4
      vertex 427.572 190.445 2.4
      vertex 427.6 190.358 2.4
    endloop
  endfacet
  facet normal 0 0 -1
    outer loop
      vertex 427.538 189.471 2.4
      vertex 427.572 190.445 2.4
      vertex 427.572 189.555 2.4
    endloop
  endfacet
  facet normal 0 0 -1
    outer loop
      vertex 427.538 189.471 2.4
      vertex 427.538 190.529 2.4
      vertex 427.572 190.445 2.4
    endloop
  endfacet
  facet normal 0 0 -1
    outer loop
      vertex 427.498 189.39 2.4
      vertex 427.538 190.529 2.4
      vertex 427.538 189.471 2.4
    endloop
  endfacet
  facet normal 0 0 -1
    outer loop
      vertex 427.498 189.39 2.4
      vertex 427.498 190.61 2.4
      vertex 427.538 190.529 2.4
    endloop
  endfacet
  facet normal 0 0 -1
    outer loop
      vertex 427.452 189.311 2.4
      vertex 427.498 190.61 2.4
      vertex 427.498 189.39 2.4
    endloop
  endfacet
  facet normal 0 0 -1
    outer loop
      vertex 427.452 189.311 2.4
      vertex 427.452 190.689 2.4
      vertex 427.498 190.61 2.4
    endloop
  endfacet
  facet normal 0 0 -1
    outer loop
      vertex 427.402 189.236 2.4
      vertex 427.452 190.689 2.4
      vertex 427.452 189.311 2.4
    endloop
  endfacet
  facet normal 0 0 -1
    outer loop
      vertex 427.402 189.236 2.4
      vertex 427.402 190.764 2.4
      vertex 427.452 190.689 2.4
    endloop
  endfacet
  facet normal 0 0 -1
    outer loop
      vertex 427.346 189.164 2.4
      vertex 427.402 190.764 2.4
      vertex 427.402 189.236 2.4
    endloop
  endfacet
  facet normal 0 0 -1
    outer loop
      vertex 427.346 189.164 2.4
      vertex 427.346 190.836 2.4
      vertex 427.402 190.764 2.4
    endloop
  endfacet
  facet normal 0 0 -1
    outer loop
      vertex 427.285 189.097 2.4
      vertex 427.346 190.836 2.4
      vertex 427.346 189.164 2.4
    endloop
  endfacet
  facet normal 0 0 -1
    outer loop
      vertex 427.285 189.097 2.4
      vertex 427.285 190.903 2.4
      vertex 427.346 190.836 2.4
    endloop
  endfacet
  facet normal 0 0 -1
    outer loop
      vertex 427.22 189.034 2.4
      vertex 427.285 190.903 2.4
      vertex 427.285 189.097 2.4
    endloop
  endfacet
  facet normal 0 0 -1
    outer loop
      vertex 427.22 189.034 2.4
      vertex 427.22 190.966 2.4
      vertex 427.285 190.903 2.4
    endloop
  endfacet
  facet normal 0 0 -1
    outer loop
      vertex 427.15 188.976 2.4
      vertex 427.22 190.966 2.4
      vertex 427.22 189.034 2.4
    endloop
  endfacet
  facet normal 0 0 -1
    outer loop
      vertex 427.15 188.976 2.4
      vertex 427.15 191.024 2.4
      vertex 427.22 190.966 2.4
    endloop
  endfacet
  facet normal 0 0 -1
    outer loop
      vertex 427.077 188.922 2.4
      vertex 427.15 191.024 2.4
      vertex 427.15 188.976 2.4
    endloop
  endfacet
  facet normal 0 0 -1
    outer loop
      vertex 427.077 188.922 2.4
      vertex 427.077 191.078 2.4
      vertex 427.15 191.024 2.4
    endloop
  endfacet
  facet normal 0 0 -1
    outer loop
      vertex 427 188.874 2.4
      vertex 427.077 191.078 2.4
      vertex 427.077 188.922 2.4
    endloop
  endfacet
  facet normal 0 0 -1
    outer loop
      vertex 427 188.874 2.4
      vertex 427 191.126 2.4
      vertex 427.077 191.078 2.4
    endloop
  endfacet
  facet normal 0 0 -1
    outer loop
      vertex 426.92 188.832 2.4
      vertex 427 191.126 2.4
      vertex 427 188.874 2.4
    endloop
  endfacet
  facet normal 0 0 -1
    outer loop
      vertex 426.92 188.832 2.4
      vertex 426.92 191.168 2.4
      vertex 427 191.126 2.4
    endloop
  endfacet
  facet normal 0 0 -1
    outer loop
      vertex 426.837 188.795 2.4
      vertex 426.92 191.168 2.4
      vertex 426.92 188.832 2.4
    endloop
  endfacet
  facet normal 0 0 -1
    outer loop
      vertex 426.837 188.795 2.4
      vertex 426.837 191.205 2.4
      vertex 426.92 191.168 2.4
    endloop
  endfacet
  facet normal 0 0 -1
    outer loop
      vertex 426.752 188.764 2.4
      vertex 426.837 191.205 2.4
      vertex 426.837 188.795 2.4
    endloop
  endfacet
  facet normal 0 0 -1
    outer loop
      vertex 426.752 188.764 2.4
      vertex 426.752 191.236 2.4
      vertex 426.837 191.205 2.4
    endloop
  endfacet
  facet normal 0 0 -1
    outer loop
      vertex 426.664 188.739 2.4
      vertex 426.752 191.236 2.4
      vertex 426.752 188.764 2.4
    endloop
  endfacet
  facet normal 0 0 -1
    outer loop
      vertex 426.664 188.739 2.4
      vertex 426.664 191.261 2.4
      vertex 426.752 191.236 2.4
    endloop
  endfacet
  facet normal 0 0 -1
    outer loop
      vertex 426.576 188.72 2.4
      vertex 426.664 191.261 2.4
      vertex 426.664 188.739 2.4
    endloop
  endfacet
  facet normal 0 0 -1
    outer loop
      vertex 426.576 188.72 2.4
      vertex 426.576 191.28 2.4
      vertex 426.664 191.261 2.4
    endloop
  endfacet
  facet normal 0 0 -1
    outer loop
      vertex 426.486 188.707 2.4
      vertex 426.576 191.28 2.4
      vertex 426.576 188.72 2.4
    endloop
  endfacet
  facet normal 0 0 -1
    outer loop
      vertex 426.486 188.707 2.4
      vertex 426.486 191.293 2.4
      vertex 426.576 191.28 2.4
    endloop
  endfacet
  facet normal 0 0 -1
    outer loop
      vertex 426.395 188.701 2.4
      vertex 426.486 191.293 2.4
      vertex 426.486 188.707 2.4
    endloop
  endfacet
  facet normal 0 0 -1
    outer loop
      vertex 426.395 188.701 2.4
      vertex 426.395 191.299 2.4
      vertex 426.486 191.293 2.4
    endloop
  endfacet
  facet normal 0 0 -1
    outer loop
      vertex 426.305 188.701 2.4
      vertex 426.395 191.299 2.4
      vertex 426.395 188.701 2.4
    endloop
  endfacet
  facet normal 0 0 -1
    outer loop
      vertex 426.305 188.701 2.4
      vertex 426.305 191.299 2.4
      vertex 426.395 191.299 2.4
    endloop
  endfacet
  facet normal 0 0 -1
    outer loop
      vertex 426.214 188.707 2.4
      vertex 426.305 191.299 2.4
      vertex 426.305 188.701 2.4
    endloop
  endfacet
  facet normal 0 0 -1
    outer loop
      vertex 426.214 188.707 2.4
      vertex 426.214 191.293 2.4
      vertex 426.305 191.299 2.4
    endloop
  endfacet
  facet normal 0 0 -1
    outer loop
      vertex 426.124 188.72 2.4
      vertex 426.214 191.293 2.4
      vertex 426.214 188.707 2.4
    endloop
  endfacet
  facet normal 0 0 -1
    outer loop
      vertex 426.124 188.72 2.4
      vertex 426.124 191.28 2.4
      vertex 426.214 191.293 2.4
    endloop
  endfacet
  facet normal 0 0 -1
    outer loop
      vertex 426.035 188.739 2.4
      vertex 426.124 191.28 2.4
      vertex 426.124 188.72 2.4
    endloop
  endfacet
  facet normal 0 0 -1
    outer loop
      vertex 426.035 188.739 2.4
      vertex 426.035 191.261 2.4
      vertex 426.124 191.28 2.4
    endloop
  endfacet
  facet normal 0 0 -1
    outer loop
      vertex 425.948 188.764 2.4
      vertex 426.035 191.261 2.4
      vertex 426.035 188.739 2.4
    endloop
  endfacet
  facet normal 0 0 -1
    outer loop
      vertex 425.948 188.764 2.4
      vertex 425.948 191.236 2.4
      vertex 426.035 191.261 2.4
    endloop
  endfacet
  facet normal 0 0 -1
    outer loop
      vertex 425.863 188.795 2.4
      vertex 425.948 191.236 2.4
      vertex 425.948 188.764 2.4
    endloop
  endfacet
  facet normal 0 0 -1
    outer loop
      vertex 425.863 188.795 2.4
      vertex 425.863 191.205 2.4
      vertex 425.948 191.236 2.4
    endloop
  endfacet
  facet normal 0 0 -1
    outer loop
      vertex 425.78 188.832 2.4
      vertex 425.863 191.205 2.4
      vertex 425.863 188.795 2.4
    endloop
  endfacet
  facet normal 0 0 -1
    outer loop
      vertex 425.78 188.832 2.4
      vertex 425.78 191.168 2.4
      vertex 425.863 191.205 2.4
    endloop
  endfacet
  facet normal 0 0 -1
    outer loop
      vertex 425.7 188.874 2.4
      vertex 425.78 191.168 2.4
      vertex 425.78 188.832 2.4
    endloop
  endfacet
  facet normal 0 0 -1
    outer loop
      vertex 425.7 188.874 2.4
      vertex 425.7 191.126 2.4
      vertex 425.78 191.168 2.4
    endloop
  endfacet
  facet normal 0 0 -1
    outer loop
      vertex 425.623 188.922 2.4
      vertex 425.7 191.126 2.4
      vertex 425.7 188.874 2.4
    endloop
  endfacet
  facet normal 0 0 -1
    outer loop
      vertex 425.623 188.922 2.4
      vertex 425.623 191.078 2.4
      vertex 425.7 191.126 2.4
    endloop
  endfacet
  facet normal 0 0 -1
    outer loop
      vertex 425.55 188.976 2.4
      vertex 425.623 191.078 2.4
      vertex 425.623 188.922 2.4
    endloop
  endfacet
  facet normal 0 0 -1
    outer loop
      vertex 425.55 188.976 2.4
      vertex 425.55 191.024 2.4
      vertex 425.623 191.078 2.4
    endloop
  endfacet
  facet normal 0 0 -1
    outer loop
      vertex 425.48 189.034 2.4
      vertex 425.55 191.024 2.4
      vertex 425.55 188.976 2.4
    endloop
  endfacet
  facet normal 0 0 -1
    outer loop
      vertex 425.48 189.034 2.4
      vertex 425.48 190.966 2.4
      vertex 425.55 191.024 2.4
    endloop
  endfacet
  facet normal 0 0 -1
    outer loop
      vertex 425.415 189.097 2.4
      vertex 425.48 190.966 2.4
      vertex 425.48 189.034 2.4
    endloop
  endfacet
  facet normal 0 0 -1
    outer loop
      vertex 425.415 189.097 2.4
      vertex 425.415 190.903 2.4
      vertex 425.48 190.966 2.4
    endloop
  endfacet
  facet normal 0 0 -1
    outer loop
      vertex 425.354 189.164 2.4
      vertex 425.415 190.903 2.4
      vertex 425.415 189.097 2.4
    endloop
  endfacet
  facet normal 0 0 -1
    outer loop
      vertex 425.354 189.164 2.4
      vertex 425.354 190.836 2.4
      vertex 425.415 190.903 2.4
    endloop
  endfacet
  facet normal 0 0 -1
    outer loop
      vertex 425.298 189.236 2.4
      vertex 425.354 190.836 2.4
      vertex 425.354 189.164 2.4
    endloop
  endfacet
  facet normal 0 0 -1
    outer loop
      vertex 425.298 189.236 2.4
      vertex 425.298 190.764 2.4
      vertex 425.354 190.836 2.4
    endloop
  endfacet
  facet normal 0 0 -1
    outer loop
      vertex 425.248 189.311 2.4
      vertex 425.298 190.764 2.4
      vertex 425.298 189.236 2.4
    endloop
  endfacet
  facet normal 0 0 -1
    outer loop
      vertex 425.248 189.311 2.4
      vertex 425.248 190.689 2.4
      vertex 425.298 190.764 2.4
    endloop
  endfacet
  facet normal 0 0 -1
    outer loop
      vertex 425.202 189.39 2.4
      vertex 425.248 190.689 2.4
      vertex 425.248 189.311 2.4
    endloop
  endfacet
  facet normal 0 0 -1
    outer loop
      vertex 425.202 189.39 2.4
      vertex 425.202 190.61 2.4
      vertex 425.248 190.689 2.4
    endloop
  endfacet
  facet normal 0 0 -1
    outer loop
      vertex 425.162 189.471 2.4
      vertex 425.202 190.61 2.4
      vertex 425.202 189.39 2.4
    endloop
  endfacet
  facet normal 0 0 -1
    outer loop
      vertex 425.162 189.471 2.4
      vertex 425.162 190.529 2.4
      vertex 425.202 190.61 2.4
    endloop
  endfacet
  facet normal 0 0 -1
    outer loop
      vertex 425.128 189.555 2.4
      vertex 425.162 190.529 2.4
      vertex 425.162 189.471 2.4
    endloop
  endfacet
  facet normal 0 0 -1
    outer loop
      vertex 425.128 189.555 2.4
      vertex 425.128 190.445 2.4
      vertex 425.162 190.529 2.4
    endloop
  endfacet
  facet normal 0 0 -1
    outer loop
      vertex 425.1 189.642 2.4
      vertex 425.128 190.445 2.4
      vertex 425.128 189.555 2.4
    endloop
  endfacet
  facet normal 0 0 -1
    outer loop
      vertex 425.1 189.642 2.4
      vertex 425.1 190.358 2.4
      vertex 425.128 190.445 2.4
    endloop
  endfacet
  facet normal 0 0 -1
    outer loop
      vertex 425.078 189.73 2.4
      vertex 425.1 190.358 2.4
      vertex 425.1 189.642 2.4
    endloop
  endfacet
  facet normal 0 0 -1
    outer loop
      vertex 425.078 189.73 2.4
      vertex 425.078 190.27 2.4
      vertex 425.1 190.358 2.4
    endloop
  endfacet
  facet normal 0 0 -1
    outer loop
      vertex 425.063 189.819 2.4
      vertex 425.078 190.27 2.4
      vertex 425.078 189.73 2.4
    endloop
  endfacet
  facet normal 0 0 -1
    outer loop
      vertex 425.063 189.819 2.4
      vertex 425.063 190.181 2.4
      vertex 425.078 190.27 2.4
    endloop
  endfacet
  facet normal 0 0 -1
    outer loop
      vertex 425.053 189.909 2.4
      vertex 425.063 190.181 2.4
      vertex 425.063 189.819 2.4
    endloop
  endfacet
  facet normal 0 0 -1
    outer loop
      vertex 425.053 189.909 2.4
      vertex 425.053 190.091 2.4
      vertex 425.063 190.181 2.4
    endloop
  endfacet
  facet normal 0 -0 -1
    outer loop
      vertex 425.053 190.091 2.4
      vertex 425.053 189.909 2.4
      vertex 425.05 190 2.4
    endloop
  endfacet
  facet normal -0.999457 0.0329491 0
    outer loop
      vertex 427.647 189.909 0
      vertex 427.65 190 2.4
      vertex 427.65 190 0
    endloop
  endfacet
  facet normal -0.999457 0.0329491 0
    outer loop
      vertex 427.65 190 2.4
      vertex 427.647 189.909 0
      vertex 427.647 189.909 2.4
    endloop
  endfacet
  facet normal -0.594701 0.803947 0
    outer loop
      vertex 427.15 188.976 0
      vertex 427.077 188.922 2.4
      vertex 427.15 188.976 2.4
    endloop
  endfacet
  facet normal -0.594701 0.803947 0
    outer loop
      vertex 427.077 188.922 2.4
      vertex 427.15 188.976 0
      vertex 427.077 188.922 0
    endloop
  endfacet
  facet normal -0.695973 0.718068 0
    outer loop
      vertex 427.285 189.097 0
      vertex 427.22 189.034 2.4
      vertex 427.285 189.097 2.4
    endloop
  endfacet
  facet normal -0.695973 0.718068 0
    outer loop
      vertex 427.22 189.034 2.4
      vertex 427.285 189.097 0
      vertex 427.22 189.034 0
    endloop
  endfacet
  facet normal -0.83205 0.5547 0
    outer loop
      vertex 427.402 189.236 0
      vertex 427.452 189.311 2.4
      vertex 427.452 189.311 0
    endloop
  endfacet
  facet normal -0.83205 0.5547 0
    outer loop
      vertex 427.452 189.311 2.4
      vertex 427.402 189.236 0
      vertex 427.402 189.236 2.4
    endloop
  endfacet
  facet normal 0.27618 0.961106 -0
    outer loop
      vertex 426.035 188.739 0
      vertex 425.948 188.764 2.4
      vertex 426.035 188.739 2.4
    endloop
  endfacet
  facet normal 0.27618 0.961106 0
    outer loop
      vertex 425.948 188.764 2.4
      vertex 426.035 188.739 0
      vertex 425.948 188.764 0
    endloop
  endfacet
  facet normal 0.73944 0.673222 0
    outer loop
      vertex 425.415 189.097 2.4
      vertex 425.354 189.164 0
      vertex 425.354 189.164 2.4
    endloop
  endfacet
  facet normal 0.73944 0.673222 0
    outer loop
      vertex 425.354 189.164 0
      vertex 425.415 189.097 2.4
      vertex 425.415 189.097 0
    endloop
  endfacet
  facet normal 0.926947 0.375193 0
    outer loop
      vertex 425.162 189.471 2.4
      vertex 425.128 189.555 0
      vertex 425.128 189.555 2.4
    endloop
  endfacet
  facet normal 0.926947 0.375193 0
    outer loop
      vertex 425.128 189.555 0
      vertex 425.162 189.471 2.4
      vertex 425.162 189.471 0
    endloop
  endfacet
  facet normal 0.970143 0.242536 0
    outer loop
      vertex 425.1 189.642 2.4
      vertex 425.078 189.73 0
      vertex 425.078 189.73 2.4
    endloop
  endfacet
  facet normal 0.970143 0.242536 0
    outer loop
      vertex 425.078 189.73 0
      vertex 425.1 189.642 2.4
      vertex 425.1 189.642 0
    endloop
  endfacet
  facet normal 0.986093 0.166195 0
    outer loop
      vertex 425.078 189.73 2.4
      vertex 425.063 189.819 0
      vertex 425.063 189.819 2.4
    endloop
  endfacet
  facet normal 0.986093 0.166195 0
    outer loop
      vertex 425.063 189.819 0
      vertex 425.078 189.73 2.4
      vertex 425.078 189.73 0
    endloop
  endfacet
  facet normal -0.211046 0.977476 0
    outer loop
      vertex 426.664 188.739 0
      vertex 426.576 188.72 2.4
      vertex 426.664 188.739 2.4
    endloop
  endfacet
  facet normal -0.211046 0.977476 0
    outer loop
      vertex 426.576 188.72 2.4
      vertex 426.664 188.739 0
      vertex 426.576 188.72 0
    endloop
  endfacet
  facet normal -0.926947 0.375193 0
    outer loop
      vertex 427.538 189.471 0
      vertex 427.572 189.555 2.4
      vertex 427.572 189.555 0
    endloop
  endfacet
  facet normal -0.926947 0.375193 0
    outer loop
      vertex 427.572 189.555 2.4
      vertex 427.538 189.471 0
      vertex 427.538 189.471 2.4
    endloop
  endfacet
  facet normal -0.89663 0.44278 0
    outer loop
      vertex 427.498 189.39 0
      vertex 427.538 189.471 2.4
      vertex 427.538 189.471 0
    endloop
  endfacet
  facet normal -0.89663 0.44278 0
    outer loop
      vertex 427.538 189.471 2.4
      vertex 427.498 189.39 0
      vertex 427.498 189.39 2.4
    endloop
  endfacet
  facet normal -0.638018 0.770022 0
    outer loop
      vertex 427.22 189.034 0
      vertex 427.15 188.976 2.4
      vertex 427.22 189.034 2.4
    endloop
  endfacet
  facet normal -0.638018 0.770022 0
    outer loop
      vertex 427.15 188.976 2.4
      vertex 427.22 189.034 0
      vertex 427.15 188.976 0
    endloop
  endfacet
  facet normal -0.864175 0.503191 0
    outer loop
      vertex 427.452 189.311 0
      vertex 427.498 189.39 2.4
      vertex 427.498 189.39 0
    endloop
  endfacet
  facet normal -0.864175 0.503191 0
    outer loop
      vertex 427.498 189.39 2.4
      vertex 427.452 189.311 0
      vertex 427.452 189.311 2.4
    endloop
  endfacet
  facet normal 0.407159 0.913357 -0
    outer loop
      vertex 425.863 188.795 0
      vertex 425.78 188.832 2.4
      vertex 425.863 188.795 2.4
    endloop
  endfacet
  facet normal 0.407159 0.913357 0
    outer loop
      vertex 425.78 188.832 2.4
      vertex 425.863 188.795 0
      vertex 425.78 188.832 0
    endloop
  endfacet
  facet normal 0.464834 0.885398 -0
    outer loop
      vertex 425.78 188.832 0
      vertex 425.7 188.874 2.4
      vertex 425.78 188.832 2.4
    endloop
  endfacet
  facet normal 0.464834 0.885398 0
    outer loop
      vertex 425.7 188.874 2.4
      vertex 425.78 188.832 0
      vertex 425.7 188.874 0
    endloop
  endfacet
  facet normal 0 1 -0
    outer loop
      vertex 426.395 188.701 0
      vertex 426.305 188.701 2.4
      vertex 426.395 188.701 2.4
    endloop
  endfacet
  facet normal 0 1 0
    outer loop
      vertex 426.305 188.701 2.4
      vertex 426.395 188.701 0
      vertex 426.305 188.701 0
    endloop
  endfacet
  facet normal 0.34263 0.93947 -0
    outer loop
      vertex 425.948 188.764 0
      vertex 425.863 188.795 2.4
      vertex 425.948 188.764 2.4
    endloop
  endfacet
  facet normal 0.34263 0.93947 0
    outer loop
      vertex 425.863 188.795 2.4
      vertex 425.948 188.764 0
      vertex 425.863 188.795 0
    endloop
  endfacet
  facet normal 0.0657912 0.997833 -0
    outer loop
      vertex 426.305 188.701 0
      vertex 426.214 188.707 2.4
      vertex 426.305 188.701 2.4
    endloop
  endfacet
  facet normal 0.0657912 0.997833 0
    outer loop
      vertex 426.214 188.707 2.4
      vertex 426.305 188.701 0
      vertex 426.214 188.707 0
    endloop
  endfacet
  facet normal 0.83205 0.5547 0
    outer loop
      vertex 425.298 189.236 2.4
      vertex 425.248 189.311 0
      vertex 425.248 189.311 2.4
    endloop
  endfacet
  facet normal 0.83205 0.5547 0
    outer loop
      vertex 425.248 189.311 0
      vertex 425.298 189.236 2.4
      vertex 425.298 189.236 0
    endloop
  endfacet
  facet normal 0.789352 0.613941 0
    outer loop
      vertex 425.354 189.164 2.4
      vertex 425.298 189.236 0
      vertex 425.298 189.236 2.4
    endloop
  endfacet
  facet normal 0.789352 0.613941 0
    outer loop
      vertex 425.298 189.236 0
      vertex 425.354 189.164 2.4
      vertex 425.354 189.164 0
    endloop
  endfacet
  facet normal 0.695973 0.718068 -0
    outer loop
      vertex 425.48 189.034 0
      vertex 425.415 189.097 2.4
      vertex 425.48 189.034 2.4
    endloop
  endfacet
  facet normal 0.695973 0.718068 0
    outer loop
      vertex 425.415 189.097 2.4
      vertex 425.48 189.034 0
      vertex 425.415 189.097 0
    endloop
  endfacet
  facet normal 0.638018 0.770022 -0
    outer loop
      vertex 425.55 188.976 0
      vertex 425.48 189.034 2.4
      vertex 425.55 188.976 2.4
    endloop
  endfacet
  facet normal 0.638018 0.770022 0
    outer loop
      vertex 425.48 189.034 2.4
      vertex 425.55 188.976 0
      vertex 425.48 189.034 0
    endloop
  endfacet
  facet normal -0.529008 0.848617 0
    outer loop
      vertex 427.077 188.922 0
      vertex 427 188.874 2.4
      vertex 427.077 188.922 2.4
    endloop
  endfacet
  facet normal -0.529008 0.848617 0
    outer loop
      vertex 427 188.874 2.4
      vertex 427.077 188.922 0
      vertex 427 188.874 0
    endloop
  endfacet
  facet normal -0.464834 0.885398 0
    outer loop
      vertex 427 188.874 0
      vertex 426.92 188.832 2.4
      vertex 427 188.874 2.4
    endloop
  endfacet
  facet normal -0.464834 0.885398 0
    outer loop
      vertex 426.92 188.832 2.4
      vertex 427 188.874 0
      vertex 426.92 188.832 0
    endloop
  endfacet
  facet normal 0.529008 0.848617 -0
    outer loop
      vertex 425.7 188.874 0
      vertex 425.623 188.922 2.4
      vertex 425.7 188.874 2.4
    endloop
  endfacet
  facet normal 0.529008 0.848617 0
    outer loop
      vertex 425.623 188.922 2.4
      vertex 425.7 188.874 0
      vertex 425.623 188.922 0
    endloop
  endfacet
  facet normal 0.594701 0.803947 -0
    outer loop
      vertex 425.623 188.922 0
      vertex 425.55 188.976 2.4
      vertex 425.623 188.922 2.4
    endloop
  endfacet
  facet normal 0.594701 0.803947 0
    outer loop
      vertex 425.55 188.976 2.4
      vertex 425.623 188.922 0
      vertex 425.55 188.976 0
    endloop
  endfacet
  facet normal 0.142961 0.989728 -0
    outer loop
      vertex 426.214 188.707 0
      vertex 426.124 188.72 2.4
      vertex 426.214 188.707 2.4
    endloop
  endfacet
  facet normal 0.142961 0.989728 0
    outer loop
      vertex 426.124 188.72 2.4
      vertex 426.214 188.707 0
      vertex 426.124 188.72 0
    endloop
  endfacet
  facet normal 0.208779 0.977963 -0
    outer loop
      vertex 426.124 188.72 0
      vertex 426.035 188.739 2.4
      vertex 426.124 188.72 2.4
    endloop
  endfacet
  facet normal 0.208779 0.977963 0
    outer loop
      vertex 426.035 188.739 2.4
      vertex 426.124 188.72 0
      vertex 426.035 188.739 0
    endloop
  endfacet
  facet normal -0.407159 0.913357 0
    outer loop
      vertex 426.92 315.832 0
      vertex 426.837 315.795 2.4
      vertex 426.92 315.832 2.4
    endloop
  endfacet
  facet normal -0.407159 0.913357 0
    outer loop
      vertex 426.837 315.795 2.4
      vertex 426.92 315.832 0
      vertex 426.837 315.795 0
    endloop
  endfacet
  facet normal -0.83205 -0.5547 0
    outer loop
      vertex 427.452 317.689 0
      vertex 427.402 317.764 2.4
      vertex 427.402 317.764 0
    endloop
  endfacet
  facet normal -0.83205 -0.5547 0
    outer loop
      vertex 427.402 317.764 2.4
      vertex 427.452 317.689 0
      vertex 427.452 317.689 2.4
    endloop
  endfacet
  facet normal 0.999457 0.0329491 0
    outer loop
      vertex 425.053 316.909 2.4
      vertex 425.05 317 0
      vertex 425.05 317 2.4
    endloop
  endfacet
  facet normal 0.999457 0.0329491 0
    outer loop
      vertex 425.05 317 0
      vertex 425.053 316.909 2.4
      vertex 425.053 316.909 0
    endloop
  endfacet
  facet normal 0.34263 -0.93947 0
    outer loop
      vertex 425.863 318.205 0
      vertex 425.948 318.236 2.4
      vertex 425.863 318.205 2.4
    endloop
  endfacet
  facet normal 0.34263 -0.93947 0
    outer loop
      vertex 425.948 318.236 2.4
      vertex 425.863 318.205 0
      vertex 425.948 318.236 0
    endloop
  endfacet
  facet normal 0.638018 -0.770022 0
    outer loop
      vertex 425.48 317.966 0
      vertex 425.55 318.024 2.4
      vertex 425.48 317.966 2.4
    endloop
  endfacet
  facet normal 0.638018 -0.770022 0
    outer loop
      vertex 425.55 318.024 2.4
      vertex 425.48 317.966 0
      vertex 425.55 318.024 0
    endloop
  endfacet
  facet normal -0.951915 0.306363 0
    outer loop
      vertex 427.572 316.555 0
      vertex 427.6 316.642 2.4
      vertex 427.6 316.642 0
    endloop
  endfacet
  facet normal -0.951915 0.306363 0
    outer loop
      vertex 427.6 316.642 2.4
      vertex 427.572 316.555 0
      vertex 427.572 316.555 2.4
    endloop
  endfacet
  facet normal -0.464834 0.885398 0
    outer loop
      vertex 427 315.874 0
      vertex 426.92 315.832 2.4
      vertex 427 315.874 2.4
    endloop
  endfacet
  facet normal -0.464834 0.885398 0
    outer loop
      vertex 426.92 315.832 2.4
      vertex 427 315.874 0
      vertex 426.92 315.832 0
    endloop
  endfacet
  facet normal -0.993884 -0.110432 0
    outer loop
      vertex 427.647 317.091 0
      vertex 427.637 317.181 2.4
      vertex 427.637 317.181 0
    endloop
  endfacet
  facet normal -0.993884 -0.110432 0
    outer loop
      vertex 427.637 317.181 2.4
      vertex 427.647 317.091 0
      vertex 427.647 317.091 2.4
    endloop
  endfacet
  facet normal -0.970143 -0.242536 0
    outer loop
      vertex 427.622 317.27 0
      vertex 427.6 317.358 2.4
      vertex 427.6 317.358 0
    endloop
  endfacet
  facet normal -0.970143 -0.242536 0
    outer loop
      vertex 427.6 317.358 2.4
      vertex 427.622 317.27 0
      vertex 427.622 317.27 2.4
    endloop
  endfacet
  facet normal -0.789352 -0.613941 0
    outer loop
      vertex 427.402 317.764 0
      vertex 427.346 317.836 2.4
      vertex 427.346 317.836 0
    endloop
  endfacet
  facet normal -0.789352 -0.613941 0
    outer loop
      vertex 427.346 317.836 2.4
      vertex 427.402 317.764 0
      vertex 427.402 317.764 2.4
    endloop
  endfacet
  facet normal -0.695973 -0.718068 0
    outer loop
      vertex 427.22 317.966 0
      vertex 427.285 317.903 2.4
      vertex 427.22 317.966 2.4
    endloop
  endfacet
  facet normal -0.695973 -0.718068 -0
    outer loop
      vertex 427.285 317.903 2.4
      vertex 427.22 317.966 0
      vertex 427.285 317.903 0
    endloop
  endfacet
  facet normal -0.73944 -0.673222 0
    outer loop
      vertex 427.346 317.836 0
      vertex 427.285 317.903 2.4
      vertex 427.285 317.903 0
    endloop
  endfacet
  facet normal -0.73944 -0.673222 0
    outer loop
      vertex 427.285 317.903 2.4
      vertex 427.346 317.836 0
      vertex 427.346 317.836 2.4
    endloop
  endfacet
  facet normal -0.142961 -0.989728 0
    outer loop
      vertex 426.486 318.293 0
      vertex 426.576 318.28 2.4
      vertex 426.486 318.293 2.4
    endloop
  endfacet
  facet normal -0.142961 -0.989728 -0
    outer loop
      vertex 426.576 318.28 2.4
      vertex 426.486 318.293 0
      vertex 426.576 318.28 0
    endloop
  endfacet
  facet normal -0.273277 -0.961935 0
    outer loop
      vertex 426.664 318.261 0
      vertex 426.752 318.236 2.4
      vertex 426.664 318.261 2.4
    endloop
  endfacet
  facet normal -0.273277 -0.961935 -0
    outer loop
      vertex 426.752 318.236 2.4
      vertex 426.664 318.261 0
      vertex 426.752 318.236 0
    endloop
  endfacet
  facet normal -0.594701 -0.803947 0
    outer loop
      vertex 427.077 318.078 0
      vertex 427.15 318.024 2.4
      vertex 427.077 318.078 2.4
    endloop
  endfacet
  facet normal -0.594701 -0.803947 -0
    outer loop
      vertex 427.15 318.024 2.4
      vertex 427.077 318.078 0
      vertex 427.15 318.024 0
    endloop
  endfacet
  facet normal -0.464834 -0.885398 0
    outer loop
      vertex 426.92 318.168 0
      vertex 427 318.126 2.4
      vertex 426.92 318.168 2.4
    endloop
  endfacet
  facet normal -0.464834 -0.885398 -0
    outer loop
      vertex 427 318.126 2.4
      vertex 426.92 318.168 0
      vertex 427 318.126 0
    endloop
  endfacet
  facet normal -0.529008 -0.848617 0
    outer loop
      vertex 427 318.126 0
      vertex 427.077 318.078 2.4
      vertex 427 318.126 2.4
    endloop
  endfacet
  facet normal -0.529008 -0.848617 -0
    outer loop
      vertex 427.077 318.078 2.4
      vertex 427 318.126 0
      vertex 427.077 318.078 0
    endloop
  endfacet
  facet normal 0.986093 -0.166195 0
    outer loop
      vertex 425.063 317.181 2.4
      vertex 425.078 317.27 0
      vertex 425.078 317.27 2.4
    endloop
  endfacet
  facet normal 0.986093 -0.166195 0
    outer loop
      vertex 425.078 317.27 0
      vertex 425.063 317.181 2.4
      vertex 425.063 317.181 0
    endloop
  endfacet
  facet normal 0.999457 -0.0329491 0
    outer loop
      vertex 425.05 317 2.4
      vertex 425.053 317.091 0
      vertex 425.053 317.091 2.4
    endloop
  endfacet
  facet normal 0.999457 -0.0329491 0
    outer loop
      vertex 425.053 317.091 0
      vertex 425.05 317 2.4
      vertex 425.05 317 0
    endloop
  endfacet
  facet normal 0.789352 -0.613941 0
    outer loop
      vertex 425.298 317.764 2.4
      vertex 425.354 317.836 0
      vertex 425.354 317.836 2.4
    endloop
  endfacet
  facet normal 0.789352 -0.613941 0
    outer loop
      vertex 425.354 317.836 0
      vertex 425.298 317.764 2.4
      vertex 425.298 317.764 0
    endloop
  endfacet
  facet normal 0.83205 -0.5547 0
    outer loop
      vertex 425.248 317.689 2.4
      vertex 425.298 317.764 0
      vertex 425.298 317.764 2.4
    endloop
  endfacet
  facet normal 0.83205 -0.5547 0
    outer loop
      vertex 425.298 317.764 0
      vertex 425.248 317.689 2.4
      vertex 425.248 317.689 0
    endloop
  endfacet
  facet normal 0.142961 -0.989728 0
    outer loop
      vertex 426.124 318.28 0
      vertex 426.214 318.293 2.4
      vertex 426.124 318.28 2.4
    endloop
  endfacet
  facet normal 0.142961 -0.989728 0
    outer loop
      vertex 426.214 318.293 2.4
      vertex 426.124 318.28 0
      vertex 426.214 318.293 0
    endloop
  endfacet
  facet normal 0.27618 -0.961106 0
    outer loop
      vertex 425.948 318.236 0
      vertex 426.035 318.261 2.4
      vertex 425.948 318.236 2.4
    endloop
  endfacet
  facet normal 0.27618 -0.961106 0
    outer loop
      vertex 426.035 318.261 2.4
      vertex 425.948 318.236 0
      vertex 426.035 318.261 0
    endloop
  endfacet
  facet normal 0.208779 -0.977963 0
    outer loop
      vertex 426.035 318.261 0
      vertex 426.124 318.28 2.4
      vertex 426.035 318.261 2.4
    endloop
  endfacet
  facet normal 0.208779 -0.977963 0
    outer loop
      vertex 426.124 318.28 2.4
      vertex 426.035 318.261 0
      vertex 426.124 318.28 0
    endloop
  endfacet
  facet normal 0.529008 -0.848617 0
    outer loop
      vertex 425.623 318.078 0
      vertex 425.7 318.126 2.4
      vertex 425.623 318.078 2.4
    endloop
  endfacet
  facet normal 0.529008 -0.848617 0
    outer loop
      vertex 425.7 318.126 2.4
      vertex 425.623 318.078 0
      vertex 425.7 318.126 0
    endloop
  endfacet
  facet normal 0.594701 -0.803947 0
    outer loop
      vertex 425.55 318.024 0
      vertex 425.623 318.078 2.4
      vertex 425.55 318.024 2.4
    endloop
  endfacet
  facet normal 0.594701 -0.803947 0
    outer loop
      vertex 425.623 318.078 2.4
      vertex 425.55 318.024 0
      vertex 425.623 318.078 0
    endloop
  endfacet
  facet normal 0.73944 -0.673222 0
    outer loop
      vertex 425.354 317.836 2.4
      vertex 425.415 317.903 0
      vertex 425.415 317.903 2.4
    endloop
  endfacet
  facet normal 0.73944 -0.673222 0
    outer loop
      vertex 425.415 317.903 0
      vertex 425.354 317.836 2.4
      vertex 425.354 317.836 0
    endloop
  endfacet
  facet normal -0.999457 -0.0329491 0
    outer loop
      vertex 427.65 317 0
      vertex 427.647 317.091 2.4
      vertex 427.647 317.091 0
    endloop
  endfacet
  facet normal -0.999457 -0.0329491 0
    outer loop
      vertex 427.647 317.091 2.4
      vertex 427.65 317 0
      vertex 427.65 317 2.4
    endloop
  endfacet
  facet normal -0.864175 0.503191 0
    outer loop
      vertex 427.452 316.311 0
      vertex 427.498 316.39 2.4
      vertex 427.498 316.39 0
    endloop
  endfacet
  facet normal -0.864175 0.503191 0
    outer loop
      vertex 427.498 316.39 2.4
      vertex 427.452 316.311 0
      vertex 427.452 316.311 2.4
    endloop
  endfacet
  facet normal 0.951915 0.306363 0
    outer loop
      vertex 425.128 316.555 2.4
      vertex 425.1 316.642 0
      vertex 425.1 316.642 2.4
    endloop
  endfacet
  facet normal 0.951915 0.306363 0
    outer loop
      vertex 425.1 316.642 0
      vertex 425.128 316.555 2.4
      vertex 425.128 316.555 0
    endloop
  endfacet
  facet normal -0.142961 0.989728 0
    outer loop
      vertex 426.576 315.72 0
      vertex 426.486 315.707 2.4
      vertex 426.576 315.72 2.4
    endloop
  endfacet
  facet normal -0.142961 0.989728 0
    outer loop
      vertex 426.486 315.707 2.4
      vertex 426.576 315.72 0
      vertex 426.486 315.707 0
    endloop
  endfacet
  facet normal -0.951915 -0.306363 0
    outer loop
      vertex 427.6 317.358 0
      vertex 427.572 317.445 2.4
      vertex 427.572 317.445 0
    endloop
  endfacet
  facet normal -0.951915 -0.306363 0
    outer loop
      vertex 427.572 317.445 2.4
      vertex 427.6 317.358 0
      vertex 427.6 317.358 2.4
    endloop
  endfacet
  facet normal -0.986093 -0.166195 0
    outer loop
      vertex 427.637 317.181 0
      vertex 427.622 317.27 2.4
      vertex 427.622 317.27 0
    endloop
  endfacet
  facet normal -0.986093 -0.166195 0
    outer loop
      vertex 427.622 317.27 2.4
      vertex 427.637 317.181 0
      vertex 427.637 317.181 2.4
    endloop
  endfacet
  facet normal 0.0657912 -0.997833 0
    outer loop
      vertex 426.214 318.293 0
      vertex 426.305 318.299 2.4
      vertex 426.214 318.293 2.4
    endloop
  endfacet
  facet normal 0.0657912 -0.997833 0
    outer loop
      vertex 426.305 318.299 2.4
      vertex 426.214 318.293 0
      vertex 426.305 318.299 0
    endloop
  endfacet
  facet normal -0.0657912 -0.997833 0
    outer loop
      vertex 426.395 318.299 0
      vertex 426.486 318.293 2.4
      vertex 426.395 318.299 2.4
    endloop
  endfacet
  facet normal -0.0657912 -0.997833 -0
    outer loop
      vertex 426.486 318.293 2.4
      vertex 426.395 318.299 0
      vertex 426.486 318.293 0
    endloop
  endfacet
  facet normal -0.211046 -0.977476 0
    outer loop
      vertex 426.576 318.28 0
      vertex 426.664 318.261 2.4
      vertex 426.576 318.28 2.4
    endloop
  endfacet
  facet normal -0.211046 -0.977476 -0
    outer loop
      vertex 426.664 318.261 2.4
      vertex 426.576 318.28 0
      vertex 426.664 318.261 0
    endloop
  endfacet
  facet normal -0.34263 -0.93947 0
    outer loop
      vertex 426.752 318.236 0
      vertex 426.837 318.205 2.4
      vertex 426.752 318.236 2.4
    endloop
  endfacet
  facet normal -0.34263 -0.93947 -0
    outer loop
      vertex 426.837 318.205 2.4
      vertex 426.752 318.236 0
      vertex 426.837 318.205 0
    endloop
  endfacet
  facet normal -0.638018 -0.770022 0
    outer loop
      vertex 427.15 318.024 0
      vertex 427.22 317.966 2.4
      vertex 427.15 318.024 2.4
    endloop
  endfacet
  facet normal -0.638018 -0.770022 -0
    outer loop
      vertex 427.22 317.966 2.4
      vertex 427.15 318.024 0
      vertex 427.22 317.966 0
    endloop
  endfacet
  facet normal 0 0 -1
    outer loop
      vertex 427.647 316.909 2.4
      vertex 427.647 317.091 2.4
      vertex 427.65 317 2.4
    endloop
  endfacet
  facet normal 0 0 -1
    outer loop
      vertex 427.637 316.819 2.4
      vertex 427.647 317.091 2.4
      vertex 427.647 316.909 2.4
    endloop
  endfacet
  facet normal 0 0 -1
    outer loop
      vertex 427.637 316.819 2.4
      vertex 427.637 317.181 2.4
      vertex 427.647 317.091 2.4
    endloop
  endfacet
  facet normal 0 0 -1
    outer loop
      vertex 427.622 316.73 2.4
      vertex 427.637 317.181 2.4
      vertex 427.637 316.819 2.4
    endloop
  endfacet
  facet normal 0 0 -1
    outer loop
      vertex 427.622 316.73 2.4
      vertex 427.622 317.27 2.4
      vertex 427.637 317.181 2.4
    endloop
  endfacet
  facet normal 0 0 -1
    outer loop
      vertex 427.6 316.642 2.4
      vertex 427.622 317.27 2.4
      vertex 427.622 316.73 2.4
    endloop
  endfacet
  facet normal 0 0 -1
    outer loop
      vertex 427.6 316.642 2.4
      vertex 427.6 317.358 2.4
      vertex 427.622 317.27 2.4
    endloop
  endfacet
  facet normal 0 0 -1
    outer loop
      vertex 427.572 316.555 2.4
      vertex 427.6 317.358 2.4
      vertex 427.6 316.642 2.4
    endloop
  endfacet
  facet normal 0 0 -1
    outer loop
      vertex 427.572 316.555 2.4
      vertex 427.572 317.445 2.4
      vertex 427.6 317.358 2.4
    endloop
  endfacet
  facet normal 0 0 -1
    outer loop
      vertex 427.538 316.471 2.4
      vertex 427.572 317.445 2.4
      vertex 427.572 316.555 2.4
    endloop
  endfacet
  facet normal 0 0 -1
    outer loop
      vertex 427.538 316.471 2.4
      vertex 427.538 317.529 2.4
      vertex 427.572 317.445 2.4
    endloop
  endfacet
  facet normal 0 0 -1
    outer loop
      vertex 427.498 316.39 2.4
      vertex 427.538 317.529 2.4
      vertex 427.538 316.471 2.4
    endloop
  endfacet
  facet normal 0 0 -1
    outer loop
      vertex 427.498 316.39 2.4
      vertex 427.498 317.61 2.4
      vertex 427.538 317.529 2.4
    endloop
  endfacet
  facet normal 0 0 -1
    outer loop
      vertex 427.452 316.311 2.4
      vertex 427.498 317.61 2.4
      vertex 427.498 316.39 2.4
    endloop
  endfacet
  facet normal 0 0 -1
    outer loop
      vertex 427.452 316.311 2.4
      vertex 427.452 317.689 2.4
      vertex 427.498 317.61 2.4
    endloop
  endfacet
  facet normal 0 0 -1
    outer loop
      vertex 427.402 316.236 2.4
      vertex 427.452 317.689 2.4
      vertex 427.452 316.311 2.4
    endloop
  endfacet
  facet normal 0 0 -1
    outer loop
      vertex 427.402 316.236 2.4
      vertex 427.402 317.764 2.4
      vertex 427.452 317.689 2.4
    endloop
  endfacet
  facet normal 0 0 -1
    outer loop
      vertex 427.346 316.164 2.4
      vertex 427.402 317.764 2.4
      vertex 427.402 316.236 2.4
    endloop
  endfacet
  facet normal 0 0 -1
    outer loop
      vertex 427.346 316.164 2.4
      vertex 427.346 317.836 2.4
      vertex 427.402 317.764 2.4
    endloop
  endfacet
  facet normal 0 0 -1
    outer loop
      vertex 427.285 316.097 2.4
      vertex 427.346 317.836 2.4
      vertex 427.346 316.164 2.4
    endloop
  endfacet
  facet normal 0 0 -1
    outer loop
      vertex 427.285 316.097 2.4
      vertex 427.285 317.903 2.4
      vertex 427.346 317.836 2.4
    endloop
  endfacet
  facet normal 0 0 -1
    outer loop
      vertex 427.22 316.034 2.4
      vertex 427.285 317.903 2.4
      vertex 427.285 316.097 2.4
    endloop
  endfacet
  facet normal 0 0 -1
    outer loop
      vertex 427.22 316.034 2.4
      vertex 427.22 317.966 2.4
      vertex 427.285 317.903 2.4
    endloop
  endfacet
  facet normal 0 0 -1
    outer loop
      vertex 427.15 315.976 2.4
      vertex 427.22 317.966 2.4
      vertex 427.22 316.034 2.4
    endloop
  endfacet
  facet normal 0 0 -1
    outer loop
      vertex 427.15 315.976 2.4
      vertex 427.15 318.024 2.4
      vertex 427.22 317.966 2.4
    endloop
  endfacet
  facet normal 0 0 -1
    outer loop
      vertex 427.077 315.922 2.4
      vertex 427.15 318.024 2.4
      vertex 427.15 315.976 2.4
    endloop
  endfacet
  facet normal 0 0 -1
    outer loop
      vertex 427.077 315.922 2.4
      vertex 427.077 318.078 2.4
      vertex 427.15 318.024 2.4
    endloop
  endfacet
  facet normal 0 0 -1
    outer loop
      vertex 427 315.874 2.4
      vertex 427.077 318.078 2.4
      vertex 427.077 315.922 2.4
    endloop
  endfacet
  facet normal 0 0 -1
    outer loop
      vertex 427 315.874 2.4
      vertex 427 318.126 2.4
      vertex 427.077 318.078 2.4
    endloop
  endfacet
  facet normal 0 0 -1
    outer loop
      vertex 426.92 315.832 2.4
      vertex 427 318.126 2.4
      vertex 427 315.874 2.4
    endloop
  endfacet
  facet normal 0 0 -1
    outer loop
      vertex 426.92 315.832 2.4
      vertex 426.92 318.168 2.4
      vertex 427 318.126 2.4
    endloop
  endfacet
  facet normal 0 0 -1
    outer loop
      vertex 426.837 315.795 2.4
      vertex 426.92 318.168 2.4
      vertex 426.92 315.832 2.4
    endloop
  endfacet
  facet normal 0 0 -1
    outer loop
      vertex 426.837 315.795 2.4
      vertex 426.837 318.205 2.4
      vertex 426.92 318.168 2.4
    endloop
  endfacet
  facet normal 0 0 -1
    outer loop
      vertex 426.752 315.764 2.4
      vertex 426.837 318.205 2.4
      vertex 426.837 315.795 2.4
    endloop
  endfacet
  facet normal 0 0 -1
    outer loop
      vertex 426.752 315.764 2.4
      vertex 426.752 318.236 2.4
      vertex 426.837 318.205 2.4
    endloop
  endfacet
  facet normal 0 0 -1
    outer loop
      vertex 426.664 315.739 2.4
      vertex 426.752 318.236 2.4
      vertex 426.752 315.764 2.4
    endloop
  endfacet
  facet normal 0 0 -1
    outer loop
      vertex 426.664 315.739 2.4
      vertex 426.664 318.261 2.4
      vertex 426.752 318.236 2.4
    endloop
  endfacet
  facet normal 0 0 -1
    outer loop
      vertex 426.576 315.72 2.4
      vertex 426.664 318.261 2.4
      vertex 426.664 315.739 2.4
    endloop
  endfacet
  facet normal 0 0 -1
    outer loop
      vertex 426.576 315.72 2.4
      vertex 426.576 318.28 2.4
      vertex 426.664 318.261 2.4
    endloop
  endfacet
  facet normal 0 0 -1
    outer loop
      vertex 426.486 315.707 2.4
      vertex 426.576 318.28 2.4
      vertex 426.576 315.72 2.4
    endloop
  endfacet
  facet normal 0 0 -1
    outer loop
      vertex 426.486 315.707 2.4
      vertex 426.486 318.293 2.4
      vertex 426.576 318.28 2.4
    endloop
  endfacet
  facet normal 0 0 -1
    outer loop
      vertex 426.395 315.701 2.4
      vertex 426.486 318.293 2.4
      vertex 426.486 315.707 2.4
    endloop
  endfacet
  facet normal 0 0 -1
    outer loop
      vertex 426.395 315.701 2.4
      vertex 426.395 318.299 2.4
      vertex 426.486 318.293 2.4
    endloop
  endfacet
  facet normal 0 0 -1
    outer loop
      vertex 426.305 315.701 2.4
      vertex 426.395 318.299 2.4
      vertex 426.395 315.701 2.4
    endloop
  endfacet
  facet normal 0 0 -1
    outer loop
      vertex 426.305 315.701 2.4
      vertex 426.305 318.299 2.4
      vertex 426.395 318.299 2.4
    endloop
  endfacet
  facet normal 0 0 -1
    outer loop
      vertex 426.214 315.707 2.4
      vertex 426.305 318.299 2.4
      vertex 426.305 315.701 2.4
    endloop
  endfacet
  facet normal 0 0 -1
    outer loop
      vertex 426.214 315.707 2.4
      vertex 426.214 318.293 2.4
      vertex 426.305 318.299 2.4
    endloop
  endfacet
  facet normal 0 0 -1
    outer loop
      vertex 426.124 315.72 2.4
      vertex 426.214 318.293 2.4
      vertex 426.214 315.707 2.4
    endloop
  endfacet
  facet normal 0 0 -1
    outer loop
      vertex 426.124 315.72 2.4
      vertex 426.124 318.28 2.4
      vertex 426.214 318.293 2.4
    endloop
  endfacet
  facet normal 0 0 -1
    outer loop
      vertex 426.035 315.739 2.4
      vertex 426.124 318.28 2.4
      vertex 426.124 315.72 2.4
    endloop
  endfacet
  facet normal 0 0 -1
    outer loop
      vertex 426.035 315.739 2.4
      vertex 426.035 318.261 2.4
      vertex 426.124 318.28 2.4
    endloop
  endfacet
  facet normal 0 0 -1
    outer loop
      vertex 425.948 315.764 2.4
      vertex 426.035 318.261 2.4
      vertex 426.035 315.739 2.4
    endloop
  endfacet
  facet normal 0 0 -1
    outer loop
      vertex 425.948 315.764 2.4
      vertex 425.948 318.236 2.4
      vertex 426.035 318.261 2.4
    endloop
  endfacet
  facet normal 0 0 -1
    outer loop
      vertex 425.863 315.795 2.4
      vertex 425.948 318.236 2.4
      vertex 425.948 315.764 2.4
    endloop
  endfacet
  facet normal 0 0 -1
    outer loop
      vertex 425.863 315.795 2.4
      vertex 425.863 318.205 2.4
      vertex 425.948 318.236 2.4
    endloop
  endfacet
  facet normal 0 0 -1
    outer loop
      vertex 425.78 315.832 2.4
      vertex 425.863 318.205 2.4
      vertex 425.863 315.795 2.4
    endloop
  endfacet
  facet normal 0 0 -1
    outer loop
      vertex 425.78 315.832 2.4
      vertex 425.78 318.168 2.4
      vertex 425.863 318.205 2.4
    endloop
  endfacet
  facet normal 0 0 -1
    outer loop
      vertex 425.7 315.874 2.4
      vertex 425.78 318.168 2.4
      vertex 425.78 315.832 2.4
    endloop
  endfacet
  facet normal 0 0 -1
    outer loop
      vertex 425.7 315.874 2.4
      vertex 425.7 318.126 2.4
      vertex 425.78 318.168 2.4
    endloop
  endfacet
  facet normal 0 0 -1
    outer loop
      vertex 425.623 315.922 2.4
      vertex 425.7 318.126 2.4
      vertex 425.7 315.874 2.4
    endloop
  endfacet
  facet normal 0 0 -1
    outer loop
      vertex 425.623 315.922 2.4
      vertex 425.623 318.078 2.4
      vertex 425.7 318.126 2.4
    endloop
  endfacet
  facet normal 0 0 -1
    outer loop
      vertex 425.55 315.976 2.4
      vertex 425.623 318.078 2.4
      vertex 425.623 315.922 2.4
    endloop
  endfacet
  facet normal 0 0 -1
    outer loop
      vertex 425.55 315.976 2.4
      vertex 425.55 318.024 2.4
      vertex 425.623 318.078 2.4
    endloop
  endfacet
  facet normal 0 0 -1
    outer loop
      vertex 425.48 316.034 2.4
      vertex 425.55 318.024 2.4
      vertex 425.55 315.976 2.4
    endloop
  endfacet
  facet normal 0 0 -1
    outer loop
      vertex 425.48 316.034 2.4
      vertex 425.48 317.966 2.4
      vertex 425.55 318.024 2.4
    endloop
  endfacet
  facet normal 0 0 -1
    outer loop
      vertex 425.415 316.097 2.4
      vertex 425.48 317.966 2.4
      vertex 425.48 316.034 2.4
    endloop
  endfacet
  facet normal 0 0 -1
    outer loop
      vertex 425.415 316.097 2.4
      vertex 425.415 317.903 2.4
      vertex 425.48 317.966 2.4
    endloop
  endfacet
  facet normal 0 0 -1
    outer loop
      vertex 425.354 316.164 2.4
      vertex 425.415 317.903 2.4
      vertex 425.415 316.097 2.4
    endloop
  endfacet
  facet normal 0 0 -1
    outer loop
      vertex 425.354 316.164 2.4
      vertex 425.354 317.836 2.4
      vertex 425.415 317.903 2.4
    endloop
  endfacet
  facet normal 0 0 -1
    outer loop
      vertex 425.298 316.236 2.4
      vertex 425.354 317.836 2.4
      vertex 425.354 316.164 2.4
    endloop
  endfacet
  facet normal 0 0 -1
    outer loop
      vertex 425.298 316.236 2.4
      vertex 425.298 317.764 2.4
      vertex 425.354 317.836 2.4
    endloop
  endfacet
  facet normal 0 0 -1
    outer loop
      vertex 425.248 316.311 2.4
      vertex 425.298 317.764 2.4
      vertex 425.298 316.236 2.4
    endloop
  endfacet
  facet normal 0 0 -1
    outer loop
      vertex 425.248 316.311 2.4
      vertex 425.248 317.689 2.4
      vertex 425.298 317.764 2.4
    endloop
  endfacet
  facet normal 0 0 -1
    outer loop
      vertex 425.202 316.39 2.4
      vertex 425.248 317.689 2.4
      vertex 425.248 316.311 2.4
    endloop
  endfacet
  facet normal 0 0 -1
    outer loop
      vertex 425.202 316.39 2.4
      vertex 425.202 317.61 2.4
      vertex 425.248 317.689 2.4
    endloop
  endfacet
  facet normal 0 0 -1
    outer loop
      vertex 425.162 316.471 2.4
      vertex 425.202 317.61 2.4
      vertex 425.202 316.39 2.4
    endloop
  endfacet
  facet normal 0 0 -1
    outer loop
      vertex 425.162 316.471 2.4
      vertex 425.162 317.529 2.4
      vertex 425.202 317.61 2.4
    endloop
  endfacet
  facet normal 0 0 -1
    outer loop
      vertex 425.128 316.555 2.4
      vertex 425.162 317.529 2.4
      vertex 425.162 316.471 2.4
    endloop
  endfacet
  facet normal 0 0 -1
    outer loop
      vertex 425.128 316.555 2.4
      vertex 425.128 317.445 2.4
      vertex 425.162 317.529 2.4
    endloop
  endfacet
  facet normal 0 0 -1
    outer loop
      vertex 425.1 316.642 2.4
      vertex 425.128 317.445 2.4
      vertex 425.128 316.555 2.4
    endloop
  endfacet
  facet normal 0 0 -1
    outer loop
      vertex 425.1 316.642 2.4
      vertex 425.1 317.358 2.4
      vertex 425.128 317.445 2.4
    endloop
  endfacet
  facet normal 0 0 -1
    outer loop
      vertex 425.078 316.73 2.4
      vertex 425.1 317.358 2.4
      vertex 425.1 316.642 2.4
    endloop
  endfacet
  facet normal 0 0 -1
    outer loop
      vertex 425.078 316.73 2.4
      vertex 425.078 317.27 2.4
      vertex 425.1 317.358 2.4
    endloop
  endfacet
  facet normal 0 0 -1
    outer loop
      vertex 425.063 316.819 2.4
      vertex 425.078 317.27 2.4
      vertex 425.078 316.73 2.4
    endloop
  endfacet
  facet normal 0 0 -1
    outer loop
      vertex 425.063 316.819 2.4
      vertex 425.063 317.181 2.4
      vertex 425.078 317.27 2.4
    endloop
  endfacet
  facet normal 0 0 -1
    outer loop
      vertex 425.053 316.909 2.4
      vertex 425.063 317.181 2.4
      vertex 425.063 316.819 2.4
    endloop
  endfacet
  facet normal 0 0 -1
    outer loop
      vertex 425.053 316.909 2.4
      vertex 425.053 317.091 2.4
      vertex 425.063 317.181 2.4
    endloop
  endfacet
  facet normal 0 -0 -1
    outer loop
      vertex 425.053 317.091 2.4
      vertex 425.053 316.909 2.4
      vertex 425.05 317 2.4
    endloop
  endfacet
  facet normal 0.970143 -0.242536 0
    outer loop
      vertex 425.078 317.27 2.4
      vertex 425.1 317.358 0
      vertex 425.1 317.358 2.4
    endloop
  endfacet
  facet normal 0.970143 -0.242536 0
    outer loop
      vertex 425.1 317.358 0
      vertex 425.078 317.27 2.4
      vertex 425.078 317.27 0
    endloop
  endfacet
  facet normal 0.993884 -0.110432 0
    outer loop
      vertex 425.053 317.091 2.4
      vertex 425.063 317.181 0
      vertex 425.063 317.181 2.4
    endloop
  endfacet
  facet normal 0.993884 -0.110432 0
    outer loop
      vertex 425.063 317.181 0
      vertex 425.053 317.091 2.4
      vertex 425.053 317.091 0
    endloop
  endfacet
  facet normal 0.926947 -0.375193 0
    outer loop
      vertex 425.128 317.445 2.4
      vertex 425.162 317.529 0
      vertex 425.162 317.529 2.4
    endloop
  endfacet
  facet normal 0.926947 -0.375193 0
    outer loop
      vertex 425.162 317.529 0
      vertex 425.128 317.445 2.4
      vertex 425.128 317.445 0
    endloop
  endfacet
  facet normal 0.864175 -0.503191 0
    outer loop
      vertex 425.202 317.61 2.4
      vertex 425.248 317.689 0
      vertex 425.248 317.689 2.4
    endloop
  endfacet
  facet normal 0.864175 -0.503191 0
    outer loop
      vertex 425.248 317.689 0
      vertex 425.202 317.61 2.4
      vertex 425.202 317.61 0
    endloop
  endfacet
  facet normal 0.407159 -0.913357 0
    outer loop
      vertex 425.78 318.168 0
      vertex 425.863 318.205 2.4
      vertex 425.78 318.168 2.4
    endloop
  endfacet
  facet normal 0.407159 -0.913357 0
    outer loop
      vertex 425.863 318.205 2.4
      vertex 425.78 318.168 0
      vertex 425.863 318.205 0
    endloop
  endfacet
  facet normal 0.464834 -0.885398 0
    outer loop
      vertex 425.7 318.126 0
      vertex 425.78 318.168 2.4
      vertex 425.7 318.126 2.4
    endloop
  endfacet
  facet normal 0.464834 -0.885398 0
    outer loop
      vertex 425.78 318.168 2.4
      vertex 425.7 318.126 0
      vertex 425.78 318.168 0
    endloop
  endfacet
  facet normal 0.695973 -0.718068 0
    outer loop
      vertex 425.415 317.903 0
      vertex 425.48 317.966 2.4
      vertex 425.415 317.903 2.4
    endloop
  endfacet
  facet normal 0.695973 -0.718068 0
    outer loop
      vertex 425.48 317.966 2.4
      vertex 425.415 317.903 0
      vertex 425.48 317.966 0
    endloop
  endfacet
  facet normal -0.993884 0.110432 0
    outer loop
      vertex 427.637 316.819 0
      vertex 427.647 316.909 2.4
      vertex 427.647 316.909 0
    endloop
  endfacet
  facet normal -0.993884 0.110432 0
    outer loop
      vertex 427.647 316.909 2.4
      vertex 427.637 316.819 0
      vertex 427.637 316.819 2.4
    endloop
  endfacet
  facet normal -0.986093 0.166195 0
    outer loop
      vertex 427.622 316.73 0
      vertex 427.637 316.819 2.4
      vertex 427.637 316.819 0
    endloop
  endfacet
  facet normal -0.986093 0.166195 0
    outer loop
      vertex 427.637 316.819 2.4
      vertex 427.622 316.73 0
      vertex 427.622 316.73 2.4
    endloop
  endfacet
  facet normal -0.789352 0.613941 0
    outer loop
      vertex 427.346 316.164 0
      vertex 427.402 316.236 2.4
      vertex 427.402 316.236 0
    endloop
  endfacet
  facet normal -0.789352 0.613941 0
    outer loop
      vertex 427.402 316.236 2.4
      vertex 427.346 316.164 0
      vertex 427.346 316.164 2.4
    endloop
  endfacet
  facet normal 0.0657912 0.997833 -0
    outer loop
      vertex 426.305 315.701 0
      vertex 426.214 315.707 2.4
      vertex 426.305 315.701 2.4
    endloop
  endfacet
  facet normal 0.0657912 0.997833 0
    outer loop
      vertex 426.214 315.707 2.4
      vertex 426.305 315.701 0
      vertex 426.214 315.707 0
    endloop
  endfacet
  facet normal 0.993884 0.110432 0
    outer loop
      vertex 425.063 316.819 2.4
      vertex 425.053 316.909 0
      vertex 425.053 316.909 2.4
    endloop
  endfacet
  facet normal 0.993884 0.110432 0
    outer loop
      vertex 425.053 316.909 0
      vertex 425.063 316.819 2.4
      vertex 425.063 316.819 0
    endloop
  endfacet
  facet normal -0.89663 -0.44278 0
    outer loop
      vertex 427.538 317.529 0
      vertex 427.498 317.61 2.4
      vertex 427.498 317.61 0
    endloop
  endfacet
  facet normal -0.89663 -0.44278 0
    outer loop
      vertex 427.498 317.61 2.4
      vertex 427.538 317.529 0
      vertex 427.538 317.529 2.4
    endloop
  endfacet
  facet normal -0.926947 -0.375193 0
    outer loop
      vertex 427.572 317.445 0
      vertex 427.538 317.529 2.4
      vertex 427.538 317.529 0
    endloop
  endfacet
  facet normal -0.926947 -0.375193 0
    outer loop
      vertex 427.538 317.529 2.4
      vertex 427.572 317.445 0
      vertex 427.572 317.445 2.4
    endloop
  endfacet
  facet normal -0.864175 -0.503191 0
    outer loop
      vertex 427.498 317.61 0
      vertex 427.452 317.689 2.4
      vertex 427.452 317.689 0
    endloop
  endfacet
  facet normal -0.864175 -0.503191 0
    outer loop
      vertex 427.452 317.689 2.4
      vertex 427.498 317.61 0
      vertex 427.498 317.61 2.4
    endloop
  endfacet
  facet normal 0 -1 0
    outer loop
      vertex 426.305 318.299 0
      vertex 426.395 318.299 2.4
      vertex 426.305 318.299 2.4
    endloop
  endfacet
  facet normal 0 -1 -0
    outer loop
      vertex 426.395 318.299 2.4
      vertex 426.305 318.299 0
      vertex 426.395 318.299 0
    endloop
  endfacet
  facet normal -0.407159 -0.913357 0
    outer loop
      vertex 426.837 318.205 0
      vertex 426.92 318.168 2.4
      vertex 426.837 318.205 2.4
    endloop
  endfacet
  facet normal -0.407159 -0.913357 -0
    outer loop
      vertex 426.92 318.168 2.4
      vertex 426.837 318.205 0
      vertex 426.92 318.168 0
    endloop
  endfacet
  facet normal 0.951915 -0.306363 0
    outer loop
      vertex 425.1 317.358 2.4
      vertex 425.128 317.445 0
      vertex 425.128 317.445 2.4
    endloop
  endfacet
  facet normal 0.951915 -0.306363 0
    outer loop
      vertex 425.128 317.445 0
      vertex 425.1 317.358 2.4
      vertex 425.1 317.358 0
    endloop
  endfacet
  facet normal 0.89663 -0.44278 0
    outer loop
      vertex 425.162 317.529 2.4
      vertex 425.202 317.61 0
      vertex 425.202 317.61 2.4
    endloop
  endfacet
  facet normal 0.89663 -0.44278 0
    outer loop
      vertex 425.202 317.61 0
      vertex 425.162 317.529 2.4
      vertex 425.162 317.529 0
    endloop
  endfacet
  facet normal -0.999457 0.0329491 0
    outer loop
      vertex 427.647 316.909 0
      vertex 427.65 317 2.4
      vertex 427.65 317 0
    endloop
  endfacet
  facet normal -0.999457 0.0329491 0
    outer loop
      vertex 427.65 317 2.4
      vertex 427.647 316.909 0
      vertex 427.647 316.909 2.4
    endloop
  endfacet
  facet normal -0.970143 0.242536 0
    outer loop
      vertex 427.6 316.642 0
      vertex 427.622 316.73 2.4
      vertex 427.622 316.73 0
    endloop
  endfacet
  facet normal -0.970143 0.242536 0
    outer loop
      vertex 427.622 316.73 2.4
      vertex 427.6 316.642 0
      vertex 427.6 316.642 2.4
    endloop
  endfacet
  facet normal -0.594701 0.803947 0
    outer loop
      vertex 427.15 315.976 0
      vertex 427.077 315.922 2.4
      vertex 427.15 315.976 2.4
    endloop
  endfacet
  facet normal -0.594701 0.803947 0
    outer loop
      vertex 427.077 315.922 2.4
      vertex 427.15 315.976 0
      vertex 427.077 315.922 0
    endloop
  endfacet
  facet normal -0.83205 0.5547 0
    outer loop
      vertex 427.402 316.236 0
      vertex 427.452 316.311 2.4
      vertex 427.452 316.311 0
    endloop
  endfacet
  facet normal -0.83205 0.5547 0
    outer loop
      vertex 427.452 316.311 2.4
      vertex 427.402 316.236 0
      vertex 427.402 316.236 2.4
    endloop
  endfacet
  facet normal 0 1 -0
    outer loop
      vertex 426.395 315.701 0
      vertex 426.305 315.701 2.4
      vertex 426.395 315.701 2.4
    endloop
  endfacet
  facet normal 0 1 0
    outer loop
      vertex 426.305 315.701 2.4
      vertex 426.395 315.701 0
      vertex 426.305 315.701 0
    endloop
  endfacet
  facet normal 0.27618 0.961106 -0
    outer loop
      vertex 426.035 315.739 0
      vertex 425.948 315.764 2.4
      vertex 426.035 315.739 2.4
    endloop
  endfacet
  facet normal 0.27618 0.961106 0
    outer loop
      vertex 425.948 315.764 2.4
      vertex 426.035 315.739 0
      vertex 425.948 315.764 0
    endloop
  endfacet
  facet normal 0.970143 0.242536 0
    outer loop
      vertex 425.1 316.642 2.4
      vertex 425.078 316.73 0
      vertex 425.078 316.73 2.4
    endloop
  endfacet
  facet normal 0.970143 0.242536 0
    outer loop
      vertex 425.078 316.73 0
      vertex 425.1 316.642 2.4
      vertex 425.1 316.642 0
    endloop
  endfacet
  facet normal 0.986093 0.166195 0
    outer loop
      vertex 425.078 316.73 2.4
      vertex 425.063 316.819 0
      vertex 425.063 316.819 2.4
    endloop
  endfacet
  facet normal 0.986093 0.166195 0
    outer loop
      vertex 425.063 316.819 0
      vertex 425.078 316.73 2.4
      vertex 425.078 316.73 0
    endloop
  endfacet
  facet normal 0.695973 0.718068 -0
    outer loop
      vertex 425.48 316.034 0
      vertex 425.415 316.097 2.4
      vertex 425.48 316.034 2.4
    endloop
  endfacet
  facet normal 0.695973 0.718068 0
    outer loop
      vertex 425.415 316.097 2.4
      vertex 425.48 316.034 0
      vertex 425.415 316.097 0
    endloop
  endfacet
  facet normal 0.73944 0.673222 0
    outer loop
      vertex 425.415 316.097 2.4
      vertex 425.354 316.164 0
      vertex 425.354 316.164 2.4
    endloop
  endfacet
  facet normal 0.73944 0.673222 0
    outer loop
      vertex 425.354 316.164 0
      vertex 425.415 316.097 2.4
      vertex 425.415 316.097 0
    endloop
  endfacet
  facet normal 0.864175 0.503191 0
    outer loop
      vertex 425.248 316.311 2.4
      vertex 425.202 316.39 0
      vertex 425.202 316.39 2.4
    endloop
  endfacet
  facet normal 0.864175 0.503191 0
    outer loop
      vertex 425.202 316.39 0
      vertex 425.248 316.311 2.4
      vertex 425.248 316.311 0
    endloop
  endfacet
  facet normal 0.926947 0.375193 0
    outer loop
      vertex 425.162 316.471 2.4
      vertex 425.128 316.555 0
      vertex 425.128 316.555 2.4
    endloop
  endfacet
  facet normal 0.926947 0.375193 0
    outer loop
      vertex 425.128 316.555 0
      vertex 425.162 316.471 2.4
      vertex 425.162 316.471 0
    endloop
  endfacet
  facet normal 0.89663 0.44278 0
    outer loop
      vertex 425.202 316.39 2.4
      vertex 425.162 316.471 0
      vertex 425.162 316.471 2.4
    endloop
  endfacet
  facet normal 0.89663 0.44278 0
    outer loop
      vertex 425.162 316.471 0
      vertex 425.202 316.39 2.4
      vertex 425.202 316.39 0
    endloop
  endfacet
  facet normal -0.273277 0.961935 0
    outer loop
      vertex 426.752 315.764 0
      vertex 426.664 315.739 2.4
      vertex 426.752 315.764 2.4
    endloop
  endfacet
  facet normal -0.273277 0.961935 0
    outer loop
      vertex 426.664 315.739 2.4
      vertex 426.752 315.764 0
      vertex 426.664 315.739 0
    endloop
  endfacet
  facet normal -0.34263 0.93947 0
    outer loop
      vertex 426.837 315.795 0
      vertex 426.752 315.764 2.4
      vertex 426.837 315.795 2.4
    endloop
  endfacet
  facet normal -0.34263 0.93947 0
    outer loop
      vertex 426.752 315.764 2.4
      vertex 426.837 315.795 0
      vertex 426.752 315.764 0
    endloop
  endfacet
  facet normal -0.211046 0.977476 0
    outer loop
      vertex 426.664 315.739 0
      vertex 426.576 315.72 2.4
      vertex 426.664 315.739 2.4
    endloop
  endfacet
  facet normal -0.211046 0.977476 0
    outer loop
      vertex 426.576 315.72 2.4
      vertex 426.664 315.739 0
      vertex 426.576 315.72 0
    endloop
  endfacet
  facet normal -0.926947 0.375193 0
    outer loop
      vertex 427.538 316.471 0
      vertex 427.572 316.555 2.4
      vertex 427.572 316.555 0
    endloop
  endfacet
  facet normal -0.926947 0.375193 0
    outer loop
      vertex 427.572 316.555 2.4
      vertex 427.538 316.471 0
      vertex 427.538 316.471 2.4
    endloop
  endfacet
  facet normal -0.89663 0.44278 0
    outer loop
      vertex 427.498 316.39 0
      vertex 427.538 316.471 2.4
      vertex 427.538 316.471 0
    endloop
  endfacet
  facet normal -0.89663 0.44278 0
    outer loop
      vertex 427.538 316.471 2.4
      vertex 427.498 316.39 0
      vertex 427.498 316.39 2.4
    endloop
  endfacet
  facet normal -0.638018 0.770022 0
    outer loop
      vertex 427.22 316.034 0
      vertex 427.15 315.976 2.4
      vertex 427.22 316.034 2.4
    endloop
  endfacet
  facet normal -0.638018 0.770022 0
    outer loop
      vertex 427.15 315.976 2.4
      vertex 427.22 316.034 0
      vertex 427.15 315.976 0
    endloop
  endfacet
  facet normal -0.695973 0.718068 0
    outer loop
      vertex 427.285 316.097 0
      vertex 427.22 316.034 2.4
      vertex 427.285 316.097 2.4
    endloop
  endfacet
  facet normal -0.695973 0.718068 0
    outer loop
      vertex 427.22 316.034 2.4
      vertex 427.285 316.097 0
      vertex 427.22 316.034 0
    endloop
  endfacet
  facet normal 0.594701 0.803947 -0
    outer loop
      vertex 425.623 315.922 0
      vertex 425.55 315.976 2.4
      vertex 425.623 315.922 2.4
    endloop
  endfacet
  facet normal 0.594701 0.803947 0
    outer loop
      vertex 425.55 315.976 2.4
      vertex 425.623 315.922 0
      vertex 425.55 315.976 0
    endloop
  endfacet
  facet normal 0.407159 0.913357 -0
    outer loop
      vertex 425.863 315.795 0
      vertex 425.78 315.832 2.4
      vertex 425.863 315.795 2.4
    endloop
  endfacet
  facet normal 0.407159 0.913357 0
    outer loop
      vertex 425.78 315.832 2.4
      vertex 425.863 315.795 0
      vertex 425.78 315.832 0
    endloop
  endfacet
  facet normal -0.0657912 0.997833 0
    outer loop
      vertex 426.486 315.707 0
      vertex 426.395 315.701 2.4
      vertex 426.486 315.707 2.4
    endloop
  endfacet
  facet normal -0.0657912 0.997833 0
    outer loop
      vertex 426.395 315.701 2.4
      vertex 426.486 315.707 0
      vertex 426.395 315.701 0
    endloop
  endfacet
  facet normal 0.142961 0.989728 -0
    outer loop
      vertex 426.214 315.707 0
      vertex 426.124 315.72 2.4
      vertex 426.214 315.707 2.4
    endloop
  endfacet
  facet normal 0.142961 0.989728 0
    outer loop
      vertex 426.124 315.72 2.4
      vertex 426.214 315.707 0
      vertex 426.124 315.72 0
    endloop
  endfacet
  facet normal 0.638018 0.770022 -0
    outer loop
      vertex 425.55 315.976 0
      vertex 425.48 316.034 2.4
      vertex 425.55 315.976 2.4
    endloop
  endfacet
  facet normal 0.638018 0.770022 0
    outer loop
      vertex 425.48 316.034 2.4
      vertex 425.55 315.976 0
      vertex 425.48 316.034 0
    endloop
  endfacet
  facet normal 0.83205 0.5547 0
    outer loop
      vertex 425.298 316.236 2.4
      vertex 425.248 316.311 0
      vertex 425.248 316.311 2.4
    endloop
  endfacet
  facet normal 0.83205 0.5547 0
    outer loop
      vertex 425.248 316.311 0
      vertex 425.298 316.236 2.4
      vertex 425.298 316.236 0
    endloop
  endfacet
  facet normal -0.529008 0.848617 0
    outer loop
      vertex 427.077 315.922 0
      vertex 427 315.874 2.4
      vertex 427.077 315.922 2.4
    endloop
  endfacet
  facet normal -0.529008 0.848617 0
    outer loop
      vertex 427 315.874 2.4
      vertex 427.077 315.922 0
      vertex 427 315.874 0
    endloop
  endfacet
  facet normal -0.73944 0.673222 0
    outer loop
      vertex 427.285 316.097 0
      vertex 427.346 316.164 2.4
      vertex 427.346 316.164 0
    endloop
  endfacet
  facet normal -0.73944 0.673222 0
    outer loop
      vertex 427.346 316.164 2.4
      vertex 427.285 316.097 0
      vertex 427.285 316.097 2.4
    endloop
  endfacet
  facet normal 0.464834 0.885398 -0
    outer loop
      vertex 425.78 315.832 0
      vertex 425.7 315.874 2.4
      vertex 425.78 315.832 2.4
    endloop
  endfacet
  facet normal 0.464834 0.885398 0
    outer loop
      vertex 425.7 315.874 2.4
      vertex 425.78 315.832 0
      vertex 425.7 315.874 0
    endloop
  endfacet
  facet normal 0.529008 0.848617 -0
    outer loop
      vertex 425.7 315.874 0
      vertex 425.623 315.922 2.4
      vertex 425.7 315.874 2.4
    endloop
  endfacet
  facet normal 0.529008 0.848617 0
    outer loop
      vertex 425.623 315.922 2.4
      vertex 425.7 315.874 0
      vertex 425.623 315.922 0
    endloop
  endfacet
  facet normal 0.208779 0.977963 -0
    outer loop
      vertex 426.124 315.72 0
      vertex 426.035 315.739 2.4
      vertex 426.124 315.72 2.4
    endloop
  endfacet
  facet normal 0.208779 0.977963 0
    outer loop
      vertex 426.035 315.739 2.4
      vertex 426.124 315.72 0
      vertex 426.035 315.739 0
    endloop
  endfacet
  facet normal 0.34263 0.93947 -0
    outer loop
      vertex 425.948 315.764 0
      vertex 425.863 315.795 2.4
      vertex 425.948 315.764 2.4
    endloop
  endfacet
  facet normal 0.34263 0.93947 0
    outer loop
      vertex 425.863 315.795 2.4
      vertex 425.948 315.764 0
      vertex 425.863 315.795 0
    endloop
  endfacet
  facet normal 0.789352 0.613941 0
    outer loop
      vertex 425.354 316.164 2.4
      vertex 425.298 316.236 0
      vertex 425.298 316.236 2.4
    endloop
  endfacet
  facet normal 0.789352 0.613941 0
    outer loop
      vertex 425.298 316.236 0
      vertex 425.354 316.164 2.4
      vertex 425.354 316.164 0
    endloop
  endfacet
  facet normal -1 0 0
    outer loop
      vertex 314.533 326.2 8
      vertex 314.533 334.2 3.01
      vertex 314.533 334.2 0
    endloop
  endfacet
  facet normal -1 0 0
    outer loop
      vertex 314.533 334.2 3.01
      vertex 314.533 326.2 8
      vertex 314.533 334.2 15
    endloop
  endfacet
  facet normal -1 0 0
    outer loop
      vertex 314.533 321.672 4.65
      vertex 314.533 326.2 8
      vertex 314.533 334.2 0
    endloop
  endfacet
  facet normal -1 0 0
    outer loop
      vertex 314.533 326.2 8
      vertex 314.533 321.842 5.06001
      vertex 314.533 321.9 5.5
    endloop
  endfacet
  facet normal -1 0 0
    outer loop
      vertex 314.533 326.2 8
      vertex 314.533 321.672 4.65
      vertex 314.533 321.842 5.06001
    endloop
  endfacet
  facet normal -1 0 0
    outer loop
      vertex 314.533 334.2 0
      vertex 314.533 321.402 4.29792
      vertex 314.533 321.672 4.65
    endloop
  endfacet
  facet normal -1 0 0
    outer loop
      vertex 314.533 334.2 0
      vertex 314.533 321.05 4.02776
      vertex 314.533 321.402 4.29792
    endloop
  endfacet
  facet normal -1 0 0
    outer loop
      vertex 314.533 334.2 0
      vertex 314.533 320.64 3.85793
      vertex 314.533 321.05 4.02776
    endloop
  endfacet
  facet normal -1 0 0
    outer loop
      vertex 314.533 334.2 0
      vertex 314.533 320.2 3.8
      vertex 314.533 320.64 3.85793
    endloop
  endfacet
  facet normal -1 0 0
    outer loop
      vertex 314.533 334.2 0
      vertex 314.533 319.76 3.85793
      vertex 314.533 320.2 3.8
    endloop
  endfacet
  facet normal -1 0 0
    outer loop
      vertex 314.533 318.558 5.06001
      vertex 314.533 283.125 5.5
      vertex 314.533 318.5 5.5
    endloop
  endfacet
  facet normal -1 0 0
    outer loop
      vertex 314.533 283.067 5.06001
      vertex 314.533 318.558 5.06001
      vertex 314.533 318.728 4.65
    endloop
  endfacet
  facet normal -1 0 0
    outer loop
      vertex 314.533 282.897 4.65
      vertex 314.533 318.728 4.65
      vertex 314.533 318.998 4.29792
    endloop
  endfacet
  facet normal -1 0 0
    outer loop
      vertex 314.533 282.627 4.29792
      vertex 314.533 318.998 4.29792
      vertex 314.533 319.35 4.02776
    endloop
  endfacet
  facet normal -1 0 0
    outer loop
      vertex 314.533 282.275 4.02776
      vertex 314.533 319.35 4.02776
      vertex 314.533 319.76 3.85793
    endloop
  endfacet
  facet normal -1 0 0
    outer loop
      vertex 314.533 281.865 3.85793
      vertex 314.533 319.76 3.85793
      vertex 314.533 334.2 0
    endloop
  endfacet
  facet normal -1 0 0
    outer loop
      vertex 314.533 318.558 5.06001
      vertex 314.533 283.067 5.06001
      vertex 314.533 283.125 5.5
    endloop
  endfacet
  facet normal -1 0 0
    outer loop
      vertex 314.533 318.728 4.65
      vertex 314.533 282.897 4.65
      vertex 314.533 283.067 5.06001
    endloop
  endfacet
  facet normal -1 0 0
    outer loop
      vertex 314.533 318.998 4.29792
      vertex 314.533 282.627 4.29792
      vertex 314.533 282.897 4.65
    endloop
  endfacet
  facet normal -1 0 0
    outer loop
      vertex 314.533 319.35 4.02776
      vertex 314.533 282.275 4.02776
      vertex 314.533 282.627 4.29792
    endloop
  endfacet
  facet normal -1 0 0
    outer loop
      vertex 314.533 319.76 3.85793
      vertex 314.533 281.865 3.85793
      vertex 314.533 282.275 4.02776
    endloop
  endfacet
  facet normal -1 0 0
    outer loop
      vertex 314.533 334.2 0
      vertex 314.533 281.425 3.8
      vertex 314.533 281.865 3.85793
    endloop
  endfacet
  facet normal -1 0 0
    outer loop
      vertex 314.533 279.783 5.06001
      vertex 314.533 244.35 5.5
      vertex 314.533 279.725 5.5
    endloop
  endfacet
  facet normal -1 0 0
    outer loop
      vertex 314.533 244.292 5.06001
      vertex 314.533 279.783 5.06001
      vertex 314.533 279.953 4.65
    endloop
  endfacet
  facet normal -1 0 0
    outer loop
      vertex 314.533 244.122 4.65
      vertex 314.533 279.953 4.65
      vertex 314.533 280.223 4.29792
    endloop
  endfacet
  facet normal -1 0 0
    outer loop
      vertex 314.533 243.852 4.29792
      vertex 314.533 280.223 4.29792
      vertex 314.533 280.575 4.02776
    endloop
  endfacet
  facet normal -1 0 0
    outer loop
      vertex 314.533 243.5 4.02776
      vertex 314.533 280.575 4.02776
      vertex 314.533 280.985 3.85793
    endloop
  endfacet
  facet normal -1 0 0
    outer loop
      vertex 314.533 243.09 3.85793
      vertex 314.533 280.985 3.85793
      vertex 314.533 281.425 3.8
    endloop
  endfacet
  facet normal -1 0 0
    outer loop
      vertex 314.533 242.65 3.8
      vertex 314.533 281.425 3.8
      vertex 314.533 334.2 0
    endloop
  endfacet
  facet normal -1 0 0
    outer loop
      vertex 314.533 279.783 5.06001
      vertex 314.533 244.292 5.06001
      vertex 314.533 244.35 5.5
    endloop
  endfacet
  facet normal -1 0 0
    outer loop
      vertex 314.533 279.953 4.65
      vertex 314.533 244.122 4.65
      vertex 314.533 244.292 5.06001
    endloop
  endfacet
  facet normal -1 0 0
    outer loop
      vertex 314.533 280.223 4.29792
      vertex 314.533 243.852 4.29792
      vertex 314.533 244.122 4.65
    endloop
  endfacet
  facet normal -1 0 0
    outer loop
      vertex 314.533 280.575 4.02776
      vertex 314.533 243.5 4.02776
      vertex 314.533 243.852 4.29792
    endloop
  endfacet
  facet normal -1 0 0
    outer loop
      vertex 314.533 280.985 3.85793
      vertex 314.533 243.09 3.85793
      vertex 314.533 243.5 4.02776
    endloop
  endfacet
  facet normal -1 0 0
    outer loop
      vertex 314.533 281.425 3.8
      vertex 314.533 242.65 3.8
      vertex 314.533 243.09 3.85793
    endloop
  endfacet
  facet normal -1 0 0
    outer loop
      vertex 314.533 241.008 5.06001
      vertex 314.533 205.575 5.5
      vertex 314.533 240.95 5.5
    endloop
  endfacet
  facet normal -1 0 0
    outer loop
      vertex 314.533 205.517 5.06001
      vertex 314.533 241.008 5.06001
      vertex 314.533 241.178 4.65
    endloop
  endfacet
  facet normal -1 0 0
    outer loop
      vertex 314.533 205.347 4.65
      vertex 314.533 241.178 4.65
      vertex 314.533 241.448 4.29792
    endloop
  endfacet
  facet normal -1 0 0
    outer loop
      vertex 314.533 205.077 4.29792
      vertex 314.533 241.448 4.29792
      vertex 314.533 241.8 4.02776
    endloop
  endfacet
  facet normal -1 0 0
    outer loop
      vertex 314.533 204.725 4.02776
      vertex 314.533 241.8 4.02776
      vertex 314.533 242.21 3.85793
    endloop
  endfacet
  facet normal -1 0 0
    outer loop
      vertex 314.533 204.315 3.85793
      vertex 314.533 242.21 3.85793
      vertex 314.533 242.65 3.8
    endloop
  endfacet
  facet normal -1 0 0
    outer loop
      vertex 314.533 241.008 5.06001
      vertex 314.533 205.517 5.06001
      vertex 314.533 205.575 5.5
    endloop
  endfacet
  facet normal -1 0 0
    outer loop
      vertex 314.533 153.1 0
      vertex 314.533 242.65 3.8
      vertex 314.533 334.2 0
    endloop
  endfacet
  facet normal -1 0 0
    outer loop
      vertex 314.533 241.178 4.65
      vertex 314.533 205.347 4.65
      vertex 314.533 205.517 5.06001
    endloop
  endfacet
  facet normal -1 0 0
    outer loop
      vertex 314.533 241.448 4.29792
      vertex 314.533 205.077 4.29792
      vertex 314.533 205.347 4.65
    endloop
  endfacet
  facet normal -1 0 0
    outer loop
      vertex 314.533 241.8 4.02776
      vertex 314.533 204.725 4.02776
      vertex 314.533 205.077 4.29792
    endloop
  endfacet
  facet normal -1 0 0
    outer loop
      vertex 314.533 242.21 3.85793
      vertex 314.533 204.315 3.85793
      vertex 314.533 204.725 4.02776
    endloop
  endfacet
  facet normal -1 0 0
    outer loop
      vertex 314.533 242.65 3.8
      vertex 314.533 203.875 3.8
      vertex 314.533 204.315 3.85793
    endloop
  endfacet
  facet normal -1 0 0
    outer loop
      vertex 314.533 202.233 5.06001
      vertex 314.533 166.8 5.5
      vertex 314.533 202.175 5.5
    endloop
  endfacet
  facet normal -1 0 0
    outer loop
      vertex 314.533 166.742 5.06001
      vertex 314.533 202.233 5.06001
      vertex 314.533 202.403 4.65
    endloop
  endfacet
  facet normal -1 0 0
    outer loop
      vertex 314.533 166.572 4.65
      vertex 314.533 202.403 4.65
      vertex 314.533 202.673 4.29792
    endloop
  endfacet
  facet normal -1 0 0
    outer loop
      vertex 314.533 166.302 4.29792
      vertex 314.533 202.673 4.29792
      vertex 314.533 203.025 4.02776
    endloop
  endfacet
  facet normal -1 0 0
    outer loop
      vertex 314.533 165.95 4.02776
      vertex 314.533 203.025 4.02776
      vertex 314.533 203.435 3.85793
    endloop
  endfacet
  facet normal -1 0 0
    outer loop
      vertex 314.533 153.1 0
      vertex 314.533 203.435 3.85793
      vertex 314.533 203.875 3.8
    endloop
  endfacet
  facet normal -1 0 0
    outer loop
      vertex 314.533 202.233 5.06001
      vertex 314.533 166.742 5.06001
      vertex 314.533 166.8 5.5
    endloop
  endfacet
  facet normal -1 0 0
    outer loop
      vertex 314.533 202.403 4.65
      vertex 314.533 166.572 4.65
      vertex 314.533 166.742 5.06001
    endloop
  endfacet
  facet normal -1 -0 0
    outer loop
      vertex 314.533 242.65 3.8
      vertex 314.533 153.1 0
      vertex 314.533 203.875 3.8
    endloop
  endfacet
  facet normal -1 0 0
    outer loop
      vertex 314.533 202.673 4.29792
      vertex 314.533 166.302 4.29792
      vertex 314.533 166.572 4.65
    endloop
  endfacet
  facet normal -1 0 0
    outer loop
      vertex 314.533 203.025 4.02776
      vertex 314.533 165.95 4.02776
      vertex 314.533 166.302 4.29792
    endloop
  endfacet
  facet normal -1 0 0
    outer loop
      vertex 314.533 203.435 3.85793
      vertex 314.533 165.54 3.85793
      vertex 314.533 165.95 4.02776
    endloop
  endfacet
  facet normal -1 -0 0
    outer loop
      vertex 314.533 203.435 3.85793
      vertex 314.533 153.1 0
      vertex 314.533 165.54 3.85793
    endloop
  endfacet
  facet normal -1 0 0
    outer loop
      vertex 314.533 153.1 8
      vertex 314.533 163.458 5.06001
      vertex 314.533 153.1 0
    endloop
  endfacet
  facet normal -1 -0 0
    outer loop
      vertex 314.533 163.628 4.65
      vertex 314.533 153.1 0
      vertex 314.533 163.458 5.06001
    endloop
  endfacet
  facet normal -1 -0 0
    outer loop
      vertex 314.533 163.898 4.29792
      vertex 314.533 153.1 0
      vertex 314.533 163.628 4.65
    endloop
  endfacet
  facet normal -1 -0 0
    outer loop
      vertex 314.533 164.25 4.02776
      vertex 314.533 153.1 0
      vertex 314.533 163.898 4.29792
    endloop
  endfacet
  facet normal -1 -0 0
    outer loop
      vertex 314.533 164.66 3.85793
      vertex 314.533 153.1 0
      vertex 314.533 164.25 4.02776
    endloop
  endfacet
  facet normal -1 -0 0
    outer loop
      vertex 314.533 165.1 3.8
      vertex 314.533 153.1 0
      vertex 314.533 164.66 3.85793
    endloop
  endfacet
  facet normal -1 0 0
    outer loop
      vertex 314.533 165.54 3.85793
      vertex 314.533 153.1 0
      vertex 314.533 165.1 3.8
    endloop
  endfacet
  facet normal -1 -0 0
    outer loop
      vertex 314.533 334.2 15
      vertex 314.533 326.2 8
      vertex 314.533 326.2 15
    endloop
  endfacet
  facet normal -1 0 0
    outer loop
      vertex 314.533 321.842 5.93999
      vertex 314.533 326.2 8
      vertex 314.533 321.9 5.5
    endloop
  endfacet
  facet normal -1 0 0
    outer loop
      vertex 314.533 321.672 6.35
      vertex 314.533 326.2 8
      vertex 314.533 321.842 5.93999
    endloop
  endfacet
  facet normal -1 0 0
    outer loop
      vertex 314.533 321.402 6.70208
      vertex 314.533 326.2 8
      vertex 314.533 321.672 6.35
    endloop
  endfacet
  facet normal -1 0 0
    outer loop
      vertex 314.533 321.05 6.97224
      vertex 314.533 326.2 8
      vertex 314.533 321.402 6.70208
    endloop
  endfacet
  facet normal -1 0 0
    outer loop
      vertex 314.533 320.64 7.14207
      vertex 314.533 326.2 8
      vertex 314.533 321.05 6.97224
    endloop
  endfacet
  facet normal -1 0 0
    outer loop
      vertex 314.533 320.2 7.2
      vertex 314.533 326.2 8
      vertex 314.533 320.64 7.14207
    endloop
  endfacet
  facet normal -1 0 0
    outer loop
      vertex 314.533 281.425 7.2
      vertex 314.533 320.2 7.2
      vertex 314.533 319.76 7.14207
    endloop
  endfacet
  facet normal -1 0 0
    outer loop
      vertex 314.533 283.125 5.5
      vertex 314.533 318.558 5.93999
      vertex 314.533 318.5 5.5
    endloop
  endfacet
  facet normal -1 0 0
    outer loop
      vertex 314.533 283.067 5.93999
      vertex 314.533 318.558 5.93999
      vertex 314.533 283.125 5.5
    endloop
  endfacet
  facet normal -1 0 0
    outer loop
      vertex 314.533 318.558 5.93999
      vertex 314.533 283.067 5.93999
      vertex 314.533 318.728 6.35
    endloop
  endfacet
  facet normal -1 0 0
    outer loop
      vertex 314.533 282.897 6.35
      vertex 314.533 318.728 6.35
      vertex 314.533 283.067 5.93999
    endloop
  endfacet
  facet normal -1 0 0
    outer loop
      vertex 314.533 318.728 6.35
      vertex 314.533 282.897 6.35
      vertex 314.533 318.998 6.70208
    endloop
  endfacet
  facet normal -1 0 0
    outer loop
      vertex 314.533 282.627 6.70208
      vertex 314.533 318.998 6.70208
      vertex 314.533 282.897 6.35
    endloop
  endfacet
  facet normal -1 0 0
    outer loop
      vertex 314.533 318.998 6.70208
      vertex 314.533 282.627 6.70208
      vertex 314.533 319.35 6.97224
    endloop
  endfacet
  facet normal -1 0 0
    outer loop
      vertex 314.533 282.275 6.97224
      vertex 314.533 319.35 6.97224
      vertex 314.533 282.627 6.70208
    endloop
  endfacet
  facet normal -1 0 0
    outer loop
      vertex 314.533 319.35 6.97224
      vertex 314.533 282.275 6.97224
      vertex 314.533 319.76 7.14207
    endloop
  endfacet
  facet normal -1 0 0
    outer loop
      vertex 314.533 281.865 7.14207
      vertex 314.533 319.76 7.14207
      vertex 314.533 282.275 6.97224
    endloop
  endfacet
  facet normal -1 0 0
    outer loop
      vertex 314.533 281.425 7.2
      vertex 314.533 319.76 7.14207
      vertex 314.533 281.865 7.14207
    endloop
  endfacet
  facet normal -1 0 0
    outer loop
      vertex 314.533 320.2 7.2
      vertex 314.533 281.425 7.2
      vertex 314.533 326.2 8
    endloop
  endfacet
  facet normal -1 0 0
    outer loop
      vertex 314.533 244.35 5.5
      vertex 314.533 279.783 5.93999
      vertex 314.533 279.725 5.5
    endloop
  endfacet
  facet normal -1 0 0
    outer loop
      vertex 314.533 244.292 5.93999
      vertex 314.533 279.783 5.93999
      vertex 314.533 244.35 5.5
    endloop
  endfacet
  facet normal -1 0 0
    outer loop
      vertex 314.533 279.783 5.93999
      vertex 314.533 244.292 5.93999
      vertex 314.533 279.953 6.35
    endloop
  endfacet
  facet normal -1 0 0
    outer loop
      vertex 314.533 244.122 6.35
      vertex 314.533 279.953 6.35
      vertex 314.533 244.292 5.93999
    endloop
  endfacet
  facet normal -1 0 0
    outer loop
      vertex 314.533 279.953 6.35
      vertex 314.533 244.122 6.35
      vertex 314.533 280.223 6.70208
    endloop
  endfacet
  facet normal -1 0 0
    outer loop
      vertex 314.533 243.852 6.70208
      vertex 314.533 280.223 6.70208
      vertex 314.533 244.122 6.35
    endloop
  endfacet
  facet normal -1 0 0
    outer loop
      vertex 314.533 280.223 6.70208
      vertex 314.533 243.852 6.70208
      vertex 314.533 280.575 6.97224
    endloop
  endfacet
  facet normal -1 0 0
    outer loop
      vertex 314.533 243.5 6.97224
      vertex 314.533 280.575 6.97224
      vertex 314.533 243.852 6.70208
    endloop
  endfacet
  facet normal -1 0 0
    outer loop
      vertex 314.533 280.575 6.97224
      vertex 314.533 243.5 6.97224
      vertex 314.533 280.985 7.14207
    endloop
  endfacet
  facet normal -1 0 0
    outer loop
      vertex 314.533 243.09 7.14207
      vertex 314.533 280.985 7.14207
      vertex 314.533 243.5 6.97224
    endloop
  endfacet
  facet normal -1 0 0
    outer loop
      vertex 314.533 280.985 7.14207
      vertex 314.533 243.09 7.14207
      vertex 314.533 281.425 7.2
    endloop
  endfacet
  facet normal -1 0 0
    outer loop
      vertex 314.533 242.65 7.2
      vertex 314.533 281.425 7.2
      vertex 314.533 243.09 7.14207
    endloop
  endfacet
  facet normal -1 0 0
    outer loop
      vertex 314.533 281.425 7.2
      vertex 314.533 242.65 7.2
      vertex 314.533 326.2 8
    endloop
  endfacet
  facet normal -1 0 0
    outer loop
      vertex 314.533 205.575 5.5
      vertex 314.533 241.008 5.93999
      vertex 314.533 240.95 5.5
    endloop
  endfacet
  facet normal -1 0 0
    outer loop
      vertex 314.533 205.517 5.93999
      vertex 314.533 241.008 5.93999
      vertex 314.533 205.575 5.5
    endloop
  endfacet
  facet normal -1 0 0
    outer loop
      vertex 314.533 241.008 5.93999
      vertex 314.533 205.517 5.93999
      vertex 314.533 241.178 6.35
    endloop
  endfacet
  facet normal -1 0 0
    outer loop
      vertex 314.533 205.347 6.35
      vertex 314.533 241.178 6.35
      vertex 314.533 205.517 5.93999
    endloop
  endfacet
  facet normal -1 0 0
    outer loop
      vertex 314.533 241.178 6.35
      vertex 314.533 205.347 6.35
      vertex 314.533 241.448 6.70208
    endloop
  endfacet
  facet normal -1 0 0
    outer loop
      vertex 314.533 205.077 6.70208
      vertex 314.533 241.448 6.70208
      vertex 314.533 205.347 6.35
    endloop
  endfacet
  facet normal -1 0 0
    outer loop
      vertex 314.533 241.448 6.70208
      vertex 314.533 205.077 6.70208
      vertex 314.533 241.8 6.97224
    endloop
  endfacet
  facet normal -1 0 0
    outer loop
      vertex 314.533 204.725 6.97224
      vertex 314.533 241.8 6.97224
      vertex 314.533 205.077 6.70208
    endloop
  endfacet
  facet normal -1 0 0
    outer loop
      vertex 314.533 241.8 6.97224
      vertex 314.533 204.725 6.97224
      vertex 314.533 242.21 7.14207
    endloop
  endfacet
  facet normal -1 0 0
    outer loop
      vertex 314.533 204.315 7.14207
      vertex 314.533 242.21 7.14207
      vertex 314.533 204.725 6.97224
    endloop
  endfacet
  facet normal -1 0 0
    outer loop
      vertex 314.533 242.21 7.14207
      vertex 314.533 204.315 7.14207
      vertex 314.533 242.65 7.2
    endloop
  endfacet
  facet normal -1 0 0
    outer loop
      vertex 314.533 203.875 7.2
      vertex 314.533 242.65 7.2
      vertex 314.533 204.315 7.14207
    endloop
  endfacet
  facet normal -1 0 0
    outer loop
      vertex 314.533 242.65 7.2
      vertex 314.533 203.875 7.2
      vertex 314.533 326.2 8
    endloop
  endfacet
  facet normal -1 0 0
    outer loop
      vertex 314.533 166.8 5.5
      vertex 314.533 202.233 5.93999
      vertex 314.533 202.175 5.5
    endloop
  endfacet
  facet normal -1 0 0
    outer loop
      vertex 314.533 166.742 5.93999
      vertex 314.533 202.233 5.93999
      vertex 314.533 166.8 5.5
    endloop
  endfacet
  facet normal -1 0 0
    outer loop
      vertex 314.533 202.233 5.93999
      vertex 314.533 166.742 5.93999
      vertex 314.533 202.403 6.35
    endloop
  endfacet
  facet normal -1 0 0
    outer loop
      vertex 314.533 166.572 6.35
      vertex 314.533 202.403 6.35
      vertex 314.533 166.742 5.93999
    endloop
  endfacet
  facet normal -1 0 0
    outer loop
      vertex 314.533 202.403 6.35
      vertex 314.533 166.572 6.35
      vertex 314.533 202.673 6.70208
    endloop
  endfacet
  facet normal -1 0 0
    outer loop
      vertex 314.533 166.302 6.70208
      vertex 314.533 202.673 6.70208
      vertex 314.533 166.572 6.35
    endloop
  endfacet
  facet normal -1 0 0
    outer loop
      vertex 314.533 202.673 6.70208
      vertex 314.533 166.302 6.70208
      vertex 314.533 203.025 6.97224
    endloop
  endfacet
  facet normal -1 0 0
    outer loop
      vertex 314.533 165.95 6.97224
      vertex 314.533 203.025 6.97224
      vertex 314.533 166.302 6.70208
    endloop
  endfacet
  facet normal -1 0 0
    outer loop
      vertex 314.533 203.025 6.97224
      vertex 314.533 165.95 6.97224
      vertex 314.533 203.435 7.14207
    endloop
  endfacet
  facet normal -1 0 0
    outer loop
      vertex 314.533 165.54 7.14207
      vertex 314.533 203.435 7.14207
      vertex 314.533 165.95 6.97224
    endloop
  endfacet
  facet normal -1 0 0
    outer loop
      vertex 314.533 203.435 7.14207
      vertex 314.533 165.54 7.14207
      vertex 314.533 203.875 7.2
    endloop
  endfacet
  facet normal -1 0 0
    outer loop
      vertex 314.533 165.1 7.2
      vertex 314.533 203.875 7.2
      vertex 314.533 165.54 7.14207
    endloop
  endfacet
  facet normal -1 0 0
    outer loop
      vertex 314.533 153.1 8
      vertex 314.533 203.875 7.2
      vertex 314.533 165.1 7.2
    endloop
  endfacet
  facet normal -1 0 0
    outer loop
      vertex 314.533 163.458 5.06001
      vertex 314.533 153.1 8
      vertex 314.533 163.4 5.5
    endloop
  endfacet
  facet normal -1 0 0
    outer loop
      vertex 314.533 163.4 5.5
      vertex 314.533 153.1 8
      vertex 314.533 163.458 5.93999
    endloop
  endfacet
  facet normal -1 0 0
    outer loop
      vertex 314.533 163.458 5.93999
      vertex 314.533 153.1 8
      vertex 314.533 163.628 6.35
    endloop
  endfacet
  facet normal -1 0 0
    outer loop
      vertex 314.533 163.628 6.35
      vertex 314.533 153.1 8
      vertex 314.533 163.898 6.70208
    endloop
  endfacet
  facet normal -1 0 0
    outer loop
      vertex 314.533 203.875 7.2
      vertex 314.533 153.1 8
      vertex 314.533 326.2 8
    endloop
  endfacet
  facet normal -1 0 0
    outer loop
      vertex 314.533 164.66 7.14207
      vertex 314.533 153.1 8
      vertex 314.533 165.1 7.2
    endloop
  endfacet
  facet normal -1 0 0
    outer loop
      vertex 314.533 164.25 6.97224
      vertex 314.533 153.1 8
      vertex 314.533 164.66 7.14207
    endloop
  endfacet
  facet normal -1 0 0
    outer loop
      vertex 314.533 163.898 6.70208
      vertex 314.533 153.1 8
      vertex 314.533 164.25 6.97224
    endloop
  endfacet
  facet normal 0 -1 0
    outer loop
      vertex 419.349 153.1 7.14207
      vertex 459.8 153.1 7.2
      vertex 418.909 153.1 7.2
    endloop
  endfacet
  facet normal 0 -1 0
    outer loop
      vertex 419.349 153.1 7.14207
      vertex 459.36 153.1 7.14207
      vertex 459.8 153.1 7.2
    endloop
  endfacet
  facet normal 0 -1 0
    outer loop
      vertex 419.759 153.1 6.97224
      vertex 459.36 153.1 7.14207
      vertex 419.349 153.1 7.14207
    endloop
  endfacet
  facet normal 0 -1 0
    outer loop
      vertex 419.759 153.1 6.97224
      vertex 458.95 153.1 6.97224
      vertex 459.36 153.1 7.14207
    endloop
  endfacet
  facet normal 0 -1 0
    outer loop
      vertex 420.111 153.1 6.70208
      vertex 458.95 153.1 6.97224
      vertex 419.759 153.1 6.97224
    endloop
  endfacet
  facet normal 0 -1 0
    outer loop
      vertex 420.111 153.1 6.70208
      vertex 458.598 153.1 6.70208
      vertex 458.95 153.1 6.97224
    endloop
  endfacet
  facet normal 0 -1 0
    outer loop
      vertex 420.381 153.1 6.35
      vertex 458.598 153.1 6.70208
      vertex 420.111 153.1 6.70208
    endloop
  endfacet
  facet normal 0 -1 0
    outer loop
      vertex 420.381 153.1 6.35
      vertex 458.328 153.1 6.35
      vertex 458.598 153.1 6.70208
    endloop
  endfacet
  facet normal 0 -1 0
    outer loop
      vertex 420.551 153.1 5.93999
      vertex 458.328 153.1 6.35
      vertex 420.381 153.1 6.35
    endloop
  endfacet
  facet normal 0 -1 0
    outer loop
      vertex 420.551 153.1 5.93999
      vertex 458.158 153.1 5.93999
      vertex 458.328 153.1 6.35
    endloop
  endfacet
  facet normal 0 -1 0
    outer loop
      vertex 420.609 153.1 5.5
      vertex 458.158 153.1 5.93999
      vertex 420.551 153.1 5.93999
    endloop
  endfacet
  facet normal 0 -1 0
    outer loop
      vertex 420.609 153.1 5.5
      vertex 458.1 153.1 5.5
      vertex 458.158 153.1 5.93999
    endloop
  endfacet
  facet normal 0 -1 0
    outer loop
      vertex 420.551 153.1 5.06001
      vertex 458.1 153.1 5.5
      vertex 420.609 153.1 5.5
    endloop
  endfacet
  facet normal 0 -1 0
    outer loop
      vertex 420.551 153.1 5.06001
      vertex 458.158 153.1 5.06001
      vertex 458.1 153.1 5.5
    endloop
  endfacet
  facet normal 0 -1 0
    outer loop
      vertex 420.381 153.1 4.65
      vertex 458.158 153.1 5.06001
      vertex 420.551 153.1 5.06001
    endloop
  endfacet
  facet normal 0 -1 0
    outer loop
      vertex 420.381 153.1 4.65
      vertex 458.328 153.1 4.65
      vertex 458.158 153.1 5.06001
    endloop
  endfacet
  facet normal 0 -1 0
    outer loop
      vertex 420.111 153.1 4.29792
      vertex 458.328 153.1 4.65
      vertex 420.381 153.1 4.65
    endloop
  endfacet
  facet normal 0 -1 0
    outer loop
      vertex 420.111 153.1 4.29792
      vertex 458.598 153.1 4.29792
      vertex 458.328 153.1 4.65
    endloop
  endfacet
  facet normal 0 -1 0
    outer loop
      vertex 419.759 153.1 4.02776
      vertex 458.598 153.1 4.29792
      vertex 420.111 153.1 4.29792
    endloop
  endfacet
  facet normal 0 -1 0
    outer loop
      vertex 419.759 153.1 4.02776
      vertex 458.95 153.1 4.02776
      vertex 458.598 153.1 4.29792
    endloop
  endfacet
  facet normal 0 -1 0
    outer loop
      vertex 419.349 153.1 3.85793
      vertex 458.95 153.1 4.02776
      vertex 419.759 153.1 4.02776
    endloop
  endfacet
  facet normal 0 -1 0
    outer loop
      vertex 419.349 153.1 3.85793
      vertex 459.36 153.1 3.85793
      vertex 458.95 153.1 4.02776
    endloop
  endfacet
  facet normal 0 -1 0
    outer loop
      vertex 473.8 153.1 0
      vertex 419.349 153.1 3.85793
      vertex 418.909 153.1 3.8
    endloop
  endfacet
  facet normal 0 -1 0
    outer loop
      vertex 419.349 153.1 3.85793
      vertex 473.8 153.1 0
      vertex 459.36 153.1 3.85793
    endloop
  endfacet
  facet normal 0 -1 0
    outer loop
      vertex 378.458 153.1 7.14207
      vertex 418.909 153.1 7.2
      vertex 378.018 153.1 7.2
    endloop
  endfacet
  facet normal 0 -1 0
    outer loop
      vertex 378.458 153.1 7.14207
      vertex 418.469 153.1 7.14207
      vertex 418.909 153.1 7.2
    endloop
  endfacet
  facet normal 0 -1 0
    outer loop
      vertex 378.868 153.1 6.97224
      vertex 418.469 153.1 7.14207
      vertex 378.458 153.1 7.14207
    endloop
  endfacet
  facet normal 0 -1 0
    outer loop
      vertex 378.868 153.1 6.97224
      vertex 418.059 153.1 6.97224
      vertex 418.469 153.1 7.14207
    endloop
  endfacet
  facet normal 0 -1 0
    outer loop
      vertex 379.22 153.1 6.70208
      vertex 418.059 153.1 6.97224
      vertex 378.868 153.1 6.97224
    endloop
  endfacet
  facet normal 0 -1 0
    outer loop
      vertex 379.22 153.1 6.70208
      vertex 417.707 153.1 6.70208
      vertex 418.059 153.1 6.97224
    endloop
  endfacet
  facet normal 0 -1 0
    outer loop
      vertex 379.49 153.1 6.35
      vertex 417.707 153.1 6.70208
      vertex 379.22 153.1 6.70208
    endloop
  endfacet
  facet normal 0 -1 0
    outer loop
      vertex 379.49 153.1 6.35
      vertex 417.437 153.1 6.35
      vertex 417.707 153.1 6.70208
    endloop
  endfacet
  facet normal 0 -1 0
    outer loop
      vertex 379.66 153.1 5.93999
      vertex 417.437 153.1 6.35
      vertex 379.49 153.1 6.35
    endloop
  endfacet
  facet normal 0 -1 0
    outer loop
      vertex 379.66 153.1 5.93999
      vertex 417.267 153.1 5.93999
      vertex 417.437 153.1 6.35
    endloop
  endfacet
  facet normal 0 -1 0
    outer loop
      vertex 379.718 153.1 5.5
      vertex 417.267 153.1 5.93999
      vertex 379.66 153.1 5.93999
    endloop
  endfacet
  facet normal 0 -1 0
    outer loop
      vertex 379.718 153.1 5.5
      vertex 417.209 153.1 5.5
      vertex 417.267 153.1 5.93999
    endloop
  endfacet
  facet normal 0 -1 0
    outer loop
      vertex 379.66 153.1 5.06001
      vertex 417.209 153.1 5.5
      vertex 379.718 153.1 5.5
    endloop
  endfacet
  facet normal 0 -1 0
    outer loop
      vertex 379.66 153.1 5.06001
      vertex 417.267 153.1 5.06001
      vertex 417.209 153.1 5.5
    endloop
  endfacet
  facet normal 0 -1 0
    outer loop
      vertex 379.49 153.1 4.65
      vertex 417.267 153.1 5.06001
      vertex 379.66 153.1 5.06001
    endloop
  endfacet
  facet normal 0 -1 0
    outer loop
      vertex 379.49 153.1 4.65
      vertex 417.437 153.1 4.65
      vertex 417.267 153.1 5.06001
    endloop
  endfacet
  facet normal 0 -1 0
    outer loop
      vertex 379.22 153.1 4.29792
      vertex 417.437 153.1 4.65
      vertex 379.49 153.1 4.65
    endloop
  endfacet
  facet normal 0 -1 0
    outer loop
      vertex 379.22 153.1 4.29792
      vertex 417.707 153.1 4.29792
      vertex 417.437 153.1 4.65
    endloop
  endfacet
  facet normal 0 -1 0
    outer loop
      vertex 378.868 153.1 4.02776
      vertex 417.707 153.1 4.29792
      vertex 379.22 153.1 4.29792
    endloop
  endfacet
  facet normal 0 -1 0
    outer loop
      vertex 378.868 153.1 4.02776
      vertex 418.059 153.1 4.02776
      vertex 417.707 153.1 4.29792
    endloop
  endfacet
  facet normal 0 -1 0
    outer loop
      vertex 378.458 153.1 3.85793
      vertex 418.059 153.1 4.02776
      vertex 378.868 153.1 4.02776
    endloop
  endfacet
  facet normal 0 -1 0
    outer loop
      vertex 378.458 153.1 3.85793
      vertex 418.469 153.1 3.85793
      vertex 418.059 153.1 4.02776
    endloop
  endfacet
  facet normal 0 -1 0
    outer loop
      vertex 378.018 153.1 3.8
      vertex 418.469 153.1 3.85793
      vertex 378.458 153.1 3.85793
    endloop
  endfacet
  facet normal 0 -1 -0
    outer loop
      vertex 418.469 153.1 3.85793
      vertex 378.018 153.1 3.8
      vertex 418.909 153.1 3.8
    endloop
  endfacet
  facet normal 0 -1 0
    outer loop
      vertex 337.567 153.1 7.14207
      vertex 378.018 153.1 7.2
      vertex 337.127 153.1 7.2
    endloop
  endfacet
  facet normal 0 -1 0
    outer loop
      vertex 337.567 153.1 7.14207
      vertex 377.578 153.1 7.14207
      vertex 378.018 153.1 7.2
    endloop
  endfacet
  facet normal 0 -1 0
    outer loop
      vertex 337.977 153.1 6.97224
      vertex 377.578 153.1 7.14207
      vertex 337.567 153.1 7.14207
    endloop
  endfacet
  facet normal 0 -1 0
    outer loop
      vertex 337.977 153.1 6.97224
      vertex 377.168 153.1 6.97224
      vertex 377.578 153.1 7.14207
    endloop
  endfacet
  facet normal 0 -1 0
    outer loop
      vertex 338.329 153.1 6.70208
      vertex 377.168 153.1 6.97224
      vertex 337.977 153.1 6.97224
    endloop
  endfacet
  facet normal 0 -1 0
    outer loop
      vertex 338.329 153.1 6.70208
      vertex 376.816 153.1 6.70208
      vertex 377.168 153.1 6.97224
    endloop
  endfacet
  facet normal 0 -1 0
    outer loop
      vertex 338.6 153.1 6.35
      vertex 376.816 153.1 6.70208
      vertex 338.329 153.1 6.70208
    endloop
  endfacet
  facet normal 0 -1 0
    outer loop
      vertex 338.6 153.1 6.35
      vertex 376.546 153.1 6.35
      vertex 376.816 153.1 6.70208
    endloop
  endfacet
  facet normal 0 -1 0
    outer loop
      vertex 338.769 153.1 5.93999
      vertex 376.546 153.1 6.35
      vertex 338.6 153.1 6.35
    endloop
  endfacet
  facet normal 0 -1 0
    outer loop
      vertex 338.769 153.1 5.93999
      vertex 376.376 153.1 5.93999
      vertex 376.546 153.1 6.35
    endloop
  endfacet
  facet normal 0 -1 0
    outer loop
      vertex 338.827 153.1 5.5
      vertex 376.376 153.1 5.93999
      vertex 338.769 153.1 5.93999
    endloop
  endfacet
  facet normal 0 -1 0
    outer loop
      vertex 338.827 153.1 5.5
      vertex 376.318 153.1 5.5
      vertex 376.376 153.1 5.93999
    endloop
  endfacet
  facet normal 0 -1 0
    outer loop
      vertex 338.769 153.1 5.06001
      vertex 376.318 153.1 5.5
      vertex 338.827 153.1 5.5
    endloop
  endfacet
  facet normal 0 -1 0
    outer loop
      vertex 338.769 153.1 5.06001
      vertex 376.376 153.1 5.06001
      vertex 376.318 153.1 5.5
    endloop
  endfacet
  facet normal 0 -1 0
    outer loop
      vertex 338.6 153.1 4.65
      vertex 376.376 153.1 5.06001
      vertex 338.769 153.1 5.06001
    endloop
  endfacet
  facet normal 0 -1 0
    outer loop
      vertex 338.6 153.1 4.65
      vertex 376.546 153.1 4.65
      vertex 376.376 153.1 5.06001
    endloop
  endfacet
  facet normal 0 -1 0
    outer loop
      vertex 338.329 153.1 4.29792
      vertex 376.546 153.1 4.65
      vertex 338.6 153.1 4.65
    endloop
  endfacet
  facet normal 0 -1 0
    outer loop
      vertex 338.329 153.1 4.29792
      vertex 376.816 153.1 4.29792
      vertex 376.546 153.1 4.65
    endloop
  endfacet
  facet normal 0 -1 0
    outer loop
      vertex 337.977 153.1 4.02776
      vertex 376.816 153.1 4.29792
      vertex 338.329 153.1 4.29792
    endloop
  endfacet
  facet normal 0 -1 0
    outer loop
      vertex 337.977 153.1 4.02776
      vertex 377.168 153.1 4.02776
      vertex 376.816 153.1 4.29792
    endloop
  endfacet
  facet normal 0 -1 0
    outer loop
      vertex 337.567 153.1 3.85793
      vertex 377.168 153.1 4.02776
      vertex 337.977 153.1 4.02776
    endloop
  endfacet
  facet normal 0 -1 0
    outer loop
      vertex 337.567 153.1 3.85793
      vertex 377.578 153.1 3.85793
      vertex 377.168 153.1 4.02776
    endloop
  endfacet
  facet normal 0 -1 0
    outer loop
      vertex 337.127 153.1 3.8
      vertex 377.578 153.1 3.85793
      vertex 337.567 153.1 3.85793
    endloop
  endfacet
  facet normal 0 -1 -0
    outer loop
      vertex 377.578 153.1 3.85793
      vertex 337.127 153.1 3.8
      vertex 378.018 153.1 3.8
    endloop
  endfacet
  facet normal 0 -1 0
    outer loop
      vertex 378.018 153.1 7.2
      vertex 314.533 153.1 8
      vertex 337.127 153.1 7.2
    endloop
  endfacet
  facet normal 0 -1 0
    outer loop
      vertex 314.533 153.1 8
      vertex 336.687 153.1 7.14207
      vertex 337.127 153.1 7.2
    endloop
  endfacet
  facet normal 0 -1 0
    outer loop
      vertex 314.533 153.1 8
      vertex 336.277 153.1 6.97224
      vertex 336.687 153.1 7.14207
    endloop
  endfacet
  facet normal 0 -1 0
    outer loop
      vertex 314.533 153.1 8
      vertex 335.925 153.1 6.70208
      vertex 336.277 153.1 6.97224
    endloop
  endfacet
  facet normal 0 -1 0
    outer loop
      vertex 314.533 153.1 8
      vertex 335.655 153.1 6.35
      vertex 335.925 153.1 6.70208
    endloop
  endfacet
  facet normal 0 -1 0
    outer loop
      vertex 314.533 153.1 8
      vertex 335.485 153.1 5.93999
      vertex 335.655 153.1 6.35
    endloop
  endfacet
  facet normal 0 -1 0
    outer loop
      vertex 314.533 153.1 8
      vertex 335.427 153.1 5.5
      vertex 335.485 153.1 5.93999
    endloop
  endfacet
  facet normal 0 -1 0
    outer loop
      vertex 314.533 153.1 0
      vertex 335.427 153.1 5.5
      vertex 314.533 153.1 8
    endloop
  endfacet
  facet normal 0 -1 -0
    outer loop
      vertex 335.427 153.1 5.5
      vertex 314.533 153.1 0
      vertex 335.485 153.1 5.06001
    endloop
  endfacet
  facet normal 0 -1 -0
    outer loop
      vertex 335.485 153.1 5.06001
      vertex 314.533 153.1 0
      vertex 335.655 153.1 4.65
    endloop
  endfacet
  facet normal 0 -1 -0
    outer loop
      vertex 335.655 153.1 4.65
      vertex 314.533 153.1 0
      vertex 335.925 153.1 4.29792
    endloop
  endfacet
  facet normal 0 -1 -0
    outer loop
      vertex 335.925 153.1 4.29792
      vertex 314.533 153.1 0
      vertex 336.277 153.1 4.02776
    endloop
  endfacet
  facet normal 0 -1 0
    outer loop
      vertex 314.533 153.1 0
      vertex 378.018 153.1 3.8
      vertex 337.127 153.1 3.8
    endloop
  endfacet
  facet normal 0 -1 -0
    outer loop
      vertex 378.018 153.1 3.8
      vertex 314.533 153.1 0
      vertex 418.909 153.1 3.8
    endloop
  endfacet
  facet normal 0 -1 -0
    outer loop
      vertex 418.909 153.1 3.8
      vertex 314.533 153.1 0
      vertex 473.8 153.1 0
    endloop
  endfacet
  facet normal 0 -1 -0
    outer loop
      vertex 336.687 153.1 3.85793
      vertex 314.533 153.1 0
      vertex 337.127 153.1 3.8
    endloop
  endfacet
  facet normal 0 -1 -0
    outer loop
      vertex 336.277 153.1 4.02776
      vertex 314.533 153.1 0
      vertex 336.687 153.1 3.85793
    endloop
  endfacet
  facet normal 0 -1 0
    outer loop
      vertex 465.8 153.1 8
      vertex 473.8 153.1 15
      vertex 465.8 153.1 15
    endloop
  endfacet
  facet normal 0 -1 0
    outer loop
      vertex 314.533 153.1 8
      vertex 378.018 153.1 7.2
      vertex 465.8 153.1 8
    endloop
  endfacet
  facet normal 0 -1 0
    outer loop
      vertex 418.909 153.1 7.2
      vertex 465.8 153.1 8
      vertex 378.018 153.1 7.2
    endloop
  endfacet
  facet normal 0 -1 0
    outer loop
      vertex 459.8 153.1 7.2
      vertex 465.8 153.1 8
      vertex 418.909 153.1 7.2
    endloop
  endfacet
  facet normal 0 -1 0
    outer loop
      vertex 460.24 153.1 7.14207
      vertex 465.8 153.1 8
      vertex 459.8 153.1 7.2
    endloop
  endfacet
  facet normal 0 -1 0
    outer loop
      vertex 460.65 153.1 6.97224
      vertex 465.8 153.1 8
      vertex 460.24 153.1 7.14207
    endloop
  endfacet
  facet normal 0 -1 0
    outer loop
      vertex 461.002 153.1 6.70208
      vertex 465.8 153.1 8
      vertex 460.65 153.1 6.97224
    endloop
  endfacet
  facet normal 0 -1 0
    outer loop
      vertex 461.272 153.1 6.35
      vertex 465.8 153.1 8
      vertex 461.002 153.1 6.70208
    endloop
  endfacet
  facet normal 0 -1 0
    outer loop
      vertex 461.442 153.1 5.93999
      vertex 465.8 153.1 8
      vertex 461.272 153.1 6.35
    endloop
  endfacet
  facet normal 0 -1 0
    outer loop
      vertex 461.5 153.1 5.5
      vertex 465.8 153.1 8
      vertex 461.442 153.1 5.93999
    endloop
  endfacet
  facet normal 0 -1 0
    outer loop
      vertex 461.442 153.1 5.06001
      vertex 465.8 153.1 8
      vertex 461.5 153.1 5.5
    endloop
  endfacet
  facet normal 0 -1 0
    outer loop
      vertex 461.272 153.1 4.65
      vertex 465.8 153.1 8
      vertex 461.442 153.1 5.06001
    endloop
  endfacet
  facet normal 0 -1 0
    outer loop
      vertex 473.8 153.1 0
      vertex 461.272 153.1 4.65
      vertex 461.002 153.1 4.29792
    endloop
  endfacet
  facet normal 0 -1 0
    outer loop
      vertex 465.8 153.1 8
      vertex 473.8 153.1 0
      vertex 473.8 153.1 15
    endloop
  endfacet
  facet normal 0 -1 0
    outer loop
      vertex 461.272 153.1 4.65
      vertex 473.8 153.1 0
      vertex 465.8 153.1 8
    endloop
  endfacet
  facet normal 0 -1 0
    outer loop
      vertex 460.65 153.1 4.02776
      vertex 473.8 153.1 0
      vertex 461.002 153.1 4.29792
    endloop
  endfacet
  facet normal 0 -1 0
    outer loop
      vertex 460.24 153.1 3.85793
      vertex 473.8 153.1 0
      vertex 460.65 153.1 4.02776
    endloop
  endfacet
  facet normal 0 -1 0
    outer loop
      vertex 459.8 153.1 3.8
      vertex 473.8 153.1 0
      vertex 460.24 153.1 3.85793
    endloop
  endfacet
  facet normal 0 -1 0
    outer loop
      vertex 459.36 153.1 3.85793
      vertex 473.8 153.1 0
      vertex 459.8 153.1 3.8
    endloop
  endfacet
  facet normal 1 -0 0
    outer loop
      vertex 318.543 326.2 15
      vertex 318.543 331.2 3.01
      vertex 318.543 331.2 15
    endloop
  endfacet
  facet normal 1 0 0
    outer loop
      vertex 318.543 331.2 3.01
      vertex 318.543 326.2 15
      vertex 318.543 326.2 3.01
    endloop
  endfacet
  facet normal 0 -1 0
    outer loop
      vertex 314.533 326.2 8
      vertex 318.543 326.2 15
      vertex 314.533 326.2 15
    endloop
  endfacet
  facet normal 0 -1 0
    outer loop
      vertex 318.533 326.2 8
      vertex 318.543 326.2 15
      vertex 314.533 326.2 8
    endloop
  endfacet
  facet normal 0 -1 0
    outer loop
      vertex 318.543 326.2 3.01
      vertex 318.533 326.2 8
      vertex 318.533 326.2 3.01
    endloop
  endfacet
  facet normal 0 -1 0
    outer loop
      vertex 318.533 326.2 8
      vertex 318.543 326.2 3.01
      vertex 318.543 326.2 15
    endloop
  endfacet
  facet normal 0 0 -1
    outer loop
      vertex 318.533 326.2 3.01
      vertex 318.543 331.2 3.01
      vertex 318.543 326.2 3.01
    endloop
  endfacet
  facet normal -0 0 -1
    outer loop
      vertex 318.543 331.2 3.01
      vertex 318.533 326.2 3.01
      vertex 318.533 331.2 3.01
    endloop
  endfacet
  facet normal 0 1 -0
    outer loop
      vertex 318.543 334.2 3.01
      vertex 314.533 334.2 15
      vertex 318.543 334.2 15
    endloop
  endfacet
  facet normal 0 1 0
    outer loop
      vertex 314.533 334.2 15
      vertex 318.543 334.2 3.01
      vertex 314.533 334.2 3.01
    endloop
  endfacet
  facet normal 0 0 1
    outer loop
      vertex 318.533 326.2 8
      vertex 314.533 326.2 8
      vertex 318.533 157.1 8
    endloop
  endfacet
  facet normal -0 0 1
    outer loop
      vertex 318.533 157.1 8
      vertex 465.8 153.1 8
      vertex 465.8 157.1 8
    endloop
  endfacet
  facet normal 0 0 1
    outer loop
      vertex 318.533 157.1 8
      vertex 314.533 153.1 8
      vertex 465.8 153.1 8
    endloop
  endfacet
  facet normal 0 0 1
    outer loop
      vertex 314.533 153.1 8
      vertex 318.533 157.1 8
      vertex 314.533 326.2 8
    endloop
  endfacet
  facet normal 1 0 0
    outer loop
      vertex 318.533 326.2 8
      vertex 318.533 321.9 5.5
      vertex 318.533 326.2 3.01
    endloop
  endfacet
  facet normal 1 0 0
    outer loop
      vertex 318.533 326.2 8
      vertex 318.533 321.842 5.93999
      vertex 318.533 321.9 5.5
    endloop
  endfacet
  facet normal 1 0 0
    outer loop
      vertex 318.533 326.2 8
      vertex 318.533 321.672 6.35
      vertex 318.533 321.842 5.93999
    endloop
  endfacet
  facet normal 1 0 0
    outer loop
      vertex 318.533 326.2 8
      vertex 318.533 321.402 6.70208
      vertex 318.533 321.672 6.35
    endloop
  endfacet
  facet normal 1 0 0
    outer loop
      vertex 318.533 326.2 8
      vertex 318.533 321.05 6.97224
      vertex 318.533 321.402 6.70208
    endloop
  endfacet
  facet normal 1 0 0
    outer loop
      vertex 318.533 326.2 8
      vertex 318.533 320.64 7.14207
      vertex 318.533 321.05 6.97224
    endloop
  endfacet
  facet normal 1 0 0
    outer loop
      vertex 318.533 326.2 8
      vertex 318.533 320.2 7.2
      vertex 318.533 320.64 7.14207
    endloop
  endfacet
  facet normal 1 0 0
    outer loop
      vertex 318.533 281.425 7.2
      vertex 318.533 320.2 7.2
      vertex 318.533 326.2 8
    endloop
  endfacet
  facet normal 1 0 0
    outer loop
      vertex 318.533 318.558 5.93999
      vertex 318.533 283.125 5.5
      vertex 318.533 318.5 5.5
    endloop
  endfacet
  facet normal 1 0 0
    outer loop
      vertex 318.533 283.067 5.93999
      vertex 318.533 318.558 5.93999
      vertex 318.533 318.728 6.35
    endloop
  endfacet
  facet normal 1 0 0
    outer loop
      vertex 318.533 282.897 6.35
      vertex 318.533 318.728 6.35
      vertex 318.533 318.998 6.70208
    endloop
  endfacet
  facet normal 1 0 0
    outer loop
      vertex 318.533 282.627 6.70208
      vertex 318.533 318.998 6.70208
      vertex 318.533 319.35 6.97224
    endloop
  endfacet
  facet normal 1 0 0
    outer loop
      vertex 318.533 282.275 6.97224
      vertex 318.533 319.35 6.97224
      vertex 318.533 319.76 7.14207
    endloop
  endfacet
  facet normal 1 0 0
    outer loop
      vertex 318.533 320.2 7.2
      vertex 318.533 281.425 7.2
      vertex 318.533 319.76 7.14207
    endloop
  endfacet
  facet normal 1 0 0
    outer loop
      vertex 318.533 318.558 5.93999
      vertex 318.533 283.067 5.93999
      vertex 318.533 283.125 5.5
    endloop
  endfacet
  facet normal 1 0 0
    outer loop
      vertex 318.533 318.728 6.35
      vertex 318.533 282.897 6.35
      vertex 318.533 283.067 5.93999
    endloop
  endfacet
  facet normal 1 0 0
    outer loop
      vertex 318.533 318.998 6.70208
      vertex 318.533 282.627 6.70208
      vertex 318.533 282.897 6.35
    endloop
  endfacet
  facet normal 1 0 0
    outer loop
      vertex 318.533 319.35 6.97224
      vertex 318.533 282.275 6.97224
      vertex 318.533 282.627 6.70208
    endloop
  endfacet
  facet normal 1 0 0
    outer loop
      vertex 318.533 319.76 7.14207
      vertex 318.533 281.865 7.14207
      vertex 318.533 282.275 6.97224
    endloop
  endfacet
  facet normal 1 0 0
    outer loop
      vertex 318.533 319.76 7.14207
      vertex 318.533 281.425 7.2
      vertex 318.533 281.865 7.14207
    endloop
  endfacet
  facet normal 1 0 0
    outer loop
      vertex 318.533 279.783 5.93999
      vertex 318.533 244.35 5.5
      vertex 318.533 279.725 5.5
    endloop
  endfacet
  facet normal 1 0 0
    outer loop
      vertex 318.533 244.292 5.93999
      vertex 318.533 279.783 5.93999
      vertex 318.533 279.953 6.35
    endloop
  endfacet
  facet normal 1 0 0
    outer loop
      vertex 318.533 244.122 6.35
      vertex 318.533 279.953 6.35
      vertex 318.533 280.223 6.70208
    endloop
  endfacet
  facet normal 1 0 0
    outer loop
      vertex 318.533 243.852 6.70208
      vertex 318.533 280.223 6.70208
      vertex 318.533 280.575 6.97224
    endloop
  endfacet
  facet normal 1 0 0
    outer loop
      vertex 318.533 243.5 6.97224
      vertex 318.533 280.575 6.97224
      vertex 318.533 280.985 7.14207
    endloop
  endfacet
  facet normal 1 0 0
    outer loop
      vertex 318.533 243.09 7.14207
      vertex 318.533 280.985 7.14207
      vertex 318.533 281.425 7.2
    endloop
  endfacet
  facet normal 1 0 0
    outer loop
      vertex 318.533 279.783 5.93999
      vertex 318.533 244.292 5.93999
      vertex 318.533 244.35 5.5
    endloop
  endfacet
  facet normal 1 0 0
    outer loop
      vertex 318.533 279.953 6.35
      vertex 318.533 244.122 6.35
      vertex 318.533 244.292 5.93999
    endloop
  endfacet
  facet normal 1 0 0
    outer loop
      vertex 318.533 280.223 6.70208
      vertex 318.533 243.852 6.70208
      vertex 318.533 244.122 6.35
    endloop
  endfacet
  facet normal 1 0 0
    outer loop
      vertex 318.533 242.65 7.2
      vertex 318.533 281.425 7.2
      vertex 318.533 326.2 8
    endloop
  endfacet
  facet normal 1 0 0
    outer loop
      vertex 318.533 280.575 6.97224
      vertex 318.533 243.5 6.97224
      vertex 318.533 243.852 6.70208
    endloop
  endfacet
  facet normal 1 0 0
    outer loop
      vertex 318.533 280.985 7.14207
      vertex 318.533 243.09 7.14207
      vertex 318.533 243.5 6.97224
    endloop
  endfacet
  facet normal 1 0 0
    outer loop
      vertex 318.533 281.425 7.2
      vertex 318.533 242.65 7.2
      vertex 318.533 243.09 7.14207
    endloop
  endfacet
  facet normal 1 0 0
    outer loop
      vertex 318.533 241.008 5.93999
      vertex 318.533 205.575 5.5
      vertex 318.533 240.95 5.5
    endloop
  endfacet
  facet normal 1 0 0
    outer loop
      vertex 318.533 205.517 5.93999
      vertex 318.533 241.008 5.93999
      vertex 318.533 241.178 6.35
    endloop
  endfacet
  facet normal 1 0 0
    outer loop
      vertex 318.533 205.347 6.35
      vertex 318.533 241.178 6.35
      vertex 318.533 241.448 6.70208
    endloop
  endfacet
  facet normal 1 0 0
    outer loop
      vertex 318.533 205.077 6.70208
      vertex 318.533 241.448 6.70208
      vertex 318.533 241.8 6.97224
    endloop
  endfacet
  facet normal 1 0 0
    outer loop
      vertex 318.533 204.725 6.97224
      vertex 318.533 241.8 6.97224
      vertex 318.533 242.21 7.14207
    endloop
  endfacet
  facet normal 1 0 0
    outer loop
      vertex 318.533 204.315 7.14207
      vertex 318.533 242.21 7.14207
      vertex 318.533 242.65 7.2
    endloop
  endfacet
  facet normal 1 0 0
    outer loop
      vertex 318.533 241.008 5.93999
      vertex 318.533 205.517 5.93999
      vertex 318.533 205.575 5.5
    endloop
  endfacet
  facet normal 1 0 0
    outer loop
      vertex 318.533 241.178 6.35
      vertex 318.533 205.347 6.35
      vertex 318.533 205.517 5.93999
    endloop
  endfacet
  facet normal 1 0 0
    outer loop
      vertex 318.533 241.448 6.70208
      vertex 318.533 205.077 6.70208
      vertex 318.533 205.347 6.35
    endloop
  endfacet
  facet normal 1 0 0
    outer loop
      vertex 318.533 241.8 6.97224
      vertex 318.533 204.725 6.97224
      vertex 318.533 205.077 6.70208
    endloop
  endfacet
  facet normal 1 0 0
    outer loop
      vertex 318.533 203.875 7.2
      vertex 318.533 242.65 7.2
      vertex 318.533 326.2 8
    endloop
  endfacet
  facet normal 1 0 0
    outer loop
      vertex 318.533 242.21 7.14207
      vertex 318.533 204.315 7.14207
      vertex 318.533 204.725 6.97224
    endloop
  endfacet
  facet normal 1 0 0
    outer loop
      vertex 318.533 242.65 7.2
      vertex 318.533 203.875 7.2
      vertex 318.533 204.315 7.14207
    endloop
  endfacet
  facet normal 1 0 0
    outer loop
      vertex 318.533 202.233 5.93999
      vertex 318.533 166.8 5.5
      vertex 318.533 202.175 5.5
    endloop
  endfacet
  facet normal 1 0 0
    outer loop
      vertex 318.533 166.742 5.93999
      vertex 318.533 202.233 5.93999
      vertex 318.533 202.403 6.35
    endloop
  endfacet
  facet normal 1 0 0
    outer loop
      vertex 318.533 166.572 6.35
      vertex 318.533 202.403 6.35
      vertex 318.533 202.673 6.70208
    endloop
  endfacet
  facet normal 1 0 0
    outer loop
      vertex 318.533 166.302 6.70208
      vertex 318.533 202.673 6.70208
      vertex 318.533 203.025 6.97224
    endloop
  endfacet
  facet normal 1 0 0
    outer loop
      vertex 318.533 165.95 6.97224
      vertex 318.533 203.025 6.97224
      vertex 318.533 203.435 7.14207
    endloop
  endfacet
  facet normal 1 0 0
    outer loop
      vertex 318.533 165.54 7.14207
      vertex 318.533 203.435 7.14207
      vertex 318.533 203.875 7.2
    endloop
  endfacet
  facet normal 1 0 0
    outer loop
      vertex 318.533 202.233 5.93999
      vertex 318.533 166.742 5.93999
      vertex 318.533 166.8 5.5
    endloop
  endfacet
  facet normal 1 0 0
    outer loop
      vertex 318.533 202.403 6.35
      vertex 318.533 166.572 6.35
      vertex 318.533 166.742 5.93999
    endloop
  endfacet
  facet normal 1 0 0
    outer loop
      vertex 318.533 202.673 6.70208
      vertex 318.533 166.302 6.70208
      vertex 318.533 166.572 6.35
    endloop
  endfacet
  facet normal 1 0 0
    outer loop
      vertex 318.533 203.025 6.97224
      vertex 318.533 165.95 6.97224
      vertex 318.533 166.302 6.70208
    endloop
  endfacet
  facet normal 1 -0 0
    outer loop
      vertex 318.533 157.1 8
      vertex 318.533 203.875 7.2
      vertex 318.533 326.2 8
    endloop
  endfacet
  facet normal 1 0 0
    outer loop
      vertex 318.533 203.435 7.14207
      vertex 318.533 165.54 7.14207
      vertex 318.533 165.95 6.97224
    endloop
  endfacet
  facet normal 1 0 0
    outer loop
      vertex 318.533 203.875 7.2
      vertex 318.533 165.1 7.2
      vertex 318.533 165.54 7.14207
    endloop
  endfacet
  facet normal 1 0 0
    outer loop
      vertex 318.533 163.458 5.93999
      vertex 318.533 157.1 8
      vertex 318.533 163.4 5.5
    endloop
  endfacet
  facet normal 1 0 0
    outer loop
      vertex 318.533 163.628 6.35
      vertex 318.533 157.1 8
      vertex 318.533 163.458 5.93999
    endloop
  endfacet
  facet normal 1 0 0
    outer loop
      vertex 318.533 163.898 6.70208
      vertex 318.533 157.1 8
      vertex 318.533 163.628 6.35
    endloop
  endfacet
  facet normal 1 0 0
    outer loop
      vertex 318.533 164.25 6.97224
      vertex 318.533 157.1 8
      vertex 318.533 163.898 6.70208
    endloop
  endfacet
  facet normal 1 0 0
    outer loop
      vertex 318.533 164.66 7.14207
      vertex 318.533 157.1 8
      vertex 318.533 164.25 6.97224
    endloop
  endfacet
  facet normal 1 0 0
    outer loop
      vertex 318.533 165.1 7.2
      vertex 318.533 157.1 8
      vertex 318.533 164.66 7.14207
    endloop
  endfacet
  facet normal 1 0 0
    outer loop
      vertex 318.533 203.875 7.2
      vertex 318.533 157.1 8
      vertex 318.533 165.1 7.2
    endloop
  endfacet
  facet normal 1 -0 0
    outer loop
      vertex 318.533 326.2 3.01
      vertex 318.533 331.2 3
      vertex 318.533 331.2 3.01
    endloop
  endfacet
  facet normal 1 -0 0
    outer loop
      vertex 318.533 321.842 5.06001
      vertex 318.533 326.2 3.01
      vertex 318.533 321.9 5.5
    endloop
  endfacet
  facet normal 1 -0 0
    outer loop
      vertex 318.533 321.672 4.65
      vertex 318.533 326.2 3.01
      vertex 318.533 321.842 5.06001
    endloop
  endfacet
  facet normal 1 -0 0
    outer loop
      vertex 318.533 321.402 4.29792
      vertex 318.533 326.2 3.01
      vertex 318.533 321.672 4.65
    endloop
  endfacet
  facet normal 1 -0 0
    outer loop
      vertex 318.533 321.05 4.02776
      vertex 318.533 326.2 3.01
      vertex 318.533 321.402 4.29792
    endloop
  endfacet
  facet normal 1 -0 0
    outer loop
      vertex 318.533 320.64 3.85793
      vertex 318.533 326.2 3.01
      vertex 318.533 321.05 4.02776
    endloop
  endfacet
  facet normal 1 -0 0
    outer loop
      vertex 318.533 320.2 3.8
      vertex 318.533 326.2 3.01
      vertex 318.533 320.64 3.85793
    endloop
  endfacet
  facet normal 1 0 0
    outer loop
      vertex 318.533 281.425 3.8
      vertex 318.533 320.2 3.8
      vertex 318.533 319.76 3.85793
    endloop
  endfacet
  facet normal 1 -0 0
    outer loop
      vertex 318.533 283.125 5.5
      vertex 318.533 318.558 5.06001
      vertex 318.533 318.5 5.5
    endloop
  endfacet
  facet normal 1 0 0
    outer loop
      vertex 318.533 283.067 5.06001
      vertex 318.533 318.558 5.06001
      vertex 318.533 283.125 5.5
    endloop
  endfacet
  facet normal 1 0 0
    outer loop
      vertex 318.533 318.558 5.06001
      vertex 318.533 283.067 5.06001
      vertex 318.533 318.728 4.65
    endloop
  endfacet
  facet normal 1 0 0
    outer loop
      vertex 318.533 282.897 4.65
      vertex 318.533 318.728 4.65
      vertex 318.533 283.067 5.06001
    endloop
  endfacet
  facet normal 1 0 0
    outer loop
      vertex 318.533 318.728 4.65
      vertex 318.533 282.897 4.65
      vertex 318.533 318.998 4.29792
    endloop
  endfacet
  facet normal 1 0 0
    outer loop
      vertex 318.533 282.627 4.29792
      vertex 318.533 318.998 4.29792
      vertex 318.533 282.897 4.65
    endloop
  endfacet
  facet normal 1 0 0
    outer loop
      vertex 318.533 318.998 4.29792
      vertex 318.533 282.627 4.29792
      vertex 318.533 319.35 4.02776
    endloop
  endfacet
  facet normal 1 0 0
    outer loop
      vertex 318.533 282.275 4.02776
      vertex 318.533 319.35 4.02776
      vertex 318.533 282.627 4.29792
    endloop
  endfacet
  facet normal 1 0 0
    outer loop
      vertex 318.533 319.35 4.02776
      vertex 318.533 282.275 4.02776
      vertex 318.533 319.76 3.85793
    endloop
  endfacet
  facet normal 1 0 0
    outer loop
      vertex 318.533 281.865 3.85793
      vertex 318.533 319.76 3.85793
      vertex 318.533 282.275 4.02776
    endloop
  endfacet
  facet normal 1 0 0
    outer loop
      vertex 318.533 281.425 3.8
      vertex 318.533 319.76 3.85793
      vertex 318.533 281.865 3.85793
    endloop
  endfacet
  facet normal 1 0 0
    outer loop
      vertex 318.533 320.2 3.8
      vertex 318.533 281.425 3.8
      vertex 318.533 326.2 3.01
    endloop
  endfacet
  facet normal 1 -0 0
    outer loop
      vertex 318.533 244.35 5.5
      vertex 318.533 279.783 5.06001
      vertex 318.533 279.725 5.5
    endloop
  endfacet
  facet normal 1 0 0
    outer loop
      vertex 318.533 244.292 5.06001
      vertex 318.533 279.783 5.06001
      vertex 318.533 244.35 5.5
    endloop
  endfacet
  facet normal 1 0 0
    outer loop
      vertex 318.533 279.783 5.06001
      vertex 318.533 244.292 5.06001
      vertex 318.533 279.953 4.65
    endloop
  endfacet
  facet normal 1 0 0
    outer loop
      vertex 318.533 244.122 4.65
      vertex 318.533 279.953 4.65
      vertex 318.533 244.292 5.06001
    endloop
  endfacet
  facet normal 1 0 0
    outer loop
      vertex 318.533 279.953 4.65
      vertex 318.533 244.122 4.65
      vertex 318.533 280.223 4.29792
    endloop
  endfacet
  facet normal 1 0 0
    outer loop
      vertex 318.533 243.852 4.29792
      vertex 318.533 280.223 4.29792
      vertex 318.533 244.122 4.65
    endloop
  endfacet
  facet normal 1 0 0
    outer loop
      vertex 318.533 280.223 4.29792
      vertex 318.533 243.852 4.29792
      vertex 318.533 280.575 4.02776
    endloop
  endfacet
  facet normal 1 0 0
    outer loop
      vertex 318.533 243.5 4.02776
      vertex 318.533 280.575 4.02776
      vertex 318.533 243.852 4.29792
    endloop
  endfacet
  facet normal 1 0 0
    outer loop
      vertex 318.533 280.575 4.02776
      vertex 318.533 243.5 4.02776
      vertex 318.533 280.985 3.85793
    endloop
  endfacet
  facet normal 1 0 0
    outer loop
      vertex 318.533 243.09 3.85793
      vertex 318.533 280.985 3.85793
      vertex 318.533 243.5 4.02776
    endloop
  endfacet
  facet normal 1 0 0
    outer loop
      vertex 318.533 280.985 3.85793
      vertex 318.533 243.09 3.85793
      vertex 318.533 281.425 3.8
    endloop
  endfacet
  facet normal 1 0 0
    outer loop
      vertex 318.533 242.65 3.8
      vertex 318.533 281.425 3.8
      vertex 318.533 243.09 3.85793
    endloop
  endfacet
  facet normal 1 0 0
    outer loop
      vertex 318.533 281.425 3.8
      vertex 318.533 242.65 3.8
      vertex 318.533 326.2 3.01
    endloop
  endfacet
  facet normal 1 -0 0
    outer loop
      vertex 318.533 205.575 5.5
      vertex 318.533 241.008 5.06001
      vertex 318.533 240.95 5.5
    endloop
  endfacet
  facet normal 1 0 0
    outer loop
      vertex 318.533 205.517 5.06001
      vertex 318.533 241.008 5.06001
      vertex 318.533 205.575 5.5
    endloop
  endfacet
  facet normal 1 0 0
    outer loop
      vertex 318.533 241.008 5.06001
      vertex 318.533 205.517 5.06001
      vertex 318.533 241.178 4.65
    endloop
  endfacet
  facet normal 1 0 0
    outer loop
      vertex 318.533 205.347 4.65
      vertex 318.533 241.178 4.65
      vertex 318.533 205.517 5.06001
    endloop
  endfacet
  facet normal 1 0 0
    outer loop
      vertex 318.533 241.178 4.65
      vertex 318.533 205.347 4.65
      vertex 318.533 241.448 4.29792
    endloop
  endfacet
  facet normal 1 0 0
    outer loop
      vertex 318.533 205.077 4.29792
      vertex 318.533 241.448 4.29792
      vertex 318.533 205.347 4.65
    endloop
  endfacet
  facet normal 1 0 0
    outer loop
      vertex 318.533 241.448 4.29792
      vertex 318.533 205.077 4.29792
      vertex 318.533 241.8 4.02776
    endloop
  endfacet
  facet normal 1 0 0
    outer loop
      vertex 318.533 204.725 4.02776
      vertex 318.533 241.8 4.02776
      vertex 318.533 205.077 4.29792
    endloop
  endfacet
  facet normal 1 0 0
    outer loop
      vertex 318.533 241.8 4.02776
      vertex 318.533 204.725 4.02776
      vertex 318.533 242.21 3.85793
    endloop
  endfacet
  facet normal 1 0 0
    outer loop
      vertex 318.533 204.315 3.85793
      vertex 318.533 242.21 3.85793
      vertex 318.533 204.725 4.02776
    endloop
  endfacet
  facet normal 1 0 0
    outer loop
      vertex 318.533 242.21 3.85793
      vertex 318.533 204.315 3.85793
      vertex 318.533 242.65 3.8
    endloop
  endfacet
  facet normal 1 0 0
    outer loop
      vertex 318.533 203.875 3.8
      vertex 318.533 242.65 3.8
      vertex 318.533 204.315 3.85793
    endloop
  endfacet
  facet normal 1 0 0
    outer loop
      vertex 318.533 242.65 3.8
      vertex 318.533 203.875 3.8
      vertex 318.533 326.2 3.01
    endloop
  endfacet
  facet normal 1 -0 0
    outer loop
      vertex 318.533 166.8 5.5
      vertex 318.533 202.233 5.06001
      vertex 318.533 202.175 5.5
    endloop
  endfacet
  facet normal 1 0 0
    outer loop
      vertex 318.533 166.742 5.06001
      vertex 318.533 202.233 5.06001
      vertex 318.533 166.8 5.5
    endloop
  endfacet
  facet normal 1 0 0
    outer loop
      vertex 318.533 202.233 5.06001
      vertex 318.533 166.742 5.06001
      vertex 318.533 202.403 4.65
    endloop
  endfacet
  facet normal 1 0 0
    outer loop
      vertex 318.533 166.572 4.65
      vertex 318.533 202.403 4.65
      vertex 318.533 166.742 5.06001
    endloop
  endfacet
  facet normal 1 0 0
    outer loop
      vertex 318.533 202.403 4.65
      vertex 318.533 166.572 4.65
      vertex 318.533 202.673 4.29792
    endloop
  endfacet
  facet normal 1 0 0
    outer loop
      vertex 318.533 166.302 4.29792
      vertex 318.533 202.673 4.29792
      vertex 318.533 166.572 4.65
    endloop
  endfacet
  facet normal 1 0 0
    outer loop
      vertex 318.533 202.673 4.29792
      vertex 318.533 166.302 4.29792
      vertex 318.533 203.025 4.02776
    endloop
  endfacet
  facet normal 1 0 0
    outer loop
      vertex 318.533 165.95 4.02776
      vertex 318.533 203.025 4.02776
      vertex 318.533 166.302 4.29792
    endloop
  endfacet
  facet normal 1 0 0
    outer loop
      vertex 318.533 203.025 4.02776
      vertex 318.533 165.95 4.02776
      vertex 318.533 203.435 3.85793
    endloop
  endfacet
  facet normal 1 0 0
    outer loop
      vertex 318.533 165.54 3.85793
      vertex 318.533 203.435 3.85793
      vertex 318.533 165.95 4.02776
    endloop
  endfacet
  facet normal 1 0 0
    outer loop
      vertex 318.533 203.435 3.85793
      vertex 318.533 165.54 3.85793
      vertex 318.533 203.875 3.8
    endloop
  endfacet
  facet normal 1 0 0
    outer loop
      vertex 318.533 165.1 3.8
      vertex 318.533 203.875 3.8
      vertex 318.533 165.54 3.85793
    endloop
  endfacet
  facet normal 1 0 0
    outer loop
      vertex 318.533 157.1 3
      vertex 318.533 203.875 3.8
      vertex 318.533 165.1 3.8
    endloop
  endfacet
  facet normal 1 0 0
    outer loop
      vertex 318.533 157.1 3
      vertex 318.533 163.4 5.5
      vertex 318.533 157.1 8
    endloop
  endfacet
  facet normal 1 0 0
    outer loop
      vertex 318.533 163.4 5.5
      vertex 318.533 157.1 3
      vertex 318.533 163.458 5.06001
    endloop
  endfacet
  facet normal 1 0 0
    outer loop
      vertex 318.533 163.458 5.06001
      vertex 318.533 157.1 3
      vertex 318.533 163.628 4.65
    endloop
  endfacet
  facet normal 1 0 0
    outer loop
      vertex 318.533 163.628 4.65
      vertex 318.533 157.1 3
      vertex 318.533 163.898 4.29792
    endloop
  endfacet
  facet normal 1 0 0
    outer loop
      vertex 318.533 326.2 3.01
      vertex 318.533 157.1 3
      vertex 318.533 331.2 3
    endloop
  endfacet
  facet normal 1 0 0
    outer loop
      vertex 318.533 203.875 3.8
      vertex 318.533 157.1 3
      vertex 318.533 326.2 3.01
    endloop
  endfacet
  facet normal 1 0 0
    outer loop
      vertex 318.533 164.66 3.85793
      vertex 318.533 157.1 3
      vertex 318.533 165.1 3.8
    endloop
  endfacet
  facet normal 1 0 0
    outer loop
      vertex 318.533 164.25 4.02776
      vertex 318.533 157.1 3
      vertex 318.533 164.66 3.85793
    endloop
  endfacet
  facet normal 1 0 0
    outer loop
      vertex 318.533 163.898 4.29792
      vertex 318.533 157.1 3
      vertex 318.533 164.25 4.02776
    endloop
  endfacet
  facet normal 0 1 -0
    outer loop
      vertex 470.8 157.11 3.01
      vertex 465.8 157.11 15
      vertex 470.8 157.11 15
    endloop
  endfacet
  facet normal 0 1 0
    outer loop
      vertex 465.8 157.11 15
      vertex 470.8 157.11 3.01
      vertex 465.8 157.11 3.01
    endloop
  endfacet
  facet normal -1 0 0
    outer loop
      vertex 465.8 157.1 8
      vertex 465.8 157.11 3.01
      vertex 465.8 157.1 3.01
    endloop
  endfacet
  facet normal -1 0 0
    outer loop
      vertex 465.8 157.11 3.01
      vertex 465.8 157.1 8
      vertex 465.8 157.11 15
    endloop
  endfacet
  facet normal -1 0 0
    outer loop
      vertex 465.8 153.1 8
      vertex 465.8 157.11 15
      vertex 465.8 157.1 8
    endloop
  endfacet
  facet normal -1 -0 0
    outer loop
      vertex 465.8 157.11 15
      vertex 465.8 153.1 8
      vertex 465.8 153.1 15
    endloop
  endfacet
  facet normal 0 0 -1
    outer loop
      vertex 465.8 157.1 3.01
      vertex 470.8 157.11 3.01
      vertex 470.8 157.1 3.01
    endloop
  endfacet
  facet normal -0 0 -1
    outer loop
      vertex 470.8 157.11 3.01
      vertex 465.8 157.1 3.01
      vertex 465.8 157.11 3.01
    endloop
  endfacet
  facet normal 0 0 0
    outer loop
      vertex 470.8 157.11 3.01
      vertex 470.8 153.1 3.01
      vertex 470.8 157.1 3.01
    endloop
  endfacet
  facet normal 0 1 0
    outer loop
      vertex 470.8 157.1 3.01
      vertex 470.8 157.1 3
      vertex 465.8 157.1 3.01
    endloop
  endfacet
  facet normal 0 1 -0
    outer loop
      vertex 377.578 157.1 7.14207
      vertex 337.127 157.1 7.2
      vertex 378.018 157.1 7.2
    endloop
  endfacet
  facet normal 0 1 0
    outer loop
      vertex 377.578 157.1 7.14207
      vertex 337.567 157.1 7.14207
      vertex 337.127 157.1 7.2
    endloop
  endfacet
  facet normal 0 1 -0
    outer loop
      vertex 377.168 157.1 6.97224
      vertex 337.567 157.1 7.14207
      vertex 377.578 157.1 7.14207
    endloop
  endfacet
  facet normal 0 1 0
    outer loop
      vertex 377.168 157.1 6.97224
      vertex 337.977 157.1 6.97224
      vertex 337.567 157.1 7.14207
    endloop
  endfacet
  facet normal 0 1 -0
    outer loop
      vertex 376.816 157.1 6.70208
      vertex 337.977 157.1 6.97224
      vertex 377.168 157.1 6.97224
    endloop
  endfacet
  facet normal 0 1 0
    outer loop
      vertex 376.816 157.1 6.70208
      vertex 338.329 157.1 6.70208
      vertex 337.977 157.1 6.97224
    endloop
  endfacet
  facet normal 0 1 -0
    outer loop
      vertex 376.546 157.1 6.35
      vertex 338.329 157.1 6.70208
      vertex 376.816 157.1 6.70208
    endloop
  endfacet
  facet normal 0 1 0
    outer loop
      vertex 376.546 157.1 6.35
      vertex 338.6 157.1 6.35
      vertex 338.329 157.1 6.70208
    endloop
  endfacet
  facet normal 0 1 -0
    outer loop
      vertex 376.376 157.1 5.93999
      vertex 338.6 157.1 6.35
      vertex 376.546 157.1 6.35
    endloop
  endfacet
  facet normal 0 1 0
    outer loop
      vertex 376.376 157.1 5.93999
      vertex 338.769 157.1 5.93999
      vertex 338.6 157.1 6.35
    endloop
  endfacet
  facet normal 0 1 -0
    outer loop
      vertex 376.318 157.1 5.5
      vertex 338.769 157.1 5.93999
      vertex 376.376 157.1 5.93999
    endloop
  endfacet
  facet normal 0 1 0
    outer loop
      vertex 376.318 157.1 5.5
      vertex 338.827 157.1 5.5
      vertex 338.769 157.1 5.93999
    endloop
  endfacet
  facet normal 0 1 0
    outer loop
      vertex 376.376 157.1 5.06001
      vertex 338.827 157.1 5.5
      vertex 376.318 157.1 5.5
    endloop
  endfacet
  facet normal 0 1 0
    outer loop
      vertex 376.376 157.1 5.06001
      vertex 338.769 157.1 5.06001
      vertex 338.827 157.1 5.5
    endloop
  endfacet
  facet normal 0 1 0
    outer loop
      vertex 376.546 157.1 4.65
      vertex 338.769 157.1 5.06001
      vertex 376.376 157.1 5.06001
    endloop
  endfacet
  facet normal 0 1 0
    outer loop
      vertex 376.546 157.1 4.65
      vertex 338.6 157.1 4.65
      vertex 338.769 157.1 5.06001
    endloop
  endfacet
  facet normal 0 1 0
    outer loop
      vertex 376.816 157.1 4.29792
      vertex 338.6 157.1 4.65
      vertex 376.546 157.1 4.65
    endloop
  endfacet
  facet normal 0 1 0
    outer loop
      vertex 376.816 157.1 4.29792
      vertex 338.329 157.1 4.29792
      vertex 338.6 157.1 4.65
    endloop
  endfacet
  facet normal 0 1 0
    outer loop
      vertex 377.168 157.1 4.02776
      vertex 338.329 157.1 4.29792
      vertex 376.816 157.1 4.29792
    endloop
  endfacet
  facet normal 0 1 0
    outer loop
      vertex 377.168 157.1 4.02776
      vertex 337.977 157.1 4.02776
      vertex 338.329 157.1 4.29792
    endloop
  endfacet
  facet normal 0 1 0
    outer loop
      vertex 377.578 157.1 3.85793
      vertex 337.977 157.1 4.02776
      vertex 377.168 157.1 4.02776
    endloop
  endfacet
  facet normal 0 1 0
    outer loop
      vertex 377.578 157.1 3.85793
      vertex 337.567 157.1 3.85793
      vertex 337.977 157.1 4.02776
    endloop
  endfacet
  facet normal 0 1 0
    outer loop
      vertex 378.018 157.1 3.8
      vertex 337.567 157.1 3.85793
      vertex 377.578 157.1 3.85793
    endloop
  endfacet
  facet normal 0 1 0
    outer loop
      vertex 337.567 157.1 3.85793
      vertex 378.018 157.1 3.8
      vertex 337.127 157.1 3.8
    endloop
  endfacet
  facet normal 0 1 -0
    outer loop
      vertex 418.469 157.1 7.14207
      vertex 378.018 157.1 7.2
      vertex 418.909 157.1 7.2
    endloop
  endfacet
  facet normal 0 1 0
    outer loop
      vertex 418.469 157.1 7.14207
      vertex 378.458 157.1 7.14207
      vertex 378.018 157.1 7.2
    endloop
  endfacet
  facet normal 0 1 -0
    outer loop
      vertex 418.059 157.1 6.97224
      vertex 378.458 157.1 7.14207
      vertex 418.469 157.1 7.14207
    endloop
  endfacet
  facet normal 0 1 0
    outer loop
      vertex 418.059 157.1 6.97224
      vertex 378.868 157.1 6.97224
      vertex 378.458 157.1 7.14207
    endloop
  endfacet
  facet normal 0 1 -0
    outer loop
      vertex 417.707 157.1 6.70208
      vertex 378.868 157.1 6.97224
      vertex 418.059 157.1 6.97224
    endloop
  endfacet
  facet normal 0 1 0
    outer loop
      vertex 417.707 157.1 6.70208
      vertex 379.22 157.1 6.70208
      vertex 378.868 157.1 6.97224
    endloop
  endfacet
  facet normal 0 1 -0
    outer loop
      vertex 417.437 157.1 6.35
      vertex 379.22 157.1 6.70208
      vertex 417.707 157.1 6.70208
    endloop
  endfacet
  facet normal 0 1 0
    outer loop
      vertex 417.437 157.1 6.35
      vertex 379.49 157.1 6.35
      vertex 379.22 157.1 6.70208
    endloop
  endfacet
  facet normal 0 1 -0
    outer loop
      vertex 417.267 157.1 5.93999
      vertex 379.49 157.1 6.35
      vertex 417.437 157.1 6.35
    endloop
  endfacet
  facet normal 0 1 0
    outer loop
      vertex 417.267 157.1 5.93999
      vertex 379.66 157.1 5.93999
      vertex 379.49 157.1 6.35
    endloop
  endfacet
  facet normal 0 1 -0
    outer loop
      vertex 417.209 157.1 5.5
      vertex 379.66 157.1 5.93999
      vertex 417.267 157.1 5.93999
    endloop
  endfacet
  facet normal 0 1 0
    outer loop
      vertex 417.209 157.1 5.5
      vertex 379.718 157.1 5.5
      vertex 379.66 157.1 5.93999
    endloop
  endfacet
  facet normal 0 1 0
    outer loop
      vertex 417.267 157.1 5.06001
      vertex 379.718 157.1 5.5
      vertex 417.209 157.1 5.5
    endloop
  endfacet
  facet normal 0 1 0
    outer loop
      vertex 417.267 157.1 5.06001
      vertex 379.66 157.1 5.06001
      vertex 379.718 157.1 5.5
    endloop
  endfacet
  facet normal 0 1 0
    outer loop
      vertex 417.437 157.1 4.65
      vertex 379.66 157.1 5.06001
      vertex 417.267 157.1 5.06001
    endloop
  endfacet
  facet normal 0 1 0
    outer loop
      vertex 417.437 157.1 4.65
      vertex 379.49 157.1 4.65
      vertex 379.66 157.1 5.06001
    endloop
  endfacet
  facet normal 0 1 0
    outer loop
      vertex 417.707 157.1 4.29792
      vertex 379.49 157.1 4.65
      vertex 417.437 157.1 4.65
    endloop
  endfacet
  facet normal 0 1 0
    outer loop
      vertex 417.707 157.1 4.29792
      vertex 379.22 157.1 4.29792
      vertex 379.49 157.1 4.65
    endloop
  endfacet
  facet normal 0 1 0
    outer loop
      vertex 418.059 157.1 4.02776
      vertex 379.22 157.1 4.29792
      vertex 417.707 157.1 4.29792
    endloop
  endfacet
  facet normal 0 1 0
    outer loop
      vertex 418.059 157.1 4.02776
      vertex 378.868 157.1 4.02776
      vertex 379.22 157.1 4.29792
    endloop
  endfacet
  facet normal 0 1 0
    outer loop
      vertex 418.469 157.1 3.85793
      vertex 378.868 157.1 4.02776
      vertex 418.059 157.1 4.02776
    endloop
  endfacet
  facet normal 0 1 0
    outer loop
      vertex 418.469 157.1 3.85793
      vertex 378.458 157.1 3.85793
      vertex 378.868 157.1 4.02776
    endloop
  endfacet
  facet normal 0 1 0
    outer loop
      vertex 418.909 157.1 3.8
      vertex 378.458 157.1 3.85793
      vertex 418.469 157.1 3.85793
    endloop
  endfacet
  facet normal 0 1 0
    outer loop
      vertex 378.458 157.1 3.85793
      vertex 418.909 157.1 3.8
      vertex 378.018 157.1 3.8
    endloop
  endfacet
  facet normal 0 1 -0
    outer loop
      vertex 459.36 157.1 7.14207
      vertex 418.909 157.1 7.2
      vertex 459.8 157.1 7.2
    endloop
  endfacet
  facet normal 0 1 0
    outer loop
      vertex 459.36 157.1 7.14207
      vertex 419.349 157.1 7.14207
      vertex 418.909 157.1 7.2
    endloop
  endfacet
  facet normal 0 1 -0
    outer loop
      vertex 458.95 157.1 6.97224
      vertex 419.349 157.1 7.14207
      vertex 459.36 157.1 7.14207
    endloop
  endfacet
  facet normal 0 1 0
    outer loop
      vertex 458.95 157.1 6.97224
      vertex 419.759 157.1 6.97224
      vertex 419.349 157.1 7.14207
    endloop
  endfacet
  facet normal 0 1 -0
    outer loop
      vertex 458.598 157.1 6.70208
      vertex 419.759 157.1 6.97224
      vertex 458.95 157.1 6.97224
    endloop
  endfacet
  facet normal 0 1 0
    outer loop
      vertex 458.598 157.1 6.70208
      vertex 420.111 157.1 6.70208
      vertex 419.759 157.1 6.97224
    endloop
  endfacet
  facet normal 0 1 -0
    outer loop
      vertex 458.328 157.1 6.35
      vertex 420.111 157.1 6.70208
      vertex 458.598 157.1 6.70208
    endloop
  endfacet
  facet normal 0 1 0
    outer loop
      vertex 458.328 157.1 6.35
      vertex 420.381 157.1 6.35
      vertex 420.111 157.1 6.70208
    endloop
  endfacet
  facet normal 0 1 -0
    outer loop
      vertex 458.158 157.1 5.93999
      vertex 420.381 157.1 6.35
      vertex 458.328 157.1 6.35
    endloop
  endfacet
  facet normal 0 1 0
    outer loop
      vertex 458.158 157.1 5.93999
      vertex 420.551 157.1 5.93999
      vertex 420.381 157.1 6.35
    endloop
  endfacet
  facet normal 0 1 -0
    outer loop
      vertex 458.1 157.1 5.5
      vertex 420.551 157.1 5.93999
      vertex 458.158 157.1 5.93999
    endloop
  endfacet
  facet normal 0 1 0
    outer loop
      vertex 458.1 157.1 5.5
      vertex 420.609 157.1 5.5
      vertex 420.551 157.1 5.93999
    endloop
  endfacet
  facet normal 0 1 0
    outer loop
      vertex 458.158 157.1 5.06001
      vertex 420.609 157.1 5.5
      vertex 458.1 157.1 5.5
    endloop
  endfacet
  facet normal 0 1 0
    outer loop
      vertex 458.158 157.1 5.06001
      vertex 420.551 157.1 5.06001
      vertex 420.609 157.1 5.5
    endloop
  endfacet
  facet normal 0 1 0
    outer loop
      vertex 458.328 157.1 4.65
      vertex 420.551 157.1 5.06001
      vertex 458.158 157.1 5.06001
    endloop
  endfacet
  facet normal 0 1 0
    outer loop
      vertex 458.328 157.1 4.65
      vertex 420.381 157.1 4.65
      vertex 420.551 157.1 5.06001
    endloop
  endfacet
  facet normal 0 1 0
    outer loop
      vertex 458.598 157.1 4.29792
      vertex 420.381 157.1 4.65
      vertex 458.328 157.1 4.65
    endloop
  endfacet
  facet normal 0 1 0
    outer loop
      vertex 458.598 157.1 4.29792
      vertex 420.111 157.1 4.29792
      vertex 420.381 157.1 4.65
    endloop
  endfacet
  facet normal 0 1 0
    outer loop
      vertex 458.95 157.1 4.02776
      vertex 420.111 157.1 4.29792
      vertex 458.598 157.1 4.29792
    endloop
  endfacet
  facet normal 0 1 0
    outer loop
      vertex 458.95 157.1 4.02776
      vertex 419.759 157.1 4.02776
      vertex 420.111 157.1 4.29792
    endloop
  endfacet
  facet normal 0 1 0
    outer loop
      vertex 459.36 157.1 3.85793
      vertex 419.759 157.1 4.02776
      vertex 458.95 157.1 4.02776
    endloop
  endfacet
  facet normal 0 1 0
    outer loop
      vertex 459.36 157.1 3.85793
      vertex 419.349 157.1 3.85793
      vertex 419.759 157.1 4.02776
    endloop
  endfacet
  facet normal 0 1 0
    outer loop
      vertex 459.8 157.1 3.8
      vertex 419.349 157.1 3.85793
      vertex 459.36 157.1 3.85793
    endloop
  endfacet
  facet normal 0 1 0
    outer loop
      vertex 419.349 157.1 3.85793
      vertex 459.8 157.1 3.8
      vertex 418.909 157.1 3.8
    endloop
  endfacet
  facet normal 0 1 0
    outer loop
      vertex 418.909 157.1 7.2
      vertex 465.8 157.1 8
      vertex 459.8 157.1 7.2
    endloop
  endfacet
  facet normal 0 1 0
    outer loop
      vertex 465.8 157.1 8
      vertex 460.24 157.1 7.14207
      vertex 459.8 157.1 7.2
    endloop
  endfacet
  facet normal 0 1 0
    outer loop
      vertex 465.8 157.1 8
      vertex 460.65 157.1 6.97224
      vertex 460.24 157.1 7.14207
    endloop
  endfacet
  facet normal 0 1 0
    outer loop
      vertex 465.8 157.1 8
      vertex 461.002 157.1 6.70208
      vertex 460.65 157.1 6.97224
    endloop
  endfacet
  facet normal 0 1 0
    outer loop
      vertex 465.8 157.1 8
      vertex 461.272 157.1 6.35
      vertex 461.002 157.1 6.70208
    endloop
  endfacet
  facet normal 0 1 0
    outer loop
      vertex 465.8 157.1 8
      vertex 461.442 157.1 5.93999
      vertex 461.272 157.1 6.35
    endloop
  endfacet
  facet normal 0 1 0
    outer loop
      vertex 465.8 157.1 8
      vertex 461.5 157.1 5.5
      vertex 461.442 157.1 5.93999
    endloop
  endfacet
  facet normal 0 1 -0
    outer loop
      vertex 465.8 157.1 3.01
      vertex 461.5 157.1 5.5
      vertex 465.8 157.1 8
    endloop
  endfacet
  facet normal 0 1 0
    outer loop
      vertex 461.5 157.1 5.5
      vertex 465.8 157.1 3.01
      vertex 461.442 157.1 5.06001
    endloop
  endfacet
  facet normal 0 1 0
    outer loop
      vertex 461.442 157.1 5.06001
      vertex 465.8 157.1 3.01
      vertex 461.272 157.1 4.65
    endloop
  endfacet
  facet normal 0 1 0
    outer loop
      vertex 465.8 157.1 3.01
      vertex 418.909 157.1 3.8
      vertex 459.8 157.1 3.8
    endloop
  endfacet
  facet normal 0 1 0
    outer loop
      vertex 418.909 157.1 3.8
      vertex 465.8 157.1 3.01
      vertex 378.018 157.1 3.8
    endloop
  endfacet
  facet normal 0 1 0
    outer loop
      vertex 318.533 157.1 3
      vertex 378.018 157.1 3.8
      vertex 465.8 157.1 3.01
    endloop
  endfacet
  facet normal 0 1 0
    outer loop
      vertex 460.24 157.1 3.85793
      vertex 465.8 157.1 3.01
      vertex 459.8 157.1 3.8
    endloop
  endfacet
  facet normal 0 1 0
    outer loop
      vertex 460.65 157.1 4.02776
      vertex 465.8 157.1 3.01
      vertex 460.24 157.1 3.85793
    endloop
  endfacet
  facet normal 0 1 0
    outer loop
      vertex 461.002 157.1 4.29792
      vertex 465.8 157.1 3.01
      vertex 460.65 157.1 4.02776
    endloop
  endfacet
  facet normal 0 1 0
    outer loop
      vertex 461.272 157.1 4.65
      vertex 465.8 157.1 3.01
      vertex 461.002 157.1 4.29792
    endloop
  endfacet
  facet normal 0 1 0
    outer loop
      vertex 465.8 157.1 8
      vertex 418.909 157.1 7.2
      vertex 318.533 157.1 8
    endloop
  endfacet
  facet normal 0 1 -0
    outer loop
      vertex 378.018 157.1 7.2
      vertex 318.533 157.1 8
      vertex 418.909 157.1 7.2
    endloop
  endfacet
  facet normal 0 1 -0
    outer loop
      vertex 337.127 157.1 7.2
      vertex 318.533 157.1 8
      vertex 378.018 157.1 7.2
    endloop
  endfacet
  facet normal 0 1 -0
    outer loop
      vertex 336.687 157.1 7.14207
      vertex 318.533 157.1 8
      vertex 337.127 157.1 7.2
    endloop
  endfacet
  facet normal 0 1 -0
    outer loop
      vertex 336.277 157.1 6.97224
      vertex 318.533 157.1 8
      vertex 336.687 157.1 7.14207
    endloop
  endfacet
  facet normal 0 1 -0
    outer loop
      vertex 335.925 157.1 6.70208
      vertex 318.533 157.1 8
      vertex 336.277 157.1 6.97224
    endloop
  endfacet
  facet normal 0 1 -0
    outer loop
      vertex 335.655 157.1 6.35
      vertex 318.533 157.1 8
      vertex 335.925 157.1 6.70208
    endloop
  endfacet
  facet normal 0 1 -0
    outer loop
      vertex 335.485 157.1 5.93999
      vertex 318.533 157.1 8
      vertex 335.655 157.1 6.35
    endloop
  endfacet
  facet normal 0 1 -0
    outer loop
      vertex 335.427 157.1 5.5
      vertex 318.533 157.1 8
      vertex 335.485 157.1 5.93999
    endloop
  endfacet
  facet normal 0 1 0
    outer loop
      vertex 318.533 157.1 3
      vertex 335.427 157.1 5.5
      vertex 335.485 157.1 5.06001
    endloop
  endfacet
  facet normal 0 1 0
    outer loop
      vertex 318.533 157.1 3
      vertex 335.485 157.1 5.06001
      vertex 335.655 157.1 4.65
    endloop
  endfacet
  facet normal 0 1 0
    outer loop
      vertex 318.533 157.1 3
      vertex 335.655 157.1 4.65
      vertex 335.925 157.1 4.29792
    endloop
  endfacet
  facet normal 0 1 0
    outer loop
      vertex 318.533 157.1 3
      vertex 335.925 157.1 4.29792
      vertex 336.277 157.1 4.02776
    endloop
  endfacet
  facet normal 0 1 0
    outer loop
      vertex 318.533 157.1 3
      vertex 336.277 157.1 4.02776
      vertex 336.687 157.1 3.85793
    endloop
  endfacet
  facet normal 0 1 0
    outer loop
      vertex 335.427 157.1 5.5
      vertex 318.533 157.1 3
      vertex 318.533 157.1 8
    endloop
  endfacet
  facet normal 0 1 0
    outer loop
      vertex 337.127 157.1 3.8
      vertex 318.533 157.1 3
      vertex 336.687 157.1 3.85793
    endloop
  endfacet
  facet normal 0 1 0
    outer loop
      vertex 378.018 157.1 3.8
      vertex 318.533 157.1 3
      vertex 337.127 157.1 3.8
    endloop
  endfacet
  facet normal 0 1 0
    outer loop
      vertex 318.533 157.1 3
      vertex 465.8 157.1 3.01
      vertex 470.8 157.1 3
    endloop
  endfacet
  facet normal 1 -0 0
    outer loop
      vertex 470.8 153.1 3.01
      vertex 470.8 157.1 3
      vertex 470.8 157.1 3.01
    endloop
  endfacet
  facet normal 1 0 0
    outer loop
      vertex 470.8 157.1 3
      vertex 470.8 153.1 3.01
      vertex 470.8 153.1 3
    endloop
  endfacet
  facet normal 0 -0.130533 -0.991444
    outer loop
      vertex 314.533 165.1 7.2
      vertex 318.533 165.54 7.14207
      vertex 318.533 165.1 7.2
    endloop
  endfacet
  facet normal -0 -0.130533 -0.991444
    outer loop
      vertex 318.533 165.54 7.14207
      vertex 314.533 165.1 7.2
      vertex 314.533 165.54 7.14207
    endloop
  endfacet
  facet normal -0 0.130533 0.991444
    outer loop
      vertex 314.533 165.1 3.8
      vertex 318.533 164.66 3.85793
      vertex 318.533 165.1 3.8
    endloop
  endfacet
  facet normal 0 0.130533 0.991444
    outer loop
      vertex 318.533 164.66 3.85793
      vertex 314.533 165.1 3.8
      vertex 314.533 164.66 3.85793
    endloop
  endfacet
  facet normal 0 -0.991423 0.130691
    outer loop
      vertex 314.533 166.742 5.06001
      vertex 318.533 166.8 5.5
      vertex 314.533 166.8 5.5
    endloop
  endfacet
  facet normal 0 -0.991423 0.130691
    outer loop
      vertex 318.533 166.8 5.5
      vertex 314.533 166.742 5.06001
      vertex 318.533 166.742 5.06001
    endloop
  endfacet
  facet normal 0 -0.923745 0.383007
    outer loop
      vertex 314.533 166.572 4.65
      vertex 318.533 166.742 5.06001
      vertex 314.533 166.742 5.06001
    endloop
  endfacet
  facet normal 0 -0.923745 0.383007
    outer loop
      vertex 318.533 166.742 5.06001
      vertex 314.533 166.572 4.65
      vertex 318.533 166.572 4.65
    endloop
  endfacet
  facet normal 0 -0.923745 -0.383007
    outer loop
      vertex 314.533 166.742 5.93999
      vertex 318.533 166.572 6.35
      vertex 314.533 166.572 6.35
    endloop
  endfacet
  facet normal 0 -0.923745 -0.383007
    outer loop
      vertex 318.533 166.572 6.35
      vertex 314.533 166.742 5.93999
      vertex 318.533 166.742 5.93999
    endloop
  endfacet
  facet normal 0 -0.382688 -0.923878
    outer loop
      vertex 314.533 165.54 7.14207
      vertex 318.533 165.95 6.97224
      vertex 318.533 165.54 7.14207
    endloop
  endfacet
  facet normal -0 -0.382688 -0.923878
    outer loop
      vertex 318.533 165.95 6.97224
      vertex 314.533 165.54 7.14207
      vertex 314.533 165.95 6.97224
    endloop
  endfacet
  facet normal 0 -0.793528 -0.608534
    outer loop
      vertex 314.533 166.572 6.35
      vertex 318.533 166.302 6.70208
      vertex 314.533 166.302 6.70208
    endloop
  endfacet
  facet normal 0 -0.793528 -0.608534
    outer loop
      vertex 318.533 166.302 6.70208
      vertex 314.533 166.572 6.35
      vertex 318.533 166.572 6.35
    endloop
  endfacet
  facet normal 0 -0.793528 0.608534
    outer loop
      vertex 314.533 166.302 4.29792
      vertex 318.533 166.572 4.65
      vertex 314.533 166.572 4.65
    endloop
  endfacet
  facet normal 0 -0.793528 0.608534
    outer loop
      vertex 318.533 166.572 4.65
      vertex 314.533 166.302 4.29792
      vertex 318.533 166.302 4.29792
    endloop
  endfacet
  facet normal 0 -0.382688 0.923878
    outer loop
      vertex 314.533 165.95 4.02776
      vertex 318.533 165.54 3.85793
      vertex 318.533 165.95 4.02776
    endloop
  endfacet
  facet normal 0 -0.382688 0.923878
    outer loop
      vertex 318.533 165.54 3.85793
      vertex 314.533 165.95 4.02776
      vertex 314.533 165.54 3.85793
    endloop
  endfacet
  facet normal 0 -0.608848 0.793287
    outer loop
      vertex 314.533 166.302 4.29792
      vertex 318.533 165.95 4.02776
      vertex 318.533 166.302 4.29792
    endloop
  endfacet
  facet normal 0 -0.608848 0.793287
    outer loop
      vertex 318.533 165.95 4.02776
      vertex 314.533 166.302 4.29792
      vertex 314.533 165.95 4.02776
    endloop
  endfacet
  facet normal 0 -0.608848 -0.793287
    outer loop
      vertex 314.533 165.95 6.97224
      vertex 318.533 166.302 6.70208
      vertex 318.533 165.95 6.97224
    endloop
  endfacet
  facet normal -0 -0.608848 -0.793287
    outer loop
      vertex 318.533 166.302 6.70208
      vertex 314.533 165.95 6.97224
      vertex 314.533 166.302 6.70208
    endloop
  endfacet
  facet normal 0 -0.991423 -0.130691
    outer loop
      vertex 314.533 166.8 5.5
      vertex 318.533 166.742 5.93999
      vertex 314.533 166.742 5.93999
    endloop
  endfacet
  facet normal 0 -0.991423 -0.130691
    outer loop
      vertex 318.533 166.742 5.93999
      vertex 314.533 166.8 5.5
      vertex 318.533 166.8 5.5
    endloop
  endfacet
  facet normal 0 -0.130533 0.991444
    outer loop
      vertex 314.533 165.54 3.85793
      vertex 318.533 165.1 3.8
      vertex 318.533 165.54 3.85793
    endloop
  endfacet
  facet normal 0 -0.130533 0.991444
    outer loop
      vertex 318.533 165.1 3.8
      vertex 314.533 165.54 3.85793
      vertex 314.533 165.1 3.8
    endloop
  endfacet
  facet normal 0 0.130533 -0.991444
    outer loop
      vertex 314.533 164.66 7.14207
      vertex 318.533 165.1 7.2
      vertex 318.533 164.66 7.14207
    endloop
  endfacet
  facet normal 0 0.130533 -0.991444
    outer loop
      vertex 318.533 165.1 7.2
      vertex 314.533 164.66 7.14207
      vertex 314.533 165.1 7.2
    endloop
  endfacet
  facet normal -0 0.608848 0.793287
    outer loop
      vertex 314.533 164.25 4.02776
      vertex 318.533 163.898 4.29792
      vertex 318.533 164.25 4.02776
    endloop
  endfacet
  facet normal 0 0.608848 0.793287
    outer loop
      vertex 318.533 163.898 4.29792
      vertex 314.533 164.25 4.02776
      vertex 314.533 163.898 4.29792
    endloop
  endfacet
  facet normal 0 0.991423 0.130691
    outer loop
      vertex 318.533 163.458 5.06001
      vertex 314.533 163.4 5.5
      vertex 318.533 163.4 5.5
    endloop
  endfacet
  facet normal 0 0.991423 0.130691
    outer loop
      vertex 314.533 163.4 5.5
      vertex 318.533 163.458 5.06001
      vertex 314.533 163.458 5.06001
    endloop
  endfacet
  facet normal 0 0.991423 -0.130691
    outer loop
      vertex 318.533 163.4 5.5
      vertex 314.533 163.458 5.93999
      vertex 318.533 163.458 5.93999
    endloop
  endfacet
  facet normal 0 0.991423 -0.130691
    outer loop
      vertex 314.533 163.458 5.93999
      vertex 318.533 163.4 5.5
      vertex 314.533 163.4 5.5
    endloop
  endfacet
  facet normal 0 0.608848 -0.793287
    outer loop
      vertex 314.533 163.898 6.70208
      vertex 318.533 164.25 6.97224
      vertex 318.533 163.898 6.70208
    endloop
  endfacet
  facet normal 0 0.608848 -0.793287
    outer loop
      vertex 318.533 164.25 6.97224
      vertex 314.533 163.898 6.70208
      vertex 314.533 164.25 6.97224
    endloop
  endfacet
  facet normal -0 0.382688 0.923878
    outer loop
      vertex 314.533 164.66 3.85793
      vertex 318.533 164.25 4.02776
      vertex 318.533 164.66 3.85793
    endloop
  endfacet
  facet normal 0 0.382688 0.923878
    outer loop
      vertex 318.533 164.25 4.02776
      vertex 314.533 164.66 3.85793
      vertex 314.533 164.25 4.02776
    endloop
  endfacet
  facet normal 0 0.923745 0.383007
    outer loop
      vertex 318.533 163.628 4.65
      vertex 314.533 163.458 5.06001
      vertex 318.533 163.458 5.06001
    endloop
  endfacet
  facet normal 0 0.923745 0.383007
    outer loop
      vertex 314.533 163.458 5.06001
      vertex 318.533 163.628 4.65
      vertex 314.533 163.628 4.65
    endloop
  endfacet
  facet normal 0 0.793528 0.608534
    outer loop
      vertex 318.533 163.898 4.29792
      vertex 314.533 163.628 4.65
      vertex 318.533 163.628 4.65
    endloop
  endfacet
  facet normal 0 0.793528 0.608534
    outer loop
      vertex 314.533 163.628 4.65
      vertex 318.533 163.898 4.29792
      vertex 314.533 163.898 4.29792
    endloop
  endfacet
  facet normal 0 0.923745 -0.383007
    outer loop
      vertex 318.533 163.458 5.93999
      vertex 314.533 163.628 6.35
      vertex 318.533 163.628 6.35
    endloop
  endfacet
  facet normal 0 0.923745 -0.383007
    outer loop
      vertex 314.533 163.628 6.35
      vertex 318.533 163.458 5.93999
      vertex 314.533 163.458 5.93999
    endloop
  endfacet
  facet normal 0 0.382688 -0.923878
    outer loop
      vertex 314.533 164.25 6.97224
      vertex 318.533 164.66 7.14207
      vertex 318.533 164.25 6.97224
    endloop
  endfacet
  facet normal 0 0.382688 -0.923878
    outer loop
      vertex 318.533 164.66 7.14207
      vertex 314.533 164.25 6.97224
      vertex 314.533 164.66 7.14207
    endloop
  endfacet
  facet normal 0 0.793528 -0.608534
    outer loop
      vertex 318.533 163.628 6.35
      vertex 314.533 163.898 6.70208
      vertex 318.533 163.898 6.70208
    endloop
  endfacet
  facet normal 0 0.793528 -0.608534
    outer loop
      vertex 314.533 163.898 6.70208
      vertex 318.533 163.628 6.35
      vertex 314.533 163.628 6.35
    endloop
  endfacet
  facet normal 0 -0.923745 0.383007
    outer loop
      vertex 314.533 205.347 4.65
      vertex 318.533 205.517 5.06001
      vertex 314.533 205.517 5.06001
    endloop
  endfacet
  facet normal 0 -0.923745 0.383007
    outer loop
      vertex 318.533 205.517 5.06001
      vertex 314.533 205.347 4.65
      vertex 318.533 205.347 4.65
    endloop
  endfacet
  facet normal 0 -0.130533 -0.991444
    outer loop
      vertex 314.533 203.875 7.2
      vertex 318.533 204.315 7.14207
      vertex 318.533 203.875 7.2
    endloop
  endfacet
  facet normal -0 -0.130533 -0.991444
    outer loop
      vertex 318.533 204.315 7.14207
      vertex 314.533 203.875 7.2
      vertex 314.533 204.315 7.14207
    endloop
  endfacet
  facet normal -0 0.130533 0.991444
    outer loop
      vertex 314.533 203.875 3.8
      vertex 318.533 203.435 3.85793
      vertex 318.533 203.875 3.8
    endloop
  endfacet
  facet normal 0 0.130533 0.991444
    outer loop
      vertex 318.533 203.435 3.85793
      vertex 314.533 203.875 3.8
      vertex 314.533 203.435 3.85793
    endloop
  endfacet
  facet normal 0 0.991423 -0.130691
    outer loop
      vertex 318.533 202.175 5.5
      vertex 314.533 202.233 5.93999
      vertex 318.533 202.233 5.93999
    endloop
  endfacet
  facet normal 0 0.991423 -0.130691
    outer loop
      vertex 314.533 202.233 5.93999
      vertex 318.533 202.175 5.5
      vertex 314.533 202.175 5.5
    endloop
  endfacet
  facet normal 0 -0.793528 -0.608534
    outer loop
      vertex 314.533 205.347 6.35
      vertex 318.533 205.077 6.70208
      vertex 314.533 205.077 6.70208
    endloop
  endfacet
  facet normal 0 -0.793528 -0.608534
    outer loop
      vertex 318.533 205.077 6.70208
      vertex 314.533 205.347 6.35
      vertex 318.533 205.347 6.35
    endloop
  endfacet
  facet normal 0 -0.608848 -0.793287
    outer loop
      vertex 314.533 204.725 6.97224
      vertex 318.533 205.077 6.70208
      vertex 318.533 204.725 6.97224
    endloop
  endfacet
  facet normal -0 -0.608848 -0.793287
    outer loop
      vertex 318.533 205.077 6.70208
      vertex 314.533 204.725 6.97224
      vertex 314.533 205.077 6.70208
    endloop
  endfacet
  facet normal -0 0.608848 0.793287
    outer loop
      vertex 314.533 203.025 4.02776
      vertex 318.533 202.673 4.29792
      vertex 318.533 203.025 4.02776
    endloop
  endfacet
  facet normal 0 0.608848 0.793287
    outer loop
      vertex 318.533 202.673 4.29792
      vertex 314.533 203.025 4.02776
      vertex 314.533 202.673 4.29792
    endloop
  endfacet
  facet normal -0 0.382688 0.923878
    outer loop
      vertex 314.533 203.435 3.85793
      vertex 318.533 203.025 4.02776
      vertex 318.533 203.435 3.85793
    endloop
  endfacet
  facet normal 0 0.382688 0.923878
    outer loop
      vertex 318.533 203.025 4.02776
      vertex 314.533 203.435 3.85793
      vertex 314.533 203.025 4.02776
    endloop
  endfacet
  facet normal 0 0.608848 -0.793287
    outer loop
      vertex 314.533 202.673 6.70208
      vertex 318.533 203.025 6.97224
      vertex 318.533 202.673 6.70208
    endloop
  endfacet
  facet normal 0 0.608848 -0.793287
    outer loop
      vertex 318.533 203.025 6.97224
      vertex 314.533 202.673 6.70208
      vertex 314.533 203.025 6.97224
    endloop
  endfacet
  facet normal 0 0.793528 -0.608534
    outer loop
      vertex 318.533 202.403 6.35
      vertex 314.533 202.673 6.70208
      vertex 318.533 202.673 6.70208
    endloop
  endfacet
  facet normal 0 0.793528 -0.608534
    outer loop
      vertex 314.533 202.673 6.70208
      vertex 318.533 202.403 6.35
      vertex 314.533 202.403 6.35
    endloop
  endfacet
  facet normal 0 -0.608848 0.793287
    outer loop
      vertex 314.533 205.077 4.29792
      vertex 318.533 204.725 4.02776
      vertex 318.533 205.077 4.29792
    endloop
  endfacet
  facet normal 0 -0.608848 0.793287
    outer loop
      vertex 318.533 204.725 4.02776
      vertex 314.533 205.077 4.29792
      vertex 314.533 204.725 4.02776
    endloop
  endfacet
  facet normal 0 -0.382688 0.923878
    outer loop
      vertex 314.533 204.725 4.02776
      vertex 318.533 204.315 3.85793
      vertex 318.533 204.725 4.02776
    endloop
  endfacet
  facet normal 0 -0.382688 0.923878
    outer loop
      vertex 318.533 204.315 3.85793
      vertex 314.533 204.725 4.02776
      vertex 314.533 204.315 3.85793
    endloop
  endfacet
  facet normal 0 -0.793528 0.608534
    outer loop
      vertex 314.533 205.077 4.29792
      vertex 318.533 205.347 4.65
      vertex 314.533 205.347 4.65
    endloop
  endfacet
  facet normal 0 -0.793528 0.608534
    outer loop
      vertex 318.533 205.347 4.65
      vertex 314.533 205.077 4.29792
      vertex 318.533 205.077 4.29792
    endloop
  endfacet
  facet normal 0 -0.991423 -0.130691
    outer loop
      vertex 314.533 205.575 5.5
      vertex 318.533 205.517 5.93999
      vertex 314.533 205.517 5.93999
    endloop
  endfacet
  facet normal 0 -0.991423 -0.130691
    outer loop
      vertex 318.533 205.517 5.93999
      vertex 314.533 205.575 5.5
      vertex 318.533 205.575 5.5
    endloop
  endfacet
  facet normal 0 -0.991423 0.130691
    outer loop
      vertex 314.533 205.517 5.06001
      vertex 318.533 205.575 5.5
      vertex 314.533 205.575 5.5
    endloop
  endfacet
  facet normal 0 -0.991423 0.130691
    outer loop
      vertex 318.533 205.575 5.5
      vertex 314.533 205.517 5.06001
      vertex 318.533 205.517 5.06001
    endloop
  endfacet
  facet normal 0 0.130533 -0.991444
    outer loop
      vertex 314.533 203.435 7.14207
      vertex 318.533 203.875 7.2
      vertex 318.533 203.435 7.14207
    endloop
  endfacet
  facet normal 0 0.130533 -0.991444
    outer loop
      vertex 318.533 203.875 7.2
      vertex 314.533 203.435 7.14207
      vertex 314.533 203.875 7.2
    endloop
  endfacet
  facet normal 0 -0.382688 -0.923878
    outer loop
      vertex 314.533 204.315 7.14207
      vertex 318.533 204.725 6.97224
      vertex 318.533 204.315 7.14207
    endloop
  endfacet
  facet normal -0 -0.382688 -0.923878
    outer loop
      vertex 318.533 204.725 6.97224
      vertex 314.533 204.315 7.14207
      vertex 314.533 204.725 6.97224
    endloop
  endfacet
  facet normal 0 -0.923745 -0.383007
    outer loop
      vertex 314.533 205.517 5.93999
      vertex 318.533 205.347 6.35
      vertex 314.533 205.347 6.35
    endloop
  endfacet
  facet normal 0 -0.923745 -0.383007
    outer loop
      vertex 318.533 205.347 6.35
      vertex 314.533 205.517 5.93999
      vertex 318.533 205.517 5.93999
    endloop
  endfacet
  facet normal 0 -0.130533 0.991444
    outer loop
      vertex 314.533 204.315 3.85793
      vertex 318.533 203.875 3.8
      vertex 318.533 204.315 3.85793
    endloop
  endfacet
  facet normal 0 -0.130533 0.991444
    outer loop
      vertex 318.533 203.875 3.8
      vertex 314.533 204.315 3.85793
      vertex 314.533 203.875 3.8
    endloop
  endfacet
  facet normal 0 0.923745 0.383007
    outer loop
      vertex 318.533 202.403 4.65
      vertex 314.533 202.233 5.06001
      vertex 318.533 202.233 5.06001
    endloop
  endfacet
  facet normal 0 0.923745 0.383007
    outer loop
      vertex 314.533 202.233 5.06001
      vertex 318.533 202.403 4.65
      vertex 314.533 202.403 4.65
    endloop
  endfacet
  facet normal 0 0.793528 0.608534
    outer loop
      vertex 318.533 202.673 4.29792
      vertex 314.533 202.403 4.65
      vertex 318.533 202.403 4.65
    endloop
  endfacet
  facet normal 0 0.793528 0.608534
    outer loop
      vertex 314.533 202.403 4.65
      vertex 318.533 202.673 4.29792
      vertex 314.533 202.673 4.29792
    endloop
  endfacet
  facet normal 0 0.991423 0.130691
    outer loop
      vertex 318.533 202.233 5.06001
      vertex 314.533 202.175 5.5
      vertex 318.533 202.175 5.5
    endloop
  endfacet
  facet normal 0 0.991423 0.130691
    outer loop
      vertex 314.533 202.175 5.5
      vertex 318.533 202.233 5.06001
      vertex 314.533 202.233 5.06001
    endloop
  endfacet
  facet normal 0 0.923745 -0.383007
    outer loop
      vertex 318.533 202.233 5.93999
      vertex 314.533 202.403 6.35
      vertex 318.533 202.403 6.35
    endloop
  endfacet
  facet normal 0 0.923745 -0.383007
    outer loop
      vertex 314.533 202.403 6.35
      vertex 318.533 202.233 5.93999
      vertex 314.533 202.233 5.93999
    endloop
  endfacet
  facet normal 0 0.382688 -0.923878
    outer loop
      vertex 314.533 203.025 6.97224
      vertex 318.533 203.435 7.14207
      vertex 318.533 203.025 6.97224
    endloop
  endfacet
  facet normal 0 0.382688 -0.923878
    outer loop
      vertex 318.533 203.435 7.14207
      vertex 314.533 203.025 6.97224
      vertex 314.533 203.435 7.14207
    endloop
  endfacet
  facet normal 0 -0.130533 0.991444
    outer loop
      vertex 314.533 243.09 3.85793
      vertex 318.533 242.65 3.8
      vertex 318.533 243.09 3.85793
    endloop
  endfacet
  facet normal 0 -0.130533 0.991444
    outer loop
      vertex 318.533 242.65 3.8
      vertex 314.533 243.09 3.85793
      vertex 314.533 242.65 3.8
    endloop
  endfacet
  facet normal 0 0.130533 -0.991444
    outer loop
      vertex 314.533 242.21 7.14207
      vertex 318.533 242.65 7.2
      vertex 318.533 242.21 7.14207
    endloop
  endfacet
  facet normal 0 0.130533 -0.991444
    outer loop
      vertex 318.533 242.65 7.2
      vertex 314.533 242.21 7.14207
      vertex 314.533 242.65 7.2
    endloop
  endfacet
  facet normal 0 -0.991423 -0.130691
    outer loop
      vertex 314.533 244.35 5.5
      vertex 318.533 244.292 5.93999
      vertex 314.533 244.292 5.93999
    endloop
  endfacet
  facet normal 0 -0.991423 -0.130691
    outer loop
      vertex 318.533 244.292 5.93999
      vertex 314.533 244.35 5.5
      vertex 318.533 244.35 5.5
    endloop
  endfacet
  facet normal 0 0.991423 0.130691
    outer loop
      vertex 318.533 241.008 5.06001
      vertex 314.533 240.95 5.5
      vertex 318.533 240.95 5.5
    endloop
  endfacet
  facet normal 0 0.991423 0.130691
    outer loop
      vertex 314.533 240.95 5.5
      vertex 318.533 241.008 5.06001
      vertex 314.533 241.008 5.06001
    endloop
  endfacet
  facet normal 0 0.793528 -0.608534
    outer loop
      vertex 318.533 241.178 6.35
      vertex 314.533 241.448 6.70208
      vertex 318.533 241.448 6.70208
    endloop
  endfacet
  facet normal 0 0.793528 -0.608534
    outer loop
      vertex 314.533 241.448 6.70208
      vertex 318.533 241.178 6.35
      vertex 314.533 241.178 6.35
    endloop
  endfacet
  facet normal 0 -0.608848 -0.793287
    outer loop
      vertex 314.533 243.5 6.97224
      vertex 318.533 243.852 6.70208
      vertex 318.533 243.5 6.97224
    endloop
  endfacet
  facet normal -0 -0.608848 -0.793287
    outer loop
      vertex 318.533 243.852 6.70208
      vertex 314.533 243.5 6.97224
      vertex 314.533 243.852 6.70208
    endloop
  endfacet
  facet normal 0 -0.382688 -0.923878
    outer loop
      vertex 314.533 243.09 7.14207
      vertex 318.533 243.5 6.97224
      vertex 318.533 243.09 7.14207
    endloop
  endfacet
  facet normal -0 -0.382688 -0.923878
    outer loop
      vertex 318.533 243.5 6.97224
      vertex 314.533 243.09 7.14207
      vertex 314.533 243.5 6.97224
    endloop
  endfacet
  facet normal 0 -0.793528 -0.608534
    outer loop
      vertex 314.533 244.122 6.35
      vertex 318.533 243.852 6.70208
      vertex 314.533 243.852 6.70208
    endloop
  endfacet
  facet normal 0 -0.793528 -0.608534
    outer loop
      vertex 318.533 243.852 6.70208
      vertex 314.533 244.122 6.35
      vertex 318.533 244.122 6.35
    endloop
  endfacet
  facet normal -0 0.608848 0.793287
    outer loop
      vertex 314.533 241.8 4.02776
      vertex 318.533 241.448 4.29792
      vertex 318.533 241.8 4.02776
    endloop
  endfacet
  facet normal 0 0.608848 0.793287
    outer loop
      vertex 318.533 241.448 4.29792
      vertex 314.533 241.8 4.02776
      vertex 314.533 241.448 4.29792
    endloop
  endfacet
  facet normal 0 0.923745 0.383007
    outer loop
      vertex 318.533 241.178 4.65
      vertex 314.533 241.008 5.06001
      vertex 318.533 241.008 5.06001
    endloop
  endfacet
  facet normal 0 0.923745 0.383007
    outer loop
      vertex 314.533 241.008 5.06001
      vertex 318.533 241.178 4.65
      vertex 314.533 241.178 4.65
    endloop
  endfacet
  facet normal -0 0.382688 0.923878
    outer loop
      vertex 314.533 242.21 3.85793
      vertex 318.533 241.8 4.02776
      vertex 318.533 242.21 3.85793
    endloop
  endfacet
  facet normal 0 0.382688 0.923878
    outer loop
      vertex 318.533 241.8 4.02776
      vertex 314.533 242.21 3.85793
      vertex 314.533 241.8 4.02776
    endloop
  endfacet
  facet normal 0 0.608848 -0.793287
    outer loop
      vertex 314.533 241.448 6.70208
      vertex 318.533 241.8 6.97224
      vertex 318.533 241.448 6.70208
    endloop
  endfacet
  facet normal 0 0.608848 -0.793287
    outer loop
      vertex 318.533 241.8 6.97224
      vertex 314.533 241.448 6.70208
      vertex 314.533 241.8 6.97224
    endloop
  endfacet
  facet normal 0 -0.382688 0.923878
    outer loop
      vertex 314.533 243.5 4.02776
      vertex 318.533 243.09 3.85793
      vertex 318.533 243.5 4.02776
    endloop
  endfacet
  facet normal 0 -0.382688 0.923878
    outer loop
      vertex 318.533 243.09 3.85793
      vertex 314.533 243.5 4.02776
      vertex 314.533 243.09 3.85793
    endloop
  endfacet
  facet normal 0 -0.793528 0.608534
    outer loop
      vertex 314.533 243.852 4.29792
      vertex 318.533 244.122 4.65
      vertex 314.533 244.122 4.65
    endloop
  endfacet
  facet normal 0 -0.793528 0.608534
    outer loop
      vertex 318.533 244.122 4.65
      vertex 314.533 243.852 4.29792
      vertex 318.533 243.852 4.29792
    endloop
  endfacet
  facet normal 0 -0.923745 0.383007
    outer loop
      vertex 314.533 244.122 4.65
      vertex 318.533 244.292 5.06001
      vertex 314.533 244.292 5.06001
    endloop
  endfacet
  facet normal 0 -0.923745 0.383007
    outer loop
      vertex 318.533 244.292 5.06001
      vertex 314.533 244.122 4.65
      vertex 318.533 244.122 4.65
    endloop
  endfacet
  facet normal 0 -0.130533 -0.991444
    outer loop
      vertex 314.533 242.65 7.2
      vertex 318.533 243.09 7.14207
      vertex 318.533 242.65 7.2
    endloop
  endfacet
  facet normal -0 -0.130533 -0.991444
    outer loop
      vertex 318.533 243.09 7.14207
      vertex 314.533 242.65 7.2
      vertex 314.533 243.09 7.14207
    endloop
  endfacet
  facet normal 0 -0.923745 -0.383007
    outer loop
      vertex 314.533 244.292 5.93999
      vertex 318.533 244.122 6.35
      vertex 314.533 244.122 6.35
    endloop
  endfacet
  facet normal 0 -0.923745 -0.383007
    outer loop
      vertex 318.533 244.122 6.35
      vertex 314.533 244.292 5.93999
      vertex 318.533 244.292 5.93999
    endloop
  endfacet
  facet normal -0 0.130533 0.991444
    outer loop
      vertex 314.533 242.65 3.8
      vertex 318.533 242.21 3.85793
      vertex 318.533 242.65 3.8
    endloop
  endfacet
  facet normal 0 0.130533 0.991444
    outer loop
      vertex 318.533 242.21 3.85793
      vertex 314.533 242.65 3.8
      vertex 314.533 242.21 3.85793
    endloop
  endfacet
  facet normal 0 0.793528 0.608534
    outer loop
      vertex 318.533 241.448 4.29792
      vertex 314.533 241.178 4.65
      vertex 318.533 241.178 4.65
    endloop
  endfacet
  facet normal 0 0.793528 0.608534
    outer loop
      vertex 314.533 241.178 4.65
      vertex 318.533 241.448 4.29792
      vertex 314.533 241.448 4.29792
    endloop
  endfacet
  facet normal 0 0.923745 -0.383007
    outer loop
      vertex 318.533 241.008 5.93999
      vertex 314.533 241.178 6.35
      vertex 318.533 241.178 6.35
    endloop
  endfacet
  facet normal 0 0.923745 -0.383007
    outer loop
      vertex 314.533 241.178 6.35
      vertex 318.533 241.008 5.93999
      vertex 314.533 241.008 5.93999
    endloop
  endfacet
  facet normal 0 0.991423 -0.130691
    outer loop
      vertex 318.533 240.95 5.5
      vertex 314.533 241.008 5.93999
      vertex 318.533 241.008 5.93999
    endloop
  endfacet
  facet normal 0 0.991423 -0.130691
    outer loop
      vertex 314.533 241.008 5.93999
      vertex 318.533 240.95 5.5
      vertex 314.533 240.95 5.5
    endloop
  endfacet
  facet normal 0 0.382688 -0.923878
    outer loop
      vertex 314.533 241.8 6.97224
      vertex 318.533 242.21 7.14207
      vertex 318.533 241.8 6.97224
    endloop
  endfacet
  facet normal 0 0.382688 -0.923878
    outer loop
      vertex 318.533 242.21 7.14207
      vertex 314.533 241.8 6.97224
      vertex 314.533 242.21 7.14207
    endloop
  endfacet
  facet normal 0 -0.608848 0.793287
    outer loop
      vertex 314.533 243.852 4.29792
      vertex 318.533 243.5 4.02776
      vertex 318.533 243.852 4.29792
    endloop
  endfacet
  facet normal 0 -0.608848 0.793287
    outer loop
      vertex 318.533 243.5 4.02776
      vertex 314.533 243.852 4.29792
      vertex 314.533 243.5 4.02776
    endloop
  endfacet
  facet normal 0 -0.991423 0.130691
    outer loop
      vertex 314.533 244.292 5.06001
      vertex 318.533 244.35 5.5
      vertex 314.533 244.35 5.5
    endloop
  endfacet
  facet normal 0 -0.991423 0.130691
    outer loop
      vertex 318.533 244.35 5.5
      vertex 314.533 244.292 5.06001
      vertex 318.533 244.292 5.06001
    endloop
  endfacet
  facet normal 0 -0.130533 0.991444
    outer loop
      vertex 314.533 281.865 3.85793
      vertex 318.533 281.425 3.8
      vertex 318.533 281.865 3.85793
    endloop
  endfacet
  facet normal 0 -0.130533 0.991444
    outer loop
      vertex 318.533 281.425 3.8
      vertex 314.533 281.865 3.85793
      vertex 314.533 281.425 3.8
    endloop
  endfacet
  facet normal 0 -0.130533 -0.991444
    outer loop
      vertex 314.533 281.425 7.2
      vertex 318.533 281.865 7.14207
      vertex 318.533 281.425 7.2
    endloop
  endfacet
  facet normal -0 -0.130533 -0.991444
    outer loop
      vertex 318.533 281.865 7.14207
      vertex 314.533 281.425 7.2
      vertex 314.533 281.865 7.14207
    endloop
  endfacet
  facet normal 0 0.991423 0.130691
    outer loop
      vertex 318.533 279.783 5.06001
      vertex 314.533 279.725 5.5
      vertex 318.533 279.725 5.5
    endloop
  endfacet
  facet normal 0 0.991423 0.130691
    outer loop
      vertex 314.533 279.725 5.5
      vertex 318.533 279.783 5.06001
      vertex 314.533 279.783 5.06001
    endloop
  endfacet
  facet normal -0 0.608848 0.793287
    outer loop
      vertex 314.533 280.575 4.02776
      vertex 318.533 280.223 4.29792
      vertex 318.533 280.575 4.02776
    endloop
  endfacet
  facet normal 0 0.608848 0.793287
    outer loop
      vertex 318.533 280.223 4.29792
      vertex 314.533 280.575 4.02776
      vertex 314.533 280.223 4.29792
    endloop
  endfacet
  facet normal 0 -0.923745 0.383007
    outer loop
      vertex 314.533 282.897 4.65
      vertex 318.533 283.067 5.06001
      vertex 314.533 283.067 5.06001
    endloop
  endfacet
  facet normal 0 -0.923745 0.383007
    outer loop
      vertex 318.533 283.067 5.06001
      vertex 314.533 282.897 4.65
      vertex 318.533 282.897 4.65
    endloop
  endfacet
  facet normal 0 -0.793528 -0.608534
    outer loop
      vertex 314.533 282.897 6.35
      vertex 318.533 282.627 6.70208
      vertex 314.533 282.627 6.70208
    endloop
  endfacet
  facet normal 0 -0.793528 -0.608534
    outer loop
      vertex 318.533 282.627 6.70208
      vertex 314.533 282.897 6.35
      vertex 318.533 282.897 6.35
    endloop
  endfacet
  facet normal 0 -0.991423 -0.130691
    outer loop
      vertex 314.533 283.125 5.5
      vertex 318.533 283.067 5.93999
      vertex 314.533 283.067 5.93999
    endloop
  endfacet
  facet normal 0 -0.991423 -0.130691
    outer loop
      vertex 318.533 283.067 5.93999
      vertex 314.533 283.125 5.5
      vertex 318.533 283.125 5.5
    endloop
  endfacet
  facet normal 0 -0.382688 0.923878
    outer loop
      vertex 314.533 282.275 4.02776
      vertex 318.533 281.865 3.85793
      vertex 318.533 282.275 4.02776
    endloop
  endfacet
  facet normal 0 -0.382688 0.923878
    outer loop
      vertex 318.533 281.865 3.85793
      vertex 314.533 282.275 4.02776
      vertex 314.533 281.865 3.85793
    endloop
  endfacet
  facet normal 0 -0.793528 0.608534
    outer loop
      vertex 314.533 282.627 4.29792
      vertex 318.533 282.897 4.65
      vertex 314.533 282.897 4.65
    endloop
  endfacet
  facet normal 0 -0.793528 0.608534
    outer loop
      vertex 318.533 282.897 4.65
      vertex 314.533 282.627 4.29792
      vertex 318.533 282.627 4.29792
    endloop
  endfacet
  facet normal 0 -0.991423 0.130691
    outer loop
      vertex 314.533 283.067 5.06001
      vertex 318.533 283.125 5.5
      vertex 314.533 283.125 5.5
    endloop
  endfacet
  facet normal 0 -0.991423 0.130691
    outer loop
      vertex 318.533 283.125 5.5
      vertex 314.533 283.067 5.06001
      vertex 318.533 283.067 5.06001
    endloop
  endfacet
  facet normal 0 -0.608848 -0.793287
    outer loop
      vertex 314.533 282.275 6.97224
      vertex 318.533 282.627 6.70208
      vertex 318.533 282.275 6.97224
    endloop
  endfacet
  facet normal -0 -0.608848 -0.793287
    outer loop
      vertex 318.533 282.627 6.70208
      vertex 314.533 282.275 6.97224
      vertex 314.533 282.627 6.70208
    endloop
  endfacet
  facet normal 0 -0.382688 -0.923878
    outer loop
      vertex 314.533 281.865 7.14207
      vertex 318.533 282.275 6.97224
      vertex 318.533 281.865 7.14207
    endloop
  endfacet
  facet normal -0 -0.382688 -0.923878
    outer loop
      vertex 318.533 282.275 6.97224
      vertex 314.533 281.865 7.14207
      vertex 314.533 282.275 6.97224
    endloop
  endfacet
  facet normal 0 -0.923745 -0.383007
    outer loop
      vertex 314.533 283.067 5.93999
      vertex 318.533 282.897 6.35
      vertex 314.533 282.897 6.35
    endloop
  endfacet
  facet normal 0 -0.923745 -0.383007
    outer loop
      vertex 318.533 282.897 6.35
      vertex 314.533 283.067 5.93999
      vertex 318.533 283.067 5.93999
    endloop
  endfacet
  facet normal -0 0.130533 0.991444
    outer loop
      vertex 314.533 281.425 3.8
      vertex 318.533 280.985 3.85793
      vertex 318.533 281.425 3.8
    endloop
  endfacet
  facet normal 0 0.130533 0.991444
    outer loop
      vertex 318.533 280.985 3.85793
      vertex 314.533 281.425 3.8
      vertex 314.533 280.985 3.85793
    endloop
  endfacet
  facet normal 0 0.608848 -0.793287
    outer loop
      vertex 314.533 280.223 6.70208
      vertex 318.533 280.575 6.97224
      vertex 318.533 280.223 6.70208
    endloop
  endfacet
  facet normal 0 0.608848 -0.793287
    outer loop
      vertex 318.533 280.575 6.97224
      vertex 314.533 280.223 6.70208
      vertex 314.533 280.575 6.97224
    endloop
  endfacet
  facet normal -0 0.382688 0.923878
    outer loop
      vertex 314.533 280.985 3.85793
      vertex 318.533 280.575 4.02776
      vertex 318.533 280.985 3.85793
    endloop
  endfacet
  facet normal 0 0.382688 0.923878
    outer loop
      vertex 318.533 280.575 4.02776
      vertex 314.533 280.985 3.85793
      vertex 314.533 280.575 4.02776
    endloop
  endfacet
  facet normal 0 -0.608848 0.793287
    outer loop
      vertex 314.533 282.627 4.29792
      vertex 318.533 282.275 4.02776
      vertex 318.533 282.627 4.29792
    endloop
  endfacet
  facet normal 0 -0.608848 0.793287
    outer loop
      vertex 318.533 282.275 4.02776
      vertex 314.533 282.627 4.29792
      vertex 314.533 282.275 4.02776
    endloop
  endfacet
  facet normal 0 0.923745 -0.383007
    outer loop
      vertex 318.533 279.783 5.93999
      vertex 314.533 279.953 6.35
      vertex 318.533 279.953 6.35
    endloop
  endfacet
  facet normal 0 0.923745 -0.383007
    outer loop
      vertex 314.533 279.953 6.35
      vertex 318.533 279.783 5.93999
      vertex 314.533 279.783 5.93999
    endloop
  endfacet
  facet normal 0 0.793528 0.608534
    outer loop
      vertex 318.533 280.223 4.29792
      vertex 314.533 279.953 4.65
      vertex 318.533 279.953 4.65
    endloop
  endfacet
  facet normal 0 0.793528 0.608534
    outer loop
      vertex 314.533 279.953 4.65
      vertex 318.533 280.223 4.29792
      vertex 314.533 280.223 4.29792
    endloop
  endfacet
  facet normal 0 0.923745 0.383007
    outer loop
      vertex 318.533 279.953 4.65
      vertex 314.533 279.783 5.06001
      vertex 318.533 279.783 5.06001
    endloop
  endfacet
  facet normal 0 0.923745 0.383007
    outer loop
      vertex 314.533 279.783 5.06001
      vertex 318.533 279.953 4.65
      vertex 314.533 279.953 4.65
    endloop
  endfacet
  facet normal 0 0.991423 -0.130691
    outer loop
      vertex 318.533 279.725 5.5
      vertex 314.533 279.783 5.93999
      vertex 318.533 279.783 5.93999
    endloop
  endfacet
  facet normal 0 0.991423 -0.130691
    outer loop
      vertex 314.533 279.783 5.93999
      vertex 318.533 279.725 5.5
      vertex 314.533 279.725 5.5
    endloop
  endfacet
  facet normal 0 0.793528 -0.608534
    outer loop
      vertex 318.533 279.953 6.35
      vertex 314.533 280.223 6.70208
      vertex 318.533 280.223 6.70208
    endloop
  endfacet
  facet normal 0 0.793528 -0.608534
    outer loop
      vertex 314.533 280.223 6.70208
      vertex 318.533 279.953 6.35
      vertex 314.533 279.953 6.35
    endloop
  endfacet
  facet normal 0 0.382688 -0.923878
    outer loop
      vertex 314.533 280.575 6.97224
      vertex 318.533 280.985 7.14207
      vertex 318.533 280.575 6.97224
    endloop
  endfacet
  facet normal 0 0.382688 -0.923878
    outer loop
      vertex 318.533 280.985 7.14207
      vertex 314.533 280.575 6.97224
      vertex 314.533 280.985 7.14207
    endloop
  endfacet
  facet normal 0 0.130533 -0.991444
    outer loop
      vertex 314.533 280.985 7.14207
      vertex 318.533 281.425 7.2
      vertex 318.533 280.985 7.14207
    endloop
  endfacet
  facet normal 0 0.130533 -0.991444
    outer loop
      vertex 318.533 281.425 7.2
      vertex 314.533 280.985 7.14207
      vertex 314.533 281.425 7.2
    endloop
  endfacet
  facet normal 0 -0.130533 0.991444
    outer loop
      vertex 314.533 320.64 3.85793
      vertex 318.533 320.2 3.8
      vertex 318.533 320.64 3.85793
    endloop
  endfacet
  facet normal 0 -0.130533 0.991444
    outer loop
      vertex 318.533 320.2 3.8
      vertex 314.533 320.64 3.85793
      vertex 314.533 320.2 3.8
    endloop
  endfacet
  facet normal 0 0.130533 -0.991444
    outer loop
      vertex 314.533 319.76 7.14207
      vertex 318.533 320.2 7.2
      vertex 318.533 319.76 7.14207
    endloop
  endfacet
  facet normal 0 0.130533 -0.991444
    outer loop
      vertex 318.533 320.2 7.2
      vertex 314.533 319.76 7.14207
      vertex 314.533 320.2 7.2
    endloop
  endfacet
  facet normal 0 -0.991423 -0.130691
    outer loop
      vertex 314.533 321.9 5.5
      vertex 318.533 321.842 5.93999
      vertex 314.533 321.842 5.93999
    endloop
  endfacet
  facet normal 0 -0.991423 -0.130691
    outer loop
      vertex 318.533 321.842 5.93999
      vertex 314.533 321.9 5.5
      vertex 318.533 321.9 5.5
    endloop
  endfacet
  facet normal 0 0.793528 -0.608534
    outer loop
      vertex 318.533 318.728 6.35
      vertex 314.533 318.998 6.70208
      vertex 318.533 318.998 6.70208
    endloop
  endfacet
  facet normal 0 0.793528 -0.608534
    outer loop
      vertex 314.533 318.998 6.70208
      vertex 318.533 318.728 6.35
      vertex 314.533 318.728 6.35
    endloop
  endfacet
  facet normal 0 -0.608848 -0.793287
    outer loop
      vertex 314.533 321.05 6.97224
      vertex 318.533 321.402 6.70208
      vertex 318.533 321.05 6.97224
    endloop
  endfacet
  facet normal -0 -0.608848 -0.793287
    outer loop
      vertex 318.533 321.402 6.70208
      vertex 314.533 321.05 6.97224
      vertex 314.533 321.402 6.70208
    endloop
  endfacet
  facet normal 0 -0.382688 -0.923878
    outer loop
      vertex 314.533 320.64 7.14207
      vertex 318.533 321.05 6.97224
      vertex 318.533 320.64 7.14207
    endloop
  endfacet
  facet normal -0 -0.382688 -0.923878
    outer loop
      vertex 318.533 321.05 6.97224
      vertex 314.533 320.64 7.14207
      vertex 314.533 321.05 6.97224
    endloop
  endfacet
  facet normal 0 -0.793528 -0.608534
    outer loop
      vertex 314.533 321.672 6.35
      vertex 318.533 321.402 6.70208
      vertex 314.533 321.402 6.70208
    endloop
  endfacet
  facet normal 0 -0.793528 -0.608534
    outer loop
      vertex 318.533 321.402 6.70208
      vertex 314.533 321.672 6.35
      vertex 318.533 321.672 6.35
    endloop
  endfacet
  facet normal -0 0.382688 0.923878
    outer loop
      vertex 314.533 319.76 3.85793
      vertex 318.533 319.35 4.02776
      vertex 318.533 319.76 3.85793
    endloop
  endfacet
  facet normal 0 0.382688 0.923878
    outer loop
      vertex 318.533 319.35 4.02776
      vertex 314.533 319.76 3.85793
      vertex 314.533 319.35 4.02776
    endloop
  endfacet
  facet normal 0 0.923745 -0.383007
    outer loop
      vertex 318.533 318.558 5.93999
      vertex 314.533 318.728 6.35
      vertex 318.533 318.728 6.35
    endloop
  endfacet
  facet normal 0 0.923745 -0.383007
    outer loop
      vertex 314.533 318.728 6.35
      vertex 318.533 318.558 5.93999
      vertex 314.533 318.558 5.93999
    endloop
  endfacet
  facet normal 0 0.608848 -0.793287
    outer loop
      vertex 314.533 318.998 6.70208
      vertex 318.533 319.35 6.97224
      vertex 318.533 318.998 6.70208
    endloop
  endfacet
  facet normal 0 0.608848 -0.793287
    outer loop
      vertex 318.533 319.35 6.97224
      vertex 314.533 318.998 6.70208
      vertex 314.533 319.35 6.97224
    endloop
  endfacet
  facet normal 0 -0.382688 0.923878
    outer loop
      vertex 314.533 321.05 4.02776
      vertex 318.533 320.64 3.85793
      vertex 318.533 321.05 4.02776
    endloop
  endfacet
  facet normal 0 -0.382688 0.923878
    outer loop
      vertex 318.533 320.64 3.85793
      vertex 314.533 321.05 4.02776
      vertex 314.533 320.64 3.85793
    endloop
  endfacet
  facet normal 0 -0.793528 0.608534
    outer loop
      vertex 314.533 321.402 4.29792
      vertex 318.533 321.672 4.65
      vertex 314.533 321.672 4.65
    endloop
  endfacet
  facet normal 0 -0.793528 0.608534
    outer loop
      vertex 318.533 321.672 4.65
      vertex 314.533 321.402 4.29792
      vertex 318.533 321.402 4.29792
    endloop
  endfacet
  facet normal 0 -0.923745 0.383007
    outer loop
      vertex 314.533 321.672 4.65
      vertex 318.533 321.842 5.06001
      vertex 314.533 321.842 5.06001
    endloop
  endfacet
  facet normal 0 -0.923745 0.383007
    outer loop
      vertex 318.533 321.842 5.06001
      vertex 314.533 321.672 4.65
      vertex 318.533 321.672 4.65
    endloop
  endfacet
  facet normal 0 -0.130533 -0.991444
    outer loop
      vertex 314.533 320.2 7.2
      vertex 318.533 320.64 7.14207
      vertex 318.533 320.2 7.2
    endloop
  endfacet
  facet normal -0 -0.130533 -0.991444
    outer loop
      vertex 318.533 320.64 7.14207
      vertex 314.533 320.2 7.2
      vertex 314.533 320.64 7.14207
    endloop
  endfacet
  facet normal 0 -0.923745 -0.383007
    outer loop
      vertex 314.533 321.842 5.93999
      vertex 318.533 321.672 6.35
      vertex 314.533 321.672 6.35
    endloop
  endfacet
  facet normal 0 -0.923745 -0.383007
    outer loop
      vertex 318.533 321.672 6.35
      vertex 314.533 321.842 5.93999
      vertex 318.533 321.842 5.93999
    endloop
  endfacet
  facet normal -0 0.130533 0.991444
    outer loop
      vertex 314.533 320.2 3.8
      vertex 318.533 319.76 3.85793
      vertex 318.533 320.2 3.8
    endloop
  endfacet
  facet normal 0 0.130533 0.991444
    outer loop
      vertex 318.533 319.76 3.85793
      vertex 314.533 320.2 3.8
      vertex 314.533 319.76 3.85793
    endloop
  endfacet
  facet normal 0 0.923745 0.383007
    outer loop
      vertex 318.533 318.728 4.65
      vertex 314.533 318.558 5.06001
      vertex 318.533 318.558 5.06001
    endloop
  endfacet
  facet normal 0 0.923745 0.383007
    outer loop
      vertex 314.533 318.558 5.06001
      vertex 318.533 318.728 4.65
      vertex 314.533 318.728 4.65
    endloop
  endfacet
  facet normal -0 0.608848 0.793287
    outer loop
      vertex 314.533 319.35 4.02776
      vertex 318.533 318.998 4.29792
      vertex 318.533 319.35 4.02776
    endloop
  endfacet
  facet normal 0 0.608848 0.793287
    outer loop
      vertex 318.533 318.998 4.29792
      vertex 314.533 319.35 4.02776
      vertex 314.533 318.998 4.29792
    endloop
  endfacet
  facet normal 0 0.991423 -0.130691
    outer loop
      vertex 318.533 318.5 5.5
      vertex 314.533 318.558 5.93999
      vertex 318.533 318.558 5.93999
    endloop
  endfacet
  facet normal 0 0.991423 -0.130691
    outer loop
      vertex 314.533 318.558 5.93999
      vertex 318.533 318.5 5.5
      vertex 314.533 318.5 5.5
    endloop
  endfacet
  facet normal 0 0.382688 -0.923878
    outer loop
      vertex 314.533 319.35 6.97224
      vertex 318.533 319.76 7.14207
      vertex 318.533 319.35 6.97224
    endloop
  endfacet
  facet normal 0 0.382688 -0.923878
    outer loop
      vertex 318.533 319.76 7.14207
      vertex 314.533 319.35 6.97224
      vertex 314.533 319.76 7.14207
    endloop
  endfacet
  facet normal 0 -0.608848 0.793287
    outer loop
      vertex 314.533 321.402 4.29792
      vertex 318.533 321.05 4.02776
      vertex 318.533 321.402 4.29792
    endloop
  endfacet
  facet normal 0 -0.608848 0.793287
    outer loop
      vertex 318.533 321.05 4.02776
      vertex 314.533 321.402 4.29792
      vertex 314.533 321.05 4.02776
    endloop
  endfacet
  facet normal 0 -0.991423 0.130691
    outer loop
      vertex 314.533 321.842 5.06001
      vertex 318.533 321.9 5.5
      vertex 314.533 321.9 5.5
    endloop
  endfacet
  facet normal 0 -0.991423 0.130691
    outer loop
      vertex 318.533 321.9 5.5
      vertex 314.533 321.842 5.06001
      vertex 318.533 321.842 5.06001
    endloop
  endfacet
  facet normal 0 0.793528 0.608534
    outer loop
      vertex 318.533 318.998 4.29792
      vertex 314.533 318.728 4.65
      vertex 318.533 318.728 4.65
    endloop
  endfacet
  facet normal 0 0.793528 0.608534
    outer loop
      vertex 314.533 318.728 4.65
      vertex 318.533 318.998 4.29792
      vertex 314.533 318.998 4.29792
    endloop
  endfacet
  facet normal 0 0.991423 0.130691
    outer loop
      vertex 318.533 318.558 5.06001
      vertex 314.533 318.5 5.5
      vertex 318.533 318.5 5.5
    endloop
  endfacet
  facet normal 0 0.991423 0.130691
    outer loop
      vertex 314.533 318.5 5.5
      vertex 318.533 318.558 5.06001
      vertex 314.533 318.558 5.06001
    endloop
  endfacet
  facet normal 0.991423 -0 0.130691
    outer loop
      vertex 335.427 153.1 5.5
      vertex 335.485 157.1 5.06001
      vertex 335.427 157.1 5.5
    endloop
  endfacet
  facet normal 0.991423 0 0.130691
    outer loop
      vertex 335.485 157.1 5.06001
      vertex 335.427 153.1 5.5
      vertex 335.485 153.1 5.06001
    endloop
  endfacet
  facet normal -0.382688 0 0.923878
    outer loop
      vertex 337.567 157.1 3.85793
      vertex 337.977 153.1 4.02776
      vertex 337.977 157.1 4.02776
    endloop
  endfacet
  facet normal -0.382688 0 0.923878
    outer loop
      vertex 337.977 153.1 4.02776
      vertex 337.567 157.1 3.85793
      vertex 337.567 153.1 3.85793
    endloop
  endfacet
  facet normal -0.991423 0 -0.130691
    outer loop
      vertex 338.827 153.1 5.5
      vertex 338.769 157.1 5.93999
      vertex 338.827 157.1 5.5
    endloop
  endfacet
  facet normal -0.991423 -0 -0.130691
    outer loop
      vertex 338.769 157.1 5.93999
      vertex 338.827 153.1 5.5
      vertex 338.769 153.1 5.93999
    endloop
  endfacet
  facet normal 0.130533 0 -0.991444
    outer loop
      vertex 336.687 153.1 7.14207
      vertex 337.127 157.1 7.2
      vertex 337.127 153.1 7.2
    endloop
  endfacet
  facet normal 0.130533 0 -0.991444
    outer loop
      vertex 337.127 157.1 7.2
      vertex 336.687 153.1 7.14207
      vertex 336.687 157.1 7.14207
    endloop
  endfacet
  facet normal -0.608848 0 0.793287
    outer loop
      vertex 337.977 157.1 4.02776
      vertex 338.329 153.1 4.29792
      vertex 338.329 157.1 4.29792
    endloop
  endfacet
  facet normal -0.608848 0 0.793287
    outer loop
      vertex 338.329 153.1 4.29792
      vertex 337.977 157.1 4.02776
      vertex 337.977 153.1 4.02776
    endloop
  endfacet
  facet normal 0.608848 0 0.793287
    outer loop
      vertex 335.925 157.1 4.29792
      vertex 336.277 153.1 4.02776
      vertex 336.277 157.1 4.02776
    endloop
  endfacet
  facet normal 0.608848 0 0.793287
    outer loop
      vertex 336.277 153.1 4.02776
      vertex 335.925 157.1 4.29792
      vertex 335.925 153.1 4.29792
    endloop
  endfacet
  facet normal 0.793528 -0 0.608534
    outer loop
      vertex 335.655 153.1 4.65
      vertex 335.925 157.1 4.29792
      vertex 335.655 157.1 4.65
    endloop
  endfacet
  facet normal 0.793528 0 0.608534
    outer loop
      vertex 335.925 157.1 4.29792
      vertex 335.655 153.1 4.65
      vertex 335.925 153.1 4.29792
    endloop
  endfacet
  facet normal -0.924541 0 -0.381082
    outer loop
      vertex 338.769 153.1 5.93999
      vertex 338.6 157.1 6.35
      vertex 338.769 157.1 5.93999
    endloop
  endfacet
  facet normal -0.924541 -0 -0.381082
    outer loop
      vertex 338.6 157.1 6.35
      vertex 338.769 153.1 5.93999
      vertex 338.6 153.1 6.35
    endloop
  endfacet
  facet normal 0.991423 0 -0.130691
    outer loop
      vertex 335.485 153.1 5.93999
      vertex 335.427 157.1 5.5
      vertex 335.485 157.1 5.93999
    endloop
  endfacet
  facet normal 0.991423 0 -0.130691
    outer loop
      vertex 335.427 157.1 5.5
      vertex 335.485 153.1 5.93999
      vertex 335.427 153.1 5.5
    endloop
  endfacet
  facet normal -0.924541 0 0.381082
    outer loop
      vertex 338.6 153.1 4.65
      vertex 338.769 157.1 5.06001
      vertex 338.6 157.1 4.65
    endloop
  endfacet
  facet normal -0.924541 0 0.381082
    outer loop
      vertex 338.769 157.1 5.06001
      vertex 338.6 153.1 4.65
      vertex 338.769 153.1 5.06001
    endloop
  endfacet
  facet normal -0.79244 0 0.60995
    outer loop
      vertex 338.329 153.1 4.29792
      vertex 338.6 157.1 4.65
      vertex 338.329 157.1 4.29792
    endloop
  endfacet
  facet normal -0.79244 0 0.60995
    outer loop
      vertex 338.6 157.1 4.65
      vertex 338.329 153.1 4.29792
      vertex 338.6 153.1 4.65
    endloop
  endfacet
  facet normal 0.130533 0 0.991444
    outer loop
      vertex 336.687 157.1 3.85793
      vertex 337.127 153.1 3.8
      vertex 337.127 157.1 3.8
    endloop
  endfacet
  facet normal 0.130533 0 0.991444
    outer loop
      vertex 337.127 153.1 3.8
      vertex 336.687 157.1 3.85793
      vertex 336.687 153.1 3.85793
    endloop
  endfacet
  facet normal -0.130533 0 0.991444
    outer loop
      vertex 337.127 157.1 3.8
      vertex 337.567 153.1 3.85793
      vertex 337.567 157.1 3.85793
    endloop
  endfacet
  facet normal -0.130533 0 0.991444
    outer loop
      vertex 337.567 153.1 3.85793
      vertex 337.127 157.1 3.8
      vertex 337.127 153.1 3.8
    endloop
  endfacet
  facet normal 0.923745 -0 0.383007
    outer loop
      vertex 335.485 153.1 5.06001
      vertex 335.655 157.1 4.65
      vertex 335.485 157.1 5.06001
    endloop
  endfacet
  facet normal 0.923745 0 0.383007
    outer loop
      vertex 335.655 157.1 4.65
      vertex 335.485 153.1 5.06001
      vertex 335.655 153.1 4.65
    endloop
  endfacet
  facet normal 0.382688 0 0.923878
    outer loop
      vertex 336.277 157.1 4.02776
      vertex 336.687 153.1 3.85793
      vertex 336.687 157.1 3.85793
    endloop
  endfacet
  facet normal 0.382688 0 0.923878
    outer loop
      vertex 336.687 153.1 3.85793
      vertex 336.277 157.1 4.02776
      vertex 336.277 153.1 4.02776
    endloop
  endfacet
  facet normal -0.991423 0 0.130691
    outer loop
      vertex 338.769 153.1 5.06001
      vertex 338.827 157.1 5.5
      vertex 338.769 157.1 5.06001
    endloop
  endfacet
  facet normal -0.991423 0 0.130691
    outer loop
      vertex 338.827 157.1 5.5
      vertex 338.769 153.1 5.06001
      vertex 338.827 153.1 5.5
    endloop
  endfacet
  facet normal -0.130533 0 -0.991444
    outer loop
      vertex 337.127 153.1 7.2
      vertex 337.567 157.1 7.14207
      vertex 337.567 153.1 7.14207
    endloop
  endfacet
  facet normal -0.130533 0 -0.991444
    outer loop
      vertex 337.567 157.1 7.14207
      vertex 337.127 153.1 7.2
      vertex 337.127 157.1 7.2
    endloop
  endfacet
  facet normal -0.382688 0 -0.923878
    outer loop
      vertex 337.567 153.1 7.14207
      vertex 337.977 157.1 6.97224
      vertex 337.977 153.1 6.97224
    endloop
  endfacet
  facet normal -0.382688 0 -0.923878
    outer loop
      vertex 337.977 157.1 6.97224
      vertex 337.567 153.1 7.14207
      vertex 337.567 157.1 7.14207
    endloop
  endfacet
  facet normal -0.608848 0 -0.793287
    outer loop
      vertex 337.977 153.1 6.97224
      vertex 338.329 157.1 6.70208
      vertex 338.329 153.1 6.70208
    endloop
  endfacet
  facet normal -0.608848 0 -0.793287
    outer loop
      vertex 338.329 157.1 6.70208
      vertex 337.977 153.1 6.97224
      vertex 337.977 157.1 6.97224
    endloop
  endfacet
  facet normal 0.608848 0 -0.793287
    outer loop
      vertex 335.925 153.1 6.70208
      vertex 336.277 157.1 6.97224
      vertex 336.277 153.1 6.97224
    endloop
  endfacet
  facet normal 0.608848 0 -0.793287
    outer loop
      vertex 336.277 157.1 6.97224
      vertex 335.925 153.1 6.70208
      vertex 335.925 157.1 6.70208
    endloop
  endfacet
  facet normal 0.923745 0 -0.383007
    outer loop
      vertex 335.655 153.1 6.35
      vertex 335.485 157.1 5.93999
      vertex 335.655 157.1 6.35
    endloop
  endfacet
  facet normal 0.923745 0 -0.383007
    outer loop
      vertex 335.485 157.1 5.93999
      vertex 335.655 153.1 6.35
      vertex 335.485 153.1 5.93999
    endloop
  endfacet
  facet normal 0.793528 0 -0.608534
    outer loop
      vertex 335.925 153.1 6.70208
      vertex 335.655 157.1 6.35
      vertex 335.925 157.1 6.70208
    endloop
  endfacet
  facet normal 0.793528 0 -0.608534
    outer loop
      vertex 335.655 157.1 6.35
      vertex 335.925 153.1 6.70208
      vertex 335.655 153.1 6.35
    endloop
  endfacet
  facet normal -0.79244 0 -0.60995
    outer loop
      vertex 338.6 153.1 6.35
      vertex 338.329 157.1 6.70208
      vertex 338.6 157.1 6.35
    endloop
  endfacet
  facet normal -0.79244 -0 -0.60995
    outer loop
      vertex 338.329 157.1 6.70208
      vertex 338.6 153.1 6.35
      vertex 338.329 153.1 6.70208
    endloop
  endfacet
  facet normal 0.382688 0 -0.923878
    outer loop
      vertex 336.277 153.1 6.97224
      vertex 336.687 157.1 7.14207
      vertex 336.687 153.1 7.14207
    endloop
  endfacet
  facet normal 0.382688 0 -0.923878
    outer loop
      vertex 336.687 157.1 7.14207
      vertex 336.277 153.1 6.97224
      vertex 336.277 157.1 6.97224
    endloop
  endfacet
  facet normal 0.991423 -0 0.130691
    outer loop
      vertex 376.318 153.1 5.5
      vertex 376.376 157.1 5.06001
      vertex 376.318 157.1 5.5
    endloop
  endfacet
  facet normal 0.991423 0 0.130691
    outer loop
      vertex 376.376 157.1 5.06001
      vertex 376.318 153.1 5.5
      vertex 376.376 153.1 5.06001
    endloop
  endfacet
  facet normal -0.382688 0 0.923878
    outer loop
      vertex 378.458 157.1 3.85793
      vertex 378.868 153.1 4.02776
      vertex 378.868 157.1 4.02776
    endloop
  endfacet
  facet normal -0.382688 0 0.923878
    outer loop
      vertex 378.868 153.1 4.02776
      vertex 378.458 157.1 3.85793
      vertex 378.458 153.1 3.85793
    endloop
  endfacet
  facet normal -0.991423 0 -0.130691
    outer loop
      vertex 379.718 153.1 5.5
      vertex 379.66 157.1 5.93999
      vertex 379.718 157.1 5.5
    endloop
  endfacet
  facet normal -0.991423 -0 -0.130691
    outer loop
      vertex 379.66 157.1 5.93999
      vertex 379.718 153.1 5.5
      vertex 379.66 153.1 5.93999
    endloop
  endfacet
  facet normal 0.130533 0 -0.991444
    outer loop
      vertex 377.578 153.1 7.14207
      vertex 378.018 157.1 7.2
      vertex 378.018 153.1 7.2
    endloop
  endfacet
  facet normal 0.130533 0 -0.991444
    outer loop
      vertex 378.018 157.1 7.2
      vertex 377.578 153.1 7.14207
      vertex 377.578 157.1 7.14207
    endloop
  endfacet
  facet normal -0.608848 0 0.793287
    outer loop
      vertex 378.868 157.1 4.02776
      vertex 379.22 153.1 4.29792
      vertex 379.22 157.1 4.29792
    endloop
  endfacet
  facet normal -0.608848 0 0.793287
    outer loop
      vertex 379.22 153.1 4.29792
      vertex 378.868 157.1 4.02776
      vertex 378.868 153.1 4.02776
    endloop
  endfacet
  facet normal 0.608848 0 0.793287
    outer loop
      vertex 376.816 157.1 4.29792
      vertex 377.168 153.1 4.02776
      vertex 377.168 157.1 4.02776
    endloop
  endfacet
  facet normal 0.608848 0 0.793287
    outer loop
      vertex 377.168 153.1 4.02776
      vertex 376.816 157.1 4.29792
      vertex 376.816 153.1 4.29792
    endloop
  endfacet
  facet normal 0.793528 -0 0.608534
    outer loop
      vertex 376.546 153.1 4.65
      vertex 376.816 157.1 4.29792
      vertex 376.546 157.1 4.65
    endloop
  endfacet
  facet normal 0.793528 0 0.608534
    outer loop
      vertex 376.816 157.1 4.29792
      vertex 376.546 153.1 4.65
      vertex 376.816 153.1 4.29792
    endloop
  endfacet
  facet normal -0.923745 0 -0.383007
    outer loop
      vertex 379.66 153.1 5.93999
      vertex 379.49 157.1 6.35
      vertex 379.66 157.1 5.93999
    endloop
  endfacet
  facet normal -0.923745 -0 -0.383007
    outer loop
      vertex 379.49 157.1 6.35
      vertex 379.66 153.1 5.93999
      vertex 379.49 153.1 6.35
    endloop
  endfacet
  facet normal 0.991423 0 -0.130691
    outer loop
      vertex 376.376 153.1 5.93999
      vertex 376.318 157.1 5.5
      vertex 376.376 157.1 5.93999
    endloop
  endfacet
  facet normal 0.991423 0 -0.130691
    outer loop
      vertex 376.318 157.1 5.5
      vertex 376.376 153.1 5.93999
      vertex 376.318 153.1 5.5
    endloop
  endfacet
  facet normal -0.923745 0 0.383007
    outer loop
      vertex 379.49 153.1 4.65
      vertex 379.66 157.1 5.06001
      vertex 379.49 157.1 4.65
    endloop
  endfacet
  facet normal -0.923745 0 0.383007
    outer loop
      vertex 379.66 157.1 5.06001
      vertex 379.49 153.1 4.65
      vertex 379.66 153.1 5.06001
    endloop
  endfacet
  facet normal -0.793528 0 0.608534
    outer loop
      vertex 379.22 153.1 4.29792
      vertex 379.49 157.1 4.65
      vertex 379.22 157.1 4.29792
    endloop
  endfacet
  facet normal -0.793528 0 0.608534
    outer loop
      vertex 379.49 157.1 4.65
      vertex 379.22 153.1 4.29792
      vertex 379.49 153.1 4.65
    endloop
  endfacet
  facet normal 0.130533 0 0.991444
    outer loop
      vertex 377.578 157.1 3.85793
      vertex 378.018 153.1 3.8
      vertex 378.018 157.1 3.8
    endloop
  endfacet
  facet normal 0.130533 0 0.991444
    outer loop
      vertex 378.018 153.1 3.8
      vertex 377.578 157.1 3.85793
      vertex 377.578 153.1 3.85793
    endloop
  endfacet
  facet normal -0.130533 0 0.991444
    outer loop
      vertex 378.018 157.1 3.8
      vertex 378.458 153.1 3.85793
      vertex 378.458 157.1 3.85793
    endloop
  endfacet
  facet normal -0.130533 0 0.991444
    outer loop
      vertex 378.458 153.1 3.85793
      vertex 378.018 157.1 3.8
      vertex 378.018 153.1 3.8
    endloop
  endfacet
  facet normal 0.923745 -0 0.383007
    outer loop
      vertex 376.376 153.1 5.06001
      vertex 376.546 157.1 4.65
      vertex 376.376 157.1 5.06001
    endloop
  endfacet
  facet normal 0.923745 0 0.383007
    outer loop
      vertex 376.546 157.1 4.65
      vertex 376.376 153.1 5.06001
      vertex 376.546 153.1 4.65
    endloop
  endfacet
  facet normal 0.382688 0 0.923878
    outer loop
      vertex 377.168 157.1 4.02776
      vertex 377.578 153.1 3.85793
      vertex 377.578 157.1 3.85793
    endloop
  endfacet
  facet normal 0.382688 0 0.923878
    outer loop
      vertex 377.578 153.1 3.85793
      vertex 377.168 157.1 4.02776
      vertex 377.168 153.1 4.02776
    endloop
  endfacet
  facet normal -0.991423 0 0.130691
    outer loop
      vertex 379.66 153.1 5.06001
      vertex 379.718 157.1 5.5
      vertex 379.66 157.1 5.06001
    endloop
  endfacet
  facet normal -0.991423 0 0.130691
    outer loop
      vertex 379.718 157.1 5.5
      vertex 379.66 153.1 5.06001
      vertex 379.718 153.1 5.5
    endloop
  endfacet
  facet normal -0.130533 0 -0.991444
    outer loop
      vertex 378.018 153.1 7.2
      vertex 378.458 157.1 7.14207
      vertex 378.458 153.1 7.14207
    endloop
  endfacet
  facet normal -0.130533 0 -0.991444
    outer loop
      vertex 378.458 157.1 7.14207
      vertex 378.018 153.1 7.2
      vertex 378.018 157.1 7.2
    endloop
  endfacet
  facet normal -0.382688 0 -0.923878
    outer loop
      vertex 378.458 153.1 7.14207
      vertex 378.868 157.1 6.97224
      vertex 378.868 153.1 6.97224
    endloop
  endfacet
  facet normal -0.382688 0 -0.923878
    outer loop
      vertex 378.868 157.1 6.97224
      vertex 378.458 153.1 7.14207
      vertex 378.458 157.1 7.14207
    endloop
  endfacet
  facet normal -0.608848 0 -0.793287
    outer loop
      vertex 378.868 153.1 6.97224
      vertex 379.22 157.1 6.70208
      vertex 379.22 153.1 6.70208
    endloop
  endfacet
  facet normal -0.608848 0 -0.793287
    outer loop
      vertex 379.22 157.1 6.70208
      vertex 378.868 153.1 6.97224
      vertex 378.868 157.1 6.97224
    endloop
  endfacet
  facet normal 0.608848 0 -0.793287
    outer loop
      vertex 376.816 153.1 6.70208
      vertex 377.168 157.1 6.97224
      vertex 377.168 153.1 6.97224
    endloop
  endfacet
  facet normal 0.608848 0 -0.793287
    outer loop
      vertex 377.168 157.1 6.97224
      vertex 376.816 153.1 6.70208
      vertex 376.816 157.1 6.70208
    endloop
  endfacet
  facet normal 0.923745 0 -0.383007
    outer loop
      vertex 376.546 153.1 6.35
      vertex 376.376 157.1 5.93999
      vertex 376.546 157.1 6.35
    endloop
  endfacet
  facet normal 0.923745 0 -0.383007
    outer loop
      vertex 376.376 157.1 5.93999
      vertex 376.546 153.1 6.35
      vertex 376.376 153.1 5.93999
    endloop
  endfacet
  facet normal 0.793528 0 -0.608534
    outer loop
      vertex 376.816 153.1 6.70208
      vertex 376.546 157.1 6.35
      vertex 376.816 157.1 6.70208
    endloop
  endfacet
  facet normal 0.793528 0 -0.608534
    outer loop
      vertex 376.546 157.1 6.35
      vertex 376.816 153.1 6.70208
      vertex 376.546 153.1 6.35
    endloop
  endfacet
  facet normal -0.793528 0 -0.608534
    outer loop
      vertex 379.49 153.1 6.35
      vertex 379.22 157.1 6.70208
      vertex 379.49 157.1 6.35
    endloop
  endfacet
  facet normal -0.793528 -0 -0.608534
    outer loop
      vertex 379.22 157.1 6.70208
      vertex 379.49 153.1 6.35
      vertex 379.22 153.1 6.70208
    endloop
  endfacet
  facet normal 0.382688 0 -0.923878
    outer loop
      vertex 377.168 153.1 6.97224
      vertex 377.578 157.1 7.14207
      vertex 377.578 153.1 7.14207
    endloop
  endfacet
  facet normal 0.382688 0 -0.923878
    outer loop
      vertex 377.578 157.1 7.14207
      vertex 377.168 153.1 6.97224
      vertex 377.168 157.1 6.97224
    endloop
  endfacet
  facet normal -0.793528 0 0.608534
    outer loop
      vertex 420.111 153.1 4.29792
      vertex 420.381 157.1 4.65
      vertex 420.111 157.1 4.29792
    endloop
  endfacet
  facet normal -0.793528 0 0.608534
    outer loop
      vertex 420.381 157.1 4.65
      vertex 420.111 153.1 4.29792
      vertex 420.381 153.1 4.65
    endloop
  endfacet
  facet normal 0.991423 -0 0.130691
    outer loop
      vertex 417.209 153.1 5.5
      vertex 417.267 157.1 5.06001
      vertex 417.209 157.1 5.5
    endloop
  endfacet
  facet normal 0.991423 0 0.130691
    outer loop
      vertex 417.267 157.1 5.06001
      vertex 417.209 153.1 5.5
      vertex 417.267 153.1 5.06001
    endloop
  endfacet
  facet normal 0.991423 0 -0.130691
    outer loop
      vertex 417.267 153.1 5.93999
      vertex 417.209 157.1 5.5
      vertex 417.267 157.1 5.93999
    endloop
  endfacet
  facet normal 0.991423 0 -0.130691
    outer loop
      vertex 417.209 157.1 5.5
      vertex 417.267 153.1 5.93999
      vertex 417.209 153.1 5.5
    endloop
  endfacet
  facet normal -0.130533 0 0.991444
    outer loop
      vertex 418.909 157.1 3.8
      vertex 419.349 153.1 3.85793
      vertex 419.349 157.1 3.85793
    endloop
  endfacet
  facet normal -0.130533 0 0.991444
    outer loop
      vertex 419.349 153.1 3.85793
      vertex 418.909 157.1 3.8
      vertex 418.909 153.1 3.8
    endloop
  endfacet
  facet normal -0.991423 0 -0.130691
    outer loop
      vertex 420.609 153.1 5.5
      vertex 420.551 157.1 5.93999
      vertex 420.609 157.1 5.5
    endloop
  endfacet
  facet normal -0.991423 -0 -0.130691
    outer loop
      vertex 420.551 157.1 5.93999
      vertex 420.609 153.1 5.5
      vertex 420.551 153.1 5.93999
    endloop
  endfacet
  facet normal -0.608848 0 0.793287
    outer loop
      vertex 419.759 157.1 4.02776
      vertex 420.111 153.1 4.29792
      vertex 420.111 157.1 4.29792
    endloop
  endfacet
  facet normal -0.608848 0 0.793287
    outer loop
      vertex 420.111 153.1 4.29792
      vertex 419.759 157.1 4.02776
      vertex 419.759 153.1 4.02776
    endloop
  endfacet
  facet normal -0.382688 0 0.923878
    outer loop
      vertex 419.349 157.1 3.85793
      vertex 419.759 153.1 4.02776
      vertex 419.759 157.1 4.02776
    endloop
  endfacet
  facet normal -0.382688 0 0.923878
    outer loop
      vertex 419.759 153.1 4.02776
      vertex 419.349 157.1 3.85793
      vertex 419.349 153.1 3.85793
    endloop
  endfacet
  facet normal 0.130533 0 0.991444
    outer loop
      vertex 418.469 157.1 3.85793
      vertex 418.909 153.1 3.8
      vertex 418.909 157.1 3.8
    endloop
  endfacet
  facet normal 0.130533 0 0.991444
    outer loop
      vertex 418.909 153.1 3.8
      vertex 418.469 157.1 3.85793
      vertex 418.469 153.1 3.85793
    endloop
  endfacet
  facet normal 0.923745 -0 0.383007
    outer loop
      vertex 417.267 153.1 5.06001
      vertex 417.437 157.1 4.65
      vertex 417.267 157.1 5.06001
    endloop
  endfacet
  facet normal 0.923745 0 0.383007
    outer loop
      vertex 417.437 157.1 4.65
      vertex 417.267 153.1 5.06001
      vertex 417.437 153.1 4.65
    endloop
  endfacet
  facet normal -0.382688 0 -0.923878
    outer loop
      vertex 419.349 153.1 7.14207
      vertex 419.759 157.1 6.97224
      vertex 419.759 153.1 6.97224
    endloop
  endfacet
  facet normal -0.382688 0 -0.923878
    outer loop
      vertex 419.759 157.1 6.97224
      vertex 419.349 153.1 7.14207
      vertex 419.349 157.1 7.14207
    endloop
  endfacet
  facet normal 0.793528 -0 0.608534
    outer loop
      vertex 417.437 153.1 4.65
      vertex 417.707 157.1 4.29792
      vertex 417.437 157.1 4.65
    endloop
  endfacet
  facet normal 0.793528 0 0.608534
    outer loop
      vertex 417.707 157.1 4.29792
      vertex 417.437 153.1 4.65
      vertex 417.707 153.1 4.29792
    endloop
  endfacet
  facet normal 0.382688 0 0.923878
    outer loop
      vertex 418.059 157.1 4.02776
      vertex 418.469 153.1 3.85793
      vertex 418.469 157.1 3.85793
    endloop
  endfacet
  facet normal 0.382688 0 0.923878
    outer loop
      vertex 418.469 153.1 3.85793
      vertex 418.059 157.1 4.02776
      vertex 418.059 153.1 4.02776
    endloop
  endfacet
  facet normal 0.608848 0 0.793287
    outer loop
      vertex 417.707 157.1 4.29792
      vertex 418.059 153.1 4.02776
      vertex 418.059 157.1 4.02776
    endloop
  endfacet
  facet normal 0.608848 0 0.793287
    outer loop
      vertex 418.059 153.1 4.02776
      vertex 417.707 157.1 4.29792
      vertex 417.707 153.1 4.29792
    endloop
  endfacet
  facet normal -0.991423 0 0.130691
    outer loop
      vertex 420.551 153.1 5.06001
      vertex 420.609 157.1 5.5
      vertex 420.551 157.1 5.06001
    endloop
  endfacet
  facet normal -0.991423 0 0.130691
    outer loop
      vertex 420.609 157.1 5.5
      vertex 420.551 153.1 5.06001
      vertex 420.609 153.1 5.5
    endloop
  endfacet
  facet normal -0.793528 0 -0.608534
    outer loop
      vertex 420.381 153.1 6.35
      vertex 420.111 157.1 6.70208
      vertex 420.381 157.1 6.35
    endloop
  endfacet
  facet normal -0.793528 -0 -0.608534
    outer loop
      vertex 420.111 157.1 6.70208
      vertex 420.381 153.1 6.35
      vertex 420.111 153.1 6.70208
    endloop
  endfacet
  facet normal -0.923745 0 0.383007
    outer loop
      vertex 420.381 153.1 4.65
      vertex 420.551 157.1 5.06001
      vertex 420.381 157.1 4.65
    endloop
  endfacet
  facet normal -0.923745 0 0.383007
    outer loop
      vertex 420.551 157.1 5.06001
      vertex 420.381 153.1 4.65
      vertex 420.551 153.1 5.06001
    endloop
  endfacet
  facet normal -0.923745 0 -0.383007
    outer loop
      vertex 420.551 153.1 5.93999
      vertex 420.381 157.1 6.35
      vertex 420.551 157.1 5.93999
    endloop
  endfacet
  facet normal -0.923745 -0 -0.383007
    outer loop
      vertex 420.381 157.1 6.35
      vertex 420.551 153.1 5.93999
      vertex 420.381 153.1 6.35
    endloop
  endfacet
  facet normal -0.608848 0 -0.793287
    outer loop
      vertex 419.759 153.1 6.97224
      vertex 420.111 157.1 6.70208
      vertex 420.111 153.1 6.70208
    endloop
  endfacet
  facet normal -0.608848 0 -0.793287
    outer loop
      vertex 420.111 157.1 6.70208
      vertex 419.759 153.1 6.97224
      vertex 419.759 157.1 6.97224
    endloop
  endfacet
  facet normal -0.130533 0 -0.991444
    outer loop
      vertex 418.909 153.1 7.2
      vertex 419.349 157.1 7.14207
      vertex 419.349 153.1 7.14207
    endloop
  endfacet
  facet normal -0.130533 0 -0.991444
    outer loop
      vertex 419.349 157.1 7.14207
      vertex 418.909 153.1 7.2
      vertex 418.909 157.1 7.2
    endloop
  endfacet
  facet normal 0.130533 0 -0.991444
    outer loop
      vertex 418.469 153.1 7.14207
      vertex 418.909 157.1 7.2
      vertex 418.909 153.1 7.2
    endloop
  endfacet
  facet normal 0.130533 0 -0.991444
    outer loop
      vertex 418.909 157.1 7.2
      vertex 418.469 153.1 7.14207
      vertex 418.469 157.1 7.14207
    endloop
  endfacet
  facet normal 0.793528 0 -0.608534
    outer loop
      vertex 417.707 153.1 6.70208
      vertex 417.437 157.1 6.35
      vertex 417.707 157.1 6.70208
    endloop
  endfacet
  facet normal 0.793528 0 -0.608534
    outer loop
      vertex 417.437 157.1 6.35
      vertex 417.707 153.1 6.70208
      vertex 417.437 153.1 6.35
    endloop
  endfacet
  facet normal 0.923745 0 -0.383007
    outer loop
      vertex 417.437 153.1 6.35
      vertex 417.267 157.1 5.93999
      vertex 417.437 157.1 6.35
    endloop
  endfacet
  facet normal 0.923745 0 -0.383007
    outer loop
      vertex 417.267 157.1 5.93999
      vertex 417.437 153.1 6.35
      vertex 417.267 153.1 5.93999
    endloop
  endfacet
  facet normal 0.608848 0 -0.793287
    outer loop
      vertex 417.707 153.1 6.70208
      vertex 418.059 157.1 6.97224
      vertex 418.059 153.1 6.97224
    endloop
  endfacet
  facet normal 0.608848 0 -0.793287
    outer loop
      vertex 418.059 157.1 6.97224
      vertex 417.707 153.1 6.70208
      vertex 417.707 157.1 6.70208
    endloop
  endfacet
  facet normal 0.382688 0 -0.923878
    outer loop
      vertex 418.059 153.1 6.97224
      vertex 418.469 157.1 7.14207
      vertex 418.469 153.1 7.14207
    endloop
  endfacet
  facet normal 0.382688 0 -0.923878
    outer loop
      vertex 418.469 157.1 7.14207
      vertex 418.059 153.1 6.97224
      vertex 418.059 157.1 6.97224
    endloop
  endfacet
  facet normal -0.793528 0 0.608534
    outer loop
      vertex 461.002 153.1 4.29792
      vertex 461.272 157.1 4.65
      vertex 461.002 157.1 4.29792
    endloop
  endfacet
  facet normal -0.793528 0 0.608534
    outer loop
      vertex 461.272 157.1 4.65
      vertex 461.002 153.1 4.29792
      vertex 461.272 153.1 4.65
    endloop
  endfacet
  facet normal -0.130533 0 0.991444
    outer loop
      vertex 459.8 157.1 3.8
      vertex 460.24 153.1 3.85793
      vertex 460.24 157.1 3.85793
    endloop
  endfacet
  facet normal -0.130533 0 0.991444
    outer loop
      vertex 460.24 153.1 3.85793
      vertex 459.8 157.1 3.8
      vertex 459.8 153.1 3.8
    endloop
  endfacet
  facet normal 0.923745 -0 0.383007
    outer loop
      vertex 458.158 153.1 5.06001
      vertex 458.328 157.1 4.65
      vertex 458.158 157.1 5.06001
    endloop
  endfacet
  facet normal 0.923745 0 0.383007
    outer loop
      vertex 458.328 157.1 4.65
      vertex 458.158 153.1 5.06001
      vertex 458.328 153.1 4.65
    endloop
  endfacet
  facet normal -0.991423 0 -0.130691
    outer loop
      vertex 461.5 153.1 5.5
      vertex 461.442 157.1 5.93999
      vertex 461.5 157.1 5.5
    endloop
  endfacet
  facet normal -0.991423 -0 -0.130691
    outer loop
      vertex 461.442 157.1 5.93999
      vertex 461.5 153.1 5.5
      vertex 461.442 153.1 5.93999
    endloop
  endfacet
  facet normal -0.608848 0 0.793287
    outer loop
      vertex 460.65 157.1 4.02776
      vertex 461.002 153.1 4.29792
      vertex 461.002 157.1 4.29792
    endloop
  endfacet
  facet normal -0.608848 0 0.793287
    outer loop
      vertex 461.002 153.1 4.29792
      vertex 460.65 157.1 4.02776
      vertex 460.65 153.1 4.02776
    endloop
  endfacet
  facet normal 0.130533 0 0.991444
    outer loop
      vertex 459.36 157.1 3.85793
      vertex 459.8 153.1 3.8
      vertex 459.8 157.1 3.8
    endloop
  endfacet
  facet normal 0.130533 0 0.991444
    outer loop
      vertex 459.8 153.1 3.8
      vertex 459.36 157.1 3.85793
      vertex 459.36 153.1 3.85793
    endloop
  endfacet
  facet normal -0.382688 0 -0.923878
    outer loop
      vertex 460.24 153.1 7.14207
      vertex 460.65 157.1 6.97224
      vertex 460.65 153.1 6.97224
    endloop
  endfacet
  facet normal -0.382688 0 -0.923878
    outer loop
      vertex 460.65 157.1 6.97224
      vertex 460.24 153.1 7.14207
      vertex 460.24 157.1 7.14207
    endloop
  endfacet
  facet normal -0.923745 0 0.383007
    outer loop
      vertex 461.272 153.1 4.65
      vertex 461.442 157.1 5.06001
      vertex 461.272 157.1 4.65
    endloop
  endfacet
  facet normal -0.923745 0 0.383007
    outer loop
      vertex 461.442 157.1 5.06001
      vertex 461.272 153.1 4.65
      vertex 461.442 153.1 5.06001
    endloop
  endfacet
  facet normal -0.382688 0 0.923878
    outer loop
      vertex 460.24 157.1 3.85793
      vertex 460.65 153.1 4.02776
      vertex 460.65 157.1 4.02776
    endloop
  endfacet
  facet normal -0.382688 0 0.923878
    outer loop
      vertex 460.65 153.1 4.02776
      vertex 460.24 157.1 3.85793
      vertex 460.24 153.1 3.85793
    endloop
  endfacet
  facet normal 0.991423 -0 0.130691
    outer loop
      vertex 458.1 153.1 5.5
      vertex 458.158 157.1 5.06001
      vertex 458.1 157.1 5.5
    endloop
  endfacet
  facet normal 0.991423 0 0.130691
    outer loop
      vertex 458.158 157.1 5.06001
      vertex 458.1 153.1 5.5
      vertex 458.158 153.1 5.06001
    endloop
  endfacet
  facet normal 0.793528 -0 0.608534
    outer loop
      vertex 458.328 153.1 4.65
      vertex 458.598 157.1 4.29792
      vertex 458.328 157.1 4.65
    endloop
  endfacet
  facet normal 0.793528 0 0.608534
    outer loop
      vertex 458.598 157.1 4.29792
      vertex 458.328 153.1 4.65
      vertex 458.598 153.1 4.29792
    endloop
  endfacet
  facet normal 0.382688 0 0.923878
    outer loop
      vertex 458.95 157.1 4.02776
      vertex 459.36 153.1 3.85793
      vertex 459.36 157.1 3.85793
    endloop
  endfacet
  facet normal 0.382688 0 0.923878
    outer loop
      vertex 459.36 153.1 3.85793
      vertex 458.95 157.1 4.02776
      vertex 458.95 153.1 4.02776
    endloop
  endfacet
  facet normal 0.608848 0 0.793287
    outer loop
      vertex 458.598 157.1 4.29792
      vertex 458.95 153.1 4.02776
      vertex 458.95 157.1 4.02776
    endloop
  endfacet
  facet normal 0.608848 0 0.793287
    outer loop
      vertex 458.95 153.1 4.02776
      vertex 458.598 157.1 4.29792
      vertex 458.598 153.1 4.29792
    endloop
  endfacet
  facet normal -0.991423 0 0.130691
    outer loop
      vertex 461.442 153.1 5.06001
      vertex 461.5 157.1 5.5
      vertex 461.442 157.1 5.06001
    endloop
  endfacet
  facet normal -0.991423 0 0.130691
    outer loop
      vertex 461.5 157.1 5.5
      vertex 461.442 153.1 5.06001
      vertex 461.5 153.1 5.5
    endloop
  endfacet
  facet normal 0.608848 0 -0.793287
    outer loop
      vertex 458.598 153.1 6.70208
      vertex 458.95 157.1 6.97224
      vertex 458.95 153.1 6.97224
    endloop
  endfacet
  facet normal 0.608848 0 -0.793287
    outer loop
      vertex 458.95 157.1 6.97224
      vertex 458.598 153.1 6.70208
      vertex 458.598 157.1 6.70208
    endloop
  endfacet
  facet normal 0.793528 0 -0.608534
    outer loop
      vertex 458.598 153.1 6.70208
      vertex 458.328 157.1 6.35
      vertex 458.598 157.1 6.70208
    endloop
  endfacet
  facet normal 0.793528 0 -0.608534
    outer loop
      vertex 458.328 157.1 6.35
      vertex 458.598 153.1 6.70208
      vertex 458.328 153.1 6.35
    endloop
  endfacet
  facet normal -0.793528 0 -0.608534
    outer loop
      vertex 461.272 153.1 6.35
      vertex 461.002 157.1 6.70208
      vertex 461.272 157.1 6.35
    endloop
  endfacet
  facet normal -0.793528 -0 -0.608534
    outer loop
      vertex 461.002 157.1 6.70208
      vertex 461.272 153.1 6.35
      vertex 461.002 153.1 6.70208
    endloop
  endfacet
  facet normal 0.991423 0 -0.130691
    outer loop
      vertex 458.158 153.1 5.93999
      vertex 458.1 157.1 5.5
      vertex 458.158 157.1 5.93999
    endloop
  endfacet
  facet normal 0.991423 0 -0.130691
    outer loop
      vertex 458.1 157.1 5.5
      vertex 458.158 153.1 5.93999
      vertex 458.1 153.1 5.5
    endloop
  endfacet
  facet normal -0.923745 0 -0.383007
    outer loop
      vertex 461.442 153.1 5.93999
      vertex 461.272 157.1 6.35
      vertex 461.442 157.1 5.93999
    endloop
  endfacet
  facet normal -0.923745 -0 -0.383007
    outer loop
      vertex 461.272 157.1 6.35
      vertex 461.442 153.1 5.93999
      vertex 461.272 153.1 6.35
    endloop
  endfacet
  facet normal -0.608848 0 -0.793287
    outer loop
      vertex 460.65 153.1 6.97224
      vertex 461.002 157.1 6.70208
      vertex 461.002 153.1 6.70208
    endloop
  endfacet
  facet normal -0.608848 0 -0.793287
    outer loop
      vertex 461.002 157.1 6.70208
      vertex 460.65 153.1 6.97224
      vertex 460.65 157.1 6.97224
    endloop
  endfacet
  facet normal 0.382688 0 -0.923878
    outer loop
      vertex 458.95 153.1 6.97224
      vertex 459.36 157.1 7.14207
      vertex 459.36 153.1 7.14207
    endloop
  endfacet
  facet normal 0.382688 0 -0.923878
    outer loop
      vertex 459.36 157.1 7.14207
      vertex 458.95 153.1 6.97224
      vertex 458.95 157.1 6.97224
    endloop
  endfacet
  facet normal -0.130533 0 -0.991444
    outer loop
      vertex 459.8 153.1 7.2
      vertex 460.24 157.1 7.14207
      vertex 460.24 153.1 7.14207
    endloop
  endfacet
  facet normal -0.130533 0 -0.991444
    outer loop
      vertex 460.24 157.1 7.14207
      vertex 459.8 153.1 7.2
      vertex 459.8 157.1 7.2
    endloop
  endfacet
  facet normal 0.130533 0 -0.991444
    outer loop
      vertex 459.36 153.1 7.14207
      vertex 459.8 157.1 7.2
      vertex 459.8 153.1 7.2
    endloop
  endfacet
  facet normal 0.130533 0 -0.991444
    outer loop
      vertex 459.8 157.1 7.2
      vertex 459.36 153.1 7.14207
      vertex 459.36 157.1 7.14207
    endloop
  endfacet
  facet normal 0.923745 0 -0.383007
    outer loop
      vertex 458.328 153.1 6.35
      vertex 458.158 157.1 5.93999
      vertex 458.328 157.1 6.35
    endloop
  endfacet
  facet normal 0.923745 0 -0.383007
    outer loop
      vertex 458.158 157.1 5.93999
      vertex 458.328 153.1 6.35
      vertex 458.158 153.1 5.93999
    endloop
  endfacet
endsolid OpenSCAD_Model
