solid OpenSCAD_Model
  facet normal 0 1 -0
    outer loop
      vertex 308.472 334.2 0
      vertex 308.42 334.2 12
      vertex 308.472 334.2 12
    endloop
  endfacet
  facet normal 0 1 0
    outer loop
      vertex 308.42 334.2 12
      vertex 308.472 334.2 0
      vertex 308.42 334.2 0
    endloop
  endfacet
  facet normal 0.037709 0.999289 -0
    outer loop
      vertex 308.525 334.198 0
      vertex 308.472 334.2 12
      vertex 308.525 334.198 12
    endloop
  endfacet
  facet normal 0.037709 0.999289 0
    outer loop
      vertex 308.472 334.2 12
      vertex 308.525 334.198 0
      vertex 308.472 334.2 0
    endloop
  endfacet
  facet normal 0.0384331 0.999261 -0
    outer loop
      vertex 308.577 334.196 0
      vertex 308.525 334.198 12
      vertex 308.577 334.196 12
    endloop
  endfacet
  facet normal 0.0384331 0.999261 0
    outer loop
      vertex 308.525 334.198 12
      vertex 308.577 334.196 0
      vertex 308.525 334.198 0
    endloop
  endfacet
  facet normal 0.0575965 0.99834 -0
    outer loop
      vertex 308.629 334.193 0
      vertex 308.577 334.196 12
      vertex 308.629 334.193 12
    endloop
  endfacet
  facet normal 0.0575965 0.99834 0
    outer loop
      vertex 308.577 334.196 12
      vertex 308.629 334.193 0
      vertex 308.577 334.196 0
    endloop
  endfacet
  facet normal 0.0766965 0.997054 -0
    outer loop
      vertex 308.681 334.189 0
      vertex 308.629 334.193 12
      vertex 308.681 334.189 12
    endloop
  endfacet
  facet normal 0.0766965 0.997054 0
    outer loop
      vertex 308.629 334.193 12
      vertex 308.681 334.189 0
      vertex 308.629 334.193 0
    endloop
  endfacet
  facet normal 0.0939226 0.99558 -0
    outer loop
      vertex 308.734 334.184 0
      vertex 308.681 334.189 12
      vertex 308.734 334.184 12
    endloop
  endfacet
  facet normal 0.0939226 0.99558 0
    outer loop
      vertex 308.681 334.189 12
      vertex 308.734 334.184 0
      vertex 308.681 334.189 0
    endloop
  endfacet
  facet normal 0.114624 0.993409 -0
    outer loop
      vertex 308.786 334.178 0
      vertex 308.734 334.184 12
      vertex 308.786 334.178 12
    endloop
  endfacet
  facet normal 0.114624 0.993409 0
    outer loop
      vertex 308.734 334.184 12
      vertex 308.786 334.178 0
      vertex 308.734 334.184 0
    endloop
  endfacet
  facet normal 0.133412 0.991061 -0
    outer loop
      vertex 308.838 334.171 0
      vertex 308.786 334.178 12
      vertex 308.838 334.171 12
    endloop
  endfacet
  facet normal 0.133412 0.991061 0
    outer loop
      vertex 308.786 334.178 12
      vertex 308.838 334.171 0
      vertex 308.786 334.178 0
    endloop
  endfacet
  facet normal 0.154968 0.98792 -0
    outer loop
      vertex 308.889 334.163 0
      vertex 308.838 334.171 12
      vertex 308.889 334.163 12
    endloop
  endfacet
  facet normal 0.154968 0.98792 0
    outer loop
      vertex 308.838 334.171 12
      vertex 308.889 334.163 0
      vertex 308.838 334.171 0
    endloop
  endfacet
  facet normal 0.170541 0.985351 -0
    outer loop
      vertex 308.941 334.154 0
      vertex 308.889 334.163 12
      vertex 308.941 334.154 12
    endloop
  endfacet
  facet normal 0.170541 0.985351 0
    outer loop
      vertex 308.889 334.163 12
      vertex 308.941 334.154 0
      vertex 308.889 334.163 0
    endloop
  endfacet
  facet normal 0.173785 0.984784 -0
    outer loop
      vertex 308.992 334.145 0
      vertex 308.941 334.154 12
      vertex 308.992 334.145 12
    endloop
  endfacet
  facet normal 0.173785 0.984784 0
    outer loop
      vertex 308.941 334.154 12
      vertex 308.992 334.145 0
      vertex 308.941 334.154 0
    endloop
  endfacet
  facet normal 0.206959 0.97835 -0
    outer loop
      vertex 309.044 334.134 0
      vertex 308.992 334.145 12
      vertex 309.044 334.134 12
    endloop
  endfacet
  facet normal 0.206959 0.97835 0
    outer loop
      vertex 308.992 334.145 12
      vertex 309.044 334.134 0
      vertex 308.992 334.145 0
    endloop
  endfacet
  facet normal 0.210838 0.977521 -0
    outer loop
      vertex 309.095 334.123 0
      vertex 309.044 334.134 12
      vertex 309.095 334.123 12
    endloop
  endfacet
  facet normal 0.210838 0.977521 0
    outer loop
      vertex 309.044 334.134 12
      vertex 309.095 334.123 0
      vertex 309.044 334.134 0
    endloop
  endfacet
  facet normal 0.229039 0.973417 -0
    outer loop
      vertex 309.146 334.111 0
      vertex 309.095 334.123 12
      vertex 309.146 334.111 12
    endloop
  endfacet
  facet normal 0.229039 0.973417 0
    outer loop
      vertex 309.095 334.123 12
      vertex 309.146 334.111 0
      vertex 309.095 334.123 0
    endloop
  endfacet
  facet normal 0.251634 0.967823 -0
    outer loop
      vertex 309.196 334.098 0
      vertex 309.146 334.111 12
      vertex 309.196 334.098 12
    endloop
  endfacet
  facet normal 0.251634 0.967823 0
    outer loop
      vertex 309.146 334.111 12
      vertex 309.196 334.098 0
      vertex 309.146 334.111 0
    endloop
  endfacet
  facet normal 0.264717 0.964326 -0
    outer loop
      vertex 309.247 334.084 0
      vertex 309.196 334.098 12
      vertex 309.247 334.084 12
    endloop
  endfacet
  facet normal 0.264717 0.964326 0
    outer loop
      vertex 309.196 334.098 12
      vertex 309.247 334.084 0
      vertex 309.196 334.098 0
    endloop
  endfacet
  facet normal 0.287348 0.957826 -0
    outer loop
      vertex 309.297 334.069 0
      vertex 309.247 334.084 12
      vertex 309.297 334.069 12
    endloop
  endfacet
  facet normal 0.287348 0.957826 0
    outer loop
      vertex 309.247 334.084 12
      vertex 309.297 334.069 0
      vertex 309.247 334.084 0
    endloop
  endfacet
  facet normal 0.304776 0.952424 -0
    outer loop
      vertex 309.347 334.053 0
      vertex 309.297 334.069 12
      vertex 309.347 334.053 12
    endloop
  endfacet
  facet normal 0.304776 0.952424 0
    outer loop
      vertex 309.297 334.069 12
      vertex 309.347 334.053 0
      vertex 309.297 334.069 0
    endloop
  endfacet
  facet normal 0.304776 0.952424 -0
    outer loop
      vertex 309.397 334.037 0
      vertex 309.347 334.053 12
      vertex 309.397 334.037 12
    endloop
  endfacet
  facet normal 0.304776 0.952424 0
    outer loop
      vertex 309.347 334.053 12
      vertex 309.397 334.037 0
      vertex 309.347 334.053 0
    endloop
  endfacet
  facet normal 0.344817 0.93867 -0
    outer loop
      vertex 309.446 334.019 0
      vertex 309.397 334.037 12
      vertex 309.446 334.019 12
    endloop
  endfacet
  facet normal 0.344817 0.93867 0
    outer loop
      vertex 309.397 334.037 12
      vertex 309.446 334.019 0
      vertex 309.397 334.037 0
    endloop
  endfacet
  facet normal 0.344817 0.93867 -0
    outer loop
      vertex 309.495 334.001 0
      vertex 309.446 334.019 12
      vertex 309.495 334.001 12
    endloop
  endfacet
  facet normal 0.344817 0.93867 0
    outer loop
      vertex 309.446 334.019 12
      vertex 309.495 334.001 0
      vertex 309.446 334.019 0
    endloop
  endfacet
  facet normal 0.361528 0.932361 -0
    outer loop
      vertex 309.544 333.982 0
      vertex 309.495 334.001 12
      vertex 309.544 333.982 12
    endloop
  endfacet
  facet normal 0.361528 0.932361 0
    outer loop
      vertex 309.495 334.001 12
      vertex 309.544 333.982 0
      vertex 309.495 334.001 0
    endloop
  endfacet
  facet normal 0.384615 0.923077 -0
    outer loop
      vertex 309.592 333.962 0
      vertex 309.544 333.982 12
      vertex 309.592 333.962 12
    endloop
  endfacet
  facet normal 0.384615 0.923077 0
    outer loop
      vertex 309.544 333.982 12
      vertex 309.592 333.962 0
      vertex 309.544 333.982 0
    endloop
  endfacet
  facet normal 0.400819 0.916157 -0
    outer loop
      vertex 309.64 333.941 0
      vertex 309.592 333.962 12
      vertex 309.64 333.941 12
    endloop
  endfacet
  facet normal 0.400819 0.916157 0
    outer loop
      vertex 309.592 333.962 12
      vertex 309.64 333.941 0
      vertex 309.592 333.962 0
    endloop
  endfacet
  facet normal 0.416655 0.909065 -0
    outer loop
      vertex 309.688 333.919 0
      vertex 309.64 333.941 12
      vertex 309.688 333.919 12
    endloop
  endfacet
  facet normal 0.416655 0.909065 0
    outer loop
      vertex 309.64 333.941 12
      vertex 309.688 333.919 0
      vertex 309.64 333.941 0
    endloop
  endfacet
  facet normal 0.439553 0.898217 -0
    outer loop
      vertex 309.735 333.896 0
      vertex 309.688 333.919 12
      vertex 309.735 333.896 12
    endloop
  endfacet
  facet normal 0.439553 0.898217 0
    outer loop
      vertex 309.688 333.919 12
      vertex 309.735 333.896 0
      vertex 309.688 333.919 0
    endloop
  endfacet
  facet normal 0.439553 0.898217 -0
    outer loop
      vertex 309.782 333.873 0
      vertex 309.735 333.896 12
      vertex 309.782 333.873 12
    endloop
  endfacet
  facet normal 0.439553 0.898217 0
    outer loop
      vertex 309.735 333.896 12
      vertex 309.782 333.873 0
      vertex 309.735 333.896 0
    endloop
  endfacet
  facet normal 0.462566 0.886585 -0
    outer loop
      vertex 309.828 333.849 0
      vertex 309.782 333.873 12
      vertex 309.828 333.849 12
    endloop
  endfacet
  facet normal 0.462566 0.886585 0
    outer loop
      vertex 309.782 333.873 12
      vertex 309.828 333.849 0
      vertex 309.782 333.873 0
    endloop
  endfacet
  facet normal 0.477513 0.878625 -0
    outer loop
      vertex 309.874 333.824 0
      vertex 309.828 333.849 12
      vertex 309.874 333.824 12
    endloop
  endfacet
  facet normal 0.477513 0.878625 0
    outer loop
      vertex 309.828 333.849 12
      vertex 309.874 333.824 0
      vertex 309.828 333.849 0
    endloop
  endfacet
  facet normal 0.492057 0.870563 -0
    outer loop
      vertex 309.92 333.798 0
      vertex 309.874 333.824 12
      vertex 309.92 333.798 12
    endloop
  endfacet
  facet normal 0.492057 0.870563 0
    outer loop
      vertex 309.874 333.824 12
      vertex 309.92 333.798 0
      vertex 309.874 333.824 0
    endloop
  endfacet
  facet normal 0.514496 0.857493 -0
    outer loop
      vertex 309.965 333.771 0
      vertex 309.92 333.798 12
      vertex 309.965 333.771 12
    endloop
  endfacet
  facet normal 0.514496 0.857493 0
    outer loop
      vertex 309.92 333.798 12
      vertex 309.965 333.771 0
      vertex 309.92 333.798 0
    endloop
  endfacet
  facet normal 0.514496 0.857493 -0
    outer loop
      vertex 310.01 333.744 0
      vertex 309.965 333.771 12
      vertex 310.01 333.744 12
    endloop
  endfacet
  facet normal 0.514496 0.857493 0
    outer loop
      vertex 309.965 333.771 12
      vertex 310.01 333.744 0
      vertex 309.965 333.771 0
    endloop
  endfacet
  facet normal 0.536875 0.843661 -0
    outer loop
      vertex 310.054 333.716 0
      vertex 310.01 333.744 12
      vertex 310.054 333.716 12
    endloop
  endfacet
  facet normal 0.536875 0.843661 0
    outer loop
      vertex 310.01 333.744 12
      vertex 310.054 333.716 0
      vertex 310.01 333.744 0
    endloop
  endfacet
  facet normal 0.550313 0.834958 -0
    outer loop
      vertex 310.098 333.687 0
      vertex 310.054 333.716 12
      vertex 310.098 333.687 12
    endloop
  endfacet
  facet normal 0.550313 0.834958 0
    outer loop
      vertex 310.054 333.716 12
      vertex 310.098 333.687 0
      vertex 310.054 333.716 0
    endloop
  endfacet
  facet normal 0.572182 0.820127 -0
    outer loop
      vertex 310.141 333.657 0
      vertex 310.098 333.687 12
      vertex 310.141 333.657 12
    endloop
  endfacet
  facet normal 0.572182 0.820127 0
    outer loop
      vertex 310.098 333.687 12
      vertex 310.141 333.657 0
      vertex 310.098 333.687 0
    endloop
  endfacet
  facet normal 0.581238 0.813733 -0
    outer loop
      vertex 310.183 333.627 0
      vertex 310.141 333.657 12
      vertex 310.183 333.627 12
    endloop
  endfacet
  facet normal 0.581238 0.813733 0
    outer loop
      vertex 310.141 333.657 12
      vertex 310.183 333.627 0
      vertex 310.141 333.657 0
    endloop
  endfacet
  facet normal 0.593852 0.804574 -0
    outer loop
      vertex 310.225 333.596 0
      vertex 310.183 333.627 12
      vertex 310.225 333.596 12
    endloop
  endfacet
  facet normal 0.593852 0.804574 0
    outer loop
      vertex 310.183 333.627 12
      vertex 310.225 333.596 0
      vertex 310.183 333.627 0
    endloop
  endfacet
  facet normal 0.606043 0.795432 -0
    outer loop
      vertex 310.267 333.564 0
      vertex 310.225 333.596 12
      vertex 310.267 333.564 12
    endloop
  endfacet
  facet normal 0.606043 0.795432 0
    outer loop
      vertex 310.225 333.596 12
      vertex 310.267 333.564 0
      vertex 310.225 333.596 0
    endloop
  endfacet
  facet normal 0.627009 0.779012 -0
    outer loop
      vertex 310.308 333.531 0
      vertex 310.267 333.564 12
      vertex 310.308 333.531 12
    endloop
  endfacet
  facet normal 0.627009 0.779012 0
    outer loop
      vertex 310.267 333.564 12
      vertex 310.308 333.531 0
      vertex 310.267 333.564 0
    endloop
  endfacet
  facet normal 0.636383 0.771373 -0
    outer loop
      vertex 310.348 333.498 0
      vertex 310.308 333.531 12
      vertex 310.348 333.498 12
    endloop
  endfacet
  facet normal 0.636383 0.771373 0
    outer loop
      vertex 310.308 333.531 12
      vertex 310.348 333.498 0
      vertex 310.308 333.531 0
    endloop
  endfacet
  facet normal 0.647648 0.761939 -0
    outer loop
      vertex 310.388 333.464 0
      vertex 310.348 333.498 12
      vertex 310.388 333.464 12
    endloop
  endfacet
  facet normal 0.647648 0.761939 0
    outer loop
      vertex 310.348 333.498 12
      vertex 310.388 333.464 0
      vertex 310.348 333.498 0
    endloop
  endfacet
  facet normal 0.66791 0.744242 -0
    outer loop
      vertex 310.427 333.429 0
      vertex 310.388 333.464 12
      vertex 310.427 333.429 12
    endloop
  endfacet
  facet normal 0.66791 0.744242 0
    outer loop
      vertex 310.388 333.464 12
      vertex 310.427 333.429 0
      vertex 310.388 333.464 0
    endloop
  endfacet
  facet normal 0.66791 0.744242 -0
    outer loop
      vertex 310.466 333.394 0
      vertex 310.427 333.429 12
      vertex 310.466 333.394 12
    endloop
  endfacet
  facet normal 0.66791 0.744242 0
    outer loop
      vertex 310.427 333.429 12
      vertex 310.466 333.394 0
      vertex 310.427 333.429 0
    endloop
  endfacet
  facet normal 0.687745 0.725953 -0
    outer loop
      vertex 310.504 333.358 0
      vertex 310.466 333.394 12
      vertex 310.504 333.358 12
    endloop
  endfacet
  facet normal 0.687745 0.725953 0
    outer loop
      vertex 310.466 333.394 12
      vertex 310.504 333.358 0
      vertex 310.466 333.394 0
    endloop
  endfacet
  facet normal 0.707107 0.707107 -0
    outer loop
      vertex 310.541 333.321 0
      vertex 310.504 333.358 12
      vertex 310.541 333.321 12
    endloop
  endfacet
  facet normal 0.707107 0.707107 0
    outer loop
      vertex 310.504 333.358 12
      vertex 310.541 333.321 0
      vertex 310.504 333.358 0
    endloop
  endfacet
  facet normal 0.707107 0.707107 0
    outer loop
      vertex 310.578 333.284 12
      vertex 310.541 333.321 0
      vertex 310.541 333.321 12
    endloop
  endfacet
  facet normal 0.707107 0.707107 0
    outer loop
      vertex 310.541 333.321 0
      vertex 310.578 333.284 12
      vertex 310.578 333.284 0
    endloop
  endfacet
  facet normal 0.725953 0.687745 0
    outer loop
      vertex 310.614 333.246 12
      vertex 310.578 333.284 0
      vertex 310.578 333.284 12
    endloop
  endfacet
  facet normal 0.725953 0.687745 0
    outer loop
      vertex 310.578 333.284 0
      vertex 310.614 333.246 12
      vertex 310.614 333.246 0
    endloop
  endfacet
  facet normal 0.744242 0.66791 0
    outer loop
      vertex 310.649 333.207 12
      vertex 310.614 333.246 0
      vertex 310.614 333.246 12
    endloop
  endfacet
  facet normal 0.744242 0.66791 0
    outer loop
      vertex 310.614 333.246 0
      vertex 310.649 333.207 12
      vertex 310.649 333.207 0
    endloop
  endfacet
  facet normal 0.744242 0.66791 0
    outer loop
      vertex 310.684 333.168 12
      vertex 310.649 333.207 0
      vertex 310.649 333.207 12
    endloop
  endfacet
  facet normal 0.744242 0.66791 0
    outer loop
      vertex 310.649 333.207 0
      vertex 310.684 333.168 12
      vertex 310.684 333.168 0
    endloop
  endfacet
  facet normal 0.761939 0.647648 0
    outer loop
      vertex 310.718 333.128 12
      vertex 310.684 333.168 0
      vertex 310.684 333.168 12
    endloop
  endfacet
  facet normal 0.761939 0.647648 0
    outer loop
      vertex 310.684 333.168 0
      vertex 310.718 333.128 12
      vertex 310.718 333.128 0
    endloop
  endfacet
  facet normal 0.771373 0.636383 0
    outer loop
      vertex 310.751 333.088 12
      vertex 310.718 333.128 0
      vertex 310.718 333.128 12
    endloop
  endfacet
  facet normal 0.771373 0.636383 0
    outer loop
      vertex 310.718 333.128 0
      vertex 310.751 333.088 12
      vertex 310.751 333.088 0
    endloop
  endfacet
  facet normal 0.779012 0.627009 0
    outer loop
      vertex 310.784 333.047 12
      vertex 310.751 333.088 0
      vertex 310.751 333.088 12
    endloop
  endfacet
  facet normal 0.779012 0.627009 0
    outer loop
      vertex 310.751 333.088 0
      vertex 310.784 333.047 12
      vertex 310.784 333.047 0
    endloop
  endfacet
  facet normal 0.795432 0.606043 0
    outer loop
      vertex 310.816 333.005 12
      vertex 310.784 333.047 0
      vertex 310.784 333.047 12
    endloop
  endfacet
  facet normal 0.795432 0.606043 0
    outer loop
      vertex 310.784 333.047 0
      vertex 310.816 333.005 12
      vertex 310.816 333.005 0
    endloop
  endfacet
  facet normal 0.804574 0.593852 0
    outer loop
      vertex 310.847 332.963 12
      vertex 310.816 333.005 0
      vertex 310.816 333.005 12
    endloop
  endfacet
  facet normal 0.804574 0.593852 0
    outer loop
      vertex 310.816 333.005 0
      vertex 310.847 332.963 12
      vertex 310.847 332.963 0
    endloop
  endfacet
  facet normal 0.813733 0.581238 0
    outer loop
      vertex 310.877 332.921 12
      vertex 310.847 332.963 0
      vertex 310.847 332.963 12
    endloop
  endfacet
  facet normal 0.813733 0.581238 0
    outer loop
      vertex 310.847 332.963 0
      vertex 310.877 332.921 12
      vertex 310.877 332.921 0
    endloop
  endfacet
  facet normal 0.820127 0.572182 0
    outer loop
      vertex 310.907 332.878 12
      vertex 310.877 332.921 0
      vertex 310.877 332.921 12
    endloop
  endfacet
  facet normal 0.820127 0.572182 0
    outer loop
      vertex 310.877 332.921 0
      vertex 310.907 332.878 12
      vertex 310.907 332.878 0
    endloop
  endfacet
  facet normal 0.834958 0.550313 0
    outer loop
      vertex 310.936 332.834 12
      vertex 310.907 332.878 0
      vertex 310.907 332.878 12
    endloop
  endfacet
  facet normal 0.834958 0.550313 0
    outer loop
      vertex 310.907 332.878 0
      vertex 310.936 332.834 12
      vertex 310.936 332.834 0
    endloop
  endfacet
  facet normal 0.843661 0.536875 0
    outer loop
      vertex 310.964 332.79 12
      vertex 310.936 332.834 0
      vertex 310.936 332.834 12
    endloop
  endfacet
  facet normal 0.843661 0.536875 0
    outer loop
      vertex 310.936 332.834 0
      vertex 310.964 332.79 12
      vertex 310.964 332.79 0
    endloop
  endfacet
  facet normal 0.857493 0.514496 0
    outer loop
      vertex 310.991 332.745 12
      vertex 310.964 332.79 0
      vertex 310.964 332.79 12
    endloop
  endfacet
  facet normal 0.857493 0.514496 0
    outer loop
      vertex 310.964 332.79 0
      vertex 310.991 332.745 12
      vertex 310.991 332.745 0
    endloop
  endfacet
  facet normal 0.857493 0.514496 0
    outer loop
      vertex 311.018 332.7 12
      vertex 310.991 332.745 0
      vertex 310.991 332.745 12
    endloop
  endfacet
  facet normal 0.857493 0.514496 0
    outer loop
      vertex 310.991 332.745 0
      vertex 311.018 332.7 12
      vertex 311.018 332.7 0
    endloop
  endfacet
  facet normal 0.870563 0.492057 0
    outer loop
      vertex 311.044 332.654 12
      vertex 311.018 332.7 0
      vertex 311.018 332.7 12
    endloop
  endfacet
  facet normal 0.870563 0.492057 0
    outer loop
      vertex 311.018 332.7 0
      vertex 311.044 332.654 12
      vertex 311.044 332.654 0
    endloop
  endfacet
  facet normal 0.878625 0.477513 0
    outer loop
      vertex 311.069 332.608 12
      vertex 311.044 332.654 0
      vertex 311.044 332.654 12
    endloop
  endfacet
  facet normal 0.878625 0.477513 0
    outer loop
      vertex 311.044 332.654 0
      vertex 311.069 332.608 12
      vertex 311.069 332.608 0
    endloop
  endfacet
  facet normal 0.886585 0.462566 0
    outer loop
      vertex 311.093 332.562 12
      vertex 311.069 332.608 0
      vertex 311.069 332.608 12
    endloop
  endfacet
  facet normal 0.886585 0.462566 0
    outer loop
      vertex 311.069 332.608 0
      vertex 311.093 332.562 12
      vertex 311.093 332.562 0
    endloop
  endfacet
  facet normal 0.898217 0.439553 0
    outer loop
      vertex 311.116 332.515 12
      vertex 311.093 332.562 0
      vertex 311.093 332.562 12
    endloop
  endfacet
  facet normal 0.898217 0.439553 0
    outer loop
      vertex 311.093 332.562 0
      vertex 311.116 332.515 12
      vertex 311.116 332.515 0
    endloop
  endfacet
  facet normal 0.898217 0.439553 0
    outer loop
      vertex 311.139 332.468 12
      vertex 311.116 332.515 0
      vertex 311.116 332.515 12
    endloop
  endfacet
  facet normal 0.898217 0.439553 0
    outer loop
      vertex 311.116 332.515 0
      vertex 311.139 332.468 12
      vertex 311.139 332.468 0
    endloop
  endfacet
  facet normal 0.909065 0.416655 0
    outer loop
      vertex 311.161 332.42 12
      vertex 311.139 332.468 0
      vertex 311.139 332.468 12
    endloop
  endfacet
  facet normal 0.909065 0.416655 0
    outer loop
      vertex 311.139 332.468 0
      vertex 311.161 332.42 12
      vertex 311.161 332.42 0
    endloop
  endfacet
  facet normal 0.916157 0.400819 0
    outer loop
      vertex 311.182 332.372 12
      vertex 311.161 332.42 0
      vertex 311.161 332.42 12
    endloop
  endfacet
  facet normal 0.916157 0.400819 0
    outer loop
      vertex 311.161 332.42 0
      vertex 311.182 332.372 12
      vertex 311.182 332.372 0
    endloop
  endfacet
  facet normal 0.923077 0.384615 0
    outer loop
      vertex 311.202 332.324 12
      vertex 311.182 332.372 0
      vertex 311.182 332.372 12
    endloop
  endfacet
  facet normal 0.923077 0.384615 0
    outer loop
      vertex 311.182 332.372 0
      vertex 311.202 332.324 12
      vertex 311.202 332.324 0
    endloop
  endfacet
  facet normal 0.932361 0.361528 0
    outer loop
      vertex 311.221 332.275 12
      vertex 311.202 332.324 0
      vertex 311.202 332.324 12
    endloop
  endfacet
  facet normal 0.932361 0.361528 0
    outer loop
      vertex 311.202 332.324 0
      vertex 311.221 332.275 12
      vertex 311.221 332.275 0
    endloop
  endfacet
  facet normal 0.93867 0.344817 0
    outer loop
      vertex 311.239 332.226 12
      vertex 311.221 332.275 0
      vertex 311.221 332.275 12
    endloop
  endfacet
  facet normal 0.93867 0.344817 0
    outer loop
      vertex 311.221 332.275 0
      vertex 311.239 332.226 12
      vertex 311.239 332.226 0
    endloop
  endfacet
  facet normal 0.93867 0.344817 0
    outer loop
      vertex 311.257 332.177 12
      vertex 311.239 332.226 0
      vertex 311.239 332.226 12
    endloop
  endfacet
  facet normal 0.93867 0.344817 0
    outer loop
      vertex 311.239 332.226 0
      vertex 311.257 332.177 12
      vertex 311.257 332.177 0
    endloop
  endfacet
  facet normal 0.952424 0.304776 0
    outer loop
      vertex 311.273 332.127 12
      vertex 311.257 332.177 0
      vertex 311.257 332.177 12
    endloop
  endfacet
  facet normal 0.952424 0.304776 0
    outer loop
      vertex 311.257 332.177 0
      vertex 311.273 332.127 12
      vertex 311.273 332.127 0
    endloop
  endfacet
  facet normal 0.952424 0.304776 0
    outer loop
      vertex 311.289 332.077 12
      vertex 311.273 332.127 0
      vertex 311.273 332.127 12
    endloop
  endfacet
  facet normal 0.952424 0.304776 0
    outer loop
      vertex 311.273 332.127 0
      vertex 311.289 332.077 12
      vertex 311.289 332.077 0
    endloop
  endfacet
  facet normal 0.957826 0.287348 0
    outer loop
      vertex 311.304 332.027 12
      vertex 311.289 332.077 0
      vertex 311.289 332.077 12
    endloop
  endfacet
  facet normal 0.957826 0.287348 0
    outer loop
      vertex 311.289 332.077 0
      vertex 311.304 332.027 12
      vertex 311.304 332.027 0
    endloop
  endfacet
  facet normal 0.964326 0.264717 0
    outer loop
      vertex 311.318 331.976 12
      vertex 311.304 332.027 0
      vertex 311.304 332.027 12
    endloop
  endfacet
  facet normal 0.964326 0.264717 0
    outer loop
      vertex 311.304 332.027 0
      vertex 311.318 331.976 12
      vertex 311.318 331.976 0
    endloop
  endfacet
  facet normal 0.967823 0.251634 0
    outer loop
      vertex 311.331 331.926 12
      vertex 311.318 331.976 0
      vertex 311.318 331.976 12
    endloop
  endfacet
  facet normal 0.967823 0.251634 0
    outer loop
      vertex 311.318 331.976 0
      vertex 311.331 331.926 12
      vertex 311.331 331.926 0
    endloop
  endfacet
  facet normal 0.973417 0.229039 0
    outer loop
      vertex 311.343 331.875 12
      vertex 311.331 331.926 0
      vertex 311.331 331.926 12
    endloop
  endfacet
  facet normal 0.973417 0.229039 0
    outer loop
      vertex 311.331 331.926 0
      vertex 311.343 331.875 12
      vertex 311.343 331.875 0
    endloop
  endfacet
  facet normal 0.977521 0.210838 0
    outer loop
      vertex 311.354 331.824 12
      vertex 311.343 331.875 0
      vertex 311.343 331.875 12
    endloop
  endfacet
  facet normal 0.977521 0.210838 0
    outer loop
      vertex 311.343 331.875 0
      vertex 311.354 331.824 12
      vertex 311.354 331.824 0
    endloop
  endfacet
  facet normal 0.97835 0.206959 0
    outer loop
      vertex 311.365 331.772 12
      vertex 311.354 331.824 0
      vertex 311.354 331.824 12
    endloop
  endfacet
  facet normal 0.97835 0.206959 0
    outer loop
      vertex 311.354 331.824 0
      vertex 311.365 331.772 12
      vertex 311.365 331.772 0
    endloop
  endfacet
  facet normal 0.984784 0.173785 0
    outer loop
      vertex 311.374 331.721 12
      vertex 311.365 331.772 0
      vertex 311.365 331.772 12
    endloop
  endfacet
  facet normal 0.984784 0.173785 0
    outer loop
      vertex 311.365 331.772 0
      vertex 311.374 331.721 12
      vertex 311.374 331.721 0
    endloop
  endfacet
  facet normal 0.985351 0.170541 0
    outer loop
      vertex 311.383 331.669 12
      vertex 311.374 331.721 0
      vertex 311.374 331.721 12
    endloop
  endfacet
  facet normal 0.985351 0.170541 0
    outer loop
      vertex 311.374 331.721 0
      vertex 311.383 331.669 12
      vertex 311.383 331.669 0
    endloop
  endfacet
  facet normal 0.98792 0.154968 0
    outer loop
      vertex 311.391 331.618 12
      vertex 311.383 331.669 0
      vertex 311.383 331.669 12
    endloop
  endfacet
  facet normal 0.98792 0.154968 0
    outer loop
      vertex 311.383 331.669 0
      vertex 311.391 331.618 12
      vertex 311.391 331.618 0
    endloop
  endfacet
  facet normal 0.991061 0.133412 0
    outer loop
      vertex 311.398 331.566 12
      vertex 311.391 331.618 0
      vertex 311.391 331.618 12
    endloop
  endfacet
  facet normal 0.991061 0.133412 0
    outer loop
      vertex 311.391 331.618 0
      vertex 311.398 331.566 12
      vertex 311.398 331.566 0
    endloop
  endfacet
  facet normal 0.993409 0.114624 0
    outer loop
      vertex 311.404 331.514 12
      vertex 311.398 331.566 0
      vertex 311.398 331.566 12
    endloop
  endfacet
  facet normal 0.993409 0.114624 0
    outer loop
      vertex 311.398 331.566 0
      vertex 311.404 331.514 12
      vertex 311.404 331.514 0
    endloop
  endfacet
  facet normal 0.99558 0.0939226 0
    outer loop
      vertex 311.409 331.461 12
      vertex 311.404 331.514 0
      vertex 311.404 331.514 12
    endloop
  endfacet
  facet normal 0.99558 0.0939226 0
    outer loop
      vertex 311.404 331.514 0
      vertex 311.409 331.461 12
      vertex 311.409 331.461 0
    endloop
  endfacet
  facet normal 0.997054 0.0766965 0
    outer loop
      vertex 311.413 331.409 12
      vertex 311.409 331.461 0
      vertex 311.409 331.461 12
    endloop
  endfacet
  facet normal 0.997054 0.0766965 0
    outer loop
      vertex 311.409 331.461 0
      vertex 311.413 331.409 12
      vertex 311.413 331.409 0
    endloop
  endfacet
  facet normal 0.99834 0.0575965 0
    outer loop
      vertex 311.416 331.357 12
      vertex 311.413 331.409 0
      vertex 311.413 331.409 12
    endloop
  endfacet
  facet normal 0.99834 0.0575965 0
    outer loop
      vertex 311.413 331.409 0
      vertex 311.416 331.357 12
      vertex 311.416 331.357 0
    endloop
  endfacet
  facet normal 0.999261 0.0384331 0
    outer loop
      vertex 311.418 331.305 12
      vertex 311.416 331.357 0
      vertex 311.416 331.357 12
    endloop
  endfacet
  facet normal 0.999261 0.0384331 0
    outer loop
      vertex 311.416 331.357 0
      vertex 311.418 331.305 12
      vertex 311.418 331.305 0
    endloop
  endfacet
  facet normal 0.999289 0.037709 0
    outer loop
      vertex 311.42 331.252 12
      vertex 311.418 331.305 0
      vertex 311.418 331.305 12
    endloop
  endfacet
  facet normal 0.999289 0.037709 0
    outer loop
      vertex 311.418 331.305 0
      vertex 311.42 331.252 12
      vertex 311.42 331.252 0
    endloop
  endfacet
  facet normal 1 -0 0
    outer loop
      vertex 311.42 331.2 12
      vertex 311.42 331.252 0
      vertex 311.42 331.252 12
    endloop
  endfacet
  facet normal 1 0 0
    outer loop
      vertex 311.42 331.252 0
      vertex 311.42 331.2 12
      vertex 311.42 331.2 0
    endloop
  endfacet
  facet normal 0 0 1
    outer loop
      vertex 311.42 331.252 12
      vertex 309.42 331.217 12
      vertex 309.42 331.2 12
    endloop
  endfacet
  facet normal 0 0 1
    outer loop
      vertex 309.495 334.001 12
      vertex 309.419 331.235 12
      vertex 309.42 331.217 12
    endloop
  endfacet
  facet normal 0 0 1
    outer loop
      vertex 309.495 334.001 12
      vertex 309.419 331.252 12
      vertex 309.419 331.235 12
    endloop
  endfacet
  facet normal 0 0 1
    outer loop
      vertex 309.495 334.001 12
      vertex 309.418 331.27 12
      vertex 309.419 331.252 12
    endloop
  endfacet
  facet normal 0 0 1
    outer loop
      vertex 309.495 334.001 12
      vertex 309.416 331.287 12
      vertex 309.418 331.27 12
    endloop
  endfacet
  facet normal 0 0 1
    outer loop
      vertex 309.495 334.001 12
      vertex 309.415 331.305 12
      vertex 309.416 331.287 12
    endloop
  endfacet
  facet normal 0 0 1
    outer loop
      vertex 309.495 334.001 12
      vertex 309.413 331.322 12
      vertex 309.415 331.305 12
    endloop
  endfacet
  facet normal 0 0 1
    outer loop
      vertex 309.495 334.001 12
      vertex 309.41 331.339 12
      vertex 309.413 331.322 12
    endloop
  endfacet
  facet normal 0 0 1
    outer loop
      vertex 309.495 334.001 12
      vertex 309.408 331.356 12
      vertex 309.41 331.339 12
    endloop
  endfacet
  facet normal 0 0 1
    outer loop
      vertex 309.495 334.001 12
      vertex 309.405 331.374 12
      vertex 309.408 331.356 12
    endloop
  endfacet
  facet normal 0 0 1
    outer loop
      vertex 309.495 334.001 12
      vertex 309.402 331.391 12
      vertex 309.405 331.374 12
    endloop
  endfacet
  facet normal 0 0 1
    outer loop
      vertex 309.495 334.001 12
      vertex 309.398 331.408 12
      vertex 309.402 331.391 12
    endloop
  endfacet
  facet normal 0 0 1
    outer loop
      vertex 308.762 332.14 12
      vertex 309.446 334.019 12
      vertex 309.397 334.037 12
    endloop
  endfacet
  facet normal 0 0 1
    outer loop
      vertex 309.495 334.001 12
      vertex 309.394 331.425 12
      vertex 309.398 331.408 12
    endloop
  endfacet
  facet normal 0 0 1
    outer loop
      vertex 309.495 334.001 12
      vertex 309.39 331.442 12
      vertex 309.394 331.425 12
    endloop
  endfacet
  facet normal 0 0 1
    outer loop
      vertex 309.495 334.001 12
      vertex 309.386 331.459 12
      vertex 309.39 331.442 12
    endloop
  endfacet
  facet normal 0 0 1
    outer loop
      vertex 309.495 334.001 12
      vertex 309.381 331.476 12
      vertex 309.386 331.459 12
    endloop
  endfacet
  facet normal 0 0 1
    outer loop
      vertex 309.495 334.001 12
      vertex 309.376 331.492 12
      vertex 309.381 331.476 12
    endloop
  endfacet
  facet normal 0 0 1
    outer loop
      vertex 309.495 334.001 12
      vertex 309.371 331.509 12
      vertex 309.376 331.492 12
    endloop
  endfacet
  facet normal 0 0 1
    outer loop
      vertex 309.495 334.001 12
      vertex 309.366 331.526 12
      vertex 309.371 331.509 12
    endloop
  endfacet
  facet normal 0 0 1
    outer loop
      vertex 309.495 334.001 12
      vertex 309.36 331.542 12
      vertex 309.366 331.526 12
    endloop
  endfacet
  facet normal 0 0 1
    outer loop
      vertex 309.495 334.001 12
      vertex 309.354 331.558 12
      vertex 309.36 331.542 12
    endloop
  endfacet
  facet normal 0 0 1
    outer loop
      vertex 309.495 334.001 12
      vertex 309.347 331.575 12
      vertex 309.354 331.558 12
    endloop
  endfacet
  facet normal 0 0 1
    outer loop
      vertex 308.746 332.146 12
      vertex 309.397 334.037 12
      vertex 309.347 334.053 12
    endloop
  endfacet
  facet normal 0 0 1
    outer loop
      vertex 309.495 334.001 12
      vertex 309.341 331.591 12
      vertex 309.347 331.575 12
    endloop
  endfacet
  facet normal 0 0 1
    outer loop
      vertex 309.495 334.001 12
      vertex 309.334 331.607 12
      vertex 309.341 331.591 12
    endloop
  endfacet
  facet normal 0 0 1
    outer loop
      vertex 309.495 334.001 12
      vertex 309.326 331.623 12
      vertex 309.334 331.607 12
    endloop
  endfacet
  facet normal 0 0 1
    outer loop
      vertex 309.495 334.001 12
      vertex 309.319 331.638 12
      vertex 309.326 331.623 12
    endloop
  endfacet
  facet normal 0 0 1
    outer loop
      vertex 309.495 334.001 12
      vertex 309.311 331.654 12
      vertex 309.319 331.638 12
    endloop
  endfacet
  facet normal 0 0 1
    outer loop
      vertex 309.495 334.001 12
      vertex 309.303 331.669 12
      vertex 309.311 331.654 12
    endloop
  endfacet
  facet normal 0 0 1
    outer loop
      vertex 308.729 332.151 12
      vertex 309.347 334.053 12
      vertex 309.297 334.069 12
    endloop
  endfacet
  facet normal 0 0 1
    outer loop
      vertex 309.495 334.001 12
      vertex 309.295 331.685 12
      vertex 309.303 331.669 12
    endloop
  endfacet
  facet normal 0 0 1
    outer loop
      vertex 309.495 334.001 12
      vertex 309.286 331.7 12
      vertex 309.295 331.685 12
    endloop
  endfacet
  facet normal 0 0 1
    outer loop
      vertex 309.495 334.001 12
      vertex 309.277 331.715 12
      vertex 309.286 331.7 12
    endloop
  endfacet
  facet normal 0 0 1
    outer loop
      vertex 309.495 334.001 12
      vertex 309.268 331.73 12
      vertex 309.277 331.715 12
    endloop
  endfacet
  facet normal 0 0 1
    outer loop
      vertex 309.495 334.001 12
      vertex 309.259 331.745 12
      vertex 309.268 331.73 12
    endloop
  endfacet
  facet normal 0 0 1
    outer loop
      vertex 309.495 334.001 12
      vertex 309.249 331.759 12
      vertex 309.259 331.745 12
    endloop
  endfacet
  facet normal 0 0 1
    outer loop
      vertex 308.712 332.156 12
      vertex 309.297 334.069 12
      vertex 309.247 334.084 12
    endloop
  endfacet
  facet normal 0 0 1
    outer loop
      vertex 309.495 334.001 12
      vertex 309.239 331.774 12
      vertex 309.249 331.759 12
    endloop
  endfacet
  facet normal 0 0 1
    outer loop
      vertex 309.495 334.001 12
      vertex 309.229 331.788 12
      vertex 309.239 331.774 12
    endloop
  endfacet
  facet normal 0 0 1
    outer loop
      vertex 309.495 334.001 12
      vertex 309.219 331.802 12
      vertex 309.229 331.788 12
    endloop
  endfacet
  facet normal 0 0 1
    outer loop
      vertex 309.495 334.001 12
      vertex 309.208 331.816 12
      vertex 309.219 331.802 12
    endloop
  endfacet
  facet normal 0 0 1
    outer loop
      vertex 309.495 334.001 12
      vertex 309.197 331.829 12
      vertex 309.208 331.816 12
    endloop
  endfacet
  facet normal 0 0 1
    outer loop
      vertex 308.696 332.161 12
      vertex 309.247 334.084 12
      vertex 309.196 334.098 12
    endloop
  endfacet
  facet normal 0 0 1
    outer loop
      vertex 309.495 334.001 12
      vertex 309.186 331.843 12
      vertex 309.197 331.829 12
    endloop
  endfacet
  facet normal 0 0 1
    outer loop
      vertex 309.495 334.001 12
      vertex 309.175 331.856 12
      vertex 309.186 331.843 12
    endloop
  endfacet
  facet normal 0 0 1
    outer loop
      vertex 309.495 334.001 12
      vertex 309.163 331.869 12
      vertex 309.175 331.856 12
    endloop
  endfacet
  facet normal 0 0 1
    outer loop
      vertex 309.495 334.001 12
      vertex 309.151 331.882 12
      vertex 309.163 331.869 12
    endloop
  endfacet
  facet normal 0 0 1
    outer loop
      vertex 308.679 332.166 12
      vertex 309.196 334.098 12
      vertex 309.146 334.111 12
    endloop
  endfacet
  facet normal 0 0 1
    outer loop
      vertex 309.495 334.001 12
      vertex 309.139 331.895 12
      vertex 309.151 331.882 12
    endloop
  endfacet
  facet normal 0 0 1
    outer loop
      vertex 309.495 334.001 12
      vertex 309.127 331.907 12
      vertex 309.139 331.895 12
    endloop
  endfacet
  facet normal 0 0 1
    outer loop
      vertex 309.495 334.001 12
      vertex 309.115 331.919 12
      vertex 309.127 331.907 12
    endloop
  endfacet
  facet normal 0 0 1
    outer loop
      vertex 309.495 334.001 12
      vertex 309.102 331.931 12
      vertex 309.115 331.919 12
    endloop
  endfacet
  facet normal 0 0 1
    outer loop
      vertex 308.662 332.17 12
      vertex 309.146 334.111 12
      vertex 309.095 334.123 12
    endloop
  endfacet
  facet normal 0 0 1
    outer loop
      vertex 309.495 334.001 12
      vertex 309.089 331.943 12
      vertex 309.102 331.931 12
    endloop
  endfacet
  facet normal 0 0 1
    outer loop
      vertex 309.495 334.001 12
      vertex 309.076 331.955 12
      vertex 309.089 331.943 12
    endloop
  endfacet
  facet normal 0 0 1
    outer loop
      vertex 309.495 334.001 12
      vertex 309.063 331.966 12
      vertex 309.076 331.955 12
    endloop
  endfacet
  facet normal 0 0 1
    outer loop
      vertex 309.495 334.001 12
      vertex 309.049 331.977 12
      vertex 309.063 331.966 12
    endloop
  endfacet
  facet normal 0 0 1
    outer loop
      vertex 308.645 332.174 12
      vertex 309.095 334.123 12
      vertex 309.044 334.134 12
    endloop
  endfacet
  facet normal 0 0 1
    outer loop
      vertex 309.495 334.001 12
      vertex 309.036 331.988 12
      vertex 309.049 331.977 12
    endloop
  endfacet
  facet normal 0 0 1
    outer loop
      vertex 309.495 334.001 12
      vertex 309.022 331.999 12
      vertex 309.036 331.988 12
    endloop
  endfacet
  facet normal 0 0 1
    outer loop
      vertex 309.495 334.001 12
      vertex 309.008 332.009 12
      vertex 309.022 331.999 12
    endloop
  endfacet
  facet normal 0 0 1
    outer loop
      vertex 309.495 334.001 12
      vertex 308.994 332.019 12
      vertex 309.008 332.009 12
    endloop
  endfacet
  facet normal 0 0 1
    outer loop
      vertex 308.628 332.178 12
      vertex 309.044 334.134 12
      vertex 308.992 334.145 12
    endloop
  endfacet
  facet normal 0 0 1
    outer loop
      vertex 309.495 334.001 12
      vertex 308.979 332.029 12
      vertex 308.994 332.019 12
    endloop
  endfacet
  facet normal 0 0 1
    outer loop
      vertex 309.495 334.001 12
      vertex 308.965 332.039 12
      vertex 308.979 332.029 12
    endloop
  endfacet
  facet normal 0 0 1
    outer loop
      vertex 309.495 334.001 12
      vertex 308.95 332.048 12
      vertex 308.965 332.039 12
    endloop
  endfacet
  facet normal 0 0 1
    outer loop
      vertex 308.611 332.182 12
      vertex 308.992 334.145 12
      vertex 308.941 334.154 12
    endloop
  endfacet
  facet normal 0 0 1
    outer loop
      vertex 309.495 334.001 12
      vertex 308.935 332.057 12
      vertex 308.95 332.048 12
    endloop
  endfacet
  facet normal 0 0 1
    outer loop
      vertex 309.495 334.001 12
      vertex 308.92 332.066 12
      vertex 308.935 332.057 12
    endloop
  endfacet
  facet normal 0 0 1
    outer loop
      vertex 309.495 334.001 12
      vertex 308.905 332.075 12
      vertex 308.92 332.066 12
    endloop
  endfacet
  facet normal 0 0 1
    outer loop
      vertex 309.495 334.001 12
      vertex 308.889 332.083 12
      vertex 308.905 332.075 12
    endloop
  endfacet
  facet normal 0 0 1
    outer loop
      vertex 308.594 332.185 12
      vertex 308.941 334.154 12
      vertex 308.889 334.163 12
    endloop
  endfacet
  facet normal 0 0 1
    outer loop
      vertex 309.495 334.001 12
      vertex 308.874 332.091 12
      vertex 308.889 332.083 12
    endloop
  endfacet
  facet normal 0 0 1
    outer loop
      vertex 309.495 334.001 12
      vertex 308.858 332.099 12
      vertex 308.874 332.091 12
    endloop
  endfacet
  facet normal 0 0 1
    outer loop
      vertex 309.495 334.001 12
      vertex 308.843 332.106 12
      vertex 308.858 332.099 12
    endloop
  endfacet
  facet normal 0 0 1
    outer loop
      vertex 308.576 332.188 12
      vertex 308.889 334.163 12
      vertex 308.838 334.171 12
    endloop
  endfacet
  facet normal 0 0 1
    outer loop
      vertex 309.495 334.001 12
      vertex 308.827 332.114 12
      vertex 308.843 332.106 12
    endloop
  endfacet
  facet normal 0 0 1
    outer loop
      vertex 309.495 334.001 12
      vertex 308.811 332.121 12
      vertex 308.827 332.114 12
    endloop
  endfacet
  facet normal 0 0 1
    outer loop
      vertex 309.495 334.001 12
      vertex 308.795 332.127 12
      vertex 308.811 332.121 12
    endloop
  endfacet
  facet normal 0 0 1
    outer loop
      vertex 308.559 332.19 12
      vertex 308.838 334.171 12
      vertex 308.786 334.178 12
    endloop
  endfacet
  facet normal 0 0 1
    outer loop
      vertex 309.495 334.001 12
      vertex 308.778 332.134 12
      vertex 308.795 332.127 12
    endloop
  endfacet
  facet normal 0 0 1
    outer loop
      vertex 309.446 334.019 12
      vertex 308.762 332.14 12
      vertex 308.778 332.134 12
    endloop
  endfacet
  facet normal 0 0 1
    outer loop
      vertex 309.397 334.037 12
      vertex 308.746 332.146 12
      vertex 308.762 332.14 12
    endloop
  endfacet
  facet normal 0 0 1
    outer loop
      vertex 308.542 332.193 12
      vertex 308.786 334.178 12
      vertex 308.734 334.184 12
    endloop
  endfacet
  facet normal 0 0 1
    outer loop
      vertex 309.347 334.053 12
      vertex 308.729 332.151 12
      vertex 308.746 332.146 12
    endloop
  endfacet
  facet normal 0 0 1
    outer loop
      vertex 309.297 334.069 12
      vertex 308.712 332.156 12
      vertex 308.729 332.151 12
    endloop
  endfacet
  facet normal 0 0 1
    outer loop
      vertex 309.247 334.084 12
      vertex 308.696 332.161 12
      vertex 308.712 332.156 12
    endloop
  endfacet
  facet normal 0 0 1
    outer loop
      vertex 308.525 332.195 12
      vertex 308.734 334.184 12
      vertex 308.681 334.189 12
    endloop
  endfacet
  facet normal 0 0 1
    outer loop
      vertex 309.196 334.098 12
      vertex 308.679 332.166 12
      vertex 308.696 332.161 12
    endloop
  endfacet
  facet normal 0 0 1
    outer loop
      vertex 309.146 334.111 12
      vertex 308.662 332.17 12
      vertex 308.679 332.166 12
    endloop
  endfacet
  facet normal 0 0 1
    outer loop
      vertex 309.095 334.123 12
      vertex 308.645 332.174 12
      vertex 308.662 332.17 12
    endloop
  endfacet
  facet normal 0 0 1
    outer loop
      vertex 308.507 332.196 12
      vertex 308.681 334.189 12
      vertex 308.629 334.193 12
    endloop
  endfacet
  facet normal 0 0 1
    outer loop
      vertex 309.044 334.134 12
      vertex 308.628 332.178 12
      vertex 308.645 332.174 12
    endloop
  endfacet
  facet normal 0 0 1
    outer loop
      vertex 308.992 334.145 12
      vertex 308.611 332.182 12
      vertex 308.628 332.178 12
    endloop
  endfacet
  facet normal 0 0 1
    outer loop
      vertex 308.941 334.154 12
      vertex 308.594 332.185 12
      vertex 308.611 332.182 12
    endloop
  endfacet
  facet normal 0 0 1
    outer loop
      vertex 308.49 332.198 12
      vertex 308.629 334.193 12
      vertex 308.577 334.196 12
    endloop
  endfacet
  facet normal 0 0 1
    outer loop
      vertex 308.889 334.163 12
      vertex 308.576 332.188 12
      vertex 308.594 332.185 12
    endloop
  endfacet
  facet normal 0 0 1
    outer loop
      vertex 308.838 334.171 12
      vertex 308.559 332.19 12
      vertex 308.576 332.188 12
    endloop
  endfacet
  facet normal 0 0 1
    outer loop
      vertex 308.786 334.178 12
      vertex 308.542 332.193 12
      vertex 308.559 332.19 12
    endloop
  endfacet
  facet normal 0 0 1
    outer loop
      vertex 308.472 332.199 12
      vertex 308.577 334.196 12
      vertex 308.525 334.198 12
    endloop
  endfacet
  facet normal 0 0 1
    outer loop
      vertex 308.734 334.184 12
      vertex 308.525 332.195 12
      vertex 308.542 332.193 12
    endloop
  endfacet
  facet normal 0 0 1
    outer loop
      vertex 308.681 334.189 12
      vertex 308.507 332.196 12
      vertex 308.525 332.195 12
    endloop
  endfacet
  facet normal 0 0 1
    outer loop
      vertex 308.629 334.193 12
      vertex 308.49 332.198 12
      vertex 308.507 332.196 12
    endloop
  endfacet
  facet normal 0 0 1
    outer loop
      vertex 308.455 332.199 12
      vertex 308.525 334.198 12
      vertex 308.472 334.2 12
    endloop
  endfacet
  facet normal 0 0 1
    outer loop
      vertex 308.577 334.196 12
      vertex 308.472 332.199 12
      vertex 308.49 332.198 12
    endloop
  endfacet
  facet normal 0 0 1
    outer loop
      vertex 308.525 334.198 12
      vertex 308.455 332.199 12
      vertex 308.472 332.199 12
    endloop
  endfacet
  facet normal 0 0 1
    outer loop
      vertex 308.472 334.2 12
      vertex 308.437 332.2 12
      vertex 308.455 332.199 12
    endloop
  endfacet
  facet normal -0 0 1
    outer loop
      vertex 308.42 334.2 12
      vertex 308.437 332.2 12
      vertex 308.472 334.2 12
    endloop
  endfacet
  facet normal 0 0 1
    outer loop
      vertex 308.42 334.2 12
      vertex 308.42 332.2 12
      vertex 308.437 332.2 12
    endloop
  endfacet
  facet normal -0 0 1
    outer loop
      vertex 153.71 334.2 12
      vertex 308.42 332.2 12
      vertex 308.42 334.2 12
    endloop
  endfacet
  facet normal 0 0 1
    outer loop
      vertex 308.42 332.2 12
      vertex 153.71 334.2 12
      vertex 153.71 332.2 12
    endloop
  endfacet
  facet normal 0 0 1
    outer loop
      vertex 309.42 331.2 12
      vertex 311.42 331.2 12
      vertex 311.42 331.252 12
    endloop
  endfacet
  facet normal 0 0 1
    outer loop
      vertex 309.42 331.217 12
      vertex 311.42 331.252 12
      vertex 311.418 331.305 12
    endloop
  endfacet
  facet normal 0 0 1
    outer loop
      vertex 309.42 331.217 12
      vertex 311.418 331.305 12
      vertex 311.416 331.357 12
    endloop
  endfacet
  facet normal 0 0 1
    outer loop
      vertex 309.42 331.217 12
      vertex 311.416 331.357 12
      vertex 311.413 331.409 12
    endloop
  endfacet
  facet normal 0 0 1
    outer loop
      vertex 309.42 331.217 12
      vertex 311.413 331.409 12
      vertex 311.409 331.461 12
    endloop
  endfacet
  facet normal 0 0 1
    outer loop
      vertex 309.42 331.217 12
      vertex 311.409 331.461 12
      vertex 311.404 331.514 12
    endloop
  endfacet
  facet normal 0 0 1
    outer loop
      vertex 309.42 331.217 12
      vertex 311.404 331.514 12
      vertex 311.398 331.566 12
    endloop
  endfacet
  facet normal 0 0 1
    outer loop
      vertex 309.42 331.217 12
      vertex 311.398 331.566 12
      vertex 311.391 331.618 12
    endloop
  endfacet
  facet normal 0 0 1
    outer loop
      vertex 309.42 331.217 12
      vertex 311.391 331.618 12
      vertex 311.383 331.669 12
    endloop
  endfacet
  facet normal 0 0 1
    outer loop
      vertex 309.42 331.217 12
      vertex 311.383 331.669 12
      vertex 311.374 331.721 12
    endloop
  endfacet
  facet normal 0 0 1
    outer loop
      vertex 309.42 331.217 12
      vertex 311.374 331.721 12
      vertex 311.365 331.772 12
    endloop
  endfacet
  facet normal 0 0 1
    outer loop
      vertex 309.42 331.217 12
      vertex 311.365 331.772 12
      vertex 311.354 331.824 12
    endloop
  endfacet
  facet normal 0 0 1
    outer loop
      vertex 309.42 331.217 12
      vertex 311.354 331.824 12
      vertex 311.343 331.875 12
    endloop
  endfacet
  facet normal 0 0 1
    outer loop
      vertex 309.42 331.217 12
      vertex 311.343 331.875 12
      vertex 311.331 331.926 12
    endloop
  endfacet
  facet normal 0 0 1
    outer loop
      vertex 309.42 331.217 12
      vertex 311.331 331.926 12
      vertex 311.318 331.976 12
    endloop
  endfacet
  facet normal 0 0 1
    outer loop
      vertex 309.42 331.217 12
      vertex 311.318 331.976 12
      vertex 311.304 332.027 12
    endloop
  endfacet
  facet normal 0 0 1
    outer loop
      vertex 309.42 331.217 12
      vertex 311.304 332.027 12
      vertex 311.289 332.077 12
    endloop
  endfacet
  facet normal 0 0 1
    outer loop
      vertex 309.42 331.217 12
      vertex 311.289 332.077 12
      vertex 311.273 332.127 12
    endloop
  endfacet
  facet normal 0 0 1
    outer loop
      vertex 309.42 331.217 12
      vertex 311.273 332.127 12
      vertex 311.257 332.177 12
    endloop
  endfacet
  facet normal 0 0 1
    outer loop
      vertex 309.42 331.217 12
      vertex 311.257 332.177 12
      vertex 311.239 332.226 12
    endloop
  endfacet
  facet normal 0 0 1
    outer loop
      vertex 309.42 331.217 12
      vertex 311.239 332.226 12
      vertex 311.221 332.275 12
    endloop
  endfacet
  facet normal 0 0 1
    outer loop
      vertex 309.42 331.217 12
      vertex 311.221 332.275 12
      vertex 311.202 332.324 12
    endloop
  endfacet
  facet normal 0 0 1
    outer loop
      vertex 309.42 331.217 12
      vertex 311.202 332.324 12
      vertex 311.182 332.372 12
    endloop
  endfacet
  facet normal 0 0 1
    outer loop
      vertex 309.42 331.217 12
      vertex 311.182 332.372 12
      vertex 311.161 332.42 12
    endloop
  endfacet
  facet normal 0 0 1
    outer loop
      vertex 309.42 331.217 12
      vertex 311.161 332.42 12
      vertex 311.139 332.468 12
    endloop
  endfacet
  facet normal 0 0 1
    outer loop
      vertex 309.42 331.217 12
      vertex 311.139 332.468 12
      vertex 311.116 332.515 12
    endloop
  endfacet
  facet normal 0 0 1
    outer loop
      vertex 309.42 331.217 12
      vertex 311.116 332.515 12
      vertex 311.093 332.562 12
    endloop
  endfacet
  facet normal 0 0 1
    outer loop
      vertex 309.42 331.217 12
      vertex 311.093 332.562 12
      vertex 311.069 332.608 12
    endloop
  endfacet
  facet normal 0 0 1
    outer loop
      vertex 309.42 331.217 12
      vertex 311.069 332.608 12
      vertex 311.044 332.654 12
    endloop
  endfacet
  facet normal 0 0 1
    outer loop
      vertex 309.42 331.217 12
      vertex 311.044 332.654 12
      vertex 311.018 332.7 12
    endloop
  endfacet
  facet normal 0 0 1
    outer loop
      vertex 309.42 331.217 12
      vertex 311.018 332.7 12
      vertex 310.991 332.745 12
    endloop
  endfacet
  facet normal 0 0 1
    outer loop
      vertex 309.42 331.217 12
      vertex 310.991 332.745 12
      vertex 310.964 332.79 12
    endloop
  endfacet
  facet normal 0 0 1
    outer loop
      vertex 309.42 331.217 12
      vertex 310.964 332.79 12
      vertex 310.936 332.834 12
    endloop
  endfacet
  facet normal 0 0 1
    outer loop
      vertex 309.42 331.217 12
      vertex 310.936 332.834 12
      vertex 310.907 332.878 12
    endloop
  endfacet
  facet normal 0 0 1
    outer loop
      vertex 309.42 331.217 12
      vertex 310.907 332.878 12
      vertex 310.877 332.921 12
    endloop
  endfacet
  facet normal 0 0 1
    outer loop
      vertex 309.42 331.217 12
      vertex 310.877 332.921 12
      vertex 310.847 332.963 12
    endloop
  endfacet
  facet normal 0 0 1
    outer loop
      vertex 309.42 331.217 12
      vertex 310.847 332.963 12
      vertex 310.816 333.005 12
    endloop
  endfacet
  facet normal 0 0 1
    outer loop
      vertex 309.42 331.217 12
      vertex 310.816 333.005 12
      vertex 310.784 333.047 12
    endloop
  endfacet
  facet normal 0 0 1
    outer loop
      vertex 309.42 331.217 12
      vertex 310.784 333.047 12
      vertex 310.751 333.088 12
    endloop
  endfacet
  facet normal 0 0 1
    outer loop
      vertex 309.42 331.217 12
      vertex 310.751 333.088 12
      vertex 310.718 333.128 12
    endloop
  endfacet
  facet normal 0 0 1
    outer loop
      vertex 309.42 331.217 12
      vertex 310.718 333.128 12
      vertex 310.684 333.168 12
    endloop
  endfacet
  facet normal 0 0 1
    outer loop
      vertex 309.42 331.217 12
      vertex 310.684 333.168 12
      vertex 310.649 333.207 12
    endloop
  endfacet
  facet normal 0 0 1
    outer loop
      vertex 309.42 331.217 12
      vertex 310.649 333.207 12
      vertex 310.614 333.246 12
    endloop
  endfacet
  facet normal 0 0 1
    outer loop
      vertex 309.42 331.217 12
      vertex 310.614 333.246 12
      vertex 310.578 333.284 12
    endloop
  endfacet
  facet normal 0 0 1
    outer loop
      vertex 309.42 331.217 12
      vertex 310.578 333.284 12
      vertex 310.541 333.321 12
    endloop
  endfacet
  facet normal 0 0 1
    outer loop
      vertex 309.42 331.217 12
      vertex 310.541 333.321 12
      vertex 310.504 333.358 12
    endloop
  endfacet
  facet normal 0 0 1
    outer loop
      vertex 309.42 331.217 12
      vertex 310.504 333.358 12
      vertex 310.466 333.394 12
    endloop
  endfacet
  facet normal 0 0 1
    outer loop
      vertex 309.42 331.217 12
      vertex 310.466 333.394 12
      vertex 310.427 333.429 12
    endloop
  endfacet
  facet normal 0 0 1
    outer loop
      vertex 309.42 331.217 12
      vertex 310.427 333.429 12
      vertex 310.388 333.464 12
    endloop
  endfacet
  facet normal 0 0 1
    outer loop
      vertex 309.42 331.217 12
      vertex 310.388 333.464 12
      vertex 310.348 333.498 12
    endloop
  endfacet
  facet normal 0 0 1
    outer loop
      vertex 309.42 331.217 12
      vertex 310.348 333.498 12
      vertex 310.308 333.531 12
    endloop
  endfacet
  facet normal 0 0 1
    outer loop
      vertex 309.42 331.217 12
      vertex 310.308 333.531 12
      vertex 310.267 333.564 12
    endloop
  endfacet
  facet normal 0 0 1
    outer loop
      vertex 309.42 331.217 12
      vertex 310.267 333.564 12
      vertex 310.225 333.596 12
    endloop
  endfacet
  facet normal 0 0 1
    outer loop
      vertex 309.42 331.217 12
      vertex 310.225 333.596 12
      vertex 310.183 333.627 12
    endloop
  endfacet
  facet normal 0 0 1
    outer loop
      vertex 309.42 331.217 12
      vertex 310.183 333.627 12
      vertex 310.141 333.657 12
    endloop
  endfacet
  facet normal 0 0 1
    outer loop
      vertex 309.42 331.217 12
      vertex 310.141 333.657 12
      vertex 310.098 333.687 12
    endloop
  endfacet
  facet normal 0 0 1
    outer loop
      vertex 309.42 331.217 12
      vertex 310.098 333.687 12
      vertex 310.054 333.716 12
    endloop
  endfacet
  facet normal 0 0 1
    outer loop
      vertex 309.42 331.217 12
      vertex 310.054 333.716 12
      vertex 310.01 333.744 12
    endloop
  endfacet
  facet normal 0 0 1
    outer loop
      vertex 309.42 331.217 12
      vertex 310.01 333.744 12
      vertex 309.965 333.771 12
    endloop
  endfacet
  facet normal 0 0 1
    outer loop
      vertex 309.42 331.217 12
      vertex 309.965 333.771 12
      vertex 309.92 333.798 12
    endloop
  endfacet
  facet normal 0 0 1
    outer loop
      vertex 309.42 331.217 12
      vertex 309.92 333.798 12
      vertex 309.874 333.824 12
    endloop
  endfacet
  facet normal 0 0 1
    outer loop
      vertex 309.42 331.217 12
      vertex 309.874 333.824 12
      vertex 309.828 333.849 12
    endloop
  endfacet
  facet normal 0 0 1
    outer loop
      vertex 309.42 331.217 12
      vertex 309.828 333.849 12
      vertex 309.782 333.873 12
    endloop
  endfacet
  facet normal 0 0 1
    outer loop
      vertex 309.42 331.217 12
      vertex 309.782 333.873 12
      vertex 309.735 333.896 12
    endloop
  endfacet
  facet normal 0 0 1
    outer loop
      vertex 309.42 331.217 12
      vertex 309.735 333.896 12
      vertex 309.688 333.919 12
    endloop
  endfacet
  facet normal 0 0 1
    outer loop
      vertex 309.42 331.217 12
      vertex 309.688 333.919 12
      vertex 309.64 333.941 12
    endloop
  endfacet
  facet normal 0 0 1
    outer loop
      vertex 309.42 331.217 12
      vertex 309.64 333.941 12
      vertex 309.592 333.962 12
    endloop
  endfacet
  facet normal 0 0 1
    outer loop
      vertex 309.42 331.217 12
      vertex 309.592 333.962 12
      vertex 309.544 333.982 12
    endloop
  endfacet
  facet normal 0 0 1
    outer loop
      vertex 309.42 331.217 12
      vertex 309.544 333.982 12
      vertex 309.495 334.001 12
    endloop
  endfacet
  facet normal 0 0 1
    outer loop
      vertex 308.778 332.134 12
      vertex 309.495 334.001 12
      vertex 309.446 334.019 12
    endloop
  endfacet
  facet normal 0 0 1
    outer loop
      vertex 311.42 331.2 12
      vertex 309.42 331.2 12
      vertex 311.42 153.1 12
    endloop
  endfacet
  facet normal 0 0 1
    outer loop
      vertex 311.42 153.1 12
      vertex 309.42 331.2 12
      vertex 309.42 153.1 12
    endloop
  endfacet
  facet normal 1 -0 0
    outer loop
      vertex 311.42 153.1 12
      vertex 311.42 331.2 0
      vertex 311.42 331.2 12
    endloop
  endfacet
  facet normal 1 0 0
    outer loop
      vertex 311.42 331.2 0
      vertex 311.42 153.1 12
      vertex 311.42 153.1 0
    endloop
  endfacet
  facet normal 0 1 -0
    outer loop
      vertex 308.42 334.2 0
      vertex 153.71 334.2 12
      vertex 308.42 334.2 12
    endloop
  endfacet
  facet normal 0 1 0
    outer loop
      vertex 153.71 334.2 12
      vertex 308.42 334.2 0
      vertex 153.71 334.2 0
    endloop
  endfacet
  facet normal 0 0 -1
    outer loop
      vertex 305.238 321.039 0
      vertex 311.42 331.2 0
      vertex 311.42 153.1 0
    endloop
  endfacet
  facet normal 0 -0 -1
    outer loop
      vertex 305.337 321.241 0
      vertex 311.42 331.2 0
      vertex 305.238 321.039 0
    endloop
  endfacet
  facet normal 0 -0 -1
    outer loop
      vertex 305.339 321.245 0
      vertex 311.42 331.2 0
      vertex 305.337 321.241 0
    endloop
  endfacet
  facet normal 0 -0 -1
    outer loop
      vertex 305.34 321.249 0
      vertex 311.42 331.2 0
      vertex 305.339 321.245 0
    endloop
  endfacet
  facet normal 0 -0 -1
    outer loop
      vertex 305.425 321.457 0
      vertex 311.42 331.2 0
      vertex 305.34 321.249 0
    endloop
  endfacet
  facet normal 0 -0 -1
    outer loop
      vertex 305.426 321.461 0
      vertex 311.42 331.2 0
      vertex 305.425 321.457 0
    endloop
  endfacet
  facet normal 0 -0 -1
    outer loop
      vertex 305.495 321.675 0
      vertex 311.42 331.2 0
      vertex 305.426 321.461 0
    endloop
  endfacet
  facet normal 0 -0 -1
    outer loop
      vertex 305.496 321.679 0
      vertex 311.42 331.2 0
      vertex 305.495 321.675 0
    endloop
  endfacet
  facet normal 0 -0 -1
    outer loop
      vertex 305.551 321.898 0
      vertex 311.42 331.2 0
      vertex 305.496 321.679 0
    endloop
  endfacet
  facet normal 0 -0 -1
    outer loop
      vertex 305.59 322.119 0
      vertex 311.42 331.2 0
      vertex 305.551 321.898 0
    endloop
  endfacet
  facet normal 0 -0 -1
    outer loop
      vertex 305.591 322.123 0
      vertex 311.42 331.2 0
      vertex 305.59 322.119 0
    endloop
  endfacet
  facet normal 0 0 -1
    outer loop
      vertex 305.591 322.128 0
      vertex 311.42 331.2 0
      vertex 305.591 322.123 0
    endloop
  endfacet
  facet normal 0 -0 -1
    outer loop
      vertex 305.615 322.351 0
      vertex 311.42 331.2 0
      vertex 305.591 322.128 0
    endloop
  endfacet
  facet normal 0 0 -1
    outer loop
      vertex 305.615 322.355 0
      vertex 311.42 331.2 0
      vertex 305.615 322.351 0
    endloop
  endfacet
  facet normal 0 -0 -1
    outer loop
      vertex 305.622 322.58 0
      vertex 311.42 331.2 0
      vertex 305.615 322.355 0
    endloop
  endfacet
  facet normal 0 0 -1
    outer loop
      vertex 305.615 322.805 0
      vertex 311.42 331.2 0
      vertex 305.622 322.58 0
    endloop
  endfacet
  facet normal 0 0 -1
    outer loop
      vertex 305.615 322.809 0
      vertex 311.42 331.2 0
      vertex 305.615 322.805 0
    endloop
  endfacet
  facet normal 0 0 -1
    outer loop
      vertex 305.59 323.041 0
      vertex 311.42 331.2 0
      vertex 305.591 323.037 0
    endloop
  endfacet
  facet normal 0 0 -1
    outer loop
      vertex 305.551 323.262 0
      vertex 311.42 331.2 0
      vertex 305.59 323.041 0
    endloop
  endfacet
  facet normal 0 0 -1
    outer loop
      vertex 305.496 323.481 0
      vertex 311.42 331.2 0
      vertex 305.551 323.262 0
    endloop
  endfacet
  facet normal 0 0 -1
    outer loop
      vertex 305.495 323.485 0
      vertex 311.42 331.2 0
      vertex 305.496 323.481 0
    endloop
  endfacet
  facet normal 0 0 -1
    outer loop
      vertex 305.426 323.699 0
      vertex 311.42 331.2 0
      vertex 305.495 323.485 0
    endloop
  endfacet
  facet normal 0 0 -1
    outer loop
      vertex 305.425 323.703 0
      vertex 311.42 331.2 0
      vertex 305.426 323.699 0
    endloop
  endfacet
  facet normal 0 0 -1
    outer loop
      vertex 305.34 323.911 0
      vertex 311.42 331.2 0
      vertex 305.425 323.703 0
    endloop
  endfacet
  facet normal 0 0 -1
    outer loop
      vertex 305.339 323.915 0
      vertex 311.42 331.2 0
      vertex 305.34 323.911 0
    endloop
  endfacet
  facet normal 0 0 -1
    outer loop
      vertex 305.337 323.919 0
      vertex 311.42 331.2 0
      vertex 305.339 323.915 0
    endloop
  endfacet
  facet normal 0 0 -1
    outer loop
      vertex 305.238 324.121 0
      vertex 311.42 331.2 0
      vertex 305.337 323.919 0
    endloop
  endfacet
  facet normal 0 0 -1
    outer loop
      vertex 305.236 324.125 0
      vertex 311.42 331.2 0
      vertex 305.238 324.121 0
    endloop
  endfacet
  facet normal 0 0 -1
    outer loop
      vertex 305.124 324.319 0
      vertex 311.42 331.2 0
      vertex 305.236 324.125 0
    endloop
  endfacet
  facet normal 0 0 -1
    outer loop
      vertex 304.998 324.506 0
      vertex 311.42 331.2 0
      vertex 305.124 324.319 0
    endloop
  endfacet
  facet normal 0 0 -1
    outer loop
      vertex 304.996 324.509 0
      vertex 311.42 331.2 0
      vertex 304.998 324.506 0
    endloop
  endfacet
  facet normal 0 0 -1
    outer loop
      vertex 304.993 324.513 0
      vertex 311.42 331.2 0
      vertex 304.996 324.509 0
    endloop
  endfacet
  facet normal 0 0 -1
    outer loop
      vertex 304.855 324.69 0
      vertex 311.42 331.2 0
      vertex 304.993 324.513 0
    endloop
  endfacet
  facet normal 0 0 -1
    outer loop
      vertex 304.852 324.693 0
      vertex 311.42 331.2 0
      vertex 304.855 324.69 0
    endloop
  endfacet
  facet normal 0 0 -1
    outer loop
      vertex 304.701 324.86 0
      vertex 311.42 331.2 0
      vertex 304.852 324.693 0
    endloop
  endfacet
  facet normal -0 0 -1
    outer loop
      vertex 311.42 331.2 0
      vertex 304.701 324.86 0
      vertex 311.42 331.252 0
    endloop
  endfacet
  facet normal -0 0 -1
    outer loop
      vertex 311.42 331.252 0
      vertex 304.701 324.86 0
      vertex 311.418 331.305 0
    endloop
  endfacet
  facet normal -0 0 -1
    outer loop
      vertex 311.418 331.305 0
      vertex 304.701 324.86 0
      vertex 311.416 331.357 0
    endloop
  endfacet
  facet normal -0 0 -1
    outer loop
      vertex 311.416 331.357 0
      vertex 304.701 324.86 0
      vertex 311.413 331.409 0
    endloop
  endfacet
  facet normal -0 0 -1
    outer loop
      vertex 311.413 331.409 0
      vertex 304.701 324.86 0
      vertex 311.409 331.461 0
    endloop
  endfacet
  facet normal -0 0 -1
    outer loop
      vertex 311.398 331.566 0
      vertex 304.701 324.86 0
      vertex 311.391 331.618 0
    endloop
  endfacet
  facet normal -0 0 -1
    outer loop
      vertex 311.391 331.618 0
      vertex 304.701 324.86 0
      vertex 311.383 331.669 0
    endloop
  endfacet
  facet normal -0 0 -1
    outer loop
      vertex 311.383 331.669 0
      vertex 304.701 324.86 0
      vertex 311.374 331.721 0
    endloop
  endfacet
  facet normal -0 0 -1
    outer loop
      vertex 311.374 331.721 0
      vertex 304.701 324.86 0
      vertex 311.365 331.772 0
    endloop
  endfacet
  facet normal -0 0 -1
    outer loop
      vertex 311.365 331.772 0
      vertex 304.701 324.86 0
      vertex 311.354 331.824 0
    endloop
  endfacet
  facet normal -0 0 -1
    outer loop
      vertex 311.354 331.824 0
      vertex 304.701 324.86 0
      vertex 311.343 331.875 0
    endloop
  endfacet
  facet normal -0 0 -1
    outer loop
      vertex 311.343 331.875 0
      vertex 304.701 324.86 0
      vertex 311.331 331.926 0
    endloop
  endfacet
  facet normal -0 0 -1
    outer loop
      vertex 311.331 331.926 0
      vertex 304.701 324.86 0
      vertex 311.318 331.976 0
    endloop
  endfacet
  facet normal -0 0 -1
    outer loop
      vertex 311.318 331.976 0
      vertex 304.701 324.86 0
      vertex 311.304 332.027 0
    endloop
  endfacet
  facet normal -0 0 -1
    outer loop
      vertex 311.304 332.027 0
      vertex 304.701 324.86 0
      vertex 311.289 332.077 0
    endloop
  endfacet
  facet normal -0 0 -1
    outer loop
      vertex 311.289 332.077 0
      vertex 304.701 324.86 0
      vertex 311.273 332.127 0
    endloop
  endfacet
  facet normal -0 0 -1
    outer loop
      vertex 311.273 332.127 0
      vertex 304.701 324.86 0
      vertex 311.257 332.177 0
    endloop
  endfacet
  facet normal -0 0 -1
    outer loop
      vertex 311.257 332.177 0
      vertex 304.701 324.86 0
      vertex 311.239 332.226 0
    endloop
  endfacet
  facet normal -0 0 -1
    outer loop
      vertex 311.239 332.226 0
      vertex 304.701 324.86 0
      vertex 311.221 332.275 0
    endloop
  endfacet
  facet normal -0 0 -1
    outer loop
      vertex 311.221 332.275 0
      vertex 304.701 324.86 0
      vertex 311.202 332.324 0
    endloop
  endfacet
  facet normal -0 0 -1
    outer loop
      vertex 311.202 332.324 0
      vertex 304.701 324.86 0
      vertex 311.182 332.372 0
    endloop
  endfacet
  facet normal -0 0 -1
    outer loop
      vertex 311.182 332.372 0
      vertex 304.701 324.86 0
      vertex 311.161 332.42 0
    endloop
  endfacet
  facet normal -0 0 -1
    outer loop
      vertex 311.161 332.42 0
      vertex 304.701 324.86 0
      vertex 311.139 332.468 0
    endloop
  endfacet
  facet normal -0 0 -1
    outer loop
      vertex 311.116 332.515 0
      vertex 304.701 324.86 0
      vertex 311.093 332.562 0
    endloop
  endfacet
  facet normal -0 0 -1
    outer loop
      vertex 311.093 332.562 0
      vertex 304.701 324.86 0
      vertex 311.069 332.608 0
    endloop
  endfacet
  facet normal -0 0 -1
    outer loop
      vertex 311.044 332.654 0
      vertex 304.701 324.86 0
      vertex 311.018 332.7 0
    endloop
  endfacet
  facet normal -0 0 -1
    outer loop
      vertex 311.018 332.7 0
      vertex 304.701 324.86 0
      vertex 310.991 332.745 0
    endloop
  endfacet
  facet normal -0 0 -1
    outer loop
      vertex 310.991 332.745 0
      vertex 304.701 324.86 0
      vertex 310.964 332.79 0
    endloop
  endfacet
  facet normal -0 0 -1
    outer loop
      vertex 310.964 332.79 0
      vertex 304.701 324.86 0
      vertex 310.936 332.834 0
    endloop
  endfacet
  facet normal -0 0 -1
    outer loop
      vertex 310.936 332.834 0
      vertex 304.701 324.86 0
      vertex 310.907 332.878 0
    endloop
  endfacet
  facet normal -0 0 -1
    outer loop
      vertex 310.907 332.878 0
      vertex 304.701 324.86 0
      vertex 310.877 332.921 0
    endloop
  endfacet
  facet normal -0 0 -1
    outer loop
      vertex 310.877 332.921 0
      vertex 304.701 324.86 0
      vertex 310.847 332.963 0
    endloop
  endfacet
  facet normal -0 0 -1
    outer loop
      vertex 310.847 332.963 0
      vertex 304.701 324.86 0
      vertex 310.816 333.005 0
    endloop
  endfacet
  facet normal -0 0 -1
    outer loop
      vertex 310.816 333.005 0
      vertex 304.701 324.86 0
      vertex 310.784 333.047 0
    endloop
  endfacet
  facet normal -0 0 -1
    outer loop
      vertex 310.784 333.047 0
      vertex 304.701 324.86 0
      vertex 310.751 333.088 0
    endloop
  endfacet
  facet normal -0 0 -1
    outer loop
      vertex 310.751 333.088 0
      vertex 304.701 324.86 0
      vertex 310.718 333.128 0
    endloop
  endfacet
  facet normal -0 0 -1
    outer loop
      vertex 310.718 333.128 0
      vertex 304.701 324.86 0
      vertex 310.684 333.168 0
    endloop
  endfacet
  facet normal -0 0 -1
    outer loop
      vertex 310.684 333.168 0
      vertex 304.701 324.86 0
      vertex 310.649 333.207 0
    endloop
  endfacet
  facet normal -0 0 -1
    outer loop
      vertex 310.649 333.207 0
      vertex 304.701 324.86 0
      vertex 310.614 333.246 0
    endloop
  endfacet
  facet normal -0 0 -1
    outer loop
      vertex 310.614 333.246 0
      vertex 304.701 324.86 0
      vertex 310.578 333.284 0
    endloop
  endfacet
  facet normal -0 0 -1
    outer loop
      vertex 310.578 333.284 0
      vertex 304.701 324.86 0
      vertex 310.541 333.321 0
    endloop
  endfacet
  facet normal -0 0 -1
    outer loop
      vertex 310.541 333.321 0
      vertex 304.701 324.86 0
      vertex 310.504 333.358 0
    endloop
  endfacet
  facet normal -0 0 -1
    outer loop
      vertex 310.504 333.358 0
      vertex 304.701 324.86 0
      vertex 310.466 333.394 0
    endloop
  endfacet
  facet normal -0 0 -1
    outer loop
      vertex 310.427 333.429 0
      vertex 304.701 324.86 0
      vertex 310.388 333.464 0
    endloop
  endfacet
  facet normal -0 0 -1
    outer loop
      vertex 310.348 333.498 0
      vertex 304.701 324.86 0
      vertex 310.308 333.531 0
    endloop
  endfacet
  facet normal -0 0 -1
    outer loop
      vertex 310.308 333.531 0
      vertex 304.701 324.86 0
      vertex 310.267 333.564 0
    endloop
  endfacet
  facet normal -0 0 -1
    outer loop
      vertex 310.267 333.564 0
      vertex 304.701 324.86 0
      vertex 310.225 333.596 0
    endloop
  endfacet
  facet normal -0 0 -1
    outer loop
      vertex 310.225 333.596 0
      vertex 304.701 324.86 0
      vertex 310.183 333.627 0
    endloop
  endfacet
  facet normal -0 0 -1
    outer loop
      vertex 310.183 333.627 0
      vertex 304.701 324.86 0
      vertex 310.141 333.657 0
    endloop
  endfacet
  facet normal -0 0 -1
    outer loop
      vertex 310.141 333.657 0
      vertex 304.701 324.86 0
      vertex 310.098 333.687 0
    endloop
  endfacet
  facet normal -0 0 -1
    outer loop
      vertex 310.098 333.687 0
      vertex 304.701 324.86 0
      vertex 310.054 333.716 0
    endloop
  endfacet
  facet normal -0 0 -1
    outer loop
      vertex 310.054 333.716 0
      vertex 304.701 324.86 0
      vertex 310.01 333.744 0
    endloop
  endfacet
  facet normal -0 0 -1
    outer loop
      vertex 310.01 333.744 0
      vertex 304.701 324.86 0
      vertex 309.965 333.771 0
    endloop
  endfacet
  facet normal -0 0 -1
    outer loop
      vertex 309.965 333.771 0
      vertex 304.701 324.86 0
      vertex 309.92 333.798 0
    endloop
  endfacet
  facet normal -0 0 -1
    outer loop
      vertex 309.92 333.798 0
      vertex 304.701 324.86 0
      vertex 309.874 333.824 0
    endloop
  endfacet
  facet normal -0 0 -1
    outer loop
      vertex 309.874 333.824 0
      vertex 304.701 324.86 0
      vertex 309.828 333.849 0
    endloop
  endfacet
  facet normal -0 0 -1
    outer loop
      vertex 309.592 333.962 0
      vertex 304.701 324.86 0
      vertex 309.544 333.982 0
    endloop
  endfacet
  facet normal -0 0 -1
    outer loop
      vertex 309.64 333.941 0
      vertex 304.701 324.86 0
      vertex 309.592 333.962 0
    endloop
  endfacet
  facet normal -0 0 -1
    outer loop
      vertex 309.688 333.919 0
      vertex 304.701 324.86 0
      vertex 309.64 333.941 0
    endloop
  endfacet
  facet normal -0 0 -1
    outer loop
      vertex 309.735 333.896 0
      vertex 304.701 324.86 0
      vertex 309.688 333.919 0
    endloop
  endfacet
  facet normal -0 0 -1
    outer loop
      vertex 309.782 333.873 0
      vertex 304.701 324.86 0
      vertex 309.735 333.896 0
    endloop
  endfacet
  facet normal -0 0 -1
    outer loop
      vertex 309.828 333.849 0
      vertex 304.701 324.86 0
      vertex 309.782 333.873 0
    endloop
  endfacet
  facet normal -0 0 -1
    outer loop
      vertex 310.388 333.464 0
      vertex 304.701 324.86 0
      vertex 310.348 333.498 0
    endloop
  endfacet
  facet normal -0 0 -1
    outer loop
      vertex 310.466 333.394 0
      vertex 304.701 324.86 0
      vertex 310.427 333.429 0
    endloop
  endfacet
  facet normal -0 0 -1
    outer loop
      vertex 311.069 332.608 0
      vertex 304.701 324.86 0
      vertex 311.044 332.654 0
    endloop
  endfacet
  facet normal -0 0 -1
    outer loop
      vertex 311.139 332.468 0
      vertex 304.701 324.86 0
      vertex 311.116 332.515 0
    endloop
  endfacet
  facet normal -0 0 -1
    outer loop
      vertex 311.404 331.514 0
      vertex 304.701 324.86 0
      vertex 311.398 331.566 0
    endloop
  endfacet
  facet normal -0 0 -1
    outer loop
      vertex 311.409 331.461 0
      vertex 304.701 324.86 0
      vertex 311.404 331.514 0
    endloop
  endfacet
  facet normal 0 0 -1
    outer loop
      vertex 305.591 323.037 0
      vertex 311.42 331.2 0
      vertex 305.591 323.033 0
    endloop
  endfacet
  facet normal 0 0 -1
    outer loop
      vertex 305.591 323.033 0
      vertex 311.42 331.2 0
      vertex 305.615 322.809 0
    endloop
  endfacet
  facet normal 0 0 -1
    outer loop
      vertex 311.42 153.1 0
      vertex 305.236 321.035 0
      vertex 305.238 321.039 0
    endloop
  endfacet
  facet normal 0 0 -1
    outer loop
      vertex 311.42 153.1 0
      vertex 305.124 320.841 0
      vertex 305.236 321.035 0
    endloop
  endfacet
  facet normal 0 0 -1
    outer loop
      vertex 311.42 153.1 0
      vertex 304.998 320.654 0
      vertex 305.124 320.841 0
    endloop
  endfacet
  facet normal 0 0 -1
    outer loop
      vertex 311.42 153.1 0
      vertex 304.996 320.651 0
      vertex 304.998 320.654 0
    endloop
  endfacet
  facet normal 0 0 -1
    outer loop
      vertex 311.42 153.1 0
      vertex 304.993 320.647 0
      vertex 304.996 320.651 0
    endloop
  endfacet
  facet normal 0 0 -1
    outer loop
      vertex 311.42 153.1 0
      vertex 304.855 320.47 0
      vertex 304.993 320.647 0
    endloop
  endfacet
  facet normal 0 0 -1
    outer loop
      vertex 311.42 153.1 0
      vertex 304.852 320.467 0
      vertex 304.855 320.47 0
    endloop
  endfacet
  facet normal 0 0 -1
    outer loop
      vertex 311.42 153.1 0
      vertex 304.701 320.3 0
      vertex 304.852 320.467 0
    endloop
  endfacet
  facet normal 0 0 -1
    outer loop
      vertex 311.42 153.1 0
      vertex 304.54 320.144 0
      vertex 304.701 320.3 0
    endloop
  endfacet
  facet normal 0 0 -1
    outer loop
      vertex 311.42 153.1 0
      vertex 304.536 320.141 0
      vertex 304.54 320.144 0
    endloop
  endfacet
  facet normal 0 0 -1
    outer loop
      vertex 311.42 153.1 0
      vertex 304.533 320.138 0
      vertex 304.536 320.141 0
    endloop
  endfacet
  facet normal 0 0 -1
    outer loop
      vertex 311.42 153.1 0
      vertex 304.361 319.993 0
      vertex 304.533 320.138 0
    endloop
  endfacet
  facet normal 0 0 -1
    outer loop
      vertex 311.42 153.1 0
      vertex 304.357 319.991 0
      vertex 304.361 319.993 0
    endloop
  endfacet
  facet normal 0 0 -1
    outer loop
      vertex 311.42 153.1 0
      vertex 304.176 319.859 0
      vertex 304.357 319.991 0
    endloop
  endfacet
  facet normal 0 0 -1
    outer loop
      vertex 311.42 153.1 0
      vertex 304.172 319.856 0
      vertex 304.176 319.859 0
    endloop
  endfacet
  facet normal 0 0 -1
    outer loop
      vertex 311.42 153.1 0
      vertex 303.981 319.737 0
      vertex 304.172 319.856 0
    endloop
  endfacet
  facet normal 0 0 -1
    outer loop
      vertex 311.42 153.1 0
      vertex 303.783 319.632 0
      vertex 303.981 319.737 0
    endloop
  endfacet
  facet normal 0 0 -1
    outer loop
      vertex 311.42 153.1 0
      vertex 303.779 319.63 0
      vertex 303.783 319.632 0
    endloop
  endfacet
  facet normal 0 0 -1
    outer loop
      vertex 311.42 153.1 0
      vertex 303.775 319.628 0
      vertex 303.779 319.63 0
    endloop
  endfacet
  facet normal 0 0 -1
    outer loop
      vertex 311.42 153.1 0
      vertex 303.57 319.537 0
      vertex 303.775 319.628 0
    endloop
  endfacet
  facet normal 0 0 -1
    outer loop
      vertex 311.42 153.1 0
      vertex 303.358 319.46 0
      vertex 303.57 319.537 0
    endloop
  endfacet
  facet normal 0 0 -1
    outer loop
      vertex 311.42 153.1 0
      vertex 303.354 319.458 0
      vertex 303.358 319.46 0
    endloop
  endfacet
  facet normal 0 0 -1
    outer loop
      vertex 311.42 153.1 0
      vertex 303.35 319.457 0
      vertex 303.354 319.458 0
    endloop
  endfacet
  facet normal 0 0 -1
    outer loop
      vertex 311.42 153.1 0
      vertex 303.134 319.395 0
      vertex 303.35 319.457 0
    endloop
  endfacet
  facet normal 0 0 -1
    outer loop
      vertex 311.42 153.1 0
      vertex 302.914 319.348 0
      vertex 303.134 319.395 0
    endloop
  endfacet
  facet normal 0 0 -1
    outer loop
      vertex 311.42 153.1 0
      vertex 302.91 319.347 0
      vertex 302.914 319.348 0
    endloop
  endfacet
  facet normal 0 0 -1
    outer loop
      vertex 311.42 153.1 0
      vertex 302.906 319.347 0
      vertex 302.91 319.347 0
    endloop
  endfacet
  facet normal 0 0 -1
    outer loop
      vertex 311.42 153.1 0
      vertex 302.683 319.315 0
      vertex 302.906 319.347 0
    endloop
  endfacet
  facet normal 0 0 -1
    outer loop
      vertex 311.42 153.1 0
      vertex 302.459 319.3 0
      vertex 302.683 319.315 0
    endloop
  endfacet
  facet normal 0 0 -1
    outer loop
      vertex 311.42 153.1 0
      vertex 302.455 319.299 0
      vertex 302.459 319.3 0
    endloop
  endfacet
  facet normal 0 0 -1
    outer loop
      vertex 311.42 153.1 0
      vertex 302.225 319.299 0
      vertex 302.455 319.299 0
    endloop
  endfacet
  facet normal 0 0 -1
    outer loop
      vertex 311.42 153.1 0
      vertex 302.221 319.3 0
      vertex 302.225 319.299 0
    endloop
  endfacet
  facet normal 0 0 -1
    outer loop
      vertex 311.42 153.1 0
      vertex 301.997 319.315 0
      vertex 302.221 319.3 0
    endloop
  endfacet
  facet normal 0 0 -1
    outer loop
      vertex 311.42 153.1 0
      vertex 301.774 319.347 0
      vertex 301.997 319.315 0
    endloop
  endfacet
  facet normal 0 0 -1
    outer loop
      vertex 311.42 153.1 0
      vertex 301.77 319.347 0
      vertex 301.774 319.347 0
    endloop
  endfacet
  facet normal 0 0 -1
    outer loop
      vertex 311.42 153.1 0
      vertex 301.766 319.348 0
      vertex 301.77 319.347 0
    endloop
  endfacet
  facet normal 0 0 -1
    outer loop
      vertex 311.42 153.1 0
      vertex 301.546 319.395 0
      vertex 301.766 319.348 0
    endloop
  endfacet
  facet normal 0 0 -1
    outer loop
      vertex 311.42 153.1 0
      vertex 301.33 319.457 0
      vertex 301.546 319.395 0
    endloop
  endfacet
  facet normal 0 0 -1
    outer loop
      vertex 311.42 153.1 0
      vertex 301.326 319.458 0
      vertex 301.33 319.457 0
    endloop
  endfacet
  facet normal 0 0 -1
    outer loop
      vertex 311.42 153.1 0
      vertex 301.322 319.46 0
      vertex 301.326 319.458 0
    endloop
  endfacet
  facet normal 0 0 -1
    outer loop
      vertex 311.42 153.1 0
      vertex 301.11 319.537 0
      vertex 301.322 319.46 0
    endloop
  endfacet
  facet normal 0 0 -1
    outer loop
      vertex 311.42 153.1 0
      vertex 300.905 319.628 0
      vertex 301.11 319.537 0
    endloop
  endfacet
  facet normal 0 0 -1
    outer loop
      vertex 311.42 153.1 0
      vertex 300.901 319.63 0
      vertex 300.905 319.628 0
    endloop
  endfacet
  facet normal 0 0 -1
    outer loop
      vertex 311.42 153.1 0
      vertex 300.897 319.632 0
      vertex 300.901 319.63 0
    endloop
  endfacet
  facet normal 0 0 -1
    outer loop
      vertex 311.42 153.1 0
      vertex 300.699 319.737 0
      vertex 300.897 319.632 0
    endloop
  endfacet
  facet normal 0 0 -1
    outer loop
      vertex 311.42 153.1 0
      vertex 300.508 319.856 0
      vertex 300.699 319.737 0
    endloop
  endfacet
  facet normal 0 0 -1
    outer loop
      vertex 311.42 153.1 0
      vertex 300.504 319.859 0
      vertex 300.508 319.856 0
    endloop
  endfacet
  facet normal 0 0 -1
    outer loop
      vertex 311.42 153.1 0
      vertex 300.323 319.991 0
      vertex 300.504 319.859 0
    endloop
  endfacet
  facet normal 0 0 -1
    outer loop
      vertex 311.42 153.1 0
      vertex 300.319 319.993 0
      vertex 300.323 319.991 0
    endloop
  endfacet
  facet normal 0 0 -1
    outer loop
      vertex 153.71 153.1 0
      vertex 300.319 319.993 0
      vertex 311.42 153.1 0
    endloop
  endfacet
  facet normal -0 0 -1
    outer loop
      vertex 300.319 319.993 0
      vertex 153.71 153.1 0
      vertex 300.147 320.138 0
    endloop
  endfacet
  facet normal -0 0 -1
    outer loop
      vertex 300.147 320.138 0
      vertex 153.71 153.1 0
      vertex 300.144 320.141 0
    endloop
  endfacet
  facet normal -0 0 -1
    outer loop
      vertex 300.144 320.141 0
      vertex 153.71 153.1 0
      vertex 300.14 320.144 0
    endloop
  endfacet
  facet normal -0 0 -1
    outer loop
      vertex 300.14 320.144 0
      vertex 153.71 153.1 0
      vertex 299.979 320.3 0
    endloop
  endfacet
  facet normal 0 0 -1
    outer loop
      vertex 153.71 334.2 0
      vertex 299.979 320.3 0
      vertex 153.71 153.1 0
    endloop
  endfacet
  facet normal 0 0 -1
    outer loop
      vertex 299.979 320.3 0
      vertex 153.71 334.2 0
      vertex 299.828 320.467 0
    endloop
  endfacet
  facet normal 0 0 -1
    outer loop
      vertex 299.828 320.467 0
      vertex 153.71 334.2 0
      vertex 299.825 320.47 0
    endloop
  endfacet
  facet normal 0 0 -1
    outer loop
      vertex 299.825 320.47 0
      vertex 153.71 334.2 0
      vertex 299.687 320.647 0
    endloop
  endfacet
  facet normal 0 0 -1
    outer loop
      vertex 299.687 320.647 0
      vertex 153.71 334.2 0
      vertex 299.684 320.651 0
    endloop
  endfacet
  facet normal 0 0 -1
    outer loop
      vertex 299.684 320.651 0
      vertex 153.71 334.2 0
      vertex 299.682 320.654 0
    endloop
  endfacet
  facet normal 0 0 -1
    outer loop
      vertex 299.682 320.654 0
      vertex 153.71 334.2 0
      vertex 299.556 320.841 0
    endloop
  endfacet
  facet normal 0 0 -1
    outer loop
      vertex 299.556 320.841 0
      vertex 153.71 334.2 0
      vertex 299.444 321.035 0
    endloop
  endfacet
  facet normal 0 0 -1
    outer loop
      vertex 299.444 321.035 0
      vertex 153.71 334.2 0
      vertex 299.442 321.039 0
    endloop
  endfacet
  facet normal 0 0 -1
    outer loop
      vertex 299.442 321.039 0
      vertex 153.71 334.2 0
      vertex 299.343 321.241 0
    endloop
  endfacet
  facet normal 0 0 -1
    outer loop
      vertex 299.343 321.241 0
      vertex 153.71 334.2 0
      vertex 299.341 321.245 0
    endloop
  endfacet
  facet normal 0 0 -1
    outer loop
      vertex 299.341 321.245 0
      vertex 153.71 334.2 0
      vertex 299.34 321.249 0
    endloop
  endfacet
  facet normal 0 0 -1
    outer loop
      vertex 299.34 321.249 0
      vertex 153.71 334.2 0
      vertex 299.255 321.457 0
    endloop
  endfacet
  facet normal 0 0 -1
    outer loop
      vertex 299.255 321.457 0
      vertex 153.71 334.2 0
      vertex 299.254 321.461 0
    endloop
  endfacet
  facet normal 0 0 -1
    outer loop
      vertex 299.254 321.461 0
      vertex 153.71 334.2 0
      vertex 299.185 321.675 0
    endloop
  endfacet
  facet normal 0 0 -1
    outer loop
      vertex 299.185 321.675 0
      vertex 153.71 334.2 0
      vertex 299.184 321.679 0
    endloop
  endfacet
  facet normal 0 0 -1
    outer loop
      vertex 299.184 321.679 0
      vertex 153.71 334.2 0
      vertex 299.129 321.898 0
    endloop
  endfacet
  facet normal 0 0 -1
    outer loop
      vertex 299.129 321.898 0
      vertex 153.71 334.2 0
      vertex 299.09 322.119 0
    endloop
  endfacet
  facet normal 0 0 -1
    outer loop
      vertex 299.09 322.119 0
      vertex 153.71 334.2 0
      vertex 299.089 322.123 0
    endloop
  endfacet
  facet normal 0 0 -1
    outer loop
      vertex 299.065 322.351 0
      vertex 153.71 334.2 0
      vertex 299.065 322.355 0
    endloop
  endfacet
  facet normal 0 0 -1
    outer loop
      vertex 299.089 322.128 0
      vertex 153.71 334.2 0
      vertex 299.065 322.351 0
    endloop
  endfacet
  facet normal 0 0 -1
    outer loop
      vertex 299.089 322.123 0
      vertex 153.71 334.2 0
      vertex 299.089 322.128 0
    endloop
  endfacet
  facet normal -0 0 -1
    outer loop
      vertex 309.544 333.982 0
      vertex 304.701 324.86 0
      vertex 309.495 334.001 0
    endloop
  endfacet
  facet normal -0 0 -1
    outer loop
      vertex 309.495 334.001 0
      vertex 304.701 324.86 0
      vertex 309.446 334.019 0
    endloop
  endfacet
  facet normal -0 0 -1
    outer loop
      vertex 309.446 334.019 0
      vertex 304.701 324.86 0
      vertex 309.397 334.037 0
    endloop
  endfacet
  facet normal -0 0 -1
    outer loop
      vertex 309.397 334.037 0
      vertex 304.701 324.86 0
      vertex 309.347 334.053 0
    endloop
  endfacet
  facet normal -0 0 -1
    outer loop
      vertex 309.347 334.053 0
      vertex 304.701 324.86 0
      vertex 309.297 334.069 0
    endloop
  endfacet
  facet normal -0 0 -1
    outer loop
      vertex 309.297 334.069 0
      vertex 304.701 324.86 0
      vertex 309.247 334.084 0
    endloop
  endfacet
  facet normal -0 0 -1
    outer loop
      vertex 309.247 334.084 0
      vertex 304.701 324.86 0
      vertex 309.196 334.098 0
    endloop
  endfacet
  facet normal -0 0 -1
    outer loop
      vertex 309.196 334.098 0
      vertex 304.701 324.86 0
      vertex 309.146 334.111 0
    endloop
  endfacet
  facet normal -0 0 -1
    outer loop
      vertex 309.146 334.111 0
      vertex 304.701 324.86 0
      vertex 309.095 334.123 0
    endloop
  endfacet
  facet normal -0 0 -1
    outer loop
      vertex 309.095 334.123 0
      vertex 304.701 324.86 0
      vertex 309.044 334.134 0
    endloop
  endfacet
  facet normal -0 0 -1
    outer loop
      vertex 309.044 334.134 0
      vertex 304.701 324.86 0
      vertex 308.992 334.145 0
    endloop
  endfacet
  facet normal -0 0 -1
    outer loop
      vertex 308.992 334.145 0
      vertex 304.701 324.86 0
      vertex 308.941 334.154 0
    endloop
  endfacet
  facet normal -0 0 -1
    outer loop
      vertex 308.941 334.154 0
      vertex 304.701 324.86 0
      vertex 308.889 334.163 0
    endloop
  endfacet
  facet normal -0 0 -1
    outer loop
      vertex 308.889 334.163 0
      vertex 304.701 324.86 0
      vertex 308.838 334.171 0
    endloop
  endfacet
  facet normal -0 0 -1
    outer loop
      vertex 308.838 334.171 0
      vertex 304.701 324.86 0
      vertex 308.786 334.178 0
    endloop
  endfacet
  facet normal -0 0 -1
    outer loop
      vertex 308.786 334.178 0
      vertex 304.701 324.86 0
      vertex 308.734 334.184 0
    endloop
  endfacet
  facet normal -0 0 -1
    outer loop
      vertex 308.734 334.184 0
      vertex 304.701 324.86 0
      vertex 308.681 334.189 0
    endloop
  endfacet
  facet normal -0 0 -1
    outer loop
      vertex 308.681 334.189 0
      vertex 304.701 324.86 0
      vertex 308.629 334.193 0
    endloop
  endfacet
  facet normal -0 0 -1
    outer loop
      vertex 308.629 334.193 0
      vertex 304.701 324.86 0
      vertex 308.577 334.196 0
    endloop
  endfacet
  facet normal -0 0 -1
    outer loop
      vertex 308.577 334.196 0
      vertex 304.701 324.86 0
      vertex 308.525 334.198 0
    endloop
  endfacet
  facet normal -0 0 -1
    outer loop
      vertex 308.525 334.198 0
      vertex 304.701 324.86 0
      vertex 308.472 334.2 0
    endloop
  endfacet
  facet normal -0 0 -1
    outer loop
      vertex 308.472 334.2 0
      vertex 304.701 324.86 0
      vertex 308.42 334.2 0
    endloop
  endfacet
  facet normal 0 0 -1
    outer loop
      vertex 304.54 325.016 0
      vertex 308.42 334.2 0
      vertex 304.701 324.86 0
    endloop
  endfacet
  facet normal 0 0 -1
    outer loop
      vertex 304.536 325.019 0
      vertex 308.42 334.2 0
      vertex 304.54 325.016 0
    endloop
  endfacet
  facet normal 0 0 -1
    outer loop
      vertex 304.533 325.022 0
      vertex 308.42 334.2 0
      vertex 304.536 325.019 0
    endloop
  endfacet
  facet normal 0 0 -1
    outer loop
      vertex 304.361 325.167 0
      vertex 308.42 334.2 0
      vertex 304.533 325.022 0
    endloop
  endfacet
  facet normal 0 0 -1
    outer loop
      vertex 304.357 325.169 0
      vertex 308.42 334.2 0
      vertex 304.361 325.167 0
    endloop
  endfacet
  facet normal 0 0 -1
    outer loop
      vertex 304.176 325.301 0
      vertex 308.42 334.2 0
      vertex 304.357 325.169 0
    endloop
  endfacet
  facet normal 0 0 -1
    outer loop
      vertex 304.172 325.304 0
      vertex 308.42 334.2 0
      vertex 304.176 325.301 0
    endloop
  endfacet
  facet normal 0 0 -1
    outer loop
      vertex 303.981 325.423 0
      vertex 308.42 334.2 0
      vertex 304.172 325.304 0
    endloop
  endfacet
  facet normal 0 0 -1
    outer loop
      vertex 303.783 325.528 0
      vertex 308.42 334.2 0
      vertex 303.981 325.423 0
    endloop
  endfacet
  facet normal 0 0 -1
    outer loop
      vertex 303.779 325.53 0
      vertex 308.42 334.2 0
      vertex 303.783 325.528 0
    endloop
  endfacet
  facet normal 0 0 -1
    outer loop
      vertex 303.775 325.532 0
      vertex 308.42 334.2 0
      vertex 303.779 325.53 0
    endloop
  endfacet
  facet normal 0 0 -1
    outer loop
      vertex 303.57 325.623 0
      vertex 308.42 334.2 0
      vertex 303.775 325.532 0
    endloop
  endfacet
  facet normal 0 0 -1
    outer loop
      vertex 303.358 325.7 0
      vertex 308.42 334.2 0
      vertex 303.57 325.623 0
    endloop
  endfacet
  facet normal 0 0 -1
    outer loop
      vertex 303.354 325.702 0
      vertex 308.42 334.2 0
      vertex 303.358 325.7 0
    endloop
  endfacet
  facet normal 0 0 -1
    outer loop
      vertex 303.35 325.703 0
      vertex 308.42 334.2 0
      vertex 303.354 325.702 0
    endloop
  endfacet
  facet normal 0 0 -1
    outer loop
      vertex 303.134 325.765 0
      vertex 308.42 334.2 0
      vertex 303.35 325.703 0
    endloop
  endfacet
  facet normal 0 0 -1
    outer loop
      vertex 302.914 325.812 0
      vertex 308.42 334.2 0
      vertex 303.134 325.765 0
    endloop
  endfacet
  facet normal 0 0 -1
    outer loop
      vertex 302.91 325.813 0
      vertex 308.42 334.2 0
      vertex 302.914 325.812 0
    endloop
  endfacet
  facet normal 0 0 -1
    outer loop
      vertex 302.906 325.813 0
      vertex 308.42 334.2 0
      vertex 302.91 325.813 0
    endloop
  endfacet
  facet normal 0 0 -1
    outer loop
      vertex 302.683 325.845 0
      vertex 308.42 334.2 0
      vertex 302.906 325.813 0
    endloop
  endfacet
  facet normal 0 0 -1
    outer loop
      vertex 302.459 325.86 0
      vertex 308.42 334.2 0
      vertex 302.683 325.845 0
    endloop
  endfacet
  facet normal 0 0 -1
    outer loop
      vertex 302.455 325.861 0
      vertex 308.42 334.2 0
      vertex 302.459 325.86 0
    endloop
  endfacet
  facet normal 0 0 -1
    outer loop
      vertex 302.225 325.861 0
      vertex 308.42 334.2 0
      vertex 302.455 325.861 0
    endloop
  endfacet
  facet normal 0 0 -1
    outer loop
      vertex 302.221 325.86 0
      vertex 308.42 334.2 0
      vertex 302.225 325.861 0
    endloop
  endfacet
  facet normal 0 0 -1
    outer loop
      vertex 301.997 325.845 0
      vertex 308.42 334.2 0
      vertex 302.221 325.86 0
    endloop
  endfacet
  facet normal 0 0 -1
    outer loop
      vertex 301.774 325.813 0
      vertex 308.42 334.2 0
      vertex 301.997 325.845 0
    endloop
  endfacet
  facet normal 0 0 -1
    outer loop
      vertex 301.77 325.813 0
      vertex 308.42 334.2 0
      vertex 301.774 325.813 0
    endloop
  endfacet
  facet normal 0 0 -1
    outer loop
      vertex 301.766 325.812 0
      vertex 308.42 334.2 0
      vertex 301.77 325.813 0
    endloop
  endfacet
  facet normal 0 0 -1
    outer loop
      vertex 301.546 325.765 0
      vertex 308.42 334.2 0
      vertex 301.766 325.812 0
    endloop
  endfacet
  facet normal 0 0 -1
    outer loop
      vertex 301.33 325.703 0
      vertex 308.42 334.2 0
      vertex 301.546 325.765 0
    endloop
  endfacet
  facet normal 0 0 -1
    outer loop
      vertex 301.326 325.702 0
      vertex 308.42 334.2 0
      vertex 301.33 325.703 0
    endloop
  endfacet
  facet normal 0 0 -1
    outer loop
      vertex 301.322 325.7 0
      vertex 308.42 334.2 0
      vertex 301.326 325.702 0
    endloop
  endfacet
  facet normal 0 0 -1
    outer loop
      vertex 301.11 325.623 0
      vertex 308.42 334.2 0
      vertex 301.322 325.7 0
    endloop
  endfacet
  facet normal 0 0 -1
    outer loop
      vertex 300.905 325.532 0
      vertex 308.42 334.2 0
      vertex 301.11 325.623 0
    endloop
  endfacet
  facet normal 0 0 -1
    outer loop
      vertex 300.901 325.53 0
      vertex 308.42 334.2 0
      vertex 300.905 325.532 0
    endloop
  endfacet
  facet normal 0 0 -1
    outer loop
      vertex 300.897 325.528 0
      vertex 308.42 334.2 0
      vertex 300.901 325.53 0
    endloop
  endfacet
  facet normal 0 0 -1
    outer loop
      vertex 300.699 325.423 0
      vertex 308.42 334.2 0
      vertex 300.897 325.528 0
    endloop
  endfacet
  facet normal 0 0 -1
    outer loop
      vertex 300.508 325.304 0
      vertex 308.42 334.2 0
      vertex 300.699 325.423 0
    endloop
  endfacet
  facet normal 0 0 -1
    outer loop
      vertex 300.504 325.301 0
      vertex 308.42 334.2 0
      vertex 300.508 325.304 0
    endloop
  endfacet
  facet normal 0 0 -1
    outer loop
      vertex 300.323 325.169 0
      vertex 308.42 334.2 0
      vertex 300.504 325.301 0
    endloop
  endfacet
  facet normal 0 0 -1
    outer loop
      vertex 300.319 325.167 0
      vertex 308.42 334.2 0
      vertex 300.323 325.169 0
    endloop
  endfacet
  facet normal 0 0 -1
    outer loop
      vertex 300.147 325.022 0
      vertex 308.42 334.2 0
      vertex 300.319 325.167 0
    endloop
  endfacet
  facet normal 0 0 -1
    outer loop
      vertex 300.144 325.019 0
      vertex 308.42 334.2 0
      vertex 300.147 325.022 0
    endloop
  endfacet
  facet normal 0 0 -1
    outer loop
      vertex 300.14 325.016 0
      vertex 308.42 334.2 0
      vertex 300.144 325.019 0
    endloop
  endfacet
  facet normal 0 0 -1
    outer loop
      vertex 299.979 324.86 0
      vertex 308.42 334.2 0
      vertex 300.14 325.016 0
    endloop
  endfacet
  facet normal 0 0 -1
    outer loop
      vertex 299.556 324.319 0
      vertex 299.684 324.509 0
      vertex 299.682 324.506 0
    endloop
  endfacet
  facet normal 0 0 1
    outer loop
      vertex 299.442 324.121 0
      vertex 299.556 324.319 0
      vertex 299.444 324.125 0
    endloop
  endfacet
  facet normal 0 0 -1
    outer loop
      vertex 299.341 323.915 0
      vertex 299.442 324.121 0
      vertex 299.343 323.919 0
    endloop
  endfacet
  facet normal 0 0 -1
    outer loop
      vertex 299.255 323.703 0
      vertex 299.341 323.915 0
      vertex 299.34 323.911 0
    endloop
  endfacet
  facet normal 0 0 -1
    outer loop
      vertex 299.185 323.485 0
      vertex 299.255 323.703 0
      vertex 299.254 323.699 0
    endloop
  endfacet
  facet normal 0 0 -1
    outer loop
      vertex 299.089 323.037 0
      vertex 299.129 323.262 0
      vertex 299.09 323.041 0
    endloop
  endfacet
  facet normal 0 0 -1
    outer loop
      vertex 299.065 322.355 0
      vertex 153.71 334.2 0
      vertex 299.057 322.58 0
    endloop
  endfacet
  facet normal 0 0 -1
    outer loop
      vertex 299.057 322.58 0
      vertex 153.71 334.2 0
      vertex 299.065 322.805 0
    endloop
  endfacet
  facet normal 0 0 -1
    outer loop
      vertex 299.065 322.805 0
      vertex 153.71 334.2 0
      vertex 299.065 322.809 0
    endloop
  endfacet
  facet normal 0 0 -1
    outer loop
      vertex 299.065 322.809 0
      vertex 153.71 334.2 0
      vertex 299.089 323.033 0
    endloop
  endfacet
  facet normal 0 0 -1
    outer loop
      vertex 299.089 323.033 0
      vertex 153.71 334.2 0
      vertex 299.089 323.037 0
    endloop
  endfacet
  facet normal 0 0 -1
    outer loop
      vertex 299.089 323.037 0
      vertex 153.71 334.2 0
      vertex 299.129 323.262 0
    endloop
  endfacet
  facet normal 0 0 -1
    outer loop
      vertex 299.129 323.262 0
      vertex 153.71 334.2 0
      vertex 299.184 323.481 0
    endloop
  endfacet
  facet normal 0 0 -1
    outer loop
      vertex 299.184 323.481 0
      vertex 153.71 334.2 0
      vertex 299.185 323.485 0
    endloop
  endfacet
  facet normal 0 0 -1
    outer loop
      vertex 299.185 323.485 0
      vertex 153.71 334.2 0
      vertex 299.255 323.703 0
    endloop
  endfacet
  facet normal 0 0 -1
    outer loop
      vertex 299.255 323.703 0
      vertex 153.71 334.2 0
      vertex 299.341 323.915 0
    endloop
  endfacet
  facet normal 0 0 -1
    outer loop
      vertex 299.341 323.915 0
      vertex 153.71 334.2 0
      vertex 299.442 324.121 0
    endloop
  endfacet
  facet normal 0 0 -1
    outer loop
      vertex 299.442 324.121 0
      vertex 153.71 334.2 0
      vertex 299.556 324.319 0
    endloop
  endfacet
  facet normal 0 0 -1
    outer loop
      vertex 299.556 324.319 0
      vertex 153.71 334.2 0
      vertex 299.684 324.509 0
    endloop
  endfacet
  facet normal 0 0 -1
    outer loop
      vertex 299.684 324.509 0
      vertex 153.71 334.2 0
      vertex 299.687 324.513 0
    endloop
  endfacet
  facet normal 0 0 -1
    outer loop
      vertex 299.979 324.86 0
      vertex 153.71 334.2 0
      vertex 308.42 334.2 0
    endloop
  endfacet
  facet normal 0 0 -1
    outer loop
      vertex 299.828 324.693 0
      vertex 153.71 334.2 0
      vertex 299.979 324.86 0
    endloop
  endfacet
  facet normal 0 0 -1
    outer loop
      vertex 299.825 324.69 0
      vertex 153.71 334.2 0
      vertex 299.828 324.693 0
    endloop
  endfacet
  facet normal 0 0 -1
    outer loop
      vertex 299.687 324.513 0
      vertex 153.71 334.2 0
      vertex 299.825 324.69 0
    endloop
  endfacet
  facet normal 0 -1 0
    outer loop
      vertex 308.42 332.2 2
      vertex 308.437 332.2 12
      vertex 308.42 332.2 12
    endloop
  endfacet
  facet normal 0 -1 -0
    outer loop
      vertex 308.437 332.2 12
      vertex 308.42 332.2 2
      vertex 308.437 332.2 2
    endloop
  endfacet
  facet normal -0.05547 -0.99846 0
    outer loop
      vertex 308.437 332.2 2
      vertex 308.455 332.199 12
      vertex 308.437 332.2 12
    endloop
  endfacet
  facet normal -0.05547 -0.99846 -0
    outer loop
      vertex 308.455 332.199 12
      vertex 308.437 332.2 2
      vertex 308.455 332.199 2
    endloop
  endfacet
  facet normal 0 -1 0
    outer loop
      vertex 308.455 332.199 2
      vertex 308.472 332.199 12
      vertex 308.455 332.199 12
    endloop
  endfacet
  facet normal 0 -1 -0
    outer loop
      vertex 308.472 332.199 12
      vertex 308.455 332.199 2
      vertex 308.472 332.199 2
    endloop
  endfacet
  facet normal -0.05547 -0.99846 0
    outer loop
      vertex 308.472 332.199 2
      vertex 308.49 332.198 12
      vertex 308.472 332.199 12
    endloop
  endfacet
  facet normal -0.05547 -0.99846 -0
    outer loop
      vertex 308.49 332.198 12
      vertex 308.472 332.199 2
      vertex 308.49 332.198 2
    endloop
  endfacet
  facet normal -0.116841 -0.993151 0
    outer loop
      vertex 308.49 332.198 2
      vertex 308.507 332.196 12
      vertex 308.49 332.198 12
    endloop
  endfacet
  facet normal -0.116841 -0.993151 -0
    outer loop
      vertex 308.507 332.196 12
      vertex 308.49 332.198 2
      vertex 308.507 332.196 2
    endloop
  endfacet
  facet normal -0.05547 -0.99846 0
    outer loop
      vertex 308.507 332.196 2
      vertex 308.525 332.195 12
      vertex 308.507 332.196 12
    endloop
  endfacet
  facet normal -0.05547 -0.99846 -0
    outer loop
      vertex 308.525 332.195 12
      vertex 308.507 332.196 2
      vertex 308.525 332.195 2
    endloop
  endfacet
  facet normal -0.116841 -0.993151 0
    outer loop
      vertex 308.525 332.195 2
      vertex 308.542 332.193 12
      vertex 308.525 332.195 12
    endloop
  endfacet
  facet normal -0.116841 -0.993151 -0
    outer loop
      vertex 308.542 332.193 12
      vertex 308.525 332.195 2
      vertex 308.542 332.193 2
    endloop
  endfacet
  facet normal -0.173785 -0.984784 0
    outer loop
      vertex 308.542 332.193 2
      vertex 308.559 332.19 12
      vertex 308.542 332.193 12
    endloop
  endfacet
  facet normal -0.173785 -0.984784 -0
    outer loop
      vertex 308.559 332.19 12
      vertex 308.542 332.193 2
      vertex 308.559 332.19 2
    endloop
  endfacet
  facet normal -0.116841 -0.993151 0
    outer loop
      vertex 308.559 332.19 2
      vertex 308.576 332.188 12
      vertex 308.559 332.19 12
    endloop
  endfacet
  facet normal -0.116841 -0.993151 -0
    outer loop
      vertex 308.576 332.188 12
      vertex 308.559 332.19 2
      vertex 308.576 332.188 2
    endloop
  endfacet
  facet normal -0.164399 -0.986394 0
    outer loop
      vertex 308.576 332.188 2
      vertex 308.594 332.185 12
      vertex 308.576 332.188 12
    endloop
  endfacet
  facet normal -0.164399 -0.986394 -0
    outer loop
      vertex 308.594 332.185 12
      vertex 308.576 332.188 2
      vertex 308.594 332.185 2
    endloop
  endfacet
  facet normal -0.173785 -0.984784 0
    outer loop
      vertex 308.594 332.185 2
      vertex 308.611 332.182 12
      vertex 308.594 332.185 12
    endloop
  endfacet
  facet normal -0.173785 -0.984784 -0
    outer loop
      vertex 308.611 332.182 12
      vertex 308.594 332.185 2
      vertex 308.611 332.182 2
    endloop
  endfacet
  facet normal -0.229039 -0.973417 0
    outer loop
      vertex 308.611 332.182 2
      vertex 308.628 332.178 12
      vertex 308.611 332.182 12
    endloop
  endfacet
  facet normal -0.229039 -0.973417 -0
    outer loop
      vertex 308.628 332.178 12
      vertex 308.611 332.182 2
      vertex 308.628 332.178 2
    endloop
  endfacet
  facet normal -0.229039 -0.973417 0
    outer loop
      vertex 308.628 332.178 2
      vertex 308.645 332.174 12
      vertex 308.628 332.178 12
    endloop
  endfacet
  facet normal -0.229039 -0.973417 -0
    outer loop
      vertex 308.645 332.174 12
      vertex 308.628 332.178 2
      vertex 308.645 332.174 2
    endloop
  endfacet
  facet normal -0.229039 -0.973417 0
    outer loop
      vertex 308.645 332.174 2
      vertex 308.662 332.17 12
      vertex 308.645 332.174 12
    endloop
  endfacet
  facet normal -0.229039 -0.973417 -0
    outer loop
      vertex 308.662 332.17 12
      vertex 308.645 332.174 2
      vertex 308.662 332.17 2
    endloop
  endfacet
  facet normal -0.229039 -0.973417 0
    outer loop
      vertex 308.662 332.17 2
      vertex 308.679 332.166 12
      vertex 308.662 332.17 12
    endloop
  endfacet
  facet normal -0.229039 -0.973417 -0
    outer loop
      vertex 308.679 332.166 12
      vertex 308.662 332.17 2
      vertex 308.679 332.166 2
    endloop
  endfacet
  facet normal -0.282166 -0.959366 0
    outer loop
      vertex 308.679 332.166 2
      vertex 308.696 332.161 12
      vertex 308.679 332.166 12
    endloop
  endfacet
  facet normal -0.282166 -0.959366 -0
    outer loop
      vertex 308.696 332.161 12
      vertex 308.679 332.166 2
      vertex 308.696 332.161 2
    endloop
  endfacet
  facet normal -0.298275 -0.95448 0
    outer loop
      vertex 308.696 332.161 2
      vertex 308.712 332.156 12
      vertex 308.696 332.161 12
    endloop
  endfacet
  facet normal -0.298275 -0.95448 -0
    outer loop
      vertex 308.712 332.156 12
      vertex 308.696 332.161 2
      vertex 308.712 332.156 2
    endloop
  endfacet
  facet normal -0.282166 -0.959366 0
    outer loop
      vertex 308.712 332.156 2
      vertex 308.729 332.151 12
      vertex 308.712 332.156 12
    endloop
  endfacet
  facet normal -0.282166 -0.959366 -0
    outer loop
      vertex 308.729 332.151 12
      vertex 308.712 332.156 2
      vertex 308.729 332.151 2
    endloop
  endfacet
  facet normal -0.282166 -0.959366 0
    outer loop
      vertex 308.729 332.151 2
      vertex 308.746 332.146 12
      vertex 308.729 332.151 12
    endloop
  endfacet
  facet normal -0.282166 -0.959366 -0
    outer loop
      vertex 308.746 332.146 12
      vertex 308.729 332.151 2
      vertex 308.746 332.146 2
    endloop
  endfacet
  facet normal -0.351123 -0.936329 0
    outer loop
      vertex 308.746 332.146 2
      vertex 308.762 332.14 12
      vertex 308.746 332.146 12
    endloop
  endfacet
  facet normal -0.351123 -0.936329 -0
    outer loop
      vertex 308.762 332.14 12
      vertex 308.746 332.146 2
      vertex 308.762 332.14 2
    endloop
  endfacet
  facet normal -0.351123 -0.936329 0
    outer loop
      vertex 308.762 332.14 2
      vertex 308.778 332.134 12
      vertex 308.762 332.14 12
    endloop
  endfacet
  facet normal -0.351123 -0.936329 -0
    outer loop
      vertex 308.778 332.134 12
      vertex 308.762 332.14 2
      vertex 308.778 332.134 2
    endloop
  endfacet
  facet normal -0.38075 -0.924678 0
    outer loop
      vertex 308.778 332.134 2
      vertex 308.795 332.127 12
      vertex 308.778 332.134 12
    endloop
  endfacet
  facet normal -0.38075 -0.924678 -0
    outer loop
      vertex 308.795 332.127 12
      vertex 308.778 332.134 2
      vertex 308.795 332.127 2
    endloop
  endfacet
  facet normal -0.351123 -0.936329 0
    outer loop
      vertex 308.795 332.127 2
      vertex 308.811 332.121 12
      vertex 308.795 332.127 12
    endloop
  endfacet
  facet normal -0.351123 -0.936329 -0
    outer loop
      vertex 308.811 332.121 12
      vertex 308.795 332.127 2
      vertex 308.811 332.121 2
    endloop
  endfacet
  facet normal -0.400819 -0.916157 0
    outer loop
      vertex 308.811 332.121 2
      vertex 308.827 332.114 12
      vertex 308.811 332.121 12
    endloop
  endfacet
  facet normal -0.400819 -0.916157 -0
    outer loop
      vertex 308.827 332.114 12
      vertex 308.811 332.121 2
      vertex 308.827 332.114 2
    endloop
  endfacet
  facet normal -0.447214 -0.894427 0
    outer loop
      vertex 308.827 332.114 2
      vertex 308.843 332.106 12
      vertex 308.827 332.114 12
    endloop
  endfacet
  facet normal -0.447214 -0.894427 -0
    outer loop
      vertex 308.843 332.106 12
      vertex 308.827 332.114 2
      vertex 308.843 332.106 2
    endloop
  endfacet
  facet normal -0.422885 -0.906183 0
    outer loop
      vertex 308.843 332.106 2
      vertex 308.858 332.099 12
      vertex 308.843 332.106 12
    endloop
  endfacet
  facet normal -0.422885 -0.906183 -0
    outer loop
      vertex 308.858 332.099 12
      vertex 308.843 332.106 2
      vertex 308.858 332.099 2
    endloop
  endfacet
  facet normal -0.447214 -0.894427 0
    outer loop
      vertex 308.858 332.099 2
      vertex 308.874 332.091 12
      vertex 308.858 332.099 12
    endloop
  endfacet
  facet normal -0.447214 -0.894427 -0
    outer loop
      vertex 308.874 332.091 12
      vertex 308.858 332.099 2
      vertex 308.874 332.091 2
    endloop
  endfacet
  facet normal -0.470588 -0.882353 0
    outer loop
      vertex 308.874 332.091 2
      vertex 308.889 332.083 12
      vertex 308.874 332.091 12
    endloop
  endfacet
  facet normal -0.470588 -0.882353 -0
    outer loop
      vertex 308.889 332.083 12
      vertex 308.874 332.091 2
      vertex 308.889 332.083 2
    endloop
  endfacet
  facet normal -0.447214 -0.894427 0
    outer loop
      vertex 308.889 332.083 2
      vertex 308.905 332.075 12
      vertex 308.889 332.083 12
    endloop
  endfacet
  facet normal -0.447214 -0.894427 -0
    outer loop
      vertex 308.905 332.075 12
      vertex 308.889 332.083 2
      vertex 308.905 332.075 2
    endloop
  endfacet
  facet normal -0.514496 -0.857493 0
    outer loop
      vertex 308.905 332.075 2
      vertex 308.92 332.066 12
      vertex 308.905 332.075 12
    endloop
  endfacet
  facet normal -0.514496 -0.857493 -0
    outer loop
      vertex 308.92 332.066 12
      vertex 308.905 332.075 2
      vertex 308.92 332.066 2
    endloop
  endfacet
  facet normal -0.514496 -0.857493 0
    outer loop
      vertex 308.92 332.066 2
      vertex 308.935 332.057 12
      vertex 308.92 332.066 12
    endloop
  endfacet
  facet normal -0.514496 -0.857493 -0
    outer loop
      vertex 308.935 332.057 12
      vertex 308.92 332.066 2
      vertex 308.935 332.057 2
    endloop
  endfacet
  facet normal -0.514496 -0.857493 0
    outer loop
      vertex 308.935 332.057 2
      vertex 308.95 332.048 12
      vertex 308.935 332.057 12
    endloop
  endfacet
  facet normal -0.514496 -0.857493 -0
    outer loop
      vertex 308.95 332.048 12
      vertex 308.935 332.057 2
      vertex 308.95 332.048 2
    endloop
  endfacet
  facet normal -0.514496 -0.857493 0
    outer loop
      vertex 308.95 332.048 2
      vertex 308.965 332.039 12
      vertex 308.95 332.048 12
    endloop
  endfacet
  facet normal -0.514496 -0.857493 -0
    outer loop
      vertex 308.965 332.039 12
      vertex 308.95 332.048 2
      vertex 308.965 332.039 2
    endloop
  endfacet
  facet normal -0.581238 -0.813733 0
    outer loop
      vertex 308.965 332.039 2
      vertex 308.979 332.029 12
      vertex 308.965 332.039 12
    endloop
  endfacet
  facet normal -0.581238 -0.813733 -0
    outer loop
      vertex 308.979 332.029 12
      vertex 308.965 332.039 2
      vertex 308.979 332.029 2
    endloop
  endfacet
  facet normal -0.5547 -0.83205 0
    outer loop
      vertex 308.979 332.029 2
      vertex 308.994 332.019 12
      vertex 308.979 332.029 12
    endloop
  endfacet
  facet normal -0.5547 -0.83205 -0
    outer loop
      vertex 308.994 332.019 12
      vertex 308.979 332.029 2
      vertex 308.994 332.019 2
    endloop
  endfacet
  facet normal -0.581238 -0.813733 0
    outer loop
      vertex 308.994 332.019 2
      vertex 309.008 332.009 12
      vertex 308.994 332.019 12
    endloop
  endfacet
  facet normal -0.581238 -0.813733 -0
    outer loop
      vertex 309.008 332.009 12
      vertex 308.994 332.019 2
      vertex 309.008 332.009 2
    endloop
  endfacet
  facet normal -0.581238 -0.813733 0
    outer loop
      vertex 309.008 332.009 2
      vertex 309.022 331.999 12
      vertex 309.008 332.009 12
    endloop
  endfacet
  facet normal -0.581238 -0.813733 -0
    outer loop
      vertex 309.022 331.999 12
      vertex 309.008 332.009 2
      vertex 309.022 331.999 2
    endloop
  endfacet
  facet normal -0.617822 -0.786318 0
    outer loop
      vertex 309.022 331.999 2
      vertex 309.036 331.988 12
      vertex 309.022 331.999 12
    endloop
  endfacet
  facet normal -0.617822 -0.786318 -0
    outer loop
      vertex 309.036 331.988 12
      vertex 309.022 331.999 2
      vertex 309.036 331.988 2
    endloop
  endfacet
  facet normal -0.645942 -0.763386 0
    outer loop
      vertex 309.036 331.988 2
      vertex 309.049 331.977 12
      vertex 309.036 331.988 12
    endloop
  endfacet
  facet normal -0.645942 -0.763386 -0
    outer loop
      vertex 309.049 331.977 12
      vertex 309.036 331.988 2
      vertex 309.049 331.977 2
    endloop
  endfacet
  facet normal -0.617822 -0.786318 0
    outer loop
      vertex 309.049 331.977 2
      vertex 309.063 331.966 12
      vertex 309.049 331.977 12
    endloop
  endfacet
  facet normal -0.617822 -0.786318 -0
    outer loop
      vertex 309.063 331.966 12
      vertex 309.049 331.977 2
      vertex 309.063 331.966 2
    endloop
  endfacet
  facet normal -0.645942 -0.763386 0
    outer loop
      vertex 309.063 331.966 2
      vertex 309.076 331.955 12
      vertex 309.063 331.966 12
    endloop
  endfacet
  facet normal -0.645942 -0.763386 -0
    outer loop
      vertex 309.076 331.955 12
      vertex 309.063 331.966 2
      vertex 309.076 331.955 2
    endloop
  endfacet
  facet normal -0.67828 -0.734803 0
    outer loop
      vertex 309.076 331.955 2
      vertex 309.089 331.943 12
      vertex 309.076 331.955 12
    endloop
  endfacet
  facet normal -0.67828 -0.734803 -0
    outer loop
      vertex 309.089 331.943 12
      vertex 309.076 331.955 2
      vertex 309.089 331.943 2
    endloop
  endfacet
  facet normal -0.67828 -0.734803 0
    outer loop
      vertex 309.089 331.943 2
      vertex 309.102 331.931 12
      vertex 309.089 331.943 12
    endloop
  endfacet
  facet normal -0.67828 -0.734803 -0
    outer loop
      vertex 309.102 331.931 12
      vertex 309.089 331.943 2
      vertex 309.102 331.931 2
    endloop
  endfacet
  facet normal -0.67828 -0.734803 0
    outer loop
      vertex 309.102 331.931 2
      vertex 309.115 331.919 12
      vertex 309.102 331.931 12
    endloop
  endfacet
  facet normal -0.67828 -0.734803 -0
    outer loop
      vertex 309.115 331.919 12
      vertex 309.102 331.931 2
      vertex 309.115 331.919 2
    endloop
  endfacet
  facet normal -0.707107 -0.707107 0
    outer loop
      vertex 309.115 331.919 2
      vertex 309.127 331.907 12
      vertex 309.115 331.919 12
    endloop
  endfacet
  facet normal -0.707107 -0.707107 -0
    outer loop
      vertex 309.127 331.907 12
      vertex 309.115 331.919 2
      vertex 309.127 331.907 2
    endloop
  endfacet
  facet normal -0.707107 -0.707107 0
    outer loop
      vertex 309.139 331.895 2
      vertex 309.127 331.907 12
      vertex 309.127 331.907 2
    endloop
  endfacet
  facet normal -0.707107 -0.707107 0
    outer loop
      vertex 309.127 331.907 12
      vertex 309.139 331.895 2
      vertex 309.139 331.895 12
    endloop
  endfacet
  facet normal -0.734803 -0.67828 0
    outer loop
      vertex 309.151 331.882 2
      vertex 309.139 331.895 12
      vertex 309.139 331.895 2
    endloop
  endfacet
  facet normal -0.734803 -0.67828 0
    outer loop
      vertex 309.139 331.895 12
      vertex 309.151 331.882 2
      vertex 309.151 331.882 12
    endloop
  endfacet
  facet normal -0.734803 -0.67828 0
    outer loop
      vertex 309.163 331.869 2
      vertex 309.151 331.882 12
      vertex 309.151 331.882 2
    endloop
  endfacet
  facet normal -0.734803 -0.67828 0
    outer loop
      vertex 309.151 331.882 12
      vertex 309.163 331.869 2
      vertex 309.163 331.869 12
    endloop
  endfacet
  facet normal -0.734803 -0.67828 0
    outer loop
      vertex 309.175 331.856 2
      vertex 309.163 331.869 12
      vertex 309.163 331.869 2
    endloop
  endfacet
  facet normal -0.734803 -0.67828 0
    outer loop
      vertex 309.163 331.869 12
      vertex 309.175 331.856 2
      vertex 309.175 331.856 12
    endloop
  endfacet
  facet normal -0.763386 -0.645942 0
    outer loop
      vertex 309.186 331.843 2
      vertex 309.175 331.856 12
      vertex 309.175 331.856 2
    endloop
  endfacet
  facet normal -0.763386 -0.645942 0
    outer loop
      vertex 309.175 331.856 12
      vertex 309.186 331.843 2
      vertex 309.186 331.843 12
    endloop
  endfacet
  facet normal -0.786318 -0.617822 0
    outer loop
      vertex 309.197 331.829 2
      vertex 309.186 331.843 12
      vertex 309.186 331.843 2
    endloop
  endfacet
  facet normal -0.786318 -0.617822 0
    outer loop
      vertex 309.186 331.843 12
      vertex 309.197 331.829 2
      vertex 309.197 331.829 12
    endloop
  endfacet
  facet normal -0.763386 -0.645942 0
    outer loop
      vertex 309.208 331.816 2
      vertex 309.197 331.829 12
      vertex 309.197 331.829 2
    endloop
  endfacet
  facet normal -0.763386 -0.645942 0
    outer loop
      vertex 309.197 331.829 12
      vertex 309.208 331.816 2
      vertex 309.208 331.816 12
    endloop
  endfacet
  facet normal -0.786318 -0.617822 0
    outer loop
      vertex 309.219 331.802 2
      vertex 309.208 331.816 12
      vertex 309.208 331.816 2
    endloop
  endfacet
  facet normal -0.786318 -0.617822 0
    outer loop
      vertex 309.208 331.816 12
      vertex 309.219 331.802 2
      vertex 309.219 331.802 12
    endloop
  endfacet
  facet normal -0.813733 -0.581238 0
    outer loop
      vertex 309.229 331.788 2
      vertex 309.219 331.802 12
      vertex 309.219 331.802 2
    endloop
  endfacet
  facet normal -0.813733 -0.581238 0
    outer loop
      vertex 309.219 331.802 12
      vertex 309.229 331.788 2
      vertex 309.229 331.788 12
    endloop
  endfacet
  facet normal -0.813733 -0.581238 0
    outer loop
      vertex 309.239 331.774 2
      vertex 309.229 331.788 12
      vertex 309.229 331.788 2
    endloop
  endfacet
  facet normal -0.813733 -0.581238 0
    outer loop
      vertex 309.229 331.788 12
      vertex 309.239 331.774 2
      vertex 309.239 331.774 12
    endloop
  endfacet
  facet normal -0.83205 -0.5547 0
    outer loop
      vertex 309.249 331.759 2
      vertex 309.239 331.774 12
      vertex 309.239 331.774 2
    endloop
  endfacet
  facet normal -0.83205 -0.5547 0
    outer loop
      vertex 309.239 331.774 12
      vertex 309.249 331.759 2
      vertex 309.249 331.759 12
    endloop
  endfacet
  facet normal -0.813733 -0.581238 0
    outer loop
      vertex 309.259 331.745 2
      vertex 309.249 331.759 12
      vertex 309.249 331.759 2
    endloop
  endfacet
  facet normal -0.813733 -0.581238 0
    outer loop
      vertex 309.249 331.759 12
      vertex 309.259 331.745 2
      vertex 309.259 331.745 12
    endloop
  endfacet
  facet normal -0.857493 -0.514496 0
    outer loop
      vertex 309.268 331.73 2
      vertex 309.259 331.745 12
      vertex 309.259 331.745 2
    endloop
  endfacet
  facet normal -0.857493 -0.514496 0
    outer loop
      vertex 309.259 331.745 12
      vertex 309.268 331.73 2
      vertex 309.268 331.73 12
    endloop
  endfacet
  facet normal -0.857493 -0.514496 0
    outer loop
      vertex 309.277 331.715 2
      vertex 309.268 331.73 12
      vertex 309.268 331.73 2
    endloop
  endfacet
  facet normal -0.857493 -0.514496 0
    outer loop
      vertex 309.268 331.73 12
      vertex 309.277 331.715 2
      vertex 309.277 331.715 12
    endloop
  endfacet
  facet normal -0.857493 -0.514496 0
    outer loop
      vertex 309.286 331.7 2
      vertex 309.277 331.715 12
      vertex 309.277 331.715 2
    endloop
  endfacet
  facet normal -0.857493 -0.514496 0
    outer loop
      vertex 309.277 331.715 12
      vertex 309.286 331.7 2
      vertex 309.286 331.7 12
    endloop
  endfacet
  facet normal -0.857493 -0.514496 0
    outer loop
      vertex 309.295 331.685 2
      vertex 309.286 331.7 12
      vertex 309.286 331.7 2
    endloop
  endfacet
  facet normal -0.857493 -0.514496 0
    outer loop
      vertex 309.286 331.7 12
      vertex 309.295 331.685 2
      vertex 309.295 331.685 12
    endloop
  endfacet
  facet normal -0.894427 -0.447214 0
    outer loop
      vertex 309.303 331.669 2
      vertex 309.295 331.685 12
      vertex 309.295 331.685 2
    endloop
  endfacet
  facet normal -0.894427 -0.447214 0
    outer loop
      vertex 309.295 331.685 12
      vertex 309.303 331.669 2
      vertex 309.303 331.669 12
    endloop
  endfacet
  facet normal -0.882353 -0.470588 0
    outer loop
      vertex 309.311 331.654 2
      vertex 309.303 331.669 12
      vertex 309.303 331.669 2
    endloop
  endfacet
  facet normal -0.882353 -0.470588 0
    outer loop
      vertex 309.303 331.669 12
      vertex 309.311 331.654 2
      vertex 309.311 331.654 12
    endloop
  endfacet
  facet normal -0.894427 -0.447214 0
    outer loop
      vertex 309.319 331.638 2
      vertex 309.311 331.654 12
      vertex 309.311 331.654 2
    endloop
  endfacet
  facet normal -0.894427 -0.447214 0
    outer loop
      vertex 309.311 331.654 12
      vertex 309.319 331.638 2
      vertex 309.319 331.638 12
    endloop
  endfacet
  facet normal -0.906183 -0.422885 0
    outer loop
      vertex 309.326 331.623 2
      vertex 309.319 331.638 12
      vertex 309.319 331.638 2
    endloop
  endfacet
  facet normal -0.906183 -0.422885 0
    outer loop
      vertex 309.319 331.638 12
      vertex 309.326 331.623 2
      vertex 309.326 331.623 12
    endloop
  endfacet
  facet normal -0.894427 -0.447214 0
    outer loop
      vertex 309.334 331.607 2
      vertex 309.326 331.623 12
      vertex 309.326 331.623 2
    endloop
  endfacet
  facet normal -0.894427 -0.447214 0
    outer loop
      vertex 309.326 331.623 12
      vertex 309.334 331.607 2
      vertex 309.334 331.607 12
    endloop
  endfacet
  facet normal -0.916157 -0.400819 0
    outer loop
      vertex 309.341 331.591 2
      vertex 309.334 331.607 12
      vertex 309.334 331.607 2
    endloop
  endfacet
  facet normal -0.916157 -0.400819 0
    outer loop
      vertex 309.334 331.607 12
      vertex 309.341 331.591 2
      vertex 309.341 331.591 12
    endloop
  endfacet
  facet normal -0.936329 -0.351123 0
    outer loop
      vertex 309.347 331.575 2
      vertex 309.341 331.591 12
      vertex 309.341 331.591 2
    endloop
  endfacet
  facet normal -0.936329 -0.351123 0
    outer loop
      vertex 309.341 331.591 12
      vertex 309.347 331.575 2
      vertex 309.347 331.575 12
    endloop
  endfacet
  facet normal -0.924678 -0.38075 0
    outer loop
      vertex 309.354 331.558 2
      vertex 309.347 331.575 12
      vertex 309.347 331.575 2
    endloop
  endfacet
  facet normal -0.924678 -0.38075 0
    outer loop
      vertex 309.347 331.575 12
      vertex 309.354 331.558 2
      vertex 309.354 331.558 12
    endloop
  endfacet
  facet normal -0.936329 -0.351123 0
    outer loop
      vertex 309.36 331.542 2
      vertex 309.354 331.558 12
      vertex 309.354 331.558 2
    endloop
  endfacet
  facet normal -0.936329 -0.351123 0
    outer loop
      vertex 309.354 331.558 12
      vertex 309.36 331.542 2
      vertex 309.36 331.542 12
    endloop
  endfacet
  facet normal -0.936329 -0.351123 0
    outer loop
      vertex 309.366 331.526 2
      vertex 309.36 331.542 12
      vertex 309.36 331.542 2
    endloop
  endfacet
  facet normal -0.936329 -0.351123 0
    outer loop
      vertex 309.36 331.542 12
      vertex 309.366 331.526 2
      vertex 309.366 331.526 12
    endloop
  endfacet
  facet normal -0.959366 -0.282166 0
    outer loop
      vertex 309.371 331.509 2
      vertex 309.366 331.526 12
      vertex 309.366 331.526 2
    endloop
  endfacet
  facet normal -0.959366 -0.282166 0
    outer loop
      vertex 309.366 331.526 12
      vertex 309.371 331.509 2
      vertex 309.371 331.509 12
    endloop
  endfacet
  facet normal -0.959366 -0.282166 0
    outer loop
      vertex 309.376 331.492 2
      vertex 309.371 331.509 12
      vertex 309.371 331.509 2
    endloop
  endfacet
  facet normal -0.959366 -0.282166 0
    outer loop
      vertex 309.371 331.509 12
      vertex 309.376 331.492 2
      vertex 309.376 331.492 12
    endloop
  endfacet
  facet normal -0.95448 -0.298275 0
    outer loop
      vertex 309.381 331.476 2
      vertex 309.376 331.492 12
      vertex 309.376 331.492 2
    endloop
  endfacet
  facet normal -0.95448 -0.298275 0
    outer loop
      vertex 309.376 331.492 12
      vertex 309.381 331.476 2
      vertex 309.381 331.476 12
    endloop
  endfacet
  facet normal -0.959366 -0.282166 0
    outer loop
      vertex 309.386 331.459 2
      vertex 309.381 331.476 12
      vertex 309.381 331.476 2
    endloop
  endfacet
  facet normal -0.959366 -0.282166 0
    outer loop
      vertex 309.381 331.476 12
      vertex 309.386 331.459 2
      vertex 309.386 331.459 12
    endloop
  endfacet
  facet normal -0.973417 -0.229039 0
    outer loop
      vertex 309.39 331.442 2
      vertex 309.386 331.459 12
      vertex 309.386 331.459 2
    endloop
  endfacet
  facet normal -0.973417 -0.229039 0
    outer loop
      vertex 309.386 331.459 12
      vertex 309.39 331.442 2
      vertex 309.39 331.442 12
    endloop
  endfacet
  facet normal -0.973417 -0.229039 0
    outer loop
      vertex 309.394 331.425 2
      vertex 309.39 331.442 12
      vertex 309.39 331.442 2
    endloop
  endfacet
  facet normal -0.973417 -0.229039 0
    outer loop
      vertex 309.39 331.442 12
      vertex 309.394 331.425 2
      vertex 309.394 331.425 12
    endloop
  endfacet
  facet normal -0.973417 -0.229039 0
    outer loop
      vertex 309.398 331.408 2
      vertex 309.394 331.425 12
      vertex 309.394 331.425 2
    endloop
  endfacet
  facet normal -0.973417 -0.229039 0
    outer loop
      vertex 309.394 331.425 12
      vertex 309.398 331.408 2
      vertex 309.398 331.408 12
    endloop
  endfacet
  facet normal -0.973417 -0.229039 0
    outer loop
      vertex 309.402 331.391 2
      vertex 309.398 331.408 12
      vertex 309.398 331.408 2
    endloop
  endfacet
  facet normal -0.973417 -0.229039 0
    outer loop
      vertex 309.398 331.408 12
      vertex 309.402 331.391 2
      vertex 309.402 331.391 12
    endloop
  endfacet
  facet normal -0.984784 -0.173785 0
    outer loop
      vertex 309.405 331.374 2
      vertex 309.402 331.391 12
      vertex 309.402 331.391 2
    endloop
  endfacet
  facet normal -0.984784 -0.173785 0
    outer loop
      vertex 309.402 331.391 12
      vertex 309.405 331.374 2
      vertex 309.405 331.374 12
    endloop
  endfacet
  facet normal -0.986394 -0.164399 0
    outer loop
      vertex 309.408 331.356 2
      vertex 309.405 331.374 12
      vertex 309.405 331.374 2
    endloop
  endfacet
  facet normal -0.986394 -0.164399 0
    outer loop
      vertex 309.405 331.374 12
      vertex 309.408 331.356 2
      vertex 309.408 331.356 12
    endloop
  endfacet
  facet normal -0.993151 -0.116841 0
    outer loop
      vertex 309.41 331.339 2
      vertex 309.408 331.356 12
      vertex 309.408 331.356 2
    endloop
  endfacet
  facet normal -0.993151 -0.116841 0
    outer loop
      vertex 309.408 331.356 12
      vertex 309.41 331.339 2
      vertex 309.41 331.339 12
    endloop
  endfacet
  facet normal -0.984784 -0.173785 0
    outer loop
      vertex 309.413 331.322 2
      vertex 309.41 331.339 12
      vertex 309.41 331.339 2
    endloop
  endfacet
  facet normal -0.984784 -0.173785 0
    outer loop
      vertex 309.41 331.339 12
      vertex 309.413 331.322 2
      vertex 309.413 331.322 12
    endloop
  endfacet
  facet normal -0.993151 -0.116841 0
    outer loop
      vertex 309.415 331.305 2
      vertex 309.413 331.322 12
      vertex 309.413 331.322 2
    endloop
  endfacet
  facet normal -0.993151 -0.116841 0
    outer loop
      vertex 309.413 331.322 12
      vertex 309.415 331.305 2
      vertex 309.415 331.305 12
    endloop
  endfacet
  facet normal -0.99846 -0.05547 0
    outer loop
      vertex 309.416 331.287 2
      vertex 309.415 331.305 12
      vertex 309.415 331.305 2
    endloop
  endfacet
  facet normal -0.99846 -0.05547 0
    outer loop
      vertex 309.415 331.305 12
      vertex 309.416 331.287 2
      vertex 309.416 331.287 12
    endloop
  endfacet
  facet normal -0.993151 -0.116841 0
    outer loop
      vertex 309.418 331.27 2
      vertex 309.416 331.287 12
      vertex 309.416 331.287 2
    endloop
  endfacet
  facet normal -0.993151 -0.116841 0
    outer loop
      vertex 309.416 331.287 12
      vertex 309.418 331.27 2
      vertex 309.418 331.27 12
    endloop
  endfacet
  facet normal -0.99846 -0.05547 0
    outer loop
      vertex 309.419 331.252 2
      vertex 309.418 331.27 12
      vertex 309.418 331.27 2
    endloop
  endfacet
  facet normal -0.99846 -0.05547 0
    outer loop
      vertex 309.418 331.27 12
      vertex 309.419 331.252 2
      vertex 309.419 331.252 12
    endloop
  endfacet
  facet normal -1 0 0
    outer loop
      vertex 309.419 331.235 2
      vertex 309.419 331.252 12
      vertex 309.419 331.252 2
    endloop
  endfacet
  facet normal -1 -0 0
    outer loop
      vertex 309.419 331.252 12
      vertex 309.419 331.235 2
      vertex 309.419 331.235 12
    endloop
  endfacet
  facet normal -0.99846 -0.05547 0
    outer loop
      vertex 309.42 331.217 2
      vertex 309.419 331.235 12
      vertex 309.419 331.235 2
    endloop
  endfacet
  facet normal -0.99846 -0.05547 0
    outer loop
      vertex 309.419 331.235 12
      vertex 309.42 331.217 2
      vertex 309.42 331.217 12
    endloop
  endfacet
  facet normal -1 0 0
    outer loop
      vertex 309.42 331.2 2
      vertex 309.42 331.217 12
      vertex 309.42 331.217 2
    endloop
  endfacet
  facet normal -1 -0 0
    outer loop
      vertex 309.42 331.217 12
      vertex 309.42 331.2 2
      vertex 309.42 331.2 12
    endloop
  endfacet
  facet normal -1 0 0
    outer loop
      vertex 309.42 153.1 2
      vertex 309.42 331.2 12
      vertex 309.42 331.2 2
    endloop
  endfacet
  facet normal -1 -0 0
    outer loop
      vertex 309.42 331.2 12
      vertex 309.42 153.1 2
      vertex 309.42 153.1 12
    endloop
  endfacet
  facet normal 0 0 1
    outer loop
      vertex 309.42 331.2 2
      vertex 307.328 322.929 2
      vertex 307.34 322.58 2
    endloop
  endfacet
  facet normal 0 0 1
    outer loop
      vertex 309.42 331.2 2
      vertex 307.291 323.276 2
      vertex 307.328 322.929 2
    endloop
  endfacet
  facet normal 0 0 1
    outer loop
      vertex 309.42 331.2 2
      vertex 307.231 323.62 2
      vertex 307.291 323.276 2
    endloop
  endfacet
  facet normal 0 0 1
    outer loop
      vertex 309.42 331.2 2
      vertex 307.146 323.958 2
      vertex 307.231 323.62 2
    endloop
  endfacet
  facet normal 0 0 1
    outer loop
      vertex 309.42 331.2 2
      vertex 307.038 324.29 2
      vertex 307.146 323.958 2
    endloop
  endfacet
  facet normal 0 0 1
    outer loop
      vertex 309.42 331.2 2
      vertex 306.908 324.614 2
      vertex 307.038 324.29 2
    endloop
  endfacet
  facet normal 0 0 1
    outer loop
      vertex 309.42 331.2 2
      vertex 306.755 324.927 2
      vertex 306.908 324.614 2
    endloop
  endfacet
  facet normal 0 0 1
    outer loop
      vertex 309.42 331.2 2
      vertex 306.58 325.23 2
      vertex 306.755 324.927 2
    endloop
  endfacet
  facet normal 0 0 1
    outer loop
      vertex 309.42 331.2 2
      vertex 306.385 325.519 2
      vertex 306.58 325.23 2
    endloop
  endfacet
  facet normal 0 0 1
    outer loop
      vertex 309.42 331.2 2
      vertex 306.17 325.794 2
      vertex 306.385 325.519 2
    endloop
  endfacet
  facet normal 0 0 1
    outer loop
      vertex 309.42 331.2 2
      vertex 305.937 326.053 2
      vertex 306.17 325.794 2
    endloop
  endfacet
  facet normal 0 0 1
    outer loop
      vertex 309.42 331.2 2
      vertex 305.686 326.296 2
      vertex 305.937 326.053 2
    endloop
  endfacet
  facet normal 0 0 1
    outer loop
      vertex 309.42 331.2 2
      vertex 305.418 326.52 2
      vertex 305.686 326.296 2
    endloop
  endfacet
  facet normal 0 0 1
    outer loop
      vertex 309.42 331.2 2
      vertex 305.136 326.725 2
      vertex 305.418 326.52 2
    endloop
  endfacet
  facet normal 0 0 1
    outer loop
      vertex 308.42 332.2 2
      vertex 304.84 326.91 2
      vertex 305.136 326.725 2
    endloop
  endfacet
  facet normal 0 0 1
    outer loop
      vertex 308.42 332.2 2
      vertex 304.532 327.074 2
      vertex 304.84 326.91 2
    endloop
  endfacet
  facet normal 0 0 1
    outer loop
      vertex 308.42 332.2 2
      vertex 304.213 327.216 2
      vertex 304.532 327.074 2
    endloop
  endfacet
  facet normal 0 0 1
    outer loop
      vertex 308.42 332.2 2
      vertex 303.885 327.335 2
      vertex 304.213 327.216 2
    endloop
  endfacet
  facet normal 0 0 1
    outer loop
      vertex 308.42 332.2 2
      vertex 303.55 327.431 2
      vertex 303.885 327.335 2
    endloop
  endfacet
  facet normal 0 0 1
    outer loop
      vertex 308.42 332.2 2
      vertex 303.208 327.504 2
      vertex 303.55 327.431 2
    endloop
  endfacet
  facet normal 0 0 1
    outer loop
      vertex 308.42 332.2 2
      vertex 302.863 327.553 2
      vertex 303.208 327.504 2
    endloop
  endfacet
  facet normal 0 0 1
    outer loop
      vertex 308.42 332.2 2
      vertex 302.514 327.577 2
      vertex 302.863 327.553 2
    endloop
  endfacet
  facet normal 0 0 1
    outer loop
      vertex 308.42 332.2 2
      vertex 302.165 327.577 2
      vertex 302.514 327.577 2
    endloop
  endfacet
  facet normal 0 0 1
    outer loop
      vertex 308.42 332.2 2
      vertex 301.817 327.553 2
      vertex 302.165 327.577 2
    endloop
  endfacet
  facet normal 0 0 1
    outer loop
      vertex 308.42 332.2 2
      vertex 301.472 327.504 2
      vertex 301.817 327.553 2
    endloop
  endfacet
  facet normal 0 0 1
    outer loop
      vertex 308.42 332.2 2
      vertex 301.13 327.431 2
      vertex 301.472 327.504 2
    endloop
  endfacet
  facet normal 0 0 1
    outer loop
      vertex 308.42 332.2 2
      vertex 300.795 327.335 2
      vertex 301.13 327.431 2
    endloop
  endfacet
  facet normal 0 0 1
    outer loop
      vertex 308.42 332.2 2
      vertex 300.467 327.216 2
      vertex 300.795 327.335 2
    endloop
  endfacet
  facet normal 0 0 1
    outer loop
      vertex 308.42 332.2 2
      vertex 300.148 327.074 2
      vertex 300.467 327.216 2
    endloop
  endfacet
  facet normal 0 0 1
    outer loop
      vertex 308.42 332.2 2
      vertex 299.84 326.91 2
      vertex 300.148 327.074 2
    endloop
  endfacet
  facet normal 0 0 1
    outer loop
      vertex 297.352 322.929 2
      vertex 157.71 332.2 2
      vertex 297.34 322.58 2
    endloop
  endfacet
  facet normal 0 0 1
    outer loop
      vertex 297.389 323.276 2
      vertex 157.71 332.2 2
      vertex 297.352 322.929 2
    endloop
  endfacet
  facet normal 0 0 1
    outer loop
      vertex 297.449 323.62 2
      vertex 157.71 332.2 2
      vertex 297.389 323.276 2
    endloop
  endfacet
  facet normal 0 0 1
    outer loop
      vertex 297.534 323.958 2
      vertex 157.71 332.2 2
      vertex 297.449 323.62 2
    endloop
  endfacet
  facet normal 0 0 1
    outer loop
      vertex 297.642 324.29 2
      vertex 157.71 332.2 2
      vertex 297.534 323.958 2
    endloop
  endfacet
  facet normal 0 0 1
    outer loop
      vertex 297.772 324.614 2
      vertex 157.71 332.2 2
      vertex 297.642 324.29 2
    endloop
  endfacet
  facet normal 0 0 1
    outer loop
      vertex 297.925 324.927 2
      vertex 157.71 332.2 2
      vertex 297.772 324.614 2
    endloop
  endfacet
  facet normal 0 0 1
    outer loop
      vertex 298.1 325.23 2
      vertex 157.71 332.2 2
      vertex 297.925 324.927 2
    endloop
  endfacet
  facet normal 0 0 1
    outer loop
      vertex 298.295 325.519 2
      vertex 157.71 332.2 2
      vertex 298.1 325.23 2
    endloop
  endfacet
  facet normal 0 0 1
    outer loop
      vertex 298.51 325.794 2
      vertex 157.71 332.2 2
      vertex 298.295 325.519 2
    endloop
  endfacet
  facet normal 0 0 1
    outer loop
      vertex 298.743 326.053 2
      vertex 157.71 332.2 2
      vertex 298.51 325.794 2
    endloop
  endfacet
  facet normal 0 0 1
    outer loop
      vertex 298.994 326.296 2
      vertex 157.71 332.2 2
      vertex 298.743 326.053 2
    endloop
  endfacet
  facet normal 0 0 1
    outer loop
      vertex 299.262 326.52 2
      vertex 157.71 332.2 2
      vertex 298.994 326.296 2
    endloop
  endfacet
  facet normal 0 0 1
    outer loop
      vertex 299.544 326.725 2
      vertex 157.71 332.2 2
      vertex 299.262 326.52 2
    endloop
  endfacet
  facet normal 0 0 1
    outer loop
      vertex 299.84 326.91 2
      vertex 157.71 332.2 2
      vertex 299.544 326.725 2
    endloop
  endfacet
  facet normal -0 0 1
    outer loop
      vertex 157.71 332.2 2
      vertex 299.84 326.91 2
      vertex 308.42 332.2 2
    endloop
  endfacet
  facet normal 0 0 0
    outer loop
      vertex 309.42 331.2 2
      vertex 309.42 157.1 2
      vertex 309.42 153.1 2
    endloop
  endfacet
  facet normal 0 0 1
    outer loop
      vertex 308.42 332.2 2
      vertex 309.42 331.2 2
      vertex 309.42 331.217 2
    endloop
  endfacet
  facet normal 0 0 1
    outer loop
      vertex 308.42 332.2 2
      vertex 309.42 331.217 2
      vertex 309.419 331.235 2
    endloop
  endfacet
  facet normal 0 0 1
    outer loop
      vertex 308.42 332.2 2
      vertex 309.419 331.235 2
      vertex 309.419 331.252 2
    endloop
  endfacet
  facet normal 0 0 1
    outer loop
      vertex 308.42 332.2 2
      vertex 309.419 331.252 2
      vertex 309.418 331.27 2
    endloop
  endfacet
  facet normal 0 0 1
    outer loop
      vertex 308.42 332.2 2
      vertex 309.418 331.27 2
      vertex 309.416 331.287 2
    endloop
  endfacet
  facet normal 0 0 1
    outer loop
      vertex 308.42 332.2 2
      vertex 309.416 331.287 2
      vertex 309.415 331.305 2
    endloop
  endfacet
  facet normal 0 0 1
    outer loop
      vertex 308.42 332.2 2
      vertex 309.415 331.305 2
      vertex 309.413 331.322 2
    endloop
  endfacet
  facet normal 0 0 1
    outer loop
      vertex 308.42 332.2 2
      vertex 309.413 331.322 2
      vertex 309.41 331.339 2
    endloop
  endfacet
  facet normal 0 0 1
    outer loop
      vertex 308.42 332.2 2
      vertex 309.41 331.339 2
      vertex 309.408 331.356 2
    endloop
  endfacet
  facet normal 0 0 1
    outer loop
      vertex 308.42 332.2 2
      vertex 309.408 331.356 2
      vertex 309.405 331.374 2
    endloop
  endfacet
  facet normal 0 0 1
    outer loop
      vertex 308.42 332.2 2
      vertex 309.405 331.374 2
      vertex 309.402 331.391 2
    endloop
  endfacet
  facet normal 0 0 1
    outer loop
      vertex 308.42 332.2 2
      vertex 309.402 331.391 2
      vertex 309.398 331.408 2
    endloop
  endfacet
  facet normal 0 0 1
    outer loop
      vertex 308.42 332.2 2
      vertex 309.398 331.408 2
      vertex 309.394 331.425 2
    endloop
  endfacet
  facet normal 0 0 1
    outer loop
      vertex 308.42 332.2 2
      vertex 309.394 331.425 2
      vertex 309.39 331.442 2
    endloop
  endfacet
  facet normal 0 0 1
    outer loop
      vertex 308.42 332.2 2
      vertex 309.39 331.442 2
      vertex 309.386 331.459 2
    endloop
  endfacet
  facet normal 0 0 1
    outer loop
      vertex 308.42 332.2 2
      vertex 309.386 331.459 2
      vertex 309.381 331.476 2
    endloop
  endfacet
  facet normal 0 0 1
    outer loop
      vertex 308.42 332.2 2
      vertex 309.381 331.476 2
      vertex 309.376 331.492 2
    endloop
  endfacet
  facet normal 0 0 1
    outer loop
      vertex 308.42 332.2 2
      vertex 309.376 331.492 2
      vertex 309.371 331.509 2
    endloop
  endfacet
  facet normal 0 0 1
    outer loop
      vertex 308.42 332.2 2
      vertex 309.371 331.509 2
      vertex 309.366 331.526 2
    endloop
  endfacet
  facet normal 0 0 1
    outer loop
      vertex 308.42 332.2 2
      vertex 309.366 331.526 2
      vertex 309.36 331.542 2
    endloop
  endfacet
  facet normal 0 0 1
    outer loop
      vertex 308.42 332.2 2
      vertex 309.36 331.542 2
      vertex 309.354 331.558 2
    endloop
  endfacet
  facet normal 0 0 1
    outer loop
      vertex 308.42 332.2 2
      vertex 309.354 331.558 2
      vertex 309.347 331.575 2
    endloop
  endfacet
  facet normal 0 0 1
    outer loop
      vertex 308.42 332.2 2
      vertex 309.347 331.575 2
      vertex 309.341 331.591 2
    endloop
  endfacet
  facet normal 0 0 1
    outer loop
      vertex 308.42 332.2 2
      vertex 309.341 331.591 2
      vertex 309.334 331.607 2
    endloop
  endfacet
  facet normal 0 0 1
    outer loop
      vertex 308.42 332.2 2
      vertex 309.334 331.607 2
      vertex 309.326 331.623 2
    endloop
  endfacet
  facet normal 0 0 1
    outer loop
      vertex 308.42 332.2 2
      vertex 309.326 331.623 2
      vertex 309.319 331.638 2
    endloop
  endfacet
  facet normal 0 0 1
    outer loop
      vertex 308.42 332.2 2
      vertex 309.319 331.638 2
      vertex 309.311 331.654 2
    endloop
  endfacet
  facet normal 0 0 1
    outer loop
      vertex 308.42 332.2 2
      vertex 309.311 331.654 2
      vertex 309.303 331.669 2
    endloop
  endfacet
  facet normal 0 0 1
    outer loop
      vertex 308.42 332.2 2
      vertex 309.303 331.669 2
      vertex 309.295 331.685 2
    endloop
  endfacet
  facet normal 0 0 1
    outer loop
      vertex 308.42 332.2 2
      vertex 309.295 331.685 2
      vertex 309.286 331.7 2
    endloop
  endfacet
  facet normal 0 0 1
    outer loop
      vertex 308.42 332.2 2
      vertex 309.286 331.7 2
      vertex 309.277 331.715 2
    endloop
  endfacet
  facet normal 0 0 1
    outer loop
      vertex 308.42 332.2 2
      vertex 309.277 331.715 2
      vertex 309.268 331.73 2
    endloop
  endfacet
  facet normal 0 0 1
    outer loop
      vertex 308.42 332.2 2
      vertex 309.268 331.73 2
      vertex 309.259 331.745 2
    endloop
  endfacet
  facet normal 0 0 1
    outer loop
      vertex 308.42 332.2 2
      vertex 309.259 331.745 2
      vertex 309.249 331.759 2
    endloop
  endfacet
  facet normal 0 0 1
    outer loop
      vertex 308.42 332.2 2
      vertex 309.249 331.759 2
      vertex 309.239 331.774 2
    endloop
  endfacet
  facet normal 0 0 1
    outer loop
      vertex 308.42 332.2 2
      vertex 309.239 331.774 2
      vertex 309.229 331.788 2
    endloop
  endfacet
  facet normal 0 0 1
    outer loop
      vertex 308.42 332.2 2
      vertex 309.229 331.788 2
      vertex 309.219 331.802 2
    endloop
  endfacet
  facet normal 0 0 1
    outer loop
      vertex 308.42 332.2 2
      vertex 309.219 331.802 2
      vertex 309.208 331.816 2
    endloop
  endfacet
  facet normal 0 0 1
    outer loop
      vertex 308.42 332.2 2
      vertex 309.208 331.816 2
      vertex 309.197 331.829 2
    endloop
  endfacet
  facet normal 0 0 1
    outer loop
      vertex 308.42 332.2 2
      vertex 309.197 331.829 2
      vertex 309.186 331.843 2
    endloop
  endfacet
  facet normal 0 0 1
    outer loop
      vertex 308.42 332.2 2
      vertex 309.186 331.843 2
      vertex 309.175 331.856 2
    endloop
  endfacet
  facet normal 0 0 1
    outer loop
      vertex 308.42 332.2 2
      vertex 309.175 331.856 2
      vertex 309.163 331.869 2
    endloop
  endfacet
  facet normal 0 0 1
    outer loop
      vertex 308.42 332.2 2
      vertex 309.163 331.869 2
      vertex 309.151 331.882 2
    endloop
  endfacet
  facet normal 0 0 1
    outer loop
      vertex 308.42 332.2 2
      vertex 309.151 331.882 2
      vertex 309.139 331.895 2
    endloop
  endfacet
  facet normal 0 0 1
    outer loop
      vertex 308.42 332.2 2
      vertex 309.139 331.895 2
      vertex 309.127 331.907 2
    endloop
  endfacet
  facet normal 0 0 1
    outer loop
      vertex 308.42 332.2 2
      vertex 309.127 331.907 2
      vertex 309.115 331.919 2
    endloop
  endfacet
  facet normal 0 0 1
    outer loop
      vertex 308.42 332.2 2
      vertex 309.115 331.919 2
      vertex 309.102 331.931 2
    endloop
  endfacet
  facet normal 0 0 1
    outer loop
      vertex 308.42 332.2 2
      vertex 309.102 331.931 2
      vertex 309.089 331.943 2
    endloop
  endfacet
  facet normal 0 0 1
    outer loop
      vertex 308.42 332.2 2
      vertex 309.089 331.943 2
      vertex 309.076 331.955 2
    endloop
  endfacet
  facet normal 0 0 1
    outer loop
      vertex 308.42 332.2 2
      vertex 309.076 331.955 2
      vertex 309.063 331.966 2
    endloop
  endfacet
  facet normal 0 0 1
    outer loop
      vertex 308.42 332.2 2
      vertex 309.063 331.966 2
      vertex 309.049 331.977 2
    endloop
  endfacet
  facet normal 0 0 1
    outer loop
      vertex 308.42 332.2 2
      vertex 309.049 331.977 2
      vertex 309.036 331.988 2
    endloop
  endfacet
  facet normal 0 0 1
    outer loop
      vertex 308.42 332.2 2
      vertex 309.036 331.988 2
      vertex 309.022 331.999 2
    endloop
  endfacet
  facet normal 0 0 1
    outer loop
      vertex 308.42 332.2 2
      vertex 309.022 331.999 2
      vertex 309.008 332.009 2
    endloop
  endfacet
  facet normal 0 0 1
    outer loop
      vertex 308.42 332.2 2
      vertex 309.008 332.009 2
      vertex 308.994 332.019 2
    endloop
  endfacet
  facet normal 0 0 1
    outer loop
      vertex 308.42 332.2 2
      vertex 308.994 332.019 2
      vertex 308.979 332.029 2
    endloop
  endfacet
  facet normal 0 0 1
    outer loop
      vertex 308.42 332.2 2
      vertex 308.979 332.029 2
      vertex 308.965 332.039 2
    endloop
  endfacet
  facet normal 0 0 1
    outer loop
      vertex 308.42 332.2 2
      vertex 308.965 332.039 2
      vertex 308.95 332.048 2
    endloop
  endfacet
  facet normal 0 0 1
    outer loop
      vertex 308.42 332.2 2
      vertex 308.95 332.048 2
      vertex 308.935 332.057 2
    endloop
  endfacet
  facet normal 0 0 1
    outer loop
      vertex 308.42 332.2 2
      vertex 308.935 332.057 2
      vertex 308.92 332.066 2
    endloop
  endfacet
  facet normal 0 0 1
    outer loop
      vertex 308.42 332.2 2
      vertex 308.92 332.066 2
      vertex 308.905 332.075 2
    endloop
  endfacet
  facet normal 0 0 1
    outer loop
      vertex 308.42 332.2 2
      vertex 308.905 332.075 2
      vertex 308.889 332.083 2
    endloop
  endfacet
  facet normal 0 0 1
    outer loop
      vertex 308.42 332.2 2
      vertex 308.889 332.083 2
      vertex 308.874 332.091 2
    endloop
  endfacet
  facet normal 0 0 1
    outer loop
      vertex 308.42 332.2 2
      vertex 308.874 332.091 2
      vertex 308.858 332.099 2
    endloop
  endfacet
  facet normal 0 0 1
    outer loop
      vertex 308.42 332.2 2
      vertex 308.858 332.099 2
      vertex 308.843 332.106 2
    endloop
  endfacet
  facet normal 0 0 1
    outer loop
      vertex 308.42 332.2 2
      vertex 308.843 332.106 2
      vertex 308.827 332.114 2
    endloop
  endfacet
  facet normal 0 0 1
    outer loop
      vertex 308.42 332.2 2
      vertex 308.827 332.114 2
      vertex 308.811 332.121 2
    endloop
  endfacet
  facet normal 0 0 1
    outer loop
      vertex 308.42 332.2 2
      vertex 308.811 332.121 2
      vertex 308.795 332.127 2
    endloop
  endfacet
  facet normal 0 0 1
    outer loop
      vertex 308.42 332.2 2
      vertex 308.795 332.127 2
      vertex 308.778 332.134 2
    endloop
  endfacet
  facet normal 0 0 1
    outer loop
      vertex 308.42 332.2 2
      vertex 308.778 332.134 2
      vertex 308.762 332.14 2
    endloop
  endfacet
  facet normal 0 0 1
    outer loop
      vertex 308.42 332.2 2
      vertex 308.762 332.14 2
      vertex 308.746 332.146 2
    endloop
  endfacet
  facet normal 0 0 1
    outer loop
      vertex 308.42 332.2 2
      vertex 308.746 332.146 2
      vertex 308.729 332.151 2
    endloop
  endfacet
  facet normal 0 0 1
    outer loop
      vertex 308.42 332.2 2
      vertex 308.729 332.151 2
      vertex 308.712 332.156 2
    endloop
  endfacet
  facet normal 0 0 1
    outer loop
      vertex 308.42 332.2 2
      vertex 308.712 332.156 2
      vertex 308.696 332.161 2
    endloop
  endfacet
  facet normal 0 0 1
    outer loop
      vertex 308.42 332.2 2
      vertex 308.696 332.161 2
      vertex 308.679 332.166 2
    endloop
  endfacet
  facet normal 0 0 1
    outer loop
      vertex 308.42 332.2 2
      vertex 308.679 332.166 2
      vertex 308.662 332.17 2
    endloop
  endfacet
  facet normal 0 0 1
    outer loop
      vertex 308.42 332.2 2
      vertex 308.662 332.17 2
      vertex 308.645 332.174 2
    endloop
  endfacet
  facet normal 0 0 1
    outer loop
      vertex 308.42 332.2 2
      vertex 308.645 332.174 2
      vertex 308.628 332.178 2
    endloop
  endfacet
  facet normal 0 0 1
    outer loop
      vertex 308.42 332.2 2
      vertex 308.628 332.178 2
      vertex 308.611 332.182 2
    endloop
  endfacet
  facet normal 0 0 1
    outer loop
      vertex 308.42 332.2 2
      vertex 308.611 332.182 2
      vertex 308.594 332.185 2
    endloop
  endfacet
  facet normal 0 0 1
    outer loop
      vertex 308.42 332.2 2
      vertex 308.594 332.185 2
      vertex 308.576 332.188 2
    endloop
  endfacet
  facet normal 0 0 1
    outer loop
      vertex 308.42 332.2 2
      vertex 308.576 332.188 2
      vertex 308.559 332.19 2
    endloop
  endfacet
  facet normal 0 0 1
    outer loop
      vertex 308.42 332.2 2
      vertex 308.559 332.19 2
      vertex 308.542 332.193 2
    endloop
  endfacet
  facet normal 0 0 1
    outer loop
      vertex 308.42 332.2 2
      vertex 308.542 332.193 2
      vertex 308.525 332.195 2
    endloop
  endfacet
  facet normal 0 0 1
    outer loop
      vertex 308.42 332.2 2
      vertex 308.525 332.195 2
      vertex 308.507 332.196 2
    endloop
  endfacet
  facet normal 0 0 1
    outer loop
      vertex 308.42 332.2 2
      vertex 308.507 332.196 2
      vertex 308.49 332.198 2
    endloop
  endfacet
  facet normal 0 0 1
    outer loop
      vertex 308.42 332.2 2
      vertex 308.49 332.198 2
      vertex 308.472 332.199 2
    endloop
  endfacet
  facet normal 0 0 -1
    outer loop
      vertex 308.42 332.2 2
      vertex 308.472 332.199 2
      vertex 308.455 332.199 2
    endloop
  endfacet
  facet normal -0 0 1
    outer loop
      vertex 308.42 332.2 2
      vertex 308.455 332.199 2
      vertex 308.437 332.2 2
    endloop
  endfacet
  facet normal 0 0 1
    outer loop
      vertex 305.136 326.725 2
      vertex 309.42 331.2 2
      vertex 308.42 332.2 2
    endloop
  endfacet
  facet normal 0 0 1
    outer loop
      vertex 309.42 331.2 2
      vertex 307.34 322.58 2
      vertex 307.328 322.231 2
    endloop
  endfacet
  facet normal 0 0 1
    outer loop
      vertex 309.42 331.2 2
      vertex 307.328 322.231 2
      vertex 307.291 321.884 2
    endloop
  endfacet
  facet normal 0 0 1
    outer loop
      vertex 309.42 331.2 2
      vertex 307.291 321.884 2
      vertex 307.231 321.54 2
    endloop
  endfacet
  facet normal 0 0 1
    outer loop
      vertex 309.42 331.2 2
      vertex 307.231 321.54 2
      vertex 309.42 157.1 2
    endloop
  endfacet
  facet normal -0 0 1
    outer loop
      vertex 307.146 321.202 2
      vertex 309.42 157.1 2
      vertex 307.231 321.54 2
    endloop
  endfacet
  facet normal -0 0 1
    outer loop
      vertex 307.038 320.87 2
      vertex 309.42 157.1 2
      vertex 307.146 321.202 2
    endloop
  endfacet
  facet normal -0 0 1
    outer loop
      vertex 306.908 320.546 2
      vertex 309.42 157.1 2
      vertex 307.038 320.87 2
    endloop
  endfacet
  facet normal -0 0 1
    outer loop
      vertex 306.755 320.233 2
      vertex 309.42 157.1 2
      vertex 306.908 320.546 2
    endloop
  endfacet
  facet normal -0 0 1
    outer loop
      vertex 306.58 319.93 2
      vertex 309.42 157.1 2
      vertex 306.755 320.233 2
    endloop
  endfacet
  facet normal -0 0 1
    outer loop
      vertex 306.385 319.641 2
      vertex 309.42 157.1 2
      vertex 306.58 319.93 2
    endloop
  endfacet
  facet normal -0 0 1
    outer loop
      vertex 306.17 319.366 2
      vertex 309.42 157.1 2
      vertex 306.385 319.641 2
    endloop
  endfacet
  facet normal -0 0 1
    outer loop
      vertex 305.937 319.107 2
      vertex 309.42 157.1 2
      vertex 306.17 319.366 2
    endloop
  endfacet
  facet normal -0 0 1
    outer loop
      vertex 305.686 318.864 2
      vertex 309.42 157.1 2
      vertex 305.937 319.107 2
    endloop
  endfacet
  facet normal -0 0 1
    outer loop
      vertex 305.418 318.64 2
      vertex 309.42 157.1 2
      vertex 305.686 318.864 2
    endloop
  endfacet
  facet normal -0 0 1
    outer loop
      vertex 305.136 318.435 2
      vertex 309.42 157.1 2
      vertex 305.418 318.64 2
    endloop
  endfacet
  facet normal -0 0 1
    outer loop
      vertex 304.84 318.25 2
      vertex 309.42 157.1 2
      vertex 305.136 318.435 2
    endloop
  endfacet
  facet normal -0 0 1
    outer loop
      vertex 304.532 318.086 2
      vertex 309.42 157.1 2
      vertex 304.84 318.25 2
    endloop
  endfacet
  facet normal -0 0 1
    outer loop
      vertex 304.213 317.944 2
      vertex 309.42 157.1 2
      vertex 304.532 318.086 2
    endloop
  endfacet
  facet normal -0 0 1
    outer loop
      vertex 303.885 317.825 2
      vertex 309.42 157.1 2
      vertex 304.213 317.944 2
    endloop
  endfacet
  facet normal -0 0 1
    outer loop
      vertex 303.55 317.729 2
      vertex 309.42 157.1 2
      vertex 303.885 317.825 2
    endloop
  endfacet
  facet normal -0 0 1
    outer loop
      vertex 303.208 317.656 2
      vertex 309.42 157.1 2
      vertex 303.55 317.729 2
    endloop
  endfacet
  facet normal -0 0 1
    outer loop
      vertex 302.863 317.607 2
      vertex 309.42 157.1 2
      vertex 303.208 317.656 2
    endloop
  endfacet
  facet normal -0 0 1
    outer loop
      vertex 302.514 317.583 2
      vertex 309.42 157.1 2
      vertex 302.863 317.607 2
    endloop
  endfacet
  facet normal -0 0 1
    outer loop
      vertex 302.165 317.583 2
      vertex 309.42 157.1 2
      vertex 302.514 317.583 2
    endloop
  endfacet
  facet normal 0 0 1
    outer loop
      vertex 301.817 317.607 2
      vertex 309.42 157.1 2
      vertex 302.165 317.583 2
    endloop
  endfacet
  facet normal 0 0 1
    outer loop
      vertex 301.472 317.656 2
      vertex 309.42 157.1 2
      vertex 301.817 317.607 2
    endloop
  endfacet
  facet normal 0 0 1
    outer loop
      vertex 301.13 317.729 2
      vertex 309.42 157.1 2
      vertex 301.472 317.656 2
    endloop
  endfacet
  facet normal 0 0 1
    outer loop
      vertex 300.795 317.825 2
      vertex 309.42 157.1 2
      vertex 301.13 317.729 2
    endloop
  endfacet
  facet normal 0 0 1
    outer loop
      vertex 300.467 317.944 2
      vertex 309.42 157.1 2
      vertex 300.795 317.825 2
    endloop
  endfacet
  facet normal 0 0 1
    outer loop
      vertex 300.148 318.086 2
      vertex 309.42 157.1 2
      vertex 300.467 317.944 2
    endloop
  endfacet
  facet normal 0 0 1
    outer loop
      vertex 299.84 318.25 2
      vertex 309.42 157.1 2
      vertex 300.148 318.086 2
    endloop
  endfacet
  facet normal 0 0 1
    outer loop
      vertex 299.544 318.435 2
      vertex 309.42 157.1 2
      vertex 299.84 318.25 2
    endloop
  endfacet
  facet normal 0 0 1
    outer loop
      vertex 299.262 318.64 2
      vertex 309.42 157.1 2
      vertex 299.544 318.435 2
    endloop
  endfacet
  facet normal 0 0 1
    outer loop
      vertex 157.71 157.1 2
      vertex 299.262 318.64 2
      vertex 298.994 318.864 2
    endloop
  endfacet
  facet normal 0 0 1
    outer loop
      vertex 157.71 157.1 2
      vertex 298.994 318.864 2
      vertex 298.743 319.107 2
    endloop
  endfacet
  facet normal 0 0 1
    outer loop
      vertex 157.71 332.2 2
      vertex 298.743 319.107 2
      vertex 298.51 319.366 2
    endloop
  endfacet
  facet normal 0 0 1
    outer loop
      vertex 157.71 332.2 2
      vertex 298.51 319.366 2
      vertex 298.295 319.641 2
    endloop
  endfacet
  facet normal 0 0 1
    outer loop
      vertex 157.71 332.2 2
      vertex 298.295 319.641 2
      vertex 298.1 319.93 2
    endloop
  endfacet
  facet normal 0 0 1
    outer loop
      vertex 157.71 332.2 2
      vertex 298.1 319.93 2
      vertex 297.925 320.233 2
    endloop
  endfacet
  facet normal 0 0 1
    outer loop
      vertex 157.71 332.2 2
      vertex 297.925 320.233 2
      vertex 297.772 320.546 2
    endloop
  endfacet
  facet normal 0 0 1
    outer loop
      vertex 157.71 332.2 2
      vertex 297.772 320.546 2
      vertex 297.642 320.87 2
    endloop
  endfacet
  facet normal 0 0 1
    outer loop
      vertex 157.71 332.2 2
      vertex 297.642 320.87 2
      vertex 297.534 321.202 2
    endloop
  endfacet
  facet normal 0 0 1
    outer loop
      vertex 157.71 332.2 2
      vertex 297.534 321.202 2
      vertex 297.449 321.54 2
    endloop
  endfacet
  facet normal 0 0 1
    outer loop
      vertex 157.71 332.2 2
      vertex 297.449 321.54 2
      vertex 297.389 321.884 2
    endloop
  endfacet
  facet normal 0 0 1
    outer loop
      vertex 157.71 332.2 2
      vertex 297.389 321.884 2
      vertex 297.352 322.231 2
    endloop
  endfacet
  facet normal 0 0 1
    outer loop
      vertex 157.71 332.2 2
      vertex 297.352 322.231 2
      vertex 297.34 322.58 2
    endloop
  endfacet
  facet normal 0 0 1
    outer loop
      vertex 298.743 319.107 2
      vertex 157.71 332.2 2
      vertex 157.71 157.1 2
    endloop
  endfacet
  facet normal 0 0 1
    outer loop
      vertex 299.262 318.64 2
      vertex 157.71 157.1 2
      vertex 309.42 157.1 2
    endloop
  endfacet
  facet normal 0 0 0
    outer loop
      vertex 308.42 332.2 2
      vertex 153.71 332.2 2
      vertex 157.71 332.2 2
    endloop
  endfacet
  facet normal 0 -1 0
    outer loop
      vertex 153.71 332.2 2
      vertex 308.42 332.2 12
      vertex 153.71 332.2 12
    endloop
  endfacet
  facet normal 0 -1 -0
    outer loop
      vertex 308.42 332.2 12
      vertex 153.71 332.2 2
      vertex 308.42 332.2 2
    endloop
  endfacet
  facet normal 0.500162 0.865932 -0
    outer loop
      vertex 304.84 324.023 4
      vertex 302.34 325.467 10
      vertex 304.84 324.023 10
    endloop
  endfacet
  facet normal 0.500162 0.865932 0
    outer loop
      vertex 302.34 325.467 10
      vertex 304.84 324.023 4
      vertex 302.34 325.467 4
    endloop
  endfacet
  facet normal -1 0 0
    outer loop
      vertex 299.84 321.137 4
      vertex 299.84 324.023 10
      vertex 299.84 324.023 4
    endloop
  endfacet
  facet normal -1 -0 0
    outer loop
      vertex 299.84 324.023 10
      vertex 299.84 321.137 4
      vertex 299.84 321.137 10
    endloop
  endfacet
  facet normal -0.500162 0.865932 0
    outer loop
      vertex 302.34 325.467 4
      vertex 299.84 324.023 10
      vertex 302.34 325.467 10
    endloop
  endfacet
  facet normal -0.500162 0.865932 0
    outer loop
      vertex 299.84 324.023 10
      vertex 302.34 325.467 4
      vertex 299.84 324.023 4
    endloop
  endfacet
  facet normal 0 0 1
    outer loop
      vertex 304.84 324.023 10
      vertex 303.84 322.58 10
      vertex 304.84 321.137 10
    endloop
  endfacet
  facet normal 0 0 1
    outer loop
      vertex 304.84 324.023 10
      vertex 303.836 322.685 10
      vertex 303.84 322.58 10
    endloop
  endfacet
  facet normal 0 0 1
    outer loop
      vertex 304.84 324.023 10
      vertex 303.825 322.789 10
      vertex 303.836 322.685 10
    endloop
  endfacet
  facet normal 0 0 1
    outer loop
      vertex 304.84 324.023 10
      vertex 303.807 322.892 10
      vertex 303.825 322.789 10
    endloop
  endfacet
  facet normal 0 0 1
    outer loop
      vertex 304.84 324.023 10
      vertex 303.782 322.993 10
      vertex 303.807 322.892 10
    endloop
  endfacet
  facet normal 0 0 1
    outer loop
      vertex 304.84 324.023 10
      vertex 303.75 323.093 10
      vertex 303.782 322.993 10
    endloop
  endfacet
  facet normal 0 0 1
    outer loop
      vertex 304.84 324.023 10
      vertex 303.71 323.19 10
      vertex 303.75 323.093 10
    endloop
  endfacet
  facet normal 0 0 1
    outer loop
      vertex 304.84 324.023 10
      vertex 303.664 323.284 10
      vertex 303.71 323.19 10
    endloop
  endfacet
  facet normal 0 0 1
    outer loop
      vertex 304.84 324.023 10
      vertex 303.612 323.375 10
      vertex 303.664 323.284 10
    endloop
  endfacet
  facet normal 0 0 1
    outer loop
      vertex 304.84 324.023 10
      vertex 303.554 323.462 10
      vertex 303.612 323.375 10
    endloop
  endfacet
  facet normal 0 0 1
    outer loop
      vertex 304.84 324.023 10
      vertex 303.489 323.544 10
      vertex 303.554 323.462 10
    endloop
  endfacet
  facet normal 0 0 1
    outer loop
      vertex 304.84 324.023 10
      vertex 303.419 323.622 10
      vertex 303.489 323.544 10
    endloop
  endfacet
  facet normal 0 0 1
    outer loop
      vertex 304.84 324.023 10
      vertex 303.344 323.695 10
      vertex 303.419 323.622 10
    endloop
  endfacet
  facet normal 0 0 1
    outer loop
      vertex 304.84 324.023 10
      vertex 303.263 323.762 10
      vertex 303.344 323.695 10
    endloop
  endfacet
  facet normal 0 0 1
    outer loop
      vertex 304.84 324.023 10
      vertex 303.179 323.824 10
      vertex 303.263 323.762 10
    endloop
  endfacet
  facet normal 0 0 1
    outer loop
      vertex 304.84 324.023 10
      vertex 303.09 323.879 10
      vertex 303.179 323.824 10
    endloop
  endfacet
  facet normal 0 0 1
    outer loop
      vertex 302.34 325.467 10
      vertex 303.09 323.879 10
      vertex 304.84 324.023 10
    endloop
  endfacet
  facet normal 0 0 1
    outer loop
      vertex 303.09 323.879 10
      vertex 302.34 325.467 10
      vertex 302.998 323.928 10
    endloop
  endfacet
  facet normal 0 0 1
    outer loop
      vertex 302.998 323.928 10
      vertex 302.34 325.467 10
      vertex 302.902 323.971 10
    endloop
  endfacet
  facet normal 0 0 1
    outer loop
      vertex 302.902 323.971 10
      vertex 302.34 325.467 10
      vertex 302.804 324.007 10
    endloop
  endfacet
  facet normal 0 0 1
    outer loop
      vertex 302.804 324.007 10
      vertex 302.34 325.467 10
      vertex 302.703 324.035 10
    endloop
  endfacet
  facet normal 0 0 1
    outer loop
      vertex 302.703 324.035 10
      vertex 302.34 325.467 10
      vertex 302.6 324.057 10
    endloop
  endfacet
  facet normal 0 0 1
    outer loop
      vertex 302.6 324.057 10
      vertex 302.34 325.467 10
      vertex 302.497 324.072 10
    endloop
  endfacet
  facet normal 0 0 1
    outer loop
      vertex 302.497 324.072 10
      vertex 302.34 325.467 10
      vertex 302.392 324.079 10
    endloop
  endfacet
  facet normal 0 0 1
    outer loop
      vertex 302.34 325.467 10
      vertex 302.288 324.079 10
      vertex 302.392 324.079 10
    endloop
  endfacet
  facet normal 0 0 1
    outer loop
      vertex 302.34 325.467 10
      vertex 302.183 324.072 10
      vertex 302.288 324.079 10
    endloop
  endfacet
  facet normal 0 0 1
    outer loop
      vertex 302.34 325.467 10
      vertex 302.08 324.057 10
      vertex 302.183 324.072 10
    endloop
  endfacet
  facet normal 0 0 1
    outer loop
      vertex 302.34 325.467 10
      vertex 301.977 324.035 10
      vertex 302.08 324.057 10
    endloop
  endfacet
  facet normal 0 0 1
    outer loop
      vertex 302.34 325.467 10
      vertex 301.876 324.007 10
      vertex 301.977 324.035 10
    endloop
  endfacet
  facet normal 0 0 1
    outer loop
      vertex 302.34 325.467 10
      vertex 301.778 323.971 10
      vertex 301.876 324.007 10
    endloop
  endfacet
  facet normal 0 0 1
    outer loop
      vertex 302.34 325.467 10
      vertex 301.682 323.928 10
      vertex 301.778 323.971 10
    endloop
  endfacet
  facet normal 0 0 1
    outer loop
      vertex 302.34 325.467 10
      vertex 301.59 323.879 10
      vertex 301.682 323.928 10
    endloop
  endfacet
  facet normal -0 0 1
    outer loop
      vertex 299.84 324.023 10
      vertex 301.59 323.879 10
      vertex 302.34 325.467 10
    endloop
  endfacet
  facet normal 0 0 1
    outer loop
      vertex 301.59 323.879 10
      vertex 299.84 324.023 10
      vertex 301.501 323.824 10
    endloop
  endfacet
  facet normal 0 0 1
    outer loop
      vertex 301.501 323.824 10
      vertex 299.84 324.023 10
      vertex 301.417 323.762 10
    endloop
  endfacet
  facet normal 0 0 1
    outer loop
      vertex 301.417 323.762 10
      vertex 299.84 324.023 10
      vertex 301.336 323.695 10
    endloop
  endfacet
  facet normal 0 0 1
    outer loop
      vertex 301.336 323.695 10
      vertex 299.84 324.023 10
      vertex 301.261 323.622 10
    endloop
  endfacet
  facet normal 0 0 1
    outer loop
      vertex 301.261 323.622 10
      vertex 299.84 324.023 10
      vertex 301.191 323.544 10
    endloop
  endfacet
  facet normal 0 0 1
    outer loop
      vertex 301.191 323.544 10
      vertex 299.84 324.023 10
      vertex 301.126 323.462 10
    endloop
  endfacet
  facet normal 0 0 1
    outer loop
      vertex 300.844 322.685 10
      vertex 299.84 324.023 10
      vertex 300.84 322.58 10
    endloop
  endfacet
  facet normal 0 0 1
    outer loop
      vertex 300.855 322.789 10
      vertex 299.84 324.023 10
      vertex 300.844 322.685 10
    endloop
  endfacet
  facet normal 0 0 1
    outer loop
      vertex 300.873 322.892 10
      vertex 299.84 324.023 10
      vertex 300.855 322.789 10
    endloop
  endfacet
  facet normal 0 0 1
    outer loop
      vertex 300.898 322.993 10
      vertex 299.84 324.023 10
      vertex 300.873 322.892 10
    endloop
  endfacet
  facet normal 0 0 1
    outer loop
      vertex 300.93 323.093 10
      vertex 299.84 324.023 10
      vertex 300.898 322.993 10
    endloop
  endfacet
  facet normal 0 0 1
    outer loop
      vertex 300.97 323.19 10
      vertex 299.84 324.023 10
      vertex 300.93 323.093 10
    endloop
  endfacet
  facet normal 0 0 1
    outer loop
      vertex 301.016 323.284 10
      vertex 299.84 324.023 10
      vertex 300.97 323.19 10
    endloop
  endfacet
  facet normal 0 0 1
    outer loop
      vertex 301.068 323.375 10
      vertex 299.84 324.023 10
      vertex 301.016 323.284 10
    endloop
  endfacet
  facet normal 0 0 1
    outer loop
      vertex 301.126 323.462 10
      vertex 299.84 324.023 10
      vertex 301.068 323.375 10
    endloop
  endfacet
  facet normal -0 0 1
    outer loop
      vertex 303.836 322.475 10
      vertex 304.84 321.137 10
      vertex 303.84 322.58 10
    endloop
  endfacet
  facet normal -0 0 1
    outer loop
      vertex 303.825 322.371 10
      vertex 304.84 321.137 10
      vertex 303.836 322.475 10
    endloop
  endfacet
  facet normal -0 0 1
    outer loop
      vertex 303.807 322.268 10
      vertex 304.84 321.137 10
      vertex 303.825 322.371 10
    endloop
  endfacet
  facet normal -0 0 1
    outer loop
      vertex 303.782 322.167 10
      vertex 304.84 321.137 10
      vertex 303.807 322.268 10
    endloop
  endfacet
  facet normal -0 0 1
    outer loop
      vertex 303.75 322.067 10
      vertex 304.84 321.137 10
      vertex 303.782 322.167 10
    endloop
  endfacet
  facet normal -0 0 1
    outer loop
      vertex 303.71 321.97 10
      vertex 304.84 321.137 10
      vertex 303.75 322.067 10
    endloop
  endfacet
  facet normal -0 0 1
    outer loop
      vertex 303.664 321.876 10
      vertex 304.84 321.137 10
      vertex 303.71 321.97 10
    endloop
  endfacet
  facet normal -0 0 1
    outer loop
      vertex 303.612 321.785 10
      vertex 304.84 321.137 10
      vertex 303.664 321.876 10
    endloop
  endfacet
  facet normal -0 0 1
    outer loop
      vertex 303.554 321.698 10
      vertex 304.84 321.137 10
      vertex 303.612 321.785 10
    endloop
  endfacet
  facet normal -0 0 1
    outer loop
      vertex 303.489 321.616 10
      vertex 304.84 321.137 10
      vertex 303.554 321.698 10
    endloop
  endfacet
  facet normal -0 0 1
    outer loop
      vertex 303.419 321.538 10
      vertex 304.84 321.137 10
      vertex 303.489 321.616 10
    endloop
  endfacet
  facet normal -0 0 1
    outer loop
      vertex 303.344 321.465 10
      vertex 304.84 321.137 10
      vertex 303.419 321.538 10
    endloop
  endfacet
  facet normal -0 0 1
    outer loop
      vertex 303.263 321.398 10
      vertex 304.84 321.137 10
      vertex 303.344 321.465 10
    endloop
  endfacet
  facet normal -0 0 1
    outer loop
      vertex 303.179 321.336 10
      vertex 304.84 321.137 10
      vertex 303.263 321.398 10
    endloop
  endfacet
  facet normal -0 0 1
    outer loop
      vertex 303.09 321.281 10
      vertex 304.84 321.137 10
      vertex 303.179 321.336 10
    endloop
  endfacet
  facet normal 0 0 1
    outer loop
      vertex 302.34 319.693 10
      vertex 303.09 321.281 10
      vertex 302.998 321.232 10
    endloop
  endfacet
  facet normal 0 0 1
    outer loop
      vertex 302.34 319.693 10
      vertex 302.998 321.232 10
      vertex 302.902 321.189 10
    endloop
  endfacet
  facet normal 0 0 1
    outer loop
      vertex 302.34 319.693 10
      vertex 302.902 321.189 10
      vertex 302.804 321.153 10
    endloop
  endfacet
  facet normal 0 0 1
    outer loop
      vertex 302.34 319.693 10
      vertex 302.804 321.153 10
      vertex 302.703 321.125 10
    endloop
  endfacet
  facet normal 0 0 1
    outer loop
      vertex 302.34 319.693 10
      vertex 302.703 321.125 10
      vertex 302.6 321.103 10
    endloop
  endfacet
  facet normal 0 0 1
    outer loop
      vertex 302.34 319.693 10
      vertex 302.6 321.103 10
      vertex 302.497 321.088 10
    endloop
  endfacet
  facet normal 0 0 1
    outer loop
      vertex 302.34 319.693 10
      vertex 302.497 321.088 10
      vertex 302.392 321.081 10
    endloop
  endfacet
  facet normal 0 0 1
    outer loop
      vertex 303.09 321.281 10
      vertex 302.34 319.693 10
      vertex 304.84 321.137 10
    endloop
  endfacet
  facet normal -0 0 1
    outer loop
      vertex 302.288 321.081 10
      vertex 302.34 319.693 10
      vertex 302.392 321.081 10
    endloop
  endfacet
  facet normal 0 0 1
    outer loop
      vertex 302.183 321.088 10
      vertex 302.34 319.693 10
      vertex 302.288 321.081 10
    endloop
  endfacet
  facet normal 0 0 1
    outer loop
      vertex 302.08 321.103 10
      vertex 302.34 319.693 10
      vertex 302.183 321.088 10
    endloop
  endfacet
  facet normal 0 0 1
    outer loop
      vertex 301.977 321.125 10
      vertex 302.34 319.693 10
      vertex 302.08 321.103 10
    endloop
  endfacet
  facet normal 0 0 1
    outer loop
      vertex 301.876 321.153 10
      vertex 302.34 319.693 10
      vertex 301.977 321.125 10
    endloop
  endfacet
  facet normal 0 0 1
    outer loop
      vertex 301.778 321.189 10
      vertex 302.34 319.693 10
      vertex 301.876 321.153 10
    endloop
  endfacet
  facet normal 0 0 1
    outer loop
      vertex 301.682 321.232 10
      vertex 302.34 319.693 10
      vertex 301.778 321.189 10
    endloop
  endfacet
  facet normal 0 0 1
    outer loop
      vertex 301.59 321.281 10
      vertex 302.34 319.693 10
      vertex 301.682 321.232 10
    endloop
  endfacet
  facet normal 0 0 1
    outer loop
      vertex 299.84 321.137 10
      vertex 301.59 321.281 10
      vertex 301.501 321.336 10
    endloop
  endfacet
  facet normal 0 0 1
    outer loop
      vertex 299.84 321.137 10
      vertex 301.501 321.336 10
      vertex 301.417 321.398 10
    endloop
  endfacet
  facet normal 0 0 1
    outer loop
      vertex 299.84 321.137 10
      vertex 301.417 321.398 10
      vertex 301.336 321.465 10
    endloop
  endfacet
  facet normal 0 0 1
    outer loop
      vertex 299.84 321.137 10
      vertex 301.336 321.465 10
      vertex 301.261 321.538 10
    endloop
  endfacet
  facet normal 0 0 1
    outer loop
      vertex 299.84 321.137 10
      vertex 301.261 321.538 10
      vertex 301.191 321.616 10
    endloop
  endfacet
  facet normal 0 0 1
    outer loop
      vertex 299.84 321.137 10
      vertex 301.191 321.616 10
      vertex 301.126 321.698 10
    endloop
  endfacet
  facet normal 0 0 1
    outer loop
      vertex 299.84 321.137 10
      vertex 301.126 321.698 10
      vertex 301.068 321.785 10
    endloop
  endfacet
  facet normal 0 0 1
    outer loop
      vertex 299.84 321.137 10
      vertex 300.84 322.58 10
      vertex 299.84 324.023 10
    endloop
  endfacet
  facet normal 0 0 1
    outer loop
      vertex 300.84 322.58 10
      vertex 299.84 321.137 10
      vertex 300.844 322.475 10
    endloop
  endfacet
  facet normal 0 0 1
    outer loop
      vertex 300.844 322.475 10
      vertex 299.84 321.137 10
      vertex 300.855 322.371 10
    endloop
  endfacet
  facet normal 0 0 1
    outer loop
      vertex 300.855 322.371 10
      vertex 299.84 321.137 10
      vertex 300.873 322.268 10
    endloop
  endfacet
  facet normal 0 0 1
    outer loop
      vertex 300.873 322.268 10
      vertex 299.84 321.137 10
      vertex 300.898 322.167 10
    endloop
  endfacet
  facet normal 0 0 1
    outer loop
      vertex 300.898 322.167 10
      vertex 299.84 321.137 10
      vertex 300.93 322.067 10
    endloop
  endfacet
  facet normal 0 0 1
    outer loop
      vertex 300.93 322.067 10
      vertex 299.84 321.137 10
      vertex 300.97 321.97 10
    endloop
  endfacet
  facet normal 0 0 1
    outer loop
      vertex 301.59 321.281 10
      vertex 299.84 321.137 10
      vertex 302.34 319.693 10
    endloop
  endfacet
  facet normal 0 0 1
    outer loop
      vertex 301.016 321.876 10
      vertex 299.84 321.137 10
      vertex 301.068 321.785 10
    endloop
  endfacet
  facet normal 0 0 1
    outer loop
      vertex 300.97 321.97 10
      vertex 299.84 321.137 10
      vertex 301.016 321.876 10
    endloop
  endfacet
  facet normal 0.500162 -0.865932 0
    outer loop
      vertex 302.34 319.693 4
      vertex 304.84 321.137 10
      vertex 302.34 319.693 10
    endloop
  endfacet
  facet normal 0.500162 -0.865932 0
    outer loop
      vertex 304.84 321.137 10
      vertex 302.34 319.693 4
      vertex 304.84 321.137 4
    endloop
  endfacet
  facet normal -0.500162 -0.865932 0
    outer loop
      vertex 299.84 321.137 4
      vertex 302.34 319.693 10
      vertex 299.84 321.137 10
    endloop
  endfacet
  facet normal -0.500162 -0.865932 -0
    outer loop
      vertex 302.34 319.693 10
      vertex 299.84 321.137 4
      vertex 302.34 319.693 4
    endloop
  endfacet
  facet normal 1 -0 0
    outer loop
      vertex 304.84 321.137 10
      vertex 304.84 324.023 4
      vertex 304.84 324.023 10
    endloop
  endfacet
  facet normal 1 0 0
    outer loop
      vertex 304.84 324.023 4
      vertex 304.84 321.137 10
      vertex 304.84 321.137 4
    endloop
  endfacet
  facet normal 0.999409 0.0343636 0
    outer loop
      vertex 307.34 322.58 4
      vertex 307.328 322.929 2
      vertex 307.328 322.929 4
    endloop
  endfacet
  facet normal 0.999409 0.0343636 0
    outer loop
      vertex 307.328 322.929 2
      vertex 307.34 322.58 4
      vertex 307.34 322.58 2
    endloop
  endfacet
  facet normal -0.999409 0.0343636 0
    outer loop
      vertex 297.34 322.58 2
      vertex 297.352 322.929 4
      vertex 297.352 322.929 2
    endloop
  endfacet
  facet normal -0.999409 0.0343636 0
    outer loop
      vertex 297.352 322.929 4
      vertex 297.34 322.58 2
      vertex 297.34 322.58 4
    endloop
  endfacet
  facet normal 0 1 -0
    outer loop
      vertex 302.514 327.577 2
      vertex 302.165 327.577 4
      vertex 302.514 327.577 4
    endloop
  endfacet
  facet normal 0 1 0
    outer loop
      vertex 302.165 327.577 4
      vertex 302.514 327.577 2
      vertex 302.165 327.577 2
    endloop
  endfacet
  facet normal 0 -1 0
    outer loop
      vertex 302.165 317.583 2
      vertex 302.514 317.583 4
      vertex 302.165 317.583 4
    endloop
  endfacet
  facet normal 0 -1 -0
    outer loop
      vertex 302.514 317.583 4
      vertex 302.165 317.583 2
      vertex 302.514 317.583 2
    endloop
  endfacet
  facet normal 0.695564 0.718464 -0
    outer loop
      vertex 305.937 326.053 2
      vertex 305.686 326.296 4
      vertex 305.937 326.053 4
    endloop
  endfacet
  facet normal 0.695564 0.718464 0
    outer loop
      vertex 305.686 326.296 4
      vertex 305.937 326.053 2
      vertex 305.686 326.296 2
    endloop
  endfacet
  facet normal -0.695564 0.718464 0
    outer loop
      vertex 298.994 326.296 2
      vertex 298.743 326.053 4
      vertex 298.994 326.296 4
    endloop
  endfacet
  facet normal -0.695564 0.718464 0
    outer loop
      vertex 298.743 326.053 4
      vertex 298.994 326.296 2
      vertex 298.743 326.053 2
    endloop
  endfacet
  facet normal 0.89841 0.439159 0
    outer loop
      vertex 306.908 324.614 4
      vertex 306.755 324.927 2
      vertex 306.755 324.927 4
    endloop
  endfacet
  facet normal 0.89841 0.439159 0
    outer loop
      vertex 306.755 324.927 2
      vertex 306.908 324.614 4
      vertex 306.908 324.614 2
    endloop
  endfacet
  facet normal 0.529999 0.847998 -0
    outer loop
      vertex 305.136 326.725 2
      vertex 304.84 326.91 4
      vertex 305.136 326.725 4
    endloop
  endfacet
  facet normal 0.529999 0.847998 0
    outer loop
      vertex 304.84 326.91 4
      vertex 305.136 326.725 2
      vertex 304.84 326.91 2
    endloop
  endfacet
  facet normal -0.828948 0.559325 0
    outer loop
      vertex 298.1 325.23 2
      vertex 298.295 325.519 4
      vertex 298.295 325.519 2
    endloop
  endfacet
  facet normal -0.828948 0.559325 0
    outer loop
      vertex 298.295 325.519 4
      vertex 298.1 325.23 2
      vertex 298.1 325.23 4
    endloop
  endfacet
  facet normal -0.787807 0.615922 0
    outer loop
      vertex 298.295 325.519 2
      vertex 298.51 325.794 4
      vertex 298.51 325.794 2
    endloop
  endfacet
  facet normal -0.787807 0.615922 0
    outer loop
      vertex 298.51 325.794 4
      vertex 298.295 325.519 2
      vertex 298.295 325.519 4
    endloop
  endfacet
  facet normal -0.140618 0.990064 0
    outer loop
      vertex 301.817 327.553 2
      vertex 301.472 327.504 4
      vertex 301.817 327.553 4
    endloop
  endfacet
  facet normal -0.140618 0.990064 0
    outer loop
      vertex 301.472 327.504 4
      vertex 301.817 327.553 2
      vertex 301.472 327.504 2
    endloop
  endfacet
  facet normal 0.969804 0.243886 0
    outer loop
      vertex 307.231 323.62 4
      vertex 307.146 323.958 2
      vertex 307.146 323.958 4
    endloop
  endfacet
  facet normal 0.969804 0.243886 0
    outer loop
      vertex 307.146 323.958 2
      vertex 307.231 323.62 4
      vertex 307.231 323.62 2
    endloop
  endfacet
  facet normal 0.787807 0.615922 0
    outer loop
      vertex 306.385 325.519 4
      vertex 306.17 325.794 2
      vertex 306.17 325.794 4
    endloop
  endfacet
  facet normal 0.787807 0.615922 0
    outer loop
      vertex 306.17 325.794 2
      vertex 306.385 325.519 4
      vertex 306.385 325.519 2
    endloop
  endfacet
  facet normal 0.743437 0.668806 0
    outer loop
      vertex 306.17 325.794 4
      vertex 305.937 326.053 2
      vertex 305.937 326.053 4
    endloop
  endfacet
  facet normal 0.743437 0.668806 0
    outer loop
      vertex 305.937 326.053 2
      vertex 306.17 325.794 4
      vertex 306.17 325.794 2
    endloop
  endfacet
  facet normal 0.208748 0.977969 -0
    outer loop
      vertex 303.55 327.431 2
      vertex 303.208 327.504 4
      vertex 303.55 327.431 4
    endloop
  endfacet
  facet normal 0.208748 0.977969 0
    outer loop
      vertex 303.208 327.504 4
      vertex 303.55 327.431 2
      vertex 303.208 327.504 2
    endloop
  endfacet
  facet normal 0.40667 0.913575 -0
    outer loop
      vertex 304.532 327.074 2
      vertex 304.213 327.216 4
      vertex 304.532 327.074 4
    endloop
  endfacet
  facet normal 0.40667 0.913575 0
    outer loop
      vertex 304.213 327.216 4
      vertex 304.532 327.074 2
      vertex 304.213 327.216 2
    endloop
  endfacet
  facet normal 0.588001 0.80886 -0
    outer loop
      vertex 305.418 326.52 2
      vertex 305.136 326.725 4
      vertex 305.418 326.52 4
    endloop
  endfacet
  facet normal 0.588001 0.80886 0
    outer loop
      vertex 305.136 326.725 4
      vertex 305.418 326.52 2
      vertex 305.136 326.725 2
    endloop
  endfacet
  facet normal -0.95095 0.309345 0
    outer loop
      vertex 297.534 323.958 2
      vertex 297.642 324.29 4
      vertex 297.642 324.29 2
    endloop
  endfacet
  facet normal -0.95095 0.309345 0
    outer loop
      vertex 297.642 324.29 4
      vertex 297.534 323.958 2
      vertex 297.534 323.958 4
    endloop
  endfacet
  facet normal -0.89841 0.439159 0
    outer loop
      vertex 297.772 324.614 2
      vertex 297.925 324.927 4
      vertex 297.925 324.927 2
    endloop
  endfacet
  facet normal -0.89841 0.439159 0
    outer loop
      vertex 297.925 324.927 4
      vertex 297.772 324.614 2
      vertex 297.772 324.614 4
    endloop
  endfacet
  facet normal -0.985128 0.171825 0
    outer loop
      vertex 297.389 323.276 2
      vertex 297.449 323.62 4
      vertex 297.449 323.62 2
    endloop
  endfacet
  facet normal -0.985128 0.171825 0
    outer loop
      vertex 297.449 323.62 4
      vertex 297.389 323.276 2
      vertex 297.389 323.276 4
    endloop
  endfacet
  facet normal -0.529999 0.847998 0
    outer loop
      vertex 299.84 326.91 2
      vertex 299.544 326.725 4
      vertex 299.84 326.91 4
    endloop
  endfacet
  facet normal -0.529999 0.847998 0
    outer loop
      vertex 299.544 326.725 4
      vertex 299.84 326.91 2
      vertex 299.544 326.725 2
    endloop
  endfacet
  facet normal -0.275479 0.961307 0
    outer loop
      vertex 301.13 327.431 2
      vertex 300.795 327.335 4
      vertex 301.13 327.431 4
    endloop
  endfacet
  facet normal -0.275479 0.961307 0
    outer loop
      vertex 300.795 327.335 4
      vertex 301.13 327.431 2
      vertex 300.795 327.335 2
    endloop
  endfacet
  facet normal -0.0688021 0.99763 0
    outer loop
      vertex 302.165 327.577 2
      vertex 301.817 327.553 4
      vertex 302.165 327.577 4
    endloop
  endfacet
  facet normal -0.0688021 0.99763 0
    outer loop
      vertex 301.817 327.553 4
      vertex 302.165 327.577 2
      vertex 301.817 327.553 2
    endloop
  endfacet
  facet normal 0.969804 -0.243886 0
    outer loop
      vertex 307.146 321.202 4
      vertex 307.231 321.54 2
      vertex 307.231 321.54 4
    endloop
  endfacet
  facet normal 0.969804 -0.243886 0
    outer loop
      vertex 307.231 321.54 2
      vertex 307.146 321.202 4
      vertex 307.146 321.202 2
    endloop
  endfacet
  facet normal 0.40667 -0.913575 0
    outer loop
      vertex 304.213 317.944 2
      vertex 304.532 318.086 4
      vertex 304.213 317.944 4
    endloop
  endfacet
  facet normal 0.40667 -0.913575 0
    outer loop
      vertex 304.532 318.086 4
      vertex 304.213 317.944 2
      vertex 304.532 318.086 2
    endloop
  endfacet
  facet normal 0.985128 0.171825 0
    outer loop
      vertex 307.291 323.276 4
      vertex 307.231 323.62 2
      vertex 307.231 323.62 4
    endloop
  endfacet
  facet normal 0.985128 0.171825 0
    outer loop
      vertex 307.231 323.62 2
      vertex 307.291 323.276 4
      vertex 307.291 323.276 2
    endloop
  endfacet
  facet normal 0.994363 0.106027 0
    outer loop
      vertex 307.328 322.929 4
      vertex 307.291 323.276 2
      vertex 307.291 323.276 4
    endloop
  endfacet
  facet normal 0.994363 0.106027 0
    outer loop
      vertex 307.291 323.276 2
      vertex 307.328 322.929 4
      vertex 307.328 322.929 2
    endloop
  endfacet
  facet normal 0.95095 0.309345 0
    outer loop
      vertex 307.146 323.958 4
      vertex 307.038 324.29 2
      vertex 307.038 324.29 4
    endloop
  endfacet
  facet normal 0.95095 0.309345 0
    outer loop
      vertex 307.038 324.29 2
      vertex 307.146 323.958 4
      vertex 307.146 323.958 2
    endloop
  endfacet
  facet normal 0.928081 0.372378 0
    outer loop
      vertex 307.038 324.29 4
      vertex 306.908 324.614 2
      vertex 306.908 324.614 4
    endloop
  endfacet
  facet normal 0.928081 0.372378 0
    outer loop
      vertex 306.908 324.614 2
      vertex 307.038 324.29 4
      vertex 307.038 324.29 2
    endloop
  endfacet
  facet normal 0.828948 0.559325 0
    outer loop
      vertex 306.58 325.23 4
      vertex 306.385 325.519 2
      vertex 306.385 325.519 4
    endloop
  endfacet
  facet normal 0.828948 0.559325 0
    outer loop
      vertex 306.385 325.519 2
      vertex 306.58 325.23 4
      vertex 306.58 325.23 2
    endloop
  endfacet
  facet normal 0.865948 0.500135 0
    outer loop
      vertex 306.755 324.927 4
      vertex 306.58 325.23 2
      vertex 306.58 325.23 4
    endloop
  endfacet
  facet normal 0.865948 0.500135 0
    outer loop
      vertex 306.58 325.23 2
      vertex 306.755 324.927 4
      vertex 306.755 324.927 2
    endloop
  endfacet
  facet normal 0.275479 0.961307 -0
    outer loop
      vertex 303.885 327.335 2
      vertex 303.55 327.431 4
      vertex 303.885 327.335 4
    endloop
  endfacet
  facet normal 0.275479 0.961307 0
    outer loop
      vertex 303.55 327.431 4
      vertex 303.885 327.335 2
      vertex 303.55 327.431 2
    endloop
  endfacet
  facet normal 0.140618 0.990064 -0
    outer loop
      vertex 303.208 327.504 2
      vertex 302.863 327.553 4
      vertex 303.208 327.504 4
    endloop
  endfacet
  facet normal 0.140618 0.990064 0
    outer loop
      vertex 302.863 327.553 4
      vertex 303.208 327.504 2
      vertex 302.863 327.553 2
    endloop
  endfacet
  facet normal 0.0686059 0.997644 -0
    outer loop
      vertex 302.863 327.553 2
      vertex 302.514 327.577 4
      vertex 302.863 327.553 4
    endloop
  endfacet
  facet normal 0.0686059 0.997644 0
    outer loop
      vertex 302.514 327.577 4
      vertex 302.863 327.553 2
      vertex 302.514 327.577 2
    endloop
  endfacet
  facet normal 0.341053 0.940044 -0
    outer loop
      vertex 304.213 327.216 2
      vertex 303.885 327.335 4
      vertex 304.213 327.216 4
    endloop
  endfacet
  facet normal 0.341053 0.940044 0
    outer loop
      vertex 303.885 327.335 4
      vertex 304.213 327.216 2
      vertex 303.885 327.335 2
    endloop
  endfacet
  facet normal 0.469993 0.88267 -0
    outer loop
      vertex 304.84 326.91 2
      vertex 304.532 327.074 4
      vertex 304.84 326.91 4
    endloop
  endfacet
  facet normal 0.469993 0.88267 0
    outer loop
      vertex 304.532 327.074 4
      vertex 304.84 326.91 2
      vertex 304.532 327.074 2
    endloop
  endfacet
  facet normal 0.64131 0.767282 -0
    outer loop
      vertex 305.686 326.296 2
      vertex 305.418 326.52 4
      vertex 305.686 326.296 4
    endloop
  endfacet
  facet normal 0.64131 0.767282 0
    outer loop
      vertex 305.418 326.52 4
      vertex 305.686 326.296 2
      vertex 305.418 326.52 2
    endloop
  endfacet
  facet normal -0.743437 0.668806 0
    outer loop
      vertex 298.51 325.794 2
      vertex 298.743 326.053 4
      vertex 298.743 326.053 2
    endloop
  endfacet
  facet normal -0.743437 0.668806 0
    outer loop
      vertex 298.743 326.053 4
      vertex 298.51 325.794 2
      vertex 298.51 325.794 4
    endloop
  endfacet
  facet normal -0.865948 0.500135 0
    outer loop
      vertex 297.925 324.927 2
      vertex 298.1 325.23 4
      vertex 298.1 325.23 2
    endloop
  endfacet
  facet normal -0.865948 0.500135 0
    outer loop
      vertex 298.1 325.23 4
      vertex 297.925 324.927 2
      vertex 297.925 324.927 4
    endloop
  endfacet
  facet normal -0.928081 0.372378 0
    outer loop
      vertex 297.642 324.29 2
      vertex 297.772 324.614 4
      vertex 297.772 324.614 2
    endloop
  endfacet
  facet normal -0.928081 0.372378 0
    outer loop
      vertex 297.772 324.614 4
      vertex 297.642 324.29 2
      vertex 297.642 324.29 4
    endloop
  endfacet
  facet normal -0.969804 0.243886 0
    outer loop
      vertex 297.449 323.62 2
      vertex 297.534 323.958 4
      vertex 297.534 323.958 2
    endloop
  endfacet
  facet normal -0.969804 0.243886 0
    outer loop
      vertex 297.534 323.958 4
      vertex 297.449 323.62 2
      vertex 297.449 323.62 4
    endloop
  endfacet
  facet normal -0.994363 0.106027 0
    outer loop
      vertex 297.352 322.929 2
      vertex 297.389 323.276 4
      vertex 297.389 323.276 2
    endloop
  endfacet
  facet normal -0.994363 0.106027 0
    outer loop
      vertex 297.389 323.276 4
      vertex 297.352 322.929 2
      vertex 297.352 322.929 4
    endloop
  endfacet
  facet normal 0 0 1
    outer loop
      vertex 302.34 325.467 4
      vertex 304.84 326.91 4
      vertex 304.532 327.074 4
    endloop
  endfacet
  facet normal 0 0 1
    outer loop
      vertex 302.34 325.467 4
      vertex 304.532 327.074 4
      vertex 304.213 327.216 4
    endloop
  endfacet
  facet normal 0 0 1
    outer loop
      vertex 302.34 325.467 4
      vertex 304.213 327.216 4
      vertex 303.885 327.335 4
    endloop
  endfacet
  facet normal 0 0 1
    outer loop
      vertex 302.34 325.467 4
      vertex 303.885 327.335 4
      vertex 303.55 327.431 4
    endloop
  endfacet
  facet normal 0 0 1
    outer loop
      vertex 302.34 325.467 4
      vertex 303.55 327.431 4
      vertex 303.208 327.504 4
    endloop
  endfacet
  facet normal 0 0 1
    outer loop
      vertex 302.34 325.467 4
      vertex 303.208 327.504 4
      vertex 302.863 327.553 4
    endloop
  endfacet
  facet normal 0 0 1
    outer loop
      vertex 302.34 325.467 4
      vertex 302.863 327.553 4
      vertex 302.514 327.577 4
    endloop
  endfacet
  facet normal 0 0 1
    outer loop
      vertex 304.84 326.91 4
      vertex 302.34 325.467 4
      vertex 304.84 324.023 4
    endloop
  endfacet
  facet normal -0 0 1
    outer loop
      vertex 302.165 327.577 4
      vertex 302.34 325.467 4
      vertex 302.514 327.577 4
    endloop
  endfacet
  facet normal -0 0 1
    outer loop
      vertex 301.817 327.553 4
      vertex 302.34 325.467 4
      vertex 302.165 327.577 4
    endloop
  endfacet
  facet normal -0 0 1
    outer loop
      vertex 301.472 327.504 4
      vertex 302.34 325.467 4
      vertex 301.817 327.553 4
    endloop
  endfacet
  facet normal -0 0 1
    outer loop
      vertex 301.13 327.431 4
      vertex 302.34 325.467 4
      vertex 301.472 327.504 4
    endloop
  endfacet
  facet normal -0 0 1
    outer loop
      vertex 300.795 327.335 4
      vertex 302.34 325.467 4
      vertex 301.13 327.431 4
    endloop
  endfacet
  facet normal -0 0 1
    outer loop
      vertex 300.467 327.216 4
      vertex 302.34 325.467 4
      vertex 300.795 327.335 4
    endloop
  endfacet
  facet normal -0 0 1
    outer loop
      vertex 300.148 327.074 4
      vertex 302.34 325.467 4
      vertex 300.467 327.216 4
    endloop
  endfacet
  facet normal -0 0 1
    outer loop
      vertex 299.84 326.91 4
      vertex 302.34 325.467 4
      vertex 300.148 327.074 4
    endloop
  endfacet
  facet normal 0 0 1
    outer loop
      vertex 299.84 326.91 4
      vertex 299.84 324.023 4
      vertex 302.34 325.467 4
    endloop
  endfacet
  facet normal -0 0 1
    outer loop
      vertex 299.544 326.725 4
      vertex 299.84 324.023 4
      vertex 299.84 326.91 4
    endloop
  endfacet
  facet normal -0 0 1
    outer loop
      vertex 299.262 326.52 4
      vertex 299.84 324.023 4
      vertex 299.544 326.725 4
    endloop
  endfacet
  facet normal -0 0 1
    outer loop
      vertex 298.994 326.296 4
      vertex 299.84 324.023 4
      vertex 299.262 326.52 4
    endloop
  endfacet
  facet normal 0 0 1
    outer loop
      vertex 299.84 321.137 4
      vertex 299.544 318.435 4
      vertex 299.84 318.25 4
    endloop
  endfacet
  facet normal -0 0 1
    outer loop
      vertex 298.743 326.053 4
      vertex 299.84 324.023 4
      vertex 298.994 326.296 4
    endloop
  endfacet
  facet normal 0 0 1
    outer loop
      vertex 299.84 321.137 4
      vertex 299.262 318.64 4
      vertex 299.544 318.435 4
    endloop
  endfacet
  facet normal -0 0 1
    outer loop
      vertex 298.51 325.794 4
      vertex 299.84 324.023 4
      vertex 298.743 326.053 4
    endloop
  endfacet
  facet normal 0 0 1
    outer loop
      vertex 299.84 321.137 4
      vertex 298.994 318.864 4
      vertex 299.262 318.64 4
    endloop
  endfacet
  facet normal -0 0 1
    outer loop
      vertex 298.295 325.519 4
      vertex 299.84 324.023 4
      vertex 298.51 325.794 4
    endloop
  endfacet
  facet normal 0 0 1
    outer loop
      vertex 299.84 321.137 4
      vertex 298.743 319.107 4
      vertex 298.994 318.864 4
    endloop
  endfacet
  facet normal -0 0 1
    outer loop
      vertex 298.1 325.23 4
      vertex 299.84 324.023 4
      vertex 298.295 325.519 4
    endloop
  endfacet
  facet normal 0 0 1
    outer loop
      vertex 299.84 321.137 4
      vertex 298.51 319.366 4
      vertex 298.743 319.107 4
    endloop
  endfacet
  facet normal -0 0 1
    outer loop
      vertex 297.925 324.927 4
      vertex 299.84 324.023 4
      vertex 298.1 325.23 4
    endloop
  endfacet
  facet normal 0 0 1
    outer loop
      vertex 299.84 321.137 4
      vertex 298.295 319.641 4
      vertex 298.51 319.366 4
    endloop
  endfacet
  facet normal -0 0 1
    outer loop
      vertex 297.772 324.614 4
      vertex 299.84 324.023 4
      vertex 297.925 324.927 4
    endloop
  endfacet
  facet normal 0 0 1
    outer loop
      vertex 299.84 321.137 4
      vertex 298.1 319.93 4
      vertex 298.295 319.641 4
    endloop
  endfacet
  facet normal -0 0 1
    outer loop
      vertex 297.642 324.29 4
      vertex 299.84 324.023 4
      vertex 297.772 324.614 4
    endloop
  endfacet
  facet normal 0 0 1
    outer loop
      vertex 299.84 321.137 4
      vertex 297.925 320.233 4
      vertex 298.1 319.93 4
    endloop
  endfacet
  facet normal 0 0 1
    outer loop
      vertex 297.534 323.958 4
      vertex 299.84 324.023 4
      vertex 297.642 324.29 4
    endloop
  endfacet
  facet normal 0 0 1
    outer loop
      vertex 299.84 321.137 4
      vertex 297.772 320.546 4
      vertex 297.925 320.233 4
    endloop
  endfacet
  facet normal 0 0 1
    outer loop
      vertex 297.449 323.62 4
      vertex 299.84 324.023 4
      vertex 297.534 323.958 4
    endloop
  endfacet
  facet normal 0 0 1
    outer loop
      vertex 299.84 321.137 4
      vertex 297.642 320.87 4
      vertex 297.772 320.546 4
    endloop
  endfacet
  facet normal 0 0 1
    outer loop
      vertex 297.389 323.276 4
      vertex 299.84 324.023 4
      vertex 297.449 323.62 4
    endloop
  endfacet
  facet normal 0 0 1
    outer loop
      vertex 299.84 321.137 4
      vertex 297.534 321.202 4
      vertex 297.642 320.87 4
    endloop
  endfacet
  facet normal 0 0 1
    outer loop
      vertex 297.352 322.929 4
      vertex 299.84 324.023 4
      vertex 297.389 323.276 4
    endloop
  endfacet
  facet normal 0 0 1
    outer loop
      vertex 299.84 321.137 4
      vertex 297.449 321.54 4
      vertex 297.534 321.202 4
    endloop
  endfacet
  facet normal 0 0 1
    outer loop
      vertex 297.34 322.58 4
      vertex 299.84 324.023 4
      vertex 297.352 322.929 4
    endloop
  endfacet
  facet normal 0 0 1
    outer loop
      vertex 299.84 321.137 4
      vertex 297.389 321.884 4
      vertex 297.449 321.54 4
    endloop
  endfacet
  facet normal 0 0 1
    outer loop
      vertex 299.84 324.023 4
      vertex 297.34 322.58 4
      vertex 299.84 321.137 4
    endloop
  endfacet
  facet normal 0 0 1
    outer loop
      vertex 299.84 321.137 4
      vertex 297.352 322.231 4
      vertex 297.389 321.884 4
    endloop
  endfacet
  facet normal 0 0 1
    outer loop
      vertex 299.84 321.137 4
      vertex 297.34 322.58 4
      vertex 297.352 322.231 4
    endloop
  endfacet
  facet normal 0 0 1
    outer loop
      vertex 304.84 324.023 4
      vertex 307.34 322.58 4
      vertex 307.328 322.929 4
    endloop
  endfacet
  facet normal 0 0 1
    outer loop
      vertex 304.84 324.023 4
      vertex 307.328 322.929 4
      vertex 307.291 323.276 4
    endloop
  endfacet
  facet normal 0 0 1
    outer loop
      vertex 304.84 321.137 4
      vertex 307.34 322.58 4
      vertex 304.84 324.023 4
    endloop
  endfacet
  facet normal 0 0 1
    outer loop
      vertex 304.84 324.023 4
      vertex 307.291 323.276 4
      vertex 307.231 323.62 4
    endloop
  endfacet
  facet normal 0 0 1
    outer loop
      vertex 307.34 322.58 4
      vertex 304.84 321.137 4
      vertex 307.328 322.231 4
    endloop
  endfacet
  facet normal 0 0 1
    outer loop
      vertex 304.84 324.023 4
      vertex 307.231 323.62 4
      vertex 307.146 323.958 4
    endloop
  endfacet
  facet normal 0 0 1
    outer loop
      vertex 307.328 322.231 4
      vertex 304.84 321.137 4
      vertex 307.291 321.884 4
    endloop
  endfacet
  facet normal -0 0 1
    outer loop
      vertex 304.84 324.023 4
      vertex 307.146 323.958 4
      vertex 307.038 324.29 4
    endloop
  endfacet
  facet normal 0 0 1
    outer loop
      vertex 307.291 321.884 4
      vertex 304.84 321.137 4
      vertex 307.231 321.54 4
    endloop
  endfacet
  facet normal 0 0 1
    outer loop
      vertex 304.84 324.023 4
      vertex 307.038 324.29 4
      vertex 306.908 324.614 4
    endloop
  endfacet
  facet normal 0 0 1
    outer loop
      vertex 307.231 321.54 4
      vertex 304.84 321.137 4
      vertex 307.146 321.202 4
    endloop
  endfacet
  facet normal 0 0 1
    outer loop
      vertex 304.84 324.023 4
      vertex 306.908 324.614 4
      vertex 306.755 324.927 4
    endloop
  endfacet
  facet normal 0 0 1
    outer loop
      vertex 307.146 321.202 4
      vertex 304.84 321.137 4
      vertex 307.038 320.87 4
    endloop
  endfacet
  facet normal 0 0 1
    outer loop
      vertex 304.84 324.023 4
      vertex 306.755 324.927 4
      vertex 306.58 325.23 4
    endloop
  endfacet
  facet normal 0 0 1
    outer loop
      vertex 307.038 320.87 4
      vertex 304.84 321.137 4
      vertex 306.908 320.546 4
    endloop
  endfacet
  facet normal 0 0 1
    outer loop
      vertex 304.84 324.023 4
      vertex 306.58 325.23 4
      vertex 306.385 325.519 4
    endloop
  endfacet
  facet normal 0 0 1
    outer loop
      vertex 306.908 320.546 4
      vertex 304.84 321.137 4
      vertex 306.755 320.233 4
    endloop
  endfacet
  facet normal 0 0 1
    outer loop
      vertex 304.84 324.023 4
      vertex 306.385 325.519 4
      vertex 306.17 325.794 4
    endloop
  endfacet
  facet normal 0 0 1
    outer loop
      vertex 306.755 320.233 4
      vertex 304.84 321.137 4
      vertex 306.58 319.93 4
    endloop
  endfacet
  facet normal 0 0 1
    outer loop
      vertex 304.84 324.023 4
      vertex 306.17 325.794 4
      vertex 305.937 326.053 4
    endloop
  endfacet
  facet normal 0 0 1
    outer loop
      vertex 306.58 319.93 4
      vertex 304.84 321.137 4
      vertex 306.385 319.641 4
    endloop
  endfacet
  facet normal 0 0 1
    outer loop
      vertex 304.84 324.023 4
      vertex 305.937 326.053 4
      vertex 305.686 326.296 4
    endloop
  endfacet
  facet normal 0 0 1
    outer loop
      vertex 306.385 319.641 4
      vertex 304.84 321.137 4
      vertex 306.17 319.366 4
    endloop
  endfacet
  facet normal 0 0 1
    outer loop
      vertex 304.84 324.023 4
      vertex 305.686 326.296 4
      vertex 305.418 326.52 4
    endloop
  endfacet
  facet normal 0 0 1
    outer loop
      vertex 306.17 319.366 4
      vertex 304.84 321.137 4
      vertex 305.937 319.107 4
    endloop
  endfacet
  facet normal 0 0 1
    outer loop
      vertex 304.84 324.023 4
      vertex 305.418 326.52 4
      vertex 305.136 326.725 4
    endloop
  endfacet
  facet normal 0 0 1
    outer loop
      vertex 305.937 319.107 4
      vertex 304.84 321.137 4
      vertex 305.686 318.864 4
    endloop
  endfacet
  facet normal 0 0 1
    outer loop
      vertex 304.84 324.023 4
      vertex 305.136 326.725 4
      vertex 304.84 326.91 4
    endloop
  endfacet
  facet normal 0 0 1
    outer loop
      vertex 305.686 318.864 4
      vertex 304.84 321.137 4
      vertex 305.418 318.64 4
    endloop
  endfacet
  facet normal 0 0 1
    outer loop
      vertex 305.418 318.64 4
      vertex 304.84 321.137 4
      vertex 305.136 318.435 4
    endloop
  endfacet
  facet normal 0 0 1
    outer loop
      vertex 304.84 321.137 4
      vertex 304.84 318.25 4
      vertex 305.136 318.435 4
    endloop
  endfacet
  facet normal -0 0 1
    outer loop
      vertex 302.34 319.693 4
      vertex 304.84 318.25 4
      vertex 304.84 321.137 4
    endloop
  endfacet
  facet normal 0 0 1
    outer loop
      vertex 304.84 318.25 4
      vertex 302.34 319.693 4
      vertex 304.532 318.086 4
    endloop
  endfacet
  facet normal 0 0 1
    outer loop
      vertex 304.532 318.086 4
      vertex 302.34 319.693 4
      vertex 304.213 317.944 4
    endloop
  endfacet
  facet normal 0 0 1
    outer loop
      vertex 304.213 317.944 4
      vertex 302.34 319.693 4
      vertex 303.885 317.825 4
    endloop
  endfacet
  facet normal 0 0 1
    outer loop
      vertex 303.885 317.825 4
      vertex 302.34 319.693 4
      vertex 303.55 317.729 4
    endloop
  endfacet
  facet normal 0 0 1
    outer loop
      vertex 303.55 317.729 4
      vertex 302.34 319.693 4
      vertex 303.208 317.656 4
    endloop
  endfacet
  facet normal 0 0 1
    outer loop
      vertex 303.208 317.656 4
      vertex 302.34 319.693 4
      vertex 302.863 317.607 4
    endloop
  endfacet
  facet normal 0 0 1
    outer loop
      vertex 302.863 317.607 4
      vertex 302.34 319.693 4
      vertex 302.514 317.583 4
    endloop
  endfacet
  facet normal 0 0 1
    outer loop
      vertex 302.34 319.693 4
      vertex 302.165 317.583 4
      vertex 302.514 317.583 4
    endloop
  endfacet
  facet normal 0 0 1
    outer loop
      vertex 302.34 319.693 4
      vertex 301.817 317.607 4
      vertex 302.165 317.583 4
    endloop
  endfacet
  facet normal 0 0 1
    outer loop
      vertex 302.34 319.693 4
      vertex 301.472 317.656 4
      vertex 301.817 317.607 4
    endloop
  endfacet
  facet normal 0 0 1
    outer loop
      vertex 302.34 319.693 4
      vertex 301.13 317.729 4
      vertex 301.472 317.656 4
    endloop
  endfacet
  facet normal 0 0 1
    outer loop
      vertex 302.34 319.693 4
      vertex 300.795 317.825 4
      vertex 301.13 317.729 4
    endloop
  endfacet
  facet normal 0 0 1
    outer loop
      vertex 302.34 319.693 4
      vertex 300.467 317.944 4
      vertex 300.795 317.825 4
    endloop
  endfacet
  facet normal 0 0 1
    outer loop
      vertex 302.34 319.693 4
      vertex 300.148 318.086 4
      vertex 300.467 317.944 4
    endloop
  endfacet
  facet normal 0 0 1
    outer loop
      vertex 299.84 318.25 4
      vertex 302.34 319.693 4
      vertex 299.84 321.137 4
    endloop
  endfacet
  facet normal 0 0 1
    outer loop
      vertex 302.34 319.693 4
      vertex 299.84 318.25 4
      vertex 300.148 318.086 4
    endloop
  endfacet
  facet normal -0.588001 0.80886 0
    outer loop
      vertex 299.544 326.725 2
      vertex 299.262 326.52 4
      vertex 299.544 326.725 4
    endloop
  endfacet
  facet normal -0.588001 0.80886 0
    outer loop
      vertex 299.262 326.52 4
      vertex 299.544 326.725 2
      vertex 299.262 326.52 2
    endloop
  endfacet
  facet normal -0.469993 0.88267 0
    outer loop
      vertex 300.148 327.074 2
      vertex 299.84 326.91 4
      vertex 300.148 327.074 4
    endloop
  endfacet
  facet normal -0.469993 0.88267 0
    outer loop
      vertex 299.84 326.91 4
      vertex 300.148 327.074 2
      vertex 299.84 326.91 2
    endloop
  endfacet
  facet normal -0.64131 0.767282 0
    outer loop
      vertex 299.262 326.52 2
      vertex 298.994 326.296 4
      vertex 299.262 326.52 4
    endloop
  endfacet
  facet normal -0.64131 0.767282 0
    outer loop
      vertex 298.994 326.296 4
      vertex 299.262 326.52 2
      vertex 298.994 326.296 2
    endloop
  endfacet
  facet normal -0.40667 0.913575 0
    outer loop
      vertex 300.467 327.216 2
      vertex 300.148 327.074 4
      vertex 300.467 327.216 4
    endloop
  endfacet
  facet normal -0.40667 0.913575 0
    outer loop
      vertex 300.148 327.074 4
      vertex 300.467 327.216 2
      vertex 300.148 327.074 2
    endloop
  endfacet
  facet normal -0.341053 0.940044 0
    outer loop
      vertex 300.795 327.335 2
      vertex 300.467 327.216 4
      vertex 300.795 327.335 4
    endloop
  endfacet
  facet normal -0.341053 0.940044 0
    outer loop
      vertex 300.467 327.216 4
      vertex 300.795 327.335 2
      vertex 300.467 327.216 2
    endloop
  endfacet
  facet normal -0.208748 0.977969 0
    outer loop
      vertex 301.472 327.504 2
      vertex 301.13 327.431 4
      vertex 301.472 327.504 4
    endloop
  endfacet
  facet normal -0.208748 0.977969 0
    outer loop
      vertex 301.13 327.431 4
      vertex 301.472 327.504 2
      vertex 301.13 327.431 2
    endloop
  endfacet
  facet normal 0.89841 -0.439159 0
    outer loop
      vertex 306.755 320.233 4
      vertex 306.908 320.546 2
      vertex 306.908 320.546 4
    endloop
  endfacet
  facet normal 0.89841 -0.439159 0
    outer loop
      vertex 306.908 320.546 2
      vertex 306.755 320.233 4
      vertex 306.755 320.233 2
    endloop
  endfacet
  facet normal 0.95095 -0.309345 0
    outer loop
      vertex 307.038 320.87 4
      vertex 307.146 321.202 2
      vertex 307.146 321.202 4
    endloop
  endfacet
  facet normal 0.95095 -0.309345 0
    outer loop
      vertex 307.146 321.202 2
      vertex 307.038 320.87 4
      vertex 307.038 320.87 2
    endloop
  endfacet
  facet normal 0.985128 -0.171825 0
    outer loop
      vertex 307.231 321.54 4
      vertex 307.291 321.884 2
      vertex 307.291 321.884 4
    endloop
  endfacet
  facet normal 0.985128 -0.171825 0
    outer loop
      vertex 307.291 321.884 2
      vertex 307.231 321.54 4
      vertex 307.231 321.54 2
    endloop
  endfacet
  facet normal 0.994363 -0.106027 0
    outer loop
      vertex 307.291 321.884 4
      vertex 307.328 322.231 2
      vertex 307.328 322.231 4
    endloop
  endfacet
  facet normal 0.994363 -0.106027 0
    outer loop
      vertex 307.328 322.231 2
      vertex 307.291 321.884 4
      vertex 307.291 321.884 2
    endloop
  endfacet
  facet normal 0.928081 -0.372378 0
    outer loop
      vertex 306.908 320.546 4
      vertex 307.038 320.87 2
      vertex 307.038 320.87 4
    endloop
  endfacet
  facet normal 0.928081 -0.372378 0
    outer loop
      vertex 307.038 320.87 2
      vertex 306.908 320.546 4
      vertex 306.908 320.546 2
    endloop
  endfacet
  facet normal 0.787807 -0.615922 0
    outer loop
      vertex 306.17 319.366 4
      vertex 306.385 319.641 2
      vertex 306.385 319.641 4
    endloop
  endfacet
  facet normal 0.787807 -0.615922 0
    outer loop
      vertex 306.385 319.641 2
      vertex 306.17 319.366 4
      vertex 306.17 319.366 2
    endloop
  endfacet
  facet normal -0.787807 -0.615922 0
    outer loop
      vertex 298.51 319.366 2
      vertex 298.295 319.641 4
      vertex 298.295 319.641 2
    endloop
  endfacet
  facet normal -0.787807 -0.615922 0
    outer loop
      vertex 298.295 319.641 4
      vertex 298.51 319.366 2
      vertex 298.51 319.366 4
    endloop
  endfacet
  facet normal 0.208748 -0.977969 0
    outer loop
      vertex 303.208 317.656 2
      vertex 303.55 317.729 4
      vertex 303.208 317.656 4
    endloop
  endfacet
  facet normal 0.208748 -0.977969 0
    outer loop
      vertex 303.55 317.729 4
      vertex 303.208 317.656 2
      vertex 303.55 317.729 2
    endloop
  endfacet
  facet normal 0.341053 -0.940044 0
    outer loop
      vertex 303.885 317.825 2
      vertex 304.213 317.944 4
      vertex 303.885 317.825 4
    endloop
  endfacet
  facet normal 0.341053 -0.940044 0
    outer loop
      vertex 304.213 317.944 4
      vertex 303.885 317.825 2
      vertex 304.213 317.944 2
    endloop
  endfacet
  facet normal 0.999409 -0.0343636 0
    outer loop
      vertex 307.328 322.231 4
      vertex 307.34 322.58 2
      vertex 307.34 322.58 4
    endloop
  endfacet
  facet normal 0.999409 -0.0343636 0
    outer loop
      vertex 307.34 322.58 2
      vertex 307.328 322.231 4
      vertex 307.328 322.231 2
    endloop
  endfacet
  facet normal 0.695564 -0.718464 0
    outer loop
      vertex 305.686 318.864 2
      vertex 305.937 319.107 4
      vertex 305.686 318.864 4
    endloop
  endfacet
  facet normal 0.695564 -0.718464 0
    outer loop
      vertex 305.937 319.107 4
      vertex 305.686 318.864 2
      vertex 305.937 319.107 2
    endloop
  endfacet
  facet normal 0.743437 -0.668806 0
    outer loop
      vertex 305.937 319.107 4
      vertex 306.17 319.366 2
      vertex 306.17 319.366 4
    endloop
  endfacet
  facet normal 0.743437 -0.668806 0
    outer loop
      vertex 306.17 319.366 2
      vertex 305.937 319.107 4
      vertex 305.937 319.107 2
    endloop
  endfacet
  facet normal 0.469993 -0.88267 0
    outer loop
      vertex 304.532 318.086 2
      vertex 304.84 318.25 4
      vertex 304.532 318.086 4
    endloop
  endfacet
  facet normal 0.469993 -0.88267 0
    outer loop
      vertex 304.84 318.25 4
      vertex 304.532 318.086 2
      vertex 304.84 318.25 2
    endloop
  endfacet
  facet normal 0.64131 -0.767282 0
    outer loop
      vertex 305.418 318.64 2
      vertex 305.686 318.864 4
      vertex 305.418 318.64 4
    endloop
  endfacet
  facet normal 0.64131 -0.767282 0
    outer loop
      vertex 305.686 318.864 4
      vertex 305.418 318.64 2
      vertex 305.686 318.864 2
    endloop
  endfacet
  facet normal 0.588001 -0.80886 0
    outer loop
      vertex 305.136 318.435 2
      vertex 305.418 318.64 4
      vertex 305.136 318.435 4
    endloop
  endfacet
  facet normal 0.588001 -0.80886 0
    outer loop
      vertex 305.418 318.64 4
      vertex 305.136 318.435 2
      vertex 305.418 318.64 2
    endloop
  endfacet
  facet normal 0.828948 -0.559325 0
    outer loop
      vertex 306.385 319.641 4
      vertex 306.58 319.93 2
      vertex 306.58 319.93 4
    endloop
  endfacet
  facet normal 0.828948 -0.559325 0
    outer loop
      vertex 306.58 319.93 2
      vertex 306.385 319.641 4
      vertex 306.385 319.641 2
    endloop
  endfacet
  facet normal 0.865948 -0.500135 0
    outer loop
      vertex 306.58 319.93 4
      vertex 306.755 320.233 2
      vertex 306.755 320.233 4
    endloop
  endfacet
  facet normal 0.865948 -0.500135 0
    outer loop
      vertex 306.755 320.233 2
      vertex 306.58 319.93 4
      vertex 306.58 319.93 2
    endloop
  endfacet
  facet normal -0.208748 -0.977969 0
    outer loop
      vertex 301.13 317.729 2
      vertex 301.472 317.656 4
      vertex 301.13 317.729 4
    endloop
  endfacet
  facet normal -0.208748 -0.977969 -0
    outer loop
      vertex 301.472 317.656 4
      vertex 301.13 317.729 2
      vertex 301.472 317.656 2
    endloop
  endfacet
  facet normal -0.140618 -0.990064 0
    outer loop
      vertex 301.472 317.656 2
      vertex 301.817 317.607 4
      vertex 301.472 317.656 4
    endloop
  endfacet
  facet normal -0.140618 -0.990064 -0
    outer loop
      vertex 301.817 317.607 4
      vertex 301.472 317.656 2
      vertex 301.817 317.607 2
    endloop
  endfacet
  facet normal -0.64131 -0.767282 0
    outer loop
      vertex 298.994 318.864 2
      vertex 299.262 318.64 4
      vertex 298.994 318.864 4
    endloop
  endfacet
  facet normal -0.64131 -0.767282 -0
    outer loop
      vertex 299.262 318.64 4
      vertex 298.994 318.864 2
      vertex 299.262 318.64 2
    endloop
  endfacet
  facet normal -0.40667 -0.913575 0
    outer loop
      vertex 300.148 318.086 2
      vertex 300.467 317.944 4
      vertex 300.148 318.086 4
    endloop
  endfacet
  facet normal -0.40667 -0.913575 -0
    outer loop
      vertex 300.467 317.944 4
      vertex 300.148 318.086 2
      vertex 300.467 317.944 2
    endloop
  endfacet
  facet normal -0.743437 -0.668806 0
    outer loop
      vertex 298.743 319.107 2
      vertex 298.51 319.366 4
      vertex 298.51 319.366 2
    endloop
  endfacet
  facet normal -0.743437 -0.668806 0
    outer loop
      vertex 298.51 319.366 4
      vertex 298.743 319.107 2
      vertex 298.743 319.107 4
    endloop
  endfacet
  facet normal -0.89841 -0.439159 0
    outer loop
      vertex 297.925 320.233 2
      vertex 297.772 320.546 4
      vertex 297.772 320.546 2
    endloop
  endfacet
  facet normal -0.89841 -0.439159 0
    outer loop
      vertex 297.772 320.546 4
      vertex 297.925 320.233 2
      vertex 297.925 320.233 4
    endloop
  endfacet
  facet normal -0.928081 -0.372378 0
    outer loop
      vertex 297.772 320.546 2
      vertex 297.642 320.87 4
      vertex 297.642 320.87 2
    endloop
  endfacet
  facet normal -0.928081 -0.372378 0
    outer loop
      vertex 297.642 320.87 4
      vertex 297.772 320.546 2
      vertex 297.772 320.546 4
    endloop
  endfacet
  facet normal -0.985128 -0.171825 0
    outer loop
      vertex 297.449 321.54 2
      vertex 297.389 321.884 4
      vertex 297.389 321.884 2
    endloop
  endfacet
  facet normal -0.985128 -0.171825 0
    outer loop
      vertex 297.389 321.884 4
      vertex 297.449 321.54 2
      vertex 297.449 321.54 4
    endloop
  endfacet
  facet normal 0.529999 -0.847998 0
    outer loop
      vertex 304.84 318.25 2
      vertex 305.136 318.435 4
      vertex 304.84 318.25 4
    endloop
  endfacet
  facet normal 0.529999 -0.847998 0
    outer loop
      vertex 305.136 318.435 4
      vertex 304.84 318.25 2
      vertex 305.136 318.435 2
    endloop
  endfacet
  facet normal -0.0688021 -0.99763 0
    outer loop
      vertex 301.817 317.607 2
      vertex 302.165 317.583 4
      vertex 301.817 317.607 4
    endloop
  endfacet
  facet normal -0.0688021 -0.99763 -0
    outer loop
      vertex 302.165 317.583 4
      vertex 301.817 317.607 2
      vertex 302.165 317.583 2
    endloop
  endfacet
  facet normal -0.275479 -0.961307 0
    outer loop
      vertex 300.795 317.825 2
      vertex 301.13 317.729 4
      vertex 300.795 317.825 4
    endloop
  endfacet
  facet normal -0.275479 -0.961307 -0
    outer loop
      vertex 301.13 317.729 4
      vertex 300.795 317.825 2
      vertex 301.13 317.729 2
    endloop
  endfacet
  facet normal -0.469993 -0.88267 0
    outer loop
      vertex 299.84 318.25 2
      vertex 300.148 318.086 4
      vertex 299.84 318.25 4
    endloop
  endfacet
  facet normal -0.469993 -0.88267 -0
    outer loop
      vertex 300.148 318.086 4
      vertex 299.84 318.25 2
      vertex 300.148 318.086 2
    endloop
  endfacet
  facet normal -0.529999 -0.847998 0
    outer loop
      vertex 299.544 318.435 2
      vertex 299.84 318.25 4
      vertex 299.544 318.435 4
    endloop
  endfacet
  facet normal -0.529999 -0.847998 -0
    outer loop
      vertex 299.84 318.25 4
      vertex 299.544 318.435 2
      vertex 299.84 318.25 2
    endloop
  endfacet
  facet normal -0.695564 -0.718464 0
    outer loop
      vertex 298.743 319.107 2
      vertex 298.994 318.864 4
      vertex 298.743 319.107 4
    endloop
  endfacet
  facet normal -0.695564 -0.718464 -0
    outer loop
      vertex 298.994 318.864 4
      vertex 298.743 319.107 2
      vertex 298.994 318.864 2
    endloop
  endfacet
  facet normal -0.865948 -0.500135 0
    outer loop
      vertex 298.1 319.93 2
      vertex 297.925 320.233 4
      vertex 297.925 320.233 2
    endloop
  endfacet
  facet normal -0.865948 -0.500135 0
    outer loop
      vertex 297.925 320.233 4
      vertex 298.1 319.93 2
      vertex 298.1 319.93 4
    endloop
  endfacet
  facet normal -0.95095 -0.309345 0
    outer loop
      vertex 297.642 320.87 2
      vertex 297.534 321.202 4
      vertex 297.534 321.202 2
    endloop
  endfacet
  facet normal -0.95095 -0.309345 0
    outer loop
      vertex 297.534 321.202 4
      vertex 297.642 320.87 2
      vertex 297.642 320.87 4
    endloop
  endfacet
  facet normal -0.969804 -0.243886 0
    outer loop
      vertex 297.534 321.202 2
      vertex 297.449 321.54 4
      vertex 297.449 321.54 2
    endloop
  endfacet
  facet normal -0.969804 -0.243886 0
    outer loop
      vertex 297.449 321.54 4
      vertex 297.534 321.202 2
      vertex 297.534 321.202 4
    endloop
  endfacet
  facet normal -0.994363 -0.106027 0
    outer loop
      vertex 297.389 321.884 2
      vertex 297.352 322.231 4
      vertex 297.352 322.231 2
    endloop
  endfacet
  facet normal -0.994363 -0.106027 0
    outer loop
      vertex 297.352 322.231 4
      vertex 297.389 321.884 2
      vertex 297.389 321.884 4
    endloop
  endfacet
  facet normal -0.999409 -0.0343636 0
    outer loop
      vertex 297.352 322.231 2
      vertex 297.34 322.58 4
      vertex 297.34 322.58 2
    endloop
  endfacet
  facet normal -0.999409 -0.0343636 0
    outer loop
      vertex 297.34 322.58 4
      vertex 297.352 322.231 2
      vertex 297.352 322.231 4
    endloop
  endfacet
  facet normal 0.275479 -0.961307 0
    outer loop
      vertex 303.55 317.729 2
      vertex 303.885 317.825 4
      vertex 303.55 317.729 4
    endloop
  endfacet
  facet normal 0.275479 -0.961307 0
    outer loop
      vertex 303.885 317.825 4
      vertex 303.55 317.729 2
      vertex 303.885 317.825 2
    endloop
  endfacet
  facet normal 0.140618 -0.990064 0
    outer loop
      vertex 302.863 317.607 2
      vertex 303.208 317.656 4
      vertex 302.863 317.607 4
    endloop
  endfacet
  facet normal 0.140618 -0.990064 0
    outer loop
      vertex 303.208 317.656 4
      vertex 302.863 317.607 2
      vertex 303.208 317.656 2
    endloop
  endfacet
  facet normal 0.0686059 -0.997644 0
    outer loop
      vertex 302.514 317.583 2
      vertex 302.863 317.607 4
      vertex 302.514 317.583 4
    endloop
  endfacet
  facet normal 0.0686059 -0.997644 0
    outer loop
      vertex 302.863 317.607 4
      vertex 302.514 317.583 2
      vertex 302.863 317.607 2
    endloop
  endfacet
  facet normal -0.588001 -0.80886 0
    outer loop
      vertex 299.262 318.64 2
      vertex 299.544 318.435 4
      vertex 299.262 318.64 4
    endloop
  endfacet
  facet normal -0.588001 -0.80886 -0
    outer loop
      vertex 299.544 318.435 4
      vertex 299.262 318.64 2
      vertex 299.544 318.435 2
    endloop
  endfacet
  facet normal -0.341053 -0.940044 0
    outer loop
      vertex 300.467 317.944 2
      vertex 300.795 317.825 4
      vertex 300.467 317.944 4
    endloop
  endfacet
  facet normal -0.341053 -0.940044 -0
    outer loop
      vertex 300.795 317.825 4
      vertex 300.467 317.944 2
      vertex 300.795 317.825 2
    endloop
  endfacet
  facet normal -0.828948 -0.559325 0
    outer loop
      vertex 298.295 319.641 2
      vertex 298.1 319.93 4
      vertex 298.1 319.93 2
    endloop
  endfacet
  facet normal -0.828948 -0.559325 0
    outer loop
      vertex 298.1 319.93 4
      vertex 298.295 319.641 2
      vertex 298.295 319.641 4
    endloop
  endfacet
  facet normal -0.985071 -0.172148 0
    outer loop
      vertex 303.825 322.789 2.3
      vertex 303.807 322.892 10
      vertex 303.807 322.892 2.3
    endloop
  endfacet
  facet normal -0.985071 -0.172148 0
    outer loop
      vertex 303.807 322.892 10
      vertex 303.825 322.789 2.3
      vertex 303.825 322.789 10
    endloop
  endfacet
  facet normal -0.999275 -0.0380676 0
    outer loop
      vertex 303.84 322.58 2.3
      vertex 303.836 322.685 10
      vertex 303.836 322.685 2.3
    endloop
  endfacet
  facet normal -0.999275 -0.0380676 0
    outer loop
      vertex 303.836 322.685 10
      vertex 303.84 322.58 2.3
      vertex 303.84 322.58 10
    endloop
  endfacet
  facet normal 0.999275 -0.0380676 0
    outer loop
      vertex 300.84 322.58 10
      vertex 300.844 322.685 2.3
      vertex 300.844 322.685 10
    endloop
  endfacet
  facet normal 0.999275 -0.0380676 0
    outer loop
      vertex 300.844 322.685 2.3
      vertex 300.84 322.58 10
      vertex 300.84 322.58 2.3
    endloop
  endfacet
  facet normal -0.697488 -0.716597 0
    outer loop
      vertex 303.344 323.695 2.3
      vertex 303.419 323.622 10
      vertex 303.344 323.695 10
    endloop
  endfacet
  facet normal -0.697488 -0.716597 -0
    outer loop
      vertex 303.419 323.622 10
      vertex 303.344 323.695 2.3
      vertex 303.419 323.622 2.3
    endloop
  endfacet
  facet normal 0.697488 -0.716597 0
    outer loop
      vertex 301.261 323.622 2.3
      vertex 301.336 323.695 10
      vertex 301.261 323.622 10
    endloop
  endfacet
  facet normal 0.697488 -0.716597 0
    outer loop
      vertex 301.336 323.695 10
      vertex 301.261 323.622 2.3
      vertex 301.336 323.695 2.3
    endloop
  endfacet
  facet normal 0.344817 -0.93867 0
    outer loop
      vertex 301.778 323.971 2.3
      vertex 301.876 324.007 10
      vertex 301.778 323.971 10
    endloop
  endfacet
  facet normal 0.344817 -0.93867 0
    outer loop
      vertex 301.876 324.007 10
      vertex 301.778 323.971 2.3
      vertex 301.876 324.007 2.3
    endloop
  endfacet
  facet normal -0.898217 -0.439553 0
    outer loop
      vertex 303.71 323.19 2.3
      vertex 303.664 323.284 10
      vertex 303.664 323.284 2.3
    endloop
  endfacet
  facet normal -0.898217 -0.439553 0
    outer loop
      vertex 303.664 323.284 10
      vertex 303.71 323.19 2.3
      vertex 303.71 323.19 10
    endloop
  endfacet
  facet normal -0.408783 -0.912632 0
    outer loop
      vertex 302.902 323.971 2.3
      vertex 302.998 323.928 10
      vertex 302.902 323.971 10
    endloop
  endfacet
  facet normal -0.408783 -0.912632 -0
    outer loop
      vertex 302.998 323.928 10
      vertex 302.902 323.971 2.3
      vertex 302.998 323.928 2.3
    endloop
  endfacet
  facet normal -0.066519 -0.997785 0
    outer loop
      vertex 302.392 324.079 2.3
      vertex 302.497 324.072 10
      vertex 302.392 324.079 10
    endloop
  endfacet
  facet normal -0.066519 -0.997785 -0
    outer loop
      vertex 302.497 324.072 10
      vertex 302.392 324.079 2.3
      vertex 302.497 324.072 2.3
    endloop
  endfacet
  facet normal 0.868243 -0.496139 0
    outer loop
      vertex 301.016 323.284 10
      vertex 301.068 323.375 2.3
      vertex 301.068 323.375 10
    endloop
  endfacet
  facet normal 0.868243 -0.496139 0
    outer loop
      vertex 301.068 323.375 2.3
      vertex 301.016 323.284 10
      vertex 301.016 323.284 2.3
    endloop
  endfacet
  facet normal 0.83205 -0.5547 0
    outer loop
      vertex 301.068 323.375 10
      vertex 301.126 323.462 2.3
      vertex 301.126 323.462 10
    endloop
  endfacet
  facet normal 0.83205 -0.5547 0
    outer loop
      vertex 301.126 323.462 2.3
      vertex 301.068 323.375 10
      vertex 301.068 323.375 2.3
    endloop
  endfacet
  facet normal -0.970705 -0.240274 0
    outer loop
      vertex 303.807 322.892 2.3
      vertex 303.782 322.993 10
      vertex 303.782 322.993 2.3
    endloop
  endfacet
  facet normal -0.970705 -0.240274 0
    outer loop
      vertex 303.782 322.993 10
      vertex 303.807 322.892 2.3
      vertex 303.807 322.892 10
    endloop
  endfacet
  facet normal -0.952424 -0.304776 0
    outer loop
      vertex 303.782 322.993 2.3
      vertex 303.75 323.093 10
      vertex 303.75 323.093 2.3
    endloop
  endfacet
  facet normal -0.952424 -0.304776 0
    outer loop
      vertex 303.75 323.093 10
      vertex 303.782 322.993 2.3
      vertex 303.782 322.993 10
    endloop
  endfacet
  facet normal -0.83205 -0.5547 0
    outer loop
      vertex 303.612 323.375 2.3
      vertex 303.554 323.462 10
      vertex 303.554 323.462 2.3
    endloop
  endfacet
  facet normal -0.83205 -0.5547 0
    outer loop
      vertex 303.554 323.462 10
      vertex 303.612 323.375 2.3
      vertex 303.612 323.375 10
    endloop
  endfacet
  facet normal -0.744242 -0.66791 0
    outer loop
      vertex 303.489 323.544 2.3
      vertex 303.419 323.622 10
      vertex 303.419 323.622 2.3
    endloop
  endfacet
  facet normal -0.744242 -0.66791 0
    outer loop
      vertex 303.419 323.622 10
      vertex 303.489 323.544 2.3
      vertex 303.489 323.544 10
    endloop
  endfacet
  facet normal -0.208881 -0.977941 0
    outer loop
      vertex 302.6 324.057 2.3
      vertex 302.703 324.035 10
      vertex 302.6 324.057 10
    endloop
  endfacet
  facet normal -0.208881 -0.977941 -0
    outer loop
      vertex 302.703 324.035 10
      vertex 302.6 324.057 2.3
      vertex 302.703 324.035 2.3
    endloop
  endfacet
  facet normal -0.593852 -0.804574 0
    outer loop
      vertex 303.179 323.824 2.3
      vertex 303.263 323.762 10
      vertex 303.179 323.824 10
    endloop
  endfacet
  facet normal -0.593852 -0.804574 -0
    outer loop
      vertex 303.263 323.762 10
      vertex 303.179 323.824 2.3
      vertex 303.263 323.762 2.3
    endloop
  endfacet
  facet normal -0.525696 -0.850672 0
    outer loop
      vertex 303.09 323.879 2.3
      vertex 303.179 323.824 10
      vertex 303.09 323.879 10
    endloop
  endfacet
  facet normal -0.525696 -0.850672 -0
    outer loop
      vertex 303.179 323.824 10
      vertex 303.09 323.879 2.3
      vertex 303.179 323.824 2.3
    endloop
  endfacet
  facet normal 0.970705 -0.240274 0
    outer loop
      vertex 300.873 322.892 10
      vertex 300.898 322.993 2.3
      vertex 300.898 322.993 10
    endloop
  endfacet
  facet normal 0.970705 -0.240274 0
    outer loop
      vertex 300.898 322.993 2.3
      vertex 300.873 322.892 10
      vertex 300.873 322.892 2.3
    endloop
  endfacet
  facet normal 0.994453 -0.105183 0
    outer loop
      vertex 300.844 322.685 10
      vertex 300.855 322.789 2.3
      vertex 300.855 322.789 10
    endloop
  endfacet
  facet normal 0.994453 -0.105183 0
    outer loop
      vertex 300.855 322.789 2.3
      vertex 300.844 322.685 10
      vertex 300.844 322.685 2.3
    endloop
  endfacet
  facet normal 0.525696 -0.850672 0
    outer loop
      vertex 301.501 323.824 2.3
      vertex 301.59 323.879 10
      vertex 301.501 323.824 10
    endloop
  endfacet
  facet normal 0.525696 -0.850672 0
    outer loop
      vertex 301.59 323.879 10
      vertex 301.501 323.824 2.3
      vertex 301.59 323.879 2.3
    endloop
  endfacet
  facet normal 0.637373 -0.770555 0
    outer loop
      vertex 301.336 323.695 2.3
      vertex 301.417 323.762 10
      vertex 301.336 323.695 10
    endloop
  endfacet
  facet normal 0.637373 -0.770555 0
    outer loop
      vertex 301.417 323.762 10
      vertex 301.336 323.695 2.3
      vertex 301.417 323.762 2.3
    endloop
  endfacet
  facet normal 0.066519 -0.997785 0
    outer loop
      vertex 302.183 324.072 2.3
      vertex 302.288 324.079 10
      vertex 302.183 324.072 10
    endloop
  endfacet
  facet normal 0.066519 -0.997785 0
    outer loop
      vertex 302.288 324.079 10
      vertex 302.183 324.072 2.3
      vertex 302.288 324.079 2.3
    endloop
  endfacet
  facet normal -0.952424 0.304776 0
    outer loop
      vertex 303.75 322.067 2.3
      vertex 303.782 322.167 10
      vertex 303.782 322.167 2.3
    endloop
  endfacet
  facet normal -0.952424 0.304776 0
    outer loop
      vertex 303.782 322.167 10
      vertex 303.75 322.067 2.3
      vertex 303.75 322.067 10
    endloop
  endfacet
  facet normal 0.83205 0.5547 0
    outer loop
      vertex 301.126 321.698 10
      vertex 301.068 321.785 2.3
      vertex 301.068 321.785 10
    endloop
  endfacet
  facet normal 0.83205 0.5547 0
    outer loop
      vertex 301.068 321.785 2.3
      vertex 301.126 321.698 10
      vertex 301.126 321.698 2.3
    endloop
  endfacet
  facet normal 0.952424 0.304776 0
    outer loop
      vertex 300.93 322.067 10
      vertex 300.898 322.167 2.3
      vertex 300.898 322.167 10
    endloop
  endfacet
  facet normal 0.952424 0.304776 0
    outer loop
      vertex 300.898 322.167 2.3
      vertex 300.93 322.067 10
      vertex 300.93 322.067 2.3
    endloop
  endfacet
  facet normal -0.267152 0.963654 0
    outer loop
      vertex 302.804 321.153 2.3
      vertex 302.703 321.125 10
      vertex 302.804 321.153 10
    endloop
  endfacet
  facet normal -0.267152 0.963654 0
    outer loop
      vertex 302.703 321.125 10
      vertex 302.804 321.153 2.3
      vertex 302.703 321.125 2.3
    endloop
  endfacet
  facet normal -0.783658 -0.621192 0
    outer loop
      vertex 303.554 323.462 2.3
      vertex 303.489 323.544 10
      vertex 303.489 323.544 2.3
    endloop
  endfacet
  facet normal -0.783658 -0.621192 0
    outer loop
      vertex 303.489 323.544 10
      vertex 303.554 323.462 2.3
      vertex 303.554 323.462 10
    endloop
  endfacet
  facet normal -0.868243 -0.496139 0
    outer loop
      vertex 303.664 323.284 2.3
      vertex 303.612 323.375 10
      vertex 303.612 323.375 2.3
    endloop
  endfacet
  facet normal -0.868243 -0.496139 0
    outer loop
      vertex 303.612 323.375 10
      vertex 303.664 323.284 2.3
      vertex 303.664 323.284 10
    endloop
  endfacet
  facet normal 0 -1 0
    outer loop
      vertex 302.288 324.079 2.3
      vertex 302.392 324.079 10
      vertex 302.288 324.079 10
    endloop
  endfacet
  facet normal 0 -1 -0
    outer loop
      vertex 302.392 324.079 10
      vertex 302.288 324.079 2.3
      vertex 302.392 324.079 2.3
    endloop
  endfacet
  facet normal -0.344817 -0.93867 0
    outer loop
      vertex 302.804 324.007 2.3
      vertex 302.902 323.971 10
      vertex 302.804 324.007 10
    endloop
  endfacet
  facet normal -0.344817 -0.93867 -0
    outer loop
      vertex 302.902 323.971 10
      vertex 302.804 324.007 2.3
      vertex 302.902 323.971 2.3
    endloop
  endfacet
  facet normal -0.144111 -0.989562 0
    outer loop
      vertex 302.497 324.072 2.3
      vertex 302.6 324.057 10
      vertex 302.497 324.072 10
    endloop
  endfacet
  facet normal -0.144111 -0.989562 -0
    outer loop
      vertex 302.6 324.057 10
      vertex 302.497 324.072 2.3
      vertex 302.6 324.057 2.3
    endloop
  endfacet
  facet normal -0.267152 -0.963654 0
    outer loop
      vertex 302.703 324.035 2.3
      vertex 302.804 324.007 10
      vertex 302.703 324.035 10
    endloop
  endfacet
  facet normal -0.267152 -0.963654 -0
    outer loop
      vertex 302.804 324.007 10
      vertex 302.703 324.035 2.3
      vertex 302.804 324.007 2.3
    endloop
  endfacet
  facet normal -0.47009 -0.882618 0
    outer loop
      vertex 302.998 323.928 2.3
      vertex 303.09 323.879 10
      vertex 302.998 323.928 10
    endloop
  endfacet
  facet normal -0.47009 -0.882618 -0
    outer loop
      vertex 303.09 323.879 10
      vertex 302.998 323.928 2.3
      vertex 303.09 323.879 2.3
    endloop
  endfacet
  facet normal -0.637373 -0.770555 0
    outer loop
      vertex 303.263 323.762 2.3
      vertex 303.344 323.695 10
      vertex 303.263 323.762 10
    endloop
  endfacet
  facet normal -0.637373 -0.770555 -0
    outer loop
      vertex 303.344 323.695 10
      vertex 303.263 323.762 2.3
      vertex 303.344 323.695 2.3
    endloop
  endfacet
  facet normal 0.744242 -0.66791 0
    outer loop
      vertex 301.191 323.544 10
      vertex 301.261 323.622 2.3
      vertex 301.261 323.622 10
    endloop
  endfacet
  facet normal 0.744242 -0.66791 0
    outer loop
      vertex 301.261 323.622 2.3
      vertex 301.191 323.544 10
      vertex 301.191 323.544 2.3
    endloop
  endfacet
  facet normal 0.783658 -0.621192 0
    outer loop
      vertex 301.126 323.462 10
      vertex 301.191 323.544 2.3
      vertex 301.191 323.544 10
    endloop
  endfacet
  facet normal 0.783658 -0.621192 0
    outer loop
      vertex 301.191 323.544 2.3
      vertex 301.126 323.462 10
      vertex 301.126 323.462 2.3
    endloop
  endfacet
  facet normal 0.924481 -0.381229 0
    outer loop
      vertex 300.93 323.093 10
      vertex 300.97 323.19 2.3
      vertex 300.97 323.19 10
    endloop
  endfacet
  facet normal 0.924481 -0.381229 0
    outer loop
      vertex 300.97 323.19 2.3
      vertex 300.93 323.093 10
      vertex 300.93 323.093 2.3
    endloop
  endfacet
  facet normal 0.952424 -0.304776 0
    outer loop
      vertex 300.898 322.993 10
      vertex 300.93 323.093 2.3
      vertex 300.93 323.093 10
    endloop
  endfacet
  facet normal 0.952424 -0.304776 0
    outer loop
      vertex 300.93 323.093 2.3
      vertex 300.898 322.993 10
      vertex 300.898 322.993 2.3
    endloop
  endfacet
  facet normal 0.985071 -0.172148 0
    outer loop
      vertex 300.855 322.789 10
      vertex 300.873 322.892 2.3
      vertex 300.873 322.892 10
    endloop
  endfacet
  facet normal 0.985071 -0.172148 0
    outer loop
      vertex 300.873 322.892 2.3
      vertex 300.855 322.789 10
      vertex 300.855 322.789 2.3
    endloop
  endfacet
  facet normal 0.408783 -0.912632 0
    outer loop
      vertex 301.682 323.928 2.3
      vertex 301.778 323.971 10
      vertex 301.682 323.928 10
    endloop
  endfacet
  facet normal 0.408783 -0.912632 0
    outer loop
      vertex 301.778 323.971 10
      vertex 301.682 323.928 2.3
      vertex 301.778 323.971 2.3
    endloop
  endfacet
  facet normal 0.47009 -0.882618 0
    outer loop
      vertex 301.59 323.879 2.3
      vertex 301.682 323.928 10
      vertex 301.59 323.879 10
    endloop
  endfacet
  facet normal 0.47009 -0.882618 0
    outer loop
      vertex 301.682 323.928 10
      vertex 301.59 323.879 2.3
      vertex 301.682 323.928 2.3
    endloop
  endfacet
  facet normal 0.593852 -0.804574 0
    outer loop
      vertex 301.417 323.762 2.3
      vertex 301.501 323.824 10
      vertex 301.417 323.762 10
    endloop
  endfacet
  facet normal 0.593852 -0.804574 0
    outer loop
      vertex 301.501 323.824 10
      vertex 301.417 323.762 2.3
      vertex 301.501 323.824 2.3
    endloop
  endfacet
  facet normal 0.267152 -0.963654 0
    outer loop
      vertex 301.876 324.007 2.3
      vertex 301.977 324.035 10
      vertex 301.876 324.007 10
    endloop
  endfacet
  facet normal 0.267152 -0.963654 0
    outer loop
      vertex 301.977 324.035 10
      vertex 301.876 324.007 2.3
      vertex 301.977 324.035 2.3
    endloop
  endfacet
  facet normal 0.144111 -0.989562 0
    outer loop
      vertex 302.08 324.057 2.3
      vertex 302.183 324.072 10
      vertex 302.08 324.057 10
    endloop
  endfacet
  facet normal 0.144111 -0.989562 0
    outer loop
      vertex 302.183 324.072 10
      vertex 302.08 324.057 2.3
      vertex 302.183 324.072 2.3
    endloop
  endfacet
  facet normal 0.208881 -0.977941 0
    outer loop
      vertex 301.977 324.035 2.3
      vertex 302.08 324.057 10
      vertex 301.977 324.035 10
    endloop
  endfacet
  facet normal 0.208881 -0.977941 0
    outer loop
      vertex 302.08 324.057 10
      vertex 301.977 324.035 2.3
      vertex 302.08 324.057 2.3
    endloop
  endfacet
  facet normal -0.985071 0.172148 0
    outer loop
      vertex 303.807 322.268 2.3
      vertex 303.825 322.371 10
      vertex 303.825 322.371 2.3
    endloop
  endfacet
  facet normal -0.985071 0.172148 0
    outer loop
      vertex 303.825 322.371 10
      vertex 303.807 322.268 2.3
      vertex 303.807 322.268 10
    endloop
  endfacet
  facet normal -0.868243 0.496139 0
    outer loop
      vertex 303.612 321.785 2.3
      vertex 303.664 321.876 10
      vertex 303.664 321.876 2.3
    endloop
  endfacet
  facet normal -0.868243 0.496139 0
    outer loop
      vertex 303.664 321.876 10
      vertex 303.612 321.785 2.3
      vertex 303.612 321.785 10
    endloop
  endfacet
  facet normal 0.066519 0.997785 -0
    outer loop
      vertex 302.288 321.081 2.3
      vertex 302.183 321.088 10
      vertex 302.288 321.081 10
    endloop
  endfacet
  facet normal 0.066519 0.997785 0
    outer loop
      vertex 302.183 321.088 10
      vertex 302.288 321.081 2.3
      vertex 302.183 321.088 2.3
    endloop
  endfacet
  facet normal 0.783658 0.621192 0
    outer loop
      vertex 301.191 321.616 10
      vertex 301.126 321.698 2.3
      vertex 301.126 321.698 10
    endloop
  endfacet
  facet normal 0.783658 0.621192 0
    outer loop
      vertex 301.126 321.698 2.3
      vertex 301.191 321.616 10
      vertex 301.191 321.616 2.3
    endloop
  endfacet
  facet normal 0.970705 0.240274 0
    outer loop
      vertex 300.898 322.167 10
      vertex 300.873 322.268 2.3
      vertex 300.873 322.268 10
    endloop
  endfacet
  facet normal 0.970705 0.240274 0
    outer loop
      vertex 300.873 322.268 2.3
      vertex 300.898 322.167 10
      vertex 300.898 322.167 2.3
    endloop
  endfacet
  facet normal 0.999275 0.0380676 0
    outer loop
      vertex 300.844 322.475 10
      vertex 300.84 322.58 2.3
      vertex 300.84 322.58 10
    endloop
  endfacet
  facet normal 0.999275 0.0380676 0
    outer loop
      vertex 300.84 322.58 2.3
      vertex 300.844 322.475 10
      vertex 300.844 322.475 2.3
    endloop
  endfacet
  facet normal -0.066519 0.997785 0
    outer loop
      vertex 302.497 321.088 2.3
      vertex 302.392 321.081 10
      vertex 302.497 321.088 10
    endloop
  endfacet
  facet normal -0.066519 0.997785 0
    outer loop
      vertex 302.392 321.081 10
      vertex 302.497 321.088 2.3
      vertex 302.392 321.081 2.3
    endloop
  endfacet
  facet normal -0.208881 0.977941 0
    outer loop
      vertex 302.703 321.125 2.3
      vertex 302.6 321.103 10
      vertex 302.703 321.125 10
    endloop
  endfacet
  facet normal -0.208881 0.977941 0
    outer loop
      vertex 302.6 321.103 10
      vertex 302.703 321.125 2.3
      vertex 302.6 321.103 2.3
    endloop
  endfacet
  facet normal -0.144111 0.989562 0
    outer loop
      vertex 302.6 321.103 2.3
      vertex 302.497 321.088 10
      vertex 302.6 321.103 10
    endloop
  endfacet
  facet normal -0.144111 0.989562 0
    outer loop
      vertex 302.497 321.088 10
      vertex 302.6 321.103 2.3
      vertex 302.497 321.088 2.3
    endloop
  endfacet
  facet normal -0.344817 0.93867 0
    outer loop
      vertex 302.902 321.189 2.3
      vertex 302.804 321.153 10
      vertex 302.902 321.189 10
    endloop
  endfacet
  facet normal -0.344817 0.93867 0
    outer loop
      vertex 302.804 321.153 10
      vertex 302.902 321.189 2.3
      vertex 302.804 321.153 2.3
    endloop
  endfacet
  facet normal -0.994453 -0.105183 0
    outer loop
      vertex 303.836 322.685 2.3
      vertex 303.825 322.789 10
      vertex 303.825 322.789 2.3
    endloop
  endfacet
  facet normal -0.994453 -0.105183 0
    outer loop
      vertex 303.825 322.789 10
      vertex 303.836 322.685 2.3
      vertex 303.836 322.685 10
    endloop
  endfacet
  facet normal -0.924481 -0.381229 0
    outer loop
      vertex 303.75 323.093 2.3
      vertex 303.71 323.19 10
      vertex 303.71 323.19 2.3
    endloop
  endfacet
  facet normal -0.924481 -0.381229 0
    outer loop
      vertex 303.71 323.19 10
      vertex 303.75 323.093 2.3
      vertex 303.75 323.093 10
    endloop
  endfacet
  facet normal 0.898217 -0.439553 0
    outer loop
      vertex 300.97 323.19 10
      vertex 301.016 323.284 2.3
      vertex 301.016 323.284 10
    endloop
  endfacet
  facet normal 0.898217 -0.439553 0
    outer loop
      vertex 301.016 323.284 2.3
      vertex 300.97 323.19 10
      vertex 300.97 323.19 2.3
    endloop
  endfacet
  facet normal -0.999275 0.0380676 0
    outer loop
      vertex 303.836 322.475 2.3
      vertex 303.84 322.58 10
      vertex 303.84 322.58 2.3
    endloop
  endfacet
  facet normal -0.999275 0.0380676 0
    outer loop
      vertex 303.84 322.58 10
      vertex 303.836 322.475 2.3
      vertex 303.836 322.475 10
    endloop
  endfacet
  facet normal -0.970705 0.240274 0
    outer loop
      vertex 303.782 322.167 2.3
      vertex 303.807 322.268 10
      vertex 303.807 322.268 2.3
    endloop
  endfacet
  facet normal -0.970705 0.240274 0
    outer loop
      vertex 303.807 322.268 10
      vertex 303.782 322.167 2.3
      vertex 303.782 322.167 10
    endloop
  endfacet
  facet normal -0.744242 0.66791 0
    outer loop
      vertex 303.419 321.538 2.3
      vertex 303.489 321.616 10
      vertex 303.489 321.616 2.3
    endloop
  endfacet
  facet normal -0.744242 0.66791 0
    outer loop
      vertex 303.489 321.616 10
      vertex 303.419 321.538 2.3
      vertex 303.419 321.538 10
    endloop
  endfacet
  facet normal -0.408783 0.912632 0
    outer loop
      vertex 302.998 321.232 2.3
      vertex 302.902 321.189 10
      vertex 302.998 321.232 10
    endloop
  endfacet
  facet normal -0.408783 0.912632 0
    outer loop
      vertex 302.902 321.189 10
      vertex 302.998 321.232 2.3
      vertex 302.902 321.189 2.3
    endloop
  endfacet
  facet normal -0.47009 0.882618 0
    outer loop
      vertex 303.09 321.281 2.3
      vertex 302.998 321.232 10
      vertex 303.09 321.281 10
    endloop
  endfacet
  facet normal -0.47009 0.882618 0
    outer loop
      vertex 302.998 321.232 10
      vertex 303.09 321.281 2.3
      vertex 302.998 321.232 2.3
    endloop
  endfacet
  facet normal -0.924481 0.381229 0
    outer loop
      vertex 303.71 321.97 2.3
      vertex 303.75 322.067 10
      vertex 303.75 322.067 2.3
    endloop
  endfacet
  facet normal -0.924481 0.381229 0
    outer loop
      vertex 303.75 322.067 10
      vertex 303.71 321.97 2.3
      vertex 303.71 321.97 10
    endloop
  endfacet
  facet normal -0.898217 0.439553 0
    outer loop
      vertex 303.664 321.876 2.3
      vertex 303.71 321.97 10
      vertex 303.71 321.97 2.3
    endloop
  endfacet
  facet normal -0.898217 0.439553 0
    outer loop
      vertex 303.71 321.97 10
      vertex 303.664 321.876 2.3
      vertex 303.664 321.876 10
    endloop
  endfacet
  facet normal 0.525696 0.850672 -0
    outer loop
      vertex 301.59 321.281 2.3
      vertex 301.501 321.336 10
      vertex 301.59 321.281 10
    endloop
  endfacet
  facet normal 0.525696 0.850672 0
    outer loop
      vertex 301.501 321.336 10
      vertex 301.59 321.281 2.3
      vertex 301.501 321.336 2.3
    endloop
  endfacet
  facet normal 0.697488 0.716597 -0
    outer loop
      vertex 301.336 321.465 2.3
      vertex 301.261 321.538 10
      vertex 301.336 321.465 10
    endloop
  endfacet
  facet normal 0.697488 0.716597 0
    outer loop
      vertex 301.261 321.538 10
      vertex 301.336 321.465 2.3
      vertex 301.261 321.538 2.3
    endloop
  endfacet
  facet normal 0.868243 0.496139 0
    outer loop
      vertex 301.068 321.785 10
      vertex 301.016 321.876 2.3
      vertex 301.016 321.876 10
    endloop
  endfacet
  facet normal 0.868243 0.496139 0
    outer loop
      vertex 301.016 321.876 2.3
      vertex 301.068 321.785 10
      vertex 301.068 321.785 2.3
    endloop
  endfacet
  facet normal 0.985071 0.172148 0
    outer loop
      vertex 300.873 322.268 10
      vertex 300.855 322.371 2.3
      vertex 300.855 322.371 10
    endloop
  endfacet
  facet normal 0.985071 0.172148 0
    outer loop
      vertex 300.855 322.371 2.3
      vertex 300.873 322.268 10
      vertex 300.873 322.268 2.3
    endloop
  endfacet
  facet normal 0.994453 0.105183 0
    outer loop
      vertex 300.855 322.371 10
      vertex 300.844 322.475 2.3
      vertex 300.844 322.475 10
    endloop
  endfacet
  facet normal 0.994453 0.105183 0
    outer loop
      vertex 300.844 322.475 2.3
      vertex 300.855 322.371 10
      vertex 300.855 322.371 2.3
    endloop
  endfacet
  facet normal -0.994453 0.105183 0
    outer loop
      vertex 303.825 322.371 2.3
      vertex 303.836 322.475 10
      vertex 303.836 322.475 2.3
    endloop
  endfacet
  facet normal -0.994453 0.105183 0
    outer loop
      vertex 303.836 322.475 10
      vertex 303.825 322.371 2.3
      vertex 303.825 322.371 10
    endloop
  endfacet
  facet normal -0.83205 0.5547 0
    outer loop
      vertex 303.554 321.698 2.3
      vertex 303.612 321.785 10
      vertex 303.612 321.785 2.3
    endloop
  endfacet
  facet normal -0.83205 0.5547 0
    outer loop
      vertex 303.612 321.785 10
      vertex 303.554 321.698 2.3
      vertex 303.554 321.698 10
    endloop
  endfacet
  facet normal -0.783658 0.621192 0
    outer loop
      vertex 303.489 321.616 2.3
      vertex 303.554 321.698 10
      vertex 303.554 321.698 2.3
    endloop
  endfacet
  facet normal -0.783658 0.621192 0
    outer loop
      vertex 303.554 321.698 10
      vertex 303.489 321.616 2.3
      vertex 303.489 321.616 10
    endloop
  endfacet
  facet normal -0.697488 0.716597 0
    outer loop
      vertex 303.419 321.538 2.3
      vertex 303.344 321.465 10
      vertex 303.419 321.538 10
    endloop
  endfacet
  facet normal -0.697488 0.716597 0
    outer loop
      vertex 303.344 321.465 10
      vertex 303.419 321.538 2.3
      vertex 303.344 321.465 2.3
    endloop
  endfacet
  facet normal 0 1 -0
    outer loop
      vertex 302.392 321.081 2.3
      vertex 302.288 321.081 10
      vertex 302.392 321.081 10
    endloop
  endfacet
  facet normal 0 1 0
    outer loop
      vertex 302.288 321.081 10
      vertex 302.392 321.081 2.3
      vertex 302.288 321.081 2.3
    endloop
  endfacet
  facet normal 0.144111 0.989562 -0
    outer loop
      vertex 302.183 321.088 2.3
      vertex 302.08 321.103 10
      vertex 302.183 321.088 10
    endloop
  endfacet
  facet normal 0.144111 0.989562 0
    outer loop
      vertex 302.08 321.103 10
      vertex 302.183 321.088 2.3
      vertex 302.08 321.103 2.3
    endloop
  endfacet
  facet normal 0.344817 0.93867 -0
    outer loop
      vertex 301.876 321.153 2.3
      vertex 301.778 321.189 10
      vertex 301.876 321.153 10
    endloop
  endfacet
  facet normal 0.344817 0.93867 0
    outer loop
      vertex 301.778 321.189 10
      vertex 301.876 321.153 2.3
      vertex 301.778 321.189 2.3
    endloop
  endfacet
  facet normal 0.47009 0.882618 -0
    outer loop
      vertex 301.682 321.232 2.3
      vertex 301.59 321.281 10
      vertex 301.682 321.232 10
    endloop
  endfacet
  facet normal 0.47009 0.882618 0
    outer loop
      vertex 301.59 321.281 10
      vertex 301.682 321.232 2.3
      vertex 301.59 321.281 2.3
    endloop
  endfacet
  facet normal 0.637373 0.770555 -0
    outer loop
      vertex 301.417 321.398 2.3
      vertex 301.336 321.465 10
      vertex 301.417 321.398 10
    endloop
  endfacet
  facet normal 0.637373 0.770555 0
    outer loop
      vertex 301.336 321.465 10
      vertex 301.417 321.398 2.3
      vertex 301.336 321.465 2.3
    endloop
  endfacet
  facet normal 0.744242 0.66791 0
    outer loop
      vertex 301.261 321.538 10
      vertex 301.191 321.616 2.3
      vertex 301.191 321.616 10
    endloop
  endfacet
  facet normal 0.744242 0.66791 0
    outer loop
      vertex 301.191 321.616 2.3
      vertex 301.261 321.538 10
      vertex 301.261 321.538 2.3
    endloop
  endfacet
  facet normal 0.898217 0.439553 0
    outer loop
      vertex 301.016 321.876 10
      vertex 300.97 321.97 2.3
      vertex 300.97 321.97 10
    endloop
  endfacet
  facet normal 0.898217 0.439553 0
    outer loop
      vertex 300.97 321.97 2.3
      vertex 301.016 321.876 10
      vertex 301.016 321.876 2.3
    endloop
  endfacet
  facet normal 0.924481 0.381229 0
    outer loop
      vertex 300.97 321.97 10
      vertex 300.93 322.067 2.3
      vertex 300.93 322.067 10
    endloop
  endfacet
  facet normal 0.924481 0.381229 0
    outer loop
      vertex 300.93 322.067 2.3
      vertex 300.97 321.97 10
      vertex 300.97 321.97 2.3
    endloop
  endfacet
  facet normal -0.525696 0.850672 0
    outer loop
      vertex 303.179 321.336 2.3
      vertex 303.09 321.281 10
      vertex 303.179 321.336 10
    endloop
  endfacet
  facet normal -0.525696 0.850672 0
    outer loop
      vertex 303.09 321.281 10
      vertex 303.179 321.336 2.3
      vertex 303.09 321.281 2.3
    endloop
  endfacet
  facet normal 0.208881 0.977941 -0
    outer loop
      vertex 302.08 321.103 2.3
      vertex 301.977 321.125 10
      vertex 302.08 321.103 10
    endloop
  endfacet
  facet normal 0.208881 0.977941 0
    outer loop
      vertex 301.977 321.125 10
      vertex 302.08 321.103 2.3
      vertex 301.977 321.125 2.3
    endloop
  endfacet
  facet normal 0.408783 0.912632 -0
    outer loop
      vertex 301.778 321.189 2.3
      vertex 301.682 321.232 10
      vertex 301.778 321.189 10
    endloop
  endfacet
  facet normal 0.408783 0.912632 0
    outer loop
      vertex 301.682 321.232 10
      vertex 301.778 321.189 2.3
      vertex 301.682 321.232 2.3
    endloop
  endfacet
  facet normal 0.593852 0.804574 -0
    outer loop
      vertex 301.501 321.336 2.3
      vertex 301.417 321.398 10
      vertex 301.501 321.336 10
    endloop
  endfacet
  facet normal 0.593852 0.804574 0
    outer loop
      vertex 301.417 321.398 10
      vertex 301.501 321.336 2.3
      vertex 301.417 321.398 2.3
    endloop
  endfacet
  facet normal -0.637373 0.770555 0
    outer loop
      vertex 303.344 321.465 2.3
      vertex 303.263 321.398 10
      vertex 303.344 321.465 10
    endloop
  endfacet
  facet normal -0.637373 0.770555 0
    outer loop
      vertex 303.263 321.398 10
      vertex 303.344 321.465 2.3
      vertex 303.263 321.398 2.3
    endloop
  endfacet
  facet normal -0.593852 0.804574 0
    outer loop
      vertex 303.263 321.398 2.3
      vertex 303.179 321.336 10
      vertex 303.263 321.398 10
    endloop
  endfacet
  facet normal -0.593852 0.804574 0
    outer loop
      vertex 303.179 321.336 10
      vertex 303.263 321.398 2.3
      vertex 303.179 321.336 2.3
    endloop
  endfacet
  facet normal 0.267152 0.963654 -0
    outer loop
      vertex 301.977 321.125 2.3
      vertex 301.876 321.153 10
      vertex 301.977 321.125 10
    endloop
  endfacet
  facet normal 0.267152 0.963654 0
    outer loop
      vertex 301.876 321.153 10
      vertex 301.977 321.125 2.3
      vertex 301.876 321.153 2.3
    endloop
  endfacet
  facet normal -0.790259 -0.0245858 -0.612279
    outer loop
      vertex 305.615 322.805 0
      vertex 305.622 322.58 0
      vertex 303.84 322.58 2.3
    endloop
  endfacet
  facet normal -0.785985 -0.0842127 -0.612483
    outer loop
      vertex 305.591 323.033 0
      vertex 305.615 322.809 0
      vertex 303.836 322.685 2.3
    endloop
  endfacet
  facet normal -0.55931 -0.55931 -0.611837
    outer loop
      vertex 303.344 323.695 2.3
      vertex 304.533 325.022 0
      vertex 304.536 325.019 0
    endloop
  endfacet
  facet normal -0.504016 -0.609333 -0.612113
    outer loop
      vertex 304.533 325.022 0
      vertex 303.344 323.695 2.3
      vertex 303.263 323.762 2.3
    endloop
  endfacet
  facet normal 0.586445 -0.530259 -0.612297
    outer loop
      vertex 299.979 324.86 0
      vertex 301.261 323.622 2.3
      vertex 299.828 324.693 0
    endloop
  endfacet
  facet normal 0.588343 -0.528 -0.612428
    outer loop
      vertex 301.191 323.544 2.3
      vertex 299.828 324.693 0
      vertex 301.261 323.622 2.3
    endloop
  endfacet
  facet normal 0.559643 -0.559643 -0.611228
    outer loop
      vertex 299.828 324.693 0
      vertex 301.191 323.544 2.3
      vertex 299.825 324.69 0
    endloop
  endfacet
  facet normal 0.79002 -0.0280896 -0.612437
    outer loop
      vertex 299.065 322.805 0
      vertex 300.84 322.58 2.3
      vertex 299.057 322.58 0
    endloop
  endfacet
  facet normal 0.730836 0.301376 -0.612415
    outer loop
      vertex 300.97 321.97 2.3
      vertex 299.34 321.249 0
      vertex 300.93 322.067 2.3
    endloop
  endfacet
  facet normal 0.771064 0.192766 -0.606878
    outer loop
      vertex 299.34 321.249 0
      vertex 300.97 321.97 2.3
      vertex 299.341 321.245 0
    endloop
  endfacet
  facet normal -0.731866 -0.29908 -0.61231
    outer loop
      vertex 305.34 323.911 0
      vertex 305.425 323.703 0
      vertex 303.75 323.093 2.3
    endloop
  endfacet
  facet normal 0.684683 -0.395281 -0.612342
    outer loop
      vertex 299.556 324.319 0
      vertex 301.068 323.375 2.3
      vertex 299.444 324.125 0
    endloop
  endfacet
  facet normal 0.785985 -0.0842127 -0.612483
    outer loop
      vertex 299.089 323.033 0
      vertex 300.844 322.685 2.3
      vertex 299.065 322.809 0
    endloop
  endfacet
  facet normal 0.550175 0.567809 -0.612292
    outer loop
      vertex 301.261 321.538 2.3
      vertex 300.14 320.144 0
      vertex 299.979 320.3 0
    endloop
  endfacet
  facet normal -0.586445 0.530259 -0.612297
    outer loop
      vertex 304.852 320.467 0
      vertex 304.701 320.3 0
      vertex 303.419 321.538 2.3
    endloop
  endfacet
  facet normal 0 0.794828 -0.606834
    outer loop
      vertex 302.906 319.347 0
      vertex 302.6 321.103 2.3
      vertex 302.91 319.347 0
    endloop
  endfacet
  facet normal -0.113925 0.782285 -0.612414
    outer loop
      vertex 302.6 321.103 2.3
      vertex 302.906 319.347 0
      vertex 302.497 321.088 2.3
    endloop
  endfacet
  facet normal -0.269934 -0.743195 -0.612206
    outer loop
      vertex 303.358 325.7 0
      vertex 303.57 325.623 0
      vertex 302.902 323.971 2.3
    endloop
  endfacet
  facet normal -0.418049 -0.670985 -0.612384
    outer loop
      vertex 303.981 325.423 0
      vertex 304.172 325.304 0
      vertex 303.09 323.879 2.3
    endloop
  endfacet
  facet normal 0.355876 -0.711752 -0.605608
    outer loop
      vertex 301.326 325.702 0
      vertex 301.778 323.971 2.3
      vertex 301.322 325.7 0
    endloop
  endfacet
  facet normal 0.272652 -0.742221 -0.612184
    outer loop
      vertex 301.778 323.971 2.3
      vertex 301.326 325.702 0
      vertex 301.876 324.007 2.3
    endloop
  endfacet
  facet normal -0.684683 -0.395281 -0.612342
    outer loop
      vertex 305.124 324.319 0
      vertex 305.236 324.125 0
      vertex 303.612 323.375 2.3
    endloop
  endfacet
  facet normal -0.778509 -0.137384 -0.612413
    outer loop
      vertex 305.551 323.262 0
      vertex 305.59 323.041 0
      vertex 303.807 322.892 2.3
    endloop
  endfacet
  facet normal -0.65565 0.441775 -0.612338
    outer loop
      vertex 305.124 320.841 0
      vertex 304.998 320.654 0
      vertex 303.612 321.785 2.3
    endloop
  endfacet
  facet normal -0.786152 0.0831507 -0.612413
    outer loop
      vertex 305.591 322.128 0
      vertex 303.825 322.371 2.3
      vertex 303.836 322.475 2.3
    endloop
  endfacet
  facet normal -0.793162 0 -0.609011
    outer loop
      vertex 303.825 322.371 2.3
      vertex 305.591 322.128 0
      vertex 305.591 322.123 0
    endloop
  endfacet
  facet normal 0.65565 -0.441775 -0.612338
    outer loop
      vertex 299.682 324.506 0
      vertex 301.068 323.375 2.3
      vertex 299.556 324.319 0
    endloop
  endfacet
  facet normal 0.474519 -0.632691 -0.611991
    outer loop
      vertex 300.508 325.304 0
      vertex 301.501 323.824 2.3
      vertex 300.504 325.301 0
    endloop
  endfacet
  facet normal 0.415649 -0.672595 -0.612252
    outer loop
      vertex 301.501 323.824 2.3
      vertex 300.508 325.304 0
      vertex 301.59 323.879 2.3
    endloop
  endfacet
  facet normal 0.550175 -0.567809 -0.612292
    outer loop
      vertex 300.14 325.016 0
      vertex 301.261 323.622 2.3
      vertex 299.979 324.86 0
    endloop
  endfacet
  facet normal 0.731866 -0.29908 -0.61231
    outer loop
      vertex 299.34 323.911 0
      vertex 300.93 323.093 2.3
      vertex 299.255 323.703 0
    endloop
  endfacet
  facet normal 0.76836 -0.19209 -0.610512
    outer loop
      vertex 300.93 323.093 2.3
      vertex 299.254 323.699 0
      vertex 299.255 323.703 0
    endloop
  endfacet
  facet normal 0.753055 -0.240978 -0.61224
    outer loop
      vertex 299.254 323.699 0
      vertex 300.93 323.093 2.3
      vertex 300.898 322.993 2.3
    endloop
  endfacet
  facet normal 0.778509 -0.137384 -0.612413
    outer loop
      vertex 299.129 323.262 0
      vertex 300.873 322.892 2.3
      vertex 299.09 323.041 0
    endloop
  endfacet
  facet normal 0.475058 0.633411 -0.610828
    outer loop
      vertex 300.14 320.144 0
      vertex 301.336 321.465 2.3
      vertex 300.144 320.141 0
    endloop
  endfacet
  facet normal 0.5515 0.566609 -0.612211
    outer loop
      vertex 301.336 321.465 2.3
      vertex 300.14 320.144 0
      vertex 301.261 321.538 2.3
    endloop
  endfacet
  facet normal 0.65793 0.43862 -0.612161
    outer loop
      vertex 301.126 321.698 2.3
      vertex 299.682 320.654 0
      vertex 301.068 321.785 2.3
    endloop
  endfacet
  facet normal 0.65793 0.43862 -0.612161
    outer loop
      vertex 299.682 320.654 0
      vertex 301.126 321.698 2.3
      vertex 299.684 320.651 0
    endloop
  endfacet
  facet normal 0.778509 0.137384 -0.612413
    outer loop
      vertex 300.873 322.268 2.3
      vertex 299.129 321.898 0
      vertex 299.09 322.119 0
    endloop
  endfacet
  facet normal 0 0.790498 -0.612464
    outer loop
      vertex 302.455 319.299 0
      vertex 302.288 321.081 2.3
      vertex 302.392 321.081 2.3
    endloop
  endfacet
  facet normal 0 0.790498 -0.612464
    outer loop
      vertex 302.288 321.081 2.3
      vertex 302.455 319.299 0
      vertex 302.225 319.299 0
    endloop
  endfacet
  facet normal 0.218106 0.759854 -0.612414
    outer loop
      vertex 301.977 321.125 2.3
      vertex 301.546 319.395 0
      vertex 301.33 319.457 0
    endloop
  endfacet
  facet normal -0.465903 0.638851 -0.612212
    outer loop
      vertex 304.357 319.991 0
      vertex 304.176 319.859 0
      vertex 303.179 321.336 2.3
    endloop
  endfacet
  facet normal -0.218106 -0.759854 -0.612414
    outer loop
      vertex 303.134 325.765 0
      vertex 303.35 325.703 0
      vertex 302.703 324.035 2.3
    endloop
  endfacet
  facet normal -0.165157 -0.773075 -0.612436
    outer loop
      vertex 302.914 325.812 0
      vertex 303.134 325.765 0
      vertex 302.703 324.035 2.3
    endloop
  endfacet
  facet normal -0.320796 -0.722672 -0.612238
    outer loop
      vertex 303.57 325.623 0
      vertex 303.775 325.532 0
      vertex 302.902 323.971 2.3
    endloop
  endfacet
  facet normal 0.218106 -0.759854 -0.612414
    outer loop
      vertex 301.546 325.765 0
      vertex 301.977 324.035 2.3
      vertex 301.33 325.703 0
    endloop
  endfacet
  facet normal 0.165157 -0.773075 -0.612436
    outer loop
      vertex 301.766 325.812 0
      vertex 301.977 324.035 2.3
      vertex 301.546 325.765 0
    endloop
  endfacet
  facet normal 0.192002 -0.768007 -0.610983
    outer loop
      vertex 301.77 325.813 0
      vertex 301.977 324.035 2.3
      vertex 301.766 325.812 0
    endloop
  endfacet
  facet normal 0.165119 -0.773058 -0.612468
    outer loop
      vertex 301.977 324.035 2.3
      vertex 301.77 325.813 0
      vertex 302.08 324.057 2.3
    endloop
  endfacet
  facet normal 0.194012 -0.776049 -0.600089
    outer loop
      vertex 302.225 325.861 0
      vertex 302.183 324.072 2.3
      vertex 302.221 325.86 0
    endloop
  endfacet
  facet normal 0.0525805 -0.788707 -0.612517
    outer loop
      vertex 302.183 324.072 2.3
      vertex 302.225 325.861 0
      vertex 302.288 324.079 2.3
    endloop
  endfacet
  facet normal -0.0528228 -0.788821 -0.61235
    outer loop
      vertex 302.683 325.845 0
      vertex 302.497 324.072 2.3
      vertex 302.459 325.86 0
    endloop
  endfacet
  facet normal -0.766755 -0.192564 -0.612378
    outer loop
      vertex 305.496 323.481 0
      vertex 305.551 323.262 0
      vertex 303.807 322.892 2.3
    endloop
  endfacet
  facet normal -0.707288 -0.353644 -0.612111
    outer loop
      vertex 305.339 323.915 0
      vertex 303.664 323.284 2.3
      vertex 305.337 323.919 0
    endloop
  endfacet
  facet normal -0.710058 -0.347475 -0.612437
    outer loop
      vertex 303.664 323.284 2.3
      vertex 305.339 323.915 0
      vertex 303.71 323.19 2.3
    endloop
  endfacet
  facet normal -0.586445 -0.530259 -0.612297
    outer loop
      vertex 304.701 324.86 0
      vertex 304.852 324.693 0
      vertex 303.419 323.622 2.3
    endloop
  endfacet
  facet normal -0.415649 -0.672595 -0.612252
    outer loop
      vertex 304.172 325.304 0
      vertex 303.179 323.824 2.3
      vertex 303.09 323.879 2.3
    endloop
  endfacet
  facet normal -0.474519 -0.632691 -0.611991
    outer loop
      vertex 303.179 323.824 2.3
      vertex 304.172 325.304 0
      vertex 304.176 325.301 0
    endloop
  endfacet
  facet normal -0.370389 -0.698449 -0.612357
    outer loop
      vertex 303.783 325.528 0
      vertex 303.981 325.423 0
      vertex 303.09 323.879 2.3
    endloop
  endfacet
  facet normal -0.753055 0.240978 -0.61224
    outer loop
      vertex 305.426 321.461 0
      vertex 303.75 322.067 2.3
      vertex 303.782 322.167 2.3
    endloop
  endfacet
  facet normal -0.76836 0.19209 -0.610512
    outer loop
      vertex 303.75 322.067 2.3
      vertex 305.426 321.461 0
      vertex 305.425 321.457 0
    endloop
  endfacet
  facet normal -0.752463 0.242617 -0.61232
    outer loop
      vertex 305.495 321.675 0
      vertex 305.426 321.461 0
      vertex 303.782 322.167 2.3
    endloop
  endfacet
  facet normal -0.790259 0.0245858 -0.612279
    outer loop
      vertex 305.622 322.58 0
      vertex 305.615 322.355 0
      vertex 303.84 322.58 2.3
    endloop
  endfacet
  facet normal 0.623424 -0.48606 -0.612444
    outer loop
      vertex 299.825 324.69 0
      vertex 301.191 323.544 2.3
      vertex 299.687 324.513 0
    endloop
  endfacet
  facet normal 0.269934 -0.743195 -0.612206
    outer loop
      vertex 301.322 325.7 0
      vertex 301.778 323.971 2.3
      vertex 301.11 325.623 0
    endloop
  endfacet
  facet normal 0.320796 -0.722672 -0.612238
    outer loop
      vertex 301.11 325.623 0
      vertex 301.778 323.971 2.3
      vertex 300.905 325.532 0
    endloop
  endfacet
  facet normal 0.418049 -0.670985 -0.612384
    outer loop
      vertex 300.699 325.423 0
      vertex 301.59 323.879 2.3
      vertex 300.508 325.304 0
    endloop
  endfacet
  facet normal 0.509521 -0.604397 -0.612448
    outer loop
      vertex 300.319 325.167 0
      vertex 301.417 323.762 2.3
      vertex 300.147 325.022 0
    endloop
  endfacet
  facet normal 0.65793 -0.43862 -0.612161
    outer loop
      vertex 301.126 323.462 2.3
      vertex 299.682 324.506 0
      vertex 299.684 324.509 0
    endloop
  endfacet
  facet normal 0.65793 -0.43862 -0.612161
    outer loop
      vertex 299.682 324.506 0
      vertex 301.126 323.462 2.3
      vertex 301.068 323.375 2.3
    endloop
  endfacet
  facet normal 0.706156 -0.353078 -0.613742
    outer loop
      vertex 301.068 323.375 2.3
      vertex 299.442 324.121 0
      vertex 299.444 324.125 0
    endloop
  endfacet
  facet normal 0.686362 -0.392207 -0.612439
    outer loop
      vertex 299.442 324.121 0
      vertex 301.068 323.375 2.3
      vertex 301.016 323.284 2.3
    endloop
  endfacet
  facet normal 0.709872 -0.347907 -0.612407
    outer loop
      vertex 299.442 324.121 0
      vertex 301.016 323.284 2.3
      vertex 299.343 323.919 0
    endloop
  endfacet
  facet normal 0.790998 0 -0.611819
    outer loop
      vertex 300.844 322.685 2.3
      vertex 299.065 322.805 0
      vertex 299.065 322.809 0
    endloop
  endfacet
  facet normal 0.789879 -0.0300906 -0.612524
    outer loop
      vertex 299.065 322.805 0
      vertex 300.844 322.685 2.3
      vertex 300.84 322.58 2.3
    endloop
  endfacet
  facet normal 0.769496 -0.192374 -0.608989
    outer loop
      vertex 300.873 322.892 2.3
      vertex 299.089 323.037 0
      vertex 299.09 323.041 0
    endloop
  endfacet
  facet normal 0.778643 -0.136074 -0.612535
    outer loop
      vertex 299.089 323.037 0
      vertex 300.873 322.892 2.3
      vertex 300.855 322.789 2.3
    endloop
  endfacet
  facet normal 0.766755 -0.192564 -0.612378
    outer loop
      vertex 299.184 323.481 0
      vertex 300.873 322.892 2.3
      vertex 299.129 323.262 0
    endloop
  endfacet
  facet normal 0.370389 0.698449 -0.612357
    outer loop
      vertex 301.59 321.281 2.3
      vertex 300.897 319.632 0
      vertex 300.699 319.737 0
    endloop
  endfacet
  facet normal 0.586445 0.530259 -0.612297
    outer loop
      vertex 301.261 321.538 2.3
      vertex 299.979 320.3 0
      vertex 299.828 320.467 0
    endloop
  endfacet
  facet normal 0.65565 0.441775 -0.612338
    outer loop
      vertex 301.068 321.785 2.3
      vertex 299.682 320.654 0
      vertex 299.556 320.841 0
    endloop
  endfacet
  facet normal 0.0528228 0.788821 -0.61235
    outer loop
      vertex 302.183 321.088 2.3
      vertex 302.221 319.3 0
      vertex 301.997 319.315 0
    endloop
  endfacet
  facet normal 0.269934 0.743195 -0.612206
    outer loop
      vertex 301.778 321.189 2.3
      vertex 301.322 319.46 0
      vertex 301.11 319.537 0
    endloop
  endfacet
  facet normal -0.550175 0.567809 -0.612292
    outer loop
      vertex 304.701 320.3 0
      vertex 304.54 320.144 0
      vertex 303.419 321.538 2.3
    endloop
  endfacet
  facet normal -0.320796 0.722672 -0.612238
    outer loop
      vertex 303.775 319.628 0
      vertex 303.57 319.537 0
      vertex 302.902 321.189 2.3
    endloop
  endfacet
  facet normal -0.272652 -0.742221 -0.612184
    outer loop
      vertex 303.354 325.702 0
      vertex 302.902 323.971 2.3
      vertex 302.804 324.007 2.3
    endloop
  endfacet
  facet normal -0.355876 -0.711752 -0.605608
    outer loop
      vertex 302.902 323.971 2.3
      vertex 303.354 325.702 0
      vertex 303.358 325.7 0
    endloop
  endfacet
  facet normal -0.113925 -0.782285 -0.612414
    outer loop
      vertex 302.906 325.813 0
      vertex 302.6 324.057 2.3
      vertex 302.497 324.072 2.3
    endloop
  endfacet
  facet normal 0 -0.794828 -0.606834
    outer loop
      vertex 302.6 324.057 2.3
      vertex 302.906 325.813 0
      vertex 302.91 325.813 0
    endloop
  endfacet
  facet normal 0.112298 -0.782575 -0.612345
    outer loop
      vertex 301.997 325.845 0
      vertex 302.183 324.072 2.3
      vertex 301.774 325.813 0
    endloop
  endfacet
  facet normal 0.0528228 -0.788821 -0.61235
    outer loop
      vertex 302.221 325.86 0
      vertex 302.183 324.072 2.3
      vertex 301.997 325.845 0
    endloop
  endfacet
  facet normal -0 -0.794828 -0.606834
    outer loop
      vertex 301.774 325.813 0
      vertex 302.08 324.057 2.3
      vertex 301.77 325.813 0
    endloop
  endfacet
  facet normal 0.113925 -0.782285 -0.612414
    outer loop
      vertex 302.08 324.057 2.3
      vertex 301.774 325.813 0
      vertex 302.183 324.072 2.3
    endloop
  endfacet
  facet normal -0.0525805 -0.788707 -0.612517
    outer loop
      vertex 302.455 325.861 0
      vertex 302.497 324.072 2.3
      vertex 302.392 324.079 2.3
    endloop
  endfacet
  facet normal -0.194012 -0.776049 -0.600089
    outer loop
      vertex 302.497 324.072 2.3
      vertex 302.455 325.861 0
      vertex 302.459 325.86 0
    endloop
  endfacet
  facet normal -0.112298 -0.782575 -0.612345
    outer loop
      vertex 302.683 325.845 0
      vertex 302.906 325.813 0
      vertex 302.497 324.072 2.3
    endloop
  endfacet
  facet normal -0.790998 0 -0.611819
    outer loop
      vertex 305.615 322.805 0
      vertex 303.836 322.685 2.3
      vertex 305.615 322.809 0
    endloop
  endfacet
  facet normal -0.789879 -0.0300906 -0.612524
    outer loop
      vertex 303.836 322.685 2.3
      vertex 305.615 322.805 0
      vertex 303.84 322.58 2.3
    endloop
  endfacet
  facet normal -0.767028 -0.191757 -0.612288
    outer loop
      vertex 305.496 323.481 0
      vertex 303.782 322.993 2.3
      vertex 305.495 323.485 0
    endloop
  endfacet
  facet normal -0.767495 -0.189974 -0.612259
    outer loop
      vertex 303.782 322.993 2.3
      vertex 305.496 323.481 0
      vertex 303.807 322.892 2.3
    endloop
  endfacet
  facet normal -0.752463 -0.242617 -0.61232
    outer loop
      vertex 305.426 323.699 0
      vertex 305.495 323.485 0
      vertex 303.782 322.993 2.3
    endloop
  endfacet
  facet normal -0.65565 -0.441775 -0.612338
    outer loop
      vertex 304.998 324.506 0
      vertex 305.124 324.319 0
      vertex 303.612 323.375 2.3
    endloop
  endfacet
  facet normal -0.771064 -0.192766 -0.606878
    outer loop
      vertex 305.34 323.911 0
      vertex 303.71 323.19 2.3
      vertex 305.339 323.915 0
    endloop
  endfacet
  facet normal -0.730836 -0.301376 -0.612415
    outer loop
      vertex 303.71 323.19 2.3
      vertex 305.34 323.911 0
      vertex 303.75 323.093 2.3
    endloop
  endfacet
  facet normal -0.632053 -0.474039 -0.613022
    outer loop
      vertex 304.996 324.509 0
      vertex 303.489 323.544 2.3
      vertex 304.993 324.513 0
    endloop
  endfacet
  facet normal -0.619686 -0.491214 -0.612126
    outer loop
      vertex 303.489 323.544 2.3
      vertex 304.996 324.509 0
      vertex 303.554 323.462 2.3
    endloop
  endfacet
  facet normal -0.550175 -0.567809 -0.612292
    outer loop
      vertex 304.54 325.016 0
      vertex 304.701 324.86 0
      vertex 303.419 323.622 2.3
    endloop
  endfacet
  facet normal -0.509521 -0.604397 -0.612448
    outer loop
      vertex 304.361 325.167 0
      vertex 304.533 325.022 0
      vertex 303.263 323.762 2.3
    endloop
  endfacet
  facet normal -0.469468 -0.636053 -0.612402
    outer loop
      vertex 304.357 325.169 0
      vertex 303.263 323.762 2.3
      vertex 303.179 323.824 2.3
    endloop
  endfacet
  facet normal -0.356076 -0.712152 -0.60502
    outer loop
      vertex 303.263 323.762 2.3
      vertex 304.357 325.169 0
      vertex 304.361 325.167 0
    endloop
  endfacet
  facet normal -0.465903 -0.638851 -0.612212
    outer loop
      vertex 304.176 325.301 0
      vertex 304.357 325.169 0
      vertex 303.179 323.824 2.3
    endloop
  endfacet
  facet normal -0.371676 -0.697841 -0.61227
    outer loop
      vertex 303.779 325.53 0
      vertex 303.09 323.879 2.3
      vertex 302.998 323.928 2.3
    endloop
  endfacet
  facet normal -0.353311 -0.706622 -0.613071
    outer loop
      vertex 303.09 323.879 2.3
      vertex 303.779 325.53 0
      vertex 303.783 325.528 0
    endloop
  endfacet
  facet normal -0.323177 -0.721512 -0.612354
    outer loop
      vertex 303.775 325.532 0
      vertex 302.998 323.928 2.3
      vertex 302.902 323.971 2.3
    endloop
  endfacet
  facet normal -0.353511 -0.707021 -0.612496
    outer loop
      vertex 302.998 323.928 2.3
      vertex 303.775 325.532 0
      vertex 303.779 325.53 0
    endloop
  endfacet
  facet normal -0.619686 0.491214 -0.612126
    outer loop
      vertex 304.996 320.651 0
      vertex 303.489 321.616 2.3
      vertex 303.554 321.698 2.3
    endloop
  endfacet
  facet normal -0.632053 0.474039 -0.613022
    outer loop
      vertex 303.489 321.616 2.3
      vertex 304.996 320.651 0
      vertex 304.993 320.647 0
    endloop
  endfacet
  facet normal -0.65793 0.43862 -0.612161
    outer loop
      vertex 304.998 320.654 0
      vertex 303.554 321.698 2.3
      vertex 303.612 321.785 2.3
    endloop
  endfacet
  facet normal -0.65793 0.43862 -0.612161
    outer loop
      vertex 303.554 321.698 2.3
      vertex 304.998 320.654 0
      vertex 304.996 320.651 0
    endloop
  endfacet
  facet normal -0.684683 0.395281 -0.612342
    outer loop
      vertex 305.236 321.035 0
      vertex 305.124 320.841 0
      vertex 303.612 321.785 2.3
    endloop
  endfacet
  facet normal -0.767495 0.189974 -0.612259
    outer loop
      vertex 305.496 321.679 0
      vertex 303.782 322.167 2.3
      vertex 303.807 322.268 2.3
    endloop
  endfacet
  facet normal -0.767028 0.191757 -0.612288
    outer loop
      vertex 303.782 322.167 2.3
      vertex 305.496 321.679 0
      vertex 305.495 321.675 0
    endloop
  endfacet
  facet normal -0.766755 0.192564 -0.612378
    outer loop
      vertex 305.551 321.898 0
      vertex 305.496 321.679 0
      vertex 303.807 322.268 2.3
    endloop
  endfacet
  facet normal 0.191894 -0.767576 -0.611558
    outer loop
      vertex 301.33 325.703 0
      vertex 301.876 324.007 2.3
      vertex 301.326 325.702 0
    endloop
  endfacet
  facet normal 0.211262 -0.762052 -0.612082
    outer loop
      vertex 301.876 324.007 2.3
      vertex 301.33 325.703 0
      vertex 301.977 324.035 2.3
    endloop
  endfacet
  facet normal 0.370389 -0.698449 -0.612357
    outer loop
      vertex 300.897 325.528 0
      vertex 301.59 323.879 2.3
      vertex 300.699 325.423 0
    endloop
  endfacet
  facet normal 0.356076 -0.712152 -0.60502
    outer loop
      vertex 300.323 325.169 0
      vertex 301.417 323.762 2.3
      vertex 300.319 325.167 0
    endloop
  endfacet
  facet normal 0.469468 -0.636053 -0.612402
    outer loop
      vertex 301.417 323.762 2.3
      vertex 300.323 325.169 0
      vertex 301.501 323.824 2.3
    endloop
  endfacet
  facet normal 0.465903 -0.638851 -0.612212
    outer loop
      vertex 300.504 325.301 0
      vertex 301.501 323.824 2.3
      vertex 300.323 325.169 0
    endloop
  endfacet
  facet normal 0.504016 -0.609333 -0.612113
    outer loop
      vertex 301.336 323.695 2.3
      vertex 300.147 325.022 0
      vertex 301.417 323.762 2.3
    endloop
  endfacet
  facet normal 0.55931 -0.55931 -0.611837
    outer loop
      vertex 300.147 325.022 0
      vertex 301.336 323.695 2.3
      vertex 300.144 325.019 0
    endloop
  endfacet
  facet normal 0.5515 -0.566609 -0.612211
    outer loop
      vertex 300.14 325.016 0
      vertex 301.336 323.695 2.3
      vertex 301.261 323.622 2.3
    endloop
  endfacet
  facet normal 0.475058 -0.633411 -0.610828
    outer loop
      vertex 301.336 323.695 2.3
      vertex 300.14 325.016 0
      vertex 300.144 325.019 0
    endloop
  endfacet
  facet normal 0.632053 -0.474039 -0.613022
    outer loop
      vertex 301.191 323.544 2.3
      vertex 299.684 324.509 0
      vertex 299.687 324.513 0
    endloop
  endfacet
  facet normal 0.619686 -0.491214 -0.612126
    outer loop
      vertex 299.684 324.509 0
      vertex 301.191 323.544 2.3
      vertex 301.126 323.462 2.3
    endloop
  endfacet
  facet normal 0.771064 -0.192766 -0.606878
    outer loop
      vertex 300.97 323.19 2.3
      vertex 299.34 323.911 0
      vertex 299.341 323.915 0
    endloop
  endfacet
  facet normal 0.730836 -0.301376 -0.612415
    outer loop
      vertex 299.34 323.911 0
      vertex 300.97 323.19 2.3
      vertex 300.93 323.093 2.3
    endloop
  endfacet
  facet normal 0.793162 0 -0.609011
    outer loop
      vertex 300.855 322.789 2.3
      vertex 299.089 323.033 0
      vertex 299.089 323.037 0
    endloop
  endfacet
  facet normal 0.786135 -0.0831489 -0.612436
    outer loop
      vertex 299.089 323.033 0
      vertex 300.855 322.789 2.3
      vertex 300.844 322.685 2.3
    endloop
  endfacet
  facet normal 0.752463 -0.242617 -0.61232
    outer loop
      vertex 299.254 323.699 0
      vertex 300.898 322.993 2.3
      vertex 299.185 323.485 0
    endloop
  endfacet
  facet normal 0.767028 -0.191757 -0.612288
    outer loop
      vertex 300.898 322.993 2.3
      vertex 299.184 323.481 0
      vertex 299.185 323.485 0
    endloop
  endfacet
  facet normal 0.767495 -0.189974 -0.612259
    outer loop
      vertex 299.184 323.481 0
      vertex 300.898 322.993 2.3
      vertex 300.873 322.892 2.3
    endloop
  endfacet
  facet normal 0.415649 0.672595 -0.612252
    outer loop
      vertex 300.508 319.856 0
      vertex 301.501 321.336 2.3
      vertex 301.59 321.281 2.3
    endloop
  endfacet
  facet normal 0.474519 0.632691 -0.611991
    outer loop
      vertex 301.501 321.336 2.3
      vertex 300.508 319.856 0
      vertex 300.504 319.859 0
    endloop
  endfacet
  facet normal 0.418049 0.670985 -0.612384
    outer loop
      vertex 301.59 321.281 2.3
      vertex 300.699 319.737 0
      vertex 300.508 319.856 0
    endloop
  endfacet
  facet normal 0.211262 0.762052 -0.612082
    outer loop
      vertex 301.33 319.457 0
      vertex 301.876 321.153 2.3
      vertex 301.977 321.125 2.3
    endloop
  endfacet
  facet normal 0.191894 0.767576 -0.611558
    outer loop
      vertex 301.876 321.153 2.3
      vertex 301.33 319.457 0
      vertex 301.326 319.458 0
    endloop
  endfacet
  facet normal 0.731866 0.29908 -0.61231
    outer loop
      vertex 300.93 322.067 2.3
      vertex 299.34 321.249 0
      vertex 299.255 321.457 0
    endloop
  endfacet
  facet normal 0.766755 0.192564 -0.612378
    outer loop
      vertex 300.873 322.268 2.3
      vertex 299.184 321.679 0
      vertex 299.129 321.898 0
    endloop
  endfacet
  facet normal 0.786152 0.0831507 -0.612413
    outer loop
      vertex 300.855 322.371 2.3
      vertex 299.089 322.128 0
      vertex 300.844 322.475 2.3
    endloop
  endfacet
  facet normal 0.793162 0 -0.609011
    outer loop
      vertex 299.089 322.128 0
      vertex 300.855 322.371 2.3
      vertex 299.089 322.123 0
    endloop
  endfacet
  facet normal 0.686362 0.392207 -0.612439
    outer loop
      vertex 301.068 321.785 2.3
      vertex 299.442 321.039 0
      vertex 301.016 321.876 2.3
    endloop
  endfacet
  facet normal 0.706156 0.353078 -0.613742
    outer loop
      vertex 299.442 321.039 0
      vertex 301.068 321.785 2.3
      vertex 299.444 321.035 0
    endloop
  endfacet
  facet normal 0.709872 0.347907 -0.612407
    outer loop
      vertex 301.016 321.876 2.3
      vertex 299.442 321.039 0
      vertex 299.343 321.241 0
    endloop
  endfacet
  facet normal 0.619686 0.491214 -0.612126
    outer loop
      vertex 301.191 321.616 2.3
      vertex 299.684 320.651 0
      vertex 301.126 321.698 2.3
    endloop
  endfacet
  facet normal 0.632053 0.474039 -0.613022
    outer loop
      vertex 299.684 320.651 0
      vertex 301.191 321.616 2.3
      vertex 299.687 320.647 0
    endloop
  endfacet
  facet normal -0.165157 0.773075 -0.612436
    outer loop
      vertex 303.134 319.395 0
      vertex 302.914 319.348 0
      vertex 302.703 321.125 2.3
    endloop
  endfacet
  facet normal -0.0528228 0.788821 -0.61235
    outer loop
      vertex 302.497 321.088 2.3
      vertex 302.683 319.315 0
      vertex 302.459 319.3 0
    endloop
  endfacet
  facet normal 0.0525805 0.788707 -0.612517
    outer loop
      vertex 302.225 319.299 0
      vertex 302.183 321.088 2.3
      vertex 302.288 321.081 2.3
    endloop
  endfacet
  facet normal 0.194012 0.776049 -0.600089
    outer loop
      vertex 302.183 321.088 2.3
      vertex 302.225 319.299 0
      vertex 302.221 319.3 0
    endloop
  endfacet
  facet normal 0.165157 0.773075 -0.612436
    outer loop
      vertex 301.977 321.125 2.3
      vertex 301.766 319.348 0
      vertex 301.546 319.395 0
    endloop
  endfacet
  facet normal -0.475058 0.633411 -0.610828
    outer loop
      vertex 303.344 321.465 2.3
      vertex 304.54 320.144 0
      vertex 304.536 320.141 0
    endloop
  endfacet
  facet normal -0.5515 0.566609 -0.612211
    outer loop
      vertex 304.54 320.144 0
      vertex 303.344 321.465 2.3
      vertex 303.419 321.538 2.3
    endloop
  endfacet
  facet normal -0.418049 0.670985 -0.612384
    outer loop
      vertex 304.172 319.856 0
      vertex 303.981 319.737 0
      vertex 303.09 321.281 2.3
    endloop
  endfacet
  facet normal -0.370389 0.698449 -0.612357
    outer loop
      vertex 303.981 319.737 0
      vertex 303.783 319.632 0
      vertex 303.09 321.281 2.3
    endloop
  endfacet
  facet normal -0.353511 0.707021 -0.612496
    outer loop
      vertex 303.775 319.628 0
      vertex 302.998 321.232 2.3
      vertex 303.779 319.63 0
    endloop
  endfacet
  facet normal -0.323177 0.721512 -0.612354
    outer loop
      vertex 302.998 321.232 2.3
      vertex 303.775 319.628 0
      vertex 302.902 321.189 2.3
    endloop
  endfacet
  facet normal -0.165119 -0.773058 -0.612468
    outer loop
      vertex 302.91 325.813 0
      vertex 302.703 324.035 2.3
      vertex 302.6 324.057 2.3
    endloop
  endfacet
  facet normal -0.192002 -0.768007 -0.610983
    outer loop
      vertex 302.703 324.035 2.3
      vertex 302.91 325.813 0
      vertex 302.914 325.812 0
    endloop
  endfacet
  facet normal 0 -0.790498 -0.612464
    outer loop
      vertex 302.225 325.861 0
      vertex 302.392 324.079 2.3
      vertex 302.288 324.079 2.3
    endloop
  endfacet
  facet normal 0 -0.790498 -0.612464
    outer loop
      vertex 302.392 324.079 2.3
      vertex 302.225 325.861 0
      vertex 302.455 325.861 0
    endloop
  endfacet
  facet normal -0.793162 0 -0.609011
    outer loop
      vertex 305.591 323.033 0
      vertex 303.825 322.789 2.3
      vertex 305.591 323.037 0
    endloop
  endfacet
  facet normal -0.786135 -0.0831489 -0.612436
    outer loop
      vertex 303.825 322.789 2.3
      vertex 305.591 323.033 0
      vertex 303.836 322.685 2.3
    endloop
  endfacet
  facet normal -0.769496 -0.192374 -0.608989
    outer loop
      vertex 305.591 323.037 0
      vertex 303.807 322.892 2.3
      vertex 305.59 323.041 0
    endloop
  endfacet
  facet normal -0.778643 -0.136074 -0.612535
    outer loop
      vertex 303.807 322.892 2.3
      vertex 305.591 323.037 0
      vertex 303.825 322.789 2.3
    endloop
  endfacet
  facet normal -0.76836 -0.19209 -0.610512
    outer loop
      vertex 305.426 323.699 0
      vertex 303.75 323.093 2.3
      vertex 305.425 323.703 0
    endloop
  endfacet
  facet normal -0.753055 -0.240978 -0.61224
    outer loop
      vertex 303.75 323.093 2.3
      vertex 305.426 323.699 0
      vertex 303.782 322.993 2.3
    endloop
  endfacet
  facet normal -0.65793 -0.43862 -0.612161
    outer loop
      vertex 304.998 324.506 0
      vertex 303.554 323.462 2.3
      vertex 304.996 324.509 0
    endloop
  endfacet
  facet normal -0.65793 -0.43862 -0.612161
    outer loop
      vertex 303.554 323.462 2.3
      vertex 304.998 324.506 0
      vertex 303.612 323.375 2.3
    endloop
  endfacet
  facet normal -0.706156 -0.353078 -0.613742
    outer loop
      vertex 305.238 324.121 0
      vertex 303.612 323.375 2.3
      vertex 305.236 324.125 0
    endloop
  endfacet
  facet normal -0.686362 -0.392207 -0.612439
    outer loop
      vertex 303.612 323.375 2.3
      vertex 305.238 324.121 0
      vertex 303.664 323.284 2.3
    endloop
  endfacet
  facet normal -0.709872 -0.347907 -0.612407
    outer loop
      vertex 305.238 324.121 0
      vertex 305.337 323.919 0
      vertex 303.664 323.284 2.3
    endloop
  endfacet
  facet normal -0.5515 -0.566609 -0.612211
    outer loop
      vertex 303.344 323.695 2.3
      vertex 304.54 325.016 0
      vertex 303.419 323.622 2.3
    endloop
  endfacet
  facet normal -0.475058 -0.633411 -0.610828
    outer loop
      vertex 304.54 325.016 0
      vertex 303.344 323.695 2.3
      vertex 304.536 325.019 0
    endloop
  endfacet
  facet normal -0.623424 -0.48606 -0.612444
    outer loop
      vertex 304.855 324.69 0
      vertex 304.993 324.513 0
      vertex 303.489 323.544 2.3
    endloop
  endfacet
  facet normal -0.686362 0.392207 -0.612439
    outer loop
      vertex 305.238 321.039 0
      vertex 303.612 321.785 2.3
      vertex 303.664 321.876 2.3
    endloop
  endfacet
  facet normal -0.706156 0.353078 -0.613742
    outer loop
      vertex 303.612 321.785 2.3
      vertex 305.238 321.039 0
      vertex 305.236 321.035 0
    endloop
  endfacet
  facet normal -0.730836 0.301376 -0.612415
    outer loop
      vertex 305.34 321.249 0
      vertex 303.71 321.97 2.3
      vertex 303.75 322.067 2.3
    endloop
  endfacet
  facet normal -0.771064 0.192766 -0.606878
    outer loop
      vertex 303.71 321.97 2.3
      vertex 305.34 321.249 0
      vertex 305.339 321.245 0
    endloop
  endfacet
  facet normal -0.731866 0.29908 -0.61231
    outer loop
      vertex 305.425 321.457 0
      vertex 305.34 321.249 0
      vertex 303.75 322.067 2.3
    endloop
  endfacet
  facet normal -0.778509 0.137384 -0.612413
    outer loop
      vertex 305.59 322.119 0
      vertex 305.551 321.898 0
      vertex 303.807 322.268 2.3
    endloop
  endfacet
  facet normal 0.353511 -0.707021 -0.612496
    outer loop
      vertex 300.905 325.532 0
      vertex 301.682 323.928 2.3
      vertex 300.901 325.53 0
    endloop
  endfacet
  facet normal 0.323177 -0.721512 -0.612354
    outer loop
      vertex 301.682 323.928 2.3
      vertex 300.905 325.532 0
      vertex 301.778 323.971 2.3
    endloop
  endfacet
  facet normal 0.353311 -0.706622 -0.613071
    outer loop
      vertex 300.901 325.53 0
      vertex 301.59 323.879 2.3
      vertex 300.897 325.528 0
    endloop
  endfacet
  facet normal 0.371676 -0.697841 -0.61227
    outer loop
      vertex 301.59 323.879 2.3
      vertex 300.901 325.53 0
      vertex 301.682 323.928 2.3
    endloop
  endfacet
  facet normal 0.707288 -0.353644 -0.612111
    outer loop
      vertex 301.016 323.284 2.3
      vertex 299.341 323.915 0
      vertex 299.343 323.919 0
    endloop
  endfacet
  facet normal 0.710058 -0.347475 -0.612437
    outer loop
      vertex 299.341 323.915 0
      vertex 301.016 323.284 2.3
      vertex 300.97 323.19 2.3
    endloop
  endfacet
  facet normal 0.504016 0.609333 -0.612113
    outer loop
      vertex 300.147 320.138 0
      vertex 301.336 321.465 2.3
      vertex 301.417 321.398 2.3
    endloop
  endfacet
  facet normal 0.55931 0.55931 -0.611837
    outer loop
      vertex 301.336 321.465 2.3
      vertex 300.147 320.138 0
      vertex 300.144 320.141 0
    endloop
  endfacet
  facet normal 0.509521 0.604397 -0.612448
    outer loop
      vertex 301.417 321.398 2.3
      vertex 300.319 319.993 0
      vertex 300.147 320.138 0
    endloop
  endfacet
  facet normal 0.469468 0.636053 -0.612402
    outer loop
      vertex 300.323 319.991 0
      vertex 301.417 321.398 2.3
      vertex 301.501 321.336 2.3
    endloop
  endfacet
  facet normal 0.356076 0.712152 -0.60502
    outer loop
      vertex 301.417 321.398 2.3
      vertex 300.323 319.991 0
      vertex 300.319 319.993 0
    endloop
  endfacet
  facet normal 0.465903 0.638851 -0.612212
    outer loop
      vertex 301.501 321.336 2.3
      vertex 300.504 319.859 0
      vertex 300.323 319.991 0
    endloop
  endfacet
  facet normal 0.320796 0.722672 -0.612238
    outer loop
      vertex 301.778 321.189 2.3
      vertex 301.11 319.537 0
      vertex 300.905 319.628 0
    endloop
  endfacet
  facet normal 0.371676 0.697841 -0.61227
    outer loop
      vertex 300.901 319.63 0
      vertex 301.59 321.281 2.3
      vertex 301.682 321.232 2.3
    endloop
  endfacet
  facet normal 0.353311 0.706622 -0.613071
    outer loop
      vertex 301.59 321.281 2.3
      vertex 300.901 319.63 0
      vertex 300.897 319.632 0
    endloop
  endfacet
  facet normal 0.272652 0.742221 -0.612184
    outer loop
      vertex 301.326 319.458 0
      vertex 301.778 321.189 2.3
      vertex 301.876 321.153 2.3
    endloop
  endfacet
  facet normal 0.355876 0.711752 -0.605608
    outer loop
      vertex 301.778 321.189 2.3
      vertex 301.326 319.458 0
      vertex 301.322 319.46 0
    endloop
  endfacet
  facet normal 0.767495 0.189974 -0.612259
    outer loop
      vertex 300.898 322.167 2.3
      vertex 299.184 321.679 0
      vertex 300.873 322.268 2.3
    endloop
  endfacet
  facet normal 0.767028 0.191757 -0.612288
    outer loop
      vertex 299.184 321.679 0
      vertex 300.898 322.167 2.3
      vertex 299.185 321.675 0
    endloop
  endfacet
  facet normal 0.785951 0.0845866 -0.612476
    outer loop
      vertex 300.844 322.475 2.3
      vertex 299.089 322.128 0
      vertex 299.065 322.351 0
    endloop
  endfacet
  facet normal 0.710058 0.347475 -0.612437
    outer loop
      vertex 301.016 321.876 2.3
      vertex 299.341 321.245 0
      vertex 300.97 321.97 2.3
    endloop
  endfacet
  facet normal 0.707288 0.353644 -0.612111
    outer loop
      vertex 299.341 321.245 0
      vertex 301.016 321.876 2.3
      vertex 299.343 321.241 0
    endloop
  endfacet
  facet normal 0.684683 0.395281 -0.612342
    outer loop
      vertex 301.068 321.785 2.3
      vertex 299.556 320.841 0
      vertex 299.444 321.035 0
    endloop
  endfacet
  facet normal 0.623424 0.48606 -0.612444
    outer loop
      vertex 301.191 321.616 2.3
      vertex 299.825 320.47 0
      vertex 299.687 320.647 0
    endloop
  endfacet
  facet normal 0.588343 0.528 -0.612428
    outer loop
      vertex 299.828 320.467 0
      vertex 301.191 321.616 2.3
      vertex 301.261 321.538 2.3
    endloop
  endfacet
  facet normal 0.559643 0.559643 -0.611228
    outer loop
      vertex 301.191 321.616 2.3
      vertex 299.828 320.467 0
      vertex 299.825 320.47 0
    endloop
  endfacet
  facet normal -0.218106 0.759854 -0.612414
    outer loop
      vertex 303.35 319.457 0
      vertex 303.134 319.395 0
      vertex 302.703 321.125 2.3
    endloop
  endfacet
  facet normal -0.112298 0.782575 -0.612345
    outer loop
      vertex 302.906 319.347 0
      vertex 302.683 319.315 0
      vertex 302.497 321.088 2.3
    endloop
  endfacet
  facet normal -0.194012 0.776049 -0.600089
    outer loop
      vertex 302.455 319.299 0
      vertex 302.497 321.088 2.3
      vertex 302.459 319.3 0
    endloop
  endfacet
  facet normal -0.0525805 0.788707 -0.612517
    outer loop
      vertex 302.497 321.088 2.3
      vertex 302.455 319.299 0
      vertex 302.392 321.081 2.3
    endloop
  endfacet
  facet normal 0.112298 0.782575 -0.612345
    outer loop
      vertex 302.183 321.088 2.3
      vertex 301.997 319.315 0
      vertex 301.774 319.347 0
    endloop
  endfacet
  facet normal 0.165119 0.773058 -0.612468
    outer loop
      vertex 301.77 319.347 0
      vertex 301.977 321.125 2.3
      vertex 302.08 321.103 2.3
    endloop
  endfacet
  facet normal 0.192002 0.768007 -0.610983
    outer loop
      vertex 301.977 321.125 2.3
      vertex 301.77 319.347 0
      vertex 301.766 319.348 0
    endloop
  endfacet
  facet normal 0.113925 0.782285 -0.612414
    outer loop
      vertex 301.774 319.347 0
      vertex 302.08 321.103 2.3
      vertex 302.183 321.088 2.3
    endloop
  endfacet
  facet normal 0 0.794828 -0.606834
    outer loop
      vertex 302.08 321.103 2.3
      vertex 301.774 319.347 0
      vertex 301.77 319.347 0
    endloop
  endfacet
  facet normal -0.559643 0.559643 -0.611228
    outer loop
      vertex 304.852 320.467 0
      vertex 303.489 321.616 2.3
      vertex 304.855 320.47 0
    endloop
  endfacet
  facet normal -0.588343 0.528 -0.612428
    outer loop
      vertex 303.489 321.616 2.3
      vertex 304.852 320.467 0
      vertex 303.419 321.538 2.3
    endloop
  endfacet
  facet normal -0.623424 0.48606 -0.612444
    outer loop
      vertex 304.993 320.647 0
      vertex 304.855 320.47 0
      vertex 303.489 321.616 2.3
    endloop
  endfacet
  facet normal -0.509521 0.604397 -0.612448
    outer loop
      vertex 304.533 320.138 0
      vertex 304.361 319.993 0
      vertex 303.263 321.398 2.3
    endloop
  endfacet
  facet normal -0.55931 0.55931 -0.611837
    outer loop
      vertex 304.533 320.138 0
      vertex 303.344 321.465 2.3
      vertex 304.536 320.141 0
    endloop
  endfacet
  facet normal -0.504016 0.609333 -0.612113
    outer loop
      vertex 303.344 321.465 2.3
      vertex 304.533 320.138 0
      vertex 303.263 321.398 2.3
    endloop
  endfacet
  facet normal -0.353311 0.706622 -0.613071
    outer loop
      vertex 303.779 319.63 0
      vertex 303.09 321.281 2.3
      vertex 303.783 319.632 0
    endloop
  endfacet
  facet normal -0.371676 0.697841 -0.61227
    outer loop
      vertex 303.09 321.281 2.3
      vertex 303.779 319.63 0
      vertex 302.998 321.232 2.3
    endloop
  endfacet
  facet normal -0.211262 -0.762052 -0.612082
    outer loop
      vertex 303.35 325.703 0
      vertex 302.804 324.007 2.3
      vertex 302.703 324.035 2.3
    endloop
  endfacet
  facet normal -0.191894 -0.767576 -0.611558
    outer loop
      vertex 302.804 324.007 2.3
      vertex 303.35 325.703 0
      vertex 303.354 325.702 0
    endloop
  endfacet
  facet normal -0.559643 -0.559643 -0.611228
    outer loop
      vertex 303.489 323.544 2.3
      vertex 304.852 324.693 0
      vertex 304.855 324.69 0
    endloop
  endfacet
  facet normal -0.588343 -0.528 -0.612428
    outer loop
      vertex 304.852 324.693 0
      vertex 303.489 323.544 2.3
      vertex 303.419 323.622 2.3
    endloop
  endfacet
  facet normal -0.709872 0.347907 -0.612407
    outer loop
      vertex 305.337 321.241 0
      vertex 305.238 321.039 0
      vertex 303.664 321.876 2.3
    endloop
  endfacet
  facet normal -0.710058 0.347475 -0.612437
    outer loop
      vertex 305.339 321.245 0
      vertex 303.664 321.876 2.3
      vertex 303.71 321.97 2.3
    endloop
  endfacet
  facet normal -0.707288 0.353644 -0.612111
    outer loop
      vertex 303.664 321.876 2.3
      vertex 305.339 321.245 0
      vertex 305.337 321.241 0
    endloop
  endfacet
  facet normal -0.785951 0.0845866 -0.612476
    outer loop
      vertex 305.615 322.351 0
      vertex 305.591 322.128 0
      vertex 303.836 322.475 2.3
    endloop
  endfacet
  facet normal -0.789879 0.0300906 -0.612524
    outer loop
      vertex 305.615 322.355 0
      vertex 303.836 322.475 2.3
      vertex 303.84 322.58 2.3
    endloop
  endfacet
  facet normal -0.790998 0 -0.611819
    outer loop
      vertex 303.836 322.475 2.3
      vertex 305.615 322.355 0
      vertex 305.615 322.351 0
    endloop
  endfacet
  facet normal 0.323177 0.721512 -0.612354
    outer loop
      vertex 300.905 319.628 0
      vertex 301.682 321.232 2.3
      vertex 301.778 321.189 2.3
    endloop
  endfacet
  facet normal 0.353511 0.707021 -0.612496
    outer loop
      vertex 301.682 321.232 2.3
      vertex 300.905 319.628 0
      vertex 300.901 319.63 0
    endloop
  endfacet
  facet normal 0.752463 0.242617 -0.61232
    outer loop
      vertex 300.898 322.167 2.3
      vertex 299.254 321.461 0
      vertex 299.185 321.675 0
    endloop
  endfacet
  facet normal 0.753055 0.240978 -0.61224
    outer loop
      vertex 300.93 322.067 2.3
      vertex 299.254 321.461 0
      vertex 300.898 322.167 2.3
    endloop
  endfacet
  facet normal 0.76836 0.19209 -0.610512
    outer loop
      vertex 299.254 321.461 0
      vertex 300.93 322.067 2.3
      vertex 299.255 321.457 0
    endloop
  endfacet
  facet normal 0.789879 0.0300906 -0.612524
    outer loop
      vertex 300.844 322.475 2.3
      vertex 299.065 322.355 0
      vertex 300.84 322.58 2.3
    endloop
  endfacet
  facet normal 0.790998 0 -0.611819
    outer loop
      vertex 299.065 322.355 0
      vertex 300.844 322.475 2.3
      vertex 299.065 322.351 0
    endloop
  endfacet
  facet normal 0.79002 0.0280896 -0.612437
    outer loop
      vertex 300.84 322.58 2.3
      vertex 299.065 322.355 0
      vertex 299.057 322.58 0
    endloop
  endfacet
  facet normal 0.778643 0.136074 -0.612535
    outer loop
      vertex 300.873 322.268 2.3
      vertex 299.089 322.123 0
      vertex 300.855 322.371 2.3
    endloop
  endfacet
  facet normal 0.769496 0.192374 -0.608989
    outer loop
      vertex 299.089 322.123 0
      vertex 300.873 322.268 2.3
      vertex 299.09 322.119 0
    endloop
  endfacet
  facet normal -0.192002 0.768007 -0.610983
    outer loop
      vertex 302.91 319.347 0
      vertex 302.703 321.125 2.3
      vertex 302.914 319.348 0
    endloop
  endfacet
  facet normal -0.165119 0.773058 -0.612468
    outer loop
      vertex 302.703 321.125 2.3
      vertex 302.91 319.347 0
      vertex 302.6 321.103 2.3
    endloop
  endfacet
  facet normal -0.269934 0.743195 -0.612206
    outer loop
      vertex 303.57 319.537 0
      vertex 303.358 319.46 0
      vertex 302.902 321.189 2.3
    endloop
  endfacet
  facet normal -0.356076 0.712152 -0.60502
    outer loop
      vertex 304.357 319.991 0
      vertex 303.263 321.398 2.3
      vertex 304.361 319.993 0
    endloop
  endfacet
  facet normal -0.469468 0.636053 -0.612402
    outer loop
      vertex 303.263 321.398 2.3
      vertex 304.357 319.991 0
      vertex 303.179 321.336 2.3
    endloop
  endfacet
  facet normal -0.778643 0.136074 -0.612535
    outer loop
      vertex 305.591 322.123 0
      vertex 303.807 322.268 2.3
      vertex 303.825 322.371 2.3
    endloop
  endfacet
  facet normal -0.769496 0.192374 -0.608989
    outer loop
      vertex 303.807 322.268 2.3
      vertex 305.591 322.123 0
      vertex 305.59 322.119 0
    endloop
  endfacet
  facet normal -0.191894 0.767576 -0.611558
    outer loop
      vertex 303.35 319.457 0
      vertex 302.804 321.153 2.3
      vertex 303.354 319.458 0
    endloop
  endfacet
  facet normal -0.211262 0.762052 -0.612082
    outer loop
      vertex 302.804 321.153 2.3
      vertex 303.35 319.457 0
      vertex 302.703 321.125 2.3
    endloop
  endfacet
  facet normal -0.355876 0.711752 -0.605608
    outer loop
      vertex 303.354 319.458 0
      vertex 302.902 321.189 2.3
      vertex 303.358 319.46 0
    endloop
  endfacet
  facet normal -0.272652 0.742221 -0.612184
    outer loop
      vertex 302.902 321.189 2.3
      vertex 303.354 319.458 0
      vertex 302.804 321.153 2.3
    endloop
  endfacet
  facet normal -0.474519 0.632691 -0.611991
    outer loop
      vertex 304.172 319.856 0
      vertex 303.179 321.336 2.3
      vertex 304.176 319.859 0
    endloop
  endfacet
  facet normal -0.415649 0.672595 -0.612252
    outer loop
      vertex 303.179 321.336 2.3
      vertex 304.172 319.856 0
      vertex 303.09 321.281 2.3
    endloop
  endfacet
  facet normal -1 0 0
    outer loop
      vertex 153.71 334.2 0
      vertex 153.71 332.2 12
      vertex 153.71 334.2 12
    endloop
  endfacet
  facet normal -1 0 0
    outer loop
      vertex 153.71 334.2 0
      vertex 153.71 326.2 8
      vertex 153.71 332.2 12
    endloop
  endfacet
  facet normal -1 0 0
    outer loop
      vertex 153.71 321.672 4.15
      vertex 153.71 326.2 8
      vertex 153.71 334.2 0
    endloop
  endfacet
  facet normal -1 0 0
    outer loop
      vertex 153.71 326.2 8
      vertex 153.71 321.842 4.56001
      vertex 153.71 321.9 5
    endloop
  endfacet
  facet normal -1 0 0
    outer loop
      vertex 153.71 326.2 8
      vertex 153.71 321.672 4.15
      vertex 153.71 321.842 4.56001
    endloop
  endfacet
  facet normal -1 0 0
    outer loop
      vertex 153.71 334.2 0
      vertex 153.71 321.402 3.79792
      vertex 153.71 321.672 4.15
    endloop
  endfacet
  facet normal -1 0 0
    outer loop
      vertex 153.71 334.2 0
      vertex 153.71 321.05 3.52776
      vertex 153.71 321.402 3.79792
    endloop
  endfacet
  facet normal -1 0 0
    outer loop
      vertex 153.71 334.2 0
      vertex 153.71 320.64 3.35793
      vertex 153.71 321.05 3.52776
    endloop
  endfacet
  facet normal -1 0 0
    outer loop
      vertex 153.71 334.2 0
      vertex 153.71 320.2 3.3
      vertex 153.71 320.64 3.35793
    endloop
  endfacet
  facet normal -1 0 0
    outer loop
      vertex 153.71 334.2 0
      vertex 153.71 319.76 3.35793
      vertex 153.71 320.2 3.3
    endloop
  endfacet
  facet normal -1 0 0
    outer loop
      vertex 153.71 318.558 4.56001
      vertex 153.71 283.125 5
      vertex 153.71 318.5 5
    endloop
  endfacet
  facet normal -1 0 0
    outer loop
      vertex 153.71 283.067 4.56001
      vertex 153.71 318.558 4.56001
      vertex 153.71 318.728 4.15
    endloop
  endfacet
  facet normal -1 0 0
    outer loop
      vertex 153.71 282.897 4.15
      vertex 153.71 318.728 4.15
      vertex 153.71 318.998 3.79792
    endloop
  endfacet
  facet normal -1 0 0
    outer loop
      vertex 153.71 282.627 3.79792
      vertex 153.71 318.998 3.79792
      vertex 153.71 319.35 3.52776
    endloop
  endfacet
  facet normal -1 0 0
    outer loop
      vertex 153.71 282.275 3.52776
      vertex 153.71 319.35 3.52776
      vertex 153.71 319.76 3.35793
    endloop
  endfacet
  facet normal -1 0 0
    outer loop
      vertex 153.71 281.865 3.35793
      vertex 153.71 319.76 3.35793
      vertex 153.71 334.2 0
    endloop
  endfacet
  facet normal -1 0 0
    outer loop
      vertex 153.71 318.558 4.56001
      vertex 153.71 283.067 4.56001
      vertex 153.71 283.125 5
    endloop
  endfacet
  facet normal -1 0 0
    outer loop
      vertex 153.71 318.728 4.15
      vertex 153.71 282.897 4.15
      vertex 153.71 283.067 4.56001
    endloop
  endfacet
  facet normal -1 0 0
    outer loop
      vertex 153.71 318.998 3.79792
      vertex 153.71 282.627 3.79792
      vertex 153.71 282.897 4.15
    endloop
  endfacet
  facet normal -1 0 0
    outer loop
      vertex 153.71 319.35 3.52776
      vertex 153.71 282.275 3.52776
      vertex 153.71 282.627 3.79792
    endloop
  endfacet
  facet normal -1 0 0
    outer loop
      vertex 153.71 319.76 3.35793
      vertex 153.71 281.865 3.35793
      vertex 153.71 282.275 3.52776
    endloop
  endfacet
  facet normal -1 0 0
    outer loop
      vertex 153.71 334.2 0
      vertex 153.71 281.425 3.3
      vertex 153.71 281.865 3.35793
    endloop
  endfacet
  facet normal -1 0 0
    outer loop
      vertex 153.71 279.783 4.56001
      vertex 153.71 244.35 5
      vertex 153.71 279.725 5
    endloop
  endfacet
  facet normal -1 0 0
    outer loop
      vertex 153.71 244.292 4.56001
      vertex 153.71 279.783 4.56001
      vertex 153.71 279.953 4.15
    endloop
  endfacet
  facet normal -1 0 0
    outer loop
      vertex 153.71 244.122 4.15
      vertex 153.71 279.953 4.15
      vertex 153.71 280.223 3.79792
    endloop
  endfacet
  facet normal -1 0 0
    outer loop
      vertex 153.71 243.852 3.79792
      vertex 153.71 280.223 3.79792
      vertex 153.71 280.575 3.52776
    endloop
  endfacet
  facet normal -1 0 0
    outer loop
      vertex 153.71 243.5 3.52776
      vertex 153.71 280.575 3.52776
      vertex 153.71 280.985 3.35793
    endloop
  endfacet
  facet normal -1 0 0
    outer loop
      vertex 153.71 243.09 3.35793
      vertex 153.71 280.985 3.35793
      vertex 153.71 281.425 3.3
    endloop
  endfacet
  facet normal -1 0 0
    outer loop
      vertex 153.71 242.65 3.3
      vertex 153.71 281.425 3.3
      vertex 153.71 334.2 0
    endloop
  endfacet
  facet normal -1 0 0
    outer loop
      vertex 153.71 279.783 4.56001
      vertex 153.71 244.292 4.56001
      vertex 153.71 244.35 5
    endloop
  endfacet
  facet normal -1 0 0
    outer loop
      vertex 153.71 279.953 4.15
      vertex 153.71 244.122 4.15
      vertex 153.71 244.292 4.56001
    endloop
  endfacet
  facet normal -1 0 0
    outer loop
      vertex 153.71 280.223 3.79792
      vertex 153.71 243.852 3.79792
      vertex 153.71 244.122 4.15
    endloop
  endfacet
  facet normal -1 0 0
    outer loop
      vertex 153.71 280.575 3.52776
      vertex 153.71 243.5 3.52776
      vertex 153.71 243.852 3.79792
    endloop
  endfacet
  facet normal -1 0 0
    outer loop
      vertex 153.71 280.985 3.35793
      vertex 153.71 243.09 3.35793
      vertex 153.71 243.5 3.52776
    endloop
  endfacet
  facet normal -1 0 0
    outer loop
      vertex 153.71 281.425 3.3
      vertex 153.71 242.65 3.3
      vertex 153.71 243.09 3.35793
    endloop
  endfacet
  facet normal -1 0 0
    outer loop
      vertex 153.71 241.008 4.56001
      vertex 153.71 205.575 5
      vertex 153.71 240.95 5
    endloop
  endfacet
  facet normal -1 0 0
    outer loop
      vertex 153.71 205.517 4.56001
      vertex 153.71 241.008 4.56001
      vertex 153.71 241.178 4.15
    endloop
  endfacet
  facet normal -1 0 0
    outer loop
      vertex 153.71 205.347 4.15
      vertex 153.71 241.178 4.15
      vertex 153.71 241.448 3.79792
    endloop
  endfacet
  facet normal -1 0 0
    outer loop
      vertex 153.71 205.077 3.79792
      vertex 153.71 241.448 3.79792
      vertex 153.71 241.8 3.52776
    endloop
  endfacet
  facet normal -1 0 0
    outer loop
      vertex 153.71 204.725 3.52776
      vertex 153.71 241.8 3.52776
      vertex 153.71 242.21 3.35793
    endloop
  endfacet
  facet normal -1 0 0
    outer loop
      vertex 153.71 204.315 3.35793
      vertex 153.71 242.21 3.35793
      vertex 153.71 242.65 3.3
    endloop
  endfacet
  facet normal -1 0 0
    outer loop
      vertex 153.71 241.008 4.56001
      vertex 153.71 205.517 4.56001
      vertex 153.71 205.575 5
    endloop
  endfacet
  facet normal -1 0 0
    outer loop
      vertex 153.71 153.1 0
      vertex 153.71 242.65 3.3
      vertex 153.71 334.2 0
    endloop
  endfacet
  facet normal -1 0 0
    outer loop
      vertex 153.71 241.178 4.15
      vertex 153.71 205.347 4.15
      vertex 153.71 205.517 4.56001
    endloop
  endfacet
  facet normal -1 0 0
    outer loop
      vertex 153.71 241.448 3.79792
      vertex 153.71 205.077 3.79792
      vertex 153.71 205.347 4.15
    endloop
  endfacet
  facet normal -1 0 0
    outer loop
      vertex 153.71 241.8 3.52776
      vertex 153.71 204.725 3.52776
      vertex 153.71 205.077 3.79792
    endloop
  endfacet
  facet normal -1 0 0
    outer loop
      vertex 153.71 242.21 3.35793
      vertex 153.71 204.315 3.35793
      vertex 153.71 204.725 3.52776
    endloop
  endfacet
  facet normal -1 0 0
    outer loop
      vertex 153.71 242.65 3.3
      vertex 153.71 203.875 3.3
      vertex 153.71 204.315 3.35793
    endloop
  endfacet
  facet normal -1 0 0
    outer loop
      vertex 153.71 202.233 4.56001
      vertex 153.71 166.8 5
      vertex 153.71 202.175 5
    endloop
  endfacet
  facet normal -1 0 0
    outer loop
      vertex 153.71 166.742 4.56001
      vertex 153.71 202.233 4.56001
      vertex 153.71 202.403 4.15
    endloop
  endfacet
  facet normal -1 0 0
    outer loop
      vertex 153.71 166.572 4.15
      vertex 153.71 202.403 4.15
      vertex 153.71 202.673 3.79792
    endloop
  endfacet
  facet normal -1 0 0
    outer loop
      vertex 153.71 166.302 3.79792
      vertex 153.71 202.673 3.79792
      vertex 153.71 203.025 3.52776
    endloop
  endfacet
  facet normal -1 0 0
    outer loop
      vertex 153.71 165.95 3.52776
      vertex 153.71 203.025 3.52776
      vertex 153.71 203.435 3.35793
    endloop
  endfacet
  facet normal -1 0 0
    outer loop
      vertex 153.71 153.1 0
      vertex 153.71 203.435 3.35793
      vertex 153.71 203.875 3.3
    endloop
  endfacet
  facet normal -1 0 0
    outer loop
      vertex 153.71 202.233 4.56001
      vertex 153.71 166.742 4.56001
      vertex 153.71 166.8 5
    endloop
  endfacet
  facet normal -1 0 0
    outer loop
      vertex 153.71 202.403 4.15
      vertex 153.71 166.572 4.15
      vertex 153.71 166.742 4.56001
    endloop
  endfacet
  facet normal -1 -0 0
    outer loop
      vertex 153.71 242.65 3.3
      vertex 153.71 153.1 0
      vertex 153.71 203.875 3.3
    endloop
  endfacet
  facet normal -1 0 0
    outer loop
      vertex 153.71 202.673 3.79792
      vertex 153.71 166.302 3.79792
      vertex 153.71 166.572 4.15
    endloop
  endfacet
  facet normal -1 0 0
    outer loop
      vertex 153.71 203.025 3.52776
      vertex 153.71 165.95 3.52776
      vertex 153.71 166.302 3.79792
    endloop
  endfacet
  facet normal -1 0 0
    outer loop
      vertex 153.71 203.435 3.35793
      vertex 153.71 165.54 3.35793
      vertex 153.71 165.95 3.52776
    endloop
  endfacet
  facet normal -1 -0 0
    outer loop
      vertex 153.71 203.435 3.35793
      vertex 153.71 153.1 0
      vertex 153.71 165.54 3.35793
    endloop
  endfacet
  facet normal -1 -0 0
    outer loop
      vertex 153.71 163.458 4.56001
      vertex 153.71 153.1 0
      vertex 153.71 163.4 5
    endloop
  endfacet
  facet normal -1 -0 0
    outer loop
      vertex 153.71 163.628 4.15
      vertex 153.71 153.1 0
      vertex 153.71 163.458 4.56001
    endloop
  endfacet
  facet normal -1 -0 0
    outer loop
      vertex 153.71 163.898 3.79792
      vertex 153.71 153.1 0
      vertex 153.71 163.628 4.15
    endloop
  endfacet
  facet normal -1 -0 0
    outer loop
      vertex 153.71 164.25 3.52776
      vertex 153.71 153.1 0
      vertex 153.71 163.898 3.79792
    endloop
  endfacet
  facet normal -1 -0 0
    outer loop
      vertex 153.71 164.66 3.35793
      vertex 153.71 153.1 0
      vertex 153.71 164.25 3.52776
    endloop
  endfacet
  facet normal -1 -0 0
    outer loop
      vertex 153.71 165.1 3.3
      vertex 153.71 153.1 0
      vertex 153.71 164.66 3.35793
    endloop
  endfacet
  facet normal -1 0 0
    outer loop
      vertex 153.71 165.54 3.35793
      vertex 153.71 153.1 0
      vertex 153.71 165.1 3.3
    endloop
  endfacet
  facet normal -1 -0 0
    outer loop
      vertex 153.71 332.2 12
      vertex 153.71 326.2 8
      vertex 153.71 326.2 12
    endloop
  endfacet
  facet normal -1 0 0
    outer loop
      vertex 153.71 321.842 5.43999
      vertex 153.71 326.2 8
      vertex 153.71 321.9 5
    endloop
  endfacet
  facet normal -1 0 0
    outer loop
      vertex 153.71 321.672 5.85
      vertex 153.71 326.2 8
      vertex 153.71 321.842 5.43999
    endloop
  endfacet
  facet normal -1 0 0
    outer loop
      vertex 153.71 321.402 6.20208
      vertex 153.71 326.2 8
      vertex 153.71 321.672 5.85
    endloop
  endfacet
  facet normal -1 0 0
    outer loop
      vertex 153.71 321.05 6.47224
      vertex 153.71 326.2 8
      vertex 153.71 321.402 6.20208
    endloop
  endfacet
  facet normal -1 0 0
    outer loop
      vertex 153.71 320.64 6.64207
      vertex 153.71 326.2 8
      vertex 153.71 321.05 6.47224
    endloop
  endfacet
  facet normal -1 0 0
    outer loop
      vertex 153.71 320.2 6.7
      vertex 153.71 326.2 8
      vertex 153.71 320.64 6.64207
    endloop
  endfacet
  facet normal -1 0 0
    outer loop
      vertex 153.71 319.76 6.64207
      vertex 153.71 326.2 8
      vertex 153.71 320.2 6.7
    endloop
  endfacet
  facet normal -1 0 0
    outer loop
      vertex 153.71 283.125 5
      vertex 153.71 318.558 5.43999
      vertex 153.71 318.5 5
    endloop
  endfacet
  facet normal -1 0 0
    outer loop
      vertex 153.71 283.067 5.43999
      vertex 153.71 318.558 5.43999
      vertex 153.71 283.125 5
    endloop
  endfacet
  facet normal -1 0 0
    outer loop
      vertex 153.71 318.558 5.43999
      vertex 153.71 283.067 5.43999
      vertex 153.71 318.728 5.85
    endloop
  endfacet
  facet normal -1 0 0
    outer loop
      vertex 153.71 282.897 5.85
      vertex 153.71 318.728 5.85
      vertex 153.71 283.067 5.43999
    endloop
  endfacet
  facet normal -1 0 0
    outer loop
      vertex 153.71 318.728 5.85
      vertex 153.71 282.897 5.85
      vertex 153.71 318.998 6.20208
    endloop
  endfacet
  facet normal -1 0 0
    outer loop
      vertex 153.71 282.627 6.20208
      vertex 153.71 318.998 6.20208
      vertex 153.71 282.897 5.85
    endloop
  endfacet
  facet normal -1 0 0
    outer loop
      vertex 153.71 318.998 6.20208
      vertex 153.71 282.627 6.20208
      vertex 153.71 319.35 6.47224
    endloop
  endfacet
  facet normal -1 0 0
    outer loop
      vertex 153.71 282.275 6.47224
      vertex 153.71 319.35 6.47224
      vertex 153.71 282.627 6.20208
    endloop
  endfacet
  facet normal -1 0 0
    outer loop
      vertex 153.71 319.35 6.47224
      vertex 153.71 282.275 6.47224
      vertex 153.71 319.76 6.64207
    endloop
  endfacet
  facet normal -1 0 0
    outer loop
      vertex 153.71 281.865 6.64207
      vertex 153.71 319.76 6.64207
      vertex 153.71 282.275 6.47224
    endloop
  endfacet
  facet normal -1 0 0
    outer loop
      vertex 153.71 319.76 6.64207
      vertex 153.71 281.865 6.64207
      vertex 153.71 326.2 8
    endloop
  endfacet
  facet normal -1 0 0
    outer loop
      vertex 153.71 281.425 6.7
      vertex 153.71 326.2 8
      vertex 153.71 281.865 6.64207
    endloop
  endfacet
  facet normal -1 0 0
    outer loop
      vertex 153.71 244.35 5
      vertex 153.71 279.783 5.43999
      vertex 153.71 279.725 5
    endloop
  endfacet
  facet normal -1 0 0
    outer loop
      vertex 153.71 244.292 5.43999
      vertex 153.71 279.783 5.43999
      vertex 153.71 244.35 5
    endloop
  endfacet
  facet normal -1 0 0
    outer loop
      vertex 153.71 279.783 5.43999
      vertex 153.71 244.292 5.43999
      vertex 153.71 279.953 5.85
    endloop
  endfacet
  facet normal -1 0 0
    outer loop
      vertex 153.71 244.122 5.85
      vertex 153.71 279.953 5.85
      vertex 153.71 244.292 5.43999
    endloop
  endfacet
  facet normal -1 0 0
    outer loop
      vertex 153.71 279.953 5.85
      vertex 153.71 244.122 5.85
      vertex 153.71 280.223 6.20208
    endloop
  endfacet
  facet normal -1 0 0
    outer loop
      vertex 153.71 243.852 6.20208
      vertex 153.71 280.223 6.20208
      vertex 153.71 244.122 5.85
    endloop
  endfacet
  facet normal -1 0 0
    outer loop
      vertex 153.71 280.223 6.20208
      vertex 153.71 243.852 6.20208
      vertex 153.71 280.575 6.47224
    endloop
  endfacet
  facet normal -1 0 0
    outer loop
      vertex 153.71 243.5 6.47224
      vertex 153.71 280.575 6.47224
      vertex 153.71 243.852 6.20208
    endloop
  endfacet
  facet normal -1 0 0
    outer loop
      vertex 153.71 280.575 6.47224
      vertex 153.71 243.5 6.47224
      vertex 153.71 280.985 6.64207
    endloop
  endfacet
  facet normal -1 0 0
    outer loop
      vertex 153.71 243.09 6.64207
      vertex 153.71 280.985 6.64207
      vertex 153.71 243.5 6.47224
    endloop
  endfacet
  facet normal -1 0 0
    outer loop
      vertex 153.71 280.985 6.64207
      vertex 153.71 243.09 6.64207
      vertex 153.71 281.425 6.7
    endloop
  endfacet
  facet normal -1 0 0
    outer loop
      vertex 153.71 242.65 6.7
      vertex 153.71 281.425 6.7
      vertex 153.71 243.09 6.64207
    endloop
  endfacet
  facet normal -1 0 0
    outer loop
      vertex 153.71 281.425 6.7
      vertex 153.71 242.65 6.7
      vertex 153.71 326.2 8
    endloop
  endfacet
  facet normal -1 0 0
    outer loop
      vertex 153.71 205.575 5
      vertex 153.71 241.008 5.43999
      vertex 153.71 240.95 5
    endloop
  endfacet
  facet normal -1 0 0
    outer loop
      vertex 153.71 205.517 5.43999
      vertex 153.71 241.008 5.43999
      vertex 153.71 205.575 5
    endloop
  endfacet
  facet normal -1 0 0
    outer loop
      vertex 153.71 241.008 5.43999
      vertex 153.71 205.517 5.43999
      vertex 153.71 241.178 5.85
    endloop
  endfacet
  facet normal -1 0 0
    outer loop
      vertex 153.71 205.347 5.85
      vertex 153.71 241.178 5.85
      vertex 153.71 205.517 5.43999
    endloop
  endfacet
  facet normal -1 0 0
    outer loop
      vertex 153.71 241.178 5.85
      vertex 153.71 205.347 5.85
      vertex 153.71 241.448 6.20208
    endloop
  endfacet
  facet normal -1 0 0
    outer loop
      vertex 153.71 205.077 6.20208
      vertex 153.71 241.448 6.20208
      vertex 153.71 205.347 5.85
    endloop
  endfacet
  facet normal -1 0 0
    outer loop
      vertex 153.71 241.448 6.20208
      vertex 153.71 205.077 6.20208
      vertex 153.71 241.8 6.47224
    endloop
  endfacet
  facet normal -1 0 0
    outer loop
      vertex 153.71 204.725 6.47224
      vertex 153.71 241.8 6.47224
      vertex 153.71 205.077 6.20208
    endloop
  endfacet
  facet normal -1 0 0
    outer loop
      vertex 153.71 241.8 6.47224
      vertex 153.71 204.725 6.47224
      vertex 153.71 242.21 6.64207
    endloop
  endfacet
  facet normal -1 0 0
    outer loop
      vertex 153.71 204.315 6.64207
      vertex 153.71 242.21 6.64207
      vertex 153.71 204.725 6.47224
    endloop
  endfacet
  facet normal -1 0 0
    outer loop
      vertex 153.71 242.21 6.64207
      vertex 153.71 204.315 6.64207
      vertex 153.71 242.65 6.7
    endloop
  endfacet
  facet normal -1 0 0
    outer loop
      vertex 153.71 203.875 6.7
      vertex 153.71 242.65 6.7
      vertex 153.71 204.315 6.64207
    endloop
  endfacet
  facet normal -1 0 0
    outer loop
      vertex 153.71 153.1 8
      vertex 153.71 242.65 6.7
      vertex 153.71 203.875 6.7
    endloop
  endfacet
  facet normal -1 0 0
    outer loop
      vertex 153.71 166.8 5
      vertex 153.71 202.233 5.43999
      vertex 153.71 202.175 5
    endloop
  endfacet
  facet normal -1 0 0
    outer loop
      vertex 153.71 166.742 5.43999
      vertex 153.71 202.233 5.43999
      vertex 153.71 166.8 5
    endloop
  endfacet
  facet normal -1 0 0
    outer loop
      vertex 153.71 202.233 5.43999
      vertex 153.71 166.742 5.43999
      vertex 153.71 202.403 5.85
    endloop
  endfacet
  facet normal -1 0 0
    outer loop
      vertex 153.71 166.572 5.85
      vertex 153.71 202.403 5.85
      vertex 153.71 166.742 5.43999
    endloop
  endfacet
  facet normal -1 0 0
    outer loop
      vertex 153.71 202.403 5.85
      vertex 153.71 166.572 5.85
      vertex 153.71 202.673 6.20208
    endloop
  endfacet
  facet normal -1 0 0
    outer loop
      vertex 153.71 166.302 6.20208
      vertex 153.71 202.673 6.20208
      vertex 153.71 166.572 5.85
    endloop
  endfacet
  facet normal -1 0 0
    outer loop
      vertex 153.71 202.673 6.20208
      vertex 153.71 166.302 6.20208
      vertex 153.71 203.025 6.47224
    endloop
  endfacet
  facet normal -1 0 0
    outer loop
      vertex 153.71 165.95 6.47224
      vertex 153.71 203.025 6.47224
      vertex 153.71 166.302 6.20208
    endloop
  endfacet
  facet normal -1 0 0
    outer loop
      vertex 153.71 203.025 6.47224
      vertex 153.71 165.95 6.47224
      vertex 153.71 203.435 6.64207
    endloop
  endfacet
  facet normal -1 0 0
    outer loop
      vertex 153.71 165.54 6.64207
      vertex 153.71 203.435 6.64207
      vertex 153.71 165.95 6.47224
    endloop
  endfacet
  facet normal -1 0 0
    outer loop
      vertex 153.71 203.435 6.64207
      vertex 153.71 165.54 6.64207
      vertex 153.71 203.875 6.7
    endloop
  endfacet
  facet normal -1 0 0
    outer loop
      vertex 153.71 165.1 6.7
      vertex 153.71 203.875 6.7
      vertex 153.71 165.54 6.64207
    endloop
  endfacet
  facet normal -1 0 0
    outer loop
      vertex 153.71 153.1 8
      vertex 153.71 203.875 6.7
      vertex 153.71 165.1 6.7
    endloop
  endfacet
  facet normal -1 0 0
    outer loop
      vertex 153.71 153.1 8
      vertex 153.71 163.4 5
      vertex 153.71 153.1 0
    endloop
  endfacet
  facet normal -1 0 0
    outer loop
      vertex 153.71 163.4 5
      vertex 153.71 153.1 8
      vertex 153.71 163.458 5.43999
    endloop
  endfacet
  facet normal -1 0 0
    outer loop
      vertex 153.71 163.458 5.43999
      vertex 153.71 153.1 8
      vertex 153.71 163.628 5.85
    endloop
  endfacet
  facet normal -1 0 0
    outer loop
      vertex 153.71 163.628 5.85
      vertex 153.71 153.1 8
      vertex 153.71 163.898 6.20208
    endloop
  endfacet
  facet normal -1 0 0
    outer loop
      vertex 153.71 242.65 6.7
      vertex 153.71 153.1 8
      vertex 153.71 326.2 8
    endloop
  endfacet
  facet normal -1 0 0
    outer loop
      vertex 153.71 164.66 6.64207
      vertex 153.71 153.1 8
      vertex 153.71 165.1 6.7
    endloop
  endfacet
  facet normal -1 0 0
    outer loop
      vertex 153.71 164.25 6.47224
      vertex 153.71 153.1 8
      vertex 153.71 164.66 6.64207
    endloop
  endfacet
  facet normal -1 0 0
    outer loop
      vertex 153.71 163.898 6.20208
      vertex 153.71 153.1 8
      vertex 153.71 164.25 6.47224
    endloop
  endfacet
  facet normal 0 -1 0
    outer loop
      vertex 296.98 153.1 6.64207
      vertex 303.42 153.1 8
      vertex 256.8 153.1 6.64207
    endloop
  endfacet
  facet normal 0 -1 0
    outer loop
      vertex 303.42 153.1 8
      vertex 296.98 153.1 6.64207
      vertex 297.42 153.1 6.7
    endloop
  endfacet
  facet normal 0 -1 0
    outer loop
      vertex 257.21 153.1 6.47224
      vertex 296.98 153.1 6.64207
      vertex 256.8 153.1 6.64207
    endloop
  endfacet
  facet normal 0 -1 0
    outer loop
      vertex 257.21 153.1 6.47224
      vertex 296.57 153.1 6.47224
      vertex 296.98 153.1 6.64207
    endloop
  endfacet
  facet normal 0 -1 0
    outer loop
      vertex 257.562 153.1 6.20208
      vertex 296.57 153.1 6.47224
      vertex 257.21 153.1 6.47224
    endloop
  endfacet
  facet normal 0 -1 0
    outer loop
      vertex 257.562 153.1 6.20208
      vertex 296.218 153.1 6.20208
      vertex 296.57 153.1 6.47224
    endloop
  endfacet
  facet normal 0 -1 0
    outer loop
      vertex 257.832 153.1 5.85
      vertex 296.218 153.1 6.20208
      vertex 257.562 153.1 6.20208
    endloop
  endfacet
  facet normal 0 -1 0
    outer loop
      vertex 257.832 153.1 5.85
      vertex 295.948 153.1 5.85
      vertex 296.218 153.1 6.20208
    endloop
  endfacet
  facet normal 0 -1 0
    outer loop
      vertex 258.002 153.1 5.43999
      vertex 295.948 153.1 5.85
      vertex 257.832 153.1 5.85
    endloop
  endfacet
  facet normal 0 -1 0
    outer loop
      vertex 258.002 153.1 5.43999
      vertex 295.778 153.1 5.43999
      vertex 295.948 153.1 5.85
    endloop
  endfacet
  facet normal 0 -1 0
    outer loop
      vertex 258.06 153.1 5
      vertex 295.778 153.1 5.43999
      vertex 258.002 153.1 5.43999
    endloop
  endfacet
  facet normal 0 -1 0
    outer loop
      vertex 258.06 153.1 5
      vertex 295.72 153.1 5
      vertex 295.778 153.1 5.43999
    endloop
  endfacet
  facet normal 0 -1 0
    outer loop
      vertex 258.002 153.1 4.56001
      vertex 295.72 153.1 5
      vertex 258.06 153.1 5
    endloop
  endfacet
  facet normal 0 -1 0
    outer loop
      vertex 258.002 153.1 4.56001
      vertex 295.778 153.1 4.56001
      vertex 295.72 153.1 5
    endloop
  endfacet
  facet normal 0 -1 0
    outer loop
      vertex 257.832 153.1 4.15
      vertex 295.778 153.1 4.56001
      vertex 258.002 153.1 4.56001
    endloop
  endfacet
  facet normal 0 -1 0
    outer loop
      vertex 257.832 153.1 4.15
      vertex 295.948 153.1 4.15
      vertex 295.778 153.1 4.56001
    endloop
  endfacet
  facet normal 0 -1 0
    outer loop
      vertex 257.562 153.1 3.79792
      vertex 295.948 153.1 4.15
      vertex 257.832 153.1 4.15
    endloop
  endfacet
  facet normal 0 -1 0
    outer loop
      vertex 257.562 153.1 3.79792
      vertex 296.218 153.1 3.79792
      vertex 295.948 153.1 4.15
    endloop
  endfacet
  facet normal 0 -1 0
    outer loop
      vertex 257.21 153.1 3.52776
      vertex 296.218 153.1 3.79792
      vertex 257.562 153.1 3.79792
    endloop
  endfacet
  facet normal 0 -1 0
    outer loop
      vertex 257.21 153.1 3.52776
      vertex 296.57 153.1 3.52776
      vertex 296.218 153.1 3.79792
    endloop
  endfacet
  facet normal 0 -1 0
    outer loop
      vertex 256.8 153.1 3.35793
      vertex 296.57 153.1 3.52776
      vertex 257.21 153.1 3.52776
    endloop
  endfacet
  facet normal 0 -1 0
    outer loop
      vertex 256.8 153.1 3.35793
      vertex 296.98 153.1 3.35793
      vertex 296.57 153.1 3.52776
    endloop
  endfacet
  facet normal 0 -1 0
    outer loop
      vertex 311.42 153.1 0
      vertex 256.8 153.1 3.35793
      vertex 256.36 153.1 3.3
    endloop
  endfacet
  facet normal 0 -1 0
    outer loop
      vertex 256.8 153.1 3.35793
      vertex 311.42 153.1 0
      vertex 296.98 153.1 3.35793
    endloop
  endfacet
  facet normal 0 -1 0
    outer loop
      vertex 215.74 153.1 6.64207
      vertex 256.36 153.1 6.7
      vertex 215.3 153.1 6.7
    endloop
  endfacet
  facet normal 0 -1 0
    outer loop
      vertex 215.74 153.1 6.64207
      vertex 255.92 153.1 6.64207
      vertex 256.36 153.1 6.7
    endloop
  endfacet
  facet normal 0 -1 0
    outer loop
      vertex 216.15 153.1 6.47224
      vertex 255.92 153.1 6.64207
      vertex 215.74 153.1 6.64207
    endloop
  endfacet
  facet normal 0 -1 0
    outer loop
      vertex 216.15 153.1 6.47224
      vertex 255.51 153.1 6.47224
      vertex 255.92 153.1 6.64207
    endloop
  endfacet
  facet normal 0 -1 0
    outer loop
      vertex 216.502 153.1 6.20208
      vertex 255.51 153.1 6.47224
      vertex 216.15 153.1 6.47224
    endloop
  endfacet
  facet normal 0 -1 0
    outer loop
      vertex 216.502 153.1 6.20208
      vertex 255.158 153.1 6.20208
      vertex 255.51 153.1 6.47224
    endloop
  endfacet
  facet normal 0 -1 0
    outer loop
      vertex 216.772 153.1 5.85
      vertex 255.158 153.1 6.20208
      vertex 216.502 153.1 6.20208
    endloop
  endfacet
  facet normal 0 -1 0
    outer loop
      vertex 216.772 153.1 5.85
      vertex 254.888 153.1 5.85
      vertex 255.158 153.1 6.20208
    endloop
  endfacet
  facet normal 0 -1 0
    outer loop
      vertex 216.942 153.1 5.43999
      vertex 254.888 153.1 5.85
      vertex 216.772 153.1 5.85
    endloop
  endfacet
  facet normal 0 -1 0
    outer loop
      vertex 216.942 153.1 5.43999
      vertex 254.718 153.1 5.43999
      vertex 254.888 153.1 5.85
    endloop
  endfacet
  facet normal 0 -1 0
    outer loop
      vertex 217 153.1 5
      vertex 254.718 153.1 5.43999
      vertex 216.942 153.1 5.43999
    endloop
  endfacet
  facet normal 0 -1 0
    outer loop
      vertex 217 153.1 5
      vertex 254.66 153.1 5
      vertex 254.718 153.1 5.43999
    endloop
  endfacet
  facet normal 0 -1 0
    outer loop
      vertex 216.942 153.1 4.56001
      vertex 254.66 153.1 5
      vertex 217 153.1 5
    endloop
  endfacet
  facet normal 0 -1 0
    outer loop
      vertex 216.942 153.1 4.56001
      vertex 254.718 153.1 4.56001
      vertex 254.66 153.1 5
    endloop
  endfacet
  facet normal 0 -1 0
    outer loop
      vertex 216.772 153.1 4.15
      vertex 254.718 153.1 4.56001
      vertex 216.942 153.1 4.56001
    endloop
  endfacet
  facet normal 0 -1 0
    outer loop
      vertex 216.772 153.1 4.15
      vertex 254.888 153.1 4.15
      vertex 254.718 153.1 4.56001
    endloop
  endfacet
  facet normal 0 -1 0
    outer loop
      vertex 216.502 153.1 3.79792
      vertex 254.888 153.1 4.15
      vertex 216.772 153.1 4.15
    endloop
  endfacet
  facet normal 0 -1 0
    outer loop
      vertex 216.502 153.1 3.79792
      vertex 255.158 153.1 3.79792
      vertex 254.888 153.1 4.15
    endloop
  endfacet
  facet normal 0 -1 0
    outer loop
      vertex 216.15 153.1 3.52776
      vertex 255.158 153.1 3.79792
      vertex 216.502 153.1 3.79792
    endloop
  endfacet
  facet normal 0 -1 0
    outer loop
      vertex 216.15 153.1 3.52776
      vertex 255.51 153.1 3.52776
      vertex 255.158 153.1 3.79792
    endloop
  endfacet
  facet normal 0 -1 0
    outer loop
      vertex 215.74 153.1 3.35793
      vertex 255.51 153.1 3.52776
      vertex 216.15 153.1 3.52776
    endloop
  endfacet
  facet normal 0 -1 0
    outer loop
      vertex 215.74 153.1 3.35793
      vertex 255.92 153.1 3.35793
      vertex 255.51 153.1 3.52776
    endloop
  endfacet
  facet normal 0 -1 0
    outer loop
      vertex 215.3 153.1 3.3
      vertex 255.92 153.1 3.35793
      vertex 215.74 153.1 3.35793
    endloop
  endfacet
  facet normal 0 -1 -0
    outer loop
      vertex 255.92 153.1 3.35793
      vertex 215.3 153.1 3.3
      vertex 256.36 153.1 3.3
    endloop
  endfacet
  facet normal 0 -1 0
    outer loop
      vertex 174.68 153.1 6.64207
      vertex 215.3 153.1 6.7
      vertex 174.24 153.1 6.7
    endloop
  endfacet
  facet normal 0 -1 0
    outer loop
      vertex 174.68 153.1 6.64207
      vertex 214.86 153.1 6.64207
      vertex 215.3 153.1 6.7
    endloop
  endfacet
  facet normal 0 -1 0
    outer loop
      vertex 175.09 153.1 6.47224
      vertex 214.86 153.1 6.64207
      vertex 174.68 153.1 6.64207
    endloop
  endfacet
  facet normal 0 -1 0
    outer loop
      vertex 175.09 153.1 6.47224
      vertex 214.45 153.1 6.47224
      vertex 214.86 153.1 6.64207
    endloop
  endfacet
  facet normal 0 -1 0
    outer loop
      vertex 175.442 153.1 6.20208
      vertex 214.45 153.1 6.47224
      vertex 175.09 153.1 6.47224
    endloop
  endfacet
  facet normal 0 -1 0
    outer loop
      vertex 175.442 153.1 6.20208
      vertex 214.098 153.1 6.20208
      vertex 214.45 153.1 6.47224
    endloop
  endfacet
  facet normal 0 -1 0
    outer loop
      vertex 175.712 153.1 5.85
      vertex 214.098 153.1 6.20208
      vertex 175.442 153.1 6.20208
    endloop
  endfacet
  facet normal 0 -1 0
    outer loop
      vertex 175.712 153.1 5.85
      vertex 213.828 153.1 5.85
      vertex 214.098 153.1 6.20208
    endloop
  endfacet
  facet normal 0 -1 0
    outer loop
      vertex 175.882 153.1 5.43999
      vertex 213.828 153.1 5.85
      vertex 175.712 153.1 5.85
    endloop
  endfacet
  facet normal 0 -1 0
    outer loop
      vertex 175.882 153.1 5.43999
      vertex 213.658 153.1 5.43999
      vertex 213.828 153.1 5.85
    endloop
  endfacet
  facet normal 0 -1 0
    outer loop
      vertex 175.94 153.1 5
      vertex 213.658 153.1 5.43999
      vertex 175.882 153.1 5.43999
    endloop
  endfacet
  facet normal 0 -1 0
    outer loop
      vertex 175.94 153.1 5
      vertex 213.6 153.1 5
      vertex 213.658 153.1 5.43999
    endloop
  endfacet
  facet normal 0 -1 0
    outer loop
      vertex 175.882 153.1 4.56001
      vertex 213.6 153.1 5
      vertex 175.94 153.1 5
    endloop
  endfacet
  facet normal 0 -1 0
    outer loop
      vertex 175.882 153.1 4.56001
      vertex 213.658 153.1 4.56001
      vertex 213.6 153.1 5
    endloop
  endfacet
  facet normal 0 -1 0
    outer loop
      vertex 175.712 153.1 4.15
      vertex 213.658 153.1 4.56001
      vertex 175.882 153.1 4.56001
    endloop
  endfacet
  facet normal 0 -1 0
    outer loop
      vertex 175.712 153.1 4.15
      vertex 213.828 153.1 4.15
      vertex 213.658 153.1 4.56001
    endloop
  endfacet
  facet normal 0 -1 0
    outer loop
      vertex 175.442 153.1 3.79792
      vertex 213.828 153.1 4.15
      vertex 175.712 153.1 4.15
    endloop
  endfacet
  facet normal 0 -1 0
    outer loop
      vertex 175.442 153.1 3.79792
      vertex 214.098 153.1 3.79792
      vertex 213.828 153.1 4.15
    endloop
  endfacet
  facet normal 0 -1 0
    outer loop
      vertex 175.09 153.1 3.52776
      vertex 214.098 153.1 3.79792
      vertex 175.442 153.1 3.79792
    endloop
  endfacet
  facet normal 0 -1 0
    outer loop
      vertex 175.09 153.1 3.52776
      vertex 214.45 153.1 3.52776
      vertex 214.098 153.1 3.79792
    endloop
  endfacet
  facet normal 0 -1 0
    outer loop
      vertex 174.68 153.1 3.35793
      vertex 214.45 153.1 3.52776
      vertex 175.09 153.1 3.52776
    endloop
  endfacet
  facet normal 0 -1 0
    outer loop
      vertex 174.68 153.1 3.35793
      vertex 214.86 153.1 3.35793
      vertex 214.45 153.1 3.52776
    endloop
  endfacet
  facet normal 0 -1 0
    outer loop
      vertex 174.24 153.1 3.3
      vertex 214.86 153.1 3.35793
      vertex 174.68 153.1 3.35793
    endloop
  endfacet
  facet normal 0 -1 -0
    outer loop
      vertex 214.86 153.1 3.35793
      vertex 174.24 153.1 3.3
      vertex 215.3 153.1 3.3
    endloop
  endfacet
  facet normal 0 -1 0
    outer loop
      vertex 215.3 153.1 6.7
      vertex 153.71 153.1 8
      vertex 174.24 153.1 6.7
    endloop
  endfacet
  facet normal 0 -1 0
    outer loop
      vertex 153.71 153.1 8
      vertex 173.8 153.1 6.64207
      vertex 174.24 153.1 6.7
    endloop
  endfacet
  facet normal 0 -1 0
    outer loop
      vertex 153.71 153.1 8
      vertex 173.39 153.1 6.47224
      vertex 173.8 153.1 6.64207
    endloop
  endfacet
  facet normal 0 -1 0
    outer loop
      vertex 153.71 153.1 8
      vertex 173.038 153.1 6.20208
      vertex 173.39 153.1 6.47224
    endloop
  endfacet
  facet normal 0 -1 0
    outer loop
      vertex 153.71 153.1 8
      vertex 172.768 153.1 5.85
      vertex 173.038 153.1 6.20208
    endloop
  endfacet
  facet normal 0 -1 0
    outer loop
      vertex 153.71 153.1 8
      vertex 172.598 153.1 5.43999
      vertex 172.768 153.1 5.85
    endloop
  endfacet
  facet normal 0 -1 0
    outer loop
      vertex 153.71 153.1 8
      vertex 172.54 153.1 5
      vertex 172.598 153.1 5.43999
    endloop
  endfacet
  facet normal 0 -1 0
    outer loop
      vertex 153.71 153.1 0
      vertex 172.54 153.1 5
      vertex 153.71 153.1 8
    endloop
  endfacet
  facet normal 0 -1 -0
    outer loop
      vertex 172.54 153.1 5
      vertex 153.71 153.1 0
      vertex 172.598 153.1 4.56001
    endloop
  endfacet
  facet normal 0 -1 -0
    outer loop
      vertex 172.598 153.1 4.56001
      vertex 153.71 153.1 0
      vertex 172.768 153.1 4.15
    endloop
  endfacet
  facet normal 0 -1 -0
    outer loop
      vertex 172.768 153.1 4.15
      vertex 153.71 153.1 0
      vertex 173.038 153.1 3.79792
    endloop
  endfacet
  facet normal 0 -1 -0
    outer loop
      vertex 173.038 153.1 3.79792
      vertex 153.71 153.1 0
      vertex 173.39 153.1 3.52776
    endloop
  endfacet
  facet normal 0 -1 0
    outer loop
      vertex 153.71 153.1 0
      vertex 215.3 153.1 3.3
      vertex 174.24 153.1 3.3
    endloop
  endfacet
  facet normal 0 -1 -0
    outer loop
      vertex 215.3 153.1 3.3
      vertex 153.71 153.1 0
      vertex 256.36 153.1 3.3
    endloop
  endfacet
  facet normal 0 -1 0
    outer loop
      vertex 296.98 153.1 3.35793
      vertex 311.42 153.1 0
      vertex 297.42 153.1 3.3
    endloop
  endfacet
  facet normal 0 -1 0
    outer loop
      vertex 297.42 153.1 3.3
      vertex 311.42 153.1 0
      vertex 309.42 153.1 2
    endloop
  endfacet
  facet normal 0 -1 -0
    outer loop
      vertex 256.36 153.1 3.3
      vertex 153.71 153.1 0
      vertex 311.42 153.1 0
    endloop
  endfacet
  facet normal 0 -1 -0
    outer loop
      vertex 173.8 153.1 3.35793
      vertex 153.71 153.1 0
      vertex 174.24 153.1 3.3
    endloop
  endfacet
  facet normal 0 -1 -0
    outer loop
      vertex 173.39 153.1 3.52776
      vertex 153.71 153.1 0
      vertex 173.8 153.1 3.35793
    endloop
  endfacet
  facet normal 0 -1 0
    outer loop
      vertex 303.42 153.1 8
      vertex 309.42 153.1 12
      vertex 303.42 153.1 12
    endloop
  endfacet
  facet normal 0 -1 0
    outer loop
      vertex 153.71 153.1 8
      vertex 215.3 153.1 6.7
      vertex 303.42 153.1 8
    endloop
  endfacet
  facet normal 0 -1 0
    outer loop
      vertex 256.36 153.1 6.7
      vertex 303.42 153.1 8
      vertex 215.3 153.1 6.7
    endloop
  endfacet
  facet normal 0 -1 0
    outer loop
      vertex 256.8 153.1 6.64207
      vertex 303.42 153.1 8
      vertex 256.36 153.1 6.7
    endloop
  endfacet
  facet normal 0 -1 0
    outer loop
      vertex 297.86 153.1 6.64207
      vertex 303.42 153.1 8
      vertex 297.42 153.1 6.7
    endloop
  endfacet
  facet normal 0 -1 0
    outer loop
      vertex 298.27 153.1 6.47224
      vertex 303.42 153.1 8
      vertex 297.86 153.1 6.64207
    endloop
  endfacet
  facet normal 0 -1 0
    outer loop
      vertex 298.622 153.1 6.20208
      vertex 303.42 153.1 8
      vertex 298.27 153.1 6.47224
    endloop
  endfacet
  facet normal 0 -1 0
    outer loop
      vertex 298.892 153.1 5.85
      vertex 303.42 153.1 8
      vertex 298.622 153.1 6.20208
    endloop
  endfacet
  facet normal 0 -1 0
    outer loop
      vertex 299.062 153.1 5.43999
      vertex 303.42 153.1 8
      vertex 298.892 153.1 5.85
    endloop
  endfacet
  facet normal 0 -1 0
    outer loop
      vertex 299.12 153.1 5
      vertex 303.42 153.1 8
      vertex 299.062 153.1 5.43999
    endloop
  endfacet
  facet normal 0 -1 0
    outer loop
      vertex 299.062 153.1 4.56001
      vertex 303.42 153.1 8
      vertex 299.12 153.1 5
    endloop
  endfacet
  facet normal 0 -1 -0
    outer loop
      vertex 303.42 153.1 8
      vertex 299.062 153.1 4.56001
      vertex 309.42 153.1 2
    endloop
  endfacet
  facet normal 0 -1 0
    outer loop
      vertex 309.42 153.1 2
      vertex 299.062 153.1 4.56001
      vertex 298.892 153.1 4.15
    endloop
  endfacet
  facet normal 0 -1 0
    outer loop
      vertex 309.42 153.1 2
      vertex 298.892 153.1 4.15
      vertex 298.622 153.1 3.79792
    endloop
  endfacet
  facet normal 0 -1 0
    outer loop
      vertex 309.42 153.1 2
      vertex 298.622 153.1 3.79792
      vertex 298.27 153.1 3.52776
    endloop
  endfacet
  facet normal 0 -1 0
    outer loop
      vertex 303.42 153.1 8
      vertex 309.42 153.1 2
      vertex 309.42 153.1 12
    endloop
  endfacet
  facet normal 0 -1 0
    outer loop
      vertex 297.86 153.1 3.35793
      vertex 309.42 153.1 2
      vertex 298.27 153.1 3.52776
    endloop
  endfacet
  facet normal 0 -1 0
    outer loop
      vertex 309.42 153.1 2
      vertex 297.86 153.1 3.35793
      vertex 297.42 153.1 3.3
    endloop
  endfacet
  facet normal 0 -1 0
    outer loop
      vertex 309.42 153.1 2
      vertex 311.42 153.1 12
      vertex 309.42 153.1 12
    endloop
  endfacet
  facet normal 0 -1 0
    outer loop
      vertex 309.42 153.1 2
      vertex 311.42 153.1 0
      vertex 311.42 153.1 12
    endloop
  endfacet
  facet normal 1 0 0
    outer loop
      vertex 157.71 326.2 8
      vertex 157.71 321.842 5.43999
      vertex 157.71 321.9 5
    endloop
  endfacet
  facet normal 1 0 0
    outer loop
      vertex 157.71 326.2 8
      vertex 157.71 321.672 5.85
      vertex 157.71 321.842 5.43999
    endloop
  endfacet
  facet normal 1 0 0
    outer loop
      vertex 157.71 326.2 8
      vertex 157.71 321.402 6.20208
      vertex 157.71 321.672 5.85
    endloop
  endfacet
  facet normal 1 0 0
    outer loop
      vertex 157.71 326.2 8
      vertex 157.71 321.05 6.47224
      vertex 157.71 321.402 6.20208
    endloop
  endfacet
  facet normal 1 0 0
    outer loop
      vertex 157.71 326.2 8
      vertex 157.71 320.64 6.64207
      vertex 157.71 321.05 6.47224
    endloop
  endfacet
  facet normal 1 0 0
    outer loop
      vertex 157.71 326.2 8
      vertex 157.71 320.2 6.7
      vertex 157.71 320.64 6.64207
    endloop
  endfacet
  facet normal 1 0 0
    outer loop
      vertex 157.71 326.2 8
      vertex 157.71 319.76 6.64207
      vertex 157.71 320.2 6.7
    endloop
  endfacet
  facet normal 1 0 0
    outer loop
      vertex 157.71 318.558 5.43999
      vertex 157.71 283.125 5
      vertex 157.71 318.5 5
    endloop
  endfacet
  facet normal 1 0 0
    outer loop
      vertex 157.71 283.067 5.43999
      vertex 157.71 318.558 5.43999
      vertex 157.71 318.728 5.85
    endloop
  endfacet
  facet normal 1 0 0
    outer loop
      vertex 157.71 282.897 5.85
      vertex 157.71 318.728 5.85
      vertex 157.71 318.998 6.20208
    endloop
  endfacet
  facet normal 1 0 0
    outer loop
      vertex 157.71 282.627 6.20208
      vertex 157.71 318.998 6.20208
      vertex 157.71 319.35 6.47224
    endloop
  endfacet
  facet normal 1 0 0
    outer loop
      vertex 157.71 282.275 6.47224
      vertex 157.71 319.35 6.47224
      vertex 157.71 319.76 6.64207
    endloop
  endfacet
  facet normal 1 0 0
    outer loop
      vertex 157.71 281.865 6.64207
      vertex 157.71 319.76 6.64207
      vertex 157.71 326.2 8
    endloop
  endfacet
  facet normal 1 0 0
    outer loop
      vertex 157.71 318.558 5.43999
      vertex 157.71 283.067 5.43999
      vertex 157.71 283.125 5
    endloop
  endfacet
  facet normal 1 0 0
    outer loop
      vertex 157.71 318.728 5.85
      vertex 157.71 282.897 5.85
      vertex 157.71 283.067 5.43999
    endloop
  endfacet
  facet normal 1 0 0
    outer loop
      vertex 157.71 318.998 6.20208
      vertex 157.71 282.627 6.20208
      vertex 157.71 282.897 5.85
    endloop
  endfacet
  facet normal 1 0 0
    outer loop
      vertex 157.71 319.35 6.47224
      vertex 157.71 282.275 6.47224
      vertex 157.71 282.627 6.20208
    endloop
  endfacet
  facet normal 1 0 0
    outer loop
      vertex 157.71 319.76 6.64207
      vertex 157.71 281.865 6.64207
      vertex 157.71 282.275 6.47224
    endloop
  endfacet
  facet normal 1 0 0
    outer loop
      vertex 157.71 326.2 8
      vertex 157.71 281.425 6.7
      vertex 157.71 281.865 6.64207
    endloop
  endfacet
  facet normal 1 0 0
    outer loop
      vertex 157.71 279.783 5.43999
      vertex 157.71 244.35 5
      vertex 157.71 279.725 5
    endloop
  endfacet
  facet normal 1 0 0
    outer loop
      vertex 157.71 244.292 5.43999
      vertex 157.71 279.783 5.43999
      vertex 157.71 279.953 5.85
    endloop
  endfacet
  facet normal 1 0 0
    outer loop
      vertex 157.71 244.122 5.85
      vertex 157.71 279.953 5.85
      vertex 157.71 280.223 6.20208
    endloop
  endfacet
  facet normal 1 0 0
    outer loop
      vertex 157.71 243.852 6.20208
      vertex 157.71 280.223 6.20208
      vertex 157.71 280.575 6.47224
    endloop
  endfacet
  facet normal 1 0 0
    outer loop
      vertex 157.71 243.5 6.47224
      vertex 157.71 280.575 6.47224
      vertex 157.71 280.985 6.64207
    endloop
  endfacet
  facet normal 1 0 0
    outer loop
      vertex 157.71 243.09 6.64207
      vertex 157.71 280.985 6.64207
      vertex 157.71 281.425 6.7
    endloop
  endfacet
  facet normal 1 0 0
    outer loop
      vertex 157.71 279.783 5.43999
      vertex 157.71 244.292 5.43999
      vertex 157.71 244.35 5
    endloop
  endfacet
  facet normal 1 0 0
    outer loop
      vertex 157.71 279.953 5.85
      vertex 157.71 244.122 5.85
      vertex 157.71 244.292 5.43999
    endloop
  endfacet
  facet normal 1 0 0
    outer loop
      vertex 157.71 242.65 6.7
      vertex 157.71 281.425 6.7
      vertex 157.71 326.2 8
    endloop
  endfacet
  facet normal 1 0 0
    outer loop
      vertex 157.71 280.223 6.20208
      vertex 157.71 243.852 6.20208
      vertex 157.71 244.122 5.85
    endloop
  endfacet
  facet normal 1 0 0
    outer loop
      vertex 157.71 280.575 6.47224
      vertex 157.71 243.5 6.47224
      vertex 157.71 243.852 6.20208
    endloop
  endfacet
  facet normal 1 0 0
    outer loop
      vertex 157.71 280.985 6.64207
      vertex 157.71 243.09 6.64207
      vertex 157.71 243.5 6.47224
    endloop
  endfacet
  facet normal 1 0 0
    outer loop
      vertex 157.71 281.425 6.7
      vertex 157.71 242.65 6.7
      vertex 157.71 243.09 6.64207
    endloop
  endfacet
  facet normal 1 0 0
    outer loop
      vertex 157.71 241.008 5.43999
      vertex 157.71 205.575 5
      vertex 157.71 240.95 5
    endloop
  endfacet
  facet normal 1 0 0
    outer loop
      vertex 157.71 205.517 5.43999
      vertex 157.71 241.008 5.43999
      vertex 157.71 241.178 5.85
    endloop
  endfacet
  facet normal 1 0 0
    outer loop
      vertex 157.71 205.347 5.85
      vertex 157.71 241.178 5.85
      vertex 157.71 241.448 6.20208
    endloop
  endfacet
  facet normal 1 0 0
    outer loop
      vertex 157.71 205.077 6.20208
      vertex 157.71 241.448 6.20208
      vertex 157.71 241.8 6.47224
    endloop
  endfacet
  facet normal 1 0 0
    outer loop
      vertex 157.71 204.725 6.47224
      vertex 157.71 241.8 6.47224
      vertex 157.71 242.21 6.64207
    endloop
  endfacet
  facet normal 1 0 0
    outer loop
      vertex 157.71 204.315 6.64207
      vertex 157.71 242.21 6.64207
      vertex 157.71 242.65 6.7
    endloop
  endfacet
  facet normal 1 0 0
    outer loop
      vertex 157.71 241.008 5.43999
      vertex 157.71 205.517 5.43999
      vertex 157.71 205.575 5
    endloop
  endfacet
  facet normal 1 0 0
    outer loop
      vertex 157.71 241.178 5.85
      vertex 157.71 205.347 5.85
      vertex 157.71 205.517 5.43999
    endloop
  endfacet
  facet normal 1 0 0
    outer loop
      vertex 157.71 241.448 6.20208
      vertex 157.71 205.077 6.20208
      vertex 157.71 205.347 5.85
    endloop
  endfacet
  facet normal 1 -0 0
    outer loop
      vertex 157.71 157.1 8
      vertex 157.71 242.65 6.7
      vertex 157.71 326.2 8
    endloop
  endfacet
  facet normal 1 0 0
    outer loop
      vertex 157.71 241.8 6.47224
      vertex 157.71 204.725 6.47224
      vertex 157.71 205.077 6.20208
    endloop
  endfacet
  facet normal 1 0 0
    outer loop
      vertex 157.71 242.21 6.64207
      vertex 157.71 204.315 6.64207
      vertex 157.71 204.725 6.47224
    endloop
  endfacet
  facet normal 1 0 0
    outer loop
      vertex 157.71 242.65 6.7
      vertex 157.71 203.875 6.7
      vertex 157.71 204.315 6.64207
    endloop
  endfacet
  facet normal 1 0 0
    outer loop
      vertex 157.71 202.233 5.43999
      vertex 157.71 166.8 5
      vertex 157.71 202.175 5
    endloop
  endfacet
  facet normal 1 0 0
    outer loop
      vertex 157.71 166.742 5.43999
      vertex 157.71 202.233 5.43999
      vertex 157.71 202.403 5.85
    endloop
  endfacet
  facet normal 1 0 0
    outer loop
      vertex 157.71 166.572 5.85
      vertex 157.71 202.403 5.85
      vertex 157.71 202.673 6.20208
    endloop
  endfacet
  facet normal 1 0 0
    outer loop
      vertex 157.71 166.302 6.20208
      vertex 157.71 202.673 6.20208
      vertex 157.71 203.025 6.47224
    endloop
  endfacet
  facet normal 1 0 0
    outer loop
      vertex 157.71 165.95 6.47224
      vertex 157.71 203.025 6.47224
      vertex 157.71 203.435 6.64207
    endloop
  endfacet
  facet normal 1 0 0
    outer loop
      vertex 157.71 165.54 6.64207
      vertex 157.71 203.435 6.64207
      vertex 157.71 203.875 6.7
    endloop
  endfacet
  facet normal 1 0 0
    outer loop
      vertex 157.71 202.233 5.43999
      vertex 157.71 166.742 5.43999
      vertex 157.71 166.8 5
    endloop
  endfacet
  facet normal 1 0 0
    outer loop
      vertex 157.71 202.403 5.85
      vertex 157.71 166.572 5.85
      vertex 157.71 166.742 5.43999
    endloop
  endfacet
  facet normal 1 0 0
    outer loop
      vertex 157.71 202.673 6.20208
      vertex 157.71 166.302 6.20208
      vertex 157.71 166.572 5.85
    endloop
  endfacet
  facet normal 1 0 0
    outer loop
      vertex 157.71 203.025 6.47224
      vertex 157.71 165.95 6.47224
      vertex 157.71 166.302 6.20208
    endloop
  endfacet
  facet normal 1 0 0
    outer loop
      vertex 157.71 242.65 6.7
      vertex 157.71 157.1 8
      vertex 157.71 203.875 6.7
    endloop
  endfacet
  facet normal 1 0 0
    outer loop
      vertex 157.71 203.435 6.64207
      vertex 157.71 165.54 6.64207
      vertex 157.71 165.95 6.47224
    endloop
  endfacet
  facet normal 1 0 0
    outer loop
      vertex 157.71 203.875 6.7
      vertex 157.71 157.1 8
      vertex 157.71 165.54 6.64207
    endloop
  endfacet
  facet normal 1 0 0
    outer loop
      vertex 157.71 163.458 5.43999
      vertex 157.71 157.1 8
      vertex 157.71 163.4 5
    endloop
  endfacet
  facet normal 1 0 0
    outer loop
      vertex 157.71 163.628 5.85
      vertex 157.71 157.1 8
      vertex 157.71 163.458 5.43999
    endloop
  endfacet
  facet normal 1 0 0
    outer loop
      vertex 157.71 163.898 6.20208
      vertex 157.71 157.1 8
      vertex 157.71 163.628 5.85
    endloop
  endfacet
  facet normal 1 0 0
    outer loop
      vertex 157.71 164.25 6.47224
      vertex 157.71 157.1 8
      vertex 157.71 163.898 6.20208
    endloop
  endfacet
  facet normal 1 0 0
    outer loop
      vertex 157.71 164.66 6.64207
      vertex 157.71 157.1 8
      vertex 157.71 164.25 6.47224
    endloop
  endfacet
  facet normal 1 0 0
    outer loop
      vertex 157.71 165.1 6.7
      vertex 157.71 157.1 8
      vertex 157.71 164.66 6.64207
    endloop
  endfacet
  facet normal 1 0 0
    outer loop
      vertex 157.71 165.54 6.64207
      vertex 157.71 157.1 8
      vertex 157.71 165.1 6.7
    endloop
  endfacet
  facet normal 1 0 0
    outer loop
      vertex 157.71 326.2 8
      vertex 157.71 332.2 12
      vertex 157.71 326.2 12
    endloop
  endfacet
  facet normal 1 0 0
    outer loop
      vertex 157.71 332.2 12
      vertex 157.71 326.2 8
      vertex 157.71 332.2 2
    endloop
  endfacet
  facet normal 1 0 0
    outer loop
      vertex 157.71 321.842 4.56001
      vertex 157.71 326.2 8
      vertex 157.71 321.9 5
    endloop
  endfacet
  facet normal 1 0 0
    outer loop
      vertex 157.71 326.2 8
      vertex 157.71 321.842 4.56001
      vertex 157.71 332.2 2
    endloop
  endfacet
  facet normal 1 -0 0
    outer loop
      vertex 157.71 321.672 4.15
      vertex 157.71 332.2 2
      vertex 157.71 321.842 4.56001
    endloop
  endfacet
  facet normal 1 -0 0
    outer loop
      vertex 157.71 321.402 3.79792
      vertex 157.71 332.2 2
      vertex 157.71 321.672 4.15
    endloop
  endfacet
  facet normal 1 -0 0
    outer loop
      vertex 157.71 321.05 3.52776
      vertex 157.71 332.2 2
      vertex 157.71 321.402 3.79792
    endloop
  endfacet
  facet normal 1 -0 0
    outer loop
      vertex 157.71 320.64 3.35793
      vertex 157.71 332.2 2
      vertex 157.71 321.05 3.52776
    endloop
  endfacet
  facet normal 1 -0 0
    outer loop
      vertex 157.71 320.2 3.3
      vertex 157.71 332.2 2
      vertex 157.71 320.64 3.35793
    endloop
  endfacet
  facet normal 1 -0 0
    outer loop
      vertex 157.71 283.125 5
      vertex 157.71 318.558 4.56001
      vertex 157.71 318.5 5
    endloop
  endfacet
  facet normal 1 0 0
    outer loop
      vertex 157.71 283.067 4.56001
      vertex 157.71 318.558 4.56001
      vertex 157.71 283.125 5
    endloop
  endfacet
  facet normal 1 0 0
    outer loop
      vertex 157.71 318.558 4.56001
      vertex 157.71 283.067 4.56001
      vertex 157.71 318.728 4.15
    endloop
  endfacet
  facet normal 1 0 0
    outer loop
      vertex 157.71 282.897 4.15
      vertex 157.71 318.728 4.15
      vertex 157.71 283.067 4.56001
    endloop
  endfacet
  facet normal 1 0 0
    outer loop
      vertex 157.71 318.728 4.15
      vertex 157.71 282.897 4.15
      vertex 157.71 318.998 3.79792
    endloop
  endfacet
  facet normal 1 0 0
    outer loop
      vertex 157.71 282.627 3.79792
      vertex 157.71 318.998 3.79792
      vertex 157.71 282.897 4.15
    endloop
  endfacet
  facet normal 1 0 0
    outer loop
      vertex 157.71 318.998 3.79792
      vertex 157.71 282.627 3.79792
      vertex 157.71 319.35 3.52776
    endloop
  endfacet
  facet normal 1 0 0
    outer loop
      vertex 157.71 282.275 3.52776
      vertex 157.71 319.35 3.52776
      vertex 157.71 282.627 3.79792
    endloop
  endfacet
  facet normal 1 0 0
    outer loop
      vertex 157.71 319.35 3.52776
      vertex 157.71 282.275 3.52776
      vertex 157.71 319.76 3.35793
    endloop
  endfacet
  facet normal 1 0 0
    outer loop
      vertex 157.71 281.865 3.35793
      vertex 157.71 319.76 3.35793
      vertex 157.71 282.275 3.52776
    endloop
  endfacet
  facet normal 1 0 0
    outer loop
      vertex 157.71 319.76 3.35793
      vertex 157.71 281.865 3.35793
      vertex 157.71 320.2 3.3
    endloop
  endfacet
  facet normal 1 0 0
    outer loop
      vertex 157.71 281.425 3.3
      vertex 157.71 320.2 3.3
      vertex 157.71 281.865 3.35793
    endloop
  endfacet
  facet normal 1 0 0
    outer loop
      vertex 157.71 320.2 3.3
      vertex 157.71 281.425 3.3
      vertex 157.71 332.2 2
    endloop
  endfacet
  facet normal 1 -0 0
    outer loop
      vertex 157.71 244.35 5
      vertex 157.71 279.783 4.56001
      vertex 157.71 279.725 5
    endloop
  endfacet
  facet normal 1 0 0
    outer loop
      vertex 157.71 244.292 4.56001
      vertex 157.71 279.783 4.56001
      vertex 157.71 244.35 5
    endloop
  endfacet
  facet normal 1 0 0
    outer loop
      vertex 157.71 279.783 4.56001
      vertex 157.71 244.292 4.56001
      vertex 157.71 279.953 4.15
    endloop
  endfacet
  facet normal 1 0 0
    outer loop
      vertex 157.71 244.122 4.15
      vertex 157.71 279.953 4.15
      vertex 157.71 244.292 4.56001
    endloop
  endfacet
  facet normal 1 0 0
    outer loop
      vertex 157.71 279.953 4.15
      vertex 157.71 244.122 4.15
      vertex 157.71 280.223 3.79792
    endloop
  endfacet
  facet normal 1 0 0
    outer loop
      vertex 157.71 243.852 3.79792
      vertex 157.71 280.223 3.79792
      vertex 157.71 244.122 4.15
    endloop
  endfacet
  facet normal 1 0 0
    outer loop
      vertex 157.71 280.223 3.79792
      vertex 157.71 243.852 3.79792
      vertex 157.71 280.575 3.52776
    endloop
  endfacet
  facet normal 1 0 0
    outer loop
      vertex 157.71 243.5 3.52776
      vertex 157.71 280.575 3.52776
      vertex 157.71 243.852 3.79792
    endloop
  endfacet
  facet normal 1 0 0
    outer loop
      vertex 157.71 280.575 3.52776
      vertex 157.71 243.5 3.52776
      vertex 157.71 280.985 3.35793
    endloop
  endfacet
  facet normal 1 0 0
    outer loop
      vertex 157.71 243.09 3.35793
      vertex 157.71 280.985 3.35793
      vertex 157.71 243.5 3.52776
    endloop
  endfacet
  facet normal 1 0 0
    outer loop
      vertex 157.71 280.985 3.35793
      vertex 157.71 243.09 3.35793
      vertex 157.71 281.425 3.3
    endloop
  endfacet
  facet normal 1 0 0
    outer loop
      vertex 157.71 242.65 3.3
      vertex 157.71 281.425 3.3
      vertex 157.71 243.09 3.35793
    endloop
  endfacet
  facet normal 1 0 0
    outer loop
      vertex 157.71 281.425 3.3
      vertex 157.71 242.65 3.3
      vertex 157.71 332.2 2
    endloop
  endfacet
  facet normal 1 -0 0
    outer loop
      vertex 157.71 205.575 5
      vertex 157.71 241.008 4.56001
      vertex 157.71 240.95 5
    endloop
  endfacet
  facet normal 1 0 0
    outer loop
      vertex 157.71 205.517 4.56001
      vertex 157.71 241.008 4.56001
      vertex 157.71 205.575 5
    endloop
  endfacet
  facet normal 1 0 0
    outer loop
      vertex 157.71 241.008 4.56001
      vertex 157.71 205.517 4.56001
      vertex 157.71 241.178 4.15
    endloop
  endfacet
  facet normal 1 0 0
    outer loop
      vertex 157.71 205.347 4.15
      vertex 157.71 241.178 4.15
      vertex 157.71 205.517 4.56001
    endloop
  endfacet
  facet normal 1 0 0
    outer loop
      vertex 157.71 241.178 4.15
      vertex 157.71 205.347 4.15
      vertex 157.71 241.448 3.79792
    endloop
  endfacet
  facet normal 1 0 0
    outer loop
      vertex 157.71 205.077 3.79792
      vertex 157.71 241.448 3.79792
      vertex 157.71 205.347 4.15
    endloop
  endfacet
  facet normal 1 0 0
    outer loop
      vertex 157.71 241.448 3.79792
      vertex 157.71 205.077 3.79792
      vertex 157.71 241.8 3.52776
    endloop
  endfacet
  facet normal 1 0 0
    outer loop
      vertex 157.71 204.725 3.52776
      vertex 157.71 241.8 3.52776
      vertex 157.71 205.077 3.79792
    endloop
  endfacet
  facet normal 1 0 0
    outer loop
      vertex 157.71 241.8 3.52776
      vertex 157.71 204.725 3.52776
      vertex 157.71 242.21 3.35793
    endloop
  endfacet
  facet normal 1 0 0
    outer loop
      vertex 157.71 204.315 3.35793
      vertex 157.71 242.21 3.35793
      vertex 157.71 204.725 3.52776
    endloop
  endfacet
  facet normal 1 0 0
    outer loop
      vertex 157.71 242.21 3.35793
      vertex 157.71 204.315 3.35793
      vertex 157.71 242.65 3.3
    endloop
  endfacet
  facet normal 1 0 0
    outer loop
      vertex 157.71 203.875 3.3
      vertex 157.71 242.65 3.3
      vertex 157.71 204.315 3.35793
    endloop
  endfacet
  facet normal 1 0 0
    outer loop
      vertex 157.71 157.1 2
      vertex 157.71 242.65 3.3
      vertex 157.71 203.875 3.3
    endloop
  endfacet
  facet normal 1 -0 0
    outer loop
      vertex 157.71 166.8 5
      vertex 157.71 202.233 4.56001
      vertex 157.71 202.175 5
    endloop
  endfacet
  facet normal 1 0 0
    outer loop
      vertex 157.71 166.742 4.56001
      vertex 157.71 202.233 4.56001
      vertex 157.71 166.8 5
    endloop
  endfacet
  facet normal 1 0 0
    outer loop
      vertex 157.71 202.233 4.56001
      vertex 157.71 166.742 4.56001
      vertex 157.71 202.403 4.15
    endloop
  endfacet
  facet normal 1 0 0
    outer loop
      vertex 157.71 166.572 4.15
      vertex 157.71 202.403 4.15
      vertex 157.71 166.742 4.56001
    endloop
  endfacet
  facet normal 1 0 0
    outer loop
      vertex 157.71 202.403 4.15
      vertex 157.71 166.572 4.15
      vertex 157.71 202.673 3.79792
    endloop
  endfacet
  facet normal 1 0 0
    outer loop
      vertex 157.71 166.302 3.79792
      vertex 157.71 202.673 3.79792
      vertex 157.71 166.572 4.15
    endloop
  endfacet
  facet normal 1 0 0
    outer loop
      vertex 157.71 202.673 3.79792
      vertex 157.71 166.302 3.79792
      vertex 157.71 203.025 3.52776
    endloop
  endfacet
  facet normal 1 0 0
    outer loop
      vertex 157.71 165.95 3.52776
      vertex 157.71 203.025 3.52776
      vertex 157.71 166.302 3.79792
    endloop
  endfacet
  facet normal 1 0 0
    outer loop
      vertex 157.71 203.025 3.52776
      vertex 157.71 165.95 3.52776
      vertex 157.71 203.435 3.35793
    endloop
  endfacet
  facet normal 1 0 0
    outer loop
      vertex 157.71 165.54 3.35793
      vertex 157.71 203.435 3.35793
      vertex 157.71 165.95 3.52776
    endloop
  endfacet
  facet normal 1 0 0
    outer loop
      vertex 157.71 203.435 3.35793
      vertex 157.71 165.54 3.35793
      vertex 157.71 203.875 3.3
    endloop
  endfacet
  facet normal 1 0 0
    outer loop
      vertex 157.71 157.1 2
      vertex 157.71 203.875 3.3
      vertex 157.71 165.54 3.35793
    endloop
  endfacet
  facet normal 1 0 0
    outer loop
      vertex 157.71 157.1 2
      vertex 157.71 165.54 3.35793
      vertex 157.71 165.1 3.3
    endloop
  endfacet
  facet normal 1 0 0
    outer loop
      vertex 157.71 157.1 2
      vertex 157.71 163.4 5
      vertex 157.71 157.1 8
    endloop
  endfacet
  facet normal 1 0 0
    outer loop
      vertex 157.71 163.4 5
      vertex 157.71 157.1 2
      vertex 157.71 163.458 4.56001
    endloop
  endfacet
  facet normal 1 0 0
    outer loop
      vertex 157.71 163.458 4.56001
      vertex 157.71 157.1 2
      vertex 157.71 163.628 4.15
    endloop
  endfacet
  facet normal 1 0 0
    outer loop
      vertex 157.71 163.628 4.15
      vertex 157.71 157.1 2
      vertex 157.71 163.898 3.79792
    endloop
  endfacet
  facet normal 1 0 0
    outer loop
      vertex 157.71 242.65 3.3
      vertex 157.71 157.1 2
      vertex 157.71 332.2 2
    endloop
  endfacet
  facet normal 1 0 0
    outer loop
      vertex 157.71 164.66 3.35793
      vertex 157.71 157.1 2
      vertex 157.71 165.1 3.3
    endloop
  endfacet
  facet normal 1 0 0
    outer loop
      vertex 157.71 164.25 3.52776
      vertex 157.71 157.1 2
      vertex 157.71 164.66 3.35793
    endloop
  endfacet
  facet normal 1 0 0
    outer loop
      vertex 157.71 163.898 3.79792
      vertex 157.71 157.1 2
      vertex 157.71 164.25 3.52776
    endloop
  endfacet
  facet normal 0 -1 0
    outer loop
      vertex 153.71 326.2 8
      vertex 157.71 326.2 12
      vertex 153.71 326.2 12
    endloop
  endfacet
  facet normal 0 -1 -0
    outer loop
      vertex 157.71 326.2 12
      vertex 153.71 326.2 8
      vertex 157.71 326.2 8
    endloop
  endfacet
  facet normal 0 0 1
    outer loop
      vertex 157.71 326.2 8
      vertex 153.71 326.2 8
      vertex 157.71 157.1 8
    endloop
  endfacet
  facet normal -0 0 1
    outer loop
      vertex 157.71 157.1 8
      vertex 303.42 153.1 8
      vertex 303.42 157.1 8
    endloop
  endfacet
  facet normal 0 0 1
    outer loop
      vertex 157.71 157.1 8
      vertex 153.71 153.1 8
      vertex 303.42 153.1 8
    endloop
  endfacet
  facet normal 0 0 1
    outer loop
      vertex 153.71 153.1 8
      vertex 157.71 157.1 8
      vertex 153.71 326.2 8
    endloop
  endfacet
  facet normal 0 1 -0
    outer loop
      vertex 157.71 332.2 2
      vertex 153.71 332.2 12
      vertex 157.71 332.2 12
    endloop
  endfacet
  facet normal 0 1 0
    outer loop
      vertex 153.71 332.2 12
      vertex 157.71 332.2 2
      vertex 153.71 332.2 2
    endloop
  endfacet
  facet normal -0 0 1
    outer loop
      vertex 153.71 332.2 12
      vertex 157.71 326.2 12
      vertex 157.71 332.2 12
    endloop
  endfacet
  facet normal 0 0 1
    outer loop
      vertex 157.71 326.2 12
      vertex 153.71 332.2 12
      vertex 153.71 326.2 12
    endloop
  endfacet
  facet normal 0 1 -0
    outer loop
      vertex 214.86 157.1 6.64207
      vertex 174.24 157.1 6.7
      vertex 215.3 157.1 6.7
    endloop
  endfacet
  facet normal 0 1 0
    outer loop
      vertex 214.86 157.1 6.64207
      vertex 174.68 157.1 6.64207
      vertex 174.24 157.1 6.7
    endloop
  endfacet
  facet normal 0 1 -0
    outer loop
      vertex 214.45 157.1 6.47224
      vertex 174.68 157.1 6.64207
      vertex 214.86 157.1 6.64207
    endloop
  endfacet
  facet normal 0 1 0
    outer loop
      vertex 214.45 157.1 6.47224
      vertex 175.09 157.1 6.47224
      vertex 174.68 157.1 6.64207
    endloop
  endfacet
  facet normal 0 1 -0
    outer loop
      vertex 214.098 157.1 6.20208
      vertex 175.09 157.1 6.47224
      vertex 214.45 157.1 6.47224
    endloop
  endfacet
  facet normal 0 1 0
    outer loop
      vertex 214.098 157.1 6.20208
      vertex 175.442 157.1 6.20208
      vertex 175.09 157.1 6.47224
    endloop
  endfacet
  facet normal 0 1 -0
    outer loop
      vertex 213.828 157.1 5.85
      vertex 175.442 157.1 6.20208
      vertex 214.098 157.1 6.20208
    endloop
  endfacet
  facet normal 0 1 0
    outer loop
      vertex 213.828 157.1 5.85
      vertex 175.712 157.1 5.85
      vertex 175.442 157.1 6.20208
    endloop
  endfacet
  facet normal 0 1 -0
    outer loop
      vertex 213.658 157.1 5.43999
      vertex 175.712 157.1 5.85
      vertex 213.828 157.1 5.85
    endloop
  endfacet
  facet normal 0 1 0
    outer loop
      vertex 213.658 157.1 5.43999
      vertex 175.882 157.1 5.43999
      vertex 175.712 157.1 5.85
    endloop
  endfacet
  facet normal 0 1 -0
    outer loop
      vertex 213.6 157.1 5
      vertex 175.882 157.1 5.43999
      vertex 213.658 157.1 5.43999
    endloop
  endfacet
  facet normal 0 1 0
    outer loop
      vertex 213.6 157.1 5
      vertex 175.94 157.1 5
      vertex 175.882 157.1 5.43999
    endloop
  endfacet
  facet normal 0 1 0
    outer loop
      vertex 213.658 157.1 4.56001
      vertex 175.94 157.1 5
      vertex 213.6 157.1 5
    endloop
  endfacet
  facet normal 0 1 0
    outer loop
      vertex 213.658 157.1 4.56001
      vertex 175.882 157.1 4.56001
      vertex 175.94 157.1 5
    endloop
  endfacet
  facet normal 0 1 0
    outer loop
      vertex 213.828 157.1 4.15
      vertex 175.882 157.1 4.56001
      vertex 213.658 157.1 4.56001
    endloop
  endfacet
  facet normal 0 1 0
    outer loop
      vertex 213.828 157.1 4.15
      vertex 175.712 157.1 4.15
      vertex 175.882 157.1 4.56001
    endloop
  endfacet
  facet normal 0 1 0
    outer loop
      vertex 214.098 157.1 3.79792
      vertex 175.712 157.1 4.15
      vertex 213.828 157.1 4.15
    endloop
  endfacet
  facet normal 0 1 0
    outer loop
      vertex 214.098 157.1 3.79792
      vertex 175.442 157.1 3.79792
      vertex 175.712 157.1 4.15
    endloop
  endfacet
  facet normal 0 1 0
    outer loop
      vertex 214.45 157.1 3.52776
      vertex 175.442 157.1 3.79792
      vertex 214.098 157.1 3.79792
    endloop
  endfacet
  facet normal 0 1 0
    outer loop
      vertex 214.45 157.1 3.52776
      vertex 175.09 157.1 3.52776
      vertex 175.442 157.1 3.79792
    endloop
  endfacet
  facet normal 0 1 0
    outer loop
      vertex 214.86 157.1 3.35793
      vertex 175.09 157.1 3.52776
      vertex 214.45 157.1 3.52776
    endloop
  endfacet
  facet normal 0 1 0
    outer loop
      vertex 214.86 157.1 3.35793
      vertex 174.68 157.1 3.35793
      vertex 175.09 157.1 3.52776
    endloop
  endfacet
  facet normal 0 1 0
    outer loop
      vertex 215.3 157.1 3.3
      vertex 174.68 157.1 3.35793
      vertex 214.86 157.1 3.35793
    endloop
  endfacet
  facet normal 0 1 0
    outer loop
      vertex 174.68 157.1 3.35793
      vertex 215.3 157.1 3.3
      vertex 174.24 157.1 3.3
    endloop
  endfacet
  facet normal 0 1 -0
    outer loop
      vertex 255.92 157.1 6.64207
      vertex 215.3 157.1 6.7
      vertex 256.36 157.1 6.7
    endloop
  endfacet
  facet normal 0 1 0
    outer loop
      vertex 255.92 157.1 6.64207
      vertex 215.74 157.1 6.64207
      vertex 215.3 157.1 6.7
    endloop
  endfacet
  facet normal 0 1 -0
    outer loop
      vertex 255.51 157.1 6.47224
      vertex 215.74 157.1 6.64207
      vertex 255.92 157.1 6.64207
    endloop
  endfacet
  facet normal 0 1 0
    outer loop
      vertex 255.51 157.1 6.47224
      vertex 216.15 157.1 6.47224
      vertex 215.74 157.1 6.64207
    endloop
  endfacet
  facet normal 0 1 -0
    outer loop
      vertex 255.158 157.1 6.20208
      vertex 216.15 157.1 6.47224
      vertex 255.51 157.1 6.47224
    endloop
  endfacet
  facet normal 0 1 0
    outer loop
      vertex 255.158 157.1 6.20208
      vertex 216.502 157.1 6.20208
      vertex 216.15 157.1 6.47224
    endloop
  endfacet
  facet normal 0 1 -0
    outer loop
      vertex 254.888 157.1 5.85
      vertex 216.502 157.1 6.20208
      vertex 255.158 157.1 6.20208
    endloop
  endfacet
  facet normal 0 1 0
    outer loop
      vertex 254.888 157.1 5.85
      vertex 216.772 157.1 5.85
      vertex 216.502 157.1 6.20208
    endloop
  endfacet
  facet normal 0 1 -0
    outer loop
      vertex 254.718 157.1 5.43999
      vertex 216.772 157.1 5.85
      vertex 254.888 157.1 5.85
    endloop
  endfacet
  facet normal 0 1 0
    outer loop
      vertex 254.718 157.1 5.43999
      vertex 216.942 157.1 5.43999
      vertex 216.772 157.1 5.85
    endloop
  endfacet
  facet normal 0 1 -0
    outer loop
      vertex 254.66 157.1 5
      vertex 216.942 157.1 5.43999
      vertex 254.718 157.1 5.43999
    endloop
  endfacet
  facet normal 0 1 0
    outer loop
      vertex 254.66 157.1 5
      vertex 217 157.1 5
      vertex 216.942 157.1 5.43999
    endloop
  endfacet
  facet normal 0 1 0
    outer loop
      vertex 254.718 157.1 4.56001
      vertex 217 157.1 5
      vertex 254.66 157.1 5
    endloop
  endfacet
  facet normal 0 1 0
    outer loop
      vertex 254.718 157.1 4.56001
      vertex 216.942 157.1 4.56001
      vertex 217 157.1 5
    endloop
  endfacet
  facet normal 0 1 0
    outer loop
      vertex 254.888 157.1 4.15
      vertex 216.942 157.1 4.56001
      vertex 254.718 157.1 4.56001
    endloop
  endfacet
  facet normal 0 1 0
    outer loop
      vertex 254.888 157.1 4.15
      vertex 216.772 157.1 4.15
      vertex 216.942 157.1 4.56001
    endloop
  endfacet
  facet normal 0 1 0
    outer loop
      vertex 255.158 157.1 3.79792
      vertex 216.772 157.1 4.15
      vertex 254.888 157.1 4.15
    endloop
  endfacet
  facet normal 0 1 0
    outer loop
      vertex 255.158 157.1 3.79792
      vertex 216.502 157.1 3.79792
      vertex 216.772 157.1 4.15
    endloop
  endfacet
  facet normal 0 1 0
    outer loop
      vertex 255.51 157.1 3.52776
      vertex 216.502 157.1 3.79792
      vertex 255.158 157.1 3.79792
    endloop
  endfacet
  facet normal 0 1 0
    outer loop
      vertex 255.51 157.1 3.52776
      vertex 216.15 157.1 3.52776
      vertex 216.502 157.1 3.79792
    endloop
  endfacet
  facet normal 0 1 0
    outer loop
      vertex 255.92 157.1 3.35793
      vertex 216.15 157.1 3.52776
      vertex 255.51 157.1 3.52776
    endloop
  endfacet
  facet normal 0 1 0
    outer loop
      vertex 255.92 157.1 3.35793
      vertex 215.74 157.1 3.35793
      vertex 216.15 157.1 3.52776
    endloop
  endfacet
  facet normal 0 1 0
    outer loop
      vertex 256.36 157.1 3.3
      vertex 215.74 157.1 3.35793
      vertex 255.92 157.1 3.35793
    endloop
  endfacet
  facet normal 0 1 0
    outer loop
      vertex 215.74 157.1 3.35793
      vertex 256.36 157.1 3.3
      vertex 215.3 157.1 3.3
    endloop
  endfacet
  facet normal 0 1 0
    outer loop
      vertex 256.8 157.1 6.64207
      vertex 303.42 157.1 8
      vertex 296.98 157.1 6.64207
    endloop
  endfacet
  facet normal 0 1 0
    outer loop
      vertex 303.42 157.1 8
      vertex 256.8 157.1 6.64207
      vertex 256.36 157.1 6.7
    endloop
  endfacet
  facet normal 0 1 -0
    outer loop
      vertex 296.57 157.1 6.47224
      vertex 256.8 157.1 6.64207
      vertex 296.98 157.1 6.64207
    endloop
  endfacet
  facet normal 0 1 0
    outer loop
      vertex 296.57 157.1 6.47224
      vertex 257.21 157.1 6.47224
      vertex 256.8 157.1 6.64207
    endloop
  endfacet
  facet normal 0 1 -0
    outer loop
      vertex 296.218 157.1 6.20208
      vertex 257.21 157.1 6.47224
      vertex 296.57 157.1 6.47224
    endloop
  endfacet
  facet normal 0 1 0
    outer loop
      vertex 296.218 157.1 6.20208
      vertex 257.562 157.1 6.20208
      vertex 257.21 157.1 6.47224
    endloop
  endfacet
  facet normal 0 1 -0
    outer loop
      vertex 295.948 157.1 5.85
      vertex 257.562 157.1 6.20208
      vertex 296.218 157.1 6.20208
    endloop
  endfacet
  facet normal 0 1 0
    outer loop
      vertex 295.948 157.1 5.85
      vertex 257.832 157.1 5.85
      vertex 257.562 157.1 6.20208
    endloop
  endfacet
  facet normal 0 1 -0
    outer loop
      vertex 295.778 157.1 5.43999
      vertex 257.832 157.1 5.85
      vertex 295.948 157.1 5.85
    endloop
  endfacet
  facet normal 0 1 0
    outer loop
      vertex 295.778 157.1 5.43999
      vertex 258.002 157.1 5.43999
      vertex 257.832 157.1 5.85
    endloop
  endfacet
  facet normal 0 1 -0
    outer loop
      vertex 295.72 157.1 5
      vertex 258.002 157.1 5.43999
      vertex 295.778 157.1 5.43999
    endloop
  endfacet
  facet normal 0 1 0
    outer loop
      vertex 295.72 157.1 5
      vertex 258.06 157.1 5
      vertex 258.002 157.1 5.43999
    endloop
  endfacet
  facet normal 0 1 0
    outer loop
      vertex 295.778 157.1 4.56001
      vertex 258.06 157.1 5
      vertex 295.72 157.1 5
    endloop
  endfacet
  facet normal 0 1 0
    outer loop
      vertex 295.778 157.1 4.56001
      vertex 258.002 157.1 4.56001
      vertex 258.06 157.1 5
    endloop
  endfacet
  facet normal 0 1 0
    outer loop
      vertex 295.948 157.1 4.15
      vertex 258.002 157.1 4.56001
      vertex 295.778 157.1 4.56001
    endloop
  endfacet
  facet normal 0 1 0
    outer loop
      vertex 295.948 157.1 4.15
      vertex 257.832 157.1 4.15
      vertex 258.002 157.1 4.56001
    endloop
  endfacet
  facet normal 0 1 0
    outer loop
      vertex 296.218 157.1 3.79792
      vertex 257.832 157.1 4.15
      vertex 295.948 157.1 4.15
    endloop
  endfacet
  facet normal 0 1 0
    outer loop
      vertex 296.218 157.1 3.79792
      vertex 257.562 157.1 3.79792
      vertex 257.832 157.1 4.15
    endloop
  endfacet
  facet normal 0 1 0
    outer loop
      vertex 296.57 157.1 3.52776
      vertex 257.562 157.1 3.79792
      vertex 296.218 157.1 3.79792
    endloop
  endfacet
  facet normal 0 1 0
    outer loop
      vertex 296.57 157.1 3.52776
      vertex 257.21 157.1 3.52776
      vertex 257.562 157.1 3.79792
    endloop
  endfacet
  facet normal 0 1 0
    outer loop
      vertex 296.98 157.1 3.35793
      vertex 257.21 157.1 3.52776
      vertex 296.57 157.1 3.52776
    endloop
  endfacet
  facet normal 0 1 0
    outer loop
      vertex 296.98 157.1 3.35793
      vertex 256.8 157.1 3.35793
      vertex 257.21 157.1 3.52776
    endloop
  endfacet
  facet normal 0 1 0
    outer loop
      vertex 297.42 157.1 3.3
      vertex 256.8 157.1 3.35793
      vertex 296.98 157.1 3.35793
    endloop
  endfacet
  facet normal 0 1 0
    outer loop
      vertex 256.8 157.1 3.35793
      vertex 297.42 157.1 3.3
      vertex 256.36 157.1 3.3
    endloop
  endfacet
  facet normal 0 1 0
    outer loop
      vertex 309.42 157.1 12
      vertex 303.42 157.1 8
      vertex 303.42 157.1 12
    endloop
  endfacet
  facet normal 0 1 0
    outer loop
      vertex 296.98 157.1 6.64207
      vertex 303.42 157.1 8
      vertex 297.42 157.1 6.7
    endloop
  endfacet
  facet normal 0 1 0
    outer loop
      vertex 303.42 157.1 8
      vertex 297.86 157.1 6.64207
      vertex 297.42 157.1 6.7
    endloop
  endfacet
  facet normal 0 1 0
    outer loop
      vertex 303.42 157.1 8
      vertex 298.27 157.1 6.47224
      vertex 297.86 157.1 6.64207
    endloop
  endfacet
  facet normal 0 1 0
    outer loop
      vertex 303.42 157.1 8
      vertex 298.622 157.1 6.20208
      vertex 298.27 157.1 6.47224
    endloop
  endfacet
  facet normal 0 1 0
    outer loop
      vertex 303.42 157.1 8
      vertex 298.892 157.1 5.85
      vertex 298.622 157.1 6.20208
    endloop
  endfacet
  facet normal 0 1 0
    outer loop
      vertex 303.42 157.1 8
      vertex 299.062 157.1 5.43999
      vertex 298.892 157.1 5.85
    endloop
  endfacet
  facet normal 0 1 0
    outer loop
      vertex 303.42 157.1 8
      vertex 299.12 157.1 5
      vertex 299.062 157.1 5.43999
    endloop
  endfacet
  facet normal 0 1 -0
    outer loop
      vertex 309.42 157.1 2
      vertex 303.42 157.1 8
      vertex 309.42 157.1 12
    endloop
  endfacet
  facet normal -0 1 0
    outer loop
      vertex 299.062 157.1 4.56001
      vertex 303.42 157.1 8
      vertex 309.42 157.1 2
    endloop
  endfacet
  facet normal 0 1 0
    outer loop
      vertex 303.42 157.1 8
      vertex 299.062 157.1 4.56001
      vertex 299.12 157.1 5
    endloop
  endfacet
  facet normal 0 1 0
    outer loop
      vertex 299.062 157.1 4.56001
      vertex 309.42 157.1 2
      vertex 298.892 157.1 4.15
    endloop
  endfacet
  facet normal 0 1 0
    outer loop
      vertex 298.892 157.1 4.15
      vertex 309.42 157.1 2
      vertex 298.622 157.1 3.79792
    endloop
  endfacet
  facet normal 0 1 0
    outer loop
      vertex 309.42 157.1 2
      vertex 256.36 157.1 3.3
      vertex 297.42 157.1 3.3
    endloop
  endfacet
  facet normal 0 1 0
    outer loop
      vertex 256.36 157.1 3.3
      vertex 309.42 157.1 2
      vertex 215.3 157.1 3.3
    endloop
  endfacet
  facet normal 0 1 0
    outer loop
      vertex 157.71 157.1 2
      vertex 215.3 157.1 3.3
      vertex 309.42 157.1 2
    endloop
  endfacet
  facet normal 0 1 0
    outer loop
      vertex 297.86 157.1 3.35793
      vertex 309.42 157.1 2
      vertex 297.42 157.1 3.3
    endloop
  endfacet
  facet normal 0 1 0
    outer loop
      vertex 298.27 157.1 3.52776
      vertex 309.42 157.1 2
      vertex 297.86 157.1 3.35793
    endloop
  endfacet
  facet normal 0 1 0
    outer loop
      vertex 298.622 157.1 3.79792
      vertex 309.42 157.1 2
      vertex 298.27 157.1 3.52776
    endloop
  endfacet
  facet normal 0 1 0
    outer loop
      vertex 303.42 157.1 8
      vertex 256.36 157.1 6.7
      vertex 157.71 157.1 8
    endloop
  endfacet
  facet normal 0 1 -0
    outer loop
      vertex 215.3 157.1 6.7
      vertex 157.71 157.1 8
      vertex 256.36 157.1 6.7
    endloop
  endfacet
  facet normal 0 1 -0
    outer loop
      vertex 174.24 157.1 6.7
      vertex 157.71 157.1 8
      vertex 215.3 157.1 6.7
    endloop
  endfacet
  facet normal 0 1 -0
    outer loop
      vertex 173.8 157.1 6.64207
      vertex 157.71 157.1 8
      vertex 174.24 157.1 6.7
    endloop
  endfacet
  facet normal 0 1 -0
    outer loop
      vertex 173.39 157.1 6.47224
      vertex 157.71 157.1 8
      vertex 173.8 157.1 6.64207
    endloop
  endfacet
  facet normal 0 1 -0
    outer loop
      vertex 173.038 157.1 6.20208
      vertex 157.71 157.1 8
      vertex 173.39 157.1 6.47224
    endloop
  endfacet
  facet normal 0 1 -0
    outer loop
      vertex 172.768 157.1 5.85
      vertex 157.71 157.1 8
      vertex 173.038 157.1 6.20208
    endloop
  endfacet
  facet normal 0 1 -0
    outer loop
      vertex 172.598 157.1 5.43999
      vertex 157.71 157.1 8
      vertex 172.768 157.1 5.85
    endloop
  endfacet
  facet normal 0 1 -0
    outer loop
      vertex 172.54 157.1 5
      vertex 157.71 157.1 8
      vertex 172.598 157.1 5.43999
    endloop
  endfacet
  facet normal 0 1 0
    outer loop
      vertex 157.71 157.1 2
      vertex 172.54 157.1 5
      vertex 172.598 157.1 4.56001
    endloop
  endfacet
  facet normal 0 1 0
    outer loop
      vertex 157.71 157.1 2
      vertex 172.598 157.1 4.56001
      vertex 172.768 157.1 4.15
    endloop
  endfacet
  facet normal 0 1 0
    outer loop
      vertex 157.71 157.1 2
      vertex 172.768 157.1 4.15
      vertex 173.038 157.1 3.79792
    endloop
  endfacet
  facet normal 0 1 0
    outer loop
      vertex 157.71 157.1 2
      vertex 173.038 157.1 3.79792
      vertex 173.39 157.1 3.52776
    endloop
  endfacet
  facet normal 0 1 0
    outer loop
      vertex 157.71 157.1 2
      vertex 173.39 157.1 3.52776
      vertex 173.8 157.1 3.35793
    endloop
  endfacet
  facet normal 0 1 0
    outer loop
      vertex 172.54 157.1 5
      vertex 157.71 157.1 2
      vertex 157.71 157.1 8
    endloop
  endfacet
  facet normal 0 1 0
    outer loop
      vertex 174.24 157.1 3.3
      vertex 157.71 157.1 2
      vertex 173.8 157.1 3.35793
    endloop
  endfacet
  facet normal 0 1 0
    outer loop
      vertex 215.3 157.1 3.3
      vertex 157.71 157.1 2
      vertex 174.24 157.1 3.3
    endloop
  endfacet
  facet normal -1 0 0
    outer loop
      vertex 303.42 153.1 8
      vertex 303.42 157.1 12
      vertex 303.42 157.1 8
    endloop
  endfacet
  facet normal -1 -0 0
    outer loop
      vertex 303.42 157.1 12
      vertex 303.42 153.1 8
      vertex 303.42 153.1 12
    endloop
  endfacet
  facet normal 1 -0 0
    outer loop
      vertex 309.42 153.1 12
      vertex 309.42 157.1 2
      vertex 309.42 157.1 12
    endloop
  endfacet
  facet normal 1 0 0
    outer loop
      vertex 309.42 157.1 2
      vertex 309.42 153.1 12
      vertex 309.42 153.1 2
    endloop
  endfacet
  facet normal -0 0 1
    outer loop
      vertex 303.42 157.1 12
      vertex 309.42 153.1 12
      vertex 309.42 157.1 12
    endloop
  endfacet
  facet normal 0 0 1
    outer loop
      vertex 309.42 153.1 12
      vertex 303.42 157.1 12
      vertex 303.42 153.1 12
    endloop
  endfacet
  facet normal 0 -0.130533 0.991444
    outer loop
      vertex 153.71 165.54 3.35793
      vertex 157.71 165.1 3.3
      vertex 157.71 165.54 3.35793
    endloop
  endfacet
  facet normal 0 -0.130533 0.991444
    outer loop
      vertex 157.71 165.1 3.3
      vertex 153.71 165.54 3.35793
      vertex 153.71 165.1 3.3
    endloop
  endfacet
  facet normal 0 -0.130533 -0.991444
    outer loop
      vertex 153.71 165.1 6.7
      vertex 157.71 165.54 6.64207
      vertex 157.71 165.1 6.7
    endloop
  endfacet
  facet normal -0 -0.130533 -0.991444
    outer loop
      vertex 157.71 165.54 6.64207
      vertex 153.71 165.1 6.7
      vertex 153.71 165.54 6.64207
    endloop
  endfacet
  facet normal 0 0.991423 0.130691
    outer loop
      vertex 157.71 163.458 4.56001
      vertex 153.71 163.4 5
      vertex 157.71 163.4 5
    endloop
  endfacet
  facet normal 0 0.991423 0.130691
    outer loop
      vertex 153.71 163.4 5
      vertex 157.71 163.458 4.56001
      vertex 153.71 163.458 4.56001
    endloop
  endfacet
  facet normal -0 0.608848 0.793287
    outer loop
      vertex 153.71 164.25 3.52776
      vertex 157.71 163.898 3.79792
      vertex 157.71 164.25 3.52776
    endloop
  endfacet
  facet normal 0 0.608848 0.793287
    outer loop
      vertex 157.71 163.898 3.79792
      vertex 153.71 164.25 3.52776
      vertex 153.71 163.898 3.79792
    endloop
  endfacet
  facet normal 0 -0.923745 0.383007
    outer loop
      vertex 153.71 166.572 4.15
      vertex 157.71 166.742 4.56001
      vertex 153.71 166.742 4.56001
    endloop
  endfacet
  facet normal 0 -0.923745 0.383007
    outer loop
      vertex 157.71 166.742 4.56001
      vertex 153.71 166.572 4.15
      vertex 157.71 166.572 4.15
    endloop
  endfacet
  facet normal 0 -0.793528 -0.608534
    outer loop
      vertex 153.71 166.572 5.85
      vertex 157.71 166.302 6.20208
      vertex 153.71 166.302 6.20208
    endloop
  endfacet
  facet normal 0 -0.793528 -0.608534
    outer loop
      vertex 157.71 166.302 6.20208
      vertex 153.71 166.572 5.85
      vertex 157.71 166.572 5.85
    endloop
  endfacet
  facet normal 0 -0.923745 -0.383007
    outer loop
      vertex 153.71 166.742 5.43999
      vertex 157.71 166.572 5.85
      vertex 153.71 166.572 5.85
    endloop
  endfacet
  facet normal 0 -0.923745 -0.383007
    outer loop
      vertex 157.71 166.572 5.85
      vertex 153.71 166.742 5.43999
      vertex 157.71 166.742 5.43999
    endloop
  endfacet
  facet normal 0 -0.382688 0.923878
    outer loop
      vertex 153.71 165.95 3.52776
      vertex 157.71 165.54 3.35793
      vertex 157.71 165.95 3.52776
    endloop
  endfacet
  facet normal 0 -0.382688 0.923878
    outer loop
      vertex 157.71 165.54 3.35793
      vertex 153.71 165.95 3.52776
      vertex 153.71 165.54 3.35793
    endloop
  endfacet
  facet normal 0 -0.793528 0.608534
    outer loop
      vertex 153.71 166.302 3.79792
      vertex 157.71 166.572 4.15
      vertex 153.71 166.572 4.15
    endloop
  endfacet
  facet normal 0 -0.793528 0.608534
    outer loop
      vertex 157.71 166.572 4.15
      vertex 153.71 166.302 3.79792
      vertex 157.71 166.302 3.79792
    endloop
  endfacet
  facet normal 0 -0.991423 0.130691
    outer loop
      vertex 153.71 166.742 4.56001
      vertex 157.71 166.8 5
      vertex 153.71 166.8 5
    endloop
  endfacet
  facet normal 0 -0.991423 0.130691
    outer loop
      vertex 157.71 166.8 5
      vertex 153.71 166.742 4.56001
      vertex 157.71 166.742 4.56001
    endloop
  endfacet
  facet normal 0 -0.608848 -0.793287
    outer loop
      vertex 153.71 165.95 6.47224
      vertex 157.71 166.302 6.20208
      vertex 157.71 165.95 6.47224
    endloop
  endfacet
  facet normal -0 -0.608848 -0.793287
    outer loop
      vertex 157.71 166.302 6.20208
      vertex 153.71 165.95 6.47224
      vertex 153.71 166.302 6.20208
    endloop
  endfacet
  facet normal 0 -0.382688 -0.923878
    outer loop
      vertex 153.71 165.54 6.64207
      vertex 157.71 165.95 6.47224
      vertex 157.71 165.54 6.64207
    endloop
  endfacet
  facet normal -0 -0.382688 -0.923878
    outer loop
      vertex 157.71 165.95 6.47224
      vertex 153.71 165.54 6.64207
      vertex 153.71 165.95 6.47224
    endloop
  endfacet
  facet normal 0 -0.991423 -0.130691
    outer loop
      vertex 153.71 166.8 5
      vertex 157.71 166.742 5.43999
      vertex 153.71 166.742 5.43999
    endloop
  endfacet
  facet normal 0 -0.991423 -0.130691
    outer loop
      vertex 157.71 166.742 5.43999
      vertex 153.71 166.8 5
      vertex 157.71 166.8 5
    endloop
  endfacet
  facet normal 0 0.608848 -0.793287
    outer loop
      vertex 153.71 163.898 6.20208
      vertex 157.71 164.25 6.47224
      vertex 157.71 163.898 6.20208
    endloop
  endfacet
  facet normal 0 0.608848 -0.793287
    outer loop
      vertex 157.71 164.25 6.47224
      vertex 153.71 163.898 6.20208
      vertex 153.71 164.25 6.47224
    endloop
  endfacet
  facet normal -0 0.382688 0.923878
    outer loop
      vertex 153.71 164.66 3.35793
      vertex 157.71 164.25 3.52776
      vertex 157.71 164.66 3.35793
    endloop
  endfacet
  facet normal 0 0.382688 0.923878
    outer loop
      vertex 157.71 164.25 3.52776
      vertex 153.71 164.66 3.35793
      vertex 153.71 164.25 3.52776
    endloop
  endfacet
  facet normal 0 -0.608848 0.793287
    outer loop
      vertex 153.71 166.302 3.79792
      vertex 157.71 165.95 3.52776
      vertex 157.71 166.302 3.79792
    endloop
  endfacet
  facet normal 0 -0.608848 0.793287
    outer loop
      vertex 157.71 165.95 3.52776
      vertex 153.71 166.302 3.79792
      vertex 153.71 165.95 3.52776
    endloop
  endfacet
  facet normal 0 0.923745 -0.383007
    outer loop
      vertex 157.71 163.458 5.43999
      vertex 153.71 163.628 5.85
      vertex 157.71 163.628 5.85
    endloop
  endfacet
  facet normal 0 0.923745 -0.383007
    outer loop
      vertex 153.71 163.628 5.85
      vertex 157.71 163.458 5.43999
      vertex 153.71 163.458 5.43999
    endloop
  endfacet
  facet normal 0 0.793528 0.608534
    outer loop
      vertex 157.71 163.898 3.79792
      vertex 153.71 163.628 4.15
      vertex 157.71 163.628 4.15
    endloop
  endfacet
  facet normal 0 0.793528 0.608534
    outer loop
      vertex 153.71 163.628 4.15
      vertex 157.71 163.898 3.79792
      vertex 153.71 163.898 3.79792
    endloop
  endfacet
  facet normal 0 0.923745 0.383007
    outer loop
      vertex 157.71 163.628 4.15
      vertex 153.71 163.458 4.56001
      vertex 157.71 163.458 4.56001
    endloop
  endfacet
  facet normal 0 0.923745 0.383007
    outer loop
      vertex 153.71 163.458 4.56001
      vertex 157.71 163.628 4.15
      vertex 153.71 163.628 4.15
    endloop
  endfacet
  facet normal -0 0.130533 0.991444
    outer loop
      vertex 153.71 165.1 3.3
      vertex 157.71 164.66 3.35793
      vertex 157.71 165.1 3.3
    endloop
  endfacet
  facet normal 0 0.130533 0.991444
    outer loop
      vertex 157.71 164.66 3.35793
      vertex 153.71 165.1 3.3
      vertex 153.71 164.66 3.35793
    endloop
  endfacet
  facet normal 0 0.991423 -0.130691
    outer loop
      vertex 157.71 163.4 5
      vertex 153.71 163.458 5.43999
      vertex 157.71 163.458 5.43999
    endloop
  endfacet
  facet normal 0 0.991423 -0.130691
    outer loop
      vertex 153.71 163.458 5.43999
      vertex 157.71 163.4 5
      vertex 153.71 163.4 5
    endloop
  endfacet
  facet normal 0 0.793528 -0.608534
    outer loop
      vertex 157.71 163.628 5.85
      vertex 153.71 163.898 6.20208
      vertex 157.71 163.898 6.20208
    endloop
  endfacet
  facet normal 0 0.793528 -0.608534
    outer loop
      vertex 153.71 163.898 6.20208
      vertex 157.71 163.628 5.85
      vertex 153.71 163.628 5.85
    endloop
  endfacet
  facet normal 0 0.382688 -0.923878
    outer loop
      vertex 153.71 164.25 6.47224
      vertex 157.71 164.66 6.64207
      vertex 157.71 164.25 6.47224
    endloop
  endfacet
  facet normal 0 0.382688 -0.923878
    outer loop
      vertex 157.71 164.66 6.64207
      vertex 153.71 164.25 6.47224
      vertex 153.71 164.66 6.64207
    endloop
  endfacet
  facet normal 0 0.130533 -0.991444
    outer loop
      vertex 153.71 164.66 6.64207
      vertex 157.71 165.1 6.7
      vertex 157.71 164.66 6.64207
    endloop
  endfacet
  facet normal 0 0.130533 -0.991444
    outer loop
      vertex 157.71 165.1 6.7
      vertex 153.71 164.66 6.64207
      vertex 153.71 165.1 6.7
    endloop
  endfacet
  facet normal 0 -0.130533 0.991444
    outer loop
      vertex 153.71 204.315 3.35793
      vertex 157.71 203.875 3.3
      vertex 157.71 204.315 3.35793
    endloop
  endfacet
  facet normal 0 -0.130533 0.991444
    outer loop
      vertex 157.71 203.875 3.3
      vertex 153.71 204.315 3.35793
      vertex 153.71 203.875 3.3
    endloop
  endfacet
  facet normal 0 0.130533 -0.991444
    outer loop
      vertex 153.71 203.435 6.64207
      vertex 157.71 203.875 6.7
      vertex 157.71 203.435 6.64207
    endloop
  endfacet
  facet normal 0 0.130533 -0.991444
    outer loop
      vertex 157.71 203.875 6.7
      vertex 153.71 203.435 6.64207
      vertex 153.71 203.875 6.7
    endloop
  endfacet
  facet normal 0 -0.991423 -0.130691
    outer loop
      vertex 153.71 205.575 5
      vertex 157.71 205.517 5.43999
      vertex 153.71 205.517 5.43999
    endloop
  endfacet
  facet normal 0 -0.991423 -0.130691
    outer loop
      vertex 157.71 205.517 5.43999
      vertex 153.71 205.575 5
      vertex 157.71 205.575 5
    endloop
  endfacet
  facet normal 0 0.991423 0.130691
    outer loop
      vertex 157.71 202.233 4.56001
      vertex 153.71 202.175 5
      vertex 157.71 202.175 5
    endloop
  endfacet
  facet normal 0 0.991423 0.130691
    outer loop
      vertex 153.71 202.175 5
      vertex 157.71 202.233 4.56001
      vertex 153.71 202.233 4.56001
    endloop
  endfacet
  facet normal 0 0.793528 -0.608534
    outer loop
      vertex 157.71 202.403 5.85
      vertex 153.71 202.673 6.20208
      vertex 157.71 202.673 6.20208
    endloop
  endfacet
  facet normal 0 0.793528 -0.608534
    outer loop
      vertex 153.71 202.673 6.20208
      vertex 157.71 202.403 5.85
      vertex 153.71 202.403 5.85
    endloop
  endfacet
  facet normal 0 -0.923745 0.383007
    outer loop
      vertex 153.71 205.347 4.15
      vertex 157.71 205.517 4.56001
      vertex 153.71 205.517 4.56001
    endloop
  endfacet
  facet normal 0 -0.923745 0.383007
    outer loop
      vertex 157.71 205.517 4.56001
      vertex 153.71 205.347 4.15
      vertex 157.71 205.347 4.15
    endloop
  endfacet
  facet normal 0 -0.608848 -0.793287
    outer loop
      vertex 153.71 204.725 6.47224
      vertex 157.71 205.077 6.20208
      vertex 157.71 204.725 6.47224
    endloop
  endfacet
  facet normal -0 -0.608848 -0.793287
    outer loop
      vertex 157.71 205.077 6.20208
      vertex 153.71 204.725 6.47224
      vertex 153.71 205.077 6.20208
    endloop
  endfacet
  facet normal 0 -0.382688 -0.923878
    outer loop
      vertex 153.71 204.315 6.64207
      vertex 157.71 204.725 6.47224
      vertex 157.71 204.315 6.64207
    endloop
  endfacet
  facet normal -0 -0.382688 -0.923878
    outer loop
      vertex 157.71 204.725 6.47224
      vertex 153.71 204.315 6.64207
      vertex 153.71 204.725 6.47224
    endloop
  endfacet
  facet normal 0 -0.793528 -0.608534
    outer loop
      vertex 153.71 205.347 5.85
      vertex 157.71 205.077 6.20208
      vertex 153.71 205.077 6.20208
    endloop
  endfacet
  facet normal 0 -0.793528 -0.608534
    outer loop
      vertex 157.71 205.077 6.20208
      vertex 153.71 205.347 5.85
      vertex 157.71 205.347 5.85
    endloop
  endfacet
  facet normal -0 0.382688 0.923878
    outer loop
      vertex 153.71 203.435 3.35793
      vertex 157.71 203.025 3.52776
      vertex 157.71 203.435 3.35793
    endloop
  endfacet
  facet normal 0 0.382688 0.923878
    outer loop
      vertex 157.71 203.025 3.52776
      vertex 153.71 203.435 3.35793
      vertex 153.71 203.025 3.52776
    endloop
  endfacet
  facet normal 0 0.923745 -0.383007
    outer loop
      vertex 157.71 202.233 5.43999
      vertex 153.71 202.403 5.85
      vertex 157.71 202.403 5.85
    endloop
  endfacet
  facet normal 0 0.923745 -0.383007
    outer loop
      vertex 153.71 202.403 5.85
      vertex 157.71 202.233 5.43999
      vertex 153.71 202.233 5.43999
    endloop
  endfacet
  facet normal 0 0.608848 -0.793287
    outer loop
      vertex 153.71 202.673 6.20208
      vertex 157.71 203.025 6.47224
      vertex 157.71 202.673 6.20208
    endloop
  endfacet
  facet normal 0 0.608848 -0.793287
    outer loop
      vertex 157.71 203.025 6.47224
      vertex 153.71 202.673 6.20208
      vertex 153.71 203.025 6.47224
    endloop
  endfacet
  facet normal 0 -0.382688 0.923878
    outer loop
      vertex 153.71 204.725 3.52776
      vertex 157.71 204.315 3.35793
      vertex 157.71 204.725 3.52776
    endloop
  endfacet
  facet normal 0 -0.382688 0.923878
    outer loop
      vertex 157.71 204.315 3.35793
      vertex 153.71 204.725 3.52776
      vertex 153.71 204.315 3.35793
    endloop
  endfacet
  facet normal 0 -0.793528 0.608534
    outer loop
      vertex 153.71 205.077 3.79792
      vertex 157.71 205.347 4.15
      vertex 153.71 205.347 4.15
    endloop
  endfacet
  facet normal 0 -0.793528 0.608534
    outer loop
      vertex 157.71 205.347 4.15
      vertex 153.71 205.077 3.79792
      vertex 157.71 205.077 3.79792
    endloop
  endfacet
  facet normal 0 -0.991423 0.130691
    outer loop
      vertex 153.71 205.517 4.56001
      vertex 157.71 205.575 5
      vertex 153.71 205.575 5
    endloop
  endfacet
  facet normal 0 -0.991423 0.130691
    outer loop
      vertex 157.71 205.575 5
      vertex 153.71 205.517 4.56001
      vertex 157.71 205.517 4.56001
    endloop
  endfacet
  facet normal 0 -0.130533 -0.991444
    outer loop
      vertex 153.71 203.875 6.7
      vertex 157.71 204.315 6.64207
      vertex 157.71 203.875 6.7
    endloop
  endfacet
  facet normal -0 -0.130533 -0.991444
    outer loop
      vertex 157.71 204.315 6.64207
      vertex 153.71 203.875 6.7
      vertex 153.71 204.315 6.64207
    endloop
  endfacet
  facet normal 0 -0.923745 -0.383007
    outer loop
      vertex 153.71 205.517 5.43999
      vertex 157.71 205.347 5.85
      vertex 153.71 205.347 5.85
    endloop
  endfacet
  facet normal 0 -0.923745 -0.383007
    outer loop
      vertex 157.71 205.347 5.85
      vertex 153.71 205.517 5.43999
      vertex 157.71 205.517 5.43999
    endloop
  endfacet
  facet normal -0 0.130533 0.991444
    outer loop
      vertex 153.71 203.875 3.3
      vertex 157.71 203.435 3.35793
      vertex 157.71 203.875 3.3
    endloop
  endfacet
  facet normal 0 0.130533 0.991444
    outer loop
      vertex 157.71 203.435 3.35793
      vertex 153.71 203.875 3.3
      vertex 153.71 203.435 3.35793
    endloop
  endfacet
  facet normal 0 0.923745 0.383007
    outer loop
      vertex 157.71 202.403 4.15
      vertex 153.71 202.233 4.56001
      vertex 157.71 202.233 4.56001
    endloop
  endfacet
  facet normal 0 0.923745 0.383007
    outer loop
      vertex 153.71 202.233 4.56001
      vertex 157.71 202.403 4.15
      vertex 153.71 202.403 4.15
    endloop
  endfacet
  facet normal -0 0.608848 0.793287
    outer loop
      vertex 153.71 203.025 3.52776
      vertex 157.71 202.673 3.79792
      vertex 157.71 203.025 3.52776
    endloop
  endfacet
  facet normal 0 0.608848 0.793287
    outer loop
      vertex 157.71 202.673 3.79792
      vertex 153.71 203.025 3.52776
      vertex 153.71 202.673 3.79792
    endloop
  endfacet
  facet normal 0 0.991423 -0.130691
    outer loop
      vertex 157.71 202.175 5
      vertex 153.71 202.233 5.43999
      vertex 157.71 202.233 5.43999
    endloop
  endfacet
  facet normal 0 0.991423 -0.130691
    outer loop
      vertex 153.71 202.233 5.43999
      vertex 157.71 202.175 5
      vertex 153.71 202.175 5
    endloop
  endfacet
  facet normal 0 0.382688 -0.923878
    outer loop
      vertex 153.71 203.025 6.47224
      vertex 157.71 203.435 6.64207
      vertex 157.71 203.025 6.47224
    endloop
  endfacet
  facet normal 0 0.382688 -0.923878
    outer loop
      vertex 157.71 203.435 6.64207
      vertex 153.71 203.025 6.47224
      vertex 153.71 203.435 6.64207
    endloop
  endfacet
  facet normal 0 -0.608848 0.793287
    outer loop
      vertex 153.71 205.077 3.79792
      vertex 157.71 204.725 3.52776
      vertex 157.71 205.077 3.79792
    endloop
  endfacet
  facet normal 0 -0.608848 0.793287
    outer loop
      vertex 157.71 204.725 3.52776
      vertex 153.71 205.077 3.79792
      vertex 153.71 204.725 3.52776
    endloop
  endfacet
  facet normal 0 0.793528 0.608534
    outer loop
      vertex 157.71 202.673 3.79792
      vertex 153.71 202.403 4.15
      vertex 157.71 202.403 4.15
    endloop
  endfacet
  facet normal 0 0.793528 0.608534
    outer loop
      vertex 153.71 202.403 4.15
      vertex 157.71 202.673 3.79792
      vertex 153.71 202.673 3.79792
    endloop
  endfacet
  facet normal 0 -0.130533 0.991444
    outer loop
      vertex 153.71 243.09 3.35793
      vertex 157.71 242.65 3.3
      vertex 157.71 243.09 3.35793
    endloop
  endfacet
  facet normal 0 -0.130533 0.991444
    outer loop
      vertex 157.71 242.65 3.3
      vertex 153.71 243.09 3.35793
      vertex 153.71 242.65 3.3
    endloop
  endfacet
  facet normal 0 0.130533 -0.991444
    outer loop
      vertex 153.71 242.21 6.64207
      vertex 157.71 242.65 6.7
      vertex 157.71 242.21 6.64207
    endloop
  endfacet
  facet normal 0 0.130533 -0.991444
    outer loop
      vertex 157.71 242.65 6.7
      vertex 153.71 242.21 6.64207
      vertex 153.71 242.65 6.7
    endloop
  endfacet
  facet normal 0 -0.991423 -0.130691
    outer loop
      vertex 153.71 244.35 5
      vertex 157.71 244.292 5.43999
      vertex 153.71 244.292 5.43999
    endloop
  endfacet
  facet normal 0 -0.991423 -0.130691
    outer loop
      vertex 157.71 244.292 5.43999
      vertex 153.71 244.35 5
      vertex 157.71 244.35 5
    endloop
  endfacet
  facet normal 0 0.991423 0.130691
    outer loop
      vertex 157.71 241.008 4.56001
      vertex 153.71 240.95 5
      vertex 157.71 240.95 5
    endloop
  endfacet
  facet normal 0 0.991423 0.130691
    outer loop
      vertex 153.71 240.95 5
      vertex 157.71 241.008 4.56001
      vertex 153.71 241.008 4.56001
    endloop
  endfacet
  facet normal 0 0.793528 -0.608534
    outer loop
      vertex 157.71 241.178 5.85
      vertex 153.71 241.448 6.20208
      vertex 157.71 241.448 6.20208
    endloop
  endfacet
  facet normal 0 0.793528 -0.608534
    outer loop
      vertex 153.71 241.448 6.20208
      vertex 157.71 241.178 5.85
      vertex 153.71 241.178 5.85
    endloop
  endfacet
  facet normal 0 -0.608848 -0.793287
    outer loop
      vertex 153.71 243.5 6.47224
      vertex 157.71 243.852 6.20208
      vertex 157.71 243.5 6.47224
    endloop
  endfacet
  facet normal -0 -0.608848 -0.793287
    outer loop
      vertex 157.71 243.852 6.20208
      vertex 153.71 243.5 6.47224
      vertex 153.71 243.852 6.20208
    endloop
  endfacet
  facet normal 0 -0.382688 -0.923878
    outer loop
      vertex 153.71 243.09 6.64207
      vertex 157.71 243.5 6.47224
      vertex 157.71 243.09 6.64207
    endloop
  endfacet
  facet normal -0 -0.382688 -0.923878
    outer loop
      vertex 157.71 243.5 6.47224
      vertex 153.71 243.09 6.64207
      vertex 153.71 243.5 6.47224
    endloop
  endfacet
  facet normal 0 -0.793528 -0.608534
    outer loop
      vertex 153.71 244.122 5.85
      vertex 157.71 243.852 6.20208
      vertex 153.71 243.852 6.20208
    endloop
  endfacet
  facet normal 0 -0.793528 -0.608534
    outer loop
      vertex 157.71 243.852 6.20208
      vertex 153.71 244.122 5.85
      vertex 157.71 244.122 5.85
    endloop
  endfacet
  facet normal -0 0.608848 0.793287
    outer loop
      vertex 153.71 241.8 3.52776
      vertex 157.71 241.448 3.79792
      vertex 157.71 241.8 3.52776
    endloop
  endfacet
  facet normal 0 0.608848 0.793287
    outer loop
      vertex 157.71 241.448 3.79792
      vertex 153.71 241.8 3.52776
      vertex 153.71 241.448 3.79792
    endloop
  endfacet
  facet normal 0 0.923745 0.383007
    outer loop
      vertex 157.71 241.178 4.15
      vertex 153.71 241.008 4.56001
      vertex 157.71 241.008 4.56001
    endloop
  endfacet
  facet normal 0 0.923745 0.383007
    outer loop
      vertex 153.71 241.008 4.56001
      vertex 157.71 241.178 4.15
      vertex 153.71 241.178 4.15
    endloop
  endfacet
  facet normal -0 0.382688 0.923878
    outer loop
      vertex 153.71 242.21 3.35793
      vertex 157.71 241.8 3.52776
      vertex 157.71 242.21 3.35793
    endloop
  endfacet
  facet normal 0 0.382688 0.923878
    outer loop
      vertex 157.71 241.8 3.52776
      vertex 153.71 242.21 3.35793
      vertex 153.71 241.8 3.52776
    endloop
  endfacet
  facet normal 0 0.608848 -0.793287
    outer loop
      vertex 153.71 241.448 6.20208
      vertex 157.71 241.8 6.47224
      vertex 157.71 241.448 6.20208
    endloop
  endfacet
  facet normal 0 0.608848 -0.793287
    outer loop
      vertex 157.71 241.8 6.47224
      vertex 153.71 241.448 6.20208
      vertex 153.71 241.8 6.47224
    endloop
  endfacet
  facet normal 0 -0.382688 0.923878
    outer loop
      vertex 153.71 243.5 3.52776
      vertex 157.71 243.09 3.35793
      vertex 157.71 243.5 3.52776
    endloop
  endfacet
  facet normal 0 -0.382688 0.923878
    outer loop
      vertex 157.71 243.09 3.35793
      vertex 153.71 243.5 3.52776
      vertex 153.71 243.09 3.35793
    endloop
  endfacet
  facet normal 0 -0.793528 0.608534
    outer loop
      vertex 153.71 243.852 3.79792
      vertex 157.71 244.122 4.15
      vertex 153.71 244.122 4.15
    endloop
  endfacet
  facet normal 0 -0.793528 0.608534
    outer loop
      vertex 157.71 244.122 4.15
      vertex 153.71 243.852 3.79792
      vertex 157.71 243.852 3.79792
    endloop
  endfacet
  facet normal 0 -0.923745 0.383007
    outer loop
      vertex 153.71 244.122 4.15
      vertex 157.71 244.292 4.56001
      vertex 153.71 244.292 4.56001
    endloop
  endfacet
  facet normal 0 -0.923745 0.383007
    outer loop
      vertex 157.71 244.292 4.56001
      vertex 153.71 244.122 4.15
      vertex 157.71 244.122 4.15
    endloop
  endfacet
  facet normal 0 -0.130533 -0.991444
    outer loop
      vertex 153.71 242.65 6.7
      vertex 157.71 243.09 6.64207
      vertex 157.71 242.65 6.7
    endloop
  endfacet
  facet normal -0 -0.130533 -0.991444
    outer loop
      vertex 157.71 243.09 6.64207
      vertex 153.71 242.65 6.7
      vertex 153.71 243.09 6.64207
    endloop
  endfacet
  facet normal 0 -0.923745 -0.383007
    outer loop
      vertex 153.71 244.292 5.43999
      vertex 157.71 244.122 5.85
      vertex 153.71 244.122 5.85
    endloop
  endfacet
  facet normal 0 -0.923745 -0.383007
    outer loop
      vertex 157.71 244.122 5.85
      vertex 153.71 244.292 5.43999
      vertex 157.71 244.292 5.43999
    endloop
  endfacet
  facet normal -0 0.130533 0.991444
    outer loop
      vertex 153.71 242.65 3.3
      vertex 157.71 242.21 3.35793
      vertex 157.71 242.65 3.3
    endloop
  endfacet
  facet normal 0 0.130533 0.991444
    outer loop
      vertex 157.71 242.21 3.35793
      vertex 153.71 242.65 3.3
      vertex 153.71 242.21 3.35793
    endloop
  endfacet
  facet normal 0 0.793528 0.608534
    outer loop
      vertex 157.71 241.448 3.79792
      vertex 153.71 241.178 4.15
      vertex 157.71 241.178 4.15
    endloop
  endfacet
  facet normal 0 0.793528 0.608534
    outer loop
      vertex 153.71 241.178 4.15
      vertex 157.71 241.448 3.79792
      vertex 153.71 241.448 3.79792
    endloop
  endfacet
  facet normal 0 0.923745 -0.383007
    outer loop
      vertex 157.71 241.008 5.43999
      vertex 153.71 241.178 5.85
      vertex 157.71 241.178 5.85
    endloop
  endfacet
  facet normal 0 0.923745 -0.383007
    outer loop
      vertex 153.71 241.178 5.85
      vertex 157.71 241.008 5.43999
      vertex 153.71 241.008 5.43999
    endloop
  endfacet
  facet normal 0 0.991423 -0.130691
    outer loop
      vertex 157.71 240.95 5
      vertex 153.71 241.008 5.43999
      vertex 157.71 241.008 5.43999
    endloop
  endfacet
  facet normal 0 0.991423 -0.130691
    outer loop
      vertex 153.71 241.008 5.43999
      vertex 157.71 240.95 5
      vertex 153.71 240.95 5
    endloop
  endfacet
  facet normal 0 0.382688 -0.923878
    outer loop
      vertex 153.71 241.8 6.47224
      vertex 157.71 242.21 6.64207
      vertex 157.71 241.8 6.47224
    endloop
  endfacet
  facet normal 0 0.382688 -0.923878
    outer loop
      vertex 157.71 242.21 6.64207
      vertex 153.71 241.8 6.47224
      vertex 153.71 242.21 6.64207
    endloop
  endfacet
  facet normal 0 -0.608848 0.793287
    outer loop
      vertex 153.71 243.852 3.79792
      vertex 157.71 243.5 3.52776
      vertex 157.71 243.852 3.79792
    endloop
  endfacet
  facet normal 0 -0.608848 0.793287
    outer loop
      vertex 157.71 243.5 3.52776
      vertex 153.71 243.852 3.79792
      vertex 153.71 243.5 3.52776
    endloop
  endfacet
  facet normal 0 -0.991423 0.130691
    outer loop
      vertex 153.71 244.292 4.56001
      vertex 157.71 244.35 5
      vertex 153.71 244.35 5
    endloop
  endfacet
  facet normal 0 -0.991423 0.130691
    outer loop
      vertex 157.71 244.35 5
      vertex 153.71 244.292 4.56001
      vertex 157.71 244.292 4.56001
    endloop
  endfacet
  facet normal 0 -0.130533 0.991444
    outer loop
      vertex 153.71 281.865 3.35793
      vertex 157.71 281.425 3.3
      vertex 157.71 281.865 3.35793
    endloop
  endfacet
  facet normal 0 -0.130533 0.991444
    outer loop
      vertex 157.71 281.425 3.3
      vertex 153.71 281.865 3.35793
      vertex 153.71 281.425 3.3
    endloop
  endfacet
  facet normal 0 -0.130533 -0.991444
    outer loop
      vertex 153.71 281.425 6.7
      vertex 157.71 281.865 6.64207
      vertex 157.71 281.425 6.7
    endloop
  endfacet
  facet normal -0 -0.130533 -0.991444
    outer loop
      vertex 157.71 281.865 6.64207
      vertex 153.71 281.425 6.7
      vertex 153.71 281.865 6.64207
    endloop
  endfacet
  facet normal 0 0.991423 0.130691
    outer loop
      vertex 157.71 279.783 4.56001
      vertex 153.71 279.725 5
      vertex 157.71 279.725 5
    endloop
  endfacet
  facet normal 0 0.991423 0.130691
    outer loop
      vertex 153.71 279.725 5
      vertex 157.71 279.783 4.56001
      vertex 153.71 279.783 4.56001
    endloop
  endfacet
  facet normal -0 0.608848 0.793287
    outer loop
      vertex 153.71 280.575 3.52776
      vertex 157.71 280.223 3.79792
      vertex 157.71 280.575 3.52776
    endloop
  endfacet
  facet normal 0 0.608848 0.793287
    outer loop
      vertex 157.71 280.223 3.79792
      vertex 153.71 280.575 3.52776
      vertex 153.71 280.223 3.79792
    endloop
  endfacet
  facet normal 0 -0.923745 0.383007
    outer loop
      vertex 153.71 282.897 4.15
      vertex 157.71 283.067 4.56001
      vertex 153.71 283.067 4.56001
    endloop
  endfacet
  facet normal 0 -0.923745 0.383007
    outer loop
      vertex 157.71 283.067 4.56001
      vertex 153.71 282.897 4.15
      vertex 157.71 282.897 4.15
    endloop
  endfacet
  facet normal 0 -0.793528 -0.608534
    outer loop
      vertex 153.71 282.897 5.85
      vertex 157.71 282.627 6.20208
      vertex 153.71 282.627 6.20208
    endloop
  endfacet
  facet normal 0 -0.793528 -0.608534
    outer loop
      vertex 157.71 282.627 6.20208
      vertex 153.71 282.897 5.85
      vertex 157.71 282.897 5.85
    endloop
  endfacet
  facet normal 0 -0.991423 -0.130691
    outer loop
      vertex 153.71 283.125 5
      vertex 157.71 283.067 5.43999
      vertex 153.71 283.067 5.43999
    endloop
  endfacet
  facet normal 0 -0.991423 -0.130691
    outer loop
      vertex 157.71 283.067 5.43999
      vertex 153.71 283.125 5
      vertex 157.71 283.125 5
    endloop
  endfacet
  facet normal 0 -0.382688 0.923878
    outer loop
      vertex 153.71 282.275 3.52776
      vertex 157.71 281.865 3.35793
      vertex 157.71 282.275 3.52776
    endloop
  endfacet
  facet normal 0 -0.382688 0.923878
    outer loop
      vertex 157.71 281.865 3.35793
      vertex 153.71 282.275 3.52776
      vertex 153.71 281.865 3.35793
    endloop
  endfacet
  facet normal 0 -0.793528 0.608534
    outer loop
      vertex 153.71 282.627 3.79792
      vertex 157.71 282.897 4.15
      vertex 153.71 282.897 4.15
    endloop
  endfacet
  facet normal 0 -0.793528 0.608534
    outer loop
      vertex 157.71 282.897 4.15
      vertex 153.71 282.627 3.79792
      vertex 157.71 282.627 3.79792
    endloop
  endfacet
  facet normal 0 -0.991423 0.130691
    outer loop
      vertex 153.71 283.067 4.56001
      vertex 157.71 283.125 5
      vertex 153.71 283.125 5
    endloop
  endfacet
  facet normal 0 -0.991423 0.130691
    outer loop
      vertex 157.71 283.125 5
      vertex 153.71 283.067 4.56001
      vertex 157.71 283.067 4.56001
    endloop
  endfacet
  facet normal 0 -0.608848 -0.793287
    outer loop
      vertex 153.71 282.275 6.47224
      vertex 157.71 282.627 6.20208
      vertex 157.71 282.275 6.47224
    endloop
  endfacet
  facet normal -0 -0.608848 -0.793287
    outer loop
      vertex 157.71 282.627 6.20208
      vertex 153.71 282.275 6.47224
      vertex 153.71 282.627 6.20208
    endloop
  endfacet
  facet normal 0 -0.382688 -0.923878
    outer loop
      vertex 153.71 281.865 6.64207
      vertex 157.71 282.275 6.47224
      vertex 157.71 281.865 6.64207
    endloop
  endfacet
  facet normal -0 -0.382688 -0.923878
    outer loop
      vertex 157.71 282.275 6.47224
      vertex 153.71 281.865 6.64207
      vertex 153.71 282.275 6.47224
    endloop
  endfacet
  facet normal 0 -0.923745 -0.383007
    outer loop
      vertex 153.71 283.067 5.43999
      vertex 157.71 282.897 5.85
      vertex 153.71 282.897 5.85
    endloop
  endfacet
  facet normal 0 -0.923745 -0.383007
    outer loop
      vertex 157.71 282.897 5.85
      vertex 153.71 283.067 5.43999
      vertex 157.71 283.067 5.43999
    endloop
  endfacet
  facet normal 0 0.608848 -0.793287
    outer loop
      vertex 153.71 280.223 6.20208
      vertex 157.71 280.575 6.47224
      vertex 157.71 280.223 6.20208
    endloop
  endfacet
  facet normal 0 0.608848 -0.793287
    outer loop
      vertex 157.71 280.575 6.47224
      vertex 153.71 280.223 6.20208
      vertex 153.71 280.575 6.47224
    endloop
  endfacet
  facet normal 0 0.923745 0.383007
    outer loop
      vertex 157.71 279.953 4.15
      vertex 153.71 279.783 4.56001
      vertex 157.71 279.783 4.56001
    endloop
  endfacet
  facet normal 0 0.923745 0.383007
    outer loop
      vertex 153.71 279.783 4.56001
      vertex 157.71 279.953 4.15
      vertex 153.71 279.953 4.15
    endloop
  endfacet
  facet normal -0 0.382688 0.923878
    outer loop
      vertex 153.71 280.985 3.35793
      vertex 157.71 280.575 3.52776
      vertex 157.71 280.985 3.35793
    endloop
  endfacet
  facet normal 0 0.382688 0.923878
    outer loop
      vertex 157.71 280.575 3.52776
      vertex 153.71 280.985 3.35793
      vertex 153.71 280.575 3.52776
    endloop
  endfacet
  facet normal 0 -0.608848 0.793287
    outer loop
      vertex 153.71 282.627 3.79792
      vertex 157.71 282.275 3.52776
      vertex 157.71 282.627 3.79792
    endloop
  endfacet
  facet normal 0 -0.608848 0.793287
    outer loop
      vertex 157.71 282.275 3.52776
      vertex 153.71 282.627 3.79792
      vertex 153.71 282.275 3.52776
    endloop
  endfacet
  facet normal 0 0.923745 -0.383007
    outer loop
      vertex 157.71 279.783 5.43999
      vertex 153.71 279.953 5.85
      vertex 157.71 279.953 5.85
    endloop
  endfacet
  facet normal 0 0.923745 -0.383007
    outer loop
      vertex 153.71 279.953 5.85
      vertex 157.71 279.783 5.43999
      vertex 153.71 279.783 5.43999
    endloop
  endfacet
  facet normal 0 0.793528 0.608534
    outer loop
      vertex 157.71 280.223 3.79792
      vertex 153.71 279.953 4.15
      vertex 157.71 279.953 4.15
    endloop
  endfacet
  facet normal 0 0.793528 0.608534
    outer loop
      vertex 153.71 279.953 4.15
      vertex 157.71 280.223 3.79792
      vertex 153.71 280.223 3.79792
    endloop
  endfacet
  facet normal -0 0.130533 0.991444
    outer loop
      vertex 153.71 281.425 3.3
      vertex 157.71 280.985 3.35793
      vertex 157.71 281.425 3.3
    endloop
  endfacet
  facet normal 0 0.130533 0.991444
    outer loop
      vertex 157.71 280.985 3.35793
      vertex 153.71 281.425 3.3
      vertex 153.71 280.985 3.35793
    endloop
  endfacet
  facet normal 0 0.991423 -0.130691
    outer loop
      vertex 157.71 279.725 5
      vertex 153.71 279.783 5.43999
      vertex 157.71 279.783 5.43999
    endloop
  endfacet
  facet normal 0 0.991423 -0.130691
    outer loop
      vertex 153.71 279.783 5.43999
      vertex 157.71 279.725 5
      vertex 153.71 279.725 5
    endloop
  endfacet
  facet normal 0 0.793528 -0.608534
    outer loop
      vertex 157.71 279.953 5.85
      vertex 153.71 280.223 6.20208
      vertex 157.71 280.223 6.20208
    endloop
  endfacet
  facet normal 0 0.793528 -0.608534
    outer loop
      vertex 153.71 280.223 6.20208
      vertex 157.71 279.953 5.85
      vertex 153.71 279.953 5.85
    endloop
  endfacet
  facet normal 0 0.382688 -0.923878
    outer loop
      vertex 153.71 280.575 6.47224
      vertex 157.71 280.985 6.64207
      vertex 157.71 280.575 6.47224
    endloop
  endfacet
  facet normal 0 0.382688 -0.923878
    outer loop
      vertex 157.71 280.985 6.64207
      vertex 153.71 280.575 6.47224
      vertex 153.71 280.985 6.64207
    endloop
  endfacet
  facet normal 0 0.130533 -0.991444
    outer loop
      vertex 153.71 280.985 6.64207
      vertex 157.71 281.425 6.7
      vertex 157.71 280.985 6.64207
    endloop
  endfacet
  facet normal 0 0.130533 -0.991444
    outer loop
      vertex 157.71 281.425 6.7
      vertex 153.71 280.985 6.64207
      vertex 153.71 281.425 6.7
    endloop
  endfacet
  facet normal 0 -0.130533 0.991444
    outer loop
      vertex 153.71 320.64 3.35793
      vertex 157.71 320.2 3.3
      vertex 157.71 320.64 3.35793
    endloop
  endfacet
  facet normal 0 -0.130533 0.991444
    outer loop
      vertex 157.71 320.2 3.3
      vertex 153.71 320.64 3.35793
      vertex 153.71 320.2 3.3
    endloop
  endfacet
  facet normal 0 0.130533 -0.991444
    outer loop
      vertex 153.71 319.76 6.64207
      vertex 157.71 320.2 6.7
      vertex 157.71 319.76 6.64207
    endloop
  endfacet
  facet normal 0 0.130533 -0.991444
    outer loop
      vertex 157.71 320.2 6.7
      vertex 153.71 319.76 6.64207
      vertex 153.71 320.2 6.7
    endloop
  endfacet
  facet normal 0 -0.991423 -0.130691
    outer loop
      vertex 153.71 321.9 5
      vertex 157.71 321.842 5.43999
      vertex 153.71 321.842 5.43999
    endloop
  endfacet
  facet normal 0 -0.991423 -0.130691
    outer loop
      vertex 157.71 321.842 5.43999
      vertex 153.71 321.9 5
      vertex 157.71 321.9 5
    endloop
  endfacet
  facet normal 0 0.793528 -0.608534
    outer loop
      vertex 157.71 318.728 5.85
      vertex 153.71 318.998 6.20208
      vertex 157.71 318.998 6.20208
    endloop
  endfacet
  facet normal 0 0.793528 -0.608534
    outer loop
      vertex 153.71 318.998 6.20208
      vertex 157.71 318.728 5.85
      vertex 153.71 318.728 5.85
    endloop
  endfacet
  facet normal 0 -0.608848 -0.793287
    outer loop
      vertex 153.71 321.05 6.47224
      vertex 157.71 321.402 6.20208
      vertex 157.71 321.05 6.47224
    endloop
  endfacet
  facet normal -0 -0.608848 -0.793287
    outer loop
      vertex 157.71 321.402 6.20208
      vertex 153.71 321.05 6.47224
      vertex 153.71 321.402 6.20208
    endloop
  endfacet
  facet normal 0 -0.382688 -0.923878
    outer loop
      vertex 153.71 320.64 6.64207
      vertex 157.71 321.05 6.47224
      vertex 157.71 320.64 6.64207
    endloop
  endfacet
  facet normal -0 -0.382688 -0.923878
    outer loop
      vertex 157.71 321.05 6.47224
      vertex 153.71 320.64 6.64207
      vertex 153.71 321.05 6.47224
    endloop
  endfacet
  facet normal 0 -0.793528 -0.608534
    outer loop
      vertex 153.71 321.672 5.85
      vertex 157.71 321.402 6.20208
      vertex 153.71 321.402 6.20208
    endloop
  endfacet
  facet normal 0 -0.793528 -0.608534
    outer loop
      vertex 157.71 321.402 6.20208
      vertex 153.71 321.672 5.85
      vertex 157.71 321.672 5.85
    endloop
  endfacet
  facet normal -0 0.382688 0.923878
    outer loop
      vertex 153.71 319.76 3.35793
      vertex 157.71 319.35 3.52776
      vertex 157.71 319.76 3.35793
    endloop
  endfacet
  facet normal 0 0.382688 0.923878
    outer loop
      vertex 157.71 319.35 3.52776
      vertex 153.71 319.76 3.35793
      vertex 153.71 319.35 3.52776
    endloop
  endfacet
  facet normal 0 0.923745 -0.383007
    outer loop
      vertex 157.71 318.558 5.43999
      vertex 153.71 318.728 5.85
      vertex 157.71 318.728 5.85
    endloop
  endfacet
  facet normal 0 0.923745 -0.383007
    outer loop
      vertex 153.71 318.728 5.85
      vertex 157.71 318.558 5.43999
      vertex 153.71 318.558 5.43999
    endloop
  endfacet
  facet normal 0 0.608848 -0.793287
    outer loop
      vertex 153.71 318.998 6.20208
      vertex 157.71 319.35 6.47224
      vertex 157.71 318.998 6.20208
    endloop
  endfacet
  facet normal 0 0.608848 -0.793287
    outer loop
      vertex 157.71 319.35 6.47224
      vertex 153.71 318.998 6.20208
      vertex 153.71 319.35 6.47224
    endloop
  endfacet
  facet normal 0 -0.382688 0.923878
    outer loop
      vertex 153.71 321.05 3.52776
      vertex 157.71 320.64 3.35793
      vertex 157.71 321.05 3.52776
    endloop
  endfacet
  facet normal 0 -0.382688 0.923878
    outer loop
      vertex 157.71 320.64 3.35793
      vertex 153.71 321.05 3.52776
      vertex 153.71 320.64 3.35793
    endloop
  endfacet
  facet normal 0 -0.793528 0.608534
    outer loop
      vertex 153.71 321.402 3.79792
      vertex 157.71 321.672 4.15
      vertex 153.71 321.672 4.15
    endloop
  endfacet
  facet normal 0 -0.793528 0.608534
    outer loop
      vertex 157.71 321.672 4.15
      vertex 153.71 321.402 3.79792
      vertex 157.71 321.402 3.79792
    endloop
  endfacet
  facet normal 0 -0.923745 0.383007
    outer loop
      vertex 153.71 321.672 4.15
      vertex 157.71 321.842 4.56001
      vertex 153.71 321.842 4.56001
    endloop
  endfacet
  facet normal 0 -0.923745 0.383007
    outer loop
      vertex 157.71 321.842 4.56001
      vertex 153.71 321.672 4.15
      vertex 157.71 321.672 4.15
    endloop
  endfacet
  facet normal 0 -0.130533 -0.991444
    outer loop
      vertex 153.71 320.2 6.7
      vertex 157.71 320.64 6.64207
      vertex 157.71 320.2 6.7
    endloop
  endfacet
  facet normal -0 -0.130533 -0.991444
    outer loop
      vertex 157.71 320.64 6.64207
      vertex 153.71 320.2 6.7
      vertex 153.71 320.64 6.64207
    endloop
  endfacet
  facet normal 0 -0.923745 -0.383007
    outer loop
      vertex 153.71 321.842 5.43999
      vertex 157.71 321.672 5.85
      vertex 153.71 321.672 5.85
    endloop
  endfacet
  facet normal 0 -0.923745 -0.383007
    outer loop
      vertex 157.71 321.672 5.85
      vertex 153.71 321.842 5.43999
      vertex 157.71 321.842 5.43999
    endloop
  endfacet
  facet normal -0 0.130533 0.991444
    outer loop
      vertex 153.71 320.2 3.3
      vertex 157.71 319.76 3.35793
      vertex 157.71 320.2 3.3
    endloop
  endfacet
  facet normal 0 0.130533 0.991444
    outer loop
      vertex 157.71 319.76 3.35793
      vertex 153.71 320.2 3.3
      vertex 153.71 319.76 3.35793
    endloop
  endfacet
  facet normal 0 0.923745 0.383007
    outer loop
      vertex 157.71 318.728 4.15
      vertex 153.71 318.558 4.56001
      vertex 157.71 318.558 4.56001
    endloop
  endfacet
  facet normal 0 0.923745 0.383007
    outer loop
      vertex 153.71 318.558 4.56001
      vertex 157.71 318.728 4.15
      vertex 153.71 318.728 4.15
    endloop
  endfacet
  facet normal -0 0.608848 0.793287
    outer loop
      vertex 153.71 319.35 3.52776
      vertex 157.71 318.998 3.79792
      vertex 157.71 319.35 3.52776
    endloop
  endfacet
  facet normal 0 0.608848 0.793287
    outer loop
      vertex 157.71 318.998 3.79792
      vertex 153.71 319.35 3.52776
      vertex 153.71 318.998 3.79792
    endloop
  endfacet
  facet normal 0 0.991423 -0.130691
    outer loop
      vertex 157.71 318.5 5
      vertex 153.71 318.558 5.43999
      vertex 157.71 318.558 5.43999
    endloop
  endfacet
  facet normal 0 0.991423 -0.130691
    outer loop
      vertex 153.71 318.558 5.43999
      vertex 157.71 318.5 5
      vertex 153.71 318.5 5
    endloop
  endfacet
  facet normal 0 0.382688 -0.923878
    outer loop
      vertex 153.71 319.35 6.47224
      vertex 157.71 319.76 6.64207
      vertex 157.71 319.35 6.47224
    endloop
  endfacet
  facet normal 0 0.382688 -0.923878
    outer loop
      vertex 157.71 319.76 6.64207
      vertex 153.71 319.35 6.47224
      vertex 153.71 319.76 6.64207
    endloop
  endfacet
  facet normal 0 -0.608848 0.793287
    outer loop
      vertex 153.71 321.402 3.79792
      vertex 157.71 321.05 3.52776
      vertex 157.71 321.402 3.79792
    endloop
  endfacet
  facet normal 0 -0.608848 0.793287
    outer loop
      vertex 157.71 321.05 3.52776
      vertex 153.71 321.402 3.79792
      vertex 153.71 321.05 3.52776
    endloop
  endfacet
  facet normal 0 -0.991423 0.130691
    outer loop
      vertex 153.71 321.842 4.56001
      vertex 157.71 321.9 5
      vertex 153.71 321.9 5
    endloop
  endfacet
  facet normal 0 -0.991423 0.130691
    outer loop
      vertex 157.71 321.9 5
      vertex 153.71 321.842 4.56001
      vertex 157.71 321.842 4.56001
    endloop
  endfacet
  facet normal 0 0.793528 0.608534
    outer loop
      vertex 157.71 318.998 3.79792
      vertex 153.71 318.728 4.15
      vertex 157.71 318.728 4.15
    endloop
  endfacet
  facet normal 0 0.793528 0.608534
    outer loop
      vertex 153.71 318.728 4.15
      vertex 157.71 318.998 3.79792
      vertex 153.71 318.998 3.79792
    endloop
  endfacet
  facet normal 0 0.991423 0.130691
    outer loop
      vertex 157.71 318.558 4.56001
      vertex 153.71 318.5 5
      vertex 157.71 318.5 5
    endloop
  endfacet
  facet normal 0 0.991423 0.130691
    outer loop
      vertex 153.71 318.5 5
      vertex 157.71 318.558 4.56001
      vertex 153.71 318.558 4.56001
    endloop
  endfacet
  facet normal -0.793528 0 0.608534
    outer loop
      vertex 175.442 153.1 3.79792
      vertex 175.712 157.1 4.15
      vertex 175.442 157.1 3.79792
    endloop
  endfacet
  facet normal -0.793528 0 0.608534
    outer loop
      vertex 175.712 157.1 4.15
      vertex 175.442 153.1 3.79792
      vertex 175.712 153.1 4.15
    endloop
  endfacet
  facet normal -0.991423 0 0.130691
    outer loop
      vertex 175.882 153.1 4.56001
      vertex 175.94 157.1 5
      vertex 175.882 157.1 4.56001
    endloop
  endfacet
  facet normal -0.991423 0 0.130691
    outer loop
      vertex 175.94 157.1 5
      vertex 175.882 153.1 4.56001
      vertex 175.94 153.1 5
    endloop
  endfacet
  facet normal 0.991423 -0 0.130691
    outer loop
      vertex 172.54 153.1 5
      vertex 172.598 157.1 4.56001
      vertex 172.54 157.1 5
    endloop
  endfacet
  facet normal 0.991423 0 0.130691
    outer loop
      vertex 172.598 157.1 4.56001
      vertex 172.54 153.1 5
      vertex 172.598 153.1 4.56001
    endloop
  endfacet
  facet normal -0.608848 0 0.793287
    outer loop
      vertex 175.09 157.1 3.52776
      vertex 175.442 153.1 3.79792
      vertex 175.442 157.1 3.79792
    endloop
  endfacet
  facet normal -0.608848 0 0.793287
    outer loop
      vertex 175.442 153.1 3.79792
      vertex 175.09 157.1 3.52776
      vertex 175.09 153.1 3.52776
    endloop
  endfacet
  facet normal 0.608848 0 0.793287
    outer loop
      vertex 173.038 157.1 3.79792
      vertex 173.39 153.1 3.52776
      vertex 173.39 157.1 3.52776
    endloop
  endfacet
  facet normal 0.608848 0 0.793287
    outer loop
      vertex 173.39 153.1 3.52776
      vertex 173.038 157.1 3.79792
      vertex 173.038 153.1 3.79792
    endloop
  endfacet
  facet normal 0.793528 -0 0.608534
    outer loop
      vertex 172.768 153.1 4.15
      vertex 173.038 157.1 3.79792
      vertex 172.768 157.1 4.15
    endloop
  endfacet
  facet normal 0.793528 0 0.608534
    outer loop
      vertex 173.038 157.1 3.79792
      vertex 172.768 153.1 4.15
      vertex 173.038 153.1 3.79792
    endloop
  endfacet
  facet normal -0.382688 0 -0.923878
    outer loop
      vertex 174.68 153.1 6.64207
      vertex 175.09 157.1 6.47224
      vertex 175.09 153.1 6.47224
    endloop
  endfacet
  facet normal -0.382688 0 -0.923878
    outer loop
      vertex 175.09 157.1 6.47224
      vertex 174.68 153.1 6.64207
      vertex 174.68 157.1 6.64207
    endloop
  endfacet
  facet normal 0.130533 0 0.991444
    outer loop
      vertex 173.8 157.1 3.35793
      vertex 174.24 153.1 3.3
      vertex 174.24 157.1 3.3
    endloop
  endfacet
  facet normal 0.130533 0 0.991444
    outer loop
      vertex 174.24 153.1 3.3
      vertex 173.8 157.1 3.35793
      vertex 173.8 153.1 3.35793
    endloop
  endfacet
  facet normal -0.382688 0 0.923878
    outer loop
      vertex 174.68 157.1 3.35793
      vertex 175.09 153.1 3.52776
      vertex 175.09 157.1 3.52776
    endloop
  endfacet
  facet normal -0.382688 0 0.923878
    outer loop
      vertex 175.09 153.1 3.52776
      vertex 174.68 157.1 3.35793
      vertex 174.68 153.1 3.35793
    endloop
  endfacet
  facet normal 0.991423 0 -0.130691
    outer loop
      vertex 172.598 153.1 5.43999
      vertex 172.54 157.1 5
      vertex 172.598 157.1 5.43999
    endloop
  endfacet
  facet normal 0.991423 0 -0.130691
    outer loop
      vertex 172.54 157.1 5
      vertex 172.598 153.1 5.43999
      vertex 172.54 153.1 5
    endloop
  endfacet
  facet normal 0.923745 -0 0.383007
    outer loop
      vertex 172.598 153.1 4.56001
      vertex 172.768 157.1 4.15
      vertex 172.598 157.1 4.56001
    endloop
  endfacet
  facet normal 0.923745 0 0.383007
    outer loop
      vertex 172.768 157.1 4.15
      vertex 172.598 153.1 4.56001
      vertex 172.768 153.1 4.15
    endloop
  endfacet
  facet normal 0.382688 0 0.923878
    outer loop
      vertex 173.39 157.1 3.52776
      vertex 173.8 153.1 3.35793
      vertex 173.8 157.1 3.35793
    endloop
  endfacet
  facet normal 0.382688 0 0.923878
    outer loop
      vertex 173.8 153.1 3.35793
      vertex 173.39 157.1 3.52776
      vertex 173.39 153.1 3.52776
    endloop
  endfacet
  facet normal -0.923745 0 -0.383007
    outer loop
      vertex 175.882 153.1 5.43999
      vertex 175.712 157.1 5.85
      vertex 175.882 157.1 5.43999
    endloop
  endfacet
  facet normal -0.923745 -0 -0.383007
    outer loop
      vertex 175.712 157.1 5.85
      vertex 175.882 153.1 5.43999
      vertex 175.712 153.1 5.85
    endloop
  endfacet
  facet normal 0.382688 0 -0.923878
    outer loop
      vertex 173.39 153.1 6.47224
      vertex 173.8 157.1 6.64207
      vertex 173.8 153.1 6.64207
    endloop
  endfacet
  facet normal 0.382688 0 -0.923878
    outer loop
      vertex 173.8 157.1 6.64207
      vertex 173.39 153.1 6.47224
      vertex 173.39 157.1 6.47224
    endloop
  endfacet
  facet normal 0.608848 0 -0.793287
    outer loop
      vertex 173.038 153.1 6.20208
      vertex 173.39 157.1 6.47224
      vertex 173.39 153.1 6.47224
    endloop
  endfacet
  facet normal 0.608848 0 -0.793287
    outer loop
      vertex 173.39 157.1 6.47224
      vertex 173.038 153.1 6.20208
      vertex 173.038 157.1 6.20208
    endloop
  endfacet
  facet normal -0.793528 0 -0.608534
    outer loop
      vertex 175.712 153.1 5.85
      vertex 175.442 157.1 6.20208
      vertex 175.712 157.1 5.85
    endloop
  endfacet
  facet normal -0.793528 -0 -0.608534
    outer loop
      vertex 175.442 157.1 6.20208
      vertex 175.712 153.1 5.85
      vertex 175.442 153.1 6.20208
    endloop
  endfacet
  facet normal -0.991423 0 -0.130691
    outer loop
      vertex 175.94 153.1 5
      vertex 175.882 157.1 5.43999
      vertex 175.94 157.1 5
    endloop
  endfacet
  facet normal -0.991423 -0 -0.130691
    outer loop
      vertex 175.882 157.1 5.43999
      vertex 175.94 153.1 5
      vertex 175.882 153.1 5.43999
    endloop
  endfacet
  facet normal -0.923745 0 0.383007
    outer loop
      vertex 175.712 153.1 4.15
      vertex 175.882 157.1 4.56001
      vertex 175.712 157.1 4.15
    endloop
  endfacet
  facet normal -0.923745 0 0.383007
    outer loop
      vertex 175.882 157.1 4.56001
      vertex 175.712 153.1 4.15
      vertex 175.882 153.1 4.56001
    endloop
  endfacet
  facet normal -0.130533 0 0.991444
    outer loop
      vertex 174.24 157.1 3.3
      vertex 174.68 153.1 3.35793
      vertex 174.68 157.1 3.35793
    endloop
  endfacet
  facet normal -0.130533 0 0.991444
    outer loop
      vertex 174.68 153.1 3.35793
      vertex 174.24 157.1 3.3
      vertex 174.24 153.1 3.3
    endloop
  endfacet
  facet normal 0.923745 0 -0.383007
    outer loop
      vertex 172.768 153.1 5.85
      vertex 172.598 157.1 5.43999
      vertex 172.768 157.1 5.85
    endloop
  endfacet
  facet normal 0.923745 0 -0.383007
    outer loop
      vertex 172.598 157.1 5.43999
      vertex 172.768 153.1 5.85
      vertex 172.598 153.1 5.43999
    endloop
  endfacet
  facet normal -0.608848 0 -0.793287
    outer loop
      vertex 175.09 153.1 6.47224
      vertex 175.442 157.1 6.20208
      vertex 175.442 153.1 6.20208
    endloop
  endfacet
  facet normal -0.608848 0 -0.793287
    outer loop
      vertex 175.442 157.1 6.20208
      vertex 175.09 153.1 6.47224
      vertex 175.09 157.1 6.47224
    endloop
  endfacet
  facet normal -0.130533 0 -0.991444
    outer loop
      vertex 174.24 153.1 6.7
      vertex 174.68 157.1 6.64207
      vertex 174.68 153.1 6.64207
    endloop
  endfacet
  facet normal -0.130533 0 -0.991444
    outer loop
      vertex 174.68 157.1 6.64207
      vertex 174.24 153.1 6.7
      vertex 174.24 157.1 6.7
    endloop
  endfacet
  facet normal 0.130533 0 -0.991444
    outer loop
      vertex 173.8 153.1 6.64207
      vertex 174.24 157.1 6.7
      vertex 174.24 153.1 6.7
    endloop
  endfacet
  facet normal 0.130533 0 -0.991444
    outer loop
      vertex 174.24 157.1 6.7
      vertex 173.8 153.1 6.64207
      vertex 173.8 157.1 6.64207
    endloop
  endfacet
  facet normal 0.793528 0 -0.608534
    outer loop
      vertex 173.038 153.1 6.20208
      vertex 172.768 157.1 5.85
      vertex 173.038 157.1 6.20208
    endloop
  endfacet
  facet normal 0.793528 0 -0.608534
    outer loop
      vertex 172.768 157.1 5.85
      vertex 173.038 153.1 6.20208
      vertex 172.768 153.1 5.85
    endloop
  endfacet
  facet normal -0.991423 0 0.130691
    outer loop
      vertex 216.942 153.1 4.56001
      vertex 217 157.1 5
      vertex 216.942 157.1 4.56001
    endloop
  endfacet
  facet normal -0.991423 0 0.130691
    outer loop
      vertex 217 157.1 5
      vertex 216.942 153.1 4.56001
      vertex 217 153.1 5
    endloop
  endfacet
  facet normal 0.991423 -0 0.130691
    outer loop
      vertex 213.6 153.1 5
      vertex 213.658 157.1 4.56001
      vertex 213.6 157.1 5
    endloop
  endfacet
  facet normal 0.991423 0 0.130691
    outer loop
      vertex 213.658 157.1 4.56001
      vertex 213.6 153.1 5
      vertex 213.658 153.1 4.56001
    endloop
  endfacet
  facet normal -0.130533 0 0.991444
    outer loop
      vertex 215.3 157.1 3.3
      vertex 215.74 153.1 3.35793
      vertex 215.74 157.1 3.35793
    endloop
  endfacet
  facet normal -0.130533 0 0.991444
    outer loop
      vertex 215.74 153.1 3.35793
      vertex 215.3 157.1 3.3
      vertex 215.3 153.1 3.3
    endloop
  endfacet
  facet normal -0.130533 0 -0.991444
    outer loop
      vertex 215.3 153.1 6.7
      vertex 215.74 157.1 6.64207
      vertex 215.74 153.1 6.64207
    endloop
  endfacet
  facet normal -0.130533 0 -0.991444
    outer loop
      vertex 215.74 157.1 6.64207
      vertex 215.3 153.1 6.7
      vertex 215.3 157.1 6.7
    endloop
  endfacet
  facet normal -0.608848 0 0.793287
    outer loop
      vertex 216.15 157.1 3.52776
      vertex 216.502 153.1 3.79792
      vertex 216.502 157.1 3.79792
    endloop
  endfacet
  facet normal -0.608848 0 0.793287
    outer loop
      vertex 216.502 153.1 3.79792
      vertex 216.15 157.1 3.52776
      vertex 216.15 153.1 3.52776
    endloop
  endfacet
  facet normal -0.382688 0 0.923878
    outer loop
      vertex 215.74 157.1 3.35793
      vertex 216.15 153.1 3.52776
      vertex 216.15 157.1 3.52776
    endloop
  endfacet
  facet normal -0.382688 0 0.923878
    outer loop
      vertex 216.15 153.1 3.52776
      vertex 215.74 157.1 3.35793
      vertex 215.74 153.1 3.35793
    endloop
  endfacet
  facet normal 0.608848 0 0.793287
    outer loop
      vertex 214.098 157.1 3.79792
      vertex 214.45 153.1 3.52776
      vertex 214.45 157.1 3.52776
    endloop
  endfacet
  facet normal 0.608848 0 0.793287
    outer loop
      vertex 214.45 153.1 3.52776
      vertex 214.098 157.1 3.79792
      vertex 214.098 153.1 3.79792
    endloop
  endfacet
  facet normal 0.793528 -0 0.608534
    outer loop
      vertex 213.828 153.1 4.15
      vertex 214.098 157.1 3.79792
      vertex 213.828 157.1 4.15
    endloop
  endfacet
  facet normal 0.793528 0 0.608534
    outer loop
      vertex 214.098 157.1 3.79792
      vertex 213.828 153.1 4.15
      vertex 214.098 153.1 3.79792
    endloop
  endfacet
  facet normal 0.130533 0 0.991444
    outer loop
      vertex 214.86 157.1 3.35793
      vertex 215.3 153.1 3.3
      vertex 215.3 157.1 3.3
    endloop
  endfacet
  facet normal 0.130533 0 0.991444
    outer loop
      vertex 215.3 153.1 3.3
      vertex 214.86 157.1 3.35793
      vertex 214.86 153.1 3.35793
    endloop
  endfacet
  facet normal -0.793528 0 0.608534
    outer loop
      vertex 216.502 153.1 3.79792
      vertex 216.772 157.1 4.15
      vertex 216.502 157.1 3.79792
    endloop
  endfacet
  facet normal -0.793528 0 0.608534
    outer loop
      vertex 216.772 157.1 4.15
      vertex 216.502 153.1 3.79792
      vertex 216.772 153.1 4.15
    endloop
  endfacet
  facet normal -0.923745 0 0.383007
    outer loop
      vertex 216.772 153.1 4.15
      vertex 216.942 157.1 4.56001
      vertex 216.772 157.1 4.15
    endloop
  endfacet
  facet normal -0.923745 0 0.383007
    outer loop
      vertex 216.942 157.1 4.56001
      vertex 216.772 153.1 4.15
      vertex 216.942 153.1 4.56001
    endloop
  endfacet
  facet normal 0.923745 -0 0.383007
    outer loop
      vertex 213.658 153.1 4.56001
      vertex 213.828 157.1 4.15
      vertex 213.658 157.1 4.56001
    endloop
  endfacet
  facet normal 0.923745 0 0.383007
    outer loop
      vertex 213.828 157.1 4.15
      vertex 213.658 153.1 4.56001
      vertex 213.828 153.1 4.15
    endloop
  endfacet
  facet normal 0.382688 0 0.923878
    outer loop
      vertex 214.45 157.1 3.52776
      vertex 214.86 153.1 3.35793
      vertex 214.86 157.1 3.35793
    endloop
  endfacet
  facet normal 0.382688 0 0.923878
    outer loop
      vertex 214.86 153.1 3.35793
      vertex 214.45 157.1 3.52776
      vertex 214.45 153.1 3.52776
    endloop
  endfacet
  facet normal -0.793528 0 -0.608534
    outer loop
      vertex 216.772 153.1 5.85
      vertex 216.502 157.1 6.20208
      vertex 216.772 157.1 5.85
    endloop
  endfacet
  facet normal -0.793528 -0 -0.608534
    outer loop
      vertex 216.502 157.1 6.20208
      vertex 216.772 153.1 5.85
      vertex 216.502 153.1 6.20208
    endloop
  endfacet
  facet normal -0.923745 0 -0.383007
    outer loop
      vertex 216.942 153.1 5.43999
      vertex 216.772 157.1 5.85
      vertex 216.942 157.1 5.43999
    endloop
  endfacet
  facet normal -0.923745 -0 -0.383007
    outer loop
      vertex 216.772 157.1 5.85
      vertex 216.942 153.1 5.43999
      vertex 216.772 153.1 5.85
    endloop
  endfacet
  facet normal 0.608848 0 -0.793287
    outer loop
      vertex 214.098 153.1 6.20208
      vertex 214.45 157.1 6.47224
      vertex 214.45 153.1 6.47224
    endloop
  endfacet
  facet normal 0.608848 0 -0.793287
    outer loop
      vertex 214.45 157.1 6.47224
      vertex 214.098 153.1 6.20208
      vertex 214.098 157.1 6.20208
    endloop
  endfacet
  facet normal 0.793528 0 -0.608534
    outer loop
      vertex 214.098 153.1 6.20208
      vertex 213.828 157.1 5.85
      vertex 214.098 157.1 6.20208
    endloop
  endfacet
  facet normal 0.793528 0 -0.608534
    outer loop
      vertex 213.828 157.1 5.85
      vertex 214.098 153.1 6.20208
      vertex 213.828 153.1 5.85
    endloop
  endfacet
  facet normal -0.991423 0 -0.130691
    outer loop
      vertex 217 153.1 5
      vertex 216.942 157.1 5.43999
      vertex 217 157.1 5
    endloop
  endfacet
  facet normal -0.991423 -0 -0.130691
    outer loop
      vertex 216.942 157.1 5.43999
      vertex 217 153.1 5
      vertex 216.942 153.1 5.43999
    endloop
  endfacet
  facet normal 0.130533 0 -0.991444
    outer loop
      vertex 214.86 153.1 6.64207
      vertex 215.3 157.1 6.7
      vertex 215.3 153.1 6.7
    endloop
  endfacet
  facet normal 0.130533 0 -0.991444
    outer loop
      vertex 215.3 157.1 6.7
      vertex 214.86 153.1 6.64207
      vertex 214.86 157.1 6.64207
    endloop
  endfacet
  facet normal 0.923745 0 -0.383007
    outer loop
      vertex 213.828 153.1 5.85
      vertex 213.658 157.1 5.43999
      vertex 213.828 157.1 5.85
    endloop
  endfacet
  facet normal 0.923745 0 -0.383007
    outer loop
      vertex 213.658 157.1 5.43999
      vertex 213.828 153.1 5.85
      vertex 213.658 153.1 5.43999
    endloop
  endfacet
  facet normal 0.991423 0 -0.130691
    outer loop
      vertex 213.658 153.1 5.43999
      vertex 213.6 157.1 5
      vertex 213.658 157.1 5.43999
    endloop
  endfacet
  facet normal 0.991423 0 -0.130691
    outer loop
      vertex 213.6 157.1 5
      vertex 213.658 153.1 5.43999
      vertex 213.6 153.1 5
    endloop
  endfacet
  facet normal -0.608848 0 -0.793287
    outer loop
      vertex 216.15 153.1 6.47224
      vertex 216.502 157.1 6.20208
      vertex 216.502 153.1 6.20208
    endloop
  endfacet
  facet normal -0.608848 0 -0.793287
    outer loop
      vertex 216.502 157.1 6.20208
      vertex 216.15 153.1 6.47224
      vertex 216.15 157.1 6.47224
    endloop
  endfacet
  facet normal -0.382688 0 -0.923878
    outer loop
      vertex 215.74 153.1 6.64207
      vertex 216.15 157.1 6.47224
      vertex 216.15 153.1 6.47224
    endloop
  endfacet
  facet normal -0.382688 0 -0.923878
    outer loop
      vertex 216.15 157.1 6.47224
      vertex 215.74 153.1 6.64207
      vertex 215.74 157.1 6.64207
    endloop
  endfacet
  facet normal 0.382688 0 -0.923878
    outer loop
      vertex 214.45 153.1 6.47224
      vertex 214.86 157.1 6.64207
      vertex 214.86 153.1 6.64207
    endloop
  endfacet
  facet normal 0.382688 0 -0.923878
    outer loop
      vertex 214.86 157.1 6.64207
      vertex 214.45 153.1 6.47224
      vertex 214.45 157.1 6.47224
    endloop
  endfacet
  facet normal -0.991423 0 0.130691
    outer loop
      vertex 258.002 153.1 4.56001
      vertex 258.06 157.1 5
      vertex 258.002 157.1 4.56001
    endloop
  endfacet
  facet normal -0.991423 0 0.130691
    outer loop
      vertex 258.06 157.1 5
      vertex 258.002 153.1 4.56001
      vertex 258.06 153.1 5
    endloop
  endfacet
  facet normal 0.991423 -0 0.130691
    outer loop
      vertex 254.66 153.1 5
      vertex 254.718 157.1 4.56001
      vertex 254.66 157.1 5
    endloop
  endfacet
  facet normal 0.991423 0 0.130691
    outer loop
      vertex 254.718 157.1 4.56001
      vertex 254.66 153.1 5
      vertex 254.718 153.1 4.56001
    endloop
  endfacet
  facet normal 0.130533 0 0.991444
    outer loop
      vertex 255.92 157.1 3.35793
      vertex 256.36 153.1 3.3
      vertex 256.36 157.1 3.3
    endloop
  endfacet
  facet normal 0.130533 0 0.991444
    outer loop
      vertex 256.36 153.1 3.3
      vertex 255.92 157.1 3.35793
      vertex 255.92 153.1 3.35793
    endloop
  endfacet
  facet normal -0.608848 0 0.793287
    outer loop
      vertex 257.21 157.1 3.52776
      vertex 257.562 153.1 3.79792
      vertex 257.562 157.1 3.79792
    endloop
  endfacet
  facet normal -0.608848 0 0.793287
    outer loop
      vertex 257.562 153.1 3.79792
      vertex 257.21 157.1 3.52776
      vertex 257.21 153.1 3.52776
    endloop
  endfacet
  facet normal -0.382688 0 0.923878
    outer loop
      vertex 256.8 157.1 3.35793
      vertex 257.21 153.1 3.52776
      vertex 257.21 157.1 3.52776
    endloop
  endfacet
  facet normal -0.382688 0 0.923878
    outer loop
      vertex 257.21 153.1 3.52776
      vertex 256.8 157.1 3.35793
      vertex 256.8 153.1 3.35793
    endloop
  endfacet
  facet normal 0.793528 -0 0.608534
    outer loop
      vertex 254.888 153.1 4.15
      vertex 255.158 157.1 3.79792
      vertex 254.888 157.1 4.15
    endloop
  endfacet
  facet normal 0.793528 0 0.608534
    outer loop
      vertex 255.158 157.1 3.79792
      vertex 254.888 153.1 4.15
      vertex 255.158 153.1 3.79792
    endloop
  endfacet
  facet normal 0.923745 -0 0.383007
    outer loop
      vertex 254.718 153.1 4.56001
      vertex 254.888 157.1 4.15
      vertex 254.718 157.1 4.56001
    endloop
  endfacet
  facet normal 0.923745 0 0.383007
    outer loop
      vertex 254.888 157.1 4.15
      vertex 254.718 153.1 4.56001
      vertex 254.888 153.1 4.15
    endloop
  endfacet
  facet normal 0.608848 0 0.793287
    outer loop
      vertex 255.158 157.1 3.79792
      vertex 255.51 153.1 3.52776
      vertex 255.51 157.1 3.52776
    endloop
  endfacet
  facet normal 0.608848 0 0.793287
    outer loop
      vertex 255.51 153.1 3.52776
      vertex 255.158 157.1 3.79792
      vertex 255.158 153.1 3.79792
    endloop
  endfacet
  facet normal -0.793528 0 -0.608534
    outer loop
      vertex 257.832 153.1 5.85
      vertex 257.562 157.1 6.20208
      vertex 257.832 157.1 5.85
    endloop
  endfacet
  facet normal -0.793528 -0 -0.608534
    outer loop
      vertex 257.562 157.1 6.20208
      vertex 257.832 153.1 5.85
      vertex 257.562 153.1 6.20208
    endloop
  endfacet
  facet normal -0.923745 0 -0.383007
    outer loop
      vertex 258.002 153.1 5.43999
      vertex 257.832 157.1 5.85
      vertex 258.002 157.1 5.43999
    endloop
  endfacet
  facet normal -0.923745 -0 -0.383007
    outer loop
      vertex 257.832 157.1 5.85
      vertex 258.002 153.1 5.43999
      vertex 257.832 153.1 5.85
    endloop
  endfacet
  facet normal -0.793528 0 0.608534
    outer loop
      vertex 257.562 153.1 3.79792
      vertex 257.832 157.1 4.15
      vertex 257.562 157.1 3.79792
    endloop
  endfacet
  facet normal -0.793528 0 0.608534
    outer loop
      vertex 257.832 157.1 4.15
      vertex 257.562 153.1 3.79792
      vertex 257.832 153.1 4.15
    endloop
  endfacet
  facet normal -0.923745 0 0.383007
    outer loop
      vertex 257.832 153.1 4.15
      vertex 258.002 157.1 4.56001
      vertex 257.832 157.1 4.15
    endloop
  endfacet
  facet normal -0.923745 0 0.383007
    outer loop
      vertex 258.002 157.1 4.56001
      vertex 257.832 153.1 4.15
      vertex 258.002 153.1 4.56001
    endloop
  endfacet
  facet normal -0.130533 0 0.991444
    outer loop
      vertex 256.36 157.1 3.3
      vertex 256.8 153.1 3.35793
      vertex 256.8 157.1 3.35793
    endloop
  endfacet
  facet normal -0.130533 0 0.991444
    outer loop
      vertex 256.8 153.1 3.35793
      vertex 256.36 157.1 3.3
      vertex 256.36 153.1 3.3
    endloop
  endfacet
  facet normal 0.382688 0 0.923878
    outer loop
      vertex 255.51 157.1 3.52776
      vertex 255.92 153.1 3.35793
      vertex 255.92 157.1 3.35793
    endloop
  endfacet
  facet normal 0.382688 0 0.923878
    outer loop
      vertex 255.92 153.1 3.35793
      vertex 255.51 157.1 3.52776
      vertex 255.51 153.1 3.52776
    endloop
  endfacet
  facet normal -0.991423 0 -0.130691
    outer loop
      vertex 258.06 153.1 5
      vertex 258.002 157.1 5.43999
      vertex 258.06 157.1 5
    endloop
  endfacet
  facet normal -0.991423 -0 -0.130691
    outer loop
      vertex 258.002 157.1 5.43999
      vertex 258.06 153.1 5
      vertex 258.002 153.1 5.43999
    endloop
  endfacet
  facet normal -0.130533 0 -0.991444
    outer loop
      vertex 256.36 153.1 6.7
      vertex 256.8 157.1 6.64207
      vertex 256.8 153.1 6.64207
    endloop
  endfacet
  facet normal -0.130533 0 -0.991444
    outer loop
      vertex 256.8 157.1 6.64207
      vertex 256.36 153.1 6.7
      vertex 256.36 157.1 6.7
    endloop
  endfacet
  facet normal -0.608848 0 -0.793287
    outer loop
      vertex 257.21 153.1 6.47224
      vertex 257.562 157.1 6.20208
      vertex 257.562 153.1 6.20208
    endloop
  endfacet
  facet normal -0.608848 0 -0.793287
    outer loop
      vertex 257.562 157.1 6.20208
      vertex 257.21 153.1 6.47224
      vertex 257.21 157.1 6.47224
    endloop
  endfacet
  facet normal 0.608848 0 -0.793287
    outer loop
      vertex 255.158 153.1 6.20208
      vertex 255.51 157.1 6.47224
      vertex 255.51 153.1 6.47224
    endloop
  endfacet
  facet normal 0.608848 0 -0.793287
    outer loop
      vertex 255.51 157.1 6.47224
      vertex 255.158 153.1 6.20208
      vertex 255.158 157.1 6.20208
    endloop
  endfacet
  facet normal 0.130533 0 -0.991444
    outer loop
      vertex 255.92 153.1 6.64207
      vertex 256.36 157.1 6.7
      vertex 256.36 153.1 6.7
    endloop
  endfacet
  facet normal 0.130533 0 -0.991444
    outer loop
      vertex 256.36 157.1 6.7
      vertex 255.92 153.1 6.64207
      vertex 255.92 157.1 6.64207
    endloop
  endfacet
  facet normal 0.793528 0 -0.608534
    outer loop
      vertex 255.158 153.1 6.20208
      vertex 254.888 157.1 5.85
      vertex 255.158 157.1 6.20208
    endloop
  endfacet
  facet normal 0.793528 0 -0.608534
    outer loop
      vertex 254.888 157.1 5.85
      vertex 255.158 153.1 6.20208
      vertex 254.888 153.1 5.85
    endloop
  endfacet
  facet normal 0.991423 0 -0.130691
    outer loop
      vertex 254.718 153.1 5.43999
      vertex 254.66 157.1 5
      vertex 254.718 157.1 5.43999
    endloop
  endfacet
  facet normal 0.991423 0 -0.130691
    outer loop
      vertex 254.66 157.1 5
      vertex 254.718 153.1 5.43999
      vertex 254.66 153.1 5
    endloop
  endfacet
  facet normal -0.382688 0 -0.923878
    outer loop
      vertex 256.8 153.1 6.64207
      vertex 257.21 157.1 6.47224
      vertex 257.21 153.1 6.47224
    endloop
  endfacet
  facet normal -0.382688 0 -0.923878
    outer loop
      vertex 257.21 157.1 6.47224
      vertex 256.8 153.1 6.64207
      vertex 256.8 157.1 6.64207
    endloop
  endfacet
  facet normal 0.382688 0 -0.923878
    outer loop
      vertex 255.51 153.1 6.47224
      vertex 255.92 157.1 6.64207
      vertex 255.92 153.1 6.64207
    endloop
  endfacet
  facet normal 0.382688 0 -0.923878
    outer loop
      vertex 255.92 157.1 6.64207
      vertex 255.51 153.1 6.47224
      vertex 255.51 157.1 6.47224
    endloop
  endfacet
  facet normal 0.923745 0 -0.383007
    outer loop
      vertex 254.888 153.1 5.85
      vertex 254.718 157.1 5.43999
      vertex 254.888 157.1 5.85
    endloop
  endfacet
  facet normal 0.923745 0 -0.383007
    outer loop
      vertex 254.718 157.1 5.43999
      vertex 254.888 153.1 5.85
      vertex 254.718 153.1 5.43999
    endloop
  endfacet
  facet normal -0.991423 0 0.130691
    outer loop
      vertex 299.062 153.1 4.56001
      vertex 299.12 157.1 5
      vertex 299.062 157.1 4.56001
    endloop
  endfacet
  facet normal -0.991423 0 0.130691
    outer loop
      vertex 299.12 157.1 5
      vertex 299.062 153.1 4.56001
      vertex 299.12 153.1 5
    endloop
  endfacet
  facet normal 0.991423 -0 0.130691
    outer loop
      vertex 295.72 153.1 5
      vertex 295.778 157.1 4.56001
      vertex 295.72 157.1 5
    endloop
  endfacet
  facet normal 0.991423 0 0.130691
    outer loop
      vertex 295.778 157.1 4.56001
      vertex 295.72 153.1 5
      vertex 295.778 153.1 4.56001
    endloop
  endfacet
  facet normal -0.130533 0 0.991444
    outer loop
      vertex 297.42 157.1 3.3
      vertex 297.86 153.1 3.35793
      vertex 297.86 157.1 3.35793
    endloop
  endfacet
  facet normal -0.130533 0 0.991444
    outer loop
      vertex 297.86 153.1 3.35793
      vertex 297.42 157.1 3.3
      vertex 297.42 153.1 3.3
    endloop
  endfacet
  facet normal -0.130533 0 -0.991444
    outer loop
      vertex 297.42 153.1 6.7
      vertex 297.86 157.1 6.64207
      vertex 297.86 153.1 6.64207
    endloop
  endfacet
  facet normal -0.130533 0 -0.991444
    outer loop
      vertex 297.86 157.1 6.64207
      vertex 297.42 153.1 6.7
      vertex 297.42 157.1 6.7
    endloop
  endfacet
  facet normal -0.608848 0 0.793287
    outer loop
      vertex 298.27 157.1 3.52776
      vertex 298.622 153.1 3.79792
      vertex 298.622 157.1 3.79792
    endloop
  endfacet
  facet normal -0.608848 0 0.793287
    outer loop
      vertex 298.622 153.1 3.79792
      vertex 298.27 157.1 3.52776
      vertex 298.27 153.1 3.52776
    endloop
  endfacet
  facet normal -0.382688 0 0.923878
    outer loop
      vertex 297.86 157.1 3.35793
      vertex 298.27 153.1 3.52776
      vertex 298.27 157.1 3.52776
    endloop
  endfacet
  facet normal -0.382688 0 0.923878
    outer loop
      vertex 298.27 153.1 3.52776
      vertex 297.86 157.1 3.35793
      vertex 297.86 153.1 3.35793
    endloop
  endfacet
  facet normal 0.608848 0 0.793287
    outer loop
      vertex 296.218 157.1 3.79792
      vertex 296.57 153.1 3.52776
      vertex 296.57 157.1 3.52776
    endloop
  endfacet
  facet normal 0.608848 0 0.793287
    outer loop
      vertex 296.57 153.1 3.52776
      vertex 296.218 157.1 3.79792
      vertex 296.218 153.1 3.79792
    endloop
  endfacet
  facet normal 0.130533 0 0.991444
    outer loop
      vertex 296.98 157.1 3.35793
      vertex 297.42 153.1 3.3
      vertex 297.42 157.1 3.3
    endloop
  endfacet
  facet normal 0.130533 0 0.991444
    outer loop
      vertex 297.42 153.1 3.3
      vertex 296.98 157.1 3.35793
      vertex 296.98 153.1 3.35793
    endloop
  endfacet
  facet normal -0.793528 0 0.608534
    outer loop
      vertex 298.622 153.1 3.79792
      vertex 298.892 157.1 4.15
      vertex 298.622 157.1 3.79792
    endloop
  endfacet
  facet normal -0.793528 0 0.608534
    outer loop
      vertex 298.892 157.1 4.15
      vertex 298.622 153.1 3.79792
      vertex 298.892 153.1 4.15
    endloop
  endfacet
  facet normal -0.923745 0 0.383007
    outer loop
      vertex 298.892 153.1 4.15
      vertex 299.062 157.1 4.56001
      vertex 298.892 157.1 4.15
    endloop
  endfacet
  facet normal -0.923745 0 0.383007
    outer loop
      vertex 299.062 157.1 4.56001
      vertex 298.892 153.1 4.15
      vertex 299.062 153.1 4.56001
    endloop
  endfacet
  facet normal 0.793528 -0 0.608534
    outer loop
      vertex 295.948 153.1 4.15
      vertex 296.218 157.1 3.79792
      vertex 295.948 157.1 4.15
    endloop
  endfacet
  facet normal 0.793528 0 0.608534
    outer loop
      vertex 296.218 157.1 3.79792
      vertex 295.948 153.1 4.15
      vertex 296.218 153.1 3.79792
    endloop
  endfacet
  facet normal 0.923745 -0 0.383007
    outer loop
      vertex 295.778 153.1 4.56001
      vertex 295.948 157.1 4.15
      vertex 295.778 157.1 4.56001
    endloop
  endfacet
  facet normal 0.923745 0 0.383007
    outer loop
      vertex 295.948 157.1 4.15
      vertex 295.778 153.1 4.56001
      vertex 295.948 153.1 4.15
    endloop
  endfacet
  facet normal 0.382688 0 0.923878
    outer loop
      vertex 296.57 157.1 3.52776
      vertex 296.98 153.1 3.35793
      vertex 296.98 157.1 3.35793
    endloop
  endfacet
  facet normal 0.382688 0 0.923878
    outer loop
      vertex 296.98 153.1 3.35793
      vertex 296.57 157.1 3.52776
      vertex 296.57 153.1 3.52776
    endloop
  endfacet
  facet normal 0.991423 0 -0.130691
    outer loop
      vertex 295.778 153.1 5.43999
      vertex 295.72 157.1 5
      vertex 295.778 157.1 5.43999
    endloop
  endfacet
  facet normal 0.991423 0 -0.130691
    outer loop
      vertex 295.72 157.1 5
      vertex 295.778 153.1 5.43999
      vertex 295.72 153.1 5
    endloop
  endfacet
  facet normal -0.793528 0 -0.608534
    outer loop
      vertex 298.892 153.1 5.85
      vertex 298.622 157.1 6.20208
      vertex 298.892 157.1 5.85
    endloop
  endfacet
  facet normal -0.793528 -0 -0.608534
    outer loop
      vertex 298.622 157.1 6.20208
      vertex 298.892 153.1 5.85
      vertex 298.622 153.1 6.20208
    endloop
  endfacet
  facet normal -0.923745 0 -0.383007
    outer loop
      vertex 299.062 153.1 5.43999
      vertex 298.892 157.1 5.85
      vertex 299.062 157.1 5.43999
    endloop
  endfacet
  facet normal -0.923745 -0 -0.383007
    outer loop
      vertex 298.892 157.1 5.85
      vertex 299.062 153.1 5.43999
      vertex 298.892 153.1 5.85
    endloop
  endfacet
  facet normal -0.382688 0 -0.923878
    outer loop
      vertex 297.86 153.1 6.64207
      vertex 298.27 157.1 6.47224
      vertex 298.27 153.1 6.47224
    endloop
  endfacet
  facet normal -0.382688 0 -0.923878
    outer loop
      vertex 298.27 157.1 6.47224
      vertex 297.86 153.1 6.64207
      vertex 297.86 157.1 6.64207
    endloop
  endfacet
  facet normal -0.991423 0 -0.130691
    outer loop
      vertex 299.12 153.1 5
      vertex 299.062 157.1 5.43999
      vertex 299.12 157.1 5
    endloop
  endfacet
  facet normal -0.991423 -0 -0.130691
    outer loop
      vertex 299.062 157.1 5.43999
      vertex 299.12 153.1 5
      vertex 299.062 153.1 5.43999
    endloop
  endfacet
  facet normal 0.130533 0 -0.991444
    outer loop
      vertex 296.98 153.1 6.64207
      vertex 297.42 157.1 6.7
      vertex 297.42 153.1 6.7
    endloop
  endfacet
  facet normal 0.130533 0 -0.991444
    outer loop
      vertex 297.42 157.1 6.7
      vertex 296.98 153.1 6.64207
      vertex 296.98 157.1 6.64207
    endloop
  endfacet
  facet normal 0.608848 0 -0.793287
    outer loop
      vertex 296.218 153.1 6.20208
      vertex 296.57 157.1 6.47224
      vertex 296.57 153.1 6.47224
    endloop
  endfacet
  facet normal 0.608848 0 -0.793287
    outer loop
      vertex 296.57 157.1 6.47224
      vertex 296.218 153.1 6.20208
      vertex 296.218 157.1 6.20208
    endloop
  endfacet
  facet normal 0.793528 0 -0.608534
    outer loop
      vertex 296.218 153.1 6.20208
      vertex 295.948 157.1 5.85
      vertex 296.218 157.1 6.20208
    endloop
  endfacet
  facet normal 0.793528 0 -0.608534
    outer loop
      vertex 295.948 157.1 5.85
      vertex 296.218 153.1 6.20208
      vertex 295.948 153.1 5.85
    endloop
  endfacet
  facet normal 0.923745 0 -0.383007
    outer loop
      vertex 295.948 153.1 5.85
      vertex 295.778 157.1 5.43999
      vertex 295.948 157.1 5.85
    endloop
  endfacet
  facet normal 0.923745 0 -0.383007
    outer loop
      vertex 295.778 157.1 5.43999
      vertex 295.948 153.1 5.85
      vertex 295.778 153.1 5.43999
    endloop
  endfacet
  facet normal -0.608848 0 -0.793287
    outer loop
      vertex 298.27 153.1 6.47224
      vertex 298.622 157.1 6.20208
      vertex 298.622 153.1 6.20208
    endloop
  endfacet
  facet normal -0.608848 0 -0.793287
    outer loop
      vertex 298.622 157.1 6.20208
      vertex 298.27 153.1 6.47224
      vertex 298.27 157.1 6.47224
    endloop
  endfacet
  facet normal 0.382688 0 -0.923878
    outer loop
      vertex 296.57 153.1 6.47224
      vertex 296.98 157.1 6.64207
      vertex 296.98 153.1 6.64207
    endloop
  endfacet
  facet normal 0.382688 0 -0.923878
    outer loop
      vertex 296.98 157.1 6.64207
      vertex 296.57 153.1 6.47224
      vertex 296.57 157.1 6.47224
    endloop
  endfacet
endsolid OpenSCAD_Model
